# Run ID: 24575958829
# Commit: bec63146cf1442542940d4c2ce9f7eee8ab9845c
# Job: single-node (releases-v0.18.0, deepseek-v3-2-w8a8, linux-aarch64-a3-16, DeepSeek-V3.2-W8A8.yaml) / deepseek-v3-2-w8a8
# Date: 2026-04-17
============================================================

﻿2026-04-18T00:00:37.8429186Z Current runner version: '2.332.0'
2026-04-18T00:00:37.8436885Z Runner name: 'linux-aarch64-a3-16-fz5lm-runner-fwmzn'
2026-04-18T00:00:37.8437813Z Runner group name: 'Default'
2026-04-18T00:00:37.8438833Z Machine name: 'linux-aarch64-a3-16-fz5lm-runner-fwmzn'
2026-04-18T00:00:37.8442135Z ##[group]GITHUB_TOKEN Permissions
2026-04-18T00:00:37.8444733Z Contents: read
2026-04-18T00:00:37.8445304Z Issues: read
2026-04-18T00:00:37.8445829Z Metadata: read
2026-04-18T00:00:37.8446353Z PullRequests: read
2026-04-18T00:00:37.8446910Z ##[endgroup]
2026-04-18T00:00:37.8449158Z Secret source: Actions
2026-04-18T00:00:37.8449883Z Prepare workflow directory
2026-04-18T00:00:37.9224735Z Prepare all required actions
2026-04-18T00:00:37.9264843Z Getting action download info
2026-04-18T00:00:38.8901954Z Download action repository 'actions/checkout@v6' (SHA:de0fac2e4500dabe0009e67214ff5f5447ce83dd)
2026-04-18T00:00:43.6587724Z Download action repository 'ascend-gha-runners/artifact@v0.3' (SHA:1b30485187fb8bbbdd297375647fdecf73b9e0f9)
2026-04-18T00:00:45.0322252Z Download action repository 'actions/upload-artifact@v4' (SHA:ea165f8d65b6e75b540449e92b4886f43607fa02)
2026-04-18T00:00:55.1003863Z Uses: vllm-project/vllm-ascend/.github/workflows/_e2e_nightly_single_node.yaml@refs/heads/main (bec63146cf1442542940d4c2ce9f7eee8ab9845c)
2026-04-18T00:00:55.1008801Z ##[group] Inputs
2026-04-18T00:00:55.1009274Z   runner: linux-aarch64-a3-16
2026-04-18T00:00:55.1009857Z   image: swr.cn-southwest-2.myhuaweicloud.com/base_image/ascend-ci/vllm-ascend:nightly-ci-releases-v0.18.0-a3
2026-04-18T00:00:55.1010467Z   tests: 
2026-04-18T00:00:55.1010715Z   config_file_path: DeepSeek-V3.2-W8A8.yaml
2026-04-18T00:00:55.1011064Z   name: deepseek-v3-2-w8a8
2026-04-18T00:00:55.1011750Z   should_run: true
2026-04-18T00:00:55.1012063Z   vllm_ascend_branch: 
2026-04-18T00:00:55.1012348Z ##[endgroup]
2026-04-18T00:00:55.1012968Z Complete job name: single-node (releases-v0.18.0, deepseek-v3-2-w8a8, linux-aarch64-a3-16, DeepSeek-V3.2-W8A8.yaml) / deepseek-v3-2-w8a8
2026-04-18T00:00:55.1752070Z ##[group]Run '/home/runner/k8s/index.js'
2026-04-18T00:00:55.1755871Z shell: /home/runner/externals/node20/bin/node {0}
2026-04-18T00:00:55.1756634Z ##[endgroup]
2026-04-18T00:01:26.8322360Z (node:453) [DEP0005] DeprecationWarning: Buffer() is deprecated due to security and usability issues. Please use the Buffer.alloc(), Buffer.allocUnsafe(), or Buffer.from() methods instead.
2026-04-18T00:01:26.8323529Z (Use `node --trace-deprecation ...` to show where the warning was created)
2026-04-18T00:01:29.7748013Z ##[group]Run npu-smi info
2026-04-18T00:01:29.7748564Z [36;1mnpu-smi info[0m
2026-04-18T00:01:29.7749141Z [36;1mcat /usr/local/Ascend/ascend-toolkit/latest/"$(uname -i)"-linux/ascend_toolkit_install.info[0m
2026-04-18T00:01:29.7750034Z [36;1msed -Ei 's@(ports|archive).ubuntu.com@cache-service.nginx-pypi-cache.svc.cluster.local:8081@g' /etc/apt/sources.list[0m
2026-04-18T00:01:29.7751133Z [36;1mpip config set global.index-url http://cache-service.nginx-pypi-cache.svc.cluster.local/pypi/simple[0m
2026-04-18T00:01:29.7751971Z [36;1mpip config set global.trusted-host cache-service.nginx-pypi-cache.svc.cluster.local[0m
2026-04-18T00:01:29.7752519Z [36;1mpip install uv[0m
2026-04-18T00:01:29.7753400Z shell: bash -el {0}
2026-04-18T00:01:29.7753660Z env:
2026-04-18T00:01:29.7753897Z   HF_HUB_OFFLINE: 1
2026-04-18T00:01:29.7754126Z   VLLM_USE_MODELSCOPE: true
2026-04-18T00:01:29.7754689Z   UV_INDEX_URL: http://cache-service.nginx-pypi-cache.svc.cluster.local/pypi/simple
2026-04-18T00:01:29.7755620Z   UV_EXTRA_INDEX_URL: https://mirrors.huaweicloud.com/ascend/repos/pypi
2026-04-18T00:01:29.7756074Z   UV_INDEX_STRATEGY: unsafe-best-match
2026-04-18T00:01:29.7756389Z   UV_NO_CACHE: 1
2026-04-18T00:01:29.7756629Z   UV_SYSTEM_PYTHON: 1
2026-04-18T00:01:29.7756864Z   VLLM_ENGINE_READY_TIMEOUT_S: 1800
2026-04-18T00:01:29.7757169Z ##[endgroup]
2026-04-18T00:01:29.8103650Z ##[group]Run '/home/runner/k8s/index.js'
2026-04-18T00:01:29.8104757Z shell: /home/runner/externals/node20/bin/node {0}
2026-04-18T00:01:29.8105507Z ##[endgroup]
2026-04-18T00:01:30.2628836Z (node:811) [DEP0005] DeprecationWarning: Buffer() is deprecated due to security and usability issues. Please use the Buffer.alloc(), Buffer.allocUnsafe(), or Buffer.from() methods instead.
2026-04-18T00:01:30.2629913Z (Use `node --trace-deprecation ...` to show where the warning was created)
2026-04-18T00:01:49.9127898Z +------------------------------------------------------------------------------------------------+
2026-04-18T00:01:49.9129511Z | npu-smi 25.5.0                   Version: 25.5.0                                               |
2026-04-18T00:01:49.9130077Z +---------------------------+---------------+----------------------------------------------------+
2026-04-18T00:01:49.9130700Z | NPU   Name                | Health        | Power(W)    Temp(C)           Hugepages-Usage(page)|
2026-04-18T00:01:49.9131288Z | Chip  Phy-ID              | Bus-Id        | AICore(%)   Memory-Usage(MB)  HBM-Usage(MB)        |
2026-04-18T00:01:49.9132031Z +===========================+===============+====================================================+
2026-04-18T00:01:49.9132498Z | 0     Ascend910           | OK            | 165.0       37                0    / 0             |
2026-04-18T00:01:49.9132976Z | 0     0                   | 0000:9D:00.0  | 0           0    / 0          3193 / 65536         |
2026-04-18T00:01:49.9133481Z +------------------------------------------------------------------------------------------------+
2026-04-18T00:01:49.9134029Z | 0     Ascend910           | OK            | -           35                0    / 0             |
2026-04-18T00:01:49.9134514Z | 1     1                   | 0000:9F:00.0  | 0           0    / 0          2884 / 65536         |
2026-04-18T00:01:49.9134941Z +===========================+===============+====================================================+
2026-04-18T00:01:49.9135410Z | 1     Ascend910           | OK            | 169.2       36                0    / 0             |
2026-04-18T00:01:49.9135895Z | 0     2                   | 0000:99:00.0  | 0           0    / 0          3175 / 65536         |
2026-04-18T00:01:49.9136378Z +------------------------------------------------------------------------------------------------+
2026-04-18T00:01:49.9136884Z | 1     Ascend910           | OK            | -           37                0    / 0             |
2026-04-18T00:01:49.9137420Z | 1     3                   | 0000:9B:00.0  | 0           0    / 0          2884 / 65536         |
2026-04-18T00:01:49.9138518Z +===========================+===============+====================================================+
2026-04-18T00:01:49.9138998Z | 2     Ascend910           | OK            | 169.5       36                0    / 0             |
2026-04-18T00:01:49.9139455Z | 0     4                   | 0000:95:00.0  | 0           0    / 0          3162 / 65536         |
2026-04-18T00:01:49.9139949Z +------------------------------------------------------------------------------------------------+
2026-04-18T00:01:49.9140449Z | 2     Ascend910           | OK            | -           36                0    / 0             |
2026-04-18T00:01:49.9140909Z | 1     5                   | 0000:97:00.0  | 0           0    / 0          2896 / 65536         |
2026-04-18T00:01:49.9141349Z +===========================+===============+====================================================+
2026-04-18T00:01:49.9141827Z | 3     Ascend910           | OK            | 169.3       36                0    / 0             |
2026-04-18T00:01:49.9142298Z | 0     6                   | 0000:91:00.0  | 0           0    / 0          3176 / 65536         |
2026-04-18T00:01:49.9142782Z +------------------------------------------------------------------------------------------------+
2026-04-18T00:01:49.9143361Z | 3     Ascend910           | OK            | -           36                0    / 0             |
2026-04-18T00:01:49.9143910Z | 1     7                   | 0000:93:00.0  | 0           0    / 0          2885 / 65536         |
2026-04-18T00:01:49.9144514Z +===========================+===============+====================================================+
2026-04-18T00:01:49.9144966Z | 4     Ascend910           | OK            | 170.0       36                0    / 0             |
2026-04-18T00:01:49.9145423Z | 0     8                   | 0000:8D:00.0  | 0           0    / 0          3185 / 65536         |
2026-04-18T00:01:49.9145905Z +------------------------------------------------------------------------------------------------+
2026-04-18T00:01:49.9146533Z | 4     Ascend910           | OK            | -           37                0    / 0             |
2026-04-18T00:01:49.9147043Z | 1     9                   | 0000:8F:00.0  | 0           0    / 0          2887 / 65536         |
2026-04-18T00:01:49.9147488Z +===========================+===============+====================================================+
2026-04-18T00:01:49.9147947Z | 5     Ascend910           | OK            | 163.4       36                0    / 0             |
2026-04-18T00:01:49.9148410Z | 0     10                  | 0000:89:00.0  | 0           0    / 0          3165 / 65536         |
2026-04-18T00:01:49.9148904Z +------------------------------------------------------------------------------------------------+
2026-04-18T00:01:49.9149388Z | 5     Ascend910           | OK            | -           35                0    / 0             |
2026-04-18T00:01:49.9149850Z | 1     11                  | 0000:8B:00.0  | 0           0    / 0          2895 / 65536         |
2026-04-18T00:01:50.2148335Z +===========================+===============+====================================================+
2026-04-18T00:01:50.2149132Z | 6     Ascend910           | OK            | 171.1       36                0    / 0             |
2026-04-18T00:01:50.2149643Z | 0     12                  | 0000:85:00.0  | 0           0    / 0          3170 / 65536         |
2026-04-18T00:01:50.2150222Z +------------------------------------------------------------------------------------------------+
2026-04-18T00:01:50.2150755Z | 6     Ascend910           | OK            | -           36                0    / 0             |
2026-04-18T00:01:50.2151225Z | 1     13                  | 0000:87:00.0  | 0           0    / 0          2884 / 65536         |
2026-04-18T00:01:50.2151666Z +===========================+===============+====================================================+
2026-04-18T00:01:50.2152143Z | 7     Ascend910           | OK            | 168.5       36                0    / 0             |
2026-04-18T00:01:50.2152955Z | 0     14                  | 0000:81:00.0  | 0           0    / 0          3166 / 65536         |
2026-04-18T00:01:50.2153455Z +------------------------------------------------------------------------------------------------+
2026-04-18T00:01:50.2153947Z | 7     Ascend910           | OK            | -           37                0    / 0             |
2026-04-18T00:01:50.2154407Z | 1     15                  | 0000:83:00.0  | 0           0    / 0          2885 / 65536         |
2026-04-18T00:01:50.2154824Z +===========================+===============+====================================================+
2026-04-18T00:01:50.2155295Z +---------------------------+---------------+----------------------------------------------------+
2026-04-18T00:01:50.2155868Z | NPU     Chip              | Process id    | Process name             | Process memory(MB)      |
2026-04-18T00:01:50.2156359Z +===========================+===============+====================================================+
2026-04-18T00:01:50.2156843Z | No running processes found in NPU 0                                                            |
2026-04-18T00:01:50.2157313Z +===========================+===============+====================================================+
2026-04-18T00:01:50.2157796Z | No running processes found in NPU 1                                                            |
2026-04-18T00:01:50.2158268Z +===========================+===============+====================================================+
2026-04-18T00:01:50.2158922Z | No running processes found in NPU 2                                                            |
2026-04-18T00:01:50.2159400Z +===========================+===============+====================================================+
2026-04-18T00:01:50.2159872Z | No running processes found in NPU 3                                                            |
2026-04-18T00:01:50.2160358Z +===========================+===============+====================================================+
2026-04-18T00:01:50.2160831Z | No running processes found in NPU 4                                                            |
2026-04-18T00:01:50.2161312Z +===========================+===============+====================================================+
2026-04-18T00:01:50.2161804Z | No running processes found in NPU 5                                                            |
2026-04-18T00:01:50.2162273Z +===========================+===============+====================================================+
2026-04-18T00:01:50.2162758Z | No running processes found in NPU 6                                                            |
2026-04-18T00:01:50.2163326Z +===========================+===============+====================================================+
2026-04-18T00:01:50.2163847Z | No running processes found in NPU 7                                                            |
2026-04-18T00:01:50.2164332Z +===========================+===============+====================================================+
2026-04-18T00:01:50.2204305Z package_name=Ascend-cann-toolkit
2026-04-18T00:01:50.2204597Z version=8.5.1
2026-04-18T00:01:50.2204827Z innerversion=V100R001C25SPC002B220
2026-04-18T00:01:50.2205295Z compatible_version=[V100R001C15],[V100R001C18],[V100R001C19],[V100R001C20],[V100R001C21],[V100R001C23]
2026-04-18T00:01:50.2205755Z arch=aarch64
2026-04-18T00:01:50.2205933Z os=linux
2026-04-18T00:01:50.2206130Z path=/usr/local/Ascend/cann-8.5.1
2026-04-18T00:01:50.4972003Z Writing to /root/.config/pip/pip.conf
2026-04-18T00:01:50.7067054Z Writing to /root/.config/pip/pip.conf
2026-04-18T00:01:51.1823692Z Looking in indexes: http://cache-service.nginx-pypi-cache.svc.cluster.local/pypi/simple
2026-04-18T00:01:51.5751350Z Collecting uv
2026-04-18T00:01:51.5783940Z   Downloading http://cache-service.nginx-pypi-cache.svc.cluster.local/pypi/packages/68/55/3b517ec8297f110d6981f525cccf26f86e30883fbb9c282769cffbcdcfca/uv-0.11.7-py3-none-manylinux_2_28_aarch64.whl (23.7 MB)
2026-04-18T00:01:51.6596217Z      ━━━━━━━━━━━━━━━━━━━━━━━━━━━━━━━━━━━━━━━━ 23.7/23.7 MB 300.8 MB/s  0:00:00
2026-04-18T00:01:52.2040729Z Installing collected packages: uv
2026-04-18T00:01:52.5035788Z WARNING: Running pip as the 'root' user can result in broken permissions and conflicting behaviour with the system package manager, possibly rendering your system unusable. It is recommended to use a virtual environment instead: https://pip.pypa.io/warnings/venv. Use the --root-user-action option if you know what you are doing and want to suppress this warning.
2026-04-18T00:01:52.5037368Z Successfully installed uv-0.11.7
2026-04-18T00:01:53.1490899Z ##[group]Run echo "Installed vLLM-related Python packages:"
2026-04-18T00:01:53.1491448Z [36;1mecho "Installed vLLM-related Python packages:"[0m
2026-04-18T00:01:53.1491864Z [36;1mpip list | grep vllm || echo "No vllm packages found."[0m
2026-04-18T00:01:53.1492210Z [36;1m[0m
2026-04-18T00:01:53.1492374Z [36;1m[0m
2026-04-18T00:01:53.1492550Z [36;1mecho ""[0m
2026-04-18T00:01:53.1492770Z [36;1mecho "============================"[0m
2026-04-18T00:01:53.1493056Z [36;1mecho "vLLM Git information"[0m
2026-04-18T00:01:53.1493338Z [36;1mecho "============================"[0m
2026-04-18T00:01:53.1493594Z [36;1mcd vllm[0m
2026-04-18T00:01:53.1493812Z [36;1mif [ -d .git ]; then[0m
2026-04-18T00:01:53.1494121Z [36;1m  echo "Branch:      $(git rev-parse --abbrev-ref HEAD)"[0m
2026-04-18T00:01:53.1494516Z [36;1m  echo "Commit hash: $(git rev-parse HEAD)"[0m
2026-04-18T00:01:53.1494923Z [36;1m  echo "Author:      $(git log -1 --pretty=format:'%an <%ae>')"[0m
2026-04-18T00:01:53.1495755Z [36;1m  echo "Date:        $(git log -1 --pretty=format:'%ad' --date=iso)"[0m
2026-04-18T00:01:53.1496195Z [36;1m  echo "Message:     $(git log -1 --pretty=format:'%s')"[0m
2026-04-18T00:01:53.1496618Z [36;1m  echo "Tags:        $(git tag --points-at HEAD || echo 'None')"[0m
2026-04-18T00:01:53.1497036Z [36;1m  echo "Remote:      $(git remote -v | head -n1)"[0m
2026-04-18T00:01:53.1497343Z [36;1m  echo ""[0m
2026-04-18T00:01:53.1497539Z [36;1melse[0m
2026-04-18T00:01:53.1497754Z [36;1m  echo "No .git directory found in vllm"[0m
2026-04-18T00:01:53.1498041Z [36;1mfi[0m
2026-04-18T00:01:53.1498212Z [36;1mcd ..[0m
2026-04-18T00:01:53.1498399Z [36;1m[0m
2026-04-18T00:01:53.1498563Z [36;1mecho ""[0m
2026-04-18T00:01:53.1498775Z [36;1mecho "============================"[0m
2026-04-18T00:01:53.1499069Z [36;1mecho "vLLM-Ascend Git information"[0m
2026-04-18T00:01:53.1499370Z [36;1mecho "============================"[0m
2026-04-18T00:01:53.1499681Z [36;1mcd vllm-ascend[0m
2026-04-18T00:01:53.1499907Z [36;1mif [ -d .git ]; then[0m
2026-04-18T00:01:53.1500221Z [36;1m  echo "Branch:      $(git rev-parse --abbrev-ref HEAD)"[0m
2026-04-18T00:01:53.1500599Z [36;1m  echo "Commit hash: $(git rev-parse HEAD)"[0m
2026-04-18T00:01:53.1500996Z [36;1m  echo "Author:      $(git log -1 --pretty=format:'%an <%ae>')"[0m
2026-04-18T00:01:53.1501445Z [36;1m  echo "Date:        $(git log -1 --pretty=format:'%ad' --date=iso)"[0m
2026-04-18T00:01:53.1501884Z [36;1m  echo "Message:     $(git log -1 --pretty=format:'%s')"[0m
2026-04-18T00:01:53.1502313Z [36;1m  echo "Tags:        $(git tag --points-at HEAD || echo 'None')"[0m
2026-04-18T00:01:53.1502723Z [36;1m  echo "Remote:      $(git remote -v | head -n1)"[0m
2026-04-18T00:01:53.1503033Z [36;1m  echo ""[0m
2026-04-18T00:01:53.1503337Z [36;1m  echo "VLLM_ASCEND_VERSION=$(git rev-parse HEAD)" >> $GITHUB_ENV[0m
2026-04-18T00:01:53.1503704Z [36;1melse[0m
2026-04-18T00:01:53.1503966Z [36;1m  echo "No .git directory found in vllm-ascend"[0m
2026-04-18T00:01:53.1504267Z [36;1mfi[0m
2026-04-18T00:01:53.1504446Z [36;1mcd ..[0m
2026-04-18T00:01:53.1505031Z shell: bash -el {0}
2026-04-18T00:01:53.1505230Z env:
2026-04-18T00:01:53.1505397Z   HF_HUB_OFFLINE: 1
2026-04-18T00:01:53.1505612Z   VLLM_USE_MODELSCOPE: true
2026-04-18T00:01:53.1506049Z   UV_INDEX_URL: http://cache-service.nginx-pypi-cache.svc.cluster.local/pypi/simple
2026-04-18T00:01:53.1506627Z   UV_EXTRA_INDEX_URL: https://mirrors.huaweicloud.com/ascend/repos/pypi
2026-04-18T00:01:53.1507035Z   UV_INDEX_STRATEGY: unsafe-best-match
2026-04-18T00:01:53.1507286Z   UV_NO_CACHE: 1
2026-04-18T00:01:53.1507485Z   UV_SYSTEM_PYTHON: 1
2026-04-18T00:01:53.1507703Z   VLLM_ENGINE_READY_TIMEOUT_S: 1800
2026-04-18T00:01:53.1507957Z ##[endgroup]
2026-04-18T00:01:53.1644254Z ##[group]Run '/home/runner/k8s/index.js'
2026-04-18T00:01:53.1645247Z shell: /home/runner/externals/node20/bin/node {0}
2026-04-18T00:01:53.1645559Z ##[endgroup]
2026-04-18T00:01:53.6075456Z (node:852) [DEP0005] DeprecationWarning: Buffer() is deprecated due to security and usability issues. Please use the Buffer.alloc(), Buffer.allocUnsafe(), or Buffer.from() methods instead.
2026-04-18T00:01:53.6076455Z (Use `node --trace-deprecation ...` to show where the warning was created)
2026-04-18T00:02:05.0824344Z Installed vLLM-related Python packages:
2026-04-18T00:02:05.7640151Z ais_bench_benchmark                      3.0.20250930               /vllm-workspace/vllm-ascend/benchmark
2026-04-18T00:02:05.7640853Z vllm                                     0.18.0+empty               /vllm-workspace/vllm
2026-04-18T00:02:05.7641360Z vllm_ascend                              0.18.0rc2.dev50+g76cc2204b /vllm-workspace/vllm-ascend
2026-04-18T00:02:05.7641681Z 
2026-04-18T00:02:05.7641770Z ============================
2026-04-18T00:02:05.7641996Z vLLM Git information
2026-04-18T00:02:05.7642208Z ============================
2026-04-18T00:02:05.7897157Z Branch:      HEAD
2026-04-18T00:02:05.7920359Z Commit hash: bcf2be96120005e9aea171927f85055a6a5c0cf6
2026-04-18T00:02:05.8020417Z Author:      khluu <khluu000@gmail.com>
2026-04-18T00:02:05.8045016Z Date:        2026-03-19 15:06:38 -0700
2026-04-18T00:02:05.8067917Z Message:     [cherry-pick][Bugfix] Disable monolithic TRTLLM MoE for Renormalize routing (#37591)#37605
2026-04-18T00:02:05.8091411Z Tags:        v0.18.0
2026-04-18T00:02:05.8124984Z Remote:      origin	https://gh-proxy.test.osinfra.cn/https://github.com/vllm-project/vllm.git (fetch)
2026-04-18T00:02:05.8125476Z 
2026-04-18T00:02:05.8125489Z 
2026-04-18T00:02:05.8125570Z ============================
2026-04-18T00:02:05.8125820Z vLLM-Ascend Git information
2026-04-18T00:02:05.8126047Z ============================
2026-04-18T00:02:05.8203856Z Branch:      releases/v0.18.0
2026-04-18T00:02:05.8225548Z Commit hash: 76cc2204bdda578803b761d0740356e331658230
2026-04-18T00:02:05.8342918Z Author:      herizhen <59841270+herizhen@users.noreply.github.com>
2026-04-18T00:02:05.8366133Z Date:        2026-04-17 16:30:00 +0800
2026-04-18T00:02:05.8390110Z Message:     [Doc] Sensitive word modification (#8303)
2026-04-18T00:02:05.8748965Z Tags:        
2026-04-18T00:02:05.8784665Z Remote:      origin	https://gh-proxy.test.osinfra.cn/https://github.com/vllm-project/vllm-ascend (fetch)
2026-04-18T00:02:05.8785182Z 
2026-04-18T00:02:06.2966468Z ##[group]Run apt-get update && apt-get -y install clang-15
2026-04-18T00:02:06.2966923Z [36;1mapt-get update && apt-get -y install clang-15[0m
2026-04-18T00:02:06.2967381Z [36;1mupdate-alternatives --install /usr/bin/clang clang /usr/bin/clang-15 20[0m
2026-04-18T00:02:06.2967957Z [36;1mupdate-alternatives --install /usr/bin/clang++ clang++ /usr/bin/clang++-15 20[0m
2026-04-18T00:02:06.2968523Z shell: bash -l {0}
2026-04-18T00:02:06.2968696Z env:
2026-04-18T00:02:06.2968854Z   HF_HUB_OFFLINE: 1
2026-04-18T00:02:06.2969057Z   VLLM_USE_MODELSCOPE: true
2026-04-18T00:02:06.2969491Z   UV_INDEX_URL: http://cache-service.nginx-pypi-cache.svc.cluster.local/pypi/simple
2026-04-18T00:02:06.2970086Z   UV_EXTRA_INDEX_URL: https://mirrors.huaweicloud.com/ascend/repos/pypi
2026-04-18T00:02:06.2970491Z   UV_INDEX_STRATEGY: unsafe-best-match
2026-04-18T00:02:06.2970741Z   UV_NO_CACHE: 1
2026-04-18T00:02:06.2970939Z   UV_SYSTEM_PYTHON: 1
2026-04-18T00:02:06.2971191Z   VLLM_ENGINE_READY_TIMEOUT_S: 1800
2026-04-18T00:02:06.2971519Z   VLLM_ASCEND_VERSION: 76cc2204bdda578803b761d0740356e331658230
2026-04-18T00:02:06.2971853Z ##[endgroup]
2026-04-18T00:02:06.3064620Z ##[group]Run '/home/runner/k8s/index.js'
2026-04-18T00:02:06.3065638Z shell: /home/runner/externals/node20/bin/node {0}
2026-04-18T00:02:06.3065927Z ##[endgroup]
2026-04-18T00:02:06.7421876Z (node:897) [DEP0005] DeprecationWarning: Buffer() is deprecated due to security and usability issues. Please use the Buffer.alloc(), Buffer.allocUnsafe(), or Buffer.from() methods instead.
2026-04-18T00:02:06.7423076Z (Use `node --trace-deprecation ...` to show where the warning was created)
2026-04-18T00:02:18.3938299Z Get:1 http://cache-service.nginx-pypi-cache.svc.cluster.local:8081/ubuntu-ports jammy InRelease [270 kB]
2026-04-18T00:02:18.4043343Z Get:2 http://cache-service.nginx-pypi-cache.svc.cluster.local:8081/ubuntu-ports jammy-updates InRelease [128 kB]
2026-04-18T00:02:18.4196721Z Get:3 http://cache-service.nginx-pypi-cache.svc.cluster.local:8081/ubuntu-ports jammy-backports InRelease [127 kB]
2026-04-18T00:02:18.4342169Z Get:4 http://cache-service.nginx-pypi-cache.svc.cluster.local:8081/ubuntu-ports jammy-security InRelease [129 kB]
2026-04-18T00:02:18.5660600Z Get:5 http://cache-service.nginx-pypi-cache.svc.cluster.local:8081/ubuntu-ports jammy/restricted arm64 Packages [24.2 kB]
2026-04-18T00:02:18.5812606Z Get:6 http://cache-service.nginx-pypi-cache.svc.cluster.local:8081/ubuntu-ports jammy/multiverse arm64 Packages [224 kB]
2026-04-18T00:02:18.5827628Z Get:7 http://cache-service.nginx-pypi-cache.svc.cluster.local:8081/ubuntu-ports jammy/universe arm64 Packages [17.2 MB]
2026-04-18T00:02:18.6757729Z Get:8 http://cache-service.nginx-pypi-cache.svc.cluster.local:8081/ubuntu-ports jammy/main arm64 Packages [1758 kB]
2026-04-18T00:02:18.7125947Z Get:9 http://cache-service.nginx-pypi-cache.svc.cluster.local:8081/ubuntu-ports jammy-updates/main arm64 Packages [4057 kB]
2026-04-18T00:02:18.7344511Z Get:10 http://cache-service.nginx-pypi-cache.svc.cluster.local:8081/ubuntu-ports jammy-updates/multiverse arm64 Packages [47.7 kB]
2026-04-18T00:02:18.7346183Z Get:11 http://cache-service.nginx-pypi-cache.svc.cluster.local:8081/ubuntu-ports jammy-updates/restricted arm64 Packages [7153 kB]
2026-04-18T00:02:18.7702499Z Get:12 http://cache-service.nginx-pypi-cache.svc.cluster.local:8081/ubuntu-ports jammy-updates/universe arm64 Packages [1678 kB]
2026-04-18T00:02:18.8708804Z Get:13 http://cache-service.nginx-pypi-cache.svc.cluster.local:8081/ubuntu-ports jammy-backports/universe arm64 Packages [33.9 kB]
2026-04-18T00:02:18.8764402Z Get:14 http://cache-service.nginx-pypi-cache.svc.cluster.local:8081/ubuntu-ports jammy-backports/main arm64 Packages [83.5 kB]
2026-04-18T00:02:19.0136452Z Get:15 http://cache-service.nginx-pypi-cache.svc.cluster.local:8081/ubuntu-ports jammy-security/universe arm64 Packages [1376 kB]
2026-04-18T00:02:19.0640931Z Get:16 http://cache-service.nginx-pypi-cache.svc.cluster.local:8081/ubuntu-ports jammy-security/restricted arm64 Packages [6962 kB]
2026-04-18T00:02:19.0989462Z Get:17 http://cache-service.nginx-pypi-cache.svc.cluster.local:8081/ubuntu-ports jammy-security/main arm64 Packages [3738 kB]
2026-04-18T00:02:19.1145880Z Get:18 http://cache-service.nginx-pypi-cache.svc.cluster.local:8081/ubuntu-ports jammy-security/multiverse arm64 Packages [41.2 kB]
2026-04-18T00:02:20.2139633Z Fetched 45.0 MB in 2s (24.0 MB/s)
2026-04-18T00:02:21.1483846Z Reading package lists...
2026-04-18T00:02:22.1432732Z Reading package lists...
2026-04-18T00:02:22.3437451Z Building dependency tree...
2026-04-18T00:02:22.3445376Z Reading state information...
2026-04-18T00:02:22.5869469Z clang-15 is already the newest version (1:15.0.7-0ubuntu0.22.04.3).
2026-04-18T00:02:22.5870051Z The following packages were automatically installed and are no longer required:
2026-04-18T00:02:22.5873794Z   autoconf automake autotools-dev file javascript-common libboost-atomic-dev
2026-04-18T00:02:22.5874328Z   libboost-atomic1.74-dev libboost-atomic1.74.0 libboost-chrono-dev
2026-04-18T00:02:22.5874889Z   libboost-chrono1.74-dev libboost-chrono1.74.0 libboost-container-dev
2026-04-18T00:02:22.5875420Z   libboost-container1.74-dev libboost-container1.74.0 libboost-context-dev
2026-04-18T00:02:22.5875999Z   libboost-context1.74-dev libboost-context1.74.0 libboost-coroutine-dev
2026-04-18T00:02:22.5876566Z   libboost-coroutine1.74-dev libboost-coroutine1.74.0 libboost-date-time-dev
2026-04-18T00:02:22.5877186Z   libboost-date-time1.74-dev libboost-date-time1.74.0 libboost-dev
2026-04-18T00:02:22.5877705Z   libboost-exception-dev libboost-exception1.74-dev libboost-fiber-dev
2026-04-18T00:02:22.5878220Z   libboost-fiber1.74-dev libboost-fiber1.74.0 libboost-filesystem-dev
2026-04-18T00:02:22.5878760Z   libboost-filesystem1.74-dev libboost-filesystem1.74.0 libboost-graph-dev
2026-04-18T00:02:22.5879271Z   libboost-graph-parallel-dev libboost-graph-parallel1.74-dev
2026-04-18T00:02:22.5879788Z   libboost-graph-parallel1.74.0 libboost-graph1.74-dev libboost-graph1.74.0
2026-04-18T00:02:22.5880375Z   libboost-iostreams-dev libboost-iostreams1.74-dev libboost-iostreams1.74.0
2026-04-18T00:02:22.5880903Z   libboost-locale-dev libboost-locale1.74-dev libboost-locale1.74.0
2026-04-18T00:02:22.5881440Z   libboost-log-dev libboost-log1.74-dev libboost-log1.74.0 libboost-math-dev
2026-04-18T00:02:22.5881935Z   libboost-math1.74-dev libboost-math1.74.0 libboost-mpi1.74.0
2026-04-18T00:02:22.5882402Z   libboost-nowide-dev libboost-nowide1.74-dev libboost-nowide1.74.0
2026-04-18T00:02:22.5882883Z   libboost-numpy-dev libboost-numpy1.74-dev libboost-numpy1.74.0
2026-04-18T00:02:22.5883353Z   libboost-program-options-dev libboost-program-options1.74-dev
2026-04-18T00:02:22.5883886Z   libboost-program-options1.74.0 libboost-python-dev libboost-python1.74-dev
2026-04-18T00:02:22.5884803Z   libboost-python1.74.0 libboost-random-dev libboost-random1.74-dev
2026-04-18T00:02:22.5885283Z   libboost-random1.74.0 libboost-regex-dev libboost-regex1.74-dev
2026-04-18T00:02:22.5885703Z   libboost-regex1.74.0 libboost-serialization-dev
2026-04-18T00:02:22.5886111Z   libboost-serialization1.74-dev libboost-serialization1.74.0
2026-04-18T00:02:22.5886538Z   libboost-stacktrace-dev libboost-stacktrace1.74-dev
2026-04-18T00:02:22.5886985Z   libboost-stacktrace1.74.0 libboost-system-dev libboost-system1.74-dev
2026-04-18T00:02:22.5887475Z   libboost-system1.74.0 libboost-test-dev libboost-test1.74-dev
2026-04-18T00:02:22.5887946Z   libboost-test1.74.0 libboost-thread-dev libboost-thread1.74-dev
2026-04-18T00:02:22.5888429Z   libboost-thread1.74.0 libboost-timer-dev libboost-timer1.74-dev
2026-04-18T00:02:22.5888911Z   libboost-timer1.74.0 libboost-tools-dev libboost-type-erasure-dev
2026-04-18T00:02:22.5889457Z   libboost-type-erasure1.74-dev libboost-type-erasure1.74.0 libboost-wave-dev
2026-04-18T00:02:22.5889972Z   libboost-wave1.74-dev libboost-wave1.74.0 libboost1.74-dev
2026-04-18T00:02:22.5890443Z   libboost1.74-tools-dev libcaf-openmpi-3 libcoarrays-dev libevent-2.1-7
2026-04-18T00:02:22.5891217Z   libevent-core-2.1-7 libevent-dev libevent-extra-2.1-7 libevent-openssl-2.1-7
2026-04-18T00:02:22.5891759Z   libevent-pthreads-2.1-7 libhwloc-dev libjs-jquery libjs-jquery-ui
2026-04-18T00:02:22.5892294Z   libjs-sphinxdoc libjs-underscore libltdl-dev libltdl7 libmagic-mgc libmagic1
2026-04-18T00:02:22.5892827Z   libopenmpi3 libpmix-dev libpmix2 libsigsegv2 libtool libucx0 m4
2026-04-18T00:02:22.5896660Z   openmpi-common python3-dev python3-distutils python3-lib2to3 python3.10-dev
2026-04-18T00:02:22.5897106Z Use 'apt autoremove' to remove them.
2026-04-18T00:02:22.6193971Z 0 upgraded, 0 newly installed, 0 to remove and 18 not upgraded.
2026-04-18T00:02:23.0944053Z ##[group]Run if [[ -z "" && -z "DeepSeek-V3.2-W8A8.yaml" ]]; then
2026-04-18T00:02:23.0944593Z [36;1mif [[ -z "" && -z "DeepSeek-V3.2-W8A8.yaml" ]]; then[0m
2026-04-18T00:02:23.0945054Z [36;1m  echo "Error: Either 'tests' or 'config_file_path' must be provided."[0m
2026-04-18T00:02:23.0945452Z [36;1m  exit 1[0m
2026-04-18T00:02:23.0945633Z [36;1mfi[0m
2026-04-18T00:02:23.0945940Z shell: bash -el {0}
2026-04-18T00:02:23.0946134Z env:
2026-04-18T00:02:23.0946302Z   HF_HUB_OFFLINE: 1
2026-04-18T00:02:23.0946519Z   VLLM_USE_MODELSCOPE: true
2026-04-18T00:02:23.0946956Z   UV_INDEX_URL: http://cache-service.nginx-pypi-cache.svc.cluster.local/pypi/simple
2026-04-18T00:02:23.0947534Z   UV_EXTRA_INDEX_URL: https://mirrors.huaweicloud.com/ascend/repos/pypi
2026-04-18T00:02:23.0947983Z   UV_INDEX_STRATEGY: unsafe-best-match
2026-04-18T00:02:23.0948254Z   UV_NO_CACHE: 1
2026-04-18T00:02:23.0948448Z   UV_SYSTEM_PYTHON: 1
2026-04-18T00:02:23.0948666Z   VLLM_ENGINE_READY_TIMEOUT_S: 1800
2026-04-18T00:02:23.0949024Z   VLLM_ASCEND_VERSION: 76cc2204bdda578803b761d0740356e331658230
2026-04-18T00:02:23.0949364Z ##[endgroup]
2026-04-18T00:02:23.1053092Z ##[group]Run '/home/runner/k8s/index.js'
2026-04-18T00:02:23.1053986Z shell: /home/runner/externals/node20/bin/node {0}
2026-04-18T00:02:23.1054284Z ##[endgroup]
2026-04-18T00:02:23.5494292Z (node:954) [DEP0005] DeprecationWarning: Buffer() is deprecated due to security and usability issues. Please use the Buffer.alloc(), Buffer.allocUnsafe(), or Buffer.from() methods instead.
2026-04-18T00:02:23.5495291Z (Use `node --trace-deprecation ...` to show where the warning was created)
2026-04-18T00:02:35.6224468Z ##[group]Run export LD_LIBRARY_PATH=/usr/local/lib:$LD_LIBRARY_PATH
2026-04-18T00:02:35.6225013Z [36;1mexport LD_LIBRARY_PATH=/usr/local/lib:$LD_LIBRARY_PATH[0m
2026-04-18T00:02:35.6225503Z [36;1mecho "export LD_LIBRARY_PATH=$LD_LIBRARY_PATH:/usr/local/lib" >> ~/.bashrc[0m
2026-04-18T00:02:35.6226057Z [36;1mecho "Running YAML-driven test with config: DeepSeek-V3.2-W8A8.yaml"[0m
2026-04-18T00:02:35.6226621Z [36;1mpytest -sv tests/e2e/nightly/single_node/models/scripts/test_single_node.py[0m
2026-04-18T00:02:35.6227523Z shell: bash -el {0}
2026-04-18T00:02:35.6227788Z env:
2026-04-18T00:02:35.6228010Z   HF_HUB_OFFLINE: 1
2026-04-18T00:02:35.6228238Z   VLLM_USE_MODELSCOPE: true
2026-04-18T00:02:35.6228674Z   UV_INDEX_URL: http://cache-service.nginx-pypi-cache.svc.cluster.local/pypi/simple
2026-04-18T00:02:35.6229255Z   UV_EXTRA_INDEX_URL: https://mirrors.huaweicloud.com/ascend/repos/pypi
2026-04-18T00:02:35.6229656Z   UV_INDEX_STRATEGY: unsafe-best-match
2026-04-18T00:02:35.6229972Z   UV_NO_CACHE: 1
2026-04-18T00:02:35.6230362Z   UV_SYSTEM_PYTHON: 1
2026-04-18T00:02:35.6230593Z   VLLM_ENGINE_READY_TIMEOUT_S: 1800
2026-04-18T00:02:35.6230924Z   VLLM_ASCEND_VERSION: 76cc2204bdda578803b761d0740356e331658230
2026-04-18T00:02:35.6231283Z   VLLM_WORKER_MULTIPROC_METHOD: spawn
2026-04-18T00:02:35.6231566Z   VLLM_CI_RUNNER: linux-aarch64-a3-16
2026-04-18T00:02:35.6231846Z   CONFIG_YAML_PATH: DeepSeek-V3.2-W8A8.yaml
2026-04-18T00:02:35.6232203Z   BENCHMARK_JOB_NAME: -deepseek-v3-2-w8a8
2026-04-18T00:02:35.6232471Z ##[endgroup]
2026-04-18T00:02:35.6324644Z ##[group]Run '/home/runner/k8s/index.js'
2026-04-18T00:02:35.6325630Z shell: /home/runner/externals/node20/bin/node {0}
2026-04-18T00:02:35.6325922Z ##[endgroup]
2026-04-18T00:02:36.0825917Z (node:1021) [DEP0005] DeprecationWarning: Buffer() is deprecated due to security and usability issues. Please use the Buffer.alloc(), Buffer.allocUnsafe(), or Buffer.from() methods instead.
2026-04-18T00:02:36.0826960Z (Use `node --trace-deprecation ...` to show where the warning was created)
2026-04-18T00:02:47.9208887Z Running YAML-driven test with config: DeepSeek-V3.2-W8A8.yaml
2026-04-18T00:03:00.3059514Z INFO 04-18 00:03:00 [__init__.py:44] Available plugins for group vllm.platform_plugins:
2026-04-18T00:03:00.3060418Z INFO 04-18 00:03:00 [__init__.py:46] - ascend -> vllm_ascend:register
2026-04-18T00:03:00.3061266Z INFO 04-18 00:03:00 [__init__.py:49] All plugins in this group will be loaded. Set `VLLM_PLUGINS` to control which plugins to load.
2026-04-18T00:03:00.3518556Z INFO 04-18 00:03:00 [__init__.py:239] Platform plugin ascend is activated
2026-04-18T00:03:07.4550376Z ============================= test session starts ==============================
2026-04-18T00:03:07.4551092Z platform linux -- Python 3.11.14, pytest-8.4.2, pluggy-1.6.0 -- /usr/local/python3.11.14/bin/python3
2026-04-18T00:03:07.4551593Z cachedir: .pytest_cache
2026-04-18T00:03:07.4551850Z rootdir: /vllm-workspace/vllm-ascend
2026-04-18T00:03:07.4552203Z configfile: pyproject.toml
2026-04-18T00:03:07.4552538Z plugins: asyncio-1.3.0, mock-3.15.1, cov-7.1.0, anyio-4.13.0
2026-04-18T00:03:07.4553185Z asyncio: mode=Mode.STRICT, debug=False, asyncio_default_fixture_loop_scope=None, asyncio_default_test_loop_scope=function
2026-04-18T00:03:08.3308769Z [2026-04-18 00:03:08] [INFO] Loading config yaml: tests/e2e/nightly/single_node/models/configs/DeepSeek-V3.2-W8A8.yaml
2026-04-18T00:03:08.3376984Z collecting ... collected 1 item
2026-04-18T00:03:08.3377895Z 
2026-04-18T00:03:08.3393506Z [2026-04-18 00:03:08] [INFO] Starting server with command: vllm serve vllm-ascend/DeepSeek-V3.2-W8A8 --enable-expert-parallel --tensor-parallel-size 8 --data-parallel-size 2 --port 33435 --max-model-len 8192 --max-num-batched-tokens 8192 --max-num-seqs 8 --trust-remote-code --quantization ascend --gpu-memory-utilization 0.93 --compilation-config {"cudagraph_capture_sizes":[4, 8, 16, 20, 24, 28, 32], "cudagraph_mode":"FULL_DECODE_ONLY"} --speculative-config {"num_speculative_tokens": 3, "method":"deepseek_mtp"} --additional-config {"layer_sharding": ["q_b_proj", "o_proj"]} --reasoning-parser deepseek_v3 --tokenizer_mode deepseek_v32
2026-04-18T00:03:12.9636737Z tests/e2e/nightly/single_node/models/scripts/test_single_node.py::test_single_node[DeepSeek-V3.2-W8A8-TP8-DP2] INFO 04-18 00:03:12 [__init__.py:44] Available plugins for group vllm.platform_plugins:
2026-04-18T00:03:12.9637801Z INFO 04-18 00:03:12 [__init__.py:46] - ascend -> vllm_ascend:register
2026-04-18T00:03:12.9639219Z INFO 04-18 00:03:12 [__init__.py:49] All plugins in this group will be loaded. Set `VLLM_PLUGINS` to control which plugins to load.
2026-04-18T00:03:12.9708309Z INFO 04-18 00:03:12 [__init__.py:239] Platform plugin ascend is activated
2026-04-18T00:03:19.4493103Z 2026-04-18 00:03:19,448 - 1964 - vllmProfiler - INFO - VLLM_USE_V1 not set, auto-detected via vLLM 0.18.0+empty: default 1
2026-04-18T00:03:19.5100660Z [2026-04-18 00:03:19.509250][UC][I] Registered model loader `<class 'vllm_ascend.model_loader.netloader.netloader.ModelNetLoaderElastic'>` with load format `netloader` [1964,1964][__init__.py:110,_wrapper]
2026-04-18T00:03:19.5186026Z [2026-04-18 00:03:19.517929][UC][I] Registered model loader `<class 'vllm_ascend.model_loader.rfork.rfork_loader.RForkModelLoader'>` with load format `rfork` [1964,1964][__init__.py:110,_wrapper]
2026-04-18T00:03:19.5274146Z [2026-04-18 00:03:19.526899][UC][I] Chunked prefill is enabled with max_num_batched_tokens=2048. [1964,1964][scheduler.py:231,__post_init__]
2026-04-18T00:03:20.0879537Z [2026-04-18 00:03:20.087185][UC][I] Defaulting api_server_count to data_parallel_size (2). [1964,1964][serve.py:106,cmd]
2026-04-18T00:03:20.0883139Z [2026-04-18 00:03:20.087847][UC][I] vLLM server version 0.18.0, serving model vllm-ascend/DeepSeek-V3.2-W8A8 [1964,1964][utils.py:297,log_version_and_model]
2026-04-18T00:03:20.0928972Z [2026-04-18 00:03:20.091792][UC][I] non-default args: {'model_tag': 'vllm-ascend/DeepSeek-V3.2-W8A8', 'api_server_count': 2, 'port': 33435, 'model': 'vllm-ascend/DeepSeek-V3.2-W8A8', 'tokenizer_mode': 'deepseek_v32', 'trust_remote_code': True, 'max_model_len': 8192, 'quantization': 'ascend', 'reasoning_parser': 'deepseek_v3', 'tensor_parallel_size': 8, 'data_parallel_size': 2, 'enable_expert_parallel': True, 'gpu_memory_utilization': 0.93, 'max_num_batched_tokens': 8192, 'max_num_seqs': 8, 'speculative_config': {'num_speculative_tokens': 3, 'method': 'deepseek_mtp'}, 'compilation_config': {'mode': None, 'debug_dump_path': None, 'cache_dir': '', 'compile_cache_save_format': 'binary', 'backend': 'vllm_ascend.compilation.compiler_interface.AscendCompiler', 'custom_ops': [], 'splitting_ops': None, 'compile_mm_encoder': False, 'compile_sizes': None, 'compile_ranges_endpoints': None, 'inductor_compile_config': {'enable_auto_functionalized_v2': False, 'combo_kernels': True, 'benchmark_combo_kernel': True}, 'inductor_passes': {}, 'cudagraph_mode': <CUDAGraphMode.FULL_DECODE_ONLY: (2, 0)>, 'cudagraph_num_of_warmups': 0, 'cudagraph_capture_sizes': [4, 8, 16, 20, 24, 28, 32], 'cudagraph_copy_inputs': False, 'cudagraph_specialize_lora': True, 'use_inductor_graph_partition': None, 'pass_config': {}, 'max_cudagraph_capture_size': None, 'dynamic_shapes_config': {'type': <DynamicShapesType.BACKED: 'backed'>, 'evaluate_guards': False, 'assume_32_bit_indexing': False}, 'local_cache_dir': None, 'fast_moe_cold_start': None, 'static_all_moe_layers': []}, 'additional_config': {'layer_sharding': ['q_b_proj', 'o_proj']}} [1964,1964][utils.py:233,log_non_default_args]
2026-04-18T00:03:20.1525632Z 2026-04-18 00:03:20,151 - modelscope - WARNING - We can not confirm the cached file is for revision: master
2026-04-18T00:03:20.1573267Z [2026-04-18 00:03:20.156799][UC][I] HF_HUB_OFFLINE is True, replace model_id [vllm-ascend/DeepSeek-V3.2-W8A8] to model_path [/root/.cache/modelscope/hub/models/vllm-ascend/DeepSeek-V3___2-W8A8] [1964,1964][arg_utils.py:645,__post_init__]
2026-04-18T00:03:20.1574453Z WARNING 04-18 00:03:20 [envs.py:1717] Unknown vLLM environment variable detected: VLLM_ASCEND_VERSION
2026-04-18T00:03:20.1575666Z WARNING 04-18 00:03:20 [envs.py:1717] Unknown vLLM environment variable detected: VLLM_CI_RUNNER
2026-04-18T00:03:20.1576342Z WARNING 04-18 00:03:20 [envs.py:1717] Unknown vLLM environment variable detected: VLLM_ASCEND_ENABLE_MLAPO
2026-04-18T00:03:20.1577065Z WARNING 04-18 00:03:20 [envs.py:1717] Unknown vLLM environment variable detected: VLLM_ASCEND_ENABLE_FLASHCOMM1
2026-04-18T00:03:20.1742247Z The argument `trust_remote_code` is to be used with Auto classes. It has no effect here and is ignored.
2026-04-18T00:03:20.1743424Z You are using a model of type deepseek_v32 to instantiate a model of type deepseek_v3. This is not supported for all configurations of models and can yield errors.
2026-04-18T00:03:20.1895799Z [2026-04-18 00:03:20.189145][UC][I] Resolved architecture: DeepseekV32ForCausalLM [1964,1964][model.py:533,__post_init__]
2026-04-18T00:03:20.1896555Z [2026-04-18 00:03:20.189207][UC][I] Using max model len 8192 [1964,1964][model.py:1582,get_and_verify_max_len]
2026-04-18T00:03:20.4773095Z [2026-04-18 00:03:20.476711][UC][W] method `deepseek_mtp` is deprecated and replaced with mtp. [1964,1964][speculative.py:355,__post_init__]
2026-04-18T00:03:20.4785296Z The argument `trust_remote_code` is to be used with Auto classes. It has no effect here and is ignored.
2026-04-18T00:03:20.4791788Z You are using a model of type deepseek_v32 to instantiate a model of type deepseek_v3. This is not supported for all configurations of models and can yield errors.
2026-04-18T00:03:20.4869719Z [2026-04-18 00:03:20.486562][UC][I] Resolved architecture: DeepSeekMTPModel [1964,1964][model.py:533,__post_init__]
2026-04-18T00:03:20.4879867Z [2026-04-18 00:03:20.487553][UC][I] Using max model len 163840 [1964,1964][model.py:1582,get_and_verify_max_len]
2026-04-18T00:03:20.4880952Z [2026-04-18 00:03:20.487666][UC][W] Enabling num_speculative_tokens > 1 will run multiple times of forward on same MTP layer,which may result in lower acceptance rate [1964,1964][speculative.py:499,__post_init__]
2026-04-18T00:03:20.4882142Z [2026-04-18 00:03:20.487836][UC][I] Chunked prefill is enabled with max_num_batched_tokens=8192. [1964,1964][scheduler.py:231,__post_init__]
2026-04-18T00:03:20.8044154Z [2026-04-18 00:03:20.803835][UC][I] Asynchronous scheduling is enabled. [1964,1964][vllm.py:754,__post_init__]
2026-04-18T00:03:20.8045012Z [2026-04-18 00:03:20.803873][UC][I] Disabling NCCL for DP synchronization when using async scheduling. [1964,1964][vllm.py:764,__post_init__]
2026-04-18T00:03:20.8046009Z WARNING 04-18 00:03:20 [platform.py:765] Parameter '--disable-cascade-attn' is a GPU-specific feature. Resetting to False for Ascend.
2026-04-18T00:03:20.8047029Z WARNING 04-18 00:03:20 [platform.py:813] Speculative quantization is set but Ascend automatically uses the main model's quantization method. Resetting to None.
2026-04-18T00:03:20.8048159Z WARNING 04-18 00:03:20 [platform.py:854] Ignored parameter 'disable_flashinfer_prefill'. This is a GPU-specific feature not supported on Ascend. Resetting to False.
2026-04-18T00:03:20.8048965Z INFO 04-18 00:03:20 [ascend_config.py:425] Dynamic EPLB is False
2026-04-18T00:03:20.8049429Z INFO 04-18 00:03:20 [ascend_config.py:426] The number of redundant experts is 0
2026-04-18T00:03:20.8050624Z INFO 04-18 00:03:20 [ascend_config.py:57] Linear layer sharding enabled with config: ['q_b_proj', 'o_proj']. Note: This feature works optimally with FLASHCOMM2 and DSA-CP enabled; using it without these features may result in significant performance degradation.
2026-04-18T00:03:20.8052319Z [2026-04-18 00:03:20.804469][UC][W] Batch sizes [4, 20, 28] are removed because they are not multiple of tp_size 8 when sequence parallelism is enabled [1964,1964][vllm.py:1242,update_sizes_for_sequence_parallelism]
2026-04-18T00:03:20.8053566Z INFO 04-18 00:03:20 [platform.py:393] FULL_DECODE_ONLY compilation enabled on NPU. use_inductor not supported - using only ACL Graph mode
2026-04-18T00:03:20.8054588Z WARNING 04-18 00:03:20 [platform.py:410] [91m
2026-04-18T00:03:20.8055563Z WARNING 04-18 00:03:20 [platform.py:410]             **********************************************************************************
2026-04-18T00:03:20.8056226Z WARNING 04-18 00:03:20 [platform.py:410]             * WARNING: You have enabled the *full graph* feature.
2026-04-18T00:03:20.8056946Z WARNING 04-18 00:03:20 [platform.py:410]             * This is an early experimental stage and may involve various unknown issues.
2026-04-18T00:03:20.8057746Z WARNING 04-18 00:03:20 [platform.py:410]             * A known problem is that capturing too many batch sizes can lead to OOM
2026-04-18T00:03:20.8058664Z WARNING 04-18 00:03:20 [platform.py:410]             * (Out of Memory) errors or inference hangs. If you encounter such issues,
2026-04-18T00:03:20.8059466Z WARNING 04-18 00:03:20 [platform.py:410]             * consider reducing `gpu_memory_utilization` or manually specifying a smaller
2026-04-18T00:03:20.8060139Z WARNING 04-18 00:03:20 [platform.py:410]             * batch size for graph capture.
2026-04-18T00:03:20.8060663Z WARNING 04-18 00:03:20 [platform.py:410]             * For more details, please refer to:
2026-04-18T00:03:20.8061446Z WARNING 04-18 00:03:20 [platform.py:410]             * https://docs.vllm.ai/en/stable/configuration/conserving_memory.html#reduce-cuda-graphs
2026-04-18T00:03:20.8062596Z WARNING 04-18 00:03:20 [platform.py:410]             **********************************************************************************[0m
2026-04-18T00:03:20.8063104Z WARNING 04-18 00:03:20 [platform.py:410]             
2026-04-18T00:03:20.8063619Z INFO 04-18 00:03:20 [utils.py:1186] Block size is set to 128 if prefix cache or chunked prefill is enabled.
2026-04-18T00:03:20.8064243Z INFO 04-18 00:03:20 [platform.py:518] Set PYTORCH_NPU_ALLOC_CONF=expandable_segments:True
2026-04-18T00:03:20.8064959Z [2026-04-18 00:03:20.804888][UC][I] Enabled custom fusions: norm_quant, act_quant [1964,1964][compilation.py:289,log_enabled_passes]
2026-04-18T00:03:20.8079723Z [2026-04-18 00:03:20.807583][UC][I] Started DP Coordinator process (PID: 1979) [1964,1964][utils.py:889,launch_core_engines]
2026-04-18T00:03:25.5990360Z INFO 04-18 00:03:25 [__init__.py:44] Available plugins for group vllm.platform_plugins:
2026-04-18T00:03:25.5990950Z INFO 04-18 00:03:25 [__init__.py:46] - ascend -> vllm_ascend:register
2026-04-18T00:03:25.5991618Z INFO 04-18 00:03:25 [__init__.py:49] All plugins in this group will be loaded. Set `VLLM_PLUGINS` to control which plugins to load.
2026-04-18T00:03:25.6064405Z INFO 04-18 00:03:25 [__init__.py:239] Platform plugin ascend is activated
2026-04-18T00:03:25.6474930Z INFO 04-18 00:03:25 [__init__.py:44] Available plugins for group vllm.platform_plugins:
2026-04-18T00:03:25.6475450Z INFO 04-18 00:03:25 [__init__.py:46] - ascend -> vllm_ascend:register
2026-04-18T00:03:25.6476098Z INFO 04-18 00:03:25 [__init__.py:49] All plugins in this group will be loaded. Set `VLLM_PLUGINS` to control which plugins to load.
2026-04-18T00:03:25.6552281Z INFO 04-18 00:03:25 [__init__.py:239] Platform plugin ascend is activated
2026-04-18T00:03:35.8610615Z INFO 04-18 00:03:35 [__init__.py:44] Available plugins for group vllm.platform_plugins:
2026-04-18T00:03:35.8611277Z INFO 04-18 00:03:35 [__init__.py:46] - ascend -> vllm_ascend:register
2026-04-18T00:03:35.8611942Z INFO 04-18 00:03:35 [__init__.py:49] All plugins in this group will be loaded. Set `VLLM_PLUGINS` to control which plugins to load.
2026-04-18T00:03:35.8683341Z INFO 04-18 00:03:35 [__init__.py:239] Platform plugin ascend is activated
2026-04-18T00:03:41.4039587Z [2026-04-18 00:03:41.403258][UC][I] Started 2 API server processes [1964,1964][utils.py:217,__init__]
2026-04-18T00:03:42.2153026Z (EngineCore_DP1 pid=2002) 2026-04-18 00:03:42,214 - 2002 - vllmProfiler - INFO - VLLM_USE_V1 not set, auto-detected via vLLM 0.18.0+empty: default 1
2026-04-18T00:03:42.2162802Z (EngineCore_DP0 pid=1982) 2026-04-18 00:03:42,215 - 1982 - vllmProfiler - INFO - VLLM_USE_V1 not set, auto-detected via vLLM 0.18.0+empty: default 1
2026-04-18T00:03:42.2194357Z [2026-04-18 00:03:42.218852][UC][I] Registered model loader `<class 'vllm_ascend.model_loader.netloader.netloader.ModelNetLoaderElastic'>` with load format `netloader` [2002,2002][__init__.py:110,_wrapper]
2026-04-18T00:03:42.2203880Z [2026-04-18 00:03:42.219919][UC][I] Registered model loader `<class 'vllm_ascend.model_loader.netloader.netloader.ModelNetLoaderElastic'>` with load format `netloader` [1982,1982][__init__.py:110,_wrapper]
2026-04-18T00:03:42.2310081Z [2026-04-18 00:03:42.230567][UC][I] Registered model loader `<class 'vllm_ascend.model_loader.rfork.rfork_loader.RForkModelLoader'>` with load format `rfork` [2002,2002][__init__.py:110,_wrapper]
2026-04-18T00:03:42.2318148Z [2026-04-18 00:03:42.231394][UC][I] Registered model loader `<class 'vllm_ascend.model_loader.rfork.rfork_loader.RForkModelLoader'>` with load format `rfork` [1982,1982][__init__.py:110,_wrapper]
2026-04-18T00:03:42.2335226Z [2026-04-18 00:03:42.232030][UC][I] Initializing a V1 LLM engine (v0.18.0) with config: model='/root/.cache/modelscope/hub/models/vllm-ascend/DeepSeek-V3___2-W8A8', speculative_config=SpeculativeConfig(method='mtp', model='/root/.cache/modelscope/hub/models/vllm-ascend/DeepSeek-V3___2-W8A8', num_spec_tokens=3), tokenizer='/root/.cache/modelscope/hub/models/vllm-ascend/DeepSeek-V3___2-W8A8', skip_tokenizer_init=False, tokenizer_mode=deepseek_v32, revision=None, tokenizer_revision=None, trust_remote_code=True, dtype=torch.bfloat16, max_seq_len=8192, download_dir=None, load_format=auto, tensor_parallel_size=8, pipeline_parallel_size=1, data_parallel_size=2, decode_context_parallel_size=1, dcp_comm_backend=ag_rs, disable_custom_all_reduce=True, quantization=ascend, enforce_eager=False, enable_return_routed_experts=False, kv_cache_dtype=bfloat16, device_config=npu, structured_outputs_config=StructuredOutputsConfig(backend='auto', disable_any_whitespace=False, disable_additional_properties=False, reasoning_parser='deepseek_v3', reasoning_parser_plugin='', enable_in_reasoning=False), observability_config=ObservabilityConfig(show_hidden_metrics_for_version=None, otlp_traces_endpoint=None, collect_detailed_traces=None, kv_cache_metrics=False, kv_cache_metrics_sample=0.01, cudagraph_metrics=False, enable_layerwise_nvtx_tracing=False, enable_mfu_metrics=False, enable_mm_processor_stats=False, enable_logging_iteration_details=False), seed=0, served_model_name=/root/.cache/modelscope/hub/models/vllm-ascend/DeepSeek-V3___2-W8A8, enable_prefix_caching=True, enable_chunked_prefill=True, pooler_config=None, compilation_config={'mode': <CompilationMode.VLLM_COMPILE: 3>, 'debug_dump_path': None, 'cache_dir': '', 'compile_cache_save_format': 'binary', 'backend': 'vllm_ascend.compilation.compiler_interface.AscendCompiler', 'custom_ops': ['all'], 'splitting_ops': [], 'compile_mm_encoder': False, 'compile_sizes': [], 'compile_ranges_endpoints': [8192], 'inductor_compile_config': {'enable_auto_functionalized_v2': False, 'combo_kernels': True, 'benchmark_combo_kernel': True}, 'inductor_passes': {}, 'cudagraph_mode': <CUDAGraphMode.FULL_DECODE_ONLY: (2, 0)>, 'cudagraph_num_of_warmups': 1, 'cudagraph_capture_sizes': [8, 16, 24, 32], 'cudagraph_copy_inputs': False, 'cudagraph_specialize_lora': True, 'use_inductor_graph_partition': False, 'pass_config': {'fuse_norm_quant': True, 'fuse_act_quant': True, 'fuse_attn_quant': False, 'enable_sp': False, 'fuse_gemm_comms': False, 'fuse_allreduce_rms': False}, 'max_cudagraph_capture_size': 32, 'dynamic_shapes_config': {'type': <DynamicShapesType.BACKED: 'backed'>, 'evaluate_guards': False, 'assume_32_bit_indexing': False}, 'local_cache_dir': None, 'fast_moe_cold_start': False, 'static_all_moe_layers': []} [1982,1982][core.py:103,__init__]
2026-04-18T00:03:46.2026397Z INFO 04-18 00:03:46 [__init__.py:44] Available plugins for group vllm.platform_plugins:
2026-04-18T00:03:46.2027149Z INFO 04-18 00:03:46 [__init__.py:46] - ascend -> vllm_ascend:register
2026-04-18T00:03:46.2027967Z INFO 04-18 00:03:46 [__init__.py:49] All plugins in this group will be loaded. Set `VLLM_PLUGINS` to control which plugins to load.
2026-04-18T00:03:46.2105697Z INFO 04-18 00:03:46 [__init__.py:239] Platform plugin ascend is activated
2026-04-18T00:03:46.4175972Z INFO 04-18 00:03:46 [__init__.py:44] Available plugins for group vllm.platform_plugins:
2026-04-18T00:03:46.4176501Z INFO 04-18 00:03:46 [__init__.py:46] - ascend -> vllm_ascend:register
2026-04-18T00:03:46.4177146Z INFO 04-18 00:03:46 [__init__.py:49] All plugins in this group will be loaded. Set `VLLM_PLUGINS` to control which plugins to load.
2026-04-18T00:03:46.4264044Z INFO 04-18 00:03:46 [__init__.py:239] Platform plugin ascend is activated
2026-04-18T00:03:47.4104801Z INFO 04-18 00:03:47 [__init__.py:44] Available plugins for group vllm.platform_plugins:
2026-04-18T00:03:47.4105366Z INFO 04-18 00:03:47 [__init__.py:46] - ascend -> vllm_ascend:register
2026-04-18T00:03:47.4106028Z INFO 04-18 00:03:47 [__init__.py:49] All plugins in this group will be loaded. Set `VLLM_PLUGINS` to control which plugins to load.
2026-04-18T00:03:47.4166145Z INFO 04-18 00:03:47 [__init__.py:239] Platform plugin ascend is activated
2026-04-18T00:03:47.4896702Z INFO 04-18 00:03:47 [__init__.py:44] Available plugins for group vllm.platform_plugins:
2026-04-18T00:03:47.4897575Z INFO 04-18 00:03:47 [__init__.py:46] - ascend -> vllm_ascend:register
2026-04-18T00:03:47.4898281Z INFO 04-18 00:03:47 [__init__.py:49] All plugins in this group will be loaded. Set `VLLM_PLUGINS` to control which plugins to load.
2026-04-18T00:03:47.4985931Z INFO 04-18 00:03:47 [__init__.py:239] Platform plugin ascend is activated
2026-04-18T00:03:52.3982500Z (ApiServer_1 pid=2016) 2026-04-18 00:03:52,397 - 2016 - vllmProfiler - INFO - VLLM_USE_V1 not set, auto-detected via vLLM 0.18.0+empty: default 1
2026-04-18T00:03:52.6969274Z [2026-04-18 00:03:52.696257][UC][I] Registered model loader `<class 'vllm_ascend.model_loader.netloader.netloader.ModelNetLoaderElastic'>` with load format `netloader` [2016,2016][__init__.py:110,_wrapper]
2026-04-18T00:03:52.6976973Z [2026-04-18 00:03:52.697205][UC][I] Registered model loader `<class 'vllm_ascend.model_loader.rfork.rfork_loader.RForkModelLoader'>` with load format `rfork` [2016,2016][__init__.py:110,_wrapper]
2026-04-18T00:03:52.7324436Z (ApiServer_1 pid=2016) 2026-04-18 00:03:52,731 - modelscope - WARNING - We can not confirm the cached file is for revision: master
2026-04-18T00:03:52.7372966Z [2026-04-18 00:03:52.736838][UC][I] HF_HUB_OFFLINE is True, replace model_id [vllm-ascend/DeepSeek-V3.2-W8A8] to model_path [/root/.cache/modelscope/hub/models/vllm-ascend/DeepSeek-V3___2-W8A8] [2016,2016][arg_utils.py:645,__post_init__]
2026-04-18T00:03:52.8227190Z (ApiServer_0 pid=2015) 2026-04-18 00:03:52,822 - 2015 - vllmProfiler - INFO - VLLM_USE_V1 not set, auto-detected via vLLM 0.18.0+empty: default 1
2026-04-18T00:03:52.9109458Z (ApiServer_1 pid=2016) WARNING 04-18 00:03:52 [envs.py:1717] Unknown vLLM environment variable detected: VLLM_ASCEND_VERSION
2026-04-18T00:03:52.9110542Z (ApiServer_1 pid=2016) WARNING 04-18 00:03:52 [envs.py:1717] Unknown vLLM environment variable detected: VLLM_CI_RUNNER
2026-04-18T00:03:52.9111427Z (ApiServer_1 pid=2016) WARNING 04-18 00:03:52 [envs.py:1717] Unknown vLLM environment variable detected: VLLM_ASCEND_ENABLE_MLAPO
2026-04-18T00:03:52.9112347Z (ApiServer_1 pid=2016) WARNING 04-18 00:03:52 [envs.py:1717] Unknown vLLM environment variable detected: VLLM_ASCEND_ENABLE_FLASHCOMM1
2026-04-18T00:03:53.0341432Z (ApiServer_1 pid=2016) The argument `trust_remote_code` is to be used with Auto classes. It has no effect here and is ignored.
2026-04-18T00:03:53.0347147Z (ApiServer_1 pid=2016) You are using a model of type deepseek_v32 to instantiate a model of type deepseek_v3. This is not supported for all configurations of models and can yield errors.
2026-04-18T00:03:53.0432606Z [2026-04-18 00:03:53.042844][UC][I] Resolved architecture: DeepseekV32ForCausalLM [2016,2016][model.py:533,__post_init__]
2026-04-18T00:03:53.0436241Z [2026-04-18 00:03:53.043234][UC][I] Using max model len 8192 [2016,2016][model.py:1582,get_and_verify_max_len]
2026-04-18T00:03:53.1417591Z [2026-04-18 00:03:53.141249][UC][W] method `deepseek_mtp` is deprecated and replaced with mtp. [2016,2016][speculative.py:355,__post_init__]
2026-04-18T00:03:53.1429720Z (ApiServer_1 pid=2016) The argument `trust_remote_code` is to be used with Auto classes. It has no effect here and is ignored.
2026-04-18T00:03:53.1440640Z (ApiServer_1 pid=2016) You are using a model of type deepseek_v32 to instantiate a model of type deepseek_v3. This is not supported for all configurations of models and can yield errors.
2026-04-18T00:03:53.1500514Z [2026-04-18 00:03:53.149641][UC][I] Resolved architecture: DeepSeekMTPModel [2016,2016][model.py:533,__post_init__]
2026-04-18T00:03:53.1503392Z [2026-04-18 00:03:53.149875][UC][I] Using max model len 163840 [2016,2016][model.py:1582,get_and_verify_max_len]
2026-04-18T00:03:53.1504524Z [2026-04-18 00:03:53.149958][UC][W] Enabling num_speculative_tokens > 1 will run multiple times of forward on same MTP layer,which may result in lower acceptance rate [2016,2016][speculative.py:499,__post_init__]
2026-04-18T00:03:53.1505763Z [2026-04-18 00:03:53.150124][UC][I] Chunked prefill is enabled with max_num_batched_tokens=8192. [2016,2016][scheduler.py:231,__post_init__]
2026-04-18T00:03:53.1574939Z [2026-04-18 00:03:53.157072][UC][I] Registered model loader `<class 'vllm_ascend.model_loader.netloader.netloader.ModelNetLoaderElastic'>` with load format `netloader` [2015,2015][__init__.py:110,_wrapper]
2026-04-18T00:03:53.1583922Z [2026-04-18 00:03:53.158005][UC][I] Registered model loader `<class 'vllm_ascend.model_loader.rfork.rfork_loader.RForkModelLoader'>` with load format `rfork` [2015,2015][__init__.py:110,_wrapper]
2026-04-18T00:03:53.1717815Z (ApiServer_0 pid=2015) 2026-04-18 00:03:53,171 - modelscope - WARNING - We can not confirm the cached file is for revision: master
2026-04-18T00:03:53.1775046Z [2026-04-18 00:03:53.177074][UC][I] HF_HUB_OFFLINE is True, replace model_id [vllm-ascend/DeepSeek-V3.2-W8A8] to model_path [/root/.cache/modelscope/hub/models/vllm-ascend/DeepSeek-V3___2-W8A8] [2015,2015][arg_utils.py:645,__post_init__]
2026-04-18T00:03:53.2650748Z [2026-04-18 00:03:53.264533][UC][I] Asynchronous scheduling is enabled. [2016,2016][vllm.py:754,__post_init__]
2026-04-18T00:03:53.2651623Z [2026-04-18 00:03:53.264574][UC][I] Disabling NCCL for DP synchronization when using async scheduling. [2016,2016][vllm.py:764,__post_init__]
2026-04-18T00:03:53.2654313Z (ApiServer_1 pid=2016) WARNING 04-18 00:03:53 [platform.py:765] Parameter '--disable-cascade-attn' is a GPU-specific feature. Resetting to False for Ascend.
2026-04-18T00:03:53.2655530Z (ApiServer_1 pid=2016) WARNING 04-18 00:03:53 [platform.py:813] Speculative quantization is set but Ascend automatically uses the main model's quantization method. Resetting to None.
2026-04-18T00:03:53.2656856Z (ApiServer_1 pid=2016) WARNING 04-18 00:03:53 [platform.py:854] Ignored parameter 'disable_flashinfer_prefill'. This is a GPU-specific feature not supported on Ascend. Resetting to False.
2026-04-18T00:03:53.2657855Z (ApiServer_1 pid=2016) INFO 04-18 00:03:53 [ascend_config.py:425] Dynamic EPLB is False
2026-04-18T00:03:53.2658496Z (ApiServer_1 pid=2016) INFO 04-18 00:03:53 [ascend_config.py:426] The number of redundant experts is 0
2026-04-18T00:03:53.2659882Z (ApiServer_1 pid=2016) INFO 04-18 00:03:53 [ascend_config.py:57] Linear layer sharding enabled with config: ['q_b_proj', 'o_proj']. Note: This feature works optimally with FLASHCOMM2 and DSA-CP enabled; using it without these features may result in significant performance degradation.
2026-04-18T00:03:53.2661646Z [2026-04-18 00:03:53.265220][UC][W] Batch sizes [4, 20, 28] are removed because they are not multiple of tp_size 8 when sequence parallelism is enabled [2016,2016][vllm.py:1242,update_sizes_for_sequence_parallelism]
2026-04-18T00:03:53.2662898Z (ApiServer_1 pid=2016) INFO 04-18 00:03:53 [platform.py:393] FULL_DECODE_ONLY compilation enabled on NPU. use_inductor not supported - using only ACL Graph mode
2026-04-18T00:03:53.2663952Z (ApiServer_1 pid=2016) WARNING 04-18 00:03:53 [platform.py:410] [91m
2026-04-18T00:03:53.2664798Z (ApiServer_1 pid=2016) WARNING 04-18 00:03:53 [platform.py:410]             **********************************************************************************
2026-04-18T00:03:53.2665602Z (ApiServer_1 pid=2016) WARNING 04-18 00:03:53 [platform.py:410]             * WARNING: You have enabled the *full graph* feature.
2026-04-18T00:03:53.2666482Z (ApiServer_1 pid=2016) WARNING 04-18 00:03:53 [platform.py:410]             * This is an early experimental stage and may involve various unknown issues.
2026-04-18T00:03:53.2667555Z (ApiServer_1 pid=2016) WARNING 04-18 00:03:53 [platform.py:410]             * A known problem is that capturing too many batch sizes can lead to OOM
2026-04-18T00:03:53.2668495Z (ApiServer_1 pid=2016) WARNING 04-18 00:03:53 [platform.py:410]             * (Out of Memory) errors or inference hangs. If you encounter such issues,
2026-04-18T00:03:53.2669457Z (ApiServer_1 pid=2016) WARNING 04-18 00:03:53 [platform.py:410]             * consider reducing `gpu_memory_utilization` or manually specifying a smaller
2026-04-18T00:03:53.2670413Z (ApiServer_1 pid=2016) WARNING 04-18 00:03:53 [platform.py:410]             * batch size for graph capture.
2026-04-18T00:03:53.2671105Z (ApiServer_1 pid=2016) WARNING 04-18 00:03:53 [platform.py:410]             * For more details, please refer to:
2026-04-18T00:03:53.2672020Z (ApiServer_1 pid=2016) WARNING 04-18 00:03:53 [platform.py:410]             * https://docs.vllm.ai/en/stable/configuration/conserving_memory.html#reduce-cuda-graphs
2026-04-18T00:03:53.2673134Z (ApiServer_1 pid=2016) WARNING 04-18 00:03:53 [platform.py:410]             **********************************************************************************[0m
2026-04-18T00:03:53.2673790Z (ApiServer_1 pid=2016) WARNING 04-18 00:03:53 [platform.py:410]             
2026-04-18T00:03:53.2674444Z (ApiServer_1 pid=2016) INFO 04-18 00:03:53 [utils.py:1186] Block size is set to 128 if prefix cache or chunked prefill is enabled.
2026-04-18T00:03:53.2675246Z (ApiServer_1 pid=2016) INFO 04-18 00:03:53 [platform.py:518] Set PYTORCH_NPU_ALLOC_CONF=expandable_segments:True
2026-04-18T00:03:53.2676050Z [2026-04-18 00:03:53.265631][UC][I] Enabled custom fusions: norm_quant, act_quant [2016,2016][compilation.py:289,log_enabled_passes]
2026-04-18T00:03:53.3172878Z (ApiServer_1 pid=2016) The tokenizer class you load from this checkpoint is not the same type as the class this function is called from. It may result in unexpected tokenization. 
2026-04-18T00:03:53.3173894Z (ApiServer_1 pid=2016) The tokenizer class you load from this checkpoint is 'LlamaTokenizerFast'. 
2026-04-18T00:03:53.3174580Z (ApiServer_1 pid=2016) The class this function is called from is 'PreTrainedTokenizerFast'.
2026-04-18T00:03:53.3538728Z (ApiServer_0 pid=2015) WARNING 04-18 00:03:53 [envs.py:1717] Unknown vLLM environment variable detected: VLLM_ASCEND_VERSION
2026-04-18T00:03:53.3539580Z (ApiServer_0 pid=2015) WARNING 04-18 00:03:53 [envs.py:1717] Unknown vLLM environment variable detected: VLLM_CI_RUNNER
2026-04-18T00:03:53.3540453Z (ApiServer_0 pid=2015) WARNING 04-18 00:03:53 [envs.py:1717] Unknown vLLM environment variable detected: VLLM_ASCEND_ENABLE_MLAPO
2026-04-18T00:03:53.3541382Z (ApiServer_0 pid=2015) WARNING 04-18 00:03:53 [envs.py:1717] Unknown vLLM environment variable detected: VLLM_ASCEND_ENABLE_FLASHCOMM1
2026-04-18T00:03:53.3606764Z (ApiServer_0 pid=2015) The argument `trust_remote_code` is to be used with Auto classes. It has no effect here and is ignored.
2026-04-18T00:03:53.3612797Z (ApiServer_0 pid=2015) You are using a model of type deepseek_v32 to instantiate a model of type deepseek_v3. This is not supported for all configurations of models and can yield errors.
2026-04-18T00:03:53.3677940Z [2026-04-18 00:03:53.367337][UC][I] Resolved architecture: DeepseekV32ForCausalLM [2015,2015][model.py:533,__post_init__]
2026-04-18T00:03:53.3680831Z [2026-04-18 00:03:53.367672][UC][I] Using max model len 8192 [2015,2015][model.py:1582,get_and_verify_max_len]
2026-04-18T00:03:53.4663598Z [2026-04-18 00:03:53.465828][UC][W] method `deepseek_mtp` is deprecated and replaced with mtp. [2015,2015][speculative.py:355,__post_init__]
2026-04-18T00:03:53.4677774Z (ApiServer_0 pid=2015) The argument `trust_remote_code` is to be used with Auto classes. It has no effect here and is ignored.
2026-04-18T00:03:53.4683806Z (ApiServer_0 pid=2015) You are using a model of type deepseek_v32 to instantiate a model of type deepseek_v3. This is not supported for all configurations of models and can yield errors.
2026-04-18T00:03:53.4745713Z [2026-04-18 00:03:53.474232][UC][I] Resolved architecture: DeepSeekMTPModel [2015,2015][model.py:533,__post_init__]
2026-04-18T00:03:53.4748170Z [2026-04-18 00:03:53.474519][UC][I] Using max model len 163840 [2015,2015][model.py:1582,get_and_verify_max_len]
2026-04-18T00:03:53.4749319Z [2026-04-18 00:03:53.474607][UC][W] Enabling num_speculative_tokens > 1 will run multiple times of forward on same MTP layer,which may result in lower acceptance rate [2015,2015][speculative.py:499,__post_init__]
2026-04-18T00:03:53.4751447Z [2026-04-18 00:03:53.474801][UC][I] Chunked prefill is enabled with max_num_batched_tokens=8192. [2015,2015][scheduler.py:231,__post_init__]
2026-04-18T00:03:53.5916706Z [2026-04-18 00:03:53.591210][UC][I] Asynchronous scheduling is enabled. [2015,2015][vllm.py:754,__post_init__]
2026-04-18T00:03:53.5917540Z [2026-04-18 00:03:53.591253][UC][I] Disabling NCCL for DP synchronization when using async scheduling. [2015,2015][vllm.py:764,__post_init__]
2026-04-18T00:03:53.5919368Z (ApiServer_0 pid=2015) WARNING 04-18 00:03:53 [platform.py:765] Parameter '--disable-cascade-attn' is a GPU-specific feature. Resetting to False for Ascend.
2026-04-18T00:03:53.5920572Z (ApiServer_0 pid=2015) WARNING 04-18 00:03:53 [platform.py:813] Speculative quantization is set but Ascend automatically uses the main model's quantization method. Resetting to None.
2026-04-18T00:03:53.5921874Z (ApiServer_0 pid=2015) WARNING 04-18 00:03:53 [platform.py:854] Ignored parameter 'disable_flashinfer_prefill'. This is a GPU-specific feature not supported on Ascend. Resetting to False.
2026-04-18T00:03:53.5922814Z (ApiServer_0 pid=2015) INFO 04-18 00:03:53 [ascend_config.py:425] Dynamic EPLB is False
2026-04-18T00:03:53.5923425Z (ApiServer_0 pid=2015) INFO 04-18 00:03:53 [ascend_config.py:426] The number of redundant experts is 0
2026-04-18T00:03:53.5924760Z (ApiServer_0 pid=2015) INFO 04-18 00:03:53 [ascend_config.py:57] Linear layer sharding enabled with config: ['q_b_proj', 'o_proj']. Note: This feature works optimally with FLASHCOMM2 and DSA-CP enabled; using it without these features may result in significant performance degradation.
2026-04-18T00:03:53.5926517Z [2026-04-18 00:03:53.591955][UC][W] Batch sizes [4, 20, 28] are removed because they are not multiple of tp_size 8 when sequence parallelism is enabled [2015,2015][vllm.py:1242,update_sizes_for_sequence_parallelism]
2026-04-18T00:03:53.5927781Z (ApiServer_0 pid=2015) INFO 04-18 00:03:53 [platform.py:393] FULL_DECODE_ONLY compilation enabled on NPU. use_inductor not supported - using only ACL Graph mode
2026-04-18T00:03:53.5928746Z (ApiServer_0 pid=2015) WARNING 04-18 00:03:53 [platform.py:410] [91m
2026-04-18T00:03:53.5929361Z (ApiServer_0 pid=2015) WARNING 04-18 00:03:53 [platform.py:410]             **********************************************************************************
2026-04-18T00:03:53.5930156Z (ApiServer_0 pid=2015) WARNING 04-18 00:03:53 [platform.py:410]             * WARNING: You have enabled the *full graph* feature.
2026-04-18T00:03:53.5931037Z (ApiServer_0 pid=2015) WARNING 04-18 00:03:53 [platform.py:410]             * This is an early experimental stage and may involve various unknown issues.
2026-04-18T00:03:53.5931976Z (ApiServer_0 pid=2015) WARNING 04-18 00:03:53 [platform.py:410]             * A known problem is that capturing too many batch sizes can lead to OOM
2026-04-18T00:03:53.5933254Z (ApiServer_0 pid=2015) WARNING 04-18 00:03:53 [platform.py:410]             * (Out of Memory) errors or inference hangs. If you encounter such issues,
2026-04-18T00:03:53.5934236Z (ApiServer_0 pid=2015) WARNING 04-18 00:03:53 [platform.py:410]             * consider reducing `gpu_memory_utilization` or manually specifying a smaller
2026-04-18T00:03:53.5935056Z (ApiServer_0 pid=2015) WARNING 04-18 00:03:53 [platform.py:410]             * batch size for graph capture.
2026-04-18T00:03:53.5935742Z (ApiServer_0 pid=2015) WARNING 04-18 00:03:53 [platform.py:410]             * For more details, please refer to:
2026-04-18T00:03:53.5936782Z (ApiServer_0 pid=2015) WARNING 04-18 00:03:53 [platform.py:410]             * https://docs.vllm.ai/en/stable/configuration/conserving_memory.html#reduce-cuda-graphs
2026-04-18T00:03:53.5937898Z (ApiServer_0 pid=2015) WARNING 04-18 00:03:53 [platform.py:410]             **********************************************************************************[0m
2026-04-18T00:03:53.5938551Z (ApiServer_0 pid=2015) WARNING 04-18 00:03:53 [platform.py:410]             
2026-04-18T00:03:53.5939214Z (ApiServer_0 pid=2015) INFO 04-18 00:03:53 [utils.py:1186] Block size is set to 128 if prefix cache or chunked prefill is enabled.
2026-04-18T00:03:53.5940006Z (ApiServer_0 pid=2015) INFO 04-18 00:03:53 [platform.py:518] Set PYTORCH_NPU_ALLOC_CONF=expandable_segments:True
2026-04-18T00:03:53.5940804Z [2026-04-18 00:03:53.592396][UC][I] Enabled custom fusions: norm_quant, act_quant [2015,2015][compilation.py:289,log_enabled_passes]
2026-04-18T00:03:53.6265279Z (ApiServer_0 pid=2015) The tokenizer class you load from this checkpoint is not the same type as the class this function is called from. It may result in unexpected tokenization. 
2026-04-18T00:03:53.6266250Z (ApiServer_0 pid=2015) The tokenizer class you load from this checkpoint is 'LlamaTokenizerFast'. 
2026-04-18T00:03:53.6266893Z (ApiServer_0 pid=2015) The class this function is called from is 'PreTrainedTokenizerFast'.
2026-04-18T00:03:54.2627411Z 2026-04-18 00:03:54,262 - 2031 - vllmProfiler - INFO - VLLM_USE_V1 not set, auto-detected via vLLM 0.18.0+empty: default 1
2026-04-18T00:03:54.2660139Z [2026-04-18 00:03:54.265566][UC][I] Registered model loader `<class 'vllm_ascend.model_loader.netloader.netloader.ModelNetLoaderElastic'>` with load format `netloader` [2031,2031][__init__.py:110,_wrapper]
2026-04-18T00:03:54.2760142Z [2026-04-18 00:03:54.275577][UC][I] Registered model loader `<class 'vllm_ascend.model_loader.rfork.rfork_loader.RForkModelLoader'>` with load format `rfork` [2031,2031][__init__.py:110,_wrapper]
2026-04-18T00:03:54.6313302Z 2026-04-18 00:03:54,630 - 2032 - vllmProfiler - INFO - VLLM_USE_V1 not set, auto-detected via vLLM 0.18.0+empty: default 1
2026-04-18T00:03:54.6349017Z [2026-04-18 00:03:54.634419][UC][I] Registered model loader `<class 'vllm_ascend.model_loader.netloader.netloader.ModelNetLoaderElastic'>` with load format `netloader` [2032,2032][__init__.py:110,_wrapper]
2026-04-18T00:03:54.6452655Z [2026-04-18 00:03:54.644805][UC][I] Registered model loader `<class 'vllm_ascend.model_loader.rfork.rfork_loader.RForkModelLoader'>` with load format `rfork` [2032,2032][__init__.py:110,_wrapper]
2026-04-18T00:03:56.1929956Z INFO 04-18 00:03:56 [ascend_config.py:425] Dynamic EPLB is False
2026-04-18T00:03:56.1930495Z INFO 04-18 00:03:56 [ascend_config.py:426] The number of redundant experts is 0
2026-04-18T00:03:56.1931706Z INFO 04-18 00:03:56 [ascend_config.py:57] Linear layer sharding enabled with config: ['q_b_proj', 'o_proj']. Note: This feature works optimally with FLASHCOMM2 and DSA-CP enabled; using it without these features may result in significant performance degradation.
2026-04-18T00:03:56.1932908Z INFO 04-18 00:03:56 [ascend_config.py:425] Dynamic EPLB is False
2026-04-18T00:03:56.1933360Z INFO 04-18 00:03:56 [ascend_config.py:426] The number of redundant experts is 0
2026-04-18T00:03:56.1934942Z INFO 04-18 00:03:56 [ascend_config.py:57] Linear layer sharding enabled with config: ['q_b_proj', 'o_proj']. Note: This feature works optimally with FLASHCOMM2 and DSA-CP enabled; using it without these features may result in significant performance degradation.
2026-04-18T00:03:58.5810215Z INFO 04-18 00:03:58 [__init__.py:44] Available plugins for group vllm.platform_plugins:
2026-04-18T00:03:58.5810835Z INFO 04-18 00:03:58 [__init__.py:46] - ascend -> vllm_ascend:register
2026-04-18T00:03:58.5811518Z INFO 04-18 00:03:58 [__init__.py:49] All plugins in this group will be loaded. Set `VLLM_PLUGINS` to control which plugins to load.
2026-04-18T00:03:58.5886904Z INFO 04-18 00:03:58 [__init__.py:239] Platform plugin ascend is activated
2026-04-18T00:03:58.7340828Z INFO 04-18 00:03:58 [__init__.py:44] Available plugins for group vllm.platform_plugins:
2026-04-18T00:03:58.7341377Z INFO 04-18 00:03:58 [__init__.py:46] - ascend -> vllm_ascend:register
2026-04-18T00:03:58.7342046Z INFO 04-18 00:03:58 [__init__.py:49] All plugins in this group will be loaded. Set `VLLM_PLUGINS` to control which plugins to load.
2026-04-18T00:03:58.7417769Z INFO 04-18 00:03:58 [__init__.py:239] Platform plugin ascend is activated
2026-04-18T00:03:59.5288001Z [2026-04-18 00:03:59.528125][UC][I] world_size=16 rank=8 local_rank=0 distributed_init_method=tcp://127.0.0.1:37395 backend=hccl [2031,2031][parallel_state.py:1395,init_distributed_environment]
2026-04-18T00:03:59.5426220Z [2026-04-18 00:03:59.542171][UC][I] world_size=16 rank=0 local_rank=0 distributed_init_method=tcp://127.0.0.1:37395 backend=hccl [2032,2032][parallel_state.py:1395,init_distributed_environment]
2026-04-18T00:04:05.1995606Z 2026-04-18 00:04:05,198 - 2084 - vllmProfiler - INFO - VLLM_USE_V1 not set, auto-detected via vLLM 0.18.0+empty: default 1
2026-04-18T00:04:05.2043932Z [2026-04-18 00:04:05.202181][UC][I] Registered model loader `<class 'vllm_ascend.model_loader.netloader.netloader.ModelNetLoaderElastic'>` with load format `netloader` [2084,2084][__init__.py:110,_wrapper]
2026-04-18T00:04:05.2128607Z [2026-04-18 00:04:05.212428][UC][I] Registered model loader `<class 'vllm_ascend.model_loader.rfork.rfork_loader.RForkModelLoader'>` with load format `rfork` [2084,2084][__init__.py:110,_wrapper]
2026-04-18T00:04:05.4393977Z 2026-04-18 00:04:05,438 - 2080 - vllmProfiler - INFO - VLLM_USE_V1 not set, auto-detected via vLLM 0.18.0+empty: default 1
2026-04-18T00:04:05.4432223Z [2026-04-18 00:04:05.442766][UC][I] Registered model loader `<class 'vllm_ascend.model_loader.netloader.netloader.ModelNetLoaderElastic'>` with load format `netloader` [2080,2080][__init__.py:110,_wrapper]
2026-04-18T00:04:05.4538706Z [2026-04-18 00:04:05.453438][UC][I] Registered model loader `<class 'vllm_ascend.model_loader.rfork.rfork_loader.RForkModelLoader'>` with load format `rfork` [2080,2080][__init__.py:110,_wrapper]
2026-04-18T00:04:06.4286301Z INFO 04-18 00:04:06 [ascend_config.py:425] Dynamic EPLB is False
2026-04-18T00:04:06.4286837Z INFO 04-18 00:04:06 [ascend_config.py:426] The number of redundant experts is 0
2026-04-18T00:04:06.4288092Z INFO 04-18 00:04:06 [ascend_config.py:57] Linear layer sharding enabled with config: ['q_b_proj', 'o_proj']. Note: This feature works optimally with FLASHCOMM2 and DSA-CP enabled; using it without these features may result in significant performance degradation.
2026-04-18T00:04:06.8029880Z INFO 04-18 00:04:06 [ascend_config.py:425] Dynamic EPLB is False
2026-04-18T00:04:06.8030428Z INFO 04-18 00:04:06 [ascend_config.py:426] The number of redundant experts is 0
2026-04-18T00:04:06.8031621Z INFO 04-18 00:04:06 [ascend_config.py:57] Linear layer sharding enabled with config: ['q_b_proj', 'o_proj']. Note: This feature works optimally with FLASHCOMM2 and DSA-CP enabled; using it without these features may result in significant performance degradation.
2026-04-18T00:04:08.2111168Z [2026-04-18 00:04:08.210369][UC][I] world_size=16 rank=1 local_rank=1 distributed_init_method=tcp://127.0.0.1:37395 backend=hccl [2084,2084][parallel_state.py:1395,init_distributed_environment]
2026-04-18T00:04:08.6438786Z [2026-04-18 00:04:08.643271][UC][I] world_size=16 rank=9 local_rank=1 distributed_init_method=tcp://127.0.0.1:37395 backend=hccl [2080,2080][parallel_state.py:1395,init_distributed_environment]
2026-04-18T00:04:09.4537090Z INFO 04-18 00:04:09 [__init__.py:44] Available plugins for group vllm.platform_plugins:
2026-04-18T00:04:09.4537643Z INFO 04-18 00:04:09 [__init__.py:46] - ascend -> vllm_ascend:register
2026-04-18T00:04:09.4538291Z INFO 04-18 00:04:09 [__init__.py:49] All plugins in this group will be loaded. Set `VLLM_PLUGINS` to control which plugins to load.
2026-04-18T00:04:09.4611038Z INFO 04-18 00:04:09 [__init__.py:239] Platform plugin ascend is activated
2026-04-18T00:04:09.7542368Z INFO 04-18 00:04:09 [__init__.py:44] Available plugins for group vllm.platform_plugins:
2026-04-18T00:04:09.7542875Z INFO 04-18 00:04:09 [__init__.py:46] - ascend -> vllm_ascend:register
2026-04-18T00:04:09.7543523Z INFO 04-18 00:04:09 [__init__.py:49] All plugins in this group will be loaded. Set `VLLM_PLUGINS` to control which plugins to load.
2026-04-18T00:04:09.7619515Z INFO 04-18 00:04:09 [__init__.py:239] Platform plugin ascend is activated
2026-04-18T00:04:15.8094225Z 2026-04-18 00:04:15,808 - 2175 - vllmProfiler - INFO - VLLM_USE_V1 not set, auto-detected via vLLM 0.18.0+empty: default 1
2026-04-18T00:04:15.8127926Z [2026-04-18 00:04:15.812261][UC][I] Registered model loader `<class 'vllm_ascend.model_loader.netloader.netloader.ModelNetLoaderElastic'>` with load format `netloader` [2175,2175][__init__.py:110,_wrapper]
2026-04-18T00:04:15.8232014Z [2026-04-18 00:04:15.822643][UC][I] Registered model loader `<class 'vllm_ascend.model_loader.rfork.rfork_loader.RForkModelLoader'>` with load format `rfork` [2175,2175][__init__.py:110,_wrapper]
2026-04-18T00:04:16.1969328Z 2026-04-18 00:04:16,196 - 2176 - vllmProfiler - INFO - VLLM_USE_V1 not set, auto-detected via vLLM 0.18.0+empty: default 1
2026-04-18T00:04:16.2001440Z [2026-04-18 00:04:16.199638][UC][I] Registered model loader `<class 'vllm_ascend.model_loader.netloader.netloader.ModelNetLoaderElastic'>` with load format `netloader` [2176,2176][__init__.py:110,_wrapper]
2026-04-18T00:04:16.2101178Z [2026-04-18 00:04:16.209622][UC][I] Registered model loader `<class 'vllm_ascend.model_loader.rfork.rfork_loader.RForkModelLoader'>` with load format `rfork` [2176,2176][__init__.py:110,_wrapper]
2026-04-18T00:04:17.0375422Z INFO 04-18 00:04:17 [ascend_config.py:425] Dynamic EPLB is False
2026-04-18T00:04:17.0375978Z INFO 04-18 00:04:17 [ascend_config.py:426] The number of redundant experts is 0
2026-04-18T00:04:17.0377156Z INFO 04-18 00:04:17 [ascend_config.py:57] Linear layer sharding enabled with config: ['q_b_proj', 'o_proj']. Note: This feature works optimally with FLASHCOMM2 and DSA-CP enabled; using it without these features may result in significant performance degradation.
2026-04-18T00:04:17.4471277Z INFO 04-18 00:04:17 [ascend_config.py:425] Dynamic EPLB is False
2026-04-18T00:04:17.4471768Z INFO 04-18 00:04:17 [ascend_config.py:426] The number of redundant experts is 0
2026-04-18T00:04:17.4472976Z INFO 04-18 00:04:17 [ascend_config.py:57] Linear layer sharding enabled with config: ['q_b_proj', 'o_proj']. Note: This feature works optimally with FLASHCOMM2 and DSA-CP enabled; using it without these features may result in significant performance degradation.
2026-04-18T00:04:18.7329969Z [2026-04-18 00:04:18.732090][UC][I] world_size=16 rank=2 local_rank=2 distributed_init_method=tcp://127.0.0.1:37395 backend=hccl [2175,2175][parallel_state.py:1395,init_distributed_environment]
2026-04-18T00:04:19.1927243Z [2026-04-18 00:04:19.191936][UC][I] world_size=16 rank=10 local_rank=2 distributed_init_method=tcp://127.0.0.1:37395 backend=hccl [2176,2176][parallel_state.py:1395,init_distributed_environment]
2026-04-18T00:04:20.2195882Z INFO 04-18 00:04:20 [__init__.py:44] Available plugins for group vllm.platform_plugins:
2026-04-18T00:04:20.2196491Z INFO 04-18 00:04:20 [__init__.py:46] - ascend -> vllm_ascend:register
2026-04-18T00:04:20.2197169Z INFO 04-18 00:04:20 [__init__.py:49] All plugins in this group will be loaded. Set `VLLM_PLUGINS` to control which plugins to load.
2026-04-18T00:04:20.2270853Z INFO 04-18 00:04:20 [__init__.py:239] Platform plugin ascend is activated
2026-04-18T00:04:20.4345644Z INFO 04-18 00:04:20 [__init__.py:44] Available plugins for group vllm.platform_plugins:
2026-04-18T00:04:20.4346181Z INFO 04-18 00:04:20 [__init__.py:46] - ascend -> vllm_ascend:register
2026-04-18T00:04:20.4346829Z INFO 04-18 00:04:20 [__init__.py:49] All plugins in this group will be loaded. Set `VLLM_PLUGINS` to control which plugins to load.
2026-04-18T00:04:20.4422465Z INFO 04-18 00:04:20 [__init__.py:239] Platform plugin ascend is activated
2026-04-18T00:04:26.7239502Z 2026-04-18 00:04:26,722 - 2269 - vllmProfiler - INFO - VLLM_USE_V1 not set, auto-detected via vLLM 0.18.0+empty: default 1
2026-04-18T00:04:26.7273430Z [2026-04-18 00:04:26.726771][UC][I] Registered model loader `<class 'vllm_ascend.model_loader.netloader.netloader.ModelNetLoaderElastic'>` with load format `netloader` [2269,2269][__init__.py:110,_wrapper]
2026-04-18T00:04:26.7379965Z [2026-04-18 00:04:26.737427][UC][I] Registered model loader `<class 'vllm_ascend.model_loader.rfork.rfork_loader.RForkModelLoader'>` with load format `rfork` [2269,2269][__init__.py:110,_wrapper]
2026-04-18T00:04:26.9471143Z 2026-04-18 00:04:26,946 - 2271 - vllmProfiler - INFO - VLLM_USE_V1 not set, auto-detected via vLLM 0.18.0+empty: default 1
2026-04-18T00:04:26.9506100Z [2026-04-18 00:04:26.950159][UC][I] Registered model loader `<class 'vllm_ascend.model_loader.netloader.netloader.ModelNetLoaderElastic'>` with load format `netloader` [2271,2271][__init__.py:110,_wrapper]
2026-04-18T00:04:26.9605831Z [2026-04-18 00:04:26.960182][UC][I] Registered model loader `<class 'vllm_ascend.model_loader.rfork.rfork_loader.RForkModelLoader'>` with load format `rfork` [2271,2271][__init__.py:110,_wrapper]
2026-04-18T00:04:27.9645075Z INFO 04-18 00:04:27 [ascend_config.py:425] Dynamic EPLB is False
2026-04-18T00:04:27.9645580Z INFO 04-18 00:04:27 [ascend_config.py:426] The number of redundant experts is 0
2026-04-18T00:04:27.9646808Z INFO 04-18 00:04:27 [ascend_config.py:57] Linear layer sharding enabled with config: ['q_b_proj', 'o_proj']. Note: This feature works optimally with FLASHCOMM2 and DSA-CP enabled; using it without these features may result in significant performance degradation.
2026-04-18T00:04:28.1868871Z INFO 04-18 00:04:28 [ascend_config.py:425] Dynamic EPLB is False
2026-04-18T00:04:28.1869358Z INFO 04-18 00:04:28 [ascend_config.py:426] The number of redundant experts is 0
2026-04-18T00:04:28.1870672Z INFO 04-18 00:04:28 [ascend_config.py:57] Linear layer sharding enabled with config: ['q_b_proj', 'o_proj']. Note: This feature works optimally with FLASHCOMM2 and DSA-CP enabled; using it without these features may result in significant performance degradation.
2026-04-18T00:04:29.7019714Z [2026-04-18 00:04:29.701111][UC][I] world_size=16 rank=3 local_rank=3 distributed_init_method=tcp://127.0.0.1:37395 backend=hccl [2269,2269][parallel_state.py:1395,init_distributed_environment]
2026-04-18T00:04:29.9430804Z [2026-04-18 00:04:29.942417][UC][I] world_size=16 rank=11 local_rank=3 distributed_init_method=tcp://127.0.0.1:37395 backend=hccl [2271,2271][parallel_state.py:1395,init_distributed_environment]
2026-04-18T00:04:31.2194788Z INFO 04-18 00:04:31 [__init__.py:44] Available plugins for group vllm.platform_plugins:
2026-04-18T00:04:31.2195384Z INFO 04-18 00:04:31 [__init__.py:46] - ascend -> vllm_ascend:register
2026-04-18T00:04:31.2196047Z INFO 04-18 00:04:31 [__init__.py:49] All plugins in this group will be loaded. Set `VLLM_PLUGINS` to control which plugins to load.
2026-04-18T00:04:31.2269740Z INFO 04-18 00:04:31 [__init__.py:239] Platform plugin ascend is activated
2026-04-18T00:04:31.3705490Z INFO 04-18 00:04:31 [__init__.py:44] Available plugins for group vllm.platform_plugins:
2026-04-18T00:04:31.3706009Z INFO 04-18 00:04:31 [__init__.py:46] - ascend -> vllm_ascend:register
2026-04-18T00:04:31.3706659Z INFO 04-18 00:04:31 [__init__.py:49] All plugins in this group will be loaded. Set `VLLM_PLUGINS` to control which plugins to load.
2026-04-18T00:04:31.3784951Z INFO 04-18 00:04:31 [__init__.py:239] Platform plugin ascend is activated
2026-04-18T00:04:37.7337204Z 2026-04-18 00:04:37,732 - 2363 - vllmProfiler - INFO - VLLM_USE_V1 not set, auto-detected via vLLM 0.18.0+empty: default 1
2026-04-18T00:04:37.7369762Z [2026-04-18 00:04:37.736374][UC][I] Registered model loader `<class 'vllm_ascend.model_loader.netloader.netloader.ModelNetLoaderElastic'>` with load format `netloader` [2363,2363][__init__.py:110,_wrapper]
2026-04-18T00:04:37.7471635Z [2026-04-18 00:04:37.746632][UC][I] Registered model loader `<class 'vllm_ascend.model_loader.rfork.rfork_loader.RForkModelLoader'>` with load format `rfork` [2363,2363][__init__.py:110,_wrapper]
2026-04-18T00:04:38.1260203Z 2026-04-18 00:04:38,125 - 2364 - vllmProfiler - INFO - VLLM_USE_V1 not set, auto-detected via vLLM 0.18.0+empty: default 1
2026-04-18T00:04:38.1294855Z [2026-04-18 00:04:38.129007][UC][I] Registered model loader `<class 'vllm_ascend.model_loader.netloader.netloader.ModelNetLoaderElastic'>` with load format `netloader` [2364,2364][__init__.py:110,_wrapper]
2026-04-18T00:04:38.1410161Z [2026-04-18 00:04:38.140577][UC][I] Registered model loader `<class 'vllm_ascend.model_loader.rfork.rfork_loader.RForkModelLoader'>` with load format `rfork` [2364,2364][__init__.py:110,_wrapper]
2026-04-18T00:04:39.0094517Z INFO 04-18 00:04:39 [ascend_config.py:425] Dynamic EPLB is False
2026-04-18T00:04:39.0095015Z INFO 04-18 00:04:39 [ascend_config.py:426] The number of redundant experts is 0
2026-04-18T00:04:39.0096191Z INFO 04-18 00:04:39 [ascend_config.py:57] Linear layer sharding enabled with config: ['q_b_proj', 'o_proj']. Note: This feature works optimally with FLASHCOMM2 and DSA-CP enabled; using it without these features may result in significant performance degradation.
2026-04-18T00:04:39.3604784Z INFO 04-18 00:04:39 [ascend_config.py:425] Dynamic EPLB is False
2026-04-18T00:04:39.3605260Z INFO 04-18 00:04:39 [ascend_config.py:426] The number of redundant experts is 0
2026-04-18T00:04:39.3606442Z INFO 04-18 00:04:39 [ascend_config.py:57] Linear layer sharding enabled with config: ['q_b_proj', 'o_proj']. Note: This feature works optimally with FLASHCOMM2 and DSA-CP enabled; using it without these features may result in significant performance degradation.
2026-04-18T00:04:40.7203588Z [2026-04-18 00:04:40.719644][UC][I] world_size=16 rank=4 local_rank=4 distributed_init_method=tcp://127.0.0.1:37395 backend=hccl [2363,2363][parallel_state.py:1395,init_distributed_environment]
2026-04-18T00:04:41.5397575Z [2026-04-18 00:04:41.538901][UC][I] world_size=16 rank=12 local_rank=4 distributed_init_method=tcp://127.0.0.1:37395 backend=hccl [2364,2364][parallel_state.py:1395,init_distributed_environment]
2026-04-18T00:04:42.0023804Z INFO 04-18 00:04:42 [__init__.py:44] Available plugins for group vllm.platform_plugins:
2026-04-18T00:04:42.0024372Z INFO 04-18 00:04:42 [__init__.py:46] - ascend -> vllm_ascend:register
2026-04-18T00:04:42.0025046Z INFO 04-18 00:04:42 [__init__.py:49] All plugins in this group will be loaded. Set `VLLM_PLUGINS` to control which plugins to load.
2026-04-18T00:04:42.0089746Z INFO 04-18 00:04:42 [__init__.py:239] Platform plugin ascend is activated
2026-04-18T00:04:42.4924222Z INFO 04-18 00:04:42 [__init__.py:44] Available plugins for group vllm.platform_plugins:
2026-04-18T00:04:42.4924755Z INFO 04-18 00:04:42 [__init__.py:46] - ascend -> vllm_ascend:register
2026-04-18T00:04:42.4925428Z INFO 04-18 00:04:42 [__init__.py:49] All plugins in this group will be loaded. Set `VLLM_PLUGINS` to control which plugins to load.
2026-04-18T00:04:42.4999849Z INFO 04-18 00:04:42 [__init__.py:239] Platform plugin ascend is activated
2026-04-18T00:04:48.5126974Z 2026-04-18 00:04:48,511 - 2457 - vllmProfiler - INFO - VLLM_USE_V1 not set, auto-detected via vLLM 0.18.0+empty: default 1
2026-04-18T00:04:48.5157842Z [2026-04-18 00:04:48.515289][UC][I] Registered model loader `<class 'vllm_ascend.model_loader.netloader.netloader.ModelNetLoaderElastic'>` with load format `netloader` [2457,2457][__init__.py:110,_wrapper]
2026-04-18T00:04:48.5261963Z [2026-04-18 00:04:48.525676][UC][I] Registered model loader `<class 'vllm_ascend.model_loader.rfork.rfork_loader.RForkModelLoader'>` with load format `rfork` [2457,2457][__init__.py:110,_wrapper]
2026-04-18T00:04:49.0218348Z 2026-04-18 00:04:49,021 - 2459 - vllmProfiler - INFO - VLLM_USE_V1 not set, auto-detected via vLLM 0.18.0+empty: default 1
2026-04-18T00:04:49.0252956Z [2026-04-18 00:04:49.024809][UC][I] Registered model loader `<class 'vllm_ascend.model_loader.netloader.netloader.ModelNetLoaderElastic'>` with load format `netloader` [2459,2459][__init__.py:110,_wrapper]
2026-04-18T00:04:49.0359703Z [2026-04-18 00:04:49.035501][UC][I] Registered model loader `<class 'vllm_ascend.model_loader.rfork.rfork_loader.RForkModelLoader'>` with load format `rfork` [2459,2459][__init__.py:110,_wrapper]
2026-04-18T00:04:49.7939562Z INFO 04-18 00:04:49 [ascend_config.py:425] Dynamic EPLB is False
2026-04-18T00:04:49.7940052Z INFO 04-18 00:04:49 [ascend_config.py:426] The number of redundant experts is 0
2026-04-18T00:04:49.7941244Z INFO 04-18 00:04:49 [ascend_config.py:57] Linear layer sharding enabled with config: ['q_b_proj', 'o_proj']. Note: This feature works optimally with FLASHCOMM2 and DSA-CP enabled; using it without these features may result in significant performance degradation.
2026-04-18T00:04:50.3009468Z INFO 04-18 00:04:50 [ascend_config.py:425] Dynamic EPLB is False
2026-04-18T00:04:50.3009955Z INFO 04-18 00:04:50 [ascend_config.py:426] The number of redundant experts is 0
2026-04-18T00:04:50.3011144Z INFO 04-18 00:04:50 [ascend_config.py:57] Linear layer sharding enabled with config: ['q_b_proj', 'o_proj']. Note: This feature works optimally with FLASHCOMM2 and DSA-CP enabled; using it without these features may result in significant performance degradation.
2026-04-18T00:04:51.5878675Z [2026-04-18 00:04:51.586971][UC][I] world_size=16 rank=5 local_rank=5 distributed_init_method=tcp://127.0.0.1:37395 backend=hccl [2457,2457][parallel_state.py:1395,init_distributed_environment]
2026-04-18T00:04:52.0892947Z [2026-04-18 00:04:52.088656][UC][I] world_size=16 rank=13 local_rank=5 distributed_init_method=tcp://127.0.0.1:37395 backend=hccl [2459,2459][parallel_state.py:1395,init_distributed_environment]
2026-04-18T00:04:52.8482088Z INFO 04-18 00:04:52 [__init__.py:44] Available plugins for group vllm.platform_plugins:
2026-04-18T00:04:52.8482620Z INFO 04-18 00:04:52 [__init__.py:46] - ascend -> vllm_ascend:register
2026-04-18T00:04:52.8483251Z INFO 04-18 00:04:52 [__init__.py:49] All plugins in this group will be loaded. Set `VLLM_PLUGINS` to control which plugins to load.
2026-04-18T00:04:52.8574967Z INFO 04-18 00:04:52 [__init__.py:239] Platform plugin ascend is activated
2026-04-18T00:04:53.3776223Z INFO 04-18 00:04:53 [__init__.py:44] Available plugins for group vllm.platform_plugins:
2026-04-18T00:04:53.3776748Z INFO 04-18 00:04:53 [__init__.py:46] - ascend -> vllm_ascend:register
2026-04-18T00:04:53.3777375Z INFO 04-18 00:04:53 [__init__.py:49] All plugins in this group will be loaded. Set `VLLM_PLUGINS` to control which plugins to load.
2026-04-18T00:04:53.3853652Z INFO 04-18 00:04:53 [__init__.py:239] Platform plugin ascend is activated
2026-04-18T00:04:59.4524923Z 2026-04-18 00:04:59,451 - 2550 - vllmProfiler - INFO - VLLM_USE_V1 not set, auto-detected via vLLM 0.18.0+empty: default 1
2026-04-18T00:04:59.4557982Z [2026-04-18 00:04:59.455251][UC][I] Registered model loader `<class 'vllm_ascend.model_loader.netloader.netloader.ModelNetLoaderElastic'>` with load format `netloader` [2550,2550][__init__.py:110,_wrapper]
2026-04-18T00:04:59.4662685Z [2026-04-18 00:04:59.465715][UC][I] Registered model loader `<class 'vllm_ascend.model_loader.rfork.rfork_loader.RForkModelLoader'>` with load format `rfork` [2550,2550][__init__.py:110,_wrapper]
2026-04-18T00:05:00.2149845Z 2026-04-18 00:05:00,214 - 2553 - vllmProfiler - INFO - VLLM_USE_V1 not set, auto-detected via vLLM 0.18.0+empty: default 1
2026-04-18T00:05:00.2184306Z [2026-04-18 00:05:00.217857][UC][I] Registered model loader `<class 'vllm_ascend.model_loader.netloader.netloader.ModelNetLoaderElastic'>` with load format `netloader` [2553,2553][__init__.py:110,_wrapper]
2026-04-18T00:05:00.2290700Z [2026-04-18 00:05:00.228627][UC][I] Registered model loader `<class 'vllm_ascend.model_loader.rfork.rfork_loader.RForkModelLoader'>` with load format `rfork` [2553,2553][__init__.py:110,_wrapper]
2026-04-18T00:05:00.8366545Z INFO 04-18 00:05:00 [ascend_config.py:425] Dynamic EPLB is False
2026-04-18T00:05:00.8367021Z INFO 04-18 00:05:00 [ascend_config.py:426] The number of redundant experts is 0
2026-04-18T00:05:00.8368634Z INFO 04-18 00:05:00 [ascend_config.py:57] Linear layer sharding enabled with config: ['q_b_proj', 'o_proj']. Note: This feature works optimally with FLASHCOMM2 and DSA-CP enabled; using it without these features may result in significant performance degradation.
2026-04-18T00:05:01.5028242Z INFO 04-18 00:05:01 [ascend_config.py:425] Dynamic EPLB is False
2026-04-18T00:05:01.5028751Z INFO 04-18 00:05:01 [ascend_config.py:426] The number of redundant experts is 0
2026-04-18T00:05:01.5029954Z INFO 04-18 00:05:01 [ascend_config.py:57] Linear layer sharding enabled with config: ['q_b_proj', 'o_proj']. Note: This feature works optimally with FLASHCOMM2 and DSA-CP enabled; using it without these features may result in significant performance degradation.
2026-04-18T00:05:02.6864249Z [2026-04-18 00:05:02.685729][UC][I] world_size=16 rank=6 local_rank=6 distributed_init_method=tcp://127.0.0.1:37395 backend=hccl [2550,2550][parallel_state.py:1395,init_distributed_environment]
2026-04-18T00:05:03.7451900Z [2026-04-18 00:05:03.744451][UC][I] world_size=16 rank=14 local_rank=6 distributed_init_method=tcp://127.0.0.1:37395 backend=hccl [2553,2553][parallel_state.py:1395,init_distributed_environment]
2026-04-18T00:05:06.2366155Z INFO 04-18 00:05:06 [__init__.py:44] Available plugins for group vllm.platform_plugins:
2026-04-18T00:05:06.2366738Z INFO 04-18 00:05:06 [__init__.py:46] - ascend -> vllm_ascend:register
2026-04-18T00:05:06.2367456Z INFO 04-18 00:05:06 [__init__.py:49] All plugins in this group will be loaded. Set `VLLM_PLUGINS` to control which plugins to load.
2026-04-18T00:05:06.2377765Z INFO 04-18 00:05:06 [__init__.py:44] Available plugins for group vllm.platform_plugins:
2026-04-18T00:05:06.2378278Z INFO 04-18 00:05:06 [__init__.py:46] - ascend -> vllm_ascend:register
2026-04-18T00:05:06.2378928Z INFO 04-18 00:05:06 [__init__.py:49] All plugins in this group will be loaded. Set `VLLM_PLUGINS` to control which plugins to load.
2026-04-18T00:05:06.2546622Z INFO 04-18 00:05:06 [__init__.py:239] Platform plugin ascend is activated
2026-04-18T00:05:06.2547098Z INFO 04-18 00:05:06 [__init__.py:239] Platform plugin ascend is activated
2026-04-18T00:05:16.6207809Z 2026-04-18 00:05:16,619 - 2644 - vllmProfiler - INFO - VLLM_USE_V1 not set, auto-detected via vLLM 0.18.0+empty: default 1
2026-04-18T00:05:16.6208702Z 2026-04-18 00:05:16,619 - 2648 - vllmProfiler - INFO - VLLM_USE_V1 not set, auto-detected via vLLM 0.18.0+empty: default 1
2026-04-18T00:05:16.6339674Z [2026-04-18 00:05:16.633314][UC][I] Registered model loader `<class 'vllm_ascend.model_loader.netloader.netloader.ModelNetLoaderElastic'>` with load format `netloader` [2644,2644][__init__.py:110,_wrapper]
2026-04-18T00:05:16.6341165Z [2026-04-18 00:05:16.633314][UC][I] Registered model loader `<class 'vllm_ascend.model_loader.netloader.netloader.ModelNetLoaderElastic'>` with load format `netloader` [2648,2648][__init__.py:110,_wrapper]
2026-04-18T00:05:16.6551999Z [2026-04-18 00:05:16.654728][UC][I] Registered model loader `<class 'vllm_ascend.model_loader.rfork.rfork_loader.RForkModelLoader'>` with load format `rfork` [2644,2644][__init__.py:110,_wrapper]
2026-04-18T00:05:16.6553371Z [2026-04-18 00:05:16.654728][UC][I] Registered model loader `<class 'vllm_ascend.model_loader.rfork.rfork_loader.RForkModelLoader'>` with load format `rfork` [2648,2648][__init__.py:110,_wrapper]
2026-04-18T00:05:18.5860080Z INFO 04-18 00:05:18 [ascend_config.py:425] Dynamic EPLB is False
2026-04-18T00:05:18.5860568Z INFO 04-18 00:05:18 [ascend_config.py:425] Dynamic EPLB is False
2026-04-18T00:05:18.5861709Z INFO 04-18 00:05:18 [ascend_config.py:426] The number of redundant experts is 0
2026-04-18T00:05:18.5862245Z INFO 04-18 00:05:18 [ascend_config.py:426] The number of redundant experts is 0
2026-04-18T00:05:18.5863443Z INFO 04-18 00:05:18 [ascend_config.py:57] Linear layer sharding enabled with config: ['q_b_proj', 'o_proj']. Note: This feature works optimally with FLASHCOMM2 and DSA-CP enabled; using it without these features may result in significant performance degradation.
2026-04-18T00:05:18.5865550Z INFO 04-18 00:05:18 [ascend_config.py:57] Linear layer sharding enabled with config: ['q_b_proj', 'o_proj']. Note: This feature works optimally with FLASHCOMM2 and DSA-CP enabled; using it without these features may result in significant performance degradation.
2026-04-18T00:05:20.6874988Z [2026-04-18 00:05:20.686655][UC][I] world_size=16 rank=7 local_rank=7 distributed_init_method=tcp://127.0.0.1:37395 backend=hccl [2644,2644][parallel_state.py:1395,init_distributed_environment]
2026-04-18T00:05:20.7065789Z [2026-04-18 00:05:20.706129][UC][I] world_size=16 rank=15 local_rank=7 distributed_init_method=tcp://127.0.0.1:37395 backend=hccl [2648,2648][parallel_state.py:1395,init_distributed_environment]
2026-04-18T00:05:20.7280589Z [Gloo] Rank 5 is connected to 15 peer ranks. Expected number of connected peer ranks is : 15
2026-04-18T00:05:20.7281477Z [Gloo] Rank 2 is connected to 15 peer ranks. Expected number of connected peer ranks is : 15
2026-04-18T00:05:20.7282188Z [Gloo] Rank 3 is connected to 15 peer ranks. Expected number of connected peer ranks is : 15
2026-04-18T00:05:20.7282854Z [Gloo] Rank 0 is connected to 15 peer ranks. Expected number of connected peer ranks is : 15
2026-04-18T00:05:20.7283520Z [Gloo] Rank 1 is connected to 15 peer ranks. Expected number of connected peer ranks is : 15
2026-04-18T00:05:20.7284164Z [Gloo] Rank 4 is connected to 15 peer ranks. Expected number of connected peer ranks is : 15
2026-04-18T00:05:20.7284836Z [Gloo] Rank 6 is connected to 15 peer ranks. Expected number of connected peer ranks is : 15
2026-04-18T00:05:20.7285493Z [Gloo] Rank 7 is connected to 15 peer ranks. Expected number of connected peer ranks is : 15
2026-04-18T00:05:20.7286162Z [Gloo] Rank 9 is connected to 15 peer ranks. Expected number of connected peer ranks is : 15
2026-04-18T00:05:20.7286826Z [Gloo] Rank 13 is connected to 15 peer ranks. Expected number of connected peer ranks is : 15
2026-04-18T00:05:20.7287477Z [Gloo] Rank 10 is connected to 15 peer ranks. Expected number of connected peer ranks is : 15
2026-04-18T00:05:20.7288149Z [Gloo] Rank 11 is connected to 15 peer ranks. Expected number of connected peer ranks is : 15
2026-04-18T00:05:20.7288798Z [Gloo] Rank 8 is connected to 15 peer ranks. Expected number of connected peer ranks is : 15
2026-04-18T00:05:20.7289460Z [Gloo] Rank 12 is connected to 15 peer ranks. Expected number of connected peer ranks is : 15
2026-04-18T00:05:20.7290076Z [Gloo] Rank 15 is connected to 15 peer ranks. Expected number of connected peer ranks is : 15
2026-04-18T00:05:20.7290693Z [Gloo] Rank 14 is connected to 15 peer ranks. Expected number of connected peer ranks is : 15
2026-04-18T00:05:20.8135132Z [Gloo] Rank 0 is connected to 7 peer ranks. Expected number of connected peer ranks is : 7
2026-04-18T00:05:20.8135788Z [Gloo] Rank 1 is connected to 7 peer ranks. Expected number of connected peer ranks is : 7
2026-04-18T00:05:20.8136422Z [Gloo] Rank 2 is connected to 7 peer ranks. Expected number of connected peer ranks is : 7
2026-04-18T00:05:20.8137089Z [Gloo] Rank 3 is connected to 7 peer ranks. Expected number of connected peer ranks is : 7
2026-04-18T00:05:20.8137723Z [Gloo] Rank 4 is connected to 7 peer ranks. Expected number of connected peer ranks is : 7
2026-04-18T00:05:20.8138364Z [Gloo] Rank 5 is connected to 7 peer ranks. Expected number of connected peer ranks is : 7
2026-04-18T00:05:20.8138999Z [Gloo] Rank 7 is connected to 7 peer ranks. Expected number of connected peer ranks is : 7
2026-04-18T00:05:20.8140091Z [Gloo] Rank 6 is connected to 7 peer ranks. Expected number of connected peer ranks is : 7
2026-04-18T00:05:20.8174660Z [Gloo] Rank 7 is connected to 7 peer ranks. Expected number of connected peer ranks is : 7
2026-04-18T00:05:20.8175289Z [Gloo] Rank 0 is connected to 7 peer ranks. Expected number of connected peer ranks is : 7
2026-04-18T00:05:20.8177096Z [Gloo] Rank 1 is connected to 7 peer ranks. Expected number of connected peer ranks is : 7
2026-04-18T00:05:20.8177741Z [Gloo] Rank 2 is connected to 7 peer ranks. Expected number of connected peer ranks is : 7
2026-04-18T00:05:20.8178656Z [Gloo] Rank 3 is connected to 7 peer ranks. Expected number of connected peer ranks is : 7
2026-04-18T00:05:20.8179295Z [Gloo] Rank 4 is connected to 7 peer ranks. Expected number of connected peer ranks is : 7
2026-04-18T00:05:20.8179931Z [Gloo] Rank 6 is connected to 7 peer ranks. Expected number of connected peer ranks is : 7
2026-04-18T00:05:20.8183325Z [Gloo] Rank 5 is connected to 7 peer ranks. Expected number of connected peer ranks is : 7
2026-04-18T00:05:20.8230359Z [Gloo] Rank 0 is connected to 0 peer ranks. Expected number of connected peer ranks is : 0
2026-04-18T00:05:20.8230988Z [Gloo] Rank 0 is connected to 0 peer ranks. Expected number of connected peer ranks is : 0
2026-04-18T00:05:20.8231628Z [Gloo] Rank 0 is connected to 0 peer ranks. Expected number of connected peer ranks is : 0
2026-04-18T00:05:20.8232267Z [Gloo] Rank 0 is connected to 0 peer ranks. Expected number of connected peer ranks is : 0
2026-04-18T00:05:20.8232902Z [Gloo] Rank 0 is connected to 0 peer ranks. Expected number of connected peer ranks is : 0
2026-04-18T00:05:20.8233549Z [Gloo] Rank 0 is connected to 0 peer ranks. Expected number of connected peer ranks is : 0
2026-04-18T00:05:20.8234180Z [Gloo] Rank 0 is connected to 0 peer ranks. Expected number of connected peer ranks is : 0
2026-04-18T00:05:20.8234805Z [Gloo] Rank 0 is connected to 0 peer ranks. Expected number of connected peer ranks is : 0
2026-04-18T00:05:20.8254810Z [Gloo] Rank 0 is connected to 0 peer ranks. Expected number of connected peer ranks is : 0
2026-04-18T00:05:20.8255450Z [Gloo] Rank 0 is connected to 0 peer ranks. Expected number of connected peer ranks is : 0
2026-04-18T00:05:20.8256092Z [Gloo] Rank 0 is connected to 0 peer ranks. Expected number of connected peer ranks is : 0
2026-04-18T00:05:20.8256727Z [Gloo] Rank 0 is connected to 0 peer ranks. Expected number of connected peer ranks is : 0
2026-04-18T00:05:20.8257371Z [Gloo] Rank 0 is connected to 0 peer ranks. Expected number of connected peer ranks is : 0
2026-04-18T00:05:20.8258016Z [Gloo] Rank 0 is connected to 0 peer ranks. Expected number of connected peer ranks is : 0
2026-04-18T00:05:20.8258605Z [Gloo] Rank 0 is connected to 0 peer ranks. Expected number of connected peer ranks is : 0
2026-04-18T00:05:20.8277862Z [Gloo] Rank 0 is connected to 0 peer ranks. Expected number of connected peer ranks is : 0
2026-04-18T00:05:20.8278489Z [Gloo] Rank 0 is connected to 0 peer ranks. Expected number of connected peer ranks is : 0
2026-04-18T00:05:20.8279134Z [Gloo] Rank 0 is connected to 0 peer ranks. Expected number of connected peer ranks is : 0
2026-04-18T00:05:20.8279782Z [Gloo] Rank 0 is connected to 0 peer ranks. Expected number of connected peer ranks is : 0
2026-04-18T00:05:20.8280412Z [Gloo] Rank 0 is connected to 0 peer ranks. Expected number of connected peer ranks is : 0
2026-04-18T00:05:20.8281022Z [Gloo] Rank 0 is connected to 0 peer ranks. Expected number of connected peer ranks is : 0
2026-04-18T00:05:20.8281610Z [Gloo] Rank 0 is connected to 0 peer ranks. Expected number of connected peer ranks is : 0
2026-04-18T00:05:20.8312800Z [Gloo] Rank 0 is connected to 0 peer ranks. Expected number of connected peer ranks is : 0
2026-04-18T00:05:20.8314458Z [Gloo] Rank 0 is connected to 0 peer ranks. Expected number of connected peer ranks is : 0
2026-04-18T00:05:20.8315240Z [Gloo] Rank 0 is connected to 0 peer ranks. Expected number of connected peer ranks is : 0
2026-04-18T00:05:20.8316435Z [Gloo] Rank 0 is connected to 0 peer ranks. Expected number of connected peer ranks is : 0
2026-04-18T00:05:20.8317156Z [Gloo] Rank 0 is connected to 0 peer ranks. Expected number of connected peer ranks is : 0
2026-04-18T00:05:20.8317768Z [Gloo] Rank 0 is connected to 0 peer ranks. Expected number of connected peer ranks is : 0
2026-04-18T00:05:20.8318384Z [Gloo] Rank 0 is connected to 0 peer ranks. Expected number of connected peer ranks is : 0
2026-04-18T00:05:20.8319078Z [Gloo] Rank 0 is connected to 0 peer ranks. Expected number of connected peer ranks is : 0
2026-04-18T00:05:20.8328837Z [Gloo] Rank 0 is connected to 0 peer ranks. Expected number of connected peer ranks is : 0
2026-04-18T00:05:20.8342393Z [Gloo] Rank 0 is connected to 0 peer ranks. Expected number of connected peer ranks is : 0
2026-04-18T00:05:20.8343558Z [Gloo] Rank 0 is connected to 0 peer ranks. Expected number of connected peer ranks is : 0
2026-04-18T00:05:20.8344179Z [Gloo] Rank 0 is connected to 0 peer ranks. Expected number of connected peer ranks is : 0
2026-04-18T00:05:20.8344817Z [Gloo] Rank 0 is connected to 0 peer ranks. Expected number of connected peer ranks is : 0
2026-04-18T00:05:20.8345476Z [Gloo] Rank 0 is connected to 0 peer ranks. Expected number of connected peer ranks is : 0
2026-04-18T00:05:20.8346100Z [Gloo] Rank 0 is connected to 0 peer ranks. Expected number of connected peer ranks is : 0
2026-04-18T00:05:20.8346749Z [Gloo] Rank 0 is connected to 0 peer ranks. Expected number of connected peer ranks is : 0
2026-04-18T00:05:20.8347412Z [Gloo] Rank 0 is connected to 0 peer ranks. Expected number of connected peer ranks is : 0
2026-04-18T00:05:20.8360666Z [Gloo] Rank 1 is connected to 1 peer ranks. Expected number of connected peer ranks is : 1
2026-04-18T00:05:20.8361282Z [Gloo] Rank 0 is connected to 1 peer ranks. Expected number of connected peer ranks is : 1
2026-04-18T00:05:20.8365128Z [Gloo] Rank 0 is connected to 0 peer ranks. Expected number of connected peer ranks is : 0
2026-04-18T00:05:20.8365932Z [Gloo] Rank 0 is connected to 0 peer ranks. Expected number of connected peer ranks is : 0
2026-04-18T00:05:20.8366526Z [Gloo] Rank 0 is connected to 0 peer ranks. Expected number of connected peer ranks is : 0
2026-04-18T00:05:20.8367229Z [Gloo] Rank 0 is connected to 0 peer ranks. Expected number of connected peer ranks is : 0
2026-04-18T00:05:20.8367860Z [Gloo] Rank 0 is connected to 0 peer ranks. Expected number of connected peer ranks is : 0
2026-04-18T00:05:20.8368463Z [Gloo] Rank 0 is connected to 0 peer ranks. Expected number of connected peer ranks is : 0
2026-04-18T00:05:20.8388206Z [Gloo] Rank 0 is connected to 1 peer ranks. Expected number of connected peer ranks is : 1
2026-04-18T00:05:20.8388814Z [Gloo] Rank 1 is connected to 1 peer ranks. Expected number of connected peer ranks is : 1
2026-04-18T00:05:20.8389477Z [Gloo] Rank 0 is connected to 1 peer ranks. Expected number of connected peer ranks is : 1
2026-04-18T00:05:20.8390378Z [Gloo] Rank 1 is connected to 1 peer ranks. Expected number of connected peer ranks is : 1
2026-04-18T00:05:20.8390989Z [Gloo] Rank 1 is connected to 1 peer ranks. Expected number of connected peer ranks is : 1
2026-04-18T00:05:20.8391613Z [Gloo] Rank 0 is connected to 1 peer ranks. Expected number of connected peer ranks is : 1
2026-04-18T00:05:20.8392248Z [Gloo] Rank 1 is connected to 1 peer ranks. Expected number of connected peer ranks is : 1
2026-04-18T00:05:20.8393009Z [Gloo] Rank 0 is connected to 1 peer ranks. Expected number of connected peer ranks is : 1
2026-04-18T00:05:20.8393642Z [Gloo] Rank 1 is connected to 1 peer ranks. Expected number of connected peer ranks is : 1
2026-04-18T00:05:20.8394293Z [Gloo] Rank 0 is connected to 1 peer ranks. Expected number of connected peer ranks is : 1
2026-04-18T00:05:20.8415612Z [Gloo] Rank 0 is connected to 0 peer ranks. Expected number of connected peer ranks is : 0
2026-04-18T00:05:20.8434819Z [Gloo] Rank 0 is connected to 1 peer ranks. Expected number of connected peer ranks is : 1
2026-04-18T00:05:20.8435770Z [Gloo] Rank 1 is connected to 1 peer ranks. Expected number of connected peer ranks is : 1
2026-04-18T00:05:20.8919082Z [Gloo] Rank 0 is connected to 0 peer ranks. Expected number of connected peer ranks is : 0
2026-04-18T00:05:20.8942130Z [Gloo] Rank 0 is connected to 0 peer ranks. Expected number of connected peer ranks is : 0
2026-04-18T00:05:20.8962645Z [Gloo] Rank 0 is connected to 1 peer ranks. Expected number of connected peer ranks is : 1
2026-04-18T00:05:20.8963303Z [Gloo] Rank 1 is connected to 1 peer ranks. Expected number of connected peer ranks is : 1
2026-04-18T00:05:20.9039088Z [Gloo] Rank 1 is connected to 15 peer ranks. Expected number of connected peer ranks is : 15
2026-04-18T00:05:20.9039864Z [Gloo] Rank 0 is connected to 15 peer ranks. Expected number of connected peer ranks is : 15
2026-04-18T00:05:20.9040526Z [Gloo] Rank 3 is connected to 15 peer ranks. Expected number of connected peer ranks is : 15
2026-04-18T00:05:20.9041168Z [Gloo] Rank 6 is connected to 15 peer ranks. Expected number of connected peer ranks is : 15
2026-04-18T00:05:20.9042216Z [2026-04-18 00:05:20.903719][UC][I] rank 1 in world size 16 is assigned as DP rank 0, PP rank 0, PCP rank 0, TP rank 1, EP rank 1, EPLB rank N/A [2084,2084][parallel_state.py:1717,initialize_model_parallel]
2026-04-18T00:05:20.9043199Z [Gloo] Rank 2 is connected to 15 peer ranks. Expected number of connected peer ranks is : 15
2026-04-18T00:05:20.9043852Z [Gloo] Rank 4 is connected to 15 peer ranks. Expected number of connected peer ranks is : 15
2026-04-18T00:05:20.9045268Z [Gloo] Rank 5 is connected to 15 peer ranks. Expected number of connected peer ranks is : 15
2026-04-18T00:05:20.9046242Z [2026-04-18 00:05:20.903852][UC][I] rank 0 in world size 16 is assigned as DP rank 0, PP rank 0, PCP rank 0, TP rank 0, EP rank 0, EPLB rank N/A [2032,2032][parallel_state.py:1717,initialize_model_parallel]
2026-04-18T00:05:20.9047281Z [Gloo] Rank 11 is connected to 15 peer ranks. Expected number of connected peer ranks is : 15
2026-04-18T00:05:20.9047991Z [Gloo] Rank 9 is connected to 15 peer ranks. Expected number of connected peer ranks is : 15
2026-04-18T00:05:20.9048951Z [2026-04-18 00:05:20.903903][UC][I] rank 6 in world size 16 is assigned as DP rank 0, PP rank 0, PCP rank 0, TP rank 6, EP rank 6, EPLB rank N/A [2550,2550][parallel_state.py:1717,initialize_model_parallel]
2026-04-18T00:05:20.9050263Z [2026-04-18 00:05:20.903958][UC][I] rank 3 in world size 16 is assigned as DP rank 0, PP rank 0, PCP rank 0, TP rank 3, EP rank 3, EPLB rank N/A [2269,2269][parallel_state.py:1717,initialize_model_parallel]
2026-04-18T00:05:20.9051336Z [Gloo] Rank 12 is connected to 15 peer ranks. Expected number of connected peer ranks is : 15
2026-04-18T00:05:20.9052311Z [2026-04-18 00:05:20.904161][UC][I] rank 2 in world size 16 is assigned as DP rank 0, PP rank 0, PCP rank 0, TP rank 2, EP rank 2, EPLB rank N/A [2175,2175][parallel_state.py:1717,initialize_model_parallel]
2026-04-18T00:05:20.9053601Z [2026-04-18 00:05:20.904187][UC][I] rank 5 in world size 16 is assigned as DP rank 0, PP rank 0, PCP rank 0, TP rank 5, EP rank 5, EPLB rank N/A [2457,2457][parallel_state.py:1717,initialize_model_parallel]
2026-04-18T00:05:20.9054925Z [2026-04-18 00:05:20.904256][UC][I] rank 9 in world size 16 is assigned as DP rank 1, PP rank 0, PCP rank 0, TP rank 1, EP rank 9, EPLB rank N/A [2080,2080][parallel_state.py:1717,initialize_model_parallel]
2026-04-18T00:05:20.9056229Z [2026-04-18 00:05:20.904277][UC][I] rank 4 in world size 16 is assigned as DP rank 0, PP rank 0, PCP rank 0, TP rank 4, EP rank 4, EPLB rank N/A [2363,2363][parallel_state.py:1717,initialize_model_parallel]
2026-04-18T00:05:20.9057203Z [Gloo] Rank 15 is connected to 15 peer ranks. Expected number of connected peer ranks is : 15
2026-04-18T00:05:20.9058234Z [2026-04-18 00:05:20.904468][UC][I] rank 12 in world size 16 is assigned as DP rank 1, PP rank 0, PCP rank 0, TP rank 4, EP rank 12, EPLB rank N/A [2364,2364][parallel_state.py:1717,initialize_model_parallel]
2026-04-18T00:05:20.9059882Z [2026-04-18 00:05:20.904479][UC][I] rank 11 in world size 16 is assigned as DP rank 1, PP rank 0, PCP rank 0, TP rank 3, EP rank 11, EPLB rank N/A [2271,2271][parallel_state.py:1717,initialize_model_parallel]
2026-04-18T00:05:20.9061186Z [2026-04-18 00:05:20.904761][UC][I] rank 15 in world size 16 is assigned as DP rank 1, PP rank 0, PCP rank 0, TP rank 7, EP rank 15, EPLB rank N/A [2648,2648][parallel_state.py:1717,initialize_model_parallel]
2026-04-18T00:05:20.9639279Z [Gloo] Rank 7 is connected to 15 peer ranks. Expected number of connected peer ranks is : 15
2026-04-18T00:05:20.9640629Z [Gloo] Rank 8 is connected to 15 peer ranks. Expected number of connected peer ranks is : 15
2026-04-18T00:05:20.9641665Z [Gloo] Rank 10 is connected to 15 peer ranks. Expected number of connected peer ranks is : 15
2026-04-18T00:05:20.9643039Z [2026-04-18 00:05:20.963747][UC][I] rank 7 in world size 16 is assigned as DP rank 0, PP rank 0, PCP rank 0, TP rank 7, EP rank 7, EPLB rank N/A [2644,2644][parallel_state.py:1717,initialize_model_parallel]
2026-04-18T00:05:20.9644083Z [Gloo] Rank 13 is connected to 15 peer ranks. Expected number of connected peer ranks is : 15
2026-04-18T00:05:20.9644737Z [Gloo] Rank 14 is connected to 15 peer ranks. Expected number of connected peer ranks is : 15
2026-04-18T00:05:20.9645726Z [2026-04-18 00:05:20.963976][UC][I] rank 8 in world size 16 is assigned as DP rank 1, PP rank 0, PCP rank 0, TP rank 0, EP rank 8, EPLB rank N/A [2031,2031][parallel_state.py:1717,initialize_model_parallel]
2026-04-18T00:05:20.9647056Z [2026-04-18 00:05:20.964085][UC][I] rank 10 in world size 16 is assigned as DP rank 1, PP rank 0, PCP rank 0, TP rank 2, EP rank 10, EPLB rank N/A [2176,2176][parallel_state.py:1717,initialize_model_parallel]
2026-04-18T00:05:20.9648368Z [2026-04-18 00:05:20.964288][UC][I] rank 14 in world size 16 is assigned as DP rank 1, PP rank 0, PCP rank 0, TP rank 6, EP rank 14, EPLB rank N/A [2553,2553][parallel_state.py:1717,initialize_model_parallel]
2026-04-18T00:05:20.9649664Z [2026-04-18 00:05:20.964349][UC][I] rank 13 in world size 16 is assigned as DP rank 1, PP rank 0, PCP rank 0, TP rank 5, EP rank 13, EPLB rank N/A [2459,2459][parallel_state.py:1717,initialize_model_parallel]
2026-04-18T00:05:21.0441128Z [Gloo] Rank 1 is connected to 15 peer ranks. Expected number of connected peer ranks is : 15
2026-04-18T00:05:21.0441780Z [Gloo] Rank 11 is connected to 15 peer ranks. Expected number of connected peer ranks is : 15
2026-04-18T00:05:21.0477614Z [Gloo] Rank 0 is connected to 15 peer ranks. Expected number of connected peer ranks is : 15
2026-04-18T00:05:21.0595423Z [Gloo] Rank 6 is connected to 15 peer ranks. Expected number of connected peer ranks is : 15
2026-04-18T00:05:21.0596072Z [Gloo] Rank 8 is connected to 15 peer ranks. Expected number of connected peer ranks is : 15
2026-04-18T00:05:21.0596710Z [Gloo] Rank 10 is connected to 15 peer ranks. Expected number of connected peer ranks is : 15
2026-04-18T00:05:21.0597364Z [Gloo] Rank 0 is connected to 1 peer ranks. Expected number of connected peer ranks is : 1
2026-04-18T00:05:21.0597972Z [Gloo] Rank 1 is connected to 1 peer ranks. Expected number of connected peer ranks is : 1
2026-04-18T00:05:21.0961462Z [Gloo] Rank 9 is connected to 15 peer ranks. Expected number of connected peer ranks is : 15
2026-04-18T00:05:21.0964170Z [Gloo] Rank 15 is connected to 15 peer ranks. Expected number of connected peer ranks is : 15
2026-04-18T00:05:21.0993716Z [Gloo] Rank 1 is connected to 1 peer ranks. Expected number of connected peer ranks is : 1
2026-04-18T00:05:21.0994349Z [Gloo] Rank 0 is connected to 1 peer ranks. Expected number of connected peer ranks is : 1
2026-04-18T00:05:21.1077006Z [Gloo] Rank 2 is connected to 15 peer ranks. Expected number of connected peer ranks is : 15
2026-04-18T00:05:21.1077815Z [Gloo] Rank 3 is connected to 15 peer ranks. Expected number of connected peer ranks is : 15
2026-04-18T00:05:21.1078558Z [Gloo] Rank 4 is connected to 15 peer ranks. Expected number of connected peer ranks is : 15
2026-04-18T00:05:21.1079211Z [Gloo] Rank 5 is connected to 15 peer ranks. Expected number of connected peer ranks is : 15
2026-04-18T00:05:21.1080154Z [Gloo] Rank 7 is connected to 15 peer ranks. Expected number of connected peer ranks is : 15
2026-04-18T00:05:21.1081489Z [Gloo] Rank 13 is connected to 15 peer ranks. Expected number of connected peer ranks is : 15
2026-04-18T00:05:21.1082176Z [Gloo] Rank 14 is connected to 15 peer ranks. Expected number of connected peer ranks is : 15
2026-04-18T00:05:21.1082807Z [Gloo] Rank 12 is connected to 15 peer ranks. Expected number of connected peer ranks is : 15
2026-04-18T00:05:21.1093669Z [Gloo] Rank 1 is connected to 1 peer ranks. Expected number of connected peer ranks is : 1
2026-04-18T00:05:21.1094290Z [Gloo] Rank 0 is connected to 1 peer ranks. Expected number of connected peer ranks is : 1
2026-04-18T00:05:21.1099178Z [Gloo] Rank 0 is connected to 1 peer ranks. Expected number of connected peer ranks is : 1
2026-04-18T00:05:21.1099910Z [Gloo] Rank 1 is connected to 1 peer ranks. Expected number of connected peer ranks is : 1
2026-04-18T00:05:21.1100543Z [Gloo] Rank 1 is connected to 1 peer ranks. Expected number of connected peer ranks is : 1
2026-04-18T00:05:21.1101170Z [Gloo] Rank 0 is connected to 1 peer ranks. Expected number of connected peer ranks is : 1
2026-04-18T00:05:21.1104980Z [Gloo] Rank 0 is connected to 1 peer ranks. Expected number of connected peer ranks is : 1
2026-04-18T00:05:21.1105595Z [Gloo] Rank 1 is connected to 1 peer ranks. Expected number of connected peer ranks is : 1
2026-04-18T00:05:21.1106237Z [Gloo] Rank 0 is connected to 1 peer ranks. Expected number of connected peer ranks is : 1
2026-04-18T00:05:21.1106864Z [Gloo] Rank 1 is connected to 1 peer ranks. Expected number of connected peer ranks is : 1
2026-04-18T00:05:21.1107511Z [Gloo] Rank 0 is connected to 1 peer ranks. Expected number of connected peer ranks is : 1
2026-04-18T00:05:21.1108151Z [Gloo] Rank 1 is connected to 1 peer ranks. Expected number of connected peer ranks is : 1
2026-04-18T00:05:24.4085745Z (Worker pid=2031) INFO 04-18 00:05:24 [cpu_binding.py:329] [cpu_bind_mode] mode=global_slice rank=0 visible_npus=[8, 9, 10, 11, 12, 13, 14, 15]
2026-04-18T00:05:24.4086809Z (Worker pid=2031) INFO 04-18 00:05:24 [cpu_binding.py:376] The CPU allocation plan is as follows:
2026-04-18T00:05:24.4087686Z (Worker pid=2031) INFO 04-18 00:05:24 [cpu_binding.py:381] NPU8: main=[162 163 164 165 166 167 168 169 170 171 172 173 174 175 176 177]  acl=[178]  release=[[179]]
2026-04-18T00:05:24.4708069Z (Worker pid=2031) INFO 04-18 00:05:24 [cpu_binding.py:403] [migrate] NPU:8 -> NUMA [4]
2026-04-18T00:05:24.7774664Z (Worker pid=2032) INFO 04-18 00:05:24 [cpu_binding.py:329] [cpu_bind_mode] mode=global_slice rank=0 visible_npus=[0, 1, 2, 3, 4, 5, 6, 7]
2026-04-18T00:05:24.7775692Z (Worker pid=2032) INFO 04-18 00:05:24 [cpu_binding.py:376] The CPU allocation plan is as follows:
2026-04-18T00:05:24.7776598Z (Worker pid=2032) INFO 04-18 00:05:24 [cpu_binding.py:381] NPU0: main=[2 3 4 5 6 7 8 9 10 11 12 13 14 15 16 17]  acl=[18]  release=[[19]]
2026-04-18T00:05:24.8254739Z (Worker pid=2032) INFO 04-18 00:05:24 [cpu_binding.py:403] [migrate] NPU:0 -> NUMA [0]
2026-04-18T00:05:24.9589029Z (Worker pid=2084) INFO 04-18 00:05:24 [cpu_binding.py:329] [cpu_bind_mode] mode=global_slice rank=1 visible_npus=[0, 1, 2, 3, 4, 5, 6, 7]
2026-04-18T00:05:24.9589960Z (Worker pid=2084) INFO 04-18 00:05:24 [cpu_binding.py:376] The CPU allocation plan is as follows:
2026-04-18T00:05:24.9590845Z (Worker pid=2084) INFO 04-18 00:05:24 [cpu_binding.py:381] NPU1: main=[22 23 24 25 26 27 28 29 30 31 32 33 34 35 36 37]  acl=[38]  release=[[39]]
2026-04-18T00:05:25.0122883Z (Worker pid=2084) INFO 04-18 00:05:25 [cpu_binding.py:403] [migrate] NPU:1 -> NUMA [0]
2026-04-18T00:05:25.1234074Z (Worker pid=2080) INFO 04-18 00:05:25 [cpu_binding.py:329] [cpu_bind_mode] mode=global_slice rank=1 visible_npus=[8, 9, 10, 11, 12, 13, 14, 15]
2026-04-18T00:05:25.1235009Z (Worker pid=2080) INFO 04-18 00:05:25 [cpu_binding.py:376] The CPU allocation plan is as follows:
2026-04-18T00:05:25.1236437Z (Worker pid=2080) INFO 04-18 00:05:25 [cpu_binding.py:381] NPU9: main=[182 183 184 185 186 187 188 189 190 191 192 193 194 195 196 197]  acl=[198]  release=[[199]]
2026-04-18T00:05:25.1844828Z (Worker pid=2080) INFO 04-18 00:05:25 [cpu_binding.py:403] [migrate] NPU:9 -> NUMA [4]
2026-04-18T00:05:25.2594708Z (Worker pid=2271) INFO 04-18 00:05:25 [cpu_binding.py:329] [cpu_bind_mode] mode=global_slice rank=3 visible_npus=[8, 9, 10, 11, 12, 13, 14, 15]
2026-04-18T00:05:25.2595612Z (Worker pid=2271) INFO 04-18 00:05:25 [cpu_binding.py:376] The CPU allocation plan is as follows:
2026-04-18T00:05:25.2597273Z (Worker pid=2271) INFO 04-18 00:05:25 [cpu_binding.py:381] NPU11: main=[222 223 224 225 226 227 228 229 230 231 232 233 234 235 236 237]  acl=[238]  release=[[239]]
2026-04-18T00:05:25.3149186Z (Worker pid=2271) INFO 04-18 00:05:25 [cpu_binding.py:403] [migrate] NPU:11 -> NUMA [5]
2026-04-18T00:05:25.6106905Z (Worker pid=2648) INFO 04-18 00:05:25 [cpu_binding.py:329] [cpu_bind_mode] mode=global_slice rank=7 visible_npus=[8, 9, 10, 11, 12, 13, 14, 15]
2026-04-18T00:05:25.6107994Z (Worker pid=2648) INFO 04-18 00:05:25 [cpu_binding.py:376] The CPU allocation plan is as follows:
2026-04-18T00:05:25.6108884Z (Worker pid=2648) INFO 04-18 00:05:25 [cpu_binding.py:381] NPU15: main=[302 303 304 305 306 307 308 309 310 311 312 313 314 315 316 317]  acl=[318]  release=[[319]]
2026-04-18T00:05:25.6614798Z (Worker pid=2648) INFO 04-18 00:05:25 [cpu_binding.py:403] [migrate] NPU:15 -> NUMA [7]
2026-04-18T00:05:25.6770645Z (Worker pid=2553) INFO 04-18 00:05:25 [cpu_binding.py:329] [cpu_bind_mode] mode=global_slice rank=6 visible_npus=[8, 9, 10, 11, 12, 13, 14, 15]
2026-04-18T00:05:25.6771621Z (Worker pid=2553) INFO 04-18 00:05:25 [cpu_binding.py:376] The CPU allocation plan is as follows:
2026-04-18T00:05:25.6772584Z (Worker pid=2553) INFO 04-18 00:05:25 [cpu_binding.py:381] NPU14: main=[282 283 284 285 286 287 288 289 290 291 292 293 294 295 296 297]  acl=[298]  release=[[299]]
2026-04-18T00:05:25.7269498Z (Worker pid=2553) INFO 04-18 00:05:25 [cpu_binding.py:403] [migrate] NPU:14 -> NUMA [7]
2026-04-18T00:05:26.0248387Z (Worker pid=2550) INFO 04-18 00:05:26 [cpu_binding.py:329] [cpu_bind_mode] mode=global_slice rank=6 visible_npus=[0, 1, 2, 3, 4, 5, 6, 7]
2026-04-18T00:05:26.0249290Z (Worker pid=2550) INFO 04-18 00:05:26 [cpu_binding.py:376] The CPU allocation plan is as follows:
2026-04-18T00:05:26.0250268Z (Worker pid=2550) INFO 04-18 00:05:26 [cpu_binding.py:381] NPU6: main=[122 123 124 125 126 127 128 129 130 131 132 133 134 135 136 137]  acl=[138]  release=[[139]]
2026-04-18T00:05:26.0685108Z (Worker pid=2550) INFO 04-18 00:05:26 [cpu_binding.py:403] [migrate] NPU:6 -> NUMA [3]
2026-04-18T00:05:26.0771841Z (Worker pid=2176) INFO 04-18 00:05:26 [cpu_binding.py:329] [cpu_bind_mode] mode=global_slice rank=2 visible_npus=[8, 9, 10, 11, 12, 13, 14, 15]
2026-04-18T00:05:26.0772712Z (Worker pid=2176) INFO 04-18 00:05:26 [cpu_binding.py:376] The CPU allocation plan is as follows:
2026-04-18T00:05:26.0773716Z (Worker pid=2176) INFO 04-18 00:05:26 [cpu_binding.py:381] NPU10: main=[202 203 204 205 206 207 208 209 210 211 212 213 214 215 216 217]  acl=[218]  release=[[219]]
2026-04-18T00:05:26.1193245Z (Worker pid=2176) INFO 04-18 00:05:26 [cpu_binding.py:403] [migrate] NPU:10 -> NUMA [5]
2026-04-18T00:05:26.1627640Z (Worker pid=2269) INFO 04-18 00:05:26 [cpu_binding.py:329] [cpu_bind_mode] mode=global_slice rank=3 visible_npus=[0, 1, 2, 3, 4, 5, 6, 7]
2026-04-18T00:05:26.1628635Z (Worker pid=2269) INFO 04-18 00:05:26 [cpu_binding.py:376] The CPU allocation plan is as follows:
2026-04-18T00:05:26.1629484Z (Worker pid=2269) INFO 04-18 00:05:26 [cpu_binding.py:381] NPU3: main=[62 63 64 65 66 67 68 69 70 71 72 73 74 75 76 77]  acl=[78]  release=[[79]]
2026-04-18T00:05:26.2115660Z (Worker pid=2269) INFO 04-18 00:05:26 [cpu_binding.py:403] [migrate] NPU:3 -> NUMA [1]
2026-04-18T00:05:26.3281207Z (Worker pid=2175) INFO 04-18 00:05:26 [cpu_binding.py:329] [cpu_bind_mode] mode=global_slice rank=2 visible_npus=[0, 1, 2, 3, 4, 5, 6, 7]
2026-04-18T00:05:26.3282716Z (Worker pid=2175) INFO 04-18 00:05:26 [cpu_binding.py:376] The CPU allocation plan is as follows:
2026-04-18T00:05:26.3283630Z (Worker pid=2175) INFO 04-18 00:05:26 [cpu_binding.py:381] NPU2: main=[42 43 44 45 46 47 48 49 50 51 52 53 54 55 56 57]  acl=[58]  release=[[59]]
2026-04-18T00:05:26.3713781Z (Worker pid=2175) INFO 04-18 00:05:26 [cpu_binding.py:403] [migrate] NPU:2 -> NUMA [1]
2026-04-18T00:05:26.5003225Z (Worker pid=2459) INFO 04-18 00:05:26 [cpu_binding.py:329] [cpu_bind_mode] mode=global_slice rank=5 visible_npus=[8, 9, 10, 11, 12, 13, 14, 15]
2026-04-18T00:05:26.5004820Z (Worker pid=2459) INFO 04-18 00:05:26 [cpu_binding.py:376] The CPU allocation plan is as follows:
2026-04-18T00:05:26.5005751Z (Worker pid=2459) INFO 04-18 00:05:26 [cpu_binding.py:381] NPU13: main=[262 263 264 265 266 267 268 269 270 271 272 273 274 275 276 277]  acl=[278]  release=[[279]]
2026-04-18T00:05:26.5392394Z (Worker pid=2459) INFO 04-18 00:05:26 [cpu_binding.py:403] [migrate] NPU:13 -> NUMA [6]
2026-04-18T00:05:26.7645506Z [2026-04-18 00:05:26.763637][UC][W] min_p and logit_bias parameters won't work with speculative decoding. [2553,2553][__init__.py:204,build_logitsprocs]
2026-04-18T00:05:26.7797766Z (Worker pid=2363) INFO 04-18 00:05:26 [cpu_binding.py:329] [cpu_bind_mode] mode=global_slice rank=4 visible_npus=[0, 1, 2, 3, 4, 5, 6, 7]
2026-04-18T00:05:26.7798821Z (Worker pid=2363) INFO 04-18 00:05:26 [cpu_binding.py:376] The CPU allocation plan is as follows:
2026-04-18T00:05:26.7799743Z (Worker pid=2363) INFO 04-18 00:05:26 [cpu_binding.py:381] NPU4: main=[82 83 84 85 86 87 88 89 90 91 92 93 94 95 96 97]  acl=[98]  release=[[99]]
2026-04-18T00:05:26.8054375Z [2026-04-18 00:05:26.804798][UC][W] min_p and logit_bias parameters won't work with speculative decoding. [2553,2553][__init__.py:204,build_logitsprocs]
2026-04-18T00:05:26.8072989Z (Worker_DP1_TP6_EP14 pid=2553) INFO 04-18 00:05:26 [model_runner_v1.py:2551] Starting to load model /root/.cache/modelscope/hub/models/vllm-ascend/DeepSeek-V3___2-W8A8...
2026-04-18T00:05:26.8369751Z (Worker pid=2363) INFO 04-18 00:05:26 [cpu_binding.py:403] [migrate] NPU:4 -> NUMA [2]
2026-04-18T00:05:26.8868421Z (Worker pid=2457) INFO 04-18 00:05:26 [cpu_binding.py:329] [cpu_bind_mode] mode=global_slice rank=5 visible_npus=[0, 1, 2, 3, 4, 5, 6, 7]
2026-04-18T00:05:26.8869336Z (Worker pid=2457) INFO 04-18 00:05:26 [cpu_binding.py:376] The CPU allocation plan is as follows:
2026-04-18T00:05:26.8870500Z (Worker pid=2457) INFO 04-18 00:05:26 [cpu_binding.py:381] NPU5: main=[102 103 104 105 106 107 108 109 110 111 112 113 114 115 116 117]  acl=[118]  release=[[119]]
2026-04-18T00:05:26.9312266Z (Worker pid=2457) INFO 04-18 00:05:26 [cpu_binding.py:403] [migrate] NPU:5 -> NUMA [2]
2026-04-18T00:05:27.0609113Z (Worker pid=2644) INFO 04-18 00:05:27 [cpu_binding.py:329] [cpu_bind_mode] mode=global_slice rank=7 visible_npus=[0, 1, 2, 3, 4, 5, 6, 7]
2026-04-18T00:05:27.0610001Z (Worker pid=2644) INFO 04-18 00:05:27 [cpu_binding.py:376] The CPU allocation plan is as follows:
2026-04-18T00:05:27.0611042Z (Worker pid=2644) INFO 04-18 00:05:27 [cpu_binding.py:381] NPU7: main=[142 143 144 145 146 147 148 149 150 151 152 153 154 155 156 157]  acl=[158]  release=[[159]]
2026-04-18T00:05:27.1021624Z (Worker pid=2644) INFO 04-18 00:05:27 [cpu_binding.py:403] [migrate] NPU:7 -> NUMA [3]
2026-04-18T00:05:27.1760977Z (Worker_DP1_TP6_EP14 pid=2553) INFO 04-18 00:05:27 [modelslim_config.py:341] Using the vLLM Ascend modelslim Quantization now!
2026-04-18T00:05:27.1987739Z (Worker pid=2364) INFO 04-18 00:05:27 [cpu_binding.py:329] [cpu_bind_mode] mode=global_slice rank=4 visible_npus=[8, 9, 10, 11, 12, 13, 14, 15]
2026-04-18T00:05:27.1988686Z (Worker pid=2364) INFO 04-18 00:05:27 [cpu_binding.py:376] The CPU allocation plan is as follows:
2026-04-18T00:05:27.1989522Z (Worker pid=2364) INFO 04-18 00:05:27 [cpu_binding.py:381] NPU12: main=[242 243 244 245 246 247 248 249 250 251 252 253 254 255 256 257]  acl=[258]  release=[[259]]
2026-04-18T00:05:27.2385296Z (Worker pid=2364) INFO 04-18 00:05:27 [cpu_binding.py:403] [migrate] NPU:12 -> NUMA [6]
2026-04-18T00:05:27.6480945Z [2026-04-18 00:05:27.647221][UC][I] [EP Rank 14/16] Expert parallelism is enabled. Expert placement strategy: linear. Local/global number of experts: 16/256. Experts local to global index map: 0->224, 1->225, 2->226, 3->227, 4->228, 5->229, 6->230, 7->231, 8->232, 9->233, 10->234, 11->235, 12->236, 13->237, 14->238, 15->239. [2553,2553][layer.py:457,__init__]
2026-04-18T00:05:27.6637071Z [2026-04-18 00:05:27.663223][UC][W] min_p and logit_bias parameters won't work with speculative decoding. [2459,2459][__init__.py:204,build_logitsprocs]
2026-04-18T00:05:27.6814729Z [2026-04-18 00:05:27.680975][UC][W] min_p and logit_bias parameters won't work with speculative decoding. [2459,2459][__init__.py:204,build_logitsprocs]
2026-04-18T00:05:27.6829760Z (Worker_DP1_TP5_EP13 pid=2459) INFO 04-18 00:05:27 [model_runner_v1.py:2551] Starting to load model /root/.cache/modelscope/hub/models/vllm-ascend/DeepSeek-V3___2-W8A8...
2026-04-18T00:05:28.0401725Z (Worker_DP1_TP5_EP13 pid=2459) INFO 04-18 00:05:28 [modelslim_config.py:341] Using the vLLM Ascend modelslim Quantization now!
2026-04-18T00:05:28.4089753Z [2026-04-18 00:05:28.408095][UC][I] [EP Rank 13/16] Expert parallelism is enabled. Expert placement strategy: linear. Local/global number of experts: 16/256. Experts local to global index map: 0->208, 1->209, 2->210, 3->211, 4->212, 5->213, 6->214, 7->215, 8->216, 9->217, 10->218, 11->219, 12->220, 13->221, 14->222, 15->223. [2459,2459][layer.py:457,__init__]
2026-04-18T00:05:29.1461845Z [2026-04-18 00:05:29.145430][UC][W] min_p and logit_bias parameters won't work with speculative decoding. [2031,2031][__init__.py:204,build_logitsprocs]
2026-04-18T00:05:29.1635124Z [2026-04-18 00:05:29.162946][UC][W] min_p and logit_bias parameters won't work with speculative decoding. [2031,2031][__init__.py:204,build_logitsprocs]
2026-04-18T00:05:29.1647901Z (Worker_DP1_TP0_EP8 pid=2031) INFO 04-18 00:05:29 [model_runner_v1.py:2551] Starting to load model /root/.cache/modelscope/hub/models/vllm-ascend/DeepSeek-V3___2-W8A8...
2026-04-18T00:05:29.5282001Z (Worker_DP1_TP0_EP8 pid=2031) INFO 04-18 00:05:29 [modelslim_config.py:341] Using the vLLM Ascend modelslim Quantization now!
2026-04-18T00:05:29.8944396Z [2026-04-18 00:05:29.893639][UC][I] [EP Rank 8/16] Expert parallelism is enabled. Expert placement strategy: linear. Local/global number of experts: 16/256. Experts local to global index map: 0->128, 1->129, 2->130, 3->131, 4->132, 5->133, 6->134, 7->135, 8->136, 9->137, 10->138, 11->139, 12->140, 13->141, 14->142, 15->143. [2031,2031][layer.py:457,__init__]
2026-04-18T00:05:30.3031467Z [2026-04-18 00:05:30.302421][UC][W] min_p and logit_bias parameters won't work with speculative decoding. [2364,2364][__init__.py:204,build_logitsprocs]
2026-04-18T00:05:30.3215096Z [2026-04-18 00:05:30.320937][UC][W] min_p and logit_bias parameters won't work with speculative decoding. [2364,2364][__init__.py:204,build_logitsprocs]
2026-04-18T00:05:30.3227922Z (Worker_DP1_TP4_EP12 pid=2364) INFO 04-18 00:05:30 [model_runner_v1.py:2551] Starting to load model /root/.cache/modelscope/hub/models/vllm-ascend/DeepSeek-V3___2-W8A8...
2026-04-18T00:05:30.7105587Z (Worker_DP1_TP4_EP12 pid=2364) INFO 04-18 00:05:30 [modelslim_config.py:341] Using the vLLM Ascend modelslim Quantization now!
2026-04-18T00:05:31.0665451Z [2026-04-18 00:05:31.065855][UC][I] [EP Rank 12/16] Expert parallelism is enabled. Expert placement strategy: linear. Local/global number of experts: 16/256. Experts local to global index map: 0->192, 1->193, 2->194, 3->195, 4->196, 5->197, 6->198, 7->199, 8->200, 9->201, 10->202, 11->203, 12->204, 13->205, 14->206, 15->207. [2364,2364][layer.py:457,__init__]
2026-04-18T00:05:31.2055564Z [2026-04-18 00:05:31.204965][UC][W] min_p and logit_bias parameters won't work with speculative decoding. [2084,2084][__init__.py:204,build_logitsprocs]
2026-04-18T00:05:31.2230764Z [2026-04-18 00:05:31.222560][UC][W] min_p and logit_bias parameters won't work with speculative decoding. [2084,2084][__init__.py:204,build_logitsprocs]
2026-04-18T00:05:31.2243586Z (Worker_DP0_TP1_EP1 pid=2084) INFO 04-18 00:05:31 [model_runner_v1.py:2551] Starting to load model /root/.cache/modelscope/hub/models/vllm-ascend/DeepSeek-V3___2-W8A8...
2026-04-18T00:05:31.5594319Z (Worker_DP0_TP1_EP1 pid=2084) INFO 04-18 00:05:31 [modelslim_config.py:341] Using the vLLM Ascend modelslim Quantization now!
2026-04-18T00:05:31.5648849Z [2026-04-18 00:05:31.564424][UC][W] min_p and logit_bias parameters won't work with speculative decoding. [2032,2032][__init__.py:204,build_logitsprocs]
2026-04-18T00:05:31.5829758Z [2026-04-18 00:05:31.582482][UC][W] min_p and logit_bias parameters won't work with speculative decoding. [2032,2032][__init__.py:204,build_logitsprocs]
2026-04-18T00:05:31.5842918Z (Worker_DP0_TP0_EP0 pid=2032) INFO 04-18 00:05:31 [model_runner_v1.py:2551] Starting to load model /root/.cache/modelscope/hub/models/vllm-ascend/DeepSeek-V3___2-W8A8...
2026-04-18T00:05:31.9255693Z [2026-04-18 00:05:31.924908][UC][I] [EP Rank 1/16] Expert parallelism is enabled. Expert placement strategy: linear. Local/global number of experts: 16/256. Experts local to global index map: 0->16, 1->17, 2->18, 3->19, 4->20, 5->21, 6->22, 7->23, 8->24, 9->25, 10->26, 11->27, 12->28, 13->29, 14->30, 15->31. [2084,2084][layer.py:457,__init__]
2026-04-18T00:05:31.9381125Z (Worker_DP0_TP0_EP0 pid=2032) INFO 04-18 00:05:31 [modelslim_config.py:341] Using the vLLM Ascend modelslim Quantization now!
2026-04-18T00:05:32.2937366Z [2026-04-18 00:05:32.292988][UC][I] [EP Rank 0/16] Expert parallelism is enabled. Expert placement strategy: linear. Local/global number of experts: 16/256. Experts local to global index map: 0->0, 1->1, 2->2, 3->3, 4->4, 5->5, 6->6, 7->7, 8->8, 9->9, 10->10, 11->11, 12->12, 13->13, 14->14, 15->15. [2032,2032][layer.py:457,__init__]
2026-04-18T00:05:32.5204888Z [2026-04-18 00:05:32.519809][UC][W] min_p and logit_bias parameters won't work with speculative decoding. [2648,2648][__init__.py:204,build_logitsprocs]
2026-04-18T00:05:32.5382865Z [2026-04-18 00:05:32.537732][UC][W] min_p and logit_bias parameters won't work with speculative decoding. [2648,2648][__init__.py:204,build_logitsprocs]
2026-04-18T00:05:32.5395821Z (Worker_DP1_TP7_EP15 pid=2648) INFO 04-18 00:05:32 [model_runner_v1.py:2551] Starting to load model /root/.cache/modelscope/hub/models/vllm-ascend/DeepSeek-V3___2-W8A8...
2026-04-18T00:05:32.6154278Z [2026-04-18 00:05:32.614777][UC][W] min_p and logit_bias parameters won't work with speculative decoding. [2550,2550][__init__.py:204,build_logitsprocs]
2026-04-18T00:05:32.6356153Z [2026-04-18 00:05:32.634994][UC][W] min_p and logit_bias parameters won't work with speculative decoding. [2550,2550][__init__.py:204,build_logitsprocs]
2026-04-18T00:05:32.6370360Z (Worker_DP0_TP6_EP6 pid=2550) INFO 04-18 00:05:32 [model_runner_v1.py:2551] Starting to load model /root/.cache/modelscope/hub/models/vllm-ascend/DeepSeek-V3___2-W8A8...
2026-04-18T00:05:32.6393216Z [2026-04-18 00:05:32.638767][UC][W] min_p and logit_bias parameters won't work with speculative decoding. [2176,2176][__init__.py:204,build_logitsprocs]
2026-04-18T00:05:32.6569169Z [2026-04-18 00:05:32.656339][UC][W] min_p and logit_bias parameters won't work with speculative decoding. [2176,2176][__init__.py:204,build_logitsprocs]
2026-04-18T00:05:32.6580465Z (Worker_DP1_TP2_EP10 pid=2176) INFO 04-18 00:05:32 [model_runner_v1.py:2551] Starting to load model /root/.cache/modelscope/hub/models/vllm-ascend/DeepSeek-V3___2-W8A8...
2026-04-18T00:05:32.7995333Z [2026-04-18 00:05:32.798617][UC][W] min_p and logit_bias parameters won't work with speculative decoding. [2080,2080][__init__.py:204,build_logitsprocs]
2026-04-18T00:05:32.8170510Z [2026-04-18 00:05:32.816343][UC][W] min_p and logit_bias parameters won't work with speculative decoding. [2080,2080][__init__.py:204,build_logitsprocs]
2026-04-18T00:05:32.8181313Z (Worker_DP1_TP1_EP9 pid=2080) INFO 04-18 00:05:32 [model_runner_v1.py:2551] Starting to load model /root/.cache/modelscope/hub/models/vllm-ascend/DeepSeek-V3___2-W8A8...
2026-04-18T00:05:32.8292432Z [2026-04-18 00:05:32.828593][UC][W] min_p and logit_bias parameters won't work with speculative decoding. [2271,2271][__init__.py:204,build_logitsprocs]
2026-04-18T00:05:32.8480344Z [2026-04-18 00:05:32.847442][UC][W] min_p and logit_bias parameters won't work with speculative decoding. [2271,2271][__init__.py:204,build_logitsprocs]
2026-04-18T00:05:32.8493827Z (Worker_DP1_TP3_EP11 pid=2271) INFO 04-18 00:05:32 [model_runner_v1.py:2551] Starting to load model /root/.cache/modelscope/hub/models/vllm-ascend/DeepSeek-V3___2-W8A8...
2026-04-18T00:05:32.8890854Z (Worker_DP1_TP7_EP15 pid=2648) INFO 04-18 00:05:32 [modelslim_config.py:341] Using the vLLM Ascend modelslim Quantization now!
2026-04-18T00:05:32.9237688Z [2026-04-18 00:05:32.923098][UC][W] min_p and logit_bias parameters won't work with speculative decoding. [2175,2175][__init__.py:204,build_logitsprocs]
2026-04-18T00:05:32.9422373Z [2026-04-18 00:05:32.941608][UC][W] min_p and logit_bias parameters won't work with speculative decoding. [2175,2175][__init__.py:204,build_logitsprocs]
2026-04-18T00:05:32.9434193Z (Worker_DP0_TP2_EP2 pid=2175) INFO 04-18 00:05:32 [model_runner_v1.py:2551] Starting to load model /root/.cache/modelscope/hub/models/vllm-ascend/DeepSeek-V3___2-W8A8...
2026-04-18T00:05:32.9684098Z [2026-04-18 00:05:32.967739][UC][W] min_p and logit_bias parameters won't work with speculative decoding. [2269,2269][__init__.py:204,build_logitsprocs]
2026-04-18T00:05:32.9869076Z [2026-04-18 00:05:32.986267][UC][W] min_p and logit_bias parameters won't work with speculative decoding. [2269,2269][__init__.py:204,build_logitsprocs]
2026-04-18T00:05:32.9881862Z (Worker_DP0_TP3_EP3 pid=2269) INFO 04-18 00:05:32 [model_runner_v1.py:2551] Starting to load model /root/.cache/modelscope/hub/models/vllm-ascend/DeepSeek-V3___2-W8A8...
2026-04-18T00:05:32.9945182Z (Worker_DP0_TP6_EP6 pid=2550) INFO 04-18 00:05:32 [modelslim_config.py:341] Using the vLLM Ascend modelslim Quantization now!
2026-04-18T00:05:33.0145218Z (Worker_DP1_TP2_EP10 pid=2176) INFO 04-18 00:05:33 [modelslim_config.py:341] Using the vLLM Ascend modelslim Quantization now!
2026-04-18T00:05:33.0293814Z [2026-04-18 00:05:33.028813][UC][W] min_p and logit_bias parameters won't work with speculative decoding. [2363,2363][__init__.py:204,build_logitsprocs]
2026-04-18T00:05:33.0476322Z [2026-04-18 00:05:33.047089][UC][W] min_p and logit_bias parameters won't work with speculative decoding. [2363,2363][__init__.py:204,build_logitsprocs]
2026-04-18T00:05:33.0488552Z (Worker_DP0_TP4_EP4 pid=2363) INFO 04-18 00:05:33 [model_runner_v1.py:2551] Starting to load model /root/.cache/modelscope/hub/models/vllm-ascend/DeepSeek-V3___2-W8A8...
2026-04-18T00:05:33.1486209Z (Worker_DP1_TP1_EP9 pid=2080) INFO 04-18 00:05:33 [modelslim_config.py:341] Using the vLLM Ascend modelslim Quantization now!
2026-04-18T00:05:33.2110667Z (Worker_DP1_TP3_EP11 pid=2271) INFO 04-18 00:05:33 [modelslim_config.py:341] Using the vLLM Ascend modelslim Quantization now!
2026-04-18T00:05:33.2575175Z [2026-04-18 00:05:33.256819][UC][I] [EP Rank 15/16] Expert parallelism is enabled. Expert placement strategy: linear. Local/global number of experts: 16/256. Experts local to global index map: 0->240, 1->241, 2->242, 3->243, 4->244, 5->245, 6->246, 7->247, 8->248, 9->249, 10->250, 11->251, 12->252, 13->253, 14->254, 15->255. [2648,2648][layer.py:457,__init__]
2026-04-18T00:05:33.2945427Z (Worker_DP0_TP2_EP2 pid=2175) INFO 04-18 00:05:33 [modelslim_config.py:341] Using the vLLM Ascend modelslim Quantization now!
2026-04-18T00:05:33.3277140Z (Worker_DP0_TP3_EP3 pid=2269) INFO 04-18 00:05:33 [modelslim_config.py:341] Using the vLLM Ascend modelslim Quantization now!
2026-04-18T00:05:33.3716873Z [2026-04-18 00:05:33.371085][UC][I] [EP Rank 6/16] Expert parallelism is enabled. Expert placement strategy: linear. Local/global number of experts: 16/256. Experts local to global index map: 0->96, 1->97, 2->98, 3->99, 4->100, 5->101, 6->102, 7->103, 8->104, 9->105, 10->106, 11->107, 12->108, 13->109, 14->110, 15->111. [2550,2550][layer.py:457,__init__]
2026-04-18T00:05:33.3786929Z [2026-04-18 00:05:33.377948][UC][I] [EP Rank 10/16] Expert parallelism is enabled. Expert placement strategy: linear. Local/global number of experts: 16/256. Experts local to global index map: 0->160, 1->161, 2->162, 3->163, 4->164, 5->165, 6->166, 7->167, 8->168, 9->169, 10->170, 11->171, 12->172, 13->173, 14->174, 15->175. [2176,2176][layer.py:457,__init__]
2026-04-18T00:05:33.3928842Z (Worker_DP0_TP4_EP4 pid=2363) INFO 04-18 00:05:33 [modelslim_config.py:341] Using the vLLM Ascend modelslim Quantization now!
2026-04-18T00:05:33.4575352Z [2026-04-18 00:05:33.456907][UC][W] min_p and logit_bias parameters won't work with speculative decoding. [2644,2644][__init__.py:204,build_logitsprocs]
2026-04-18T00:05:33.4755939Z [2026-04-18 00:05:33.474939][UC][W] min_p and logit_bias parameters won't work with speculative decoding. [2644,2644][__init__.py:204,build_logitsprocs]
2026-04-18T00:05:33.4775597Z (Worker_DP0_TP7_EP7 pid=2644) INFO 04-18 00:05:33 [model_runner_v1.py:2551] Starting to load model /root/.cache/modelscope/hub/models/vllm-ascend/DeepSeek-V3___2-W8A8...
2026-04-18T00:05:33.5164802Z [2026-04-18 00:05:33.515771][UC][I] [EP Rank 9/16] Expert parallelism is enabled. Expert placement strategy: linear. Local/global number of experts: 16/256. Experts local to global index map: 0->144, 1->145, 2->146, 3->147, 4->148, 5->149, 6->150, 7->151, 8->152, 9->153, 10->154, 11->155, 12->156, 13->157, 14->158, 15->159. [2080,2080][layer.py:457,__init__]
2026-04-18T00:05:33.5678064Z [2026-04-18 00:05:33.567174][UC][I] [EP Rank 11/16] Expert parallelism is enabled. Expert placement strategy: linear. Local/global number of experts: 16/256. Experts local to global index map: 0->176, 1->177, 2->178, 3->179, 4->180, 5->181, 6->182, 7->183, 8->184, 9->185, 10->186, 11->187, 12->188, 13->189, 14->190, 15->191. [2271,2271][layer.py:457,__init__]
2026-04-18T00:05:33.5999058Z [2026-04-18 00:05:33.599409][UC][W] min_p and logit_bias parameters won't work with speculative decoding. [2457,2457][__init__.py:204,build_logitsprocs]
2026-04-18T00:05:33.6180130Z [2026-04-18 00:05:33.617569][UC][W] min_p and logit_bias parameters won't work with speculative decoding. [2457,2457][__init__.py:204,build_logitsprocs]
2026-04-18T00:05:33.6193635Z (Worker_DP0_TP5_EP5 pid=2457) INFO 04-18 00:05:33 [model_runner_v1.py:2551] Starting to load model /root/.cache/modelscope/hub/models/vllm-ascend/DeepSeek-V3___2-W8A8...
2026-04-18T00:05:33.6495567Z [2026-04-18 00:05:33.649036][UC][I] [EP Rank 2/16] Expert parallelism is enabled. Expert placement strategy: linear. Local/global number of experts: 16/256. Experts local to global index map: 0->32, 1->33, 2->34, 3->35, 4->36, 5->37, 6->38, 7->39, 8->40, 9->41, 10->42, 11->43, 12->44, 13->45, 14->46, 15->47. [2175,2175][layer.py:457,__init__]
2026-04-18T00:05:33.6740674Z [2026-04-18 00:05:33.673265][UC][I] [EP Rank 3/16] Expert parallelism is enabled. Expert placement strategy: linear. Local/global number of experts: 16/256. Experts local to global index map: 0->48, 1->49, 2->50, 3->51, 4->52, 5->53, 6->54, 7->55, 8->56, 9->57, 10->58, 11->59, 12->60, 13->61, 14->62, 15->63. [2269,2269][layer.py:457,__init__]
2026-04-18T00:05:33.7580168Z [2026-04-18 00:05:33.757370][UC][I] [EP Rank 4/16] Expert parallelism is enabled. Expert placement strategy: linear. Local/global number of experts: 16/256. Experts local to global index map: 0->64, 1->65, 2->66, 3->67, 4->68, 5->69, 6->70, 7->71, 8->72, 9->73, 10->74, 11->75, 12->76, 13->77, 14->78, 15->79. [2363,2363][layer.py:457,__init__]
2026-04-18T00:05:33.8301457Z (Worker_DP0_TP7_EP7 pid=2644) INFO 04-18 00:05:33 [modelslim_config.py:341] Using the vLLM Ascend modelslim Quantization now!
2026-04-18T00:05:33.9542059Z (Worker_DP0_TP5_EP5 pid=2457) INFO 04-18 00:05:33 [modelslim_config.py:341] Using the vLLM Ascend modelslim Quantization now!
2026-04-18T00:05:34.1843186Z [2026-04-18 00:05:34.183516][UC][I] [EP Rank 7/16] Expert parallelism is enabled. Expert placement strategy: linear. Local/global number of experts: 16/256. Experts local to global index map: 0->112, 1->113, 2->114, 3->115, 4->116, 5->117, 6->118, 7->119, 8->120, 9->121, 10->122, 11->123, 12->124, 13->125, 14->126, 15->127. [2644,2644][layer.py:457,__init__]
2026-04-18T00:05:34.3129033Z [2026-04-18 00:05:34.312280][UC][I] [EP Rank 5/16] Expert parallelism is enabled. Expert placement strategy: linear. Local/global number of experts: 16/256. Experts local to global index map: 0->80, 1->81, 2->82, 3->83, 4->84, 5->85, 6->86, 7->87, 8->88, 9->89, 10->90, 11->91, 12->92, 13->93, 14->94, 15->95. [2457,2457][layer.py:457,__init__]
2026-04-18T00:05:34.8917088Z (Worker_DP1_TP0_EP8 pid=2031) INFO 04-18 00:05:34 [fused_moe.py:335] [EP Rank 8/16] Expert parallelism is enabled. Local/global number of experts: 16/256. Experts local to global index map: 0->128, 1->129, 2->130, 3->131, 4->132, 5->133, 6->134, 7->135, 8->136, 9->137, 10->138, 11->139, 12->140, 13->141, 14->142, 15->143.
2026-04-18T00:05:34.9003128Z (Worker_DP0_TP4_EP4 pid=2363) INFO 04-18 00:05:34 [fused_moe.py:335] [EP Rank 4/16] Expert parallelism is enabled. Local/global number of experts: 16/256. Experts local to global index map: 0->64, 1->65, 2->66, 3->67, 4->68, 5->69, 6->70, 7->71, 8->72, 9->73, 10->74, 11->75, 12->76, 13->77, 14->78, 15->79.
2026-04-18T00:05:34.9061070Z (Worker_DP0_TP1_EP1 pid=2084) INFO 04-18 00:05:34 [fused_moe.py:335] [EP Rank 1/16] Expert parallelism is enabled. Local/global number of experts: 16/256. Experts local to global index map: 0->16, 1->17, 2->18, 3->19, 4->20, 5->21, 6->22, 7->23, 8->24, 9->25, 10->26, 11->27, 12->28, 13->29, 14->30, 15->31.
2026-04-18T00:05:34.9377081Z (Worker_DP0_TP7_EP7 pid=2644) INFO 04-18 00:05:34 [fused_moe.py:335] [EP Rank 7/16] Expert parallelism is enabled. Local/global number of experts: 16/256. Experts local to global index map: 0->112, 1->113, 2->114, 3->115, 4->116, 5->117, 6->118, 7->119, 8->120, 9->121, 10->122, 11->123, 12->124, 13->125, 14->126, 15->127.
2026-04-18T00:05:34.9379082Z (Worker_DP0_TP6_EP6 pid=2550) INFO 04-18 00:05:34 [fused_moe.py:335] [EP Rank 6/16] Expert parallelism is enabled. Local/global number of experts: 16/256. Experts local to global index map: 0->96, 1->97, 2->98, 3->99, 4->100, 5->101, 6->102, 7->103, 8->104, 9->105, 10->106, 11->107, 12->108, 13->109, 14->110, 15->111.
2026-04-18T00:05:34.9422139Z (Worker_DP1_TP4_EP12 pid=2364) INFO 04-18 00:05:34 [fused_moe.py:335] [EP Rank 12/16] Expert parallelism is enabled. Local/global number of experts: 16/256. Experts local to global index map: 0->192, 1->193, 2->194, 3->195, 4->196, 5->197, 6->198, 7->199, 8->200, 9->201, 10->202, 11->203, 12->204, 13->205, 14->206, 15->207.
2026-04-18T00:05:34.9443902Z (Worker_DP1_TP5_EP13 pid=2459) INFO 04-18 00:05:34 [fused_moe.py:335] [EP Rank 13/16] Expert parallelism is enabled. Local/global number of experts: 16/256. Experts local to global index map: 0->208, 1->209, 2->210, 3->211, 4->212, 5->213, 6->214, 7->215, 8->216, 9->217, 10->218, 11->219, 12->220, 13->221, 14->222, 15->223.
2026-04-18T00:05:34.9553603Z (Worker_DP1_TP6_EP14 pid=2553) INFO 04-18 00:05:34 [fused_moe.py:335] [EP Rank 14/16] Expert parallelism is enabled. Local/global number of experts: 16/256. Experts local to global index map: 0->224, 1->225, 2->226, 3->227, 4->228, 5->229, 6->230, 7->231, 8->232, 9->233, 10->234, 11->235, 12->236, 13->237, 14->238, 15->239.
2026-04-18T00:05:34.9577303Z (Worker_DP1_TP7_EP15 pid=2648) INFO 04-18 00:05:34 [fused_moe.py:335] [EP Rank 15/16] Expert parallelism is enabled. Local/global number of experts: 16/256. Experts local to global index map: 0->240, 1->241, 2->242, 3->243, 4->244, 5->245, 6->246, 7->247, 8->248, 9->249, 10->250, 11->251, 12->252, 13->253, 14->254, 15->255.
2026-04-18T00:05:34.9594662Z (Worker_DP1_TP3_EP11 pid=2271) INFO 04-18 00:05:34 [fused_moe.py:335] [EP Rank 11/16] Expert parallelism is enabled. Local/global number of experts: 16/256. Experts local to global index map: 0->176, 1->177, 2->178, 3->179, 4->180, 5->181, 6->182, 7->183, 8->184, 9->185, 10->186, 11->187, 12->188, 13->189, 14->190, 15->191.
2026-04-18T00:05:34.9602286Z (Worker_DP0_TP2_EP2 pid=2175) INFO 04-18 00:05:34 [fused_moe.py:335] [EP Rank 2/16] Expert parallelism is enabled. Local/global number of experts: 16/256. Experts local to global index map: 0->32, 1->33, 2->34, 3->35, 4->36, 5->37, 6->38, 7->39, 8->40, 9->41, 10->42, 11->43, 12->44, 13->45, 14->46, 15->47.
2026-04-18T00:05:34.9618771Z (Worker_DP0_TP3_EP3 pid=2269) INFO 04-18 00:05:34 [fused_moe.py:335] [EP Rank 3/16] Expert parallelism is enabled. Local/global number of experts: 16/256. Experts local to global index map: 0->48, 1->49, 2->50, 3->51, 4->52, 5->53, 6->54, 7->55, 8->56, 9->57, 10->58, 11->59, 12->60, 13->61, 14->62, 15->63.
2026-04-18T00:05:34.9623418Z (Worker_DP1_TP2_EP10 pid=2176) INFO 04-18 00:05:34 [fused_moe.py:335] [EP Rank 10/16] Expert parallelism is enabled. Local/global number of experts: 16/256. Experts local to global index map: 0->160, 1->161, 2->162, 3->163, 4->164, 5->165, 6->166, 7->167, 8->168, 9->169, 10->170, 11->171, 12->172, 13->173, 14->174, 15->175.
2026-04-18T00:05:35.0030663Z (Worker_DP1_TP1_EP9 pid=2080) INFO 04-18 00:05:35 [fused_moe.py:335] [EP Rank 9/16] Expert parallelism is enabled. Local/global number of experts: 16/256. Experts local to global index map: 0->144, 1->145, 2->146, 3->147, 4->148, 5->149, 6->150, 7->151, 8->152, 9->153, 10->154, 11->155, 12->156, 13->157, 14->158, 15->159.
2026-04-18T00:05:35.0099255Z (Worker_DP0_TP0_EP0 pid=2032) INFO 04-18 00:05:35 [fused_moe.py:335] [EP Rank 0/16] Expert parallelism is enabled. Local/global number of experts: 16/256. Experts local to global index map: 0->0, 1->1, 2->2, 3->3, 4->4, 5->5, 6->6, 7->7, 8->8, 9->9, 10->10, 11->11, 12->12, 13->13, 14->14, 15->15.
2026-04-18T00:05:35.0157590Z (Worker_DP0_TP5_EP5 pid=2457) INFO 04-18 00:05:35 [fused_moe.py:335] [EP Rank 5/16] Expert parallelism is enabled. Local/global number of experts: 16/256. Experts local to global index map: 0->80, 1->81, 2->82, 3->83, 4->84, 5->85, 6->86, 7->87, 8->88, 9->89, 10->90, 11->91, 12->92, 13->93, 14->94, 15->95.
2026-04-18T00:05:35.2898519Z (Worker_DP0_TP0_EP0 pid=2032) INFO 04-18 00:05:35 [fused_moe.py:590] Sequence parallelism is enabled, shared experts are replicated for best performance.
2026-04-18T00:05:35.3034671Z (Worker_DP1_TP7_EP15 pid=2648) INFO 04-18 00:05:35 [fused_moe.py:590] Sequence parallelism is enabled, shared experts are replicated for best performance.
2026-04-18T00:05:35.3035741Z (Worker_DP1_TP6_EP14 pid=2553) INFO 04-18 00:05:35 [fused_moe.py:590] Sequence parallelism is enabled, shared experts are replicated for best performance.
2026-04-18T00:05:35.3036835Z (Worker_DP1_TP2_EP10 pid=2176) INFO 04-18 00:05:35 [fused_moe.py:590] Sequence parallelism is enabled, shared experts are replicated for best performance.
2026-04-18T00:05:35.3037909Z (Worker_DP0_TP4_EP4 pid=2363) INFO 04-18 00:05:35 [fused_moe.py:590] Sequence parallelism is enabled, shared experts are replicated for best performance.
2026-04-18T00:05:35.3038954Z (Worker_DP1_TP5_EP13 pid=2459) INFO 04-18 00:05:35 [fused_moe.py:590] Sequence parallelism is enabled, shared experts are replicated for best performance.
2026-04-18T00:05:35.3042644Z (Worker_DP1_TP0_EP8 pid=2031) INFO 04-18 00:05:35 [fused_moe.py:590] Sequence parallelism is enabled, shared experts are replicated for best performance.
2026-04-18T00:05:35.3044094Z (Worker_DP0_TP2_EP2 pid=2175) INFO 04-18 00:05:35 [fused_moe.py:590] Sequence parallelism is enabled, shared experts are replicated for best performance.
2026-04-18T00:05:35.3045324Z (Worker_DP0_TP5_EP5 pid=2457) INFO 04-18 00:05:35 [fused_moe.py:590] Sequence parallelism is enabled, shared experts are replicated for best performance.
2026-04-18T00:05:35.3046395Z (Worker_DP1_TP3_EP11 pid=2271) INFO 04-18 00:05:35 [fused_moe.py:590] Sequence parallelism is enabled, shared experts are replicated for best performance.
2026-04-18T00:05:35.3047439Z (Worker_DP1_TP1_EP9 pid=2080) INFO 04-18 00:05:35 [fused_moe.py:590] Sequence parallelism is enabled, shared experts are replicated for best performance.
2026-04-18T00:05:35.3048849Z (Worker_DP0_TP6_EP6 pid=2550) INFO 04-18 00:05:35 [fused_moe.py:590] Sequence parallelism is enabled, shared experts are replicated for best performance.
2026-04-18T00:05:35.3049923Z (Worker_DP0_TP7_EP7 pid=2644) INFO 04-18 00:05:35 [fused_moe.py:590] Sequence parallelism is enabled, shared experts are replicated for best performance.
2026-04-18T00:05:35.3050972Z (Worker_DP0_TP3_EP3 pid=2269) INFO 04-18 00:05:35 [fused_moe.py:590] Sequence parallelism is enabled, shared experts are replicated for best performance.
2026-04-18T00:05:35.3052391Z (Worker_DP0_TP1_EP1 pid=2084) INFO 04-18 00:05:35 [fused_moe.py:590] Sequence parallelism is enabled, shared experts are replicated for best performance.
2026-04-18T00:05:35.3089343Z (Worker_DP1_TP4_EP12 pid=2364) INFO 04-18 00:05:35 [fused_moe.py:590] Sequence parallelism is enabled, shared experts are replicated for best performance.
2026-04-18T00:05:43.8166821Z [2026-04-18 00:05:43.815681][UC][I] Using OOT custom backend for compilation. [2271,2271][compilation.py:942,init_backend]
2026-04-18T00:05:43.8171768Z [2026-04-18 00:05:43.816666][UC][I] Using OOT custom backend for compilation. [2031,2031][compilation.py:942,init_backend]
2026-04-18T00:05:43.8678552Z [2026-04-18 00:05:43.867277][UC][I] Using OOT custom backend for compilation. [2084,2084][compilation.py:942,init_backend]
2026-04-18T00:05:43.8796909Z [2026-04-18 00:05:43.879152][UC][I] Using OOT custom backend for compilation. [2176,2176][compilation.py:942,init_backend]
2026-04-18T00:05:43.8882765Z [2026-04-18 00:05:43.887706][UC][I] Using OOT custom backend for compilation. [2644,2644][compilation.py:942,init_backend]
2026-04-18T00:05:43.8967708Z [2026-04-18 00:05:43.896272][UC][I] Using OOT custom backend for compilation. [2080,2080][compilation.py:942,init_backend]
2026-04-18T00:05:43.9556268Z [2026-04-18 00:05:43.954954][UC][I] Using OOT custom backend for compilation. [2032,2032][compilation.py:942,init_backend]
2026-04-18T00:05:43.9828957Z [2026-04-18 00:05:43.982290][UC][I] Using OOT custom backend for compilation. [2550,2550][compilation.py:942,init_backend]
2026-04-18T00:05:44.0897837Z (Worker_DP0_TP0_EP0 pid=2032) 
2026-04-18T00:05:44.0898291Z Loading safetensors checkpoint shards:   0% Completed | 0/163 [00:00<?, ?it/s]
2026-04-18T00:05:44.1232575Z [2026-04-18 00:05:44.122696][UC][I] Using OOT custom backend for compilation. [2459,2459][compilation.py:942,init_backend]
2026-04-18T00:05:44.1321347Z [2026-04-18 00:05:44.131640][UC][I] Using OOT custom backend for compilation. [2363,2363][compilation.py:942,init_backend]
2026-04-18T00:05:44.2226076Z [2026-04-18 00:05:44.221853][UC][I] Using OOT custom backend for compilation. [2364,2364][compilation.py:942,init_backend]
2026-04-18T00:05:44.2319742Z [2026-04-18 00:05:44.231399][UC][I] Using OOT custom backend for compilation. [2457,2457][compilation.py:942,init_backend]
2026-04-18T00:05:44.3546233Z [2026-04-18 00:05:44.354017][UC][I] Using OOT custom backend for compilation. [2553,2553][compilation.py:942,init_backend]
2026-04-18T00:05:44.4075423Z [2026-04-18 00:05:44.406924][UC][I] Using OOT custom backend for compilation. [2269,2269][compilation.py:942,init_backend]
2026-04-18T00:05:44.4387323Z [2026-04-18 00:05:44.438242][UC][I] Using OOT custom backend for compilation. [2648,2648][compilation.py:942,init_backend]
2026-04-18T00:05:44.5161335Z [2026-04-18 00:05:44.515551][UC][I] Using OOT custom backend for compilation. [2175,2175][compilation.py:942,init_backend]
2026-04-18T00:05:50.0353964Z (Worker_DP0_TP0_EP0 pid=2032) 
2026-04-18T00:05:50.0354502Z Loading safetensors checkpoint shards:   1% Completed | 1/163 [00:05<16:03,  5.95s/it]
2026-04-18T00:05:51.3401721Z (Worker_DP0_TP0_EP0 pid=2032) 
2026-04-18T00:05:51.3402245Z Loading safetensors checkpoint shards:   1% Completed | 2/163 [00:07<08:37,  3.22s/it]
2026-04-18T00:05:53.5182086Z (Worker_DP0_TP0_EP0 pid=2032) 
2026-04-18T00:05:53.5182587Z Loading safetensors checkpoint shards:   2% Completed | 3/163 [00:09<07:18,  2.74s/it]
2026-04-18T00:05:59.5639570Z (Worker_DP0_TP0_EP0 pid=2032) 
2026-04-18T00:05:59.5640157Z Loading safetensors checkpoint shards:   2% Completed | 4/163 [00:15<10:43,  4.05s/it]
2026-04-18T00:06:01.4285945Z (Worker_DP0_TP0_EP0 pid=2032) 
2026-04-18T00:06:01.4286510Z Loading safetensors checkpoint shards:   3% Completed | 5/163 [00:17<08:35,  3.26s/it]
2026-04-18T00:06:06.3005273Z (Worker_DP0_TP0_EP0 pid=2032) 
2026-04-18T00:06:06.3005778Z Loading safetensors checkpoint shards:   4% Completed | 6/163 [00:22<09:57,  3.81s/it]
2026-04-18T00:06:08.1456548Z (Worker_DP0_TP0_EP0 pid=2032) 
2026-04-18T00:06:08.1457073Z Loading safetensors checkpoint shards:   4% Completed | 7/163 [00:24<08:13,  3.17s/it]
2026-04-18T00:06:10.2983021Z (Worker_DP0_TP0_EP0 pid=2032) 
2026-04-18T00:06:10.2983525Z Loading safetensors checkpoint shards:   5% Completed | 8/163 [00:26<07:20,  2.84s/it]
2026-04-18T00:06:15.7001078Z (Worker_DP0_TP0_EP0 pid=2032) 
2026-04-18T00:06:15.7001580Z Loading safetensors checkpoint shards:   6% Completed | 9/163 [00:31<09:21,  3.64s/it]
2026-04-18T00:06:17.2744864Z (Worker_DP0_TP0_EP0 pid=2032) 
2026-04-18T00:06:17.2745423Z Loading safetensors checkpoint shards:   6% Completed | 10/163 [00:33<07:39,  3.00s/it]
2026-04-18T00:06:19.5298963Z (Worker_DP0_TP0_EP0 pid=2032) 
2026-04-18T00:06:19.5299486Z Loading safetensors checkpoint shards:   7% Completed | 11/163 [00:35<07:01,  2.78s/it]
2026-04-18T00:06:24.6955902Z (Worker_DP0_TP0_EP0 pid=2032) 
2026-04-18T00:06:24.6956455Z Loading safetensors checkpoint shards:   7% Completed | 12/163 [00:40<08:48,  3.50s/it]
2026-04-18T00:06:26.2968286Z (Worker_DP0_TP0_EP0 pid=2032) 
2026-04-18T00:06:26.2968823Z Loading safetensors checkpoint shards:   8% Completed | 13/163 [00:42<07:18,  2.93s/it]
2026-04-18T00:06:29.6906217Z (Worker_DP0_TP0_EP0 pid=2032) 
2026-04-18T00:06:29.6906746Z Loading safetensors checkpoint shards:   9% Completed | 14/163 [00:45<07:37,  3.07s/it]
2026-04-18T00:06:33.8129306Z (Worker_DP0_TP0_EP0 pid=2032) 
2026-04-18T00:06:33.8129846Z Loading safetensors checkpoint shards:   9% Completed | 15/163 [00:49<08:21,  3.39s/it]
2026-04-18T00:06:35.2806684Z (Worker_DP0_TP0_EP0 pid=2032) 
2026-04-18T00:06:35.2807175Z Loading safetensors checkpoint shards:  10% Completed | 16/163 [00:51<06:52,  2.81s/it]
2026-04-18T00:06:40.4133376Z (Worker_DP0_TP0_EP0 pid=2032) 
2026-04-18T00:06:40.4133919Z Loading safetensors checkpoint shards:  10% Completed | 17/163 [00:56<08:32,  3.51s/it]
2026-04-18T00:06:41.9294629Z (Worker_DP0_TP0_EP0 pid=2032) 
2026-04-18T00:06:41.9295096Z Loading safetensors checkpoint shards:  11% Completed | 18/163 [00:57<07:01,  2.91s/it]
2026-04-18T00:06:44.1177322Z (Worker_DP0_TP0_EP0 pid=2032) 
2026-04-18T00:06:44.1177880Z Loading safetensors checkpoint shards:  12% Completed | 19/163 [01:00<06:27,  2.69s/it]
2026-04-18T00:06:48.8193698Z (Worker_DP0_TP0_EP0 pid=2032) 
2026-04-18T00:06:48.8194235Z Loading safetensors checkpoint shards:  12% Completed | 20/163 [01:04<07:51,  3.29s/it]
2026-04-18T00:06:50.7189378Z (Worker_DP0_TP0_EP0 pid=2032) 
2026-04-18T00:06:50.7189927Z Loading safetensors checkpoint shards:  13% Completed | 21/163 [01:06<06:48,  2.88s/it]
2026-04-18T00:06:52.8221599Z (Worker_DP0_TP0_EP0 pid=2032) 
2026-04-18T00:06:52.8222158Z Loading safetensors checkpoint shards:  13% Completed | 22/163 [01:08<06:12,  2.64s/it]
2026-04-18T00:06:58.0345400Z (Worker_DP0_TP0_EP0 pid=2032) 
2026-04-18T00:06:58.0345984Z Loading safetensors checkpoint shards:  14% Completed | 23/163 [01:13<07:58,  3.42s/it]
2026-04-18T00:06:59.7473826Z (Worker_DP0_TP0_EP0 pid=2032) 
2026-04-18T00:06:59.7474445Z Loading safetensors checkpoint shards:  15% Completed | 24/163 [01:15<06:43,  2.90s/it]
2026-04-18T00:07:04.6907933Z (Worker_DP0_TP0_EP0 pid=2032) 
2026-04-18T00:07:04.6908533Z Loading safetensors checkpoint shards:  15% Completed | 25/163 [01:20<08:05,  3.52s/it]
2026-04-18T00:07:06.1992795Z (Worker_DP0_TP0_EP0 pid=2032) 
2026-04-18T00:07:06.1993255Z Loading safetensors checkpoint shards:  16% Completed | 26/163 [01:22<06:39,  2.91s/it]
2026-04-18T00:07:08.5732475Z (Worker_DP0_TP0_EP0 pid=2032) 
2026-04-18T00:07:08.5733099Z Loading safetensors checkpoint shards:  17% Completed | 27/163 [01:24<06:14,  2.75s/it]
2026-04-18T00:07:14.0485966Z (Worker_DP0_TP0_EP0 pid=2032) 
2026-04-18T00:07:14.0486577Z Loading safetensors checkpoint shards:  17% Completed | 28/163 [01:29<08:01,  3.57s/it]
2026-04-18T00:07:15.5441879Z (Worker_DP0_TP0_EP0 pid=2032) 
2026-04-18T00:07:15.5442389Z Loading safetensors checkpoint shards:  18% Completed | 29/163 [01:31<06:34,  2.95s/it]
2026-04-18T00:07:17.8531563Z (Worker_DP0_TP0_EP0 pid=2032) 
2026-04-18T00:07:17.8532076Z Loading safetensors checkpoint shards:  18% Completed | 30/163 [01:33<06:06,  2.76s/it]
2026-04-18T00:07:22.8743357Z (Worker_DP0_TP0_EP0 pid=2032) 
2026-04-18T00:07:22.8743904Z Loading safetensors checkpoint shards:  19% Completed | 31/163 [01:38<07:33,  3.44s/it]
2026-04-18T00:07:24.5690600Z (Worker_DP0_TP0_EP0 pid=2032) 
2026-04-18T00:07:24.5691281Z Loading safetensors checkpoint shards:  20% Completed | 32/163 [01:40<06:21,  2.91s/it]
2026-04-18T00:07:29.0915543Z (Worker_DP0_TP0_EP0 pid=2032) 
2026-04-18T00:07:29.0916240Z Loading safetensors checkpoint shards:  20% Completed | 33/163 [01:45<07:21,  3.40s/it]
2026-04-18T00:07:31.7831131Z (Worker_DP0_TP0_EP0 pid=2032) 
2026-04-18T00:07:31.7831659Z Loading safetensors checkpoint shards:  21% Completed | 34/163 [01:47<06:50,  3.18s/it]
2026-04-18T00:07:33.1161488Z (Worker_DP0_TP0_EP0 pid=2032) 
2026-04-18T00:07:33.1162149Z Loading safetensors checkpoint shards:  21% Completed | 35/163 [01:49<05:36,  2.63s/it]
2026-04-18T00:07:38.3585095Z (Worker_DP0_TP0_EP0 pid=2032) 
2026-04-18T00:07:38.3585656Z Loading safetensors checkpoint shards:  22% Completed | 36/163 [01:54<07:13,  3.41s/it]
2026-04-18T00:07:39.8938944Z (Worker_DP0_TP0_EP0 pid=2032) 
2026-04-18T00:07:39.8939452Z Loading safetensors checkpoint shards:  23% Completed | 37/163 [01:55<05:59,  2.85s/it]
2026-04-18T00:07:42.2097063Z (Worker_DP0_TP0_EP0 pid=2032) 
2026-04-18T00:07:42.2097583Z Loading safetensors checkpoint shards:  23% Completed | 38/163 [01:58<05:35,  2.69s/it]
2026-04-18T00:07:47.3383822Z (Worker_DP0_TP0_EP0 pid=2032) 
2026-04-18T00:07:47.3384432Z Loading safetensors checkpoint shards:  24% Completed | 39/163 [02:03<07:04,  3.42s/it]
2026-04-18T00:07:48.8965722Z (Worker_DP0_TP0_EP0 pid=2032) 
2026-04-18T00:07:48.8966279Z Loading safetensors checkpoint shards:  25% Completed | 40/163 [02:04<05:52,  2.86s/it]
2026-04-18T00:07:51.0037547Z (Worker_DP0_TP0_EP0 pid=2032) 
2026-04-18T00:07:51.0038231Z Loading safetensors checkpoint shards:  25% Completed | 41/163 [02:06<05:21,  2.64s/it]
2026-04-18T00:07:56.4474788Z (Worker_DP0_TP0_EP0 pid=2032) 
2026-04-18T00:07:56.4475376Z Loading safetensors checkpoint shards:  26% Completed | 42/163 [02:12<07:00,  3.48s/it]
2026-04-18T00:07:58.1964051Z (Worker_DP0_TP0_EP0 pid=2032) 
2026-04-18T00:07:58.1964604Z Loading safetensors checkpoint shards:  26% Completed | 43/163 [02:14<05:55,  2.96s/it]
2026-04-18T00:08:03.3588034Z (Worker_DP0_TP0_EP0 pid=2032) 
2026-04-18T00:08:03.3588551Z Loading safetensors checkpoint shards:  27% Completed | 44/163 [02:19<07:10,  3.62s/it]
2026-04-18T00:08:04.8012035Z (Worker_DP0_TP0_EP0 pid=2032) 
2026-04-18T00:08:04.8012710Z Loading safetensors checkpoint shards:  28% Completed | 45/163 [02:20<05:50,  2.97s/it]
2026-04-18T00:08:07.0837776Z (Worker_DP0_TP0_EP0 pid=2032) 
2026-04-18T00:08:07.0838270Z Loading safetensors checkpoint shards:  28% Completed | 46/163 [02:22<05:23,  2.76s/it]
2026-04-18T00:08:12.3934457Z (Worker_DP0_TP0_EP0 pid=2032) 
2026-04-18T00:08:12.3935074Z Loading safetensors checkpoint shards:  29% Completed | 47/163 [02:28<06:49,  3.53s/it]
2026-04-18T00:08:13.9121158Z (Worker_DP0_TP0_EP0 pid=2032) 
2026-04-18T00:08:13.9121674Z Loading safetensors checkpoint shards:  29% Completed | 48/163 [02:29<05:36,  2.92s/it]
2026-04-18T00:08:15.9877117Z (Worker_DP0_TP0_EP0 pid=2032) 
2026-04-18T00:08:15.9877583Z Loading safetensors checkpoint shards:  30% Completed | 49/163 [02:31<05:04,  2.67s/it]
2026-04-18T00:08:21.1928740Z (Worker_DP0_TP0_EP0 pid=2032) 
2026-04-18T00:08:21.1929388Z Loading safetensors checkpoint shards:  31% Completed | 50/163 [02:37<06:27,  3.43s/it]
2026-04-18T00:08:22.8010522Z (Worker_DP0_TP0_EP0 pid=2032) 
2026-04-18T00:08:22.8011770Z Loading safetensors checkpoint shards:  31% Completed | 51/163 [02:38<05:22,  2.88s/it]
2026-04-18T00:08:27.6750009Z (Worker_DP0_TP0_EP0 pid=2032) 
2026-04-18T00:08:27.6750783Z Loading safetensors checkpoint shards:  32% Completed | 52/163 [02:43<06:26,  3.48s/it]
2026-04-18T00:08:29.4353118Z (Worker_DP0_TP0_EP0 pid=2032) 
2026-04-18T00:08:29.4353569Z Loading safetensors checkpoint shards:  33% Completed | 53/163 [02:45<05:26,  2.96s/it]
2026-04-18T00:08:31.4456637Z (Worker_DP0_TP0_EP0 pid=2032) 
2026-04-18T00:08:31.4457199Z Loading safetensors checkpoint shards:  33% Completed | 54/163 [02:47<04:51,  2.68s/it]
2026-04-18T00:08:36.8310888Z (Worker_DP0_TP0_EP0 pid=2032) 
2026-04-18T00:08:36.8311458Z Loading safetensors checkpoint shards:  34% Completed | 55/163 [02:52<06:16,  3.49s/it]
2026-04-18T00:08:38.2981478Z (Worker_DP0_TP0_EP0 pid=2032) 
2026-04-18T00:08:38.2982008Z Loading safetensors checkpoint shards:  34% Completed | 56/163 [02:54<05:08,  2.88s/it]
2026-04-18T00:08:40.6081815Z (Worker_DP0_TP0_EP0 pid=2032) 
2026-04-18T00:08:40.6082330Z Loading safetensors checkpoint shards:  35% Completed | 57/163 [02:56<04:47,  2.71s/it]
2026-04-18T00:08:45.7159411Z (Worker_DP0_TP0_EP0 pid=2032) 
2026-04-18T00:08:45.7159927Z Loading safetensors checkpoint shards:  36% Completed | 58/163 [03:01<06:00,  3.43s/it]
2026-04-18T00:08:47.4172805Z (Worker_DP0_TP0_EP0 pid=2032) 
2026-04-18T00:08:47.4173374Z Loading safetensors checkpoint shards:  36% Completed | 59/163 [03:03<05:02,  2.91s/it]
2026-04-18T00:08:51.9026776Z (Worker_DP0_TP0_EP0 pid=2032) 
2026-04-18T00:08:51.9027310Z Loading safetensors checkpoint shards:  37% Completed | 60/163 [03:07<05:48,  3.38s/it]
2026-04-18T00:08:55.2864923Z (Worker_DP0_TP0_EP0 pid=2032) 
2026-04-18T00:08:55.2865506Z Loading safetensors checkpoint shards:  37% Completed | 61/163 [03:11<05:45,  3.38s/it]
2026-04-18T00:08:56.0237408Z (Worker_DP0_TP0_EP0 pid=2032) 
2026-04-18T00:08:56.0237932Z Loading safetensors checkpoint shards:  38% Completed | 62/163 [03:11<04:21,  2.59s/it]
2026-04-18T00:09:01.6308118Z (Worker_DP0_TP0_EP0 pid=2032) 
2026-04-18T00:09:01.6308657Z Loading safetensors checkpoint shards:  39% Completed | 63/163 [03:17<05:49,  3.49s/it]
2026-04-18T00:09:02.7332029Z (Worker_DP0_TP0_EP0 pid=2032) 
2026-04-18T00:09:02.7332524Z Loading safetensors checkpoint shards:  39% Completed | 64/163 [03:18<04:34,  2.78s/it]
2026-04-18T00:09:05.0425155Z (Worker_DP0_TP0_EP0 pid=2032) 
2026-04-18T00:09:05.0425756Z Loading safetensors checkpoint shards:  40% Completed | 65/163 [03:20<04:18,  2.64s/it]
2026-04-18T00:09:10.2098694Z (Worker_DP0_TP0_EP0 pid=2032) 
2026-04-18T00:09:10.2099208Z Loading safetensors checkpoint shards:  40% Completed | 66/163 [03:26<05:29,  3.40s/it]
2026-04-18T00:09:11.9437133Z (Worker_DP0_TP0_EP0 pid=2032) 
2026-04-18T00:09:11.9437673Z Loading safetensors checkpoint shards:  41% Completed | 67/163 [03:27<04:38,  2.90s/it]
2026-04-18T00:09:13.9348536Z (Worker_DP0_TP0_EP0 pid=2032) 
2026-04-18T00:09:13.9349156Z Loading safetensors checkpoint shards:  42% Completed | 68/163 [03:29<04:09,  2.63s/it]
2026-04-18T00:09:19.1915321Z (Worker_DP0_TP0_EP0 pid=2032) 
2026-04-18T00:09:19.1915892Z Loading safetensors checkpoint shards:  42% Completed | 69/163 [03:35<05:20,  3.41s/it]
2026-04-18T00:09:20.8678342Z (Worker_DP0_TP0_EP0 pid=2032) 
2026-04-18T00:09:20.8678922Z Loading safetensors checkpoint shards:  43% Completed | 70/163 [03:36<04:29,  2.89s/it]
2026-04-18T00:09:25.9838977Z (Worker_DP0_TP0_EP0 pid=2032) 
2026-04-18T00:09:25.9839578Z Loading safetensors checkpoint shards:  44% Completed | 71/163 [03:41<05:27,  3.56s/it]
2026-04-18T00:09:27.1497987Z (Worker_DP0_TP0_EP0 pid=2032) 
2026-04-18T00:09:27.1498410Z Loading safetensors checkpoint shards:  44% Completed | 72/163 [03:43<04:18,  2.84s/it]
2026-04-18T00:09:29.3106255Z (Worker_DP0_TP0_EP0 pid=2032) 
2026-04-18T00:09:29.3106811Z Loading safetensors checkpoint shards:  45% Completed | 73/163 [03:45<03:57,  2.64s/it]
2026-04-18T00:09:34.8193408Z (Worker_DP0_TP0_EP0 pid=2032) 
2026-04-18T00:09:34.8194608Z Loading safetensors checkpoint shards:  45% Completed | 74/163 [03:50<05:11,  3.50s/it]
2026-04-18T00:09:36.3047739Z (Worker_DP0_TP0_EP0 pid=2032) 
2026-04-18T00:09:36.3048224Z Loading safetensors checkpoint shards:  46% Completed | 75/163 [03:52<04:14,  2.89s/it]
2026-04-18T00:09:38.5020377Z (Worker_DP0_TP0_EP0 pid=2032) 
2026-04-18T00:09:38.5020917Z Loading safetensors checkpoint shards:  47% Completed | 76/163 [03:54<03:53,  2.69s/it]
2026-04-18T00:09:43.8212101Z (Worker_DP0_TP0_EP0 pid=2032) 
2026-04-18T00:09:43.8212621Z Loading safetensors checkpoint shards:  47% Completed | 77/163 [03:59<04:58,  3.48s/it]
2026-04-18T00:09:45.4949278Z (Worker_DP0_TP0_EP0 pid=2032) 
2026-04-18T00:09:45.4949783Z Loading safetensors checkpoint shards:  48% Completed | 78/163 [04:01<04:09,  2.94s/it]
2026-04-18T00:09:50.3309345Z (Worker_DP0_TP0_EP0 pid=2032) 
2026-04-18T00:09:50.3309918Z Loading safetensors checkpoint shards:  48% Completed | 79/163 [04:06<04:54,  3.51s/it]
2026-04-18T00:09:53.0603048Z (Worker_DP0_TP0_EP0 pid=2032) 
2026-04-18T00:09:53.0603551Z Loading safetensors checkpoint shards:  49% Completed | 80/163 [04:08<04:31,  3.27s/it]
2026-04-18T00:09:54.1985250Z (Worker_DP0_TP0_EP0 pid=2032) 
2026-04-18T00:09:54.1985754Z Loading safetensors checkpoint shards:  50% Completed | 81/163 [04:10<03:35,  2.63s/it]
2026-04-18T00:09:59.6471941Z (Worker_DP0_TP0_EP0 pid=2032) 
2026-04-18T00:09:59.6472482Z Loading safetensors checkpoint shards:  50% Completed | 82/163 [04:15<04:41,  3.48s/it]
2026-04-18T00:10:01.0397358Z (Worker_DP0_TP0_EP0 pid=2032) 
2026-04-18T00:10:01.0397876Z Loading safetensors checkpoint shards:  51% Completed | 83/163 [04:16<03:48,  2.85s/it]
2026-04-18T00:10:03.3334580Z (Worker_DP0_TP0_EP0 pid=2032) 
2026-04-18T00:10:03.3335143Z Loading safetensors checkpoint shards:  52% Completed | 84/163 [04:19<03:32,  2.68s/it]
2026-04-18T00:10:08.7557306Z (Worker_DP0_TP0_EP0 pid=2032) 
2026-04-18T00:10:08.7557836Z Loading safetensors checkpoint shards:  52% Completed | 85/163 [04:24<04:33,  3.51s/it]
2026-04-18T00:10:10.3066631Z (Worker_DP0_TP0_EP0 pid=2032) 
2026-04-18T00:10:10.3067128Z Loading safetensors checkpoint shards:  53% Completed | 86/163 [04:26<03:44,  2.92s/it]
2026-04-18T00:10:13.2357249Z (Worker_DP0_TP0_EP0 pid=2032) 
2026-04-18T00:10:13.2357780Z Loading safetensors checkpoint shards:  53% Completed | 87/163 [04:29<03:42,  2.92s/it]
2026-04-18T00:10:17.6931517Z (Worker_DP0_TP0_EP0 pid=2032) 
2026-04-18T00:10:17.6932051Z Loading safetensors checkpoint shards:  54% Completed | 88/163 [04:33<04:13,  3.38s/it]
2026-04-18T00:10:19.3657377Z (Worker_DP0_TP0_EP0 pid=2032) 
2026-04-18T00:10:19.3657902Z Loading safetensors checkpoint shards:  55% Completed | 89/163 [04:35<03:32,  2.87s/it]
2026-04-18T00:10:24.8587180Z (Worker_DP0_TP0_EP0 pid=2032) 
2026-04-18T00:10:24.8587716Z Loading safetensors checkpoint shards:  55% Completed | 90/163 [04:40<04:26,  3.66s/it]
2026-04-18T00:10:26.1082196Z (Worker_DP0_TP0_EP0 pid=2032) 
2026-04-18T00:10:26.1082682Z Loading safetensors checkpoint shards:  56% Completed | 91/163 [04:42<03:31,  2.93s/it]
2026-04-18T00:10:28.2461202Z (Worker_DP0_TP0_EP0 pid=2032) 
2026-04-18T00:10:28.2461659Z Loading safetensors checkpoint shards:  56% Completed | 92/163 [04:44<03:11,  2.70s/it]
2026-04-18T00:10:33.8007614Z (Worker_DP0_TP0_EP0 pid=2032) 
2026-04-18T00:10:33.8008118Z Loading safetensors checkpoint shards:  57% Completed | 93/163 [04:49<04:08,  3.55s/it]
2026-04-18T00:10:35.2418248Z (Worker_DP0_TP0_EP0 pid=2032) 
2026-04-18T00:10:35.2418735Z Loading safetensors checkpoint shards:  58% Completed | 94/163 [04:51<03:21,  2.92s/it]
2026-04-18T00:10:37.4249157Z (Worker_DP0_TP0_EP0 pid=2032) 
2026-04-18T00:10:37.4249744Z Loading safetensors checkpoint shards:  58% Completed | 95/163 [04:53<03:03,  2.70s/it]
2026-04-18T00:10:42.5011825Z (Worker_DP0_TP0_EP0 pid=2032) 
2026-04-18T00:10:42.5012412Z Loading safetensors checkpoint shards:  59% Completed | 96/163 [04:58<03:48,  3.41s/it]
2026-04-18T00:10:44.0975208Z (Worker_DP0_TP0_EP0 pid=2032) 
2026-04-18T00:10:44.0976520Z Loading safetensors checkpoint shards:  60% Completed | 97/163 [05:00<03:09,  2.87s/it]
2026-04-18T00:10:48.9263470Z (Worker_DP0_TP0_EP0 pid=2032) 
2026-04-18T00:10:48.9264090Z Loading safetensors checkpoint shards:  60% Completed | 98/163 [05:04<03:44,  3.46s/it]
2026-04-18T00:10:50.4894966Z (Worker_DP0_TP0_EP0 pid=2032) 
2026-04-18T00:10:50.4895510Z Loading safetensors checkpoint shards:  61% Completed | 99/163 [05:06<03:04,  2.89s/it]
2026-04-18T00:10:52.6545544Z (Worker_DP0_TP0_EP0 pid=2032) 
2026-04-18T00:10:52.6547013Z Loading safetensors checkpoint shards:  61% Completed | 100/163 [05:08<02:48,  2.67s/it]
2026-04-18T00:10:58.0166088Z (Worker_DP0_TP0_EP0 pid=2032) 
2026-04-18T00:10:58.0166585Z Loading safetensors checkpoint shards:  62% Completed | 101/163 [05:13<03:35,  3.48s/it]
2026-04-18T00:10:59.4513834Z (Worker_DP0_TP0_EP0 pid=2032) 
2026-04-18T00:10:59.4514350Z Loading safetensors checkpoint shards:  63% Completed | 102/163 [05:15<02:54,  2.87s/it]
2026-04-18T00:11:01.6345787Z (Worker_DP0_TP0_EP0 pid=2032) 
2026-04-18T00:11:01.6346340Z Loading safetensors checkpoint shards:  63% Completed | 103/163 [05:17<02:39,  2.66s/it]
2026-04-18T00:11:06.9757800Z (Worker_DP0_TP0_EP0 pid=2032) 
2026-04-18T00:11:06.9758326Z Loading safetensors checkpoint shards:  64% Completed | 104/163 [05:22<03:24,  3.46s/it]
2026-04-18T00:11:08.5712712Z (Worker_DP0_TP0_EP0 pid=2032) 
2026-04-18T00:11:08.5713254Z Loading safetensors checkpoint shards:  64% Completed | 105/163 [05:24<02:48,  2.90s/it]
2026-04-18T00:11:13.0701978Z (Worker_DP0_TP0_EP0 pid=2032) 
2026-04-18T00:11:13.0702504Z Loading safetensors checkpoint shards:  65% Completed | 106/163 [05:28<03:12,  3.38s/it]
2026-04-18T00:11:16.1494771Z (Worker_DP0_TP0_EP0 pid=2032) 
2026-04-18T00:11:16.1495323Z Loading safetensors checkpoint shards:  66% Completed | 107/163 [05:32<03:04,  3.29s/it]
2026-04-18T00:11:17.1906778Z (Worker_DP0_TP0_EP0 pid=2032) 
2026-04-18T00:11:17.1907255Z Loading safetensors checkpoint shards:  66% Completed | 108/163 [05:33<02:23,  2.62s/it]
2026-04-18T00:11:22.6248540Z (Worker_DP0_TP0_EP0 pid=2032) 
2026-04-18T00:11:22.6249123Z Loading safetensors checkpoint shards:  67% Completed | 109/163 [05:38<03:06,  3.46s/it]
2026-04-18T00:11:23.9792743Z (Worker_DP0_TP0_EP0 pid=2032) 
2026-04-18T00:11:23.9793241Z Loading safetensors checkpoint shards:  67% Completed | 110/163 [05:39<02:29,  2.83s/it]
2026-04-18T00:11:26.0942230Z (Worker_DP0_TP0_EP0 pid=2032) 
2026-04-18T00:11:26.0942689Z Loading safetensors checkpoint shards:  68% Completed | 111/163 [05:42<02:15,  2.62s/it]
2026-04-18T00:11:31.4525604Z (Worker_DP0_TP0_EP0 pid=2032) 
2026-04-18T00:11:31.4526144Z Loading safetensors checkpoint shards:  69% Completed | 112/163 [05:47<02:55,  3.44s/it]
2026-04-18T00:11:32.9837130Z (Worker_DP0_TP0_EP0 pid=2032) 
2026-04-18T00:11:32.9837652Z Loading safetensors checkpoint shards:  69% Completed | 113/163 [05:48<02:23,  2.87s/it]
2026-04-18T00:11:34.9474039Z (Worker_DP0_TP0_EP0 pid=2032) 
2026-04-18T00:11:34.9474568Z Loading safetensors checkpoint shards:  70% Completed | 114/163 [05:50<02:07,  2.60s/it]
2026-04-18T00:11:40.1872664Z (Worker_DP0_TP0_EP0 pid=2032) 
2026-04-18T00:11:40.1873179Z Loading safetensors checkpoint shards:  71% Completed | 115/163 [05:56<02:42,  3.39s/it]
2026-04-18T00:11:41.8752258Z (Worker_DP0_TP0_EP0 pid=2032) 
2026-04-18T00:11:41.8752749Z Loading safetensors checkpoint shards:  71% Completed | 116/163 [05:57<02:15,  2.88s/it]
2026-04-18T00:11:46.9047343Z (Worker_DP0_TP0_EP0 pid=2032) 
2026-04-18T00:11:46.9047878Z Loading safetensors checkpoint shards:  72% Completed | 117/163 [06:02<02:42,  3.52s/it]
2026-04-18T00:11:48.1974711Z (Worker_DP0_TP0_EP0 pid=2032) 
2026-04-18T00:11:48.1975196Z Loading safetensors checkpoint shards:  72% Completed | 118/163 [06:04<02:08,  2.85s/it]
2026-04-18T00:11:50.3507062Z (Worker_DP0_TP0_EP0 pid=2032) 
2026-04-18T00:11:50.3507548Z Loading safetensors checkpoint shards:  73% Completed | 119/163 [06:06<01:56,  2.64s/it]
2026-04-18T00:11:55.5935908Z (Worker_DP0_TP0_EP0 pid=2032) 
2026-04-18T00:11:55.5936958Z Loading safetensors checkpoint shards:  74% Completed | 120/163 [06:11<02:27,  3.42s/it]
2026-04-18T00:11:57.0356176Z (Worker_DP0_TP0_EP0 pid=2032) 
2026-04-18T00:11:57.0356635Z Loading safetensors checkpoint shards:  74% Completed | 121/163 [06:12<01:58,  2.83s/it]
2026-04-18T00:11:59.2070882Z (Worker_DP0_TP0_EP0 pid=2032) 
2026-04-18T00:11:59.2071359Z Loading safetensors checkpoint shards:  75% Completed | 122/163 [06:15<01:47,  2.63s/it]
2026-04-18T00:12:04.3692974Z (Worker_DP0_TP0_EP0 pid=2032) 
2026-04-18T00:12:04.3694299Z Loading safetensors checkpoint shards:  75% Completed | 123/163 [06:20<02:15,  3.39s/it]
2026-04-18T00:12:06.0168053Z (Worker_DP0_TP0_EP0 pid=2032) 
2026-04-18T00:12:06.0168560Z Loading safetensors checkpoint shards:  76% Completed | 124/163 [06:21<01:51,  2.87s/it]
2026-04-18T00:12:10.8054721Z (Worker_DP0_TP0_EP0 pid=2032) 
2026-04-18T00:12:10.8055240Z Loading safetensors checkpoint shards:  77% Completed | 125/163 [06:26<02:10,  3.44s/it]
2026-04-18T00:12:12.6081939Z (Worker_DP0_TP0_EP0 pid=2032) 
2026-04-18T00:12:12.6082537Z Loading safetensors checkpoint shards:  77% Completed | 126/163 [06:28<01:49,  2.95s/it]
2026-04-18T00:12:14.8036623Z (Worker_DP0_TP0_EP0 pid=2032) 
2026-04-18T00:12:14.8037133Z Loading safetensors checkpoint shards:  78% Completed | 127/163 [06:30<01:38,  2.72s/it]
2026-04-18T00:12:20.1732828Z (Worker_DP0_TP0_EP0 pid=2032) 
2026-04-18T00:12:20.1733378Z Loading safetensors checkpoint shards:  79% Completed | 128/163 [06:36<02:03,  3.52s/it]
2026-04-18T00:12:21.7190043Z (Worker_DP0_TP0_EP0 pid=2032) 
2026-04-18T00:12:21.7190606Z Loading safetensors checkpoint shards:  79% Completed | 129/163 [06:37<01:39,  2.93s/it]
2026-04-18T00:12:23.8639236Z (Worker_DP0_TP0_EP0 pid=2032) 
2026-04-18T00:12:23.8639827Z Loading safetensors checkpoint shards:  80% Completed | 130/163 [06:39<01:28,  2.69s/it]
2026-04-18T00:12:29.1682370Z (Worker_DP0_TP0_EP0 pid=2032) 
2026-04-18T00:12:29.1682908Z Loading safetensors checkpoint shards:  80% Completed | 131/163 [06:45<01:51,  3.48s/it]
2026-04-18T00:12:30.7140627Z (Worker_DP0_TP0_EP0 pid=2032) 
2026-04-18T00:12:30.7141137Z Loading safetensors checkpoint shards:  81% Completed | 132/163 [06:46<01:29,  2.90s/it]
2026-04-18T00:12:34.3067242Z (Worker_DP0_TP0_EP0 pid=2032) 
2026-04-18T00:12:34.3067854Z Loading safetensors checkpoint shards:  82% Completed | 133/163 [06:50<01:33,  3.11s/it]
2026-04-18T00:12:38.2848859Z (Worker_DP0_TP0_EP0 pid=2032) 
2026-04-18T00:12:38.2849434Z Loading safetensors checkpoint shards:  82% Completed | 134/163 [06:54<01:37,  3.37s/it]
2026-04-18T00:12:39.6598371Z (Worker_DP0_TP0_EP0 pid=2032) 
2026-04-18T00:12:44.8089878Z Loading safetensors checkpoint shards:  83% Completed | 135/163 [06:55<01:17,  2.77s/it]
2026-04-18T00:12:44.8090451Z (Worker_DP0_TP0_EP0 pid=2032) 
2026-04-18T00:12:44.8090888Z Loading safetensors checkpoint shards:  83% Completed | 136/163 [07:00<01:34,  3.48s/it]
2026-04-18T00:12:46.3304919Z (Worker_DP0_TP0_EP0 pid=2032) 
2026-04-18T00:12:46.3305480Z Loading safetensors checkpoint shards:  84% Completed | 137/163 [07:02<01:15,  2.90s/it]
2026-04-18T00:12:48.4566447Z (Worker_DP0_TP0_EP0 pid=2032) 
2026-04-18T00:12:48.4567020Z Loading safetensors checkpoint shards:  85% Completed | 138/163 [07:04<01:06,  2.66s/it]
2026-04-18T00:12:53.7414525Z (Worker_DP0_TP0_EP0 pid=2032) 
2026-04-18T00:12:53.7415181Z Loading safetensors checkpoint shards:  85% Completed | 139/163 [07:09<01:22,  3.45s/it]
2026-04-18T00:12:55.2159753Z (Worker_DP0_TP0_EP0 pid=2032) 
2026-04-18T00:12:55.2160405Z Loading safetensors checkpoint shards:  86% Completed | 140/163 [07:11<01:05,  2.86s/it]
2026-04-18T00:12:57.3771390Z (Worker_DP0_TP0_EP0 pid=2032) 
2026-04-18T00:12:57.3771861Z Loading safetensors checkpoint shards:  87% Completed | 141/163 [07:13<00:58,  2.65s/it]
2026-04-18T00:13:02.5495579Z (Worker_DP0_TP0_EP0 pid=2032) 
2026-04-18T00:13:02.5496129Z Loading safetensors checkpoint shards:  87% Completed | 142/163 [07:18<01:11,  3.41s/it]
2026-04-18T00:13:04.3163238Z (Worker_DP0_TP0_EP0 pid=2032) 
2026-04-18T00:13:04.3165787Z Loading safetensors checkpoint shards:  88% Completed | 143/163 [07:20<00:58,  2.91s/it]
2026-04-18T00:13:09.1980418Z (Worker_DP0_TP0_EP0 pid=2032) 
2026-04-18T00:13:09.1980967Z Loading safetensors checkpoint shards:  88% Completed | 144/163 [07:25<01:06,  3.50s/it]
2026-04-18T00:13:10.6281516Z (Worker_DP0_TP0_EP0 pid=2032) 
2026-04-18T00:13:10.6281983Z Loading safetensors checkpoint shards:  89% Completed | 145/163 [07:26<00:51,  2.88s/it]
2026-04-18T00:13:12.9076611Z (Worker_DP0_TP0_EP0 pid=2032) 
2026-04-18T00:13:12.9078048Z Loading safetensors checkpoint shards:  90% Completed | 146/163 [07:28<00:45,  2.70s/it]
2026-04-18T00:13:18.2100381Z (Worker_DP0_TP0_EP0 pid=2032) 
2026-04-18T00:13:18.2100935Z Loading safetensors checkpoint shards:  90% Completed | 147/163 [07:34<00:55,  3.48s/it]
2026-04-18T00:13:19.7813761Z (Worker_DP0_TP0_EP0 pid=2032) 
2026-04-18T00:13:19.7814228Z Loading safetensors checkpoint shards:  91% Completed | 148/163 [07:35<00:43,  2.91s/it]
2026-04-18T00:13:21.8888564Z (Worker_DP0_TP0_EP0 pid=2032) 
2026-04-18T00:13:21.8889155Z Loading safetensors checkpoint shards:  91% Completed | 149/163 [07:37<00:37,  2.67s/it]
2026-04-18T00:13:27.0002121Z (Worker_DP0_TP0_EP0 pid=2032) 
2026-04-18T00:13:27.0002656Z Loading safetensors checkpoint shards:  92% Completed | 150/163 [07:42<00:44,  3.40s/it]
2026-04-18T00:13:28.6276153Z (Worker_DP0_TP0_EP0 pid=2032) 
2026-04-18T00:13:28.6276780Z Loading safetensors checkpoint shards:  93% Completed | 151/163 [07:44<00:34,  2.87s/it]
2026-04-18T00:13:33.1459991Z (Worker_DP0_TP0_EP0 pid=2032) 
2026-04-18T00:13:33.1460555Z Loading safetensors checkpoint shards:  93% Completed | 152/163 [07:49<00:37,  3.36s/it]
2026-04-18T00:13:35.9138259Z (Worker_DP0_TP0_EP0 pid=2032) 
2026-04-18T00:13:35.9138719Z Loading safetensors checkpoint shards:  94% Completed | 153/163 [07:51<00:31,  3.19s/it]
2026-04-18T00:13:36.9200879Z (Worker_DP0_TP0_EP0 pid=2032) 
2026-04-18T00:13:36.9201338Z Loading safetensors checkpoint shards:  94% Completed | 154/163 [07:52<00:22,  2.53s/it]
2026-04-18T00:13:42.3979682Z (Worker_DP0_TP0_EP0 pid=2032) 
2026-04-18T00:13:42.3980217Z Loading safetensors checkpoint shards:  95% Completed | 155/163 [07:58<00:27,  3.42s/it]
2026-04-18T00:13:43.6541266Z (Worker_DP0_TP0_EP0 pid=2032) 
2026-04-18T00:13:43.6541762Z Loading safetensors checkpoint shards:  96% Completed | 156/163 [07:59<00:19,  2.77s/it]
2026-04-18T00:13:45.8562182Z (Worker_DP0_TP0_EP0 pid=2032) 
2026-04-18T00:13:45.8562655Z Loading safetensors checkpoint shards:  96% Completed | 157/163 [08:01<00:15,  2.60s/it]
2026-04-18T00:13:48.1649708Z (Worker_DP0_TP0_EP0 pid=2032) 
2026-04-18T00:13:48.1650257Z Loading safetensors checkpoint shards:  97% Completed | 158/163 [08:04<00:12,  2.51s/it]
2026-04-18T00:13:49.7693900Z (Worker_DP0_TP0_EP0 pid=2032) 
2026-04-18T00:13:49.7694391Z Loading safetensors checkpoint shards:  98% Completed | 159/163 [08:05<00:08,  2.24s/it]
2026-04-18T00:13:50.9828968Z (Worker_DP0_TP0_EP0 pid=2032) 
2026-04-18T00:13:50.9829447Z Loading safetensors checkpoint shards:  98% Completed | 160/163 [08:06<00:05,  1.93s/it]
2026-04-18T00:13:52.5001823Z (Worker_DP0_TP0_EP0 pid=2032) 
2026-04-18T00:13:52.5002319Z Loading safetensors checkpoint shards:  99% Completed | 162/163 [08:08<00:01,  1.39s/it]
2026-04-18T00:13:55.6269680Z (Worker_DP0_TP0_EP0 pid=2032) 
2026-04-18T00:13:55.6270556Z Loading safetensors checkpoint shards: 100% Completed | 163/163 [08:11<00:00,  1.82s/it]
2026-04-18T00:13:55.6271070Z (Worker_DP0_TP0_EP0 pid=2032) 
2026-04-18T00:13:55.6271541Z Loading safetensors checkpoint shards: 100% Completed | 163/163 [08:11<00:00,  3.02s/it]
2026-04-18T00:13:55.6271998Z (Worker_DP0_TP0_EP0 pid=2032) 
2026-04-18T00:13:55.6471815Z [2026-04-18 00:13:55.646666][UC][I] Loading weights took 491.55 seconds [2032,2032][default_loader.py:384,load_weights]
2026-04-18T00:13:55.6782462Z [2026-04-18 00:13:55.677679][UC][I] Loading weights took 491.69 seconds [2031,2031][default_loader.py:384,load_weights]
2026-04-18T00:13:55.7397268Z [2026-04-18 00:13:55.738977][UC][I] Loading weights took 491.36 seconds [2457,2457][default_loader.py:384,load_weights]
2026-04-18T00:13:55.7724058Z [2026-04-18 00:13:55.771808][UC][I] Loading weights took 491.50 seconds [2363,2363][default_loader.py:384,load_weights]
2026-04-18T00:13:55.7851200Z [2026-04-18 00:13:55.784588][UC][I] Loading weights took 491.52 seconds [2459,2459][default_loader.py:384,load_weights]
2026-04-18T00:13:55.8122916Z [2026-04-18 00:13:55.811672][UC][I] Loading weights took 491.44 seconds [2364,2364][default_loader.py:384,load_weights]
2026-04-18T00:13:55.8276788Z [2026-04-18 00:13:55.827115][UC][I] Loading weights took 491.82 seconds [2084,2084][default_loader.py:384,load_weights]
2026-04-18T00:13:55.8543479Z [2026-04-18 00:13:55.853674][UC][I] Loading weights took 491.36 seconds [2553,2553][default_loader.py:384,load_weights]
2026-04-18T00:13:55.8612606Z [2026-04-18 00:13:55.860650][UC][I] Loading weights took 491.20 seconds [2175,2175][default_loader.py:384,load_weights]
2026-04-18T00:13:55.8655713Z [2026-04-18 00:13:55.865097][UC][I] Loading weights took 491.83 seconds [2080,2080][default_loader.py:384,load_weights]
2026-04-18T00:13:55.8726251Z [2026-04-18 00:13:55.871986][UC][I] Loading weights took 491.32 seconds [2269,2269][default_loader.py:384,load_weights]
2026-04-18T00:13:55.9041126Z [2026-04-18 00:13:55.903292][UC][I] Loading weights took 491.78 seconds [2550,2550][default_loader.py:384,load_weights]
2026-04-18T00:13:55.9131917Z [2026-04-18 00:13:55.912561][UC][I] Loading weights took 491.90 seconds [2176,2176][default_loader.py:384,load_weights]
2026-04-18T00:13:55.9148208Z [2026-04-18 00:13:55.914273][UC][I] Loading weights took 491.89 seconds [2271,2271][default_loader.py:384,load_weights]
2026-04-18T00:13:55.9225338Z [2026-04-18 00:13:55.921805][UC][I] Loading weights took 491.34 seconds [2648,2648][default_loader.py:384,load_weights]
2026-04-18T00:13:55.9595961Z [2026-04-18 00:13:55.958631][UC][I] Loading weights took 491.93 seconds [2644,2644][default_loader.py:384,load_weights]
2026-04-18T00:14:11.0911464Z INFO 04-18 00:14:11 [__init__.py:44] Available plugins for group vllm.platform_plugins:
2026-04-18T00:14:11.0912132Z INFO 04-18 00:14:11 [__init__.py:46] - ascend -> vllm_ascend:register
2026-04-18T00:14:11.0912933Z INFO 04-18 00:14:11 [__init__.py:49] All plugins in this group will be loaded. Set `VLLM_PLUGINS` to control which plugins to load.
2026-04-18T00:14:11.0913725Z INFO 04-18 00:14:11 [__init__.py:44] Available plugins for group vllm.platform_plugins:
2026-04-18T00:14:11.0914296Z INFO 04-18 00:14:11 [__init__.py:46] - ascend -> vllm_ascend:register
2026-04-18T00:14:11.0915049Z INFO 04-18 00:14:11 [__init__.py:49] All plugins in this group will be loaded. Set `VLLM_PLUGINS` to control which plugins to load.
2026-04-18T00:14:11.0915802Z INFO 04-18 00:14:11 [__init__.py:44] Available plugins for group vllm.platform_plugins:
2026-04-18T00:14:11.0916362Z INFO 04-18 00:14:11 [__init__.py:46] - ascend -> vllm_ascend:register
2026-04-18T00:14:11.0917087Z INFO 04-18 00:14:11 [__init__.py:49] All plugins in this group will be loaded. Set `VLLM_PLUGINS` to control which plugins to load.
2026-04-18T00:14:11.0917838Z INFO 04-18 00:14:11 [__init__.py:44] Available plugins for group vllm.platform_plugins:
2026-04-18T00:14:11.0918414Z INFO 04-18 00:14:11 [__init__.py:46] - ascend -> vllm_ascend:register
2026-04-18T00:14:11.0919080Z INFO 04-18 00:14:11 [__init__.py:49] All plugins in this group will be loaded. Set `VLLM_PLUGINS` to control which plugins to load.
2026-04-18T00:14:11.0919819Z INFO 04-18 00:14:11 [__init__.py:44] Available plugins for group vllm.platform_plugins:
2026-04-18T00:14:11.0920393Z INFO 04-18 00:14:11 [__init__.py:44] Available plugins for group vllm.platform_plugins:
2026-04-18T00:14:11.0920909Z INFO 04-18 00:14:11 [__init__.py:46] - ascend -> vllm_ascend:register
2026-04-18T00:14:11.0921572Z INFO 04-18 00:14:11 [__init__.py:49] All plugins in this group will be loaded. Set `VLLM_PLUGINS` to control which plugins to load.
2026-04-18T00:14:11.0922232Z INFO 04-18 00:14:11 [__init__.py:46] - ascend -> vllm_ascend:register
2026-04-18T00:14:11.0923529Z INFO 04-18 00:14:11 [__init__.py:49] All plugins in this group will be loaded. Set `VLLM_PLUGINS` to control which plugins to load.
2026-04-18T00:14:11.0924300Z INFO 04-18 00:14:11 [__init__.py:44] Available plugins for group vllm.platform_plugins:
2026-04-18T00:14:11.0924806Z INFO 04-18 00:14:11 [__init__.py:46] - ascend -> vllm_ascend:register
2026-04-18T00:14:11.0925456Z INFO 04-18 00:14:11 [__init__.py:49] All plugins in this group will be loaded. Set `VLLM_PLUGINS` to control which plugins to load.
2026-04-18T00:14:11.0926411Z INFO 04-18 00:14:11 [__init__.py:44] Available plugins for group vllm.platform_plugins:
2026-04-18T00:14:11.0926968Z INFO 04-18 00:14:11 [__init__.py:44] Available plugins for group vllm.platform_plugins:
2026-04-18T00:14:11.0927474Z INFO 04-18 00:14:11 [__init__.py:46] - ascend -> vllm_ascend:register
2026-04-18T00:14:11.0927913Z INFO 04-18 00:14:11 [__init__.py:46] - ascend -> vllm_ascend:register
2026-04-18T00:14:11.0928421Z INFO 04-18 00:14:11 [__init__.py:44] Available plugins for group vllm.platform_plugins:
2026-04-18T00:14:11.0928964Z INFO 04-18 00:14:11 [__init__.py:44] Available plugins for group vllm.platform_plugins:
2026-04-18T00:14:11.0929680Z INFO 04-18 00:14:11 [__init__.py:49] All plugins in this group will be loaded. Set `VLLM_PLUGINS` to control which plugins to load.
2026-04-18T00:14:11.0930535Z INFO 04-18 00:14:11 [__init__.py:49] All plugins in this group will be loaded. Set `VLLM_PLUGINS` to control which plugins to load.
2026-04-18T00:14:11.0931235Z INFO 04-18 00:14:11 [__init__.py:46] - ascend -> vllm_ascend:register
2026-04-18T00:14:11.0931681Z INFO 04-18 00:14:11 [__init__.py:46] - ascend -> vllm_ascend:register
2026-04-18T00:14:11.0932322Z INFO 04-18 00:14:11 [__init__.py:49] All plugins in this group will be loaded. Set `VLLM_PLUGINS` to control which plugins to load.
2026-04-18T00:14:11.0933183Z INFO 04-18 00:14:11 [__init__.py:49] All plugins in this group will be loaded. Set `VLLM_PLUGINS` to control which plugins to load.
2026-04-18T00:14:11.0933883Z INFO 04-18 00:14:11 [__init__.py:44] Available plugins for group vllm.platform_plugins:
2026-04-18T00:14:11.0934393Z INFO 04-18 00:14:11 [__init__.py:46] - ascend -> vllm_ascend:register
2026-04-18T00:14:11.0935047Z INFO 04-18 00:14:11 [__init__.py:49] All plugins in this group will be loaded. Set `VLLM_PLUGINS` to control which plugins to load.
2026-04-18T00:14:11.1093185Z INFO 04-18 00:14:11 [__init__.py:239] Platform plugin ascend is activated
2026-04-18T00:14:11.1093689Z INFO 04-18 00:14:11 [__init__.py:239] Platform plugin ascend is activated
2026-04-18T00:14:11.1094144Z INFO 04-18 00:14:11 [__init__.py:239] Platform plugin ascend is activated
2026-04-18T00:14:11.1094615Z INFO 04-18 00:14:11 [__init__.py:239] Platform plugin ascend is activated
2026-04-18T00:14:11.1095084Z INFO 04-18 00:14:11 [__init__.py:239] Platform plugin ascend is activated
2026-04-18T00:14:11.1095538Z INFO 04-18 00:14:11 [__init__.py:239] Platform plugin ascend is activated
2026-04-18T00:14:11.1096001Z INFO 04-18 00:14:11 [__init__.py:239] Platform plugin ascend is activated
2026-04-18T00:14:11.1096453Z INFO 04-18 00:14:11 [__init__.py:239] Platform plugin ascend is activated
2026-04-18T00:14:11.1096920Z INFO 04-18 00:14:11 [__init__.py:239] Platform plugin ascend is activated
2026-04-18T00:14:11.1097391Z INFO 04-18 00:14:11 [__init__.py:239] Platform plugin ascend is activated
2026-04-18T00:14:11.1097862Z INFO 04-18 00:14:11 [__init__.py:239] Platform plugin ascend is activated
2026-04-18T00:14:11.1098340Z INFO 04-18 00:14:11 [__init__.py:239] Platform plugin ascend is activated
2026-04-18T00:14:11.2054637Z INFO 04-18 00:14:11 [__init__.py:44] Available plugins for group vllm.platform_plugins:
2026-04-18T00:14:11.2055194Z INFO 04-18 00:14:11 [__init__.py:46] - ascend -> vllm_ascend:register
2026-04-18T00:14:11.2055861Z INFO 04-18 00:14:11 [__init__.py:49] All plugins in this group will be loaded. Set `VLLM_PLUGINS` to control which plugins to load.
2026-04-18T00:14:11.2056982Z INFO 04-18 00:14:11 [__init__.py:44] Available plugins for group vllm.platform_plugins:
2026-04-18T00:14:11.2057516Z INFO 04-18 00:14:11 [__init__.py:46] - ascend -> vllm_ascend:register
2026-04-18T00:14:11.2058170Z INFO 04-18 00:14:11 [__init__.py:49] All plugins in this group will be loaded. Set `VLLM_PLUGINS` to control which plugins to load.
2026-04-18T00:14:11.2128693Z INFO 04-18 00:14:11 [__init__.py:239] Platform plugin ascend is activated
2026-04-18T00:14:11.2131520Z INFO 04-18 00:14:11 [__init__.py:239] Platform plugin ascend is activated
2026-04-18T00:14:11.3149144Z INFO 04-18 00:14:11 [__init__.py:44] Available plugins for group vllm.platform_plugins:
2026-04-18T00:14:11.3149708Z INFO 04-18 00:14:11 [__init__.py:46] - ascend -> vllm_ascend:register
2026-04-18T00:14:11.3150446Z INFO 04-18 00:14:11 [__init__.py:49] All plugins in this group will be loaded. Set `VLLM_PLUGINS` to control which plugins to load.
2026-04-18T00:14:11.3151174Z INFO 04-18 00:14:11 [__init__.py:44] Available plugins for group vllm.platform_plugins:
2026-04-18T00:14:11.3151731Z INFO 04-18 00:14:11 [__init__.py:46] - ascend -> vllm_ascend:register
2026-04-18T00:14:11.3152390Z INFO 04-18 00:14:11 [__init__.py:49] All plugins in this group will be loaded. Set `VLLM_PLUGINS` to control which plugins to load.
2026-04-18T00:14:11.3228184Z INFO 04-18 00:14:11 [__init__.py:239] Platform plugin ascend is activated
2026-04-18T00:14:11.3228674Z INFO 04-18 00:14:11 [__init__.py:239] Platform plugin ascend is activated
2026-04-18T00:14:27.1749227Z (Worker_DP1_TP4_EP12 pid=2364) WARNING 04-18 00:14:27 [sfa_v1.py:539] Currently mlapo does not support SFA with CP,thus mlapo is disabled for these layers.
2026-04-18T00:14:27.1751182Z (Worker_DP1_TP7_EP15 pid=2648) WARNING 04-18 00:14:27 [sfa_v1.py:539] Currently mlapo does not support SFA with CP,thus mlapo is disabled for these layers.
2026-04-18T00:14:27.3238818Z (Worker_DP1_TP7_EP15 pid=2648) INFO 04-18 00:14:27 [model_runner_v1.py:2560] Loading drafter model...
2026-04-18T00:14:27.3373587Z (Worker_DP1_TP4_EP12 pid=2364) INFO 04-18 00:14:27 [model_runner_v1.py:2560] Loading drafter model...
2026-04-18T00:14:27.3475972Z (Worker_DP1_TP6_EP14 pid=2553) WARNING 04-18 00:14:27 [sfa_v1.py:539] Currently mlapo does not support SFA with CP,thus mlapo is disabled for these layers.
2026-04-18T00:14:27.4441644Z (Worker_DP1_TP1_EP9 pid=2080) WARNING 04-18 00:14:27 [sfa_v1.py:539] Currently mlapo does not support SFA with CP,thus mlapo is disabled for these layers.
2026-04-18T00:14:27.4800419Z (Worker_DP0_TP3_EP3 pid=2269) WARNING 04-18 00:14:27 [sfa_v1.py:539] Currently mlapo does not support SFA with CP,thus mlapo is disabled for these layers.
2026-04-18T00:14:27.4801841Z (Worker_DP0_TP1_EP1 pid=2084) WARNING 04-18 00:14:27 [sfa_v1.py:539] Currently mlapo does not support SFA with CP,thus mlapo is disabled for these layers.
2026-04-18T00:14:27.5076523Z (Worker_DP1_TP6_EP14 pid=2553) INFO 04-18 00:14:27 [model_runner_v1.py:2560] Loading drafter model...
2026-04-18T00:14:27.5184834Z (Worker_DP0_TP0_EP0 pid=2032) WARNING 04-18 00:14:27 [sfa_v1.py:539] Currently mlapo does not support SFA with CP,thus mlapo is disabled for these layers.
2026-04-18T00:14:27.5228209Z (Worker_DP0_TP4_EP4 pid=2363) WARNING 04-18 00:14:27 [sfa_v1.py:539] Currently mlapo does not support SFA with CP,thus mlapo is disabled for these layers.
2026-04-18T00:14:27.5379216Z (Worker_DP0_TP2_EP2 pid=2175) WARNING 04-18 00:14:27 [sfa_v1.py:539] Currently mlapo does not support SFA with CP,thus mlapo is disabled for these layers.
2026-04-18T00:14:27.5536152Z (Worker_DP0_TP6_EP6 pid=2550) WARNING 04-18 00:14:27 [sfa_v1.py:539] Currently mlapo does not support SFA with CP,thus mlapo is disabled for these layers.
2026-04-18T00:14:27.5574869Z (Worker_DP0_TP5_EP5 pid=2457) WARNING 04-18 00:14:27 [sfa_v1.py:539] Currently mlapo does not support SFA with CP,thus mlapo is disabled for these layers.
2026-04-18T00:14:27.5612205Z (Worker_DP0_TP7_EP7 pid=2644) WARNING 04-18 00:14:27 [sfa_v1.py:539] Currently mlapo does not support SFA with CP,thus mlapo is disabled for these layers.
2026-04-18T00:14:27.5661882Z (Worker_DP1_TP0_EP8 pid=2031) WARNING 04-18 00:14:27 [sfa_v1.py:539] Currently mlapo does not support SFA with CP,thus mlapo is disabled for these layers.
2026-04-18T00:14:27.5798728Z (Worker_DP1_TP1_EP9 pid=2080) INFO 04-18 00:14:27 [model_runner_v1.py:2560] Loading drafter model...
2026-04-18T00:14:27.6499838Z (Worker_DP1_TP5_EP13 pid=2459) WARNING 04-18 00:14:27 [sfa_v1.py:539] Currently mlapo does not support SFA with CP,thus mlapo is disabled for these layers.
2026-04-18T00:14:27.6719697Z (Worker_DP1_TP2_EP10 pid=2176) WARNING 04-18 00:14:27 [sfa_v1.py:539] Currently mlapo does not support SFA with CP,thus mlapo is disabled for these layers.
2026-04-18T00:14:27.6797518Z (Worker_DP0_TP3_EP3 pid=2269) INFO 04-18 00:14:27 [model_runner_v1.py:2560] Loading drafter model...
2026-04-18T00:14:27.6945535Z (Worker_DP0_TP1_EP1 pid=2084) INFO 04-18 00:14:27 [model_runner_v1.py:2560] Loading drafter model...
2026-04-18T00:14:27.7468569Z (Worker_DP0_TP4_EP4 pid=2363) INFO 04-18 00:14:27 [model_runner_v1.py:2560] Loading drafter model...
2026-04-18T00:14:27.7911129Z (Worker_DP0_TP0_EP0 pid=2032) INFO 04-18 00:14:27 [model_runner_v1.py:2560] Loading drafter model...
2026-04-18T00:14:27.8577970Z (Worker_DP0_TP6_EP6 pid=2550) INFO 04-18 00:14:27 [model_runner_v1.py:2560] Loading drafter model...
2026-04-18T00:14:27.8739302Z (Worker_DP0_TP7_EP7 pid=2644) INFO 04-18 00:14:27 [model_runner_v1.py:2560] Loading drafter model...
2026-04-18T00:14:27.8779312Z (Worker_DP1_TP0_EP8 pid=2031) INFO 04-18 00:14:27 [model_runner_v1.py:2560] Loading drafter model...
2026-04-18T00:14:27.9267723Z (Worker_DP1_TP3_EP11 pid=2271) WARNING 04-18 00:14:27 [sfa_v1.py:539] Currently mlapo does not support SFA with CP,thus mlapo is disabled for these layers.
2026-04-18T00:14:27.9382040Z (Worker_DP0_TP2_EP2 pid=2175) INFO 04-18 00:14:27 [model_runner_v1.py:2560] Loading drafter model...
2026-04-18T00:14:27.9509746Z (Worker_DP0_TP5_EP5 pid=2457) INFO 04-18 00:14:27 [model_runner_v1.py:2560] Loading drafter model...
2026-04-18T00:14:28.0546805Z (Worker_DP1_TP2_EP10 pid=2176) INFO 04-18 00:14:28 [model_runner_v1.py:2560] Loading drafter model...
2026-04-18T00:14:28.0562075Z (Worker_DP1_TP5_EP13 pid=2459) INFO 04-18 00:14:28 [model_runner_v1.py:2560] Loading drafter model...
2026-04-18T00:14:28.1091983Z (Worker_DP1_TP3_EP11 pid=2271) INFO 04-18 00:14:28 [model_runner_v1.py:2560] Loading drafter model...
2026-04-18T00:14:38.3216017Z (Worker_DP0_TP0_EP0 pid=2032) 
2026-04-18T00:14:38.3216597Z Loading safetensors checkpoint shards:   0% Completed | 0/163 [00:00<?, ?it/s]
2026-04-18T00:14:39.1054543Z (Worker_DP0_TP0_EP0 pid=2032) 
2026-04-18T00:14:39.1055085Z Loading safetensors checkpoint shards:   1% Completed | 1/163 [00:00<02:06,  1.28it/s]
2026-04-18T00:14:40.4259185Z (Worker_DP0_TP0_EP0 pid=2032) 
2026-04-18T00:14:40.4259740Z Loading safetensors checkpoint shards:   1% Completed | 2/163 [00:02<02:57,  1.10s/it]
2026-04-18T00:14:41.7403245Z (Worker_DP0_TP0_EP0 pid=2032) 
2026-04-18T00:14:41.7403796Z Loading safetensors checkpoint shards:   2% Completed | 3/163 [00:03<03:11,  1.20s/it]
2026-04-18T00:14:42.9079301Z (Worker_DP0_TP0_EP0 pid=2032) 
2026-04-18T00:14:42.9079835Z Loading safetensors checkpoint shards:   2% Completed | 4/163 [00:04<03:08,  1.19s/it]
2026-04-18T00:14:44.1975230Z (Worker_DP0_TP0_EP0 pid=2032) 
2026-04-18T00:14:44.1975739Z Loading safetensors checkpoint shards:   3% Completed | 5/163 [00:05<03:13,  1.22s/it]
2026-04-18T00:14:45.5961358Z (Worker_DP0_TP0_EP0 pid=2032) 
2026-04-18T00:14:45.5961907Z Loading safetensors checkpoint shards:   4% Completed | 6/163 [00:07<03:21,  1.28s/it]
2026-04-18T00:14:46.8311430Z (Worker_DP0_TP0_EP0 pid=2032) 
2026-04-18T00:14:46.8311932Z Loading safetensors checkpoint shards:   4% Completed | 7/163 [00:08<03:17,  1.27s/it]
2026-04-18T00:14:48.0953146Z (Worker_DP0_TP0_EP0 pid=2032) 
2026-04-18T00:14:48.0953792Z Loading safetensors checkpoint shards:   5% Completed | 8/163 [00:09<03:16,  1.27s/it]
2026-04-18T00:14:49.2696582Z (Worker_DP0_TP0_EP0 pid=2032) 
2026-04-18T00:14:49.2697954Z Loading safetensors checkpoint shards:   6% Completed | 9/163 [00:10<03:10,  1.24s/it]
2026-04-18T00:14:50.5924355Z (Worker_DP0_TP0_EP0 pid=2032) 
2026-04-18T00:14:50.5924953Z Loading safetensors checkpoint shards:   6% Completed | 10/163 [00:12<03:13,  1.26s/it]
2026-04-18T00:14:51.8636028Z (Worker_DP0_TP0_EP0 pid=2032) 
2026-04-18T00:14:51.8636533Z Loading safetensors checkpoint shards:   7% Completed | 11/163 [00:13<03:12,  1.27s/it]
2026-04-18T00:14:52.9608740Z (Worker_DP0_TP0_EP0 pid=2032) 
2026-04-18T00:14:52.9610002Z Loading safetensors checkpoint shards:   7% Completed | 12/163 [00:14<03:03,  1.21s/it]
2026-04-18T00:14:54.2328891Z (Worker_DP0_TP0_EP0 pid=2032) 
2026-04-18T00:14:54.2329453Z Loading safetensors checkpoint shards:   8% Completed | 13/163 [00:15<03:04,  1.23s/it]
2026-04-18T00:14:55.4927614Z (Worker_DP0_TP0_EP0 pid=2032) 
2026-04-18T00:14:55.4928190Z Loading safetensors checkpoint shards:   9% Completed | 14/163 [00:17<03:04,  1.24s/it]
2026-04-18T00:14:56.6979678Z (Worker_DP0_TP0_EP0 pid=2032) 
2026-04-18T00:14:56.6980274Z Loading safetensors checkpoint shards:   9% Completed | 15/163 [00:18<03:02,  1.23s/it]
2026-04-18T00:14:57.9208951Z (Worker_DP0_TP0_EP0 pid=2032) 
2026-04-18T00:14:57.9209462Z Loading safetensors checkpoint shards:  10% Completed | 16/163 [00:19<03:00,  1.23s/it]
2026-04-18T00:14:59.0194521Z (Worker_DP0_TP0_EP0 pid=2032) 
2026-04-18T00:14:59.0195044Z Loading safetensors checkpoint shards:  10% Completed | 17/163 [00:20<02:53,  1.19s/it]
2026-04-18T00:15:00.3323956Z (Worker_DP0_TP0_EP0 pid=2032) 
2026-04-18T00:15:00.3324507Z Loading safetensors checkpoint shards:  11% Completed | 18/163 [00:22<02:57,  1.23s/it]
2026-04-18T00:15:01.6112889Z (Worker_DP0_TP0_EP0 pid=2032) 
2026-04-18T00:15:01.6113416Z Loading safetensors checkpoint shards:  12% Completed | 19/163 [00:23<02:58,  1.24s/it]
2026-04-18T00:15:02.8119124Z (Worker_DP0_TP0_EP0 pid=2032) 
2026-04-18T00:15:02.8119648Z Loading safetensors checkpoint shards:  12% Completed | 20/163 [00:24<02:55,  1.23s/it]
2026-04-18T00:15:04.0098798Z (Worker_DP0_TP0_EP0 pid=2032) 
2026-04-18T00:15:04.0099308Z Loading safetensors checkpoint shards:  13% Completed | 21/163 [00:25<02:53,  1.22s/it]
2026-04-18T00:15:05.4047870Z (Worker_DP0_TP0_EP0 pid=2032) 
2026-04-18T00:15:05.4048377Z Loading safetensors checkpoint shards:  13% Completed | 22/163 [00:27<02:59,  1.27s/it]
2026-04-18T00:15:06.6817028Z (Worker_DP0_TP0_EP0 pid=2032) 
2026-04-18T00:15:06.6817545Z Loading safetensors checkpoint shards:  14% Completed | 23/163 [00:28<02:58,  1.27s/it]
2026-04-18T00:15:08.0104383Z (Worker_DP0_TP0_EP0 pid=2032) 
2026-04-18T00:15:08.0105043Z Loading safetensors checkpoint shards:  15% Completed | 24/163 [00:29<02:59,  1.29s/it]
2026-04-18T00:15:09.1907355Z (Worker_DP0_TP0_EP0 pid=2032) 
2026-04-18T00:15:09.1909450Z Loading safetensors checkpoint shards:  15% Completed | 25/163 [00:30<02:53,  1.26s/it]
2026-04-18T00:15:10.4832256Z (Worker_DP0_TP0_EP0 pid=2032) 
2026-04-18T00:15:10.4832844Z Loading safetensors checkpoint shards:  16% Completed | 26/163 [00:32<02:53,  1.27s/it]
2026-04-18T00:15:11.7784408Z (Worker_DP0_TP0_EP0 pid=2032) 
2026-04-18T00:15:11.7784991Z Loading safetensors checkpoint shards:  17% Completed | 27/163 [00:33<02:53,  1.28s/it]
2026-04-18T00:15:12.9071829Z (Worker_DP0_TP0_EP0 pid=2032) 
2026-04-18T00:15:12.9072379Z Loading safetensors checkpoint shards:  17% Completed | 28/163 [00:34<02:46,  1.23s/it]
2026-04-18T00:15:14.4790151Z (Worker_DP0_TP0_EP0 pid=2032) 
2026-04-18T00:15:14.4790755Z Loading safetensors checkpoint shards:  18% Completed | 29/163 [00:36<02:58,  1.33s/it]
2026-04-18T00:15:15.7475793Z (Worker_DP0_TP0_EP0 pid=2032) 
2026-04-18T00:15:15.7476291Z Loading safetensors checkpoint shards:  18% Completed | 30/163 [00:37<02:54,  1.31s/it]
2026-04-18T00:15:16.8560597Z (Worker_DP0_TP0_EP0 pid=2032) 
2026-04-18T00:15:16.8561108Z Loading safetensors checkpoint shards:  19% Completed | 31/163 [00:38<02:45,  1.25s/it]
2026-04-18T00:15:18.0615051Z (Worker_DP0_TP0_EP0 pid=2032) 
2026-04-18T00:15:18.0616329Z Loading safetensors checkpoint shards:  20% Completed | 32/163 [00:39<02:42,  1.24s/it]
2026-04-18T00:15:19.2843469Z (Worker_DP0_TP0_EP0 pid=2032) 
2026-04-18T00:15:19.2844015Z Loading safetensors checkpoint shards:  20% Completed | 33/163 [00:40<02:40,  1.23s/it]
2026-04-18T00:15:20.6763453Z (Worker_DP0_TP0_EP0 pid=2032) 
2026-04-18T00:15:20.6763964Z Loading safetensors checkpoint shards:  21% Completed | 34/163 [00:42<02:45,  1.28s/it]
2026-04-18T00:15:22.1636317Z (Worker_DP0_TP0_EP0 pid=2032) 
2026-04-18T00:15:22.1637596Z Loading safetensors checkpoint shards:  21% Completed | 35/163 [00:43<02:51,  1.34s/it]
2026-04-18T00:15:23.3162611Z (Worker_DP0_TP0_EP0 pid=2032) 
2026-04-18T00:15:23.3163112Z Loading safetensors checkpoint shards:  22% Completed | 36/163 [00:44<02:43,  1.29s/it]
2026-04-18T00:15:24.5773542Z (Worker_DP0_TP0_EP0 pid=2032) 
2026-04-18T00:15:24.5774070Z Loading safetensors checkpoint shards:  23% Completed | 37/163 [00:46<02:41,  1.28s/it]
2026-04-18T00:15:25.8874148Z (Worker_DP0_TP0_EP0 pid=2032) 
2026-04-18T00:15:25.8874680Z Loading safetensors checkpoint shards:  23% Completed | 38/163 [00:47<02:40,  1.29s/it]
2026-04-18T00:15:27.0073664Z (Worker_DP0_TP0_EP0 pid=2032) 
2026-04-18T00:15:27.0074144Z Loading safetensors checkpoint shards:  24% Completed | 39/163 [00:48<02:33,  1.24s/it]
2026-04-18T00:15:28.3368277Z (Worker_DP0_TP0_EP0 pid=2032) 
2026-04-18T00:15:28.3368805Z Loading safetensors checkpoint shards:  25% Completed | 40/163 [00:50<02:35,  1.27s/it]
2026-04-18T00:15:29.6721887Z (Worker_DP0_TP0_EP0 pid=2032) 
2026-04-18T00:15:29.6722496Z Loading safetensors checkpoint shards:  25% Completed | 41/163 [00:51<02:36,  1.29s/it]
2026-04-18T00:15:30.8702328Z (Worker_DP0_TP0_EP0 pid=2032) 
2026-04-18T00:15:30.8702887Z Loading safetensors checkpoint shards:  26% Completed | 42/163 [00:52<02:32,  1.26s/it]
2026-04-18T00:15:32.0964440Z (Worker_DP0_TP0_EP0 pid=2032) 
2026-04-18T00:15:32.0964959Z Loading safetensors checkpoint shards:  26% Completed | 43/163 [00:53<02:29,  1.25s/it]
2026-04-18T00:15:33.2690804Z (Worker_DP0_TP0_EP0 pid=2032) 
2026-04-18T00:15:33.2691374Z Loading safetensors checkpoint shards:  27% Completed | 44/163 [00:54<02:25,  1.23s/it]
2026-04-18T00:15:34.5091261Z (Worker_DP0_TP0_EP0 pid=2032) 
2026-04-18T00:15:34.5091776Z Loading safetensors checkpoint shards:  28% Completed | 45/163 [00:56<02:25,  1.23s/it]
2026-04-18T00:15:35.7198444Z (Worker_DP0_TP0_EP0 pid=2032) 
2026-04-18T00:15:35.7198965Z Loading safetensors checkpoint shards:  28% Completed | 46/163 [00:57<02:23,  1.22s/it]
2026-04-18T00:15:36.8893967Z (Worker_DP0_TP0_EP0 pid=2032) 
2026-04-18T00:15:36.8894549Z Loading safetensors checkpoint shards:  29% Completed | 47/163 [00:58<02:20,  1.21s/it]
2026-04-18T00:15:38.1245664Z (Worker_DP0_TP0_EP0 pid=2032) 
2026-04-18T00:15:38.1246210Z Loading safetensors checkpoint shards:  29% Completed | 48/163 [00:59<02:19,  1.22s/it]
2026-04-18T00:15:39.3466189Z (Worker_DP0_TP0_EP0 pid=2032) 
2026-04-18T00:15:39.3466735Z Loading safetensors checkpoint shards:  30% Completed | 49/163 [01:01<02:18,  1.22s/it]
2026-04-18T00:15:40.4622741Z (Worker_DP0_TP0_EP0 pid=2032) 
2026-04-18T00:15:40.4623275Z Loading safetensors checkpoint shards:  31% Completed | 50/163 [01:02<02:14,  1.19s/it]
2026-04-18T00:15:41.7349216Z (Worker_DP0_TP0_EP0 pid=2032) 
2026-04-18T00:15:41.7349734Z Loading safetensors checkpoint shards:  31% Completed | 51/163 [01:03<02:15,  1.21s/it]
2026-04-18T00:15:42.8812699Z (Worker_DP0_TP0_EP0 pid=2032) 
2026-04-18T00:15:42.8813197Z Loading safetensors checkpoint shards:  32% Completed | 52/163 [01:04<02:12,  1.19s/it]
2026-04-18T00:15:44.1156401Z (Worker_DP0_TP0_EP0 pid=2032) 
2026-04-18T00:15:44.1156907Z Loading safetensors checkpoint shards:  33% Completed | 53/163 [01:05<02:12,  1.21s/it]
2026-04-18T00:15:45.4016109Z (Worker_DP0_TP0_EP0 pid=2032) 
2026-04-18T00:15:45.4016620Z Loading safetensors checkpoint shards:  33% Completed | 54/163 [01:07<02:14,  1.23s/it]
2026-04-18T00:15:46.5665184Z (Worker_DP0_TP0_EP0 pid=2032) 
2026-04-18T00:15:46.5666429Z Loading safetensors checkpoint shards:  34% Completed | 55/163 [01:08<02:10,  1.21s/it]
2026-04-18T00:15:47.8499322Z (Worker_DP0_TP0_EP0 pid=2032) 
2026-04-18T00:15:47.8499910Z Loading safetensors checkpoint shards:  34% Completed | 56/163 [01:09<02:11,  1.23s/it]
2026-04-18T00:15:49.0821799Z (Worker_DP0_TP0_EP0 pid=2032) 
2026-04-18T00:15:49.0822327Z Loading safetensors checkpoint shards:  35% Completed | 57/163 [01:10<02:10,  1.23s/it]
2026-04-18T00:15:50.2031188Z (Worker_DP0_TP0_EP0 pid=2032) 
2026-04-18T00:15:50.2031710Z Loading safetensors checkpoint shards:  36% Completed | 58/163 [01:11<02:05,  1.20s/it]
2026-04-18T00:15:51.6178189Z (Worker_DP0_TP0_EP0 pid=2032) 
2026-04-18T00:15:51.6178722Z Loading safetensors checkpoint shards:  36% Completed | 59/163 [01:13<02:11,  1.26s/it]
2026-04-18T00:15:52.8227254Z (Worker_DP0_TP0_EP0 pid=2032) 
2026-04-18T00:15:52.8227800Z Loading safetensors checkpoint shards:  37% Completed | 60/163 [01:14<02:08,  1.25s/it]
2026-04-18T00:15:53.9801316Z (Worker_DP0_TP0_EP0 pid=2032) 
2026-04-18T00:15:53.9801869Z Loading safetensors checkpoint shards:  37% Completed | 61/163 [01:15<02:04,  1.22s/it]
2026-04-18T00:15:55.1905959Z (Worker_DP0_TP0_EP0 pid=2032) 
2026-04-18T00:15:55.1906420Z Loading safetensors checkpoint shards:  38% Completed | 62/163 [01:16<02:02,  1.22s/it]
2026-04-18T00:15:56.3415890Z (Worker_DP0_TP0_EP0 pid=2032) 
2026-04-18T00:15:56.3416401Z Loading safetensors checkpoint shards:  39% Completed | 63/163 [01:18<01:59,  1.20s/it]
2026-04-18T00:15:57.6792081Z (Worker_DP0_TP0_EP0 pid=2032) 
2026-04-18T00:15:57.6792658Z Loading safetensors checkpoint shards:  39% Completed | 64/163 [01:19<02:02,  1.24s/it]
2026-04-18T00:15:59.0650188Z (Worker_DP0_TP0_EP0 pid=2032) 
2026-04-18T00:15:59.0650731Z Loading safetensors checkpoint shards:  40% Completed | 65/163 [01:20<02:05,  1.28s/it]
2026-04-18T00:16:00.2787533Z (Worker_DP0_TP0_EP0 pid=2032) 
2026-04-18T00:16:00.2788027Z Loading safetensors checkpoint shards:  40% Completed | 66/163 [01:21<02:02,  1.26s/it]
2026-04-18T00:16:01.5296378Z (Worker_DP0_TP0_EP0 pid=2032) 
2026-04-18T00:16:01.5296876Z Loading safetensors checkpoint shards:  41% Completed | 67/163 [01:23<02:00,  1.26s/it]
2026-04-18T00:16:02.8492181Z (Worker_DP0_TP0_EP0 pid=2032) 
2026-04-18T00:16:02.8492763Z Loading safetensors checkpoint shards:  42% Completed | 68/163 [01:24<02:01,  1.28s/it]
2026-04-18T00:16:04.0616147Z (Worker_DP0_TP0_EP0 pid=2032) 
2026-04-18T00:16:04.0616688Z Loading safetensors checkpoint shards:  42% Completed | 69/163 [01:25<01:58,  1.26s/it]
2026-04-18T00:16:05.2781653Z (Worker_DP0_TP0_EP0 pid=2032) 
2026-04-18T00:16:05.2782183Z Loading safetensors checkpoint shards:  43% Completed | 70/163 [01:26<01:55,  1.25s/it]
2026-04-18T00:16:06.5028933Z (Worker_DP0_TP0_EP0 pid=2032) 
2026-04-18T00:16:06.5029444Z Loading safetensors checkpoint shards:  44% Completed | 71/163 [01:28<01:53,  1.24s/it]
2026-04-18T00:16:07.9510005Z (Worker_DP0_TP0_EP0 pid=2032) 
2026-04-18T00:16:07.9510553Z Loading safetensors checkpoint shards:  44% Completed | 72/163 [01:29<01:58,  1.30s/it]
2026-04-18T00:16:09.2622850Z (Worker_DP0_TP0_EP0 pid=2032) 
2026-04-18T00:16:09.2623338Z Loading safetensors checkpoint shards:  45% Completed | 73/163 [01:30<01:57,  1.30s/it]
2026-04-18T00:16:10.3906929Z (Worker_DP0_TP0_EP0 pid=2032) 
2026-04-18T00:16:10.3907363Z Loading safetensors checkpoint shards:  45% Completed | 74/163 [01:32<01:51,  1.25s/it]
2026-04-18T00:16:11.6641063Z (Worker_DP0_TP0_EP0 pid=2032) 
2026-04-18T00:16:11.6641513Z Loading safetensors checkpoint shards:  46% Completed | 75/163 [01:33<01:50,  1.26s/it]
2026-04-18T00:16:12.9411173Z (Worker_DP0_TP0_EP0 pid=2032) 
2026-04-18T00:16:12.9411635Z Loading safetensors checkpoint shards:  47% Completed | 76/163 [01:34<01:49,  1.26s/it]
2026-04-18T00:16:14.1434591Z (Worker_DP0_TP0_EP0 pid=2032) 
2026-04-18T00:16:14.1435086Z Loading safetensors checkpoint shards:  47% Completed | 77/163 [01:35<01:47,  1.25s/it]
2026-04-18T00:16:15.3734747Z (Worker_DP0_TP0_EP0 pid=2032) 
2026-04-18T00:16:15.3735253Z Loading safetensors checkpoint shards:  48% Completed | 78/163 [01:37<01:45,  1.24s/it]
2026-04-18T00:16:16.6160473Z (Worker_DP0_TP0_EP0 pid=2032) 
2026-04-18T00:16:16.6160973Z Loading safetensors checkpoint shards:  48% Completed | 79/163 [01:38<01:44,  1.24s/it]
2026-04-18T00:16:17.8939261Z (Worker_DP0_TP0_EP0 pid=2032) 
2026-04-18T00:16:17.8939697Z Loading safetensors checkpoint shards:  49% Completed | 80/163 [01:39<01:43,  1.25s/it]
2026-04-18T00:16:19.1801007Z (Worker_DP0_TP0_EP0 pid=2032) 
2026-04-18T00:16:19.1801505Z Loading safetensors checkpoint shards:  50% Completed | 81/163 [01:40<01:43,  1.26s/it]
2026-04-18T00:16:20.3376256Z (Worker_DP0_TP0_EP0 pid=2032) 
2026-04-18T00:16:20.3376697Z Loading safetensors checkpoint shards:  50% Completed | 82/163 [01:42<01:39,  1.23s/it]
2026-04-18T00:16:21.8235977Z (Worker_DP0_TP0_EP0 pid=2032) 
2026-04-18T00:16:21.8236444Z Loading safetensors checkpoint shards:  51% Completed | 83/163 [01:43<01:44,  1.31s/it]
2026-04-18T00:16:23.0338402Z (Worker_DP0_TP0_EP0 pid=2032) 
2026-04-18T00:16:23.0338878Z Loading safetensors checkpoint shards:  52% Completed | 84/163 [01:44<01:40,  1.28s/it]
2026-04-18T00:16:24.2310311Z (Worker_DP0_TP0_EP0 pid=2032) 
2026-04-18T00:16:24.2310762Z Loading safetensors checkpoint shards:  52% Completed | 85/163 [01:45<01:37,  1.25s/it]
2026-04-18T00:16:25.4650959Z (Worker_DP0_TP0_EP0 pid=2032) 
2026-04-18T00:16:25.4651415Z Loading safetensors checkpoint shards:  53% Completed | 86/163 [01:47<01:36,  1.25s/it]
2026-04-18T00:16:26.7291162Z (Worker_DP0_TP0_EP0 pid=2032) 
2026-04-18T00:16:26.7291670Z Loading safetensors checkpoint shards:  53% Completed | 87/163 [01:48<01:35,  1.25s/it]
2026-04-18T00:16:27.9607800Z (Worker_DP0_TP0_EP0 pid=2032) 
2026-04-18T00:16:27.9608260Z Loading safetensors checkpoint shards:  54% Completed | 88/163 [01:49<01:33,  1.25s/it]
2026-04-18T00:16:29.2614616Z (Worker_DP0_TP0_EP0 pid=2032) 
2026-04-18T00:16:29.2615090Z Loading safetensors checkpoint shards:  55% Completed | 89/163 [01:50<01:33,  1.26s/it]
2026-04-18T00:16:30.4829204Z (Worker_DP0_TP0_EP0 pid=2032) 
2026-04-18T00:16:30.4829734Z Loading safetensors checkpoint shards:  55% Completed | 90/163 [01:52<01:31,  1.25s/it]
2026-04-18T00:16:31.6731064Z (Worker_DP0_TP0_EP0 pid=2032) 
2026-04-18T00:16:31.6731562Z Loading safetensors checkpoint shards:  56% Completed | 91/163 [01:53<01:28,  1.23s/it]
2026-04-18T00:16:32.9671831Z (Worker_DP0_TP0_EP0 pid=2032) 
2026-04-18T00:16:32.9672278Z Loading safetensors checkpoint shards:  56% Completed | 92/163 [01:54<01:28,  1.25s/it]
2026-04-18T00:16:34.1655590Z (Worker_DP0_TP0_EP0 pid=2032) 
2026-04-18T00:16:34.1656123Z Loading safetensors checkpoint shards:  57% Completed | 93/163 [01:55<01:26,  1.24s/it]
2026-04-18T00:16:35.4212560Z (Worker_DP0_TP0_EP0 pid=2032) 
2026-04-18T00:16:35.4213023Z Loading safetensors checkpoint shards:  58% Completed | 94/163 [01:57<01:25,  1.24s/it]
2026-04-18T00:16:36.7006051Z (Worker_DP0_TP0_EP0 pid=2032) 
2026-04-18T00:16:36.7006522Z Loading safetensors checkpoint shards:  58% Completed | 95/163 [01:58<01:25,  1.25s/it]
2026-04-18T00:16:37.8545792Z (Worker_DP0_TP0_EP0 pid=2032) 
2026-04-18T00:16:37.8546269Z Loading safetensors checkpoint shards:  59% Completed | 96/163 [01:59<01:21,  1.22s/it]
2026-04-18T00:16:39.1283269Z (Worker_DP0_TP0_EP0 pid=2032) 
2026-04-18T00:16:39.1283729Z Loading safetensors checkpoint shards:  60% Completed | 97/163 [02:00<01:21,  1.24s/it]
2026-04-18T00:16:40.3120267Z (Worker_DP0_TP0_EP0 pid=2032) 
2026-04-18T00:16:40.3120742Z Loading safetensors checkpoint shards:  60% Completed | 98/163 [02:01<01:19,  1.22s/it]
2026-04-18T00:16:41.5662311Z (Worker_DP0_TP0_EP0 pid=2032) 
2026-04-18T00:16:41.5662809Z Loading safetensors checkpoint shards:  61% Completed | 99/163 [02:03<01:18,  1.23s/it]
2026-04-18T00:16:43.0217554Z (Worker_DP0_TP0_EP0 pid=2032) 
2026-04-18T00:16:43.0218025Z Loading safetensors checkpoint shards:  61% Completed | 100/163 [02:04<01:21,  1.30s/it]
2026-04-18T00:16:44.1793592Z (Worker_DP0_TP0_EP0 pid=2032) 
2026-04-18T00:16:44.1794167Z Loading safetensors checkpoint shards:  62% Completed | 101/163 [02:05<01:17,  1.26s/it]
2026-04-18T00:16:45.3804946Z (Worker_DP0_TP0_EP0 pid=2032) 
2026-04-18T00:16:45.3805429Z Loading safetensors checkpoint shards:  63% Completed | 102/163 [02:07<01:15,  1.24s/it]
2026-04-18T00:16:46.6341074Z (Worker_DP0_TP0_EP0 pid=2032) 
2026-04-18T00:16:46.6341564Z Loading safetensors checkpoint shards:  63% Completed | 103/163 [02:08<01:14,  1.24s/it]
2026-04-18T00:16:48.0221725Z (Worker_DP0_TP0_EP0 pid=2032) 
2026-04-18T00:16:48.0222221Z Loading safetensors checkpoint shards:  64% Completed | 104/163 [02:09<01:15,  1.29s/it]
2026-04-18T00:16:49.2156803Z (Worker_DP0_TP0_EP0 pid=2032) 
2026-04-18T00:16:49.2157294Z Loading safetensors checkpoint shards:  64% Completed | 105/163 [02:10<01:13,  1.26s/it]
2026-04-18T00:16:50.3927341Z (Worker_DP0_TP0_EP0 pid=2032) 
2026-04-18T00:16:50.3927827Z Loading safetensors checkpoint shards:  65% Completed | 106/163 [02:12<01:10,  1.23s/it]
2026-04-18T00:16:51.6145078Z (Worker_DP0_TP0_EP0 pid=2032) 
2026-04-18T00:16:51.6145609Z Loading safetensors checkpoint shards:  66% Completed | 107/163 [02:13<01:08,  1.23s/it]
2026-04-18T00:16:52.8762399Z (Worker_DP0_TP0_EP0 pid=2032) 
2026-04-18T00:16:52.8762912Z Loading safetensors checkpoint shards:  66% Completed | 108/163 [02:14<01:08,  1.24s/it]
2026-04-18T00:16:54.0299270Z (Worker_DP0_TP0_EP0 pid=2032) 
2026-04-18T00:16:54.0299758Z Loading safetensors checkpoint shards:  67% Completed | 109/163 [02:15<01:05,  1.21s/it]
2026-04-18T00:16:55.3309071Z (Worker_DP0_TP0_EP0 pid=2032) 
2026-04-18T00:16:55.3309530Z Loading safetensors checkpoint shards:  67% Completed | 110/163 [02:17<01:05,  1.24s/it]
2026-04-18T00:16:56.5903959Z (Worker_DP0_TP0_EP0 pid=2032) 
2026-04-18T00:16:56.5904437Z Loading safetensors checkpoint shards:  68% Completed | 111/163 [02:18<01:04,  1.25s/it]
2026-04-18T00:16:57.9776412Z (Worker_DP0_TP0_EP0 pid=2032) 
2026-04-18T00:16:57.9776877Z Loading safetensors checkpoint shards:  69% Completed | 112/163 [02:19<01:05,  1.29s/it]
2026-04-18T00:16:59.2610744Z (Worker_DP0_TP0_EP0 pid=2032) 
2026-04-18T00:16:59.2611258Z Loading safetensors checkpoint shards:  69% Completed | 113/163 [02:20<01:04,  1.29s/it]
2026-04-18T00:17:00.5144116Z (Worker_DP0_TP0_EP0 pid=2032) 
2026-04-18T00:17:00.5144583Z Loading safetensors checkpoint shards:  70% Completed | 114/163 [02:22<01:02,  1.28s/it]
2026-04-18T00:17:01.7624226Z (Worker_DP0_TP0_EP0 pid=2032) 
2026-04-18T00:17:01.7624743Z Loading safetensors checkpoint shards:  71% Completed | 115/163 [02:23<01:00,  1.27s/it]
2026-04-18T00:17:03.0290690Z (Worker_DP0_TP0_EP0 pid=2032) 
2026-04-18T00:17:03.0291182Z Loading safetensors checkpoint shards:  71% Completed | 116/163 [02:24<00:59,  1.27s/it]
2026-04-18T00:17:04.3733808Z (Worker_DP0_TP0_EP0 pid=2032) 
2026-04-18T00:17:04.3734289Z Loading safetensors checkpoint shards:  72% Completed | 117/163 [02:26<00:59,  1.29s/it]
2026-04-18T00:17:05.6679385Z (Worker_DP0_TP0_EP0 pid=2032) 
2026-04-18T00:17:05.6679839Z Loading safetensors checkpoint shards:  72% Completed | 118/163 [02:27<00:58,  1.29s/it]
2026-04-18T00:17:07.0280696Z (Worker_DP0_TP0_EP0 pid=2032) 
2026-04-18T00:17:07.0281154Z Loading safetensors checkpoint shards:  73% Completed | 119/163 [02:28<00:57,  1.31s/it]
2026-04-18T00:17:08.2543231Z (Worker_DP0_TP0_EP0 pid=2032) 
2026-04-18T00:17:08.2543687Z Loading safetensors checkpoint shards:  74% Completed | 120/163 [02:29<00:55,  1.29s/it]
2026-04-18T00:17:09.5024849Z (Worker_DP0_TP0_EP0 pid=2032) 
2026-04-18T00:17:09.5025312Z Loading safetensors checkpoint shards:  74% Completed | 121/163 [02:31<00:53,  1.27s/it]
2026-04-18T00:17:10.8249004Z (Worker_DP0_TP0_EP0 pid=2032) 
2026-04-18T00:17:10.8249451Z Loading safetensors checkpoint shards:  75% Completed | 122/163 [02:32<00:52,  1.29s/it]
2026-04-18T00:17:11.9979538Z (Worker_DP0_TP0_EP0 pid=2032) 
2026-04-18T00:17:11.9981684Z Loading safetensors checkpoint shards:  75% Completed | 123/163 [02:33<00:50,  1.25s/it]
2026-04-18T00:17:13.3645197Z (Worker_DP0_TP0_EP0 pid=2032) 
2026-04-18T00:17:13.3645682Z Loading safetensors checkpoint shards:  76% Completed | 124/163 [02:35<00:50,  1.29s/it]
2026-04-18T00:17:14.6462653Z (Worker_DP0_TP0_EP0 pid=2032) 
2026-04-18T00:17:14.6463180Z Loading safetensors checkpoint shards:  77% Completed | 125/163 [02:36<00:48,  1.29s/it]
2026-04-18T00:17:15.9025487Z (Worker_DP0_TP0_EP0 pid=2032) 
2026-04-18T00:17:15.9025944Z Loading safetensors checkpoint shards:  77% Completed | 126/163 [02:37<00:47,  1.28s/it]
2026-04-18T00:17:17.2376547Z (Worker_DP0_TP0_EP0 pid=2032) 
2026-04-18T00:17:17.2377022Z Loading safetensors checkpoint shards:  78% Completed | 127/163 [02:38<00:46,  1.29s/it]
2026-04-18T00:17:18.4486053Z (Worker_DP0_TP0_EP0 pid=2032) 
2026-04-18T00:17:18.4486510Z Loading safetensors checkpoint shards:  79% Completed | 128/163 [02:40<00:44,  1.27s/it]
2026-04-18T00:17:19.7251655Z (Worker_DP0_TP0_EP0 pid=2032) 
2026-04-18T00:17:19.7252131Z Loading safetensors checkpoint shards:  79% Completed | 129/163 [02:41<00:43,  1.27s/it]
2026-04-18T00:17:21.0437044Z (Worker_DP0_TP0_EP0 pid=2032) 
2026-04-18T00:17:21.0437501Z Loading safetensors checkpoint shards:  80% Completed | 130/163 [02:42<00:42,  1.29s/it]
2026-04-18T00:17:22.2128240Z (Worker_DP0_TP0_EP0 pid=2032) 
2026-04-18T00:17:22.2128692Z Loading safetensors checkpoint shards:  80% Completed | 131/163 [02:43<00:40,  1.25s/it]
2026-04-18T00:17:23.5069765Z (Worker_DP0_TP0_EP0 pid=2032) 
2026-04-18T00:17:23.5070350Z Loading safetensors checkpoint shards:  81% Completed | 132/163 [02:45<00:39,  1.26s/it]
2026-04-18T00:17:24.7819778Z (Worker_DP0_TP0_EP0 pid=2032) 
2026-04-18T00:17:24.7820290Z Loading safetensors checkpoint shards:  82% Completed | 133/163 [02:46<00:38,  1.27s/it]
2026-04-18T00:17:26.0186159Z (Worker_DP0_TP0_EP0 pid=2032) 
2026-04-18T00:17:26.0186648Z Loading safetensors checkpoint shards:  82% Completed | 134/163 [02:47<00:36,  1.26s/it]
2026-04-18T00:17:27.2594612Z (Worker_DP0_TP0_EP0 pid=2032) 
2026-04-18T00:17:27.2595074Z Loading safetensors checkpoint shards:  83% Completed | 135/163 [02:48<00:35,  1.25s/it]
2026-04-18T00:17:28.4301952Z (Worker_DP0_TP0_EP0 pid=2032) 
2026-04-18T00:17:28.4302539Z Loading safetensors checkpoint shards:  83% Completed | 136/163 [02:50<00:33,  1.23s/it]
2026-04-18T00:17:29.7603102Z (Worker_DP0_TP0_EP0 pid=2032) 
2026-04-18T00:17:29.7603655Z Loading safetensors checkpoint shards:  84% Completed | 137/163 [02:51<00:32,  1.26s/it]
2026-04-18T00:17:31.1002002Z (Worker_DP0_TP0_EP0 pid=2032) 
2026-04-18T00:17:31.1002502Z Loading safetensors checkpoint shards:  85% Completed | 138/163 [02:52<00:32,  1.28s/it]
2026-04-18T00:17:32.2884121Z (Worker_DP0_TP0_EP0 pid=2032) 
2026-04-18T00:17:32.2884598Z Loading safetensors checkpoint shards:  85% Completed | 139/163 [02:53<00:30,  1.25s/it]
2026-04-18T00:17:33.5908966Z (Worker_DP0_TP0_EP0 pid=2032) 
2026-04-18T00:17:33.5909500Z Loading safetensors checkpoint shards:  86% Completed | 140/163 [02:55<00:29,  1.27s/it]
2026-04-18T00:17:34.9152623Z (Worker_DP0_TP0_EP0 pid=2032) 
2026-04-18T00:17:34.9153131Z Loading safetensors checkpoint shards:  87% Completed | 141/163 [02:56<00:28,  1.29s/it]
2026-04-18T00:17:36.1204404Z (Worker_DP0_TP0_EP0 pid=2032) 
2026-04-18T00:17:36.1204940Z Loading safetensors checkpoint shards:  87% Completed | 142/163 [02:57<00:26,  1.26s/it]
2026-04-18T00:17:37.3517264Z (Worker_DP0_TP0_EP0 pid=2032) 
2026-04-18T00:17:37.3517705Z Loading safetensors checkpoint shards:  88% Completed | 143/163 [02:59<00:25,  1.25s/it]
2026-04-18T00:17:38.6024916Z (Worker_DP0_TP0_EP0 pid=2032) 
2026-04-18T00:17:38.6025339Z Loading safetensors checkpoint shards:  88% Completed | 144/163 [03:00<00:23,  1.25s/it]
2026-04-18T00:17:39.9077326Z (Worker_DP0_TP0_EP0 pid=2032) 
2026-04-18T00:17:39.9077820Z Loading safetensors checkpoint shards:  89% Completed | 145/163 [03:01<00:22,  1.27s/it]
2026-04-18T00:17:41.1965466Z (Worker_DP0_TP0_EP0 pid=2032) 
2026-04-18T00:17:41.1965944Z Loading safetensors checkpoint shards:  90% Completed | 146/163 [03:02<00:21,  1.27s/it]
2026-04-18T00:17:42.3974477Z (Worker_DP0_TP0_EP0 pid=2032) 
2026-04-18T00:17:42.3974937Z Loading safetensors checkpoint shards:  90% Completed | 147/163 [03:04<00:20,  1.25s/it]
2026-04-18T00:17:43.6659539Z (Worker_DP0_TP0_EP0 pid=2032) 
2026-04-18T00:17:43.6660010Z Loading safetensors checkpoint shards:  91% Completed | 148/163 [03:05<00:18,  1.26s/it]
2026-04-18T00:17:45.0333450Z (Worker_DP0_TP0_EP0 pid=2032) 
2026-04-18T00:17:45.0333892Z Loading safetensors checkpoint shards:  91% Completed | 149/163 [03:06<00:18,  1.29s/it]
2026-04-18T00:17:46.2211202Z (Worker_DP0_TP0_EP0 pid=2032) 
2026-04-18T00:17:46.2211691Z Loading safetensors checkpoint shards:  92% Completed | 150/163 [03:07<00:16,  1.26s/it]
2026-04-18T00:17:47.5160826Z (Worker_DP0_TP0_EP0 pid=2032) 
2026-04-18T00:17:47.5161292Z Loading safetensors checkpoint shards:  93% Completed | 151/163 [03:09<00:15,  1.27s/it]
2026-04-18T00:17:48.7549556Z (Worker_DP0_TP0_EP0 pid=2032) 
2026-04-18T00:17:48.7549999Z Loading safetensors checkpoint shards:  93% Completed | 152/163 [03:10<00:13,  1.26s/it]
2026-04-18T00:17:49.9821337Z (Worker_DP0_TP0_EP0 pid=2032) 
2026-04-18T00:17:49.9821800Z Loading safetensors checkpoint shards:  94% Completed | 153/163 [03:11<00:12,  1.25s/it]
2026-04-18T00:17:51.2421092Z (Worker_DP0_TP0_EP0 pid=2032) 
2026-04-18T00:17:51.2421550Z Loading safetensors checkpoint shards:  94% Completed | 154/163 [03:12<00:11,  1.25s/it]
2026-04-18T00:17:52.4429419Z (Worker_DP0_TP0_EP0 pid=2032) 
2026-04-18T00:17:52.4429881Z Loading safetensors checkpoint shards:  95% Completed | 155/163 [03:14<00:09,  1.24s/it]
2026-04-18T00:17:53.7326397Z (Worker_DP0_TP0_EP0 pid=2032) 
2026-04-18T00:17:53.7326830Z Loading safetensors checkpoint shards:  96% Completed | 156/163 [03:15<00:08,  1.25s/it]
2026-04-18T00:17:54.9819674Z (Worker_DP0_TP0_EP0 pid=2032) 
2026-04-18T00:17:54.9820183Z Loading safetensors checkpoint shards:  96% Completed | 157/163 [03:16<00:07,  1.25s/it]
2026-04-18T00:17:57.9004699Z (Worker_DP0_TP0_EP0 pid=2032) 
2026-04-18T00:17:57.9005172Z Loading safetensors checkpoint shards:  97% Completed | 158/163 [03:19<00:08,  1.75s/it]
2026-04-18T00:17:59.5438611Z (Worker_DP0_TP0_EP0 pid=2032) 
2026-04-18T00:17:59.5439218Z Loading safetensors checkpoint shards:  98% Completed | 159/163 [03:21<00:06,  1.72s/it]
2026-04-18T00:18:01.4567724Z (Worker_DP0_TP0_EP0 pid=2032) 
2026-04-18T00:18:01.4568180Z Loading safetensors checkpoint shards:  98% Completed | 160/163 [03:23<00:05,  1.78s/it]
2026-04-18T00:18:07.2851750Z (Worker_DP0_TP0_EP0 pid=2032) 
2026-04-18T00:18:07.2852243Z Loading safetensors checkpoint shards:  99% Completed | 161/163 [03:28<00:05,  2.99s/it]
2026-04-18T00:18:07.2878488Z (Worker_DP0_TP0_EP0 pid=2032) 
2026-04-18T00:18:07.2878943Z Loading safetensors checkpoint shards: 100% Completed | 163/163 [03:28<00:00,  1.28s/it]
2026-04-18T00:18:07.2879386Z (Worker_DP0_TP0_EP0 pid=2032) 
2026-04-18T00:18:07.3233664Z [2026-04-18 00:18:07.322858][UC][I] Loading weights took 209.02 seconds [2364,2364][default_loader.py:384,load_weights]
2026-04-18T00:18:07.3293299Z (Worker_DP1_TP4_EP12 pid=2364) INFO 04-18 00:18:07 [eagle_proposer.py:293] Detected MTP model. Sharing target model embedding weights with the draft model.
2026-04-18T00:18:07.4559452Z [2026-04-18 00:18:07.455368][UC][I] Loading weights took 209.14 seconds [2550,2550][default_loader.py:384,load_weights]
2026-04-18T00:18:07.4560219Z [2026-04-18 00:18:07.455368][UC][I] Loading weights took 209.14 seconds [2644,2644][default_loader.py:384,load_weights]
2026-04-18T00:18:07.4560953Z [2026-04-18 00:18:07.455633][UC][I] Loading weights took 209.14 seconds [2457,2457][default_loader.py:384,load_weights]
2026-04-18T00:18:07.4561727Z [2026-04-18 00:18:07.455776][UC][I] Loading weights took 209.14 seconds [2032,2032][default_loader.py:384,load_weights]
2026-04-18T00:18:07.4562478Z [2026-04-18 00:18:07.455776][UC][I] Loading weights took 209.14 seconds [2084,2084][default_loader.py:384,load_weights]
2026-04-18T00:18:07.4566111Z [2026-04-18 00:18:07.456142][UC][I] Loading weights took 209.14 seconds [2175,2175][default_loader.py:384,load_weights]
2026-04-18T00:18:07.4566842Z [2026-04-18 00:18:07.456141][UC][I] Loading weights took 209.14 seconds [2269,2269][default_loader.py:384,load_weights]
2026-04-18T00:18:07.4620109Z (Worker_DP0_TP6_EP6 pid=2550) INFO 04-18 00:18:07 [eagle_proposer.py:293] Detected MTP model. Sharing target model embedding weights with the draft model.
2026-04-18T00:18:07.4621179Z (Worker_DP0_TP7_EP7 pid=2644) INFO 04-18 00:18:07 [eagle_proposer.py:293] Detected MTP model. Sharing target model embedding weights with the draft model.
2026-04-18T00:18:07.4622222Z (Worker_DP0_TP1_EP1 pid=2084) INFO 04-18 00:18:07 [eagle_proposer.py:293] Detected MTP model. Sharing target model embedding weights with the draft model.
2026-04-18T00:18:07.4623503Z (Worker_DP0_TP0_EP0 pid=2032) INFO 04-18 00:18:07 [eagle_proposer.py:293] Detected MTP model. Sharing target model embedding weights with the draft model.
2026-04-18T00:18:07.4624547Z (Worker_DP0_TP5_EP5 pid=2457) INFO 04-18 00:18:07 [eagle_proposer.py:293] Detected MTP model. Sharing target model embedding weights with the draft model.
2026-04-18T00:18:07.4625573Z (Worker_DP0_TP2_EP2 pid=2175) INFO 04-18 00:18:07 [eagle_proposer.py:293] Detected MTP model. Sharing target model embedding weights with the draft model.
2026-04-18T00:18:07.4626599Z (Worker_DP0_TP3_EP3 pid=2269) INFO 04-18 00:18:07 [eagle_proposer.py:293] Detected MTP model. Sharing target model embedding weights with the draft model.
2026-04-18T00:18:07.4731256Z [2026-04-18 00:18:07.472685][UC][I] Loading weights took 209.14 seconds [2080,2080][default_loader.py:384,load_weights]
2026-04-18T00:18:07.4734617Z [2026-04-18 00:18:07.473095][UC][I] Loading weights took 209.14 seconds [2031,2031][default_loader.py:384,load_weights]
2026-04-18T00:18:07.4773185Z [2026-04-18 00:18:07.476867][UC][I] Loading weights took 209.09 seconds [2271,2271][default_loader.py:384,load_weights]
2026-04-18T00:18:07.4777366Z [2026-04-18 00:18:07.477357][UC][I] Loading weights took 209.15 seconds [2176,2176][default_loader.py:384,load_weights]
2026-04-18T00:18:07.4789501Z (Worker_DP1_TP1_EP9 pid=2080) INFO 04-18 00:18:07 [eagle_proposer.py:293] Detected MTP model. Sharing target model embedding weights with the draft model.
2026-04-18T00:18:07.4793946Z (Worker_DP1_TP0_EP8 pid=2031) INFO 04-18 00:18:07 [eagle_proposer.py:293] Detected MTP model. Sharing target model embedding weights with the draft model.
2026-04-18T00:18:07.4835091Z (Worker_DP1_TP3_EP11 pid=2271) INFO 04-18 00:18:07 [eagle_proposer.py:293] Detected MTP model. Sharing target model embedding weights with the draft model.
2026-04-18T00:18:07.4837200Z (Worker_DP1_TP2_EP10 pid=2176) INFO 04-18 00:18:07 [eagle_proposer.py:293] Detected MTP model. Sharing target model embedding weights with the draft model.
2026-04-18T00:18:07.4945871Z [2026-04-18 00:18:07.494196][UC][I] Loading weights took 209.19 seconds [2553,2553][default_loader.py:384,load_weights]
2026-04-18T00:18:07.4947928Z [2026-04-18 00:18:07.494461][UC][I] Loading weights took 209.18 seconds [2648,2648][default_loader.py:384,load_weights]
2026-04-18T00:18:07.5014486Z (Worker_DP1_TP6_EP14 pid=2553) INFO 04-18 00:18:07 [eagle_proposer.py:293] Detected MTP model. Sharing target model embedding weights with the draft model.
2026-04-18T00:18:07.5015627Z (Worker_DP1_TP7_EP15 pid=2648) INFO 04-18 00:18:07 [eagle_proposer.py:293] Detected MTP model. Sharing target model embedding weights with the draft model.
2026-04-18T00:18:07.5049475Z [2026-04-18 00:18:07.504564][UC][I] Loading weights took 209.20 seconds [2459,2459][default_loader.py:384,load_weights]
2026-04-18T00:18:07.5076460Z [2026-04-18 00:18:07.505274][UC][I] Loading weights took 209.19 seconds [2363,2363][default_loader.py:384,load_weights]
2026-04-18T00:18:07.5109234Z (Worker_DP1_TP5_EP13 pid=2459) INFO 04-18 00:18:07 [eagle_proposer.py:293] Detected MTP model. Sharing target model embedding weights with the draft model.
2026-04-18T00:18:07.5132460Z (Worker_DP0_TP4_EP4 pid=2363) INFO 04-18 00:18:07 [eagle_proposer.py:293] Detected MTP model. Sharing target model embedding weights with the draft model.
2026-04-18T00:18:08.2084065Z (Worker_DP1_TP4_EP12 pid=2364) INFO 04-18 00:18:08 [model_runner_v1.py:2578] Loading model weights took 50.2183 GB
2026-04-18T00:18:08.3468331Z (Worker_DP0_TP2_EP2 pid=2175) INFO 04-18 00:18:08 [model_runner_v1.py:2578] Loading model weights took 50.2183 GB
2026-04-18T00:18:08.3488244Z (Worker_DP0_TP0_EP0 pid=2032) INFO 04-18 00:18:08 [model_runner_v1.py:2578] Loading model weights took 50.2183 GB
2026-04-18T00:18:08.3501160Z (Worker_DP0_TP7_EP7 pid=2644) INFO 04-18 00:18:08 [model_runner_v1.py:2578] Loading model weights took 50.2183 GB
2026-04-18T00:18:08.3528801Z (Worker_DP0_TP5_EP5 pid=2457) INFO 04-18 00:18:08 [model_runner_v1.py:2578] Loading model weights took 50.2183 GB
2026-04-18T00:18:08.3583382Z (Worker_DP0_TP3_EP3 pid=2269) INFO 04-18 00:18:08 [model_runner_v1.py:2578] Loading model weights took 50.2183 GB
2026-04-18T00:18:08.3584311Z (Worker_DP0_TP6_EP6 pid=2550) INFO 04-18 00:18:08 [model_runner_v1.py:2578] Loading model weights took 50.2183 GB
2026-04-18T00:18:08.3609586Z (Worker_DP0_TP1_EP1 pid=2084) INFO 04-18 00:18:08 [model_runner_v1.py:2578] Loading model weights took 50.2183 GB
2026-04-18T00:18:08.3660565Z (Worker_DP1_TP0_EP8 pid=2031) INFO 04-18 00:18:08 [model_runner_v1.py:2578] Loading model weights took 50.2183 GB
2026-04-18T00:18:08.3671463Z (Worker_DP1_TP3_EP11 pid=2271) INFO 04-18 00:18:08 [model_runner_v1.py:2578] Loading model weights took 50.2183 GB
2026-04-18T00:18:08.3679438Z (Worker_DP1_TP1_EP9 pid=2080) INFO 04-18 00:18:08 [model_runner_v1.py:2578] Loading model weights took 50.2183 GB
2026-04-18T00:18:08.3699499Z (Worker_DP1_TP2_EP10 pid=2176) INFO 04-18 00:18:08 [model_runner_v1.py:2578] Loading model weights took 50.2183 GB
2026-04-18T00:18:08.3855930Z (Worker_DP1_TP7_EP15 pid=2648) INFO 04-18 00:18:08 [model_runner_v1.py:2578] Loading model weights took 50.2183 GB
2026-04-18T00:18:08.3926291Z (Worker_DP1_TP5_EP13 pid=2459) INFO 04-18 00:18:08 [model_runner_v1.py:2578] Loading model weights took 50.2183 GB
2026-04-18T00:18:08.3992973Z (Worker_DP0_TP4_EP4 pid=2363) INFO 04-18 00:18:08 [model_runner_v1.py:2578] Loading model weights took 50.2183 GB
2026-04-18T00:18:08.3996446Z (Worker_DP1_TP6_EP14 pid=2553) INFO 04-18 00:18:08 [model_runner_v1.py:2578] Loading model weights took 50.2183 GB
2026-04-18T00:18:14.8213599Z [2026-04-18 00:18:14.820438][UC][I] Using cache directory: /root/.cache/vllm/torch_compile_cache/65f6240d07/rank_4_0/backbone for vLLM's torch.compile [2363,2363][backends.py:988,__call__]
2026-04-18T00:18:14.8235449Z [2026-04-18 00:18:14.823011][UC][I] Using cache directory: /root/.cache/vllm/torch_compile_cache/65f6240d07/rank_6_0/backbone for vLLM's torch.compile [2550,2550][backends.py:988,__call__]
2026-04-18T00:18:14.8328005Z [2026-04-18 00:18:14.832367][UC][I] Dynamo bytecode transform time: 5.87 s [2363,2363][backends.py:1048,__call__]
2026-04-18T00:18:14.8688546Z [2026-04-18 00:18:14.868405][UC][I] Dynamo bytecode transform time: 5.91 s [2550,2550][backends.py:1048,__call__]
2026-04-18T00:18:14.9027968Z [2026-04-18 00:18:14.902328][UC][I] Using cache directory: /root/.cache/vllm/torch_compile_cache/65f6240d07/rank_7_0/backbone for vLLM's torch.compile [2644,2644][backends.py:988,__call__]
2026-04-18T00:18:14.9399794Z [2026-04-18 00:18:14.939377][UC][I] Dynamo bytecode transform time: 5.98 s [2644,2644][backends.py:1048,__call__]
2026-04-18T00:18:14.9698485Z [2026-04-18 00:18:14.969260][UC][I] Using cache directory: /root/.cache/vllm/torch_compile_cache/65f6240d07/rank_2_1/backbone for vLLM's torch.compile [2176,2176][backends.py:988,__call__]
2026-04-18T00:18:15.0021840Z [2026-04-18 00:18:15.001679][UC][I] Using cache directory: /root/.cache/vllm/torch_compile_cache/65f6240d07/rank_1_0/backbone for vLLM's torch.compile [2084,2084][backends.py:988,__call__]
2026-04-18T00:18:15.0158982Z [2026-04-18 00:18:15.015456][UC][I] Dynamo bytecode transform time: 6.05 s [2176,2176][backends.py:1048,__call__]
2026-04-18T00:18:15.0203153Z [2026-04-18 00:18:15.019904][UC][I] Using cache directory: /root/.cache/vllm/torch_compile_cache/65f6240d07/rank_2_0/backbone for vLLM's torch.compile [2175,2175][backends.py:988,__call__]
2026-04-18T00:18:15.0370998Z [2026-04-18 00:18:15.036511][UC][I] Dynamo bytecode transform time: 6.04 s [2084,2084][backends.py:1048,__call__]
2026-04-18T00:18:15.0553878Z [2026-04-18 00:18:15.054852][UC][I] Dynamo bytecode transform time: 6.09 s [2175,2175][backends.py:1048,__call__]
2026-04-18T00:18:15.1195398Z [2026-04-18 00:18:15.118859][UC][I] Using cache directory: /root/.cache/vllm/torch_compile_cache/65f6240d07/rank_5_1/backbone for vLLM's torch.compile [2459,2459][backends.py:988,__call__]
2026-04-18T00:18:15.1298318Z [2026-04-18 00:18:15.129389][UC][I] Dynamo bytecode transform time: 6.17 s [2459,2459][backends.py:1048,__call__]
2026-04-18T00:18:15.1539771Z [2026-04-18 00:18:15.153392][UC][I] Using cache directory: /root/.cache/vllm/torch_compile_cache/65f6240d07/rank_7_1/backbone for vLLM's torch.compile [2648,2648][backends.py:988,__call__]
2026-04-18T00:18:15.1784868Z [2026-04-18 00:18:15.178025][UC][I] Using cache directory: /root/.cache/vllm/torch_compile_cache/65f6240d07/rank_4_1/backbone for vLLM's torch.compile [2364,2364][backends.py:988,__call__]
2026-04-18T00:18:15.1872741Z [2026-04-18 00:18:15.186737][UC][I] Dynamo bytecode transform time: 6.22 s [2648,2648][backends.py:1048,__call__]
2026-04-18T00:18:15.2179057Z [2026-04-18 00:18:15.216674][UC][I] Dynamo bytecode transform time: 6.25 s [2364,2364][backends.py:1048,__call__]
2026-04-18T00:18:15.2462686Z [2026-04-18 00:18:15.245700][UC][I] Using cache directory: /root/.cache/vllm/torch_compile_cache/65f6240d07/rank_6_1/backbone for vLLM's torch.compile [2553,2553][backends.py:988,__call__]
2026-04-18T00:18:15.2844333Z [2026-04-18 00:18:15.283882][UC][I] Dynamo bytecode transform time: 6.32 s [2553,2553][backends.py:1048,__call__]
2026-04-18T00:18:15.3395955Z [2026-04-18 00:18:15.338882][UC][I] Using cache directory: /root/.cache/vllm/torch_compile_cache/65f6240d07/rank_3_0/backbone for vLLM's torch.compile [2269,2269][backends.py:988,__call__]
2026-04-18T00:18:15.3627004Z [2026-04-18 00:18:15.362144][UC][I] Using cache directory: /root/.cache/vllm/torch_compile_cache/65f6240d07/rank_0_0/backbone for vLLM's torch.compile [2032,2032][backends.py:988,__call__]
2026-04-18T00:18:15.3761561Z [2026-04-18 00:18:15.375613][UC][I] Dynamo bytecode transform time: 6.41 s [2269,2269][backends.py:1048,__call__]
2026-04-18T00:18:15.3786753Z [2026-04-18 00:18:15.378229][UC][I] Using cache directory: /root/.cache/vllm/torch_compile_cache/65f6240d07/rank_0_1/backbone for vLLM's torch.compile [2031,2031][backends.py:988,__call__]
2026-04-18T00:18:15.4080729Z [2026-04-18 00:18:15.407561][UC][I] Dynamo bytecode transform time: 6.44 s [2032,2032][backends.py:1048,__call__]
2026-04-18T00:18:15.4195981Z [2026-04-18 00:18:15.419096][UC][I] Dynamo bytecode transform time: 6.46 s [2031,2031][backends.py:1048,__call__]
2026-04-18T00:18:15.4338233Z [2026-04-18 00:18:15.433226][UC][I] Using cache directory: /root/.cache/vllm/torch_compile_cache/65f6240d07/rank_1_1/backbone for vLLM's torch.compile [2080,2080][backends.py:988,__call__]
2026-04-18T00:18:15.4720969Z [2026-04-18 00:18:15.471382][UC][I] Dynamo bytecode transform time: 6.47 s [2080,2080][backends.py:1048,__call__]
2026-04-18T00:18:15.5005730Z [2026-04-18 00:18:15.499121][UC][I] Using cache directory: /root/.cache/vllm/torch_compile_cache/65f6240d07/rank_3_1/backbone for vLLM's torch.compile [2271,2271][backends.py:988,__call__]
2026-04-18T00:18:15.5449259Z [2026-04-18 00:18:15.544151][UC][I] Dynamo bytecode transform time: 6.58 s [2271,2271][backends.py:1048,__call__]
2026-04-18T00:18:15.5741507Z [2026-04-18 00:18:15.573395][UC][I] Using cache directory: /root/.cache/vllm/torch_compile_cache/65f6240d07/rank_5_0/backbone for vLLM's torch.compile [2457,2457][backends.py:988,__call__]
2026-04-18T00:18:15.6154883Z [2026-04-18 00:18:15.614915][UC][I] Dynamo bytecode transform time: 6.65 s [2457,2457][backends.py:1048,__call__]
2026-04-18T00:18:20.0009386Z (Worker_DP0_TP4_EP4 pid=2363) INFO 04-18 00:18:19 [compiler_interface.py:162] enable_npugraph_ex is enabled, which will bring graph compilation optimization.
2026-04-18T00:18:20.0054772Z (Worker_DP0_TP4_EP4 pid=2363) /usr/local/python3.11.14/lib/python3.11/site-packages/torch_npu/dynamo/torchair/configs/compiler_config.py:106: UserWarning: The following torchair config or properties may not take effect or report error in reduce-overhead mode: config.experimental_config.enable_view_optimize:True, set_dim_gears, dynamo_export, scope, npu_print
2026-04-18T00:18:20.0056328Z (Worker_DP0_TP4_EP4 pid=2363)   warnings.warn(
2026-04-18T00:18:20.0085831Z (Worker_DP0_TP6_EP6 pid=2550) INFO 04-18 00:18:20 [compiler_interface.py:162] enable_npugraph_ex is enabled, which will bring graph compilation optimization.
2026-04-18T00:18:20.0095460Z (Worker_DP0_TP6_EP6 pid=2550) /usr/local/python3.11.14/lib/python3.11/site-packages/torch_npu/dynamo/torchair/configs/compiler_config.py:106: UserWarning: The following torchair config or properties may not take effect or report error in reduce-overhead mode: config.experimental_config.enable_view_optimize:True, set_dim_gears, dynamo_export, scope, npu_print
2026-04-18T00:18:20.0096975Z (Worker_DP0_TP6_EP6 pid=2550)   warnings.warn(
2026-04-18T00:18:20.0194108Z (Worker_DP0_TP7_EP7 pid=2644) INFO 04-18 00:18:20 [compiler_interface.py:162] enable_npugraph_ex is enabled, which will bring graph compilation optimization.
2026-04-18T00:18:20.0202911Z (Worker_DP0_TP7_EP7 pid=2644) /usr/local/python3.11.14/lib/python3.11/site-packages/torch_npu/dynamo/torchair/configs/compiler_config.py:106: UserWarning: The following torchair config or properties may not take effect or report error in reduce-overhead mode: config.experimental_config.enable_view_optimize:True, set_dim_gears, dynamo_export, scope, npu_print
2026-04-18T00:18:20.0204418Z (Worker_DP0_TP7_EP7 pid=2644)   warnings.warn(
2026-04-18T00:18:20.0248728Z (Worker_DP0_TP1_EP1 pid=2084) INFO 04-18 00:18:20 [compiler_interface.py:162] enable_npugraph_ex is enabled, which will bring graph compilation optimization.
2026-04-18T00:18:20.0258246Z (Worker_DP0_TP1_EP1 pid=2084) /usr/local/python3.11.14/lib/python3.11/site-packages/torch_npu/dynamo/torchair/configs/compiler_config.py:106: UserWarning: The following torchair config or properties may not take effect or report error in reduce-overhead mode: config.experimental_config.enable_view_optimize:True, set_dim_gears, dynamo_export, scope, npu_print
2026-04-18T00:18:20.0259740Z (Worker_DP0_TP1_EP1 pid=2084)   warnings.warn(
2026-04-18T00:18:20.0313984Z (Worker_DP0_TP2_EP2 pid=2175) INFO 04-18 00:18:20 [compiler_interface.py:162] enable_npugraph_ex is enabled, which will bring graph compilation optimization.
2026-04-18T00:18:20.0324283Z (Worker_DP0_TP2_EP2 pid=2175) /usr/local/python3.11.14/lib/python3.11/site-packages/torch_npu/dynamo/torchair/configs/compiler_config.py:106: UserWarning: The following torchair config or properties may not take effect or report error in reduce-overhead mode: config.experimental_config.enable_view_optimize:True, set_dim_gears, dynamo_export, scope, npu_print
2026-04-18T00:18:20.0325779Z (Worker_DP0_TP2_EP2 pid=2175)   warnings.warn(
2026-04-18T00:18:20.0515035Z (Worker_DP0_TP0_EP0 pid=2032) INFO 04-18 00:18:20 [compiler_interface.py:162] enable_npugraph_ex is enabled, which will bring graph compilation optimization.
2026-04-18T00:18:20.0524455Z (Worker_DP0_TP0_EP0 pid=2032) /usr/local/python3.11.14/lib/python3.11/site-packages/torch_npu/dynamo/torchair/configs/compiler_config.py:106: UserWarning: The following torchair config or properties may not take effect or report error in reduce-overhead mode: config.experimental_config.enable_view_optimize:True, set_dim_gears, dynamo_export, scope, npu_print
2026-04-18T00:18:20.0525958Z (Worker_DP0_TP0_EP0 pid=2032)   warnings.warn(
2026-04-18T00:18:20.0605150Z (Worker_DP0_TP3_EP3 pid=2269) INFO 04-18 00:18:20 [compiler_interface.py:162] enable_npugraph_ex is enabled, which will bring graph compilation optimization.
2026-04-18T00:18:20.0614112Z (Worker_DP0_TP3_EP3 pid=2269) /usr/local/python3.11.14/lib/python3.11/site-packages/torch_npu/dynamo/torchair/configs/compiler_config.py:106: UserWarning: The following torchair config or properties may not take effect or report error in reduce-overhead mode: config.experimental_config.enable_view_optimize:True, set_dim_gears, dynamo_export, scope, npu_print
2026-04-18T00:18:20.0615623Z (Worker_DP0_TP3_EP3 pid=2269)   warnings.warn(
2026-04-18T00:18:20.0855438Z (Worker_DP0_TP5_EP5 pid=2457) INFO 04-18 00:18:20 [compiler_interface.py:162] enable_npugraph_ex is enabled, which will bring graph compilation optimization.
2026-04-18T00:18:20.0864469Z (Worker_DP0_TP5_EP5 pid=2457) /usr/local/python3.11.14/lib/python3.11/site-packages/torch_npu/dynamo/torchair/configs/compiler_config.py:106: UserWarning: The following torchair config or properties may not take effect or report error in reduce-overhead mode: config.experimental_config.enable_view_optimize:True, set_dim_gears, dynamo_export, scope, npu_print
2026-04-18T00:18:20.0866240Z (Worker_DP0_TP5_EP5 pid=2457)   warnings.warn(
2026-04-18T00:18:20.1479295Z (Worker_DP1_TP6_EP14 pid=2553) INFO 04-18 00:18:20 [compiler_interface.py:162] enable_npugraph_ex is enabled, which will bring graph compilation optimization.
2026-04-18T00:18:20.1487581Z (Worker_DP1_TP6_EP14 pid=2553) /usr/local/python3.11.14/lib/python3.11/site-packages/torch_npu/dynamo/torchair/configs/compiler_config.py:106: UserWarning: The following torchair config or properties may not take effect or report error in reduce-overhead mode: config.experimental_config.enable_view_optimize:True, set_dim_gears, dynamo_export, scope, npu_print
2026-04-18T00:18:20.1489097Z (Worker_DP1_TP6_EP14 pid=2553)   warnings.warn(
2026-04-18T00:18:20.1720527Z (Worker_DP1_TP1_EP9 pid=2080) INFO 04-18 00:18:20 [compiler_interface.py:162] enable_npugraph_ex is enabled, which will bring graph compilation optimization.
2026-04-18T00:18:20.1729979Z (Worker_DP1_TP1_EP9 pid=2080) /usr/local/python3.11.14/lib/python3.11/site-packages/torch_npu/dynamo/torchair/configs/compiler_config.py:106: UserWarning: The following torchair config or properties may not take effect or report error in reduce-overhead mode: config.experimental_config.enable_view_optimize:True, set_dim_gears, dynamo_export, scope, npu_print
2026-04-18T00:18:20.1731501Z (Worker_DP1_TP1_EP9 pid=2080)   warnings.warn(
2026-04-18T00:18:20.1827998Z (Worker_DP1_TP2_EP10 pid=2176) INFO 04-18 00:18:20 [compiler_interface.py:162] enable_npugraph_ex is enabled, which will bring graph compilation optimization.
2026-04-18T00:18:20.1837991Z (Worker_DP1_TP2_EP10 pid=2176) /usr/local/python3.11.14/lib/python3.11/site-packages/torch_npu/dynamo/torchair/configs/compiler_config.py:106: UserWarning: The following torchair config or properties may not take effect or report error in reduce-overhead mode: config.experimental_config.enable_view_optimize:True, set_dim_gears, dynamo_export, scope, npu_print
2026-04-18T00:18:20.1839515Z (Worker_DP1_TP2_EP10 pid=2176)   warnings.warn(
2026-04-18T00:18:20.2378439Z (Worker_DP1_TP3_EP11 pid=2271) INFO 04-18 00:18:20 [compiler_interface.py:162] enable_npugraph_ex is enabled, which will bring graph compilation optimization.
2026-04-18T00:18:20.2387384Z (Worker_DP1_TP3_EP11 pid=2271) /usr/local/python3.11.14/lib/python3.11/site-packages/torch_npu/dynamo/torchair/configs/compiler_config.py:106: UserWarning: The following torchair config or properties may not take effect or report error in reduce-overhead mode: config.experimental_config.enable_view_optimize:True, set_dim_gears, dynamo_export, scope, npu_print
2026-04-18T00:18:20.2388892Z (Worker_DP1_TP3_EP11 pid=2271)   warnings.warn(
2026-04-18T00:18:20.3681756Z (Worker_DP1_TP5_EP13 pid=2459) INFO 04-18 00:18:20 [compiler_interface.py:162] enable_npugraph_ex is enabled, which will bring graph compilation optimization.
2026-04-18T00:18:20.3689321Z (Worker_DP1_TP5_EP13 pid=2459) /usr/local/python3.11.14/lib/python3.11/site-packages/torch_npu/dynamo/torchair/configs/compiler_config.py:106: UserWarning: The following torchair config or properties may not take effect or report error in reduce-overhead mode: config.experimental_config.enable_view_optimize:True, set_dim_gears, dynamo_export, scope, npu_print
2026-04-18T00:18:20.3691270Z (Worker_DP1_TP5_EP13 pid=2459)   warnings.warn(
2026-04-18T00:18:20.3817455Z (Worker_DP1_TP4_EP12 pid=2364) INFO 04-18 00:18:20 [compiler_interface.py:162] enable_npugraph_ex is enabled, which will bring graph compilation optimization.
2026-04-18T00:18:20.3827266Z (Worker_DP1_TP4_EP12 pid=2364) /usr/local/python3.11.14/lib/python3.11/site-packages/torch_npu/dynamo/torchair/configs/compiler_config.py:106: UserWarning: The following torchair config or properties may not take effect or report error in reduce-overhead mode: config.experimental_config.enable_view_optimize:True, set_dim_gears, dynamo_export, scope, npu_print
2026-04-18T00:18:20.3829010Z (Worker_DP1_TP4_EP12 pid=2364)   warnings.warn(
2026-04-18T00:18:20.3910500Z (Worker_DP1_TP7_EP15 pid=2648) INFO 04-18 00:18:20 [compiler_interface.py:162] enable_npugraph_ex is enabled, which will bring graph compilation optimization.
2026-04-18T00:18:20.3920021Z (Worker_DP1_TP7_EP15 pid=2648) /usr/local/python3.11.14/lib/python3.11/site-packages/torch_npu/dynamo/torchair/configs/compiler_config.py:106: UserWarning: The following torchair config or properties may not take effect or report error in reduce-overhead mode: config.experimental_config.enable_view_optimize:True, set_dim_gears, dynamo_export, scope, npu_print
2026-04-18T00:18:20.3921507Z (Worker_DP1_TP7_EP15 pid=2648)   warnings.warn(
2026-04-18T00:18:20.4025906Z (Worker_DP1_TP0_EP8 pid=2031) INFO 04-18 00:18:20 [compiler_interface.py:162] enable_npugraph_ex is enabled, which will bring graph compilation optimization.
2026-04-18T00:18:20.4036415Z (Worker_DP1_TP0_EP8 pid=2031) /usr/local/python3.11.14/lib/python3.11/site-packages/torch_npu/dynamo/torchair/configs/compiler_config.py:106: UserWarning: The following torchair config or properties may not take effect or report error in reduce-overhead mode: config.experimental_config.enable_view_optimize:True, set_dim_gears, dynamo_export, scope, npu_print
2026-04-18T00:18:20.4037911Z (Worker_DP1_TP0_EP8 pid=2031)   warnings.warn(
2026-04-18T00:18:32.3731047Z [2026-04-18 00:18:32.371957][UC][I] Compiling a graph for compile range (1, 8192) takes 12.59 s [2032,2032][backends.py:387,compile]
2026-04-18T00:18:32.4140249Z [2026-04-18 00:18:32.413491][UC][I] Compiling a graph for compile range (1, 8192) takes 12.64 s [2084,2084][backends.py:387,compile]
2026-04-18T00:18:32.4576920Z [2026-04-18 00:18:32.457147][UC][I] Compiling a graph for compile range (1, 8192) takes 12.68 s [2363,2363][backends.py:387,compile]
2026-04-18T00:18:32.4962482Z [2026-04-18 00:18:32.495718][UC][I] Compiling a graph for compile range (1, 8192) takes 12.72 s [2550,2550][backends.py:387,compile]
2026-04-18T00:18:32.5195183Z [2026-04-18 00:18:32.519085][UC][I] Compiling a graph for compile range (1, 8192) takes 12.74 s [2644,2644][backends.py:387,compile]
2026-04-18T00:18:32.5682507Z [2026-04-18 00:18:32.567755][UC][I] Compiling a graph for compile range (1, 8192) takes 12.78 s [2175,2175][backends.py:387,compile]
2026-04-18T00:18:32.5787276Z [2026-04-18 00:18:32.578354][UC][I] Compiling a graph for compile range (1, 8192) takes 12.60 s [2176,2176][backends.py:387,compile]
2026-04-18T00:18:32.6509250Z [2026-04-18 00:18:32.650377][UC][I] Compiling a graph for compile range (1, 8192) takes 12.73 s [2553,2553][backends.py:387,compile]
2026-04-18T00:18:32.6928538Z [2026-04-18 00:18:32.692351][UC][I] Compiling a graph for compile range (1, 8192) takes 12.75 s [2080,2080][backends.py:387,compile]
2026-04-18T00:18:32.7191573Z [2026-04-18 00:18:32.718704][UC][I] Compiling a graph for compile range (1, 8192) takes 12.59 s [2459,2459][backends.py:387,compile]
2026-04-18T00:18:32.8058065Z [2026-04-18 00:18:32.805261][UC][I] Compiling a graph for compile range (1, 8192) takes 12.67 s [2364,2364][backends.py:387,compile]
2026-04-18T00:18:32.9526167Z [2026-04-18 00:18:32.951995][UC][I] Compiling a graph for compile range (1, 8192) takes 13.15 s [2457,2457][backends.py:387,compile]
2026-04-18T00:18:32.9588590Z [2026-04-18 00:18:32.955015][UC][I] Compiling a graph for compile range (1, 8192) takes 13.16 s [2269,2269][backends.py:387,compile]
2026-04-18T00:18:33.0318861Z [2026-04-18 00:18:33.031246][UC][I] Compiling a graph for compile range (1, 8192) takes 12.87 s [2648,2648][backends.py:387,compile]
2026-04-18T00:18:33.1309440Z [2026-04-18 00:18:33.130290][UC][I] Compiling a graph for compile range (1, 8192) takes 13.10 s [2271,2271][backends.py:387,compile]
2026-04-18T00:18:33.2043813Z [2026-04-18 00:18:33.202340][UC][I] Compiling a graph for compile range (1, 8192) takes 13.06 s [2031,2031][backends.py:387,compile]
2026-04-18T00:18:49.3274365Z [2026-04-18 00:18:49.326437][UC][I] torch.compile and initial profiling/warmup run together took 40.36 s in total [2032,2032][monitor.py:48,monitor_torch_compile]
2026-04-18T00:18:49.3376745Z [2026-04-18 00:18:49.337017][UC][I] torch.compile and initial profiling/warmup run together took 40.37 s in total [2459,2459][monitor.py:48,monitor_torch_compile]
2026-04-18T00:18:49.3378152Z [2026-04-18 00:18:49.337414][UC][I] torch.compile and initial profiling/warmup run together took 40.37 s in total [2364,2364][monitor.py:48,monitor_torch_compile]
2026-04-18T00:18:49.3539032Z [2026-04-18 00:18:49.353398][UC][I] torch.compile and initial profiling/warmup run together took 40.36 s in total [2080,2080][monitor.py:48,monitor_torch_compile]
2026-04-18T00:18:49.3557403Z [2026-04-18 00:18:49.355312][UC][I] torch.compile and initial profiling/warmup run together took 40.39 s in total [2644,2644][monitor.py:48,monitor_torch_compile]
2026-04-18T00:18:49.3577629Z [2026-04-18 00:18:49.357363][UC][I] torch.compile and initial profiling/warmup run together took 40.39 s in total [2553,2553][monitor.py:48,monitor_torch_compile]
2026-04-18T00:18:49.3580567Z [2026-04-18 00:18:49.357712][UC][I] torch.compile and initial profiling/warmup run together took 40.39 s in total [2457,2457][monitor.py:48,monitor_torch_compile]
2026-04-18T00:18:49.3585329Z [2026-04-18 00:18:49.358162][UC][I] torch.compile and initial profiling/warmup run together took 40.39 s in total [2175,2175][monitor.py:48,monitor_torch_compile]
2026-04-18T00:18:49.3586823Z [2026-04-18 00:18:49.358294][UC][I] torch.compile and initial profiling/warmup run together took 40.39 s in total [2269,2269][monitor.py:48,monitor_torch_compile]
2026-04-18T00:18:49.3587938Z [2026-04-18 00:18:49.358398][UC][I] torch.compile and initial profiling/warmup run together took 40.39 s in total [2648,2648][monitor.py:48,monitor_torch_compile]
2026-04-18T00:18:49.3591128Z [2026-04-18 00:18:49.358733][UC][I] torch.compile and initial profiling/warmup run together took 40.40 s in total [2031,2031][monitor.py:48,monitor_torch_compile]
2026-04-18T00:18:49.3635745Z [2026-04-18 00:18:49.363173][UC][I] torch.compile and initial profiling/warmup run together took 40.40 s in total [2363,2363][monitor.py:48,monitor_torch_compile]
2026-04-18T00:18:49.3639820Z [2026-04-18 00:18:49.363624][UC][I] torch.compile and initial profiling/warmup run together took 40.40 s in total [2176,2176][monitor.py:48,monitor_torch_compile]
2026-04-18T00:18:49.3654743Z [2026-04-18 00:18:49.365109][UC][I] torch.compile and initial profiling/warmup run together took 40.40 s in total [2271,2271][monitor.py:48,monitor_torch_compile]
2026-04-18T00:18:49.3722121Z [2026-04-18 00:18:49.371788][UC][I] torch.compile and initial profiling/warmup run together took 40.41 s in total [2550,2550][monitor.py:48,monitor_torch_compile]
2026-04-18T00:18:49.8715486Z [2026-04-18 00:18:49.870869][UC][I] torch.compile and initial profiling/warmup run together took 40.87 s in total [2084,2084][monitor.py:48,monitor_torch_compile]
2026-04-18T00:18:52.9499087Z (Worker_DP0_TP0_EP0 pid=2032) INFO 04-18 00:18:52 [worker.py:357] Available KV cache memory: 4.55 GiB
2026-04-18T00:18:52.9854559Z (Worker_DP1_TP0_EP8 pid=2031) INFO 04-18 00:18:52 [worker.py:357] Available KV cache memory: 4.55 GiB
2026-04-18T00:18:52.9920153Z [2026-04-18 00:18:52.991533][UC][I] GPU KV cache size: 55,680 tokens [2002,2002][kv_cache_utils.py:1316,_report_kv_cache_config]
2026-04-18T00:18:52.9921791Z [2026-04-18 00:18:52.991605][UC][I] Maximum concurrency for 8,192 tokens per request: 6.80x [2002,2002][kv_cache_utils.py:1321,_report_kv_cache_config]
2026-04-18T00:18:52.9995367Z [2026-04-18 00:18:52.999035][UC][I] GPU KV cache size: 55,680 tokens [1982,1982][kv_cache_utils.py:1316,_report_kv_cache_config]
2026-04-18T00:18:52.9996386Z [2026-04-18 00:18:52.999110][UC][I] Maximum concurrency for 8,192 tokens per request: 6.80x [1982,1982][kv_cache_utils.py:1321,_report_kv_cache_config]
2026-04-18T00:18:53.5362315Z (Worker_DP0_TP0_EP0 pid=2032) 
2026-04-18T00:18:58.5333562Z Capturing CUDA graphs (decode, FULL):   0%|          | 0/4 [00:00<?, ?it/s][rank3]:[W418 00:18:58.473224288 compiler_depend.ts:207] Warning: Waiting for pending NCCL work to finish before starting graph capture. (function operator())
2026-04-18T00:18:58.5335100Z [rank1]:[W418 00:18:58.473239268 compiler_depend.ts:207] Warning: Waiting for pending NCCL work to finish before starting graph capture. (function operator())
2026-04-18T00:18:58.5336232Z [rank9]:[W418 00:18:58.473253518 compiler_depend.ts:207] Warning: Waiting for pending NCCL work to finish before starting graph capture. (function operator())
2026-04-18T00:18:58.5337314Z [rank13]:[W418 00:18:58.473268489 compiler_depend.ts:207] Warning: Waiting for pending NCCL work to finish before starting graph capture. (function operator())
2026-04-18T00:18:58.5338391Z [rank15]:[W418 00:18:58.473278549 compiler_depend.ts:207] Warning: Waiting for pending NCCL work to finish before starting graph capture. (function operator())
2026-04-18T00:18:58.5339485Z [rank5]:[W418 00:18:58.473373199 compiler_depend.ts:207] Warning: Waiting for pending NCCL work to finish before starting graph capture. (function operator())
2026-04-18T00:18:58.5340559Z [rank7]:[W418 00:18:58.473427790 compiler_depend.ts:207] Warning: Waiting for pending NCCL work to finish before starting graph capture. (function operator())
2026-04-18T00:18:58.5341646Z [rank12]:[W418 00:18:58.473529320 compiler_depend.ts:207] Warning: Waiting for pending NCCL work to finish before starting graph capture. (function operator())
2026-04-18T00:18:58.5342722Z [rank6]:[W418 00:18:58.473663511 compiler_depend.ts:207] Warning: Waiting for pending NCCL work to finish before starting graph capture. (function operator())
2026-04-18T00:18:58.5343793Z [rank2]:[W418 00:18:58.473689292 compiler_depend.ts:207] Warning: Waiting for pending NCCL work to finish before starting graph capture. (function operator())
2026-04-18T00:18:58.5345045Z [rank4]:[W418 00:18:58.474383877 compiler_depend.ts:207] Warning: Waiting for pending NCCL work to finish before starting graph capture. (function operator())
2026-04-18T00:18:58.5346125Z [rank8]:[W418 00:18:58.474953071 compiler_depend.ts:207] Warning: Waiting for pending NCCL work to finish before starting graph capture. (function operator())
2026-04-18T00:18:58.5347183Z [rank0]:[W418 00:18:58.475095212 compiler_depend.ts:207] Warning: Waiting for pending NCCL work to finish before starting graph capture. (function operator())
2026-04-18T00:18:58.5348269Z [rank14]:[W418 00:18:58.475261063 compiler_depend.ts:207] Warning: Waiting for pending NCCL work to finish before starting graph capture. (function operator())
2026-04-18T00:18:58.5376845Z [rank11]:[W418 00:18:58.478240595 compiler_depend.ts:207] Warning: Waiting for pending NCCL work to finish before starting graph capture. (function operator())
2026-04-18T00:18:58.5377925Z [rank10]:[W418 00:18:58.478370906 compiler_depend.ts:207] Warning: Waiting for pending NCCL work to finish before starting graph capture. (function operator())
2026-04-18T00:19:00.7885898Z [rank9]:[W418 00:19:00.728540798 compiler_depend.ts:3667] Warning: Tensor not is not allocated by NPUCachingAllocator, skip eraseStream. (function operator())
2026-04-18T00:19:00.7887136Z [rank12]:[W418 00:19:00.728927821 compiler_depend.ts:3667] Warning: Tensor not is not allocated by NPUCachingAllocator, skip eraseStream. (function operator())
2026-04-18T00:19:00.7889107Z [rank10]:[W418 00:19:00.729146372 compiler_depend.ts:3667] Warning: Tensor not is not allocated by NPUCachingAllocator, skip eraseStream. (function operator())
2026-04-18T00:19:00.7892737Z [rank11]:[W418 00:19:00.729807767 compiler_depend.ts:3667] Warning: Tensor not is not allocated by NPUCachingAllocator, skip eraseStream. (function operator())
2026-04-18T00:19:00.7895490Z [rank14]:[W418 00:19:00.730163970 compiler_depend.ts:3667] Warning: Tensor not is not allocated by NPUCachingAllocator, skip eraseStream. (function operator())
2026-04-18T00:19:00.7901770Z [rank15]:[W418 00:19:00.730755084 compiler_depend.ts:3667] Warning: Tensor not is not allocated by NPUCachingAllocator, skip eraseStream. (function operator())
2026-04-18T00:19:00.7908343Z [rank8]:[W418 00:19:00.731440099 compiler_depend.ts:3667] Warning: Tensor not is not allocated by NPUCachingAllocator, skip eraseStream. (function operator())
2026-04-18T00:19:00.7939323Z [rank13]:[W418 00:19:00.734421901 compiler_depend.ts:3667] Warning: Tensor not is not allocated by NPUCachingAllocator, skip eraseStream. (function operator())
2026-04-18T00:19:01.0809050Z [rank3]:[W418 00:19:01.021303934 compiler_depend.ts:3667] Warning: Tensor not is not allocated by NPUCachingAllocator, skip eraseStream. (function operator())
2026-04-18T00:19:01.0823549Z [rank4]:[W418 00:19:01.022939276 compiler_depend.ts:3667] Warning: Tensor not is not allocated by NPUCachingAllocator, skip eraseStream. (function operator())
2026-04-18T00:19:01.0826111Z [rank1]:[W418 00:19:01.023231998 compiler_depend.ts:3667] Warning: Tensor not is not allocated by NPUCachingAllocator, skip eraseStream. (function operator())
2026-04-18T00:19:01.0837828Z [rank0]:[W418 00:19:01.024399486 compiler_depend.ts:3667] Warning: Tensor not is not allocated by NPUCachingAllocator, skip eraseStream. (function operator())
2026-04-18T00:19:01.0846606Z [rank6]:[W418 00:19:01.025259843 compiler_depend.ts:3667] Warning: Tensor not is not allocated by NPUCachingAllocator, skip eraseStream. (function operator())
2026-04-18T00:19:01.0849507Z [rank5]:[W418 00:19:01.025551735 compiler_depend.ts:3667] Warning: Tensor not is not allocated by NPUCachingAllocator, skip eraseStream. (function operator())
2026-04-18T00:19:01.0857147Z [rank2]:[W418 00:19:01.026317731 compiler_depend.ts:3667] Warning: Tensor not is not allocated by NPUCachingAllocator, skip eraseStream. (function operator())
2026-04-18T00:19:01.0858228Z [rank7]:[W418 00:19:01.026352071 compiler_depend.ts:3667] Warning: Tensor not is not allocated by NPUCachingAllocator, skip eraseStream. (function operator())
2026-04-18T00:19:01.0987617Z 
2026-04-18T00:19:04.0682966Z Capturing CUDA graphs (decode, FULL):  25%|██▌       | 1/4 [00:07<00:22,  7.56s/it]
2026-04-18T00:19:07.0667754Z Capturing CUDA graphs (decode, FULL):  50%|█████     | 2/4 [00:10<00:09,  4.86s/it]
2026-04-18T00:19:14.0958839Z Capturing CUDA graphs (decode, FULL):  75%|███████▌  | 3/4 [00:13<00:04,  4.01s/it]
2026-04-18T00:19:14.0959545Z Capturing CUDA graphs (decode, FULL): 100%|██████████| 4/4 [00:20<00:00,  5.20s/it]
2026-04-18T00:19:14.0960188Z Capturing CUDA graphs (decode, FULL): 100%|██████████| 4/4 [00:20<00:00,  5.14s/it]
2026-04-18T00:19:14.5486942Z [2026-04-18 00:19:14.547709][UC][I] Graph capturing finished in 21 secs, took 0.35 GiB [2080,2080][gpu_model_runner.py:5746,capture_model]
2026-04-18T00:19:14.5531233Z [2026-04-18 00:19:14.552469][UC][I] Graph capturing finished in 21 secs, took 0.36 GiB [2269,2269][gpu_model_runner.py:5746,capture_model]
2026-04-18T00:19:14.5532183Z [2026-04-18 00:19:14.552463][UC][I] Graph capturing finished in 21 secs, took 0.36 GiB [2175,2175][gpu_model_runner.py:5746,capture_model]
2026-04-18T00:19:14.5548801Z [2026-04-18 00:19:14.554297][UC][I] Graph capturing finished in 21 secs, took 0.35 GiB [2032,2032][gpu_model_runner.py:5746,capture_model]
2026-04-18T00:19:14.5554894Z [2026-04-18 00:19:14.554979][UC][I] Graph capturing finished in 21 secs, took 0.35 GiB [2031,2031][gpu_model_runner.py:5746,capture_model]
2026-04-18T00:19:14.5597360Z [2026-04-18 00:19:14.559097][UC][I] Graph capturing finished in 21 secs, took 0.36 GiB [2459,2459][gpu_model_runner.py:5746,capture_model]
2026-04-18T00:19:14.5609554Z [2026-04-18 00:19:14.560329][UC][I] Graph capturing finished in 21 secs, took 0.36 GiB [2364,2364][gpu_model_runner.py:5746,capture_model]
2026-04-18T00:19:14.5690902Z [2026-04-18 00:19:14.568506][UC][I] Graph capturing finished in 21 secs, took 0.35 GiB [2648,2648][gpu_model_runner.py:5746,capture_model]
2026-04-18T00:19:14.5696120Z [2026-04-18 00:19:14.569147][UC][I] Graph capturing finished in 21 secs, took 0.35 GiB [2363,2363][gpu_model_runner.py:5746,capture_model]
2026-04-18T00:19:14.5698318Z [2026-04-18 00:19:14.569454][UC][I] Graph capturing finished in 21 secs, took 0.36 GiB [2176,2176][gpu_model_runner.py:5746,capture_model]
2026-04-18T00:19:14.5700727Z [2026-04-18 00:19:14.569709][UC][I] Graph capturing finished in 21 secs, took 0.35 GiB [2084,2084][gpu_model_runner.py:5746,capture_model]
2026-04-18T00:19:14.5708410Z [2026-04-18 00:19:14.570417][UC][I] Graph capturing finished in 21 secs, took 0.36 GiB [2644,2644][gpu_model_runner.py:5746,capture_model]
2026-04-18T00:19:14.5857027Z [2026-04-18 00:19:14.585189][UC][I] Graph capturing finished in 21 secs, took 0.36 GiB [2550,2550][gpu_model_runner.py:5746,capture_model]
2026-04-18T00:19:14.5863460Z [2026-04-18 00:19:14.585968][UC][I] Graph capturing finished in 22 secs, took 0.35 GiB [2553,2553][gpu_model_runner.py:5746,capture_model]
2026-04-18T00:19:14.5872258Z [2026-04-18 00:19:14.586779][UC][I] Graph capturing finished in 22 secs, took 0.36 GiB [2271,2271][gpu_model_runner.py:5746,capture_model]
2026-04-18T00:19:14.5892812Z [2026-04-18 00:19:14.588824][UC][I] init engine (profile, create kv cache, warmup model) took 66.15 seconds [2002,2002][core.py:281,_initialize_kv_caches]
2026-04-18T00:19:14.5915126Z [2026-04-18 00:19:14.591156][UC][I] Graph capturing finished in 21 secs, took 0.35 GiB [2457,2457][gpu_model_runner.py:5746,capture_model]
2026-04-18T00:19:14.5937239Z [2026-04-18 00:19:14.593324][UC][I] init engine (profile, create kv cache, warmup model) took 66.15 seconds [1982,1982][core.py:281,_initialize_kv_caches]
2026-04-18T00:19:14.6093906Z (EngineCore_DP1 pid=2002) The tokenizer class you load from this checkpoint is not the same type as the class this function is called from. It may result in unexpected tokenization. 
2026-04-18T00:19:14.6094895Z (EngineCore_DP1 pid=2002) The tokenizer class you load from this checkpoint is 'LlamaTokenizerFast'. 
2026-04-18T00:19:14.6095569Z (EngineCore_DP1 pid=2002) The class this function is called from is 'PreTrainedTokenizerFast'.
2026-04-18T00:19:14.6096533Z (EngineCore_DP0 pid=1982) The tokenizer class you load from this checkpoint is not the same type as the class this function is called from. It may result in unexpected tokenization. 
2026-04-18T00:19:14.6097504Z (EngineCore_DP0 pid=1982) The tokenizer class you load from this checkpoint is 'LlamaTokenizerFast'. 
2026-04-18T00:19:14.6098173Z (EngineCore_DP0 pid=1982) The class this function is called from is 'PreTrainedTokenizerFast'.
2026-04-18T00:19:15.4670422Z [2026-04-18 00:19:15.466231][UC][I] All engine subscriptions received by DP coordinator [1979,1979][coordinator.py:205,process_input_socket]
2026-04-18T00:19:15.4671532Z [2026-04-18 00:19:15.466631][UC][W] AsyncLLM created with api_server_count more than 1; disabling stats logging to avoid incomplete stats. [2015,2015][loggers.py:1271,__init__]
2026-04-18T00:19:15.4672702Z [2026-04-18 00:19:15.466637][UC][W] AsyncLLM created with api_server_count more than 1; disabling stats logging to avoid incomplete stats. [2016,2016][loggers.py:1271,__init__]
2026-04-18T00:19:15.4673668Z [2026-04-18 00:19:15.466920][UC][I] Asynchronous scheduling is enabled. [2002,2002][vllm.py:754,__post_init__]
2026-04-18T00:19:15.4674378Z [2026-04-18 00:19:15.467034][UC][I] Asynchronous scheduling is enabled. [1982,1982][vllm.py:754,__post_init__]
2026-04-18T00:19:15.4683868Z [2026-04-18 00:19:15.467999][UC][I] Waiting for API servers to complete ... [1964,1964][utils.py:250,wait_for_completion_or_failure]
2026-04-18T00:19:15.4686172Z (EngineCore_DP1 pid=2002) INFO 04-18 00:19:15 [ascend_config.py:425] Dynamic EPLB is False
2026-04-18T00:19:15.4687485Z (EngineCore_DP0 pid=1982) INFO 04-18 00:19:15 [ascend_config.py:425] Dynamic EPLB is False
2026-04-18T00:19:15.4688166Z (EngineCore_DP0 pid=1982) INFO 04-18 00:19:15 [ascend_config.py:426] The number of redundant experts is 0
2026-04-18T00:19:15.4688860Z (EngineCore_DP1 pid=2002) INFO 04-18 00:19:15 [ascend_config.py:426] The number of redundant experts is 0
2026-04-18T00:19:15.4690244Z (EngineCore_DP0 pid=1982) INFO 04-18 00:19:15 [ascend_config.py:57] Linear layer sharding enabled with config: ['q_b_proj', 'o_proj']. Note: This feature works optimally with FLASHCOMM2 and DSA-CP enabled; using it without these features may result in significant performance degradation.
2026-04-18T00:19:15.4692675Z (EngineCore_DP1 pid=2002) INFO 04-18 00:19:15 [ascend_config.py:57] Linear layer sharding enabled with config: ['q_b_proj', 'o_proj']. Note: This feature works optimally with FLASHCOMM2 and DSA-CP enabled; using it without these features may result in significant performance degradation.
2026-04-18T00:19:15.4694273Z (EngineCore_DP0 pid=1982) INFO 04-18 00:19:15 [platform.py:393] FULL_DECODE_ONLY compilation enabled on NPU. use_inductor not supported - using only ACL Graph mode
2026-04-18T00:19:15.4695396Z (EngineCore_DP1 pid=2002) INFO 04-18 00:19:15 [platform.py:393] FULL_DECODE_ONLY compilation enabled on NPU. use_inductor not supported - using only ACL Graph mode
2026-04-18T00:19:15.4696512Z (EngineCore_DP0 pid=1982) WARNING 04-18 00:19:15 [platform.py:410] [91m
2026-04-18T00:19:15.4697176Z (EngineCore_DP0 pid=1982) WARNING 04-18 00:19:15 [platform.py:410]             **********************************************************************************
2026-04-18T00:19:15.4698002Z (EngineCore_DP0 pid=1982) WARNING 04-18 00:19:15 [platform.py:410]             * WARNING: You have enabled the *full graph* feature.
2026-04-18T00:19:15.4698912Z (EngineCore_DP0 pid=1982) WARNING 04-18 00:19:15 [platform.py:410]             * This is an early experimental stage and may involve various unknown issues.
2026-04-18T00:19:15.4699889Z (EngineCore_DP0 pid=1982) WARNING 04-18 00:19:15 [platform.py:410]             * A known problem is that capturing too many batch sizes can lead to OOM
2026-04-18T00:19:15.4700851Z (EngineCore_DP0 pid=1982) WARNING 04-18 00:19:15 [platform.py:410]             * (Out of Memory) errors or inference hangs. If you encounter such issues,
2026-04-18T00:19:15.4701841Z (EngineCore_DP0 pid=1982) WARNING 04-18 00:19:15 [platform.py:410]             * consider reducing `gpu_memory_utilization` or manually specifying a smaller
2026-04-18T00:19:15.4702695Z (EngineCore_DP0 pid=1982) WARNING 04-18 00:19:15 [platform.py:410]             * batch size for graph capture.
2026-04-18T00:19:15.4703411Z (EngineCore_DP0 pid=1982) WARNING 04-18 00:19:15 [platform.py:410]             * For more details, please refer to:
2026-04-18T00:19:15.4704369Z (EngineCore_DP0 pid=1982) WARNING 04-18 00:19:15 [platform.py:410]             * https://docs.vllm.ai/en/stable/configuration/conserving_memory.html#reduce-cuda-graphs
2026-04-18T00:19:15.4705510Z (EngineCore_DP0 pid=1982) WARNING 04-18 00:19:15 [platform.py:410]             **********************************************************************************[0m
2026-04-18T00:19:15.4706168Z (EngineCore_DP0 pid=1982) WARNING 04-18 00:19:15 [platform.py:410]             
2026-04-18T00:19:15.4706722Z (EngineCore_DP1 pid=2002) WARNING 04-18 00:19:15 [platform.py:410] [91m
2026-04-18T00:19:15.4707359Z (EngineCore_DP1 pid=2002) WARNING 04-18 00:19:15 [platform.py:410]             **********************************************************************************
2026-04-18T00:19:15.4708169Z (EngineCore_DP1 pid=2002) WARNING 04-18 00:19:15 [platform.py:410]             * WARNING: You have enabled the *full graph* feature.
2026-04-18T00:19:15.4709075Z (EngineCore_DP1 pid=2002) WARNING 04-18 00:19:15 [platform.py:410]             * This is an early experimental stage and may involve various unknown issues.
2026-04-18T00:19:15.4710359Z (EngineCore_DP1 pid=2002) WARNING 04-18 00:19:15 [platform.py:410]             * A known problem is that capturing too many batch sizes can lead to OOM
2026-04-18T00:19:15.4711318Z (EngineCore_DP1 pid=2002) WARNING 04-18 00:19:15 [platform.py:410]             * (Out of Memory) errors or inference hangs. If you encounter such issues,
2026-04-18T00:19:15.4712299Z (EngineCore_DP1 pid=2002) WARNING 04-18 00:19:15 [platform.py:410]             * consider reducing `gpu_memory_utilization` or manually specifying a smaller
2026-04-18T00:19:15.4713294Z (EngineCore_DP1 pid=2002) WARNING 04-18 00:19:15 [platform.py:410]             * batch size for graph capture.
2026-04-18T00:19:15.4714001Z (EngineCore_DP1 pid=2002) WARNING 04-18 00:19:15 [platform.py:410]             * For more details, please refer to:
2026-04-18T00:19:15.4714923Z (EngineCore_DP1 pid=2002) WARNING 04-18 00:19:15 [platform.py:410]             * https://docs.vllm.ai/en/stable/configuration/conserving_memory.html#reduce-cuda-graphs
2026-04-18T00:19:15.4716048Z (EngineCore_DP1 pid=2002) WARNING 04-18 00:19:15 [platform.py:410]             **********************************************************************************[0m
2026-04-18T00:19:15.4716713Z (EngineCore_DP1 pid=2002) WARNING 04-18 00:19:15 [platform.py:410]             
2026-04-18T00:19:15.4717340Z (EngineCore_DP0 pid=1982) INFO 04-18 00:19:15 [platform.py:518] Set PYTORCH_NPU_ALLOC_CONF=expandable_segments:True
2026-04-18T00:19:15.4718084Z (EngineCore_DP1 pid=2002) INFO 04-18 00:19:15 [platform.py:518] Set PYTORCH_NPU_ALLOC_CONF=expandable_segments:True
2026-04-18T00:19:15.4718895Z [2026-04-18 00:19:15.468779][UC][I] Enabled custom fusions: norm_quant, act_quant [1982,1982][compilation.py:289,log_enabled_passes]
2026-04-18T00:19:15.4719738Z [2026-04-18 00:19:15.468792][UC][I] Enabled custom fusions: norm_quant, act_quant [2002,2002][compilation.py:289,log_enabled_passes]
2026-04-18T00:19:15.4893536Z [2026-04-18 00:19:15.488767][UC][I] Supported tasks: ['generate'] [2015,2015][api_server.py:576,build_and_serve]
2026-04-18T00:19:15.4894250Z [2026-04-18 00:19:15.488798][UC][I] Supported tasks: ['generate'] [2016,2016][api_server.py:576,build_and_serve]
2026-04-18T00:19:15.6412329Z [2026-04-18 00:19:15.640657][UC][W] Default vLLM sampling parameters have been overridden by the model's `generation_config.json`: `{'top_p': 0.95}`. If this is not intended, please relaunch vLLM instance with `--generation-config vllm`. [2015,2015][model.py:1376,get_diff_sampling_param]
2026-04-18T00:19:15.6414323Z [2026-04-18 00:19:15.640663][UC][W] Default vLLM sampling parameters have been overridden by the model's `generation_config.json`: `{'top_p': 0.95}`. If this is not intended, please relaunch vLLM instance with `--generation-config vllm`. [2016,2016][model.py:1376,get_diff_sampling_param]
2026-04-18T00:19:15.6653265Z [2026-04-18 00:19:15.664477][UC][I] Starting vLLM server on http://0.0.0.0:33435 [2016,2016][api_server.py:580,build_and_serve]
2026-04-18T00:19:15.6653993Z [2026-04-18 00:19:15.664542][UC][I] Available routes are: [2016,2016][launcher.py:37,serve_http]
2026-04-18T00:19:15.6654651Z [2026-04-18 00:19:15.664568][UC][I] Route: /openapi.json, Methods: GET, HEAD [2016,2016][launcher.py:46,serve_http]
2026-04-18T00:19:15.6655337Z [2026-04-18 00:19:15.664583][UC][I] Route: /docs, Methods: GET, HEAD [2016,2016][launcher.py:46,serve_http]
2026-04-18T00:19:15.6656043Z [2026-04-18 00:19:15.664594][UC][I] Route: /docs/oauth2-redirect, Methods: GET, HEAD [2016,2016][launcher.py:46,serve_http]
2026-04-18T00:19:15.6656772Z [2026-04-18 00:19:15.664607][UC][I] Route: /redoc, Methods: GET, HEAD [2016,2016][launcher.py:46,serve_http]
2026-04-18T00:19:15.6657423Z [2026-04-18 00:19:15.664619][UC][I] Route: /tokenize, Methods: POST [2016,2016][launcher.py:46,serve_http]
2026-04-18T00:19:15.6658068Z [2026-04-18 00:19:15.664639][UC][I] Route: /detokenize, Methods: POST [2016,2016][launcher.py:46,serve_http]
2026-04-18T00:19:15.6658708Z [2026-04-18 00:19:15.664651][UC][I] Route: /load, Methods: GET [2016,2016][launcher.py:46,serve_http]
2026-04-18T00:19:15.6659605Z [2026-04-18 00:19:15.664667][UC][I] Route: /version, Methods: GET [2016,2016][launcher.py:46,serve_http]
2026-04-18T00:19:15.6660232Z [2026-04-18 00:19:15.664681][UC][I] Route: /health, Methods: GET [2016,2016][launcher.py:46,serve_http]
2026-04-18T00:19:15.6660846Z [2026-04-18 00:19:15.664692][UC][I] Route: /metrics, Methods: GET [2016,2016][launcher.py:46,serve_http]
2026-04-18T00:19:15.6661470Z [2026-04-18 00:19:15.664706][UC][I] Route: /v1/models, Methods: GET [2016,2016][launcher.py:46,serve_http]
2026-04-18T00:19:15.6662233Z [2026-04-18 00:19:15.664765][UC][I] Route: /ping, Methods: GET [2016,2016][launcher.py:46,serve_http]
2026-04-18T00:19:15.6662829Z [2026-04-18 00:19:15.664779][UC][I] Route: /ping, Methods: POST [2016,2016][launcher.py:46,serve_http]
2026-04-18T00:19:15.6663465Z [2026-04-18 00:19:15.664792][UC][I] Route: /invocations, Methods: POST [2016,2016][launcher.py:46,serve_http]
2026-04-18T00:19:15.6664176Z [2026-04-18 00:19:15.664805][UC][I] Route: /v1/chat/completions, Methods: POST [2016,2016][launcher.py:46,serve_http]
2026-04-18T00:19:15.6664879Z [2026-04-18 00:19:15.664815][UC][I] Route: /v1/responses, Methods: POST [2016,2016][launcher.py:46,serve_http]
2026-04-18T00:19:15.6694771Z [2026-04-18 00:19:15.664828][UC][I] Route: /v1/responses/{response_id}, Methods: GET [2016,2016][launcher.py:46,serve_http]
2026-04-18T00:19:15.6695665Z [2026-04-18 00:19:15.664838][UC][I] Route: /v1/responses/{response_id}/cancel, Methods: POST [2016,2016][launcher.py:46,serve_http]
2026-04-18T00:19:15.6696481Z [2026-04-18 00:19:15.664851][UC][I] Route: /v1/completions, Methods: POST [2016,2016][launcher.py:46,serve_http]
2026-04-18T00:19:15.6697190Z [2026-04-18 00:19:15.664861][UC][I] Route: /v1/messages, Methods: POST [2016,2016][launcher.py:46,serve_http]
2026-04-18T00:19:15.6697941Z [2026-04-18 00:19:15.664876][UC][I] Route: /v1/messages/count_tokens, Methods: POST [2016,2016][launcher.py:46,serve_http]
2026-04-18T00:19:15.6698734Z [2026-04-18 00:19:15.664887][UC][I] Route: /inference/v1/generate, Methods: POST [2016,2016][launcher.py:46,serve_http]
2026-04-18T00:19:15.6699501Z [2026-04-18 00:19:15.664900][UC][I] Route: /scale_elastic_ep, Methods: POST [2016,2016][launcher.py:46,serve_http]
2026-04-18T00:19:15.6700234Z [2026-04-18 00:19:15.664915][UC][I] Route: /is_scaling_elastic_ep, Methods: POST [2016,2016][launcher.py:46,serve_http]
2026-04-18T00:19:15.6701040Z [2026-04-18 00:19:15.664929][UC][I] Route: /v1/chat/completions/render, Methods: POST [2016,2016][launcher.py:46,serve_http]
2026-04-18T00:19:15.6701838Z [2026-04-18 00:19:15.664941][UC][I] Route: /v1/completions/render, Methods: POST [2016,2016][launcher.py:46,serve_http]
2026-04-18T00:19:15.6702694Z [2026-04-18 00:19:15.668239][UC][I] Starting vLLM server on http://0.0.0.0:33435 [2015,2015][api_server.py:580,build_and_serve]
2026-04-18T00:19:15.6703407Z [2026-04-18 00:19:15.668327][UC][I] Available routes are: [2015,2015][launcher.py:37,serve_http]
2026-04-18T00:19:15.6704071Z [2026-04-18 00:19:15.668372][UC][I] Route: /openapi.json, Methods: HEAD, GET [2015,2015][launcher.py:46,serve_http]
2026-04-18T00:19:15.6704782Z [2026-04-18 00:19:15.668387][UC][I] Route: /docs, Methods: HEAD, GET [2015,2015][launcher.py:46,serve_http]
2026-04-18T00:19:15.6705526Z [2026-04-18 00:19:15.668398][UC][I] Route: /docs/oauth2-redirect, Methods: HEAD, GET [2015,2015][launcher.py:46,serve_http]
2026-04-18T00:19:15.6706254Z [2026-04-18 00:19:15.668410][UC][I] Route: /redoc, Methods: HEAD, GET [2015,2015][launcher.py:46,serve_http]
2026-04-18T00:19:15.6706942Z [2026-04-18 00:19:15.668421][UC][I] Route: /tokenize, Methods: POST [2015,2015][launcher.py:46,serve_http]
2026-04-18T00:19:15.6707609Z [2026-04-18 00:19:15.668434][UC][I] Route: /detokenize, Methods: POST [2015,2015][launcher.py:46,serve_http]
2026-04-18T00:19:15.6708262Z [2026-04-18 00:19:15.668448][UC][I] Route: /load, Methods: GET [2015,2015][launcher.py:46,serve_http]
2026-04-18T00:19:15.6708899Z [2026-04-18 00:19:15.668462][UC][I] Route: /version, Methods: GET [2015,2015][launcher.py:46,serve_http]
2026-04-18T00:19:15.6709842Z [2026-04-18 00:19:15.668475][UC][I] Route: /health, Methods: GET [2015,2015][launcher.py:46,serve_http]
2026-04-18T00:19:15.6710724Z [2026-04-18 00:19:15.668485][UC][I] Route: /metrics, Methods: GET [2015,2015][launcher.py:46,serve_http]
2026-04-18T00:19:15.6711376Z [2026-04-18 00:19:15.668505][UC][I] Route: /v1/models, Methods: GET [2015,2015][launcher.py:46,serve_http]
2026-04-18T00:19:15.6712018Z [2026-04-18 00:19:15.668561][UC][I] Route: /ping, Methods: GET [2015,2015][launcher.py:46,serve_http]
2026-04-18T00:19:15.6712914Z [2026-04-18 00:19:15.668576][UC][I] Route: /ping, Methods: POST [2015,2015][launcher.py:46,serve_http]
2026-04-18T00:19:15.6713570Z [2026-04-18 00:19:15.668587][UC][I] Route: /invocations, Methods: POST [2015,2015][launcher.py:46,serve_http]
2026-04-18T00:19:15.6714302Z [2026-04-18 00:19:15.668599][UC][I] Route: /v1/chat/completions, Methods: POST [2015,2015][launcher.py:46,serve_http]
2026-04-18T00:19:15.6715022Z [2026-04-18 00:19:15.668618][UC][I] Route: /v1/responses, Methods: POST [2015,2015][launcher.py:46,serve_http]
2026-04-18T00:19:15.6715770Z [2026-04-18 00:19:15.668638][UC][I] Route: /v1/responses/{response_id}, Methods: GET [2015,2015][launcher.py:46,serve_http]
2026-04-18T00:19:15.6716590Z [2026-04-18 00:19:15.668662][UC][I] Route: /v1/responses/{response_id}/cancel, Methods: POST [2015,2015][launcher.py:46,serve_http]
2026-04-18T00:19:15.6717364Z [2026-04-18 00:19:15.668682][UC][I] Route: /v1/completions, Methods: POST [2015,2015][launcher.py:46,serve_http]
2026-04-18T00:19:15.6718067Z [2026-04-18 00:19:15.668701][UC][I] Route: /v1/messages, Methods: POST [2015,2015][launcher.py:46,serve_http]
2026-04-18T00:19:15.6718794Z [2026-04-18 00:19:15.668714][UC][I] Route: /v1/messages/count_tokens, Methods: POST [2015,2015][launcher.py:46,serve_http]
2026-04-18T00:19:15.6719583Z [2026-04-18 00:19:15.668736][UC][I] Route: /inference/v1/generate, Methods: POST [2015,2015][launcher.py:46,serve_http]
2026-04-18T00:19:15.6720342Z [2026-04-18 00:19:15.668755][UC][I] Route: /scale_elastic_ep, Methods: POST [2015,2015][launcher.py:46,serve_http]
2026-04-18T00:19:15.6721074Z [2026-04-18 00:19:15.668775][UC][I] Route: /is_scaling_elastic_ep, Methods: POST [2015,2015][launcher.py:46,serve_http]
2026-04-18T00:19:15.6721865Z [2026-04-18 00:19:15.668798][UC][I] Route: /v1/chat/completions/render, Methods: POST [2015,2015][launcher.py:46,serve_http]
2026-04-18T00:19:15.6722657Z [2026-04-18 00:19:15.668811][UC][I] Route: /v1/completions/render, Methods: POST [2015,2015][launcher.py:46,serve_http]
2026-04-18T00:19:15.7232089Z (ApiServer_1 pid=2016) INFO:     Started server process [2016]
2026-04-18T00:19:15.7232567Z (ApiServer_1 pid=2016) INFO:     Waiting for application startup.
2026-04-18T00:19:15.7232994Z (ApiServer_0 pid=2015) INFO:     Started server process [2015]
2026-04-18T00:19:15.7233436Z (ApiServer_0 pid=2015) INFO:     Waiting for application startup.
2026-04-18T00:19:16.0460882Z (ApiServer_1 pid=2016) INFO:     Application startup complete.
2026-04-18T00:19:16.0562355Z (ApiServer_0 pid=2015) INFO:     Application startup complete.
2026-04-18T00:19:18.6220942Z (ApiServer_0 pid=2015) INFO:     127.0.0.1:60932 - "GET /health HTTP/1.1" 200 OK
2026-04-18T00:19:18.6224671Z [2026-04-18 00:19:18] [INFO] [READY] Node 0.0.0.0: http://0.0.0.0:33435/health is ready.
2026-04-18T00:19:20.0321302Z ........(Worker_DP1_TP2_EP10 pid=2176) INFO 04-18 00:19:20 [acl_graph.py:192] Replaying aclgraph
2026-04-18T00:19:20.0321992Z (Worker_DP1_TP3_EP11 pid=2271) INFO 04-18 00:19:20 [acl_graph.py:192] Replaying aclgraph
2026-04-18T00:19:20.0322645Z (Worker_DP1_TP1_EP9 pid=2080) INFO 04-18 00:19:20 [acl_graph.py:192] Replaying aclgraph
2026-04-18T00:19:20.0323249Z (Worker_DP1_TP5_EP13 pid=2459) INFO 04-18 00:19:20 [acl_graph.py:192] Replaying aclgraph
2026-04-18T00:19:20.0323872Z (Worker_DP1_TP6_EP14 pid=2553) INFO 04-18 00:19:20 [acl_graph.py:192] Replaying aclgraph
2026-04-18T00:19:20.0324486Z (Worker_DP1_TP7_EP15 pid=2648) INFO 04-18 00:19:20 [acl_graph.py:192] Replaying aclgraph
2026-04-18T00:19:20.0325740Z (Worker_DP1_TP0_EP8 pid=2031) INFO 04-18 00:19:20 [acl_graph.py:192] Replaying aclgraph
2026-04-18T00:19:20.0327897Z (Worker_DP0_TP0_EP0 pid=2032) INFO 04-18 00:19:20 [acl_graph.py:192] Replaying aclgraph
2026-04-18T00:19:20.0328521Z (Worker_DP0_TP2_EP2 pid=2175) INFO 04-18 00:19:20 [acl_graph.py:192] Replaying aclgraph
2026-04-18T00:19:20.0329104Z (Worker_DP0_TP1_EP1 pid=2084) INFO 04-18 00:19:20 [acl_graph.py:192] Replaying aclgraph
2026-04-18T00:19:20.0330008Z (Worker_DP0_TP3_EP3 pid=2269) INFO 04-18 00:19:20 [acl_graph.py:192] Replaying aclgraph
2026-04-18T00:19:20.0330566Z (Worker_DP0_TP5_EP5 pid=2457) INFO 04-18 00:19:20 [acl_graph.py:192] Replaying aclgraph
2026-04-18T00:19:20.0331166Z (Worker_DP0_TP7_EP7 pid=2644) INFO 04-18 00:19:20 [acl_graph.py:192] Replaying aclgraph
2026-04-18T00:19:20.0331745Z (Worker_DP0_TP6_EP6 pid=2550) INFO 04-18 00:19:20 [acl_graph.py:192] Replaying aclgraph
2026-04-18T00:19:20.0390669Z (Worker_DP0_TP4_EP4 pid=2363) INFO 04-18 00:19:20 [acl_graph.py:192] Replaying aclgraph
2026-04-18T00:19:20.0391316Z (Worker_DP1_TP4_EP12 pid=2364) INFO 04-18 00:19:20 [acl_graph.py:192] Replaying aclgraph
2026-04-18T00:19:31.5154317Z (ApiServer_0 pid=2015) INFO:     127.0.0.1:60946 - "POST /v1/completions HTTP/1.1" 200 OK
2026-04-18T00:19:31.5812670Z 2026-04-18 00:19:31,580 - modelscope - WARNING - We can not confirm the cached file is for revision: master
2026-04-18T00:19:31.6311274Z 2026-04-18 00:19:31,630 - modelscope - WARNING - We can not confirm the cached file is for revision: master
2026-04-18T00:19:56.9635727Z ........(ApiServer_0 pid=2015) INFO:     127.0.0.1:41250 - "POST /v1/chat/completions HTTP/1.1" 200 OK
2026-04-18T00:19:57.8316985Z (ApiServer_0 pid=2015) INFO:     127.0.0.1:41284 - "POST /v1/chat/completions HTTP/1.1" 200 OK
2026-04-18T00:20:01.1939404Z (ApiServer_1 pid=2016) INFO:     127.0.0.1:41266 - "POST /v1/chat/completions HTTP/1.1" 200 OK
2026-04-18T00:20:01.1942003Z (ApiServer_1 pid=2016) INFO:     127.0.0.1:41310 - "POST /v1/chat/completions HTTP/1.1" 200 OK
2026-04-18T00:20:04.9729991Z (ApiServer_0 pid=2015) INFO:     127.0.0.1:41294 - "POST /v1/chat/completions HTTP/1.1" 200 OK
2026-04-18T00:20:09.5146019Z (ApiServer_0 pid=2015) INFO:     127.0.0.1:41284 - "POST /v1/chat/completions HTTP/1.1" 200 OK
2026-04-18T00:20:12.2474156Z (ApiServer_0 pid=2015) INFO:     127.0.0.1:41304 - "POST /v1/chat/completions HTTP/1.1" 200 OK
2026-04-18T00:20:13.4846088Z (ApiServer_1 pid=2016) INFO:     127.0.0.1:41310 - "POST /v1/chat/completions HTTP/1.1" 200 OK
2026-04-18T00:20:19.1987022Z (ApiServer_1 pid=2016) INFO:     127.0.0.1:41266 - "POST /v1/chat/completions HTTP/1.1" 200 OK
2026-04-18T00:20:20.3416294Z (ApiServer_1 pid=2016) INFO:     127.0.0.1:41282 - "POST /v1/chat/completions HTTP/1.1" 200 OK
2026-04-18T00:20:21.4086510Z (ApiServer_0 pid=2015) INFO:     127.0.0.1:41322 - "POST /v1/chat/completions HTTP/1.1" 200 OK
2026-04-18T00:20:27.3965334Z (ApiServer_1 pid=2016) INFO:     127.0.0.1:41310 - "POST /v1/chat/completions HTTP/1.1" 200 OK
2026-04-18T00:20:30.3738157Z (ApiServer_0 pid=2015) INFO:     127.0.0.1:41284 - "POST /v1/chat/completions HTTP/1.1" 200 OK
2026-04-18T00:20:30.5576898Z (ApiServer_0 pid=2015) INFO:     127.0.0.1:41250 - "POST /v1/chat/completions HTTP/1.1" 200 OK
2026-04-18T00:20:31.7976890Z (ApiServer_1 pid=2016) INFO:     127.0.0.1:41266 - "POST /v1/chat/completions HTTP/1.1" 200 OK
2026-04-18T00:20:32.5601501Z (ApiServer_0 pid=2015) INFO:     127.0.0.1:41304 - "POST /v1/chat/completions HTTP/1.1" 200 OK
2026-04-18T00:20:37.4095954Z (ApiServer_0 pid=2015) INFO:     127.0.0.1:41322 - "POST /v1/chat/completions HTTP/1.1" 200 OK
2026-04-18T00:20:38.0915386Z (ApiServer_0 pid=2015) INFO:     127.0.0.1:41250 - "POST /v1/chat/completions HTTP/1.1" 200 OK
2026-04-18T00:20:39.6469810Z (ApiServer_1 pid=2016) INFO:     127.0.0.1:41282 - "POST /v1/chat/completions HTTP/1.1" 200 OK
2026-04-18T00:20:41.3831517Z (ApiServer_1 pid=2016) INFO:     127.0.0.1:41266 - "POST /v1/chat/completions HTTP/1.1" 200 OK
2026-04-18T00:20:42.3601240Z (ApiServer_0 pid=2015) INFO:     127.0.0.1:41304 - "POST /v1/chat/completions HTTP/1.1" 200 OK
2026-04-18T00:20:47.4047657Z (ApiServer_0 pid=2015) INFO:     127.0.0.1:41322 - "POST /v1/chat/completions HTTP/1.1" 200 OK
2026-04-18T00:20:49.1654827Z (ApiServer_0 pid=2015) INFO:     127.0.0.1:41284 - "POST /v1/chat/completions HTTP/1.1" 200 OK
2026-04-18T00:20:49.1659043Z (ApiServer_1 pid=2016) INFO:     127.0.0.1:41282 - "POST /v1/chat/completions HTTP/1.1" 200 OK
2026-04-18T00:20:50.4311921Z (ApiServer_1 pid=2016) INFO:     127.0.0.1:41310 - "POST /v1/chat/completions HTTP/1.1" 200 OK
2026-04-18T00:20:50.9534065Z (ApiServer_0 pid=2015) INFO:     127.0.0.1:41294 - "POST /v1/chat/completions HTTP/1.1" 200 OK
2026-04-18T00:20:52.3125994Z (ApiServer_0 pid=2015) INFO:     127.0.0.1:41304 - "POST /v1/chat/completions HTTP/1.1" 200 OK
2026-04-18T00:20:52.4924411Z (ApiServer_0 pid=2015) INFO:     127.0.0.1:41250 - "POST /v1/chat/completions HTTP/1.1" 200 OK
2026-04-18T00:20:55.1204159Z (ApiServer_1 pid=2016) INFO:     127.0.0.1:41266 - "POST /v1/chat/completions HTTP/1.1" 200 OK
2026-04-18T00:20:55.3504979Z (ApiServer_0 pid=2015) INFO:     127.0.0.1:41322 - "POST /v1/chat/completions HTTP/1.1" 200 OK
2026-04-18T00:20:58.1831675Z (ApiServer_0 pid=2015) INFO:     127.0.0.1:41284 - "POST /v1/chat/completions HTTP/1.1" 200 OK
2026-04-18T00:20:59.1105954Z (ApiServer_1 pid=2016) INFO:     127.0.0.1:41282 - "POST /v1/chat/completions HTTP/1.1" 200 OK
2026-04-18T00:21:19.6546130Z 2026-04-18 00:21:19,652 - modelscope - WARNING - We can not confirm the cached file is for revision: master
2026-04-18T00:21:19.7054216Z 2026-04-18 00:21:19,704 - modelscope - WARNING - We can not confirm the cached file is for revision: master
2026-04-18T00:21:30.1950139Z (ApiServer_0 pid=2015) INFO:     127.0.0.1:56958 - "POST /v1/chat/completions HTTP/1.1" 200 OK
2026-04-18T00:22:29.6601691Z [CompletionChoice(finish_reason='length', index=0, logprobs=None, text=" walking town, and that's the best way to", stop_reason=None, token_ids=None, prompt_logprobs=None, prompt_token_ids=None)]
2026-04-18T00:22:29.6602892Z The request config is
2026-04-18T00:22:29.6603926Z  from ais_bench.benchmark.models import VLLMCustomAPIChat
2026-04-18T00:22:29.6604512Z from ais_bench.benchmark.utils.model_postprocessors import extract_non_reasoning_content
2026-04-18T00:22:29.6604928Z 
2026-04-18T00:22:29.6605006Z models = [
2026-04-18T00:22:29.6605195Z     dict(
2026-04-18T00:22:29.6605374Z         attr="service",
2026-04-18T00:22:29.6605615Z         type=VLLMCustomAPIChat,
2026-04-18T00:22:29.6605920Z         abbr='vllm-api-general-chat',
2026-04-18T00:22:29.6606194Z         path="",
2026-04-18T00:22:29.6606452Z         model="vllm-ascend/DeepSeek-V3.2-W8A8",
2026-04-18T00:22:29.6606754Z         request_rate = 0,
2026-04-18T00:22:29.6606972Z         retry = 2,
2026-04-18T00:22:29.6607180Z         host_ip = "localhost",
2026-04-18T00:22:29.6607408Z         host_port = 33435,
2026-04-18T00:22:29.6607635Z         max_out_len = 4096,
2026-04-18T00:22:29.6607860Z         batch_size = 8,
2026-04-18T00:22:29.6608087Z         trust_remote_code=False,
2026-04-18T00:22:29.6608347Z         generation_kwargs = dict(
2026-04-18T00:22:29.6608595Z             temperature = 0.6,
2026-04-18T00:22:29.6608842Z             ignore_eos = False,
2026-04-18T00:22:29.6609074Z             #top_k = 10,
2026-04-18T00:22:29.6609291Z             top_p = 0.95,
2026-04-18T00:22:29.6609498Z             #seed = None,
2026-04-18T00:22:29.6609735Z             #repetition_penalty = 1.03,
2026-04-18T00:22:29.6609997Z         ),
2026-04-18T00:22:29.6610372Z         pred_postprocessor=dict(type=extract_non_reasoning_content)
2026-04-18T00:22:29.6610735Z     )
2026-04-18T00:22:29.6610896Z ]
2026-04-18T00:22:29.6611005Z 
2026-04-18T00:22:29.6611368Z running aisbench cmd: ais_bench --models vllm_api_general_chat_custom --datasets gsm8k_gen_0_shot_cot_chat_prompt
2026-04-18T00:22:29.6613132Z 04/18 00:19:46 - AISBench - INFO - Loading gsm8k_gen_0_shot_cot_chat_prompt: /vllm-workspace/vllm-ascend/benchmark/ais_bench/benchmark/configs/./datasets/gsm8k/gsm8k_gen_0_shot_cot_chat_prompt.py
2026-04-18T00:22:29.6614555Z 04/18 00:19:46 - AISBench - INFO - Loading vllm_api_general_chat_custom: /vllm-workspace/vllm-ascend/benchmark/ais_bench/benchmark/configs/./models/vllm_api/vllm_api_general_chat_custom.py
2026-04-18T00:22:29.6615759Z 04/18 00:19:46 - AISBench - INFO - Loading example: /vllm-workspace/vllm-ascend/benchmark/ais_bench/benchmark/configs/./summarizers/example.py
2026-04-18T00:22:29.6616527Z 04/18 00:19:46 - AISBench - INFO - Current exp folder: outputs/default/20260418_001946
2026-04-18T00:22:29.6617262Z 04/18 00:19:48 - AISBench - INFO - Starting inference tasks...
2026-04-18T00:22:29.6617664Z 04/18 00:19:48 - AISBench - INFO - Partitioned into 1 tasks.
2026-04-18T00:22:29.6620335Z 04/18 00:19:48 - AISBench - INFO - Continuous batch enable! All the logs and processes for each task should be checked in each infer/.out file.
2026-04-18T00:22:29.6621057Z Launch OpenICLInfer[vllm-api-general-chat/gsm8k] on CPU
2026-04-18T00:22:29.6621463Z Launch OpenICLInfer[vllm-api-general-chat/gsm8k] on CPU
2026-04-18T00:22:29.6621877Z 04/18 00:20:59 - AISBench - INFO - Inference tasks completed.
2026-04-18T00:22:29.6622280Z 04/18 00:21:01 - AISBench - INFO - Starting evaluation tasks...
2026-04-18T00:22:29.6622687Z 04/18 00:21:01 - AISBench - INFO - Partitioned into 1 tasks.
2026-04-18T00:22:29.6623083Z launch OpenICLEval[vllm-api-general-chat/gsm8k] on CPU
2026-04-18T00:22:29.6623477Z 04/18 00:21:19 - AISBench - INFO - Evaluation tasks completed.
2026-04-18T00:22:29.6623904Z 04/18 00:21:19 - AISBench - INFO - Summarizing evaluation results...
2026-04-18T00:22:29.6624340Z dataset    version    metric    mode      vllm-api-general-chat
2026-04-18T00:22:29.6624753Z ---------  ---------  --------  ------  -----------------------
2026-04-18T00:22:29.6625127Z gsm8k      7cd45e     accuracy  gen                       96.88
2026-04-18T00:22:29.6625837Z 04/18 00:21:19 - AISBench - INFO - write summary to /vllm-workspace/vllm-ascend/outputs/default/20260418_001946/summary/summary_20260418_001946.txt
2026-04-18T00:22:29.6626842Z 04/18 00:21:19 - AISBench - INFO - write csv to /vllm-workspace/vllm-ascend/outputs/default/20260418_001946/summary/summary_20260418_001946.csv
2026-04-18T00:22:29.6627462Z The request config is
2026-04-18T00:22:29.6627782Z  from ais_bench.benchmark.models import VLLMCustomAPIChatStream
2026-04-18T00:22:29.6628332Z from ais_bench.benchmark.utils.model_postprocessors import extract_non_reasoning_content
2026-04-18T00:22:29.6628726Z 
2026-04-18T00:22:29.6628796Z models = [
2026-04-18T00:22:29.6628979Z     dict(
2026-04-18T00:22:29.6629154Z         attr="service",
2026-04-18T00:22:29.6629391Z         type=VLLMCustomAPIChatStream,
2026-04-18T00:22:29.6629672Z         abbr='vllm-api-stream-chat',
2026-04-18T00:22:29.6630089Z         path="/root/.cache/modelscope/hub/models/vllm-ascend/DeepSeek-V3___2-W8A8",
2026-04-18T00:22:29.6630641Z         model="vllm-ascend/DeepSeek-V3.2-W8A8",
2026-04-18T00:22:29.6630949Z         request_rate = 11.2,
2026-04-18T00:22:29.6631175Z         retry = 2,
2026-04-18T00:22:29.6631387Z         host_ip = "localhost",
2026-04-18T00:22:29.6631617Z         host_port = 33435,
2026-04-18T00:22:29.6631844Z         max_out_len = 1500,
2026-04-18T00:22:29.6632070Z         batch_size = 1,
2026-04-18T00:22:29.6632286Z         trust_remote_code=False,
2026-04-18T00:22:29.6632548Z         generation_kwargs = dict(
2026-04-18T00:22:29.6632792Z             temperature = 0,
2026-04-18T00:22:29.6633029Z             ignore_eos = True,
2026-04-18T00:22:29.6633273Z             #top_k = 10,
2026-04-18T00:22:29.6633502Z             #top_p = 0.95,
2026-04-18T00:22:29.6633721Z             #seed = None,
2026-04-18T00:22:29.6633955Z             #repetition_penalty = 1.03,
2026-04-18T00:22:29.6634196Z         ),
2026-04-18T00:22:29.6634476Z         pred_postprocessor=dict(type=extract_non_reasoning_content)
2026-04-18T00:22:29.6634829Z     )
2026-04-18T00:22:29.6634989Z ]
2026-04-18T00:22:29.6635079Z 
2026-04-18T00:22:29.6635899Z running aisbench cmd: ais_bench --models vllm_api_stream_chat_custom --datasets gsm8k_gen_0_shot_cot_str_perf_custom --mode perf --num-prompts 1
2026-04-18T00:22:29.6637171Z 04/18 00:21:28 - AISBench - INFO - Loading gsm8k_gen_0_shot_cot_str_perf_custom: /vllm-workspace/vllm-ascend/benchmark/ais_bench/benchmark/configs/./datasets/gsm8k/gsm8k_gen_0_shot_cot_str_perf_custom.py
2026-04-18T00:22:29.6638581Z 04/18 00:21:28 - AISBench - INFO - Loading vllm_api_stream_chat_custom: /vllm-workspace/vllm-ascend/benchmark/ais_bench/benchmark/configs/./models/vllm_api/vllm_api_stream_chat_custom.py
2026-04-18T00:22:29.6639964Z 04/18 00:21:28 - AISBench - INFO - Loading example: /vllm-workspace/vllm-ascend/benchmark/ais_bench/benchmark/configs/./summarizers/example.py
2026-04-18T00:22:29.6640737Z 04/18 00:21:28 - AISBench - INFO - Current exp folder: outputs/default/20260418_002128
2026-04-18T00:22:29.6641257Z 04/18 00:21:28 - AISBench - INFO - Starting performance evaluation tasks...
2026-04-18T00:22:29.6641692Z 04/18 00:21:28 - AISBench - INFO - Partitioned into 1 tasks.
2026-04-18T00:22:29.6642376Z 04/18 00:21:28 - AISBench - INFO - Continuous batch enable! All the logs and processes for each task should be checked in each infer/.out file.
2026-04-18T00:22:29.6643063Z Launch OpenICLPerf[vllm-api-stream-chat/gsm8k] on CPU
2026-04-18T00:22:29.6643455Z Launch OpenICLPerf[vllm-api-stream-chat/gsm8k] on CPU
2026-04-18T00:22:29.6643887Z 04/18 00:22:29 - AISBench - INFO - Performance evaluation tasks completed.
2026-04-18T00:22:29.6644527Z 04/18 00:22:29 - AISBench - INFO - Loading detail perf data of model='vllm-api-stream-chat' dataset='gsm8kdataset' ...
2026-04-18T00:22:29.6645172Z 04/18 00:22:29 - AISBench - INFO - Starting request timeline processing...
2026-04-18T00:22:29.6645656Z 04/18 00:22:29 - AISBench - INFO - Data preprocessing completed in 0.0001s
2026-04-18T00:22:29.6646132Z 04/18 00:22:29 - AISBench - INFO - Generating timeline traces for 1 requests...
2026-04-18T00:22:29.6646635Z 04/18 00:22:29 - AISBench - INFO - Generated timeline trace chunks in 0.0021s
2026-04-18T00:22:29.6647091Z 04/18 00:22:29 - AISBench - INFO - Generating concurrency traces...
2026-04-18T00:22:29.6647565Z 04/18 00:22:29 - AISBench - INFO - Generated concurrency trace chunks in 0.0015s
2026-04-18T00:22:29.6648021Z 04/18 00:22:29 - AISBench - INFO - Creating figure layout...
2026-04-18T00:22:29.6648437Z 04/18 00:22:29 - AISBench - INFO - Figure layout created in 0.0377s
2026-04-18T00:22:29.6649133Z 04/18 00:22:29 - AISBench - INFO - Writing to outputs/default/20260418_002128/performances/vllm-api-stream-chat/gsm8kdataset_plot.html...
2026-04-18T00:22:29.6649802Z 04/18 00:22:29 - AISBench - INFO - HTML written in 0.0107s
2026-04-18T00:22:29.6650226Z 04/18 00:22:29 - AISBench - INFO - Completed! Total execution time: 0.0525s
2026-04-18T00:22:29.6651033Z 04/18 00:22:29 - AISBench - INFO - The gsm8kdataset_plot has been saved in outputs/default/20260418_002128/performances/vllm-api-stream-chat/gsm8kdataset_plot.html
2026-04-18T00:22:29.6651846Z 04/18 00:22:29 - AISBench - INFO - Converting perf results of stage ...
2026-04-18T00:22:29.6652259Z 04/18 00:22:29 - AISBench - INFO - Finish Converting!
2026-04-18T00:22:29.6652628Z 04/18 00:22:29 - AISBench - INFO - Start calculating metrics ...
2026-04-18T00:22:29.6653069Z 04/18 00:22:29 - AISBench - INFO - Start calculating common metrics ...
2026-04-18T00:22:29.6653495Z 04/18 00:22:29 - AISBench - INFO - Start calculating add units ...
2026-04-18T00:22:29.6653922Z 04/18 00:22:29 - AISBench - INFO - Finish calculating perf data!
2026-04-18T00:22:29.6654345Z 04/18 00:22:29 - AISBench - INFO - Summarizing performance results...
2026-04-18T00:22:29.6654899Z 04/18 00:22:29 - AISBench - INFO - Performance Results of task: vllm-api-stream-chat/gsm8kdataset:
2026-04-18T00:22:29.6656240Z ╒══════════════════════════╤═════════╤═════════════════╤═════════════════╤═════════════════╤═════════════════╤═════════════════╤═════════════════╤═════════════════╤═════╕
2026-04-18T00:22:29.6657509Z │ Performance Parameters   │ Stage   │ Average         │ Min             │ Max             │ Median          │ P75             │ P90             │ P99             │  N  │
2026-04-18T00:22:29.6658631Z ╞══════════════════════════╪═════════╪═════════════════╪═════════════════╪═════════════════╪═════════════════╪═════════════════╪═════════════════╪═════════════════╪═════╡
2026-04-18T00:22:30.2470120Z 2026-04-18 00:22:30,246 - modelscope - WARNING - We can not confirm the cached file is for revision: master
2026-04-18T00:22:30.2956561Z 2026-04-18 00:22:30,294 - modelscope - WARNING - We can not confirm the cached file is for revision: master
2026-04-18T00:22:30.3032007Z │ E2EL                     │ total   │ 59202.7379 ms   │ 59202.7379 ms   │ 59202.7379 ms   │ 59202.7379 ms   │ 59202.7379 ms   │ 59202.7379 ms   │ 59202.7379 ms   │  1  │
2026-04-18T00:22:30.3033273Z ├──────────────────────────┼─────────┼─────────────────┼─────────────────┼─────────────────┼─────────────────┼─────────────────┼─────────────────┼─────────────────┼─────┤
2026-04-18T00:22:30.3034489Z │ TTFT                     │ total   │ 600.346 ms      │ 600.346 ms      │ 600.346 ms      │ 600.346 ms      │ 600.346 ms      │ 600.346 ms      │ 600.346 ms      │  1  │
2026-04-18T00:22:30.3035592Z ├──────────────────────────┼─────────┼─────────────────┼─────────────────┼─────────────────┼─────────────────┼─────────────────┼─────────────────┼─────────────────┼─────┤
2026-04-18T00:22:30.3036562Z │ TPOT                     │ total   │ 39.0943 ms      │ 39.0943 ms      │ 39.0943 ms      │ 39.0943 ms      │ 39.0943 ms      │ 39.0943 ms      │ 39.0943 ms      │  1  │
2026-04-18T00:22:30.3037649Z ├──────────────────────────┼─────────┼─────────────────┼─────────────────┼─────────────────┼─────────────────┼─────────────────┼─────────────────┼─────────────────┼─────┤
2026-04-18T00:22:30.3038621Z │ ITL                      │ total   │ 83.4709 ms      │ 0.0144 ms       │ 4406.7192 ms    │ 77.2115 ms      │ 78.4681 ms      │ 79.0266 ms      │ 80.1115 ms      │  1  │
2026-04-18T00:22:30.3039689Z ├──────────────────────────┼─────────┼─────────────────┼─────────────────┼─────────────────┼─────────────────┼─────────────────┼─────────────────┼─────────────────┼─────┤
2026-04-18T00:22:30.3040614Z │ InputTokens              │ total   │ 0.0             │ 0.0             │ 0.0             │ 0.0             │ 0.0             │ 0.0             │ 0.0             │  1  │
2026-04-18T00:22:30.3041620Z ├──────────────────────────┼─────────┼─────────────────┼─────────────────┼─────────────────┼─────────────────┼─────────────────┼─────────────────┼─────────────────┼─────┤
2026-04-18T00:22:30.3042920Z │ OutputTokens             │ total   │ 1500.0          │ 1500.0          │ 1500.0          │ 1500.0          │ 1500.0          │ 1500.0          │ 1500.0          │  1  │
2026-04-18T00:22:30.3043986Z ├──────────────────────────┼─────────┼─────────────────┼─────────────────┼─────────────────┼─────────────────┼─────────────────┼─────────────────┼─────────────────┼─────┤
2026-04-18T00:22:30.3045396Z │ OutputTokenThroughput    │ total   │ 25.3367 token/s │ 25.3367 token/s │ 25.3367 token/s │ 25.3367 token/s │ 25.3367 token/s │ 25.3367 token/s │ 25.3367 token/s │  1  │
2026-04-18T00:22:30.3046622Z ╘══════════════════════════╧═════════╧═════════════════╧═════════════════╧═════════════════╧═════════════════╧═════════════════╧═════════════════╧═════════════════╧═════╛
2026-04-18T00:22:30.3047298Z ╒═════════════════════════╤═════════╤═════════════════╕
2026-04-18T00:22:30.3047688Z │ Common Metric           │ Stage   │ Value           │
2026-04-18T00:22:30.3048165Z ╞═════════════════════════╪═════════╪═════════════════╡
2026-04-18T00:22:30.3048579Z │ Benchmark Duration      │ total   │ 59202.7379 ms   │
2026-04-18T00:22:30.3049001Z ├─────────────────────────┼─────────┼─────────────────┤
2026-04-18T00:22:30.3049426Z │ Total Requests          │ total   │ 1               │
2026-04-18T00:22:30.3049854Z ├─────────────────────────┼─────────┼─────────────────┤
2026-04-18T00:22:30.3050260Z │ Failed Requests         │ total   │ 0               │
2026-04-18T00:22:30.3050718Z ├─────────────────────────┼─────────┼─────────────────┤
2026-04-18T00:22:30.3051118Z │ Success Requests        │ total   │ 1               │
2026-04-18T00:22:30.3051631Z ├─────────────────────────┼─────────┼─────────────────┤
2026-04-18T00:22:30.3052027Z │ Concurrency             │ total   │ 1.0             │
2026-04-18T00:22:30.3052458Z ├─────────────────────────┼─────────┼─────────────────┤
2026-04-18T00:22:30.3052849Z │ Max Concurrency         │ total   │ 1               │
2026-04-18T00:22:30.3053457Z ├─────────────────────────┼─────────┼─────────────────┤
2026-04-18T00:22:30.3053873Z │ Request Throughput      │ total   │ 0.0169 req/s    │
2026-04-18T00:22:30.3054320Z ├─────────────────────────┼─────────┼─────────────────┤
2026-04-18T00:22:30.3054723Z │ Total Input Tokens      │ total   │ 0               │
2026-04-18T00:22:30.3055148Z ├─────────────────────────┼─────────┼─────────────────┤
2026-04-18T00:22:30.3055545Z │ Total generated tokens  │ total   │ 1500            │
2026-04-18T00:22:30.3056195Z ├─────────────────────────┼─────────┼─────────────────┤
2026-04-18T00:22:30.3056640Z │ Input Token Throughput  │ total   │ 0.0 token/s     │
2026-04-18T00:22:30.3057084Z ├─────────────────────────┼─────────┼─────────────────┤
2026-04-18T00:22:30.3057495Z │ Output Token Throughput │ total   │ 25.3367 token/s │
2026-04-18T00:22:30.3057937Z ├─────────────────────────┼─────────┼─────────────────┤
2026-04-18T00:22:30.3058351Z │ Total Token Throughput  │ total   │ 25.3367 token/s │
2026-04-18T00:22:30.3058819Z ╘═════════════════════════╧═════════╧═════════════════╛
2026-04-18T00:22:30.3059476Z 04/18 00:22:29 - AISBench - INFO - Performance Result files locate in outputs/default/20260418_002128/performances/vllm-api-stream-chat.
2026-04-18T00:22:30.3060432Z Getting performance results from file:  outputs/default/20260418_002128/performances/vllm-api-stream-chat/gsm8kdataset.json
2026-04-18T00:22:30.3061034Z The request config is
2026-04-18T00:22:30.3061361Z  from ais_bench.benchmark.models import VLLMCustomAPIChatStream
2026-04-18T00:22:30.3061960Z from ais_bench.benchmark.utils.model_postprocessors import extract_non_reasoning_content
2026-04-18T00:22:30.3062362Z 
2026-04-18T00:22:30.3062433Z models = [
2026-04-18T00:22:30.3062620Z     dict(
2026-04-18T00:22:30.3062791Z         attr="service",
2026-04-18T00:22:30.3063039Z         type=VLLMCustomAPIChatStream,
2026-04-18T00:22:30.3063330Z         abbr='vllm-api-stream-chat',
2026-04-18T00:22:30.3063752Z         path="/root/.cache/modelscope/hub/models/vllm-ascend/DeepSeek-V3___2-W8A8",
2026-04-18T00:22:30.3064217Z         model="vllm-ascend/DeepSeek-V3.2-W8A8",
2026-04-18T00:22:30.3064505Z         request_rate = 11.2,
2026-04-18T00:22:30.3064740Z         retry = 2,
2026-04-18T00:22:30.3064940Z         host_ip = "localhost",
2026-04-18T00:22:30.3065188Z         host_port = 33435,
2026-04-18T00:22:30.3065410Z         max_out_len = 1500,
2026-04-18T00:22:30.3065647Z         batch_size = 32,
2026-04-18T00:22:30.3065875Z         trust_remote_code=False,
2026-04-18T00:22:30.3066140Z         generation_kwargs = dict(
2026-04-18T00:22:30.3066390Z             temperature = 0,
2026-04-18T00:22:30.3066636Z             ignore_eos = True,
2026-04-18T00:22:30.3066870Z             #top_k = 10,
2026-04-18T00:22:30.3067085Z             #top_p = 0.95,
2026-04-18T00:22:30.3067305Z             #seed = None,
2026-04-18T00:22:30.3067530Z             #repetition_penalty = 1.03,
2026-04-18T00:22:30.3067800Z         ),
2026-04-18T00:22:30.3068083Z         pred_postprocessor=dict(type=extract_non_reasoning_content)
2026-04-18T00:22:30.3068444Z     )
2026-04-18T00:22:30.3068628Z ]
2026-04-18T00:22:39.9717680Z (ApiServer_1 pid=2016) INFO:     127.0.0.1:43546 - "POST /v1/chat/completions HTTP/1.1" 200 OK
2026-04-18T00:22:39.9776749Z (ApiServer_0 pid=2015) INFO:     127.0.0.1:43542 - "POST /v1/chat/completions HTTP/1.1" 200 OK
2026-04-18T00:22:39.9780708Z (ApiServer_0 pid=2015) INFO:     127.0.0.1:43552 - "POST /v1/chat/completions HTTP/1.1" 200 OK
2026-04-18T00:22:39.9903257Z (ApiServer_0 pid=2015) INFO:     127.0.0.1:43560 - "POST /v1/chat/completions HTTP/1.1" 200 OK
2026-04-18T00:22:40.0625359Z (ApiServer_0 pid=2015) INFO:     127.0.0.1:43564 - "POST /v1/chat/completions HTTP/1.1" 200 OK
2026-04-18T00:22:40.1510058Z (ApiServer_0 pid=2015) INFO:     127.0.0.1:43572 - "POST /v1/chat/completions HTTP/1.1" 200 OK
2026-04-18T00:22:40.2400197Z (ApiServer_1 pid=2016) INFO:     127.0.0.1:43584 - "POST /v1/chat/completions HTTP/1.1" 200 OK
2026-04-18T00:22:40.3306582Z (ApiServer_0 pid=2015) INFO:     127.0.0.1:43600 - "POST /v1/chat/completions HTTP/1.1" 200 OK
2026-04-18T00:22:40.4191836Z (ApiServer_0 pid=2015) INFO:     127.0.0.1:43612 - "POST /v1/chat/completions HTTP/1.1" 200 OK
2026-04-18T00:22:40.5072354Z (ApiServer_1 pid=2016) INFO:     127.0.0.1:43624 - "POST /v1/chat/completions HTTP/1.1" 200 OK
2026-04-18T00:22:40.5973718Z (ApiServer_0 pid=2015) INFO:     127.0.0.1:43640 - "POST /v1/chat/completions HTTP/1.1" 200 OK
2026-04-18T00:22:40.6883734Z (ApiServer_0 pid=2015) INFO:     127.0.0.1:43642 - "POST /v1/chat/completions HTTP/1.1" 200 OK
2026-04-18T00:22:40.7751235Z (ApiServer_1 pid=2016) INFO:     127.0.0.1:43650 - "POST /v1/chat/completions HTTP/1.1" 200 OK
2026-04-18T00:22:40.8655767Z (ApiServer_0 pid=2015) INFO:     127.0.0.1:43662 - "POST /v1/chat/completions HTTP/1.1" 200 OK
2026-04-18T00:22:40.9553268Z (ApiServer_1 pid=2016) INFO:     127.0.0.1:43674 - "POST /v1/chat/completions HTTP/1.1" 200 OK
2026-04-18T00:22:41.0455115Z (ApiServer_0 pid=2015) INFO:     127.0.0.1:43690 - "POST /v1/chat/completions HTTP/1.1" 200 OK
2026-04-18T00:22:41.1329639Z (ApiServer_0 pid=2015) INFO:     127.0.0.1:43698 - "POST /v1/chat/completions HTTP/1.1" 200 OK
2026-04-18T00:22:41.2212738Z (ApiServer_1 pid=2016) INFO:     127.0.0.1:43708 - "POST /v1/chat/completions HTTP/1.1" 200 OK
2026-04-18T00:22:41.3106876Z (ApiServer_0 pid=2015) INFO:     127.0.0.1:43714 - "POST /v1/chat/completions HTTP/1.1" 200 OK
2026-04-18T00:22:41.3996652Z (ApiServer_1 pid=2016) INFO:     127.0.0.1:43720 - "POST /v1/chat/completions HTTP/1.1" 200 OK
2026-04-18T00:22:41.4892379Z (ApiServer_0 pid=2015) INFO:     127.0.0.1:43728 - "POST /v1/chat/completions HTTP/1.1" 200 OK
2026-04-18T00:22:41.5790471Z (ApiServer_0 pid=2015) INFO:     127.0.0.1:43738 - "POST /v1/chat/completions HTTP/1.1" 200 OK
2026-04-18T00:22:41.6690275Z (ApiServer_1 pid=2016) INFO:     127.0.0.1:43750 - "POST /v1/chat/completions HTTP/1.1" 200 OK
2026-04-18T00:22:41.7573974Z (ApiServer_0 pid=2015) INFO:     127.0.0.1:43760 - "POST /v1/chat/completions HTTP/1.1" 200 OK
2026-04-18T00:22:41.8463131Z (ApiServer_0 pid=2015) INFO:     127.0.0.1:43762 - "POST /v1/chat/completions HTTP/1.1" 200 OK
2026-04-18T00:22:41.9359313Z (ApiServer_1 pid=2016) INFO:     127.0.0.1:43772 - "POST /v1/chat/completions HTTP/1.1" 200 OK
2026-04-18T00:22:42.0253585Z (ApiServer_0 pid=2015) INFO:     127.0.0.1:43780 - "POST /v1/chat/completions HTTP/1.1" 200 OK
2026-04-18T00:22:42.1141997Z (ApiServer_0 pid=2015) INFO:     127.0.0.1:43792 - "POST /v1/chat/completions HTTP/1.1" 200 OK
2026-04-18T00:22:42.2043466Z (ApiServer_1 pid=2016) INFO:     127.0.0.1:43806 - "POST /v1/chat/completions HTTP/1.1" 200 OK
2026-04-18T00:22:42.2928254Z (ApiServer_0 pid=2015) INFO:     127.0.0.1:43814 - "POST /v1/chat/completions HTTP/1.1" 200 OK
2026-04-18T00:22:42.3820128Z (ApiServer_0 pid=2015) INFO:     127.0.0.1:43818 - "POST /v1/chat/completions HTTP/1.1" 200 OK
2026-04-18T00:22:42.4710070Z (ApiServer_0 pid=2015) INFO:     127.0.0.1:43828 - "POST /v1/chat/completions HTTP/1.1" 200 OK
2026-04-18T00:23:38.1003295Z (ApiServer_0 pid=2015) INFO:     127.0.0.1:49610 - "POST /v1/chat/completions HTTP/1.1" 200 OK
2026-04-18T00:23:38.1968859Z (ApiServer_0 pid=2015) INFO:     127.0.0.1:49622 - "POST /v1/chat/completions HTTP/1.1" 200 OK
2026-04-18T00:23:41.4829905Z (ApiServer_0 pid=2015) INFO:     127.0.0.1:41718 - "POST /v1/chat/completions HTTP/1.1" 200 OK
2026-04-18T00:23:46.0934995Z (ApiServer_0 pid=2015) INFO:     127.0.0.1:41722 - "POST /v1/chat/completions HTTP/1.1" 200 OK
2026-04-18T00:24:13.4569652Z (ApiServer_0 pid=2015) INFO:     127.0.0.1:42650 - "POST /v1/chat/completions HTTP/1.1" 200 OK
2026-04-18T00:24:15.3059617Z (ApiServer_0 pid=2015) INFO:     127.0.0.1:42666 - "POST /v1/chat/completions HTTP/1.1" 200 OK
2026-04-18T00:24:41.9479810Z (ApiServer_0 pid=2015) INFO:     127.0.0.1:58052 - "POST /v1/chat/completions HTTP/1.1" 200 OK
2026-04-18T00:24:44.2862882Z (ApiServer_0 pid=2015) INFO:     127.0.0.1:58058 - "POST /v1/chat/completions HTTP/1.1" 200 OK
2026-04-18T00:24:54.6282825Z (ApiServer_0 pid=2015) INFO:     127.0.0.1:57682 - "POST /v1/chat/completions HTTP/1.1" 200 OK
2026-04-18T00:24:59.9114517Z (ApiServer_1 pid=2016) INFO:     127.0.0.1:50576 - "POST /v1/chat/completions HTTP/1.1" 200 OK
2026-04-18T00:25:06.1197999Z (ApiServer_0 pid=2015) INFO:     127.0.0.1:50582 - "POST /v1/chat/completions HTTP/1.1" 200 OK
2026-04-18T00:25:08.2818427Z (ApiServer_0 pid=2015) INFO:     127.0.0.1:50594 - "POST /v1/chat/completions HTTP/1.1" 200 OK
2026-04-18T00:25:11.4979164Z (ApiServer_0 pid=2015) INFO:     127.0.0.1:60254 - "POST /v1/chat/completions HTTP/1.1" 200 OK
2026-04-18T00:25:12.8734072Z (ApiServer_0 pid=2015) INFO:     127.0.0.1:60260 - "POST /v1/chat/completions HTTP/1.1" 200 OK
2026-04-18T00:25:13.7182224Z (ApiServer_0 pid=2015) INFO:     127.0.0.1:60262 - "POST /v1/chat/completions HTTP/1.1" 200 OK
2026-04-18T00:25:14.4629984Z (ApiServer_0 pid=2015) INFO:     127.0.0.1:60278 - "POST /v1/chat/completions HTTP/1.1" 200 OK
2026-04-18T00:25:15.6213373Z (ApiServer_0 pid=2015) INFO:     127.0.0.1:60282 - "POST /v1/chat/completions HTTP/1.1" 200 OK
2026-04-18T00:25:16.5045152Z (ApiServer_0 pid=2015) INFO:     127.0.0.1:60286 - "POST /v1/chat/completions HTTP/1.1" 200 OK
2026-04-18T00:25:18.1354093Z (ApiServer_0 pid=2015) INFO:     127.0.0.1:60302 - "POST /v1/chat/completions HTTP/1.1" 200 OK
2026-04-18T00:25:19.1223177Z (ApiServer_0 pid=2015) INFO:     127.0.0.1:60314 - "POST /v1/chat/completions HTTP/1.1" 200 OK
2026-04-18T00:25:35.3108013Z (ApiServer_1 pid=2016) INFO:     127.0.0.1:42958 - "POST /v1/chat/completions HTTP/1.1" 200 OK
2026-04-18T00:25:35.3120177Z (ApiServer_0 pid=2015) INFO:     127.0.0.1:42974 - "POST /v1/chat/completions HTTP/1.1" 200 OK
2026-04-18T00:25:49.3988685Z (ApiServer_0 pid=2015) INFO:     127.0.0.1:43524 - "POST /v1/chat/completions HTTP/1.1" 200 OK
2026-04-18T00:25:55.0432981Z (ApiServer_0 pid=2015) INFO:     127.0.0.1:33448 - "POST /v1/chat/completions HTTP/1.1" 200 OK
2026-04-18T00:26:24.5176448Z (ApiServer_0 pid=2015) INFO:     127.0.0.1:33316 - "POST /v1/chat/completions HTTP/1.1" 200 OK
2026-04-18T00:26:28.2012816Z (ApiServer_0 pid=2015) INFO:     127.0.0.1:33328 - "POST /v1/chat/completions HTTP/1.1" 200 OK
2026-04-18T00:26:40.5864593Z (ApiServer_0 pid=2015) INFO:     127.0.0.1:43622 - "POST /v1/chat/completions HTTP/1.1" 200 OK
2026-04-18T00:26:44.9918999Z (ApiServer_0 pid=2015) INFO:     127.0.0.1:43632 - "POST /v1/chat/completions HTTP/1.1" 200 OK
2026-04-18T00:27:08.6031576Z (ApiServer_0 pid=2015) INFO:     127.0.0.1:57454 - "POST /v1/chat/completions HTTP/1.1" 200 OK
2026-04-18T00:27:25.8301749Z (ApiServer_0 pid=2015) INFO:     127.0.0.1:50700 - "POST /v1/chat/completions HTTP/1.1" 200 OK
2026-04-18T00:27:30.4205640Z (ApiServer_0 pid=2015) INFO:     127.0.0.1:40768 - "POST /v1/chat/completions HTTP/1.1" 200 OK
2026-04-18T00:27:32.7439821Z (ApiServer_0 pid=2015) INFO:     127.0.0.1:40782 - "POST /v1/chat/completions HTTP/1.1" 200 OK
2026-04-18T00:27:34.9936499Z (ApiServer_0 pid=2015) INFO:     127.0.0.1:40798 - "POST /v1/chat/completions HTTP/1.1" 200 OK
2026-04-18T00:27:36.1808932Z (ApiServer_0 pid=2015) INFO:     127.0.0.1:40810 - "POST /v1/chat/completions HTTP/1.1" 200 OK
2026-04-18T00:27:40.6537047Z (ApiServer_0 pid=2015) INFO:     127.0.0.1:58756 - "POST /v1/chat/completions HTTP/1.1" 200 OK
2026-04-18T00:27:41.2519768Z (ApiServer_0 pid=2015) INFO:     127.0.0.1:58762 - "POST /v1/chat/completions HTTP/1.1" 200 OK
2026-04-18T00:27:42.1030402Z (ApiServer_0 pid=2015) INFO:     127.0.0.1:58778 - "POST /v1/chat/completions HTTP/1.1" 200 OK
2026-04-18T00:27:45.5636498Z (ApiServer_0 pid=2015) INFO:     127.0.0.1:58782 - "POST /v1/chat/completions HTTP/1.1" 200 OK
2026-04-18T00:27:45.6686514Z (ApiServer_0 pid=2015) INFO:     127.0.0.1:58790 - "POST /v1/chat/completions HTTP/1.1" 200 OK
2026-04-18T00:27:47.3710030Z (ApiServer_0 pid=2015) INFO:     127.0.0.1:58802 - "POST /v1/chat/completions HTTP/1.1" 200 OK
2026-04-18T00:27:48.3303371Z (ApiServer_0 pid=2015) INFO:     127.0.0.1:58810 - "POST /v1/chat/completions HTTP/1.1" 200 OK
2026-04-18T00:27:48.3309579Z (ApiServer_1 pid=2016) INFO:     127.0.0.1:58818 - "POST /v1/chat/completions HTTP/1.1" 200 OK
2026-04-18T00:27:57.1474862Z (ApiServer_0 pid=2015) INFO:     127.0.0.1:45616 - "POST /v1/chat/completions HTTP/1.1" 200 OK
2026-04-18T00:28:15.7702287Z (ApiServer_0 pid=2015) INFO:     127.0.0.1:34992 - "POST /v1/chat/completions HTTP/1.1" 200 OK
2026-04-18T00:28:33.3188902Z (ApiServer_0 pid=2015) INFO:     127.0.0.1:33444 - "POST /v1/chat/completions HTTP/1.1" 200 OK
2026-04-18T00:28:34.8804922Z (ApiServer_0 pid=2015) INFO:     127.0.0.1:33460 - "POST /v1/chat/completions HTTP/1.1" 200 OK
2026-04-18T00:28:50.9587521Z (ApiServer_0 pid=2015) INFO:     127.0.0.1:52958 - "POST /v1/chat/completions HTTP/1.1" 200 OK
2026-04-18T00:29:02.8794794Z (ApiServer_0 pid=2015) INFO:     127.0.0.1:45770 - "POST /v1/chat/completions HTTP/1.1" 200 OK
2026-04-18T00:29:14.0759613Z (ApiServer_0 pid=2015) INFO:     127.0.0.1:59798 - "POST /v1/chat/completions HTTP/1.1" 200 OK
2026-04-18T00:29:24.2960619Z (ApiServer_1 pid=2016) INFO:     127.0.0.1:33288 - "POST /v1/chat/completions HTTP/1.1" 200 OK
2026-04-18T00:29:40.8479294Z (ApiServer_0 pid=2015) INFO:     127.0.0.1:55660 - "POST /v1/chat/completions HTTP/1.1" 200 OK
2026-04-18T00:29:43.7895577Z (ApiServer_0 pid=2015) INFO:     127.0.0.1:55668 - "POST /v1/chat/completions HTTP/1.1" 200 OK
2026-04-18T00:29:46.8114191Z (ApiServer_0 pid=2015) INFO:     127.0.0.1:55684 - "POST /v1/chat/completions HTTP/1.1" 200 OK
2026-04-18T00:29:59.6032004Z (ApiServer_0 pid=2015) INFO:     127.0.0.1:45018 - "POST /v1/chat/completions HTTP/1.1" 200 OK
2026-04-18T00:30:03.7565310Z (ApiServer_0 pid=2015) INFO:     127.0.0.1:51900 - "POST /v1/chat/completions HTTP/1.1" 200 OK
2026-04-18T00:30:08.0195989Z (ApiServer_0 pid=2015) INFO:     127.0.0.1:51914 - "POST /v1/chat/completions HTTP/1.1" 200 OK
2026-04-18T00:30:08.8888336Z (ApiServer_0 pid=2015) INFO:     127.0.0.1:51926 - "POST /v1/chat/completions HTTP/1.1" 200 OK
2026-04-18T00:30:10.0247882Z (ApiServer_0 pid=2015) INFO:     127.0.0.1:50274 - "POST /v1/chat/completions HTTP/1.1" 200 OK
2026-04-18T00:30:10.0249948Z (ApiServer_1 pid=2016) INFO:     127.0.0.1:50282 - "POST /v1/chat/completions HTTP/1.1" 200 OK
2026-04-18T00:30:13.4200750Z (ApiServer_0 pid=2015) INFO:     127.0.0.1:50284 - "POST /v1/chat/completions HTTP/1.1" 200 OK
2026-04-18T00:30:14.9116894Z (ApiServer_0 pid=2015) INFO:     127.0.0.1:50300 - "POST /v1/chat/completions HTTP/1.1" 200 OK
2026-04-18T00:30:16.5668545Z (ApiServer_0 pid=2015) INFO:     127.0.0.1:50314 - "POST /v1/chat/completions HTTP/1.1" 200 OK
2026-04-18T00:30:20.6483339Z (ApiServer_0 pid=2015) INFO:     127.0.0.1:52960 - "POST /v1/chat/completions HTTP/1.1" 200 OK
2026-04-18T00:30:22.6543133Z (ApiServer_0 pid=2015) INFO:     127.0.0.1:52968 - "POST /v1/chat/completions HTTP/1.1" 200 OK
2026-04-18T00:30:38.1810828Z (ApiServer_0 pid=2015) INFO:     127.0.0.1:47554 - "POST /v1/chat/completions HTTP/1.1" 200 OK
2026-04-18T00:30:39.7280838Z (ApiServer_0 pid=2015) INFO:     127.0.0.1:47556 - "POST /v1/chat/completions HTTP/1.1" 200 OK
2026-04-18T00:30:53.8088577Z (ApiServer_0 pid=2015) INFO:     127.0.0.1:42278 - "POST /v1/chat/completions HTTP/1.1" 200 OK
2026-04-18T00:31:08.1190738Z (ApiServer_1 pid=2016) INFO:     127.0.0.1:37602 - "POST /v1/chat/completions HTTP/1.1" 200 OK
2026-04-18T00:31:26.4738685Z (ApiServer_0 pid=2015) INFO:     127.0.0.1:39662 - "POST /v1/chat/completions HTTP/1.1" 200 OK
2026-04-18T00:31:29.4172495Z (ApiServer_0 pid=2015) INFO:     127.0.0.1:39664 - "POST /v1/chat/completions HTTP/1.1" 200 OK
2026-04-18T00:31:42.4285833Z (ApiServer_0 pid=2015) INFO:     127.0.0.1:35180 - "POST /v1/chat/completions HTTP/1.1" 200 OK
2026-04-18T00:31:51.9902683Z (ApiServer_0 pid=2015) INFO:     127.0.0.1:42216 - "POST /v1/chat/completions HTTP/1.1" 200 OK
2026-04-18T00:32:08.6982564Z (ApiServer_0 pid=2015) INFO:     127.0.0.1:57482 - "POST /v1/chat/completions HTTP/1.1" 200 OK
2026-04-18T00:32:13.2491694Z (ApiServer_0 pid=2015) INFO:     127.0.0.1:54966 - "POST /v1/chat/completions HTTP/1.1" 200 OK
2026-04-18T00:32:15.7828024Z (ApiServer_0 pid=2015) INFO:     127.0.0.1:54980 - "POST /v1/chat/completions HTTP/1.1" 200 OK
2026-04-18T00:32:19.5277141Z (ApiServer_1 pid=2016) INFO:     127.0.0.1:54988 - "POST /v1/chat/completions HTTP/1.1" 200 OK
2026-04-18T00:32:32.1588858Z (ApiServer_0 pid=2015) INFO:     127.0.0.1:59720 - "POST /v1/chat/completions HTTP/1.1" 200 OK
2026-04-18T00:32:35.9980412Z (ApiServer_0 pid=2015) INFO:     127.0.0.1:59724 - "POST /v1/chat/completions HTTP/1.1" 200 OK
2026-04-18T00:32:36.1024968Z (ApiServer_0 pid=2015) INFO:     127.0.0.1:59732 - "POST /v1/chat/completions HTTP/1.1" 200 OK
2026-04-18T00:32:38.7063427Z (ApiServer_0 pid=2015) INFO:     127.0.0.1:59746 - "POST /v1/chat/completions HTTP/1.1" 200 OK
2026-04-18T00:32:41.6393460Z (ApiServer_0 pid=2015) INFO:     127.0.0.1:47100 - "POST /v1/chat/completions HTTP/1.1" 200 OK
2026-04-18T00:32:45.8610221Z (ApiServer_0 pid=2015) INFO:     127.0.0.1:47102 - "POST /v1/chat/completions HTTP/1.1" 200 OK
2026-04-18T00:32:46.7766063Z (ApiServer_0 pid=2015) INFO:     127.0.0.1:47118 - "POST /v1/chat/completions HTTP/1.1" 200 OK
2026-04-18T00:32:48.0377002Z (ApiServer_0 pid=2015) INFO:     127.0.0.1:47120 - "POST /v1/chat/completions HTTP/1.1" 200 OK
2026-04-18T00:32:51.6302071Z (ApiServer_0 pid=2015) INFO:     127.0.0.1:48630 - "POST /v1/chat/completions HTTP/1.1" 200 OK
2026-04-18T00:32:54.2668107Z (ApiServer_0 pid=2015) INFO:     127.0.0.1:48638 - "POST /v1/chat/completions HTTP/1.1" 200 OK
2026-04-18T00:33:01.0222492Z (ApiServer_0 pid=2015) INFO:     127.0.0.1:58108 - "POST /v1/chat/completions HTTP/1.1" 200 OK
2026-04-18T00:33:06.8536685Z (ApiServer_0 pid=2015) INFO:     127.0.0.1:58120 - "POST /v1/chat/completions HTTP/1.1" 200 OK
2026-04-18T00:33:26.2044779Z (ApiServer_0 pid=2015) INFO:     127.0.0.1:49974 - "POST /v1/chat/completions HTTP/1.1" 200 OK
2026-04-18T00:33:46.9543787Z (ApiServer_0 pid=2015) INFO:     127.0.0.1:49820 - "POST /v1/chat/completions HTTP/1.1" 200 OK
2026-04-18T00:33:58.1877575Z (ApiServer_0 pid=2015) INFO:     127.0.0.1:41114 - "POST /v1/chat/completions HTTP/1.1" 200 OK
2026-04-18T00:33:59.8626362Z (ApiServer_0 pid=2015) INFO:     127.0.0.1:41116 - "POST /v1/chat/completions HTTP/1.1" 200 OK
2026-04-18T00:34:15.5359474Z (ApiServer_0 pid=2015) INFO:     127.0.0.1:53538 - "POST /v1/chat/completions HTTP/1.1" 200 OK
2026-04-18T00:34:16.7156025Z (ApiServer_0 pid=2015) INFO:     127.0.0.1:53548 - "POST /v1/chat/completions HTTP/1.1" 200 OK
2026-04-18T00:34:42.4564711Z (ApiServer_0 pid=2015) INFO:     127.0.0.1:48434 - "POST /v1/chat/completions HTTP/1.1" 200 OK
2026-04-18T00:34:44.0779929Z (ApiServer_0 pid=2015) INFO:     127.0.0.1:48444 - "POST /v1/chat/completions HTTP/1.1" 200 OK
2026-04-18T00:37:34.3595330Z 
2026-04-18T00:37:34.3596324Z running aisbench cmd: ais_bench --models vllm_api_stream_chat_custom --datasets gsm8k_gen_0_shot_cot_str_perf_custom --mode perf --num-prompts 128
2026-04-18T00:37:34.3597736Z 04/18 00:22:38 - AISBench - INFO - Loading gsm8k_gen_0_shot_cot_str_perf_custom: /vllm-workspace/vllm-ascend/benchmark/ais_bench/benchmark/configs/./datasets/gsm8k/gsm8k_gen_0_shot_cot_str_perf_custom.py
2026-04-18T00:37:34.3599261Z 04/18 00:22:38 - AISBench - INFO - Loading vllm_api_stream_chat_custom: /vllm-workspace/vllm-ascend/benchmark/ais_bench/benchmark/configs/./models/vllm_api/vllm_api_stream_chat_custom.py
2026-04-18T00:37:34.3600458Z 04/18 00:22:38 - AISBench - INFO - Loading example: /vllm-workspace/vllm-ascend/benchmark/ais_bench/benchmark/configs/./summarizers/example.py
2026-04-18T00:37:34.3601248Z 04/18 00:22:38 - AISBench - INFO - Current exp folder: outputs/default/20260418_002238
2026-04-18T00:37:34.3602375Z 04/18 00:22:38 - AISBench - INFO - Starting performance evaluation tasks...
2026-04-18T00:37:34.3602868Z 04/18 00:22:38 - AISBench - INFO - Partitioned into 1 tasks.
2026-04-18T00:37:34.3603550Z 04/18 00:22:38 - AISBench - INFO - Continuous batch enable! All the logs and processes for each task should be checked in each infer/.out file.
2026-04-18T00:37:34.3604237Z Launch OpenICLPerf[vllm-api-stream-chat/gsm8k] on CPU
2026-04-18T00:37:34.3604634Z Launch OpenICLPerf[vllm-api-stream-chat/gsm8k] on CPU
2026-04-18T00:37:34.3605314Z 04/18 00:37:34 - AISBench - INFO - Performance evaluation tasks completed.
2026-04-18T00:37:34.3605973Z 04/18 00:37:34 - AISBench - INFO - Loading detail perf data of model='vllm-api-stream-chat' dataset='gsm8kdataset' ...
2026-04-18T00:37:34.3606615Z 04/18 00:37:34 - AISBench - INFO - Starting request timeline processing...
2026-04-18T00:37:34.3607085Z 04/18 00:37:34 - AISBench - INFO - Data preprocessing completed in 0.0005s
2026-04-18T00:37:34.3607584Z 04/18 00:37:34 - AISBench - INFO - Generating timeline traces for 128 requests...
2026-04-18T00:37:34.3608075Z 04/18 00:37:34 - AISBench - INFO - Generated timeline trace chunks in 0.0053s
2026-04-18T00:37:34.3608536Z 04/18 00:37:34 - AISBench - INFO - Generating concurrency traces...
2026-04-18T00:37:34.3609000Z 04/18 00:37:34 - AISBench - INFO - Generated concurrency trace chunks in 0.0012s
2026-04-18T00:37:34.3609451Z 04/18 00:37:34 - AISBench - INFO - Creating figure layout...
2026-04-18T00:37:34.3609866Z 04/18 00:37:34 - AISBench - INFO - Figure layout created in 0.0400s
2026-04-18T00:37:34.3610550Z 04/18 00:37:34 - AISBench - INFO - Writing to outputs/default/20260418_002238/performances/vllm-api-stream-chat/gsm8kdataset_plot.html...
2026-04-18T00:37:34.3611210Z 04/18 00:37:34 - AISBench - INFO - HTML written in 0.0139s
2026-04-18T00:37:34.3611620Z 04/18 00:37:34 - AISBench - INFO - Completed! Total execution time: 0.0613s
2026-04-18T00:37:34.3612438Z 04/18 00:37:34 - AISBench - INFO - The gsm8kdataset_plot has been saved in outputs/default/20260418_002238/performances/vllm-api-stream-chat/gsm8kdataset_plot.html
2026-04-18T00:37:34.3613236Z 04/18 00:37:34 - AISBench - INFO - Converting perf results of stage ...
2026-04-18T00:37:34.3613630Z 04/18 00:37:34 - AISBench - INFO - Finish Converting!
2026-04-18T00:37:34.3614008Z 04/18 00:37:34 - AISBench - INFO - Start calculating metrics ...
2026-04-18T00:37:34.3614431Z 04/18 00:37:34 - AISBench - INFO - Start calculating common metrics ...
2026-04-18T00:37:34.3614870Z 04/18 00:37:34 - AISBench - INFO - Start calculating add units ...
2026-04-18T00:37:34.3615279Z 04/18 00:37:34 - AISBench - INFO - Finish calculating perf data!
2026-04-18T00:37:34.3615690Z 04/18 00:37:34 - AISBench - INFO - Summarizing performance results...
2026-04-18T00:37:34.3616234Z 04/18 00:37:34 - AISBench - INFO - Performance Results of task: vllm-api-stream-chat/gsm8kdataset:
2026-04-18T00:37:34.3617596Z ╒══════════════════════════╤═════════╤════════════════╤════════════════╤═════════════════╤════════════════╤════════════════╤════════════════╤═════════════════╤═════╕
2026-04-18T00:37:34.3618572Z │ Performance Parameters   │ Stage   │ Average        │ Min            │ Max             │ Median         │ P75            │ P90            │ P99             │  N  │
2026-04-18T00:37:34.3619654Z ╞══════════════════════════╪═════════╪════════════════╪════════════════╪═════════════════╪════════════════╪════════════════╪════════════════╪═════════════════╪═════╡
2026-04-18T00:37:34.3620745Z │ E2EL                     │ total   │ 203530.1774 ms │ 58131.4975 ms  │ 306214.3331 ms  │ 183378.5401 ms │ 275000.2786 ms │ 293734.4664 ms │ 304656.3879 ms  │ 128 │
2026-04-18T00:37:34.3621769Z ├──────────────────────────┼─────────┼────────────────┼────────────────┼─────────────────┼────────────────┼────────────────┼────────────────┼─────────────────┼─────┤
2026-04-18T00:37:34.3622706Z │ TTFT                     │ total   │ 95740.9256 ms  │ 565.0877 ms    │ 154699.628 ms   │ 103831.6166 ms │ 130158.4587 ms │ 142766.2884 ms │ 153720.7532 ms  │ 128 │
2026-04-18T00:37:34.3623744Z ├──────────────────────────┼─────────┼────────────────┼────────────────┼─────────────────┼────────────────┼────────────────┼────────────────┼─────────────────┼─────┤
2026-04-18T00:37:34.3624651Z │ TPOT                     │ total   │ 71.9074 ms     │ 37.7342 ms     │ 107.7853 ms     │ 58.3814 ms     │ 100.8511 ms    │ 102.2603 ms    │ 104.6904 ms     │ 128 │
2026-04-18T00:37:34.3625644Z ├──────────────────────────┼─────────┼────────────────┼────────────────┼─────────────────┼────────────────┼────────────────┼────────────────┼─────────────────┼─────┤
2026-04-18T00:37:34.3626563Z │ ITL                      │ total   │ 108.6306 ms    │ 0.0106 ms      │ 996.1072 ms     │ 104.686 ms     │ 105.6444 ms    │ 106.4613 ms    │ 488.1232 ms     │ 128 │
2026-04-18T00:37:34.3627545Z ├──────────────────────────┼─────────┼────────────────┼────────────────┼─────────────────┼────────────────┼────────────────┼────────────────┼─────────────────┼─────┤
2026-04-18T00:37:34.3628420Z │ InputTokens              │ total   │ 0.0            │ 0.0            │ 0.0             │ 0.0            │ 0.0            │ 0.0            │ 0.0             │ 128 │
2026-04-18T00:37:34.3629354Z ├──────────────────────────┼─────────┼────────────────┼────────────────┼─────────────────┼────────────────┼────────────────┼────────────────┼─────────────────┼─────┤
2026-04-18T00:37:34.3630489Z │ OutputTokens             │ total   │ 1500.0         │ 1500.0         │ 1500.0          │ 1500.0         │ 1500.0         │ 1500.0         │ 1500.0          │ 128 │
2026-04-18T00:37:34.8758214Z ├──────────────────────────┼─────────┼────────────────┼────────────────┼─────────────────┼────────────────┼────────────────┼────────────────┼─────────────────┼─────┤[2026-04-18 00:37:34.874916][UC][I] Received KeyboardInterrupt, shutting down API servers... [1964,1964][utils.py:289,wait_for_completion_or_failure]
2026-04-18T00:37:34.9731603Z [2026-04-18 00:37:34.972391][UC][I] Shutting down FastAPI HTTP server. [2016,2016][launcher.py:137,serve_http]
2026-04-18T00:37:34.9732755Z (ApiServer_1 pid=2016) INFO:     Shutting down
2026-04-18T00:37:34.9744828Z [2026-04-18 00:37:34.973996][UC][W] port 33435 is used by process psutil.Process(pid=2016, name='VLLM::APIServer_1', status='sleeping', started='00:03:41') launched with command:
2026-04-18T00:37:34.9745811Z VLLM::APIServer_1                                                                                                                                      [2015,2015][launcher.py:131,serve_http]
2026-04-18T00:37:34.9746557Z [2026-04-18 00:37:34.974044][UC][I] Shutting down FastAPI HTTP server. [2015,2015][launcher.py:137,serve_http]
2026-04-18T00:37:34.9747087Z (ApiServer_0 pid=2015) INFO:     Shutting down
2026-04-18T00:37:35.0735482Z (ApiServer_1 pid=2016) INFO:     Waiting for application shutdown.
2026-04-18T00:37:35.0736253Z (ApiServer_1 pid=2016) INFO:     Application shutdown complete.
2026-04-18T00:37:35.0749488Z (ApiServer_0 pid=2015) INFO:     Waiting for application shutdown.
2026-04-18T00:37:35.0751951Z (ApiServer_0 pid=2015) INFO:     Application shutdown complete.
2026-04-18T00:37:35.1654122Z (ApiServer_0 pid=2015) sys:1: DeprecationWarning: builtin type swigvarlink has no __module__ attribute
2026-04-18T00:37:35.1776146Z (ApiServer_1 pid=2016) sys:1: DeprecationWarning: builtin type swigvarlink has no __module__ attribute
2026-04-18T00:37:35.9930080Z [2026-04-18 00:37:35.992175][UC][I] Shutdown initiated (timeout=0) [1982,1982][core.py:1201,_handle_shutdown]
2026-04-18T00:37:35.9930913Z [2026-04-18 00:37:35.992211][UC][I] Shutdown initiated (timeout=0) [2002,2002][core.py:1201,_handle_shutdown]
2026-04-18T00:37:35.9931585Z [2026-04-18 00:37:35.992253][UC][I] Shutdown complete [1982,1982][core.py:1224,_handle_shutdown]
2026-04-18T00:37:35.9932213Z [2026-04-18 00:37:35.992290][UC][I] Shutdown complete [2002,2002][core.py:1224,_handle_shutdown]
2026-04-18T00:37:35.9933051Z [2026-04-18 00:37:35.992488][UC][I] Parent process exited, terminating worker queues [2084,10508][multiproc_executor.py:759,death_pipe_monitor]
2026-04-18T00:37:35.9934030Z [2026-04-18 00:37:35.992482][UC][I] Parent process exited, terminating worker queues [2032,10565][multiproc_executor.py:759,death_pipe_monitor]
2026-04-18T00:37:35.9934992Z [2026-04-18 00:37:35.992502][UC][I] Parent process exited, terminating worker queues [2363,10559][multiproc_executor.py:759,death_pipe_monitor]
2026-04-18T00:37:35.9935941Z [2026-04-18 00:37:35.992514][UC][I] Parent process exited, terminating worker queues [2175,10472][multiproc_executor.py:759,death_pipe_monitor]
2026-04-18T00:37:35.9936900Z [2026-04-18 00:37:35.992514][UC][I] Parent process exited, terminating worker queues [2269,10502][multiproc_executor.py:759,death_pipe_monitor]
2026-04-18T00:37:35.9937830Z [2026-04-18 00:37:35.992525][UC][I] Parent process exited, terminating worker queues [2457,10488][multiproc_executor.py:759,death_pipe_monitor]
2026-04-18T00:37:35.9939228Z [2026-04-18 00:37:35.992525][UC][I] Parent process exited, terminating worker queues [2031,10521][multiproc_executor.py:759,death_pipe_monitor]
2026-04-18T00:37:35.9940190Z [2026-04-18 00:37:35.992525][UC][I] Parent process exited, terminating worker queues [2550,10503][multiproc_executor.py:759,death_pipe_monitor]
2026-04-18T00:37:35.9941127Z [2026-04-18 00:37:35.992526][UC][I] Parent process exited, terminating worker queues [2644,10481][multiproc_executor.py:759,death_pipe_monitor]
2026-04-18T00:37:35.9942051Z [2026-04-18 00:37:35.992550][UC][I] Parent process exited, terminating worker queues [2080,10531][multiproc_executor.py:759,death_pipe_monitor]
2026-04-18T00:37:35.9943234Z [2026-04-18 00:37:35.992556][UC][I] Parent process exited, terminating worker queues [2176,10538][multiproc_executor.py:759,death_pipe_monitor]
2026-04-18T00:37:35.9944171Z [2026-04-18 00:37:35.992573][UC][I] Parent process exited, terminating worker queues [2364,10461][multiproc_executor.py:759,death_pipe_monitor]
2026-04-18T00:37:35.9945105Z [2026-04-18 00:37:35.992578][UC][I] Parent process exited, terminating worker queues [2459,10550][multiproc_executor.py:759,death_pipe_monitor]
2026-04-18T00:37:35.9946036Z [2026-04-18 00:37:35.992578][UC][I] Parent process exited, terminating worker queues [2271,10528][multiproc_executor.py:759,death_pipe_monitor]
2026-04-18T00:37:35.9946957Z [2026-04-18 00:37:35.992595][UC][I] Parent process exited, terminating worker queues [2553,10562][multiproc_executor.py:759,death_pipe_monitor]
2026-04-18T00:37:35.9947876Z [2026-04-18 00:37:35.992595][UC][I] Parent process exited, terminating worker queues [2648,10544][multiproc_executor.py:759,death_pipe_monitor]
2026-04-18T00:37:35.9948689Z [2026-04-18 00:37:35.992640][UC][I] WorkerProc shutting down. [2032,2032][multiproc_executor.py:854,worker_main]
2026-04-18T00:37:35.9949386Z [2026-04-18 00:37:35.992677][UC][I] WorkerProc shutting down. [2084,2084][multiproc_executor.py:854,worker_main]
2026-04-18T00:37:35.9950076Z [2026-04-18 00:37:35.992698][UC][I] WorkerProc shutting down. [2363,2363][multiproc_executor.py:854,worker_main]
2026-04-18T00:37:35.9950981Z [2026-04-18 00:37:35.992701][UC][I] WorkerProc shutting down. [2457,2457][multiproc_executor.py:854,worker_main]
2026-04-18T00:37:35.9951671Z [2026-04-18 00:37:35.992702][UC][I] WorkerProc shutting down. [2031,2031][multiproc_executor.py:854,worker_main]
2026-04-18T00:37:35.9952367Z [2026-04-18 00:37:35.992710][UC][I] WorkerProc shutting down. [2550,2550][multiproc_executor.py:854,worker_main]
2026-04-18T00:37:35.9953054Z [2026-04-18 00:37:35.992714][UC][I] WorkerProc shutting down. [2175,2175][multiproc_executor.py:854,worker_main]
2026-04-18T00:37:35.9953742Z [2026-04-18 00:37:35.992716][UC][I] WorkerProc shutting down. [2269,2269][multiproc_executor.py:854,worker_main]
2026-04-18T00:37:35.9954431Z [2026-04-18 00:37:35.992716][UC][I] WorkerProc shutting down. [2644,2644][multiproc_executor.py:854,worker_main]
2026-04-18T00:37:35.9955123Z [2026-04-18 00:37:35.992721][UC][I] WorkerProc shutting down. [2080,2080][multiproc_executor.py:854,worker_main]
2026-04-18T00:37:35.9955851Z [2026-04-18 00:37:35.992737][UC][I] WorkerProc shutting down. [2364,2364][multiproc_executor.py:854,worker_main]
2026-04-18T00:37:35.9956558Z [2026-04-18 00:37:35.992747][UC][I] WorkerProc shutting down. [2271,2271][multiproc_executor.py:854,worker_main]
2026-04-18T00:37:35.9957262Z [2026-04-18 00:37:35.992747][UC][I] WorkerProc shutting down. [2176,2176][multiproc_executor.py:854,worker_main]
2026-04-18T00:37:35.9957978Z [2026-04-18 00:37:35.992760][UC][I] WorkerProc shutting down. [2459,2459][multiproc_executor.py:854,worker_main]
2026-04-18T00:37:35.9958696Z [2026-04-18 00:37:35.992794][UC][I] WorkerProc shutting down. [2553,2553][multiproc_executor.py:854,worker_main]
2026-04-18T00:37:35.9959400Z [2026-04-18 00:37:35.992795][UC][I] WorkerProc shutting down. [2648,2648][multiproc_executor.py:854,worker_main]
2026-04-18T00:37:41.8043794Z sys:1: DeprecationWarning: builtin type swigvarlink has no __module__ attribute
2026-04-18T00:37:42.8765548Z 
2026-04-18T00:37:42.8767170Z │ OutputTokenThroughput    │ total   │ 8.4095 token/s │ 4.8985 token/s │ 25.8036 token/s │ 8.1798 token/s │ 9.7054 token/s │ 11.149 token/s │ 25.3897 token/s │ 128 │
2026-04-18T00:37:42.8768407Z ╘══════════════════════════╧═════════╧════════════════╧════════════════╧═════════════════╧════════════════╧════════════════╧════════════════╧═════════════════╧═════╛
2026-04-18T00:37:42.8769036Z ╒═════════════════════════╤═════════╤══════════════════╕
2026-04-18T00:37:42.8769435Z │ Common Metric           │ Stage   │ Value            │
2026-04-18T00:37:42.8770152Z ╞═════════════════════════╪═════════╪══════════════════╡
2026-04-18T00:37:42.8770553Z │ Benchmark Duration      │ total   │ 893708.433 ms    │
2026-04-18T00:37:42.8770980Z ├─────────────────────────┼─────────┼──────────────────┤
2026-04-18T00:37:42.8771362Z │ Total Requests          │ total   │ 128              │
2026-04-18T00:37:42.8771785Z ├─────────────────────────┼─────────┼──────────────────┤
2026-04-18T00:37:42.8772161Z │ Failed Requests         │ total   │ 0                │
2026-04-18T00:37:42.8772614Z ├─────────────────────────┼─────────┼──────────────────┤
2026-04-18T00:37:42.8772994Z │ Success Requests        │ total   │ 128              │
2026-04-18T00:37:42.8773413Z ├─────────────────────────┼─────────┼──────────────────┤
2026-04-18T00:37:42.8773794Z │ Concurrency             │ total   │ 29.1503          │
2026-04-18T00:37:42.8774216Z ├─────────────────────────┼─────────┼──────────────────┤
2026-04-18T00:37:42.8774602Z │ Max Concurrency         │ total   │ 32               │
2026-04-18T00:37:42.8775023Z ├─────────────────────────┼─────────┼──────────────────┤
2026-04-18T00:37:42.8775422Z │ Request Throughput      │ total   │ 0.1432 req/s     │
2026-04-18T00:37:42.8775839Z ├─────────────────────────┼─────────┼──────────────────┤
2026-04-18T00:37:42.8776223Z │ Total Input Tokens      │ total   │ 0                │
2026-04-18T00:37:42.8776630Z ├─────────────────────────┼─────────┼──────────────────┤
2026-04-18T00:37:42.8777022Z │ Total generated tokens  │ total   │ 192000           │
2026-04-18T00:37:42.8777583Z ├─────────────────────────┼─────────┼──────────────────┤
2026-04-18T00:37:42.8777993Z │ Input Token Throughput  │ total   │ 0.0 token/s      │
2026-04-18T00:37:42.8778414Z ├─────────────────────────┼─────────┼──────────────────┤
2026-04-18T00:37:42.8778807Z │ Output Token Throughput │ total   │ 214.8352 token/s │
2026-04-18T00:37:42.8779229Z ├─────────────────────────┼─────────┼──────────────────┤
2026-04-18T00:37:42.8779618Z │ Total Token Throughput  │ total   │ 214.8352 token/s │
2026-04-18T00:37:42.8780243Z ╘═════════════════════════╧═════════╧══════════════════╛
2026-04-18T00:37:42.8780910Z 04/18 00:37:34 - AISBench - INFO - Performance Result files locate in outputs/default/20260418_002238/performances/vllm-api-stream-chat.
2026-04-18T00:37:42.8781834Z Getting performance results from file:  outputs/default/20260418_002238/performances/vllm-api-stream-chat/gsm8kdataset.json
2026-04-18T00:37:42.9596914Z /usr/local/python3.11.14/lib/python3.11/multiprocessing/resource_tracker.py:254: UserWarning: resource_tracker: There appear to be 3 leaked shared_memory objects to clean up at shutdown
2026-04-18T00:37:42.9597840Z   warnings.warn('resource_tracker: There appear to be %d '
2026-04-18T00:37:44.4671834Z PASSED
2026-04-18T00:37:44.4672023Z 
2026-04-18T00:37:44.4672188Z =============================== warnings summary ===============================
2026-04-18T00:37:44.4672555Z <frozen importlib._bootstrap>:241
2026-04-18T00:37:44.4673097Z   <frozen importlib._bootstrap>:241: DeprecationWarning: builtin type SwigPyPacked has no __module__ attribute
2026-04-18T00:37:44.4673616Z 
2026-04-18T00:37:44.4673722Z <frozen importlib._bootstrap>:241
2026-04-18T00:37:44.4674233Z   <frozen importlib._bootstrap>:241: DeprecationWarning: builtin type SwigPyObject has no __module__ attribute
2026-04-18T00:37:44.4674702Z 
2026-04-18T00:37:44.4674838Z vllm_ascend/patch/worker/patch_weight_utils.py:80
2026-04-18T00:37:44.4675818Z   /vllm-workspace/vllm-ascend/vllm_ascend/patch/worker/patch_weight_utils.py:80: DeprecationWarning: pkg_resources is deprecated as an API. See https://setuptools.pypa.io/en/latest/pkg_resources.html
2026-04-18T00:37:44.4676862Z     module = original_import(name, globals, locals, fromlist, level)
2026-04-18T00:37:44.4677154Z 
2026-04-18T00:37:44.4677603Z tests/e2e/nightly/single_node/models/scripts/test_single_node.py::test_single_node[DeepSeek-V3.2-W8A8-TP8-DP2]
2026-04-18T00:37:44.4678746Z   /usr/local/python3.11.14/lib/python3.11/site-packages/pandas/core/dtypes/cast.py:1641: DeprecationWarning: np.find_common_type is deprecated.  Please use `np.result_type` or `np.promote_types`.
2026-04-18T00:37:44.4679908Z   See https://numpy.org/devdocs/release/1.25.0-notes.html and the docs for more information.  (Deprecated NumPy 1.25)
2026-04-18T00:37:44.4680501Z     return np.find_common_type(types, [])
2026-04-18T00:37:44.4680694Z 
2026-04-18T00:37:44.4680913Z -- Docs: https://docs.pytest.org/en/stable/how-to/capture-warnings.html
2026-04-18T00:37:44.4681408Z ================== 1 passed, 4 warnings in 2075.44s (0:34:35) ==================
2026-04-18T00:37:44.7802404Z sys:1: DeprecationWarning: builtin type swigvarlink has no __module__ attribute
2026-04-18T00:37:47.0162547Z ##[group]Run echo "artifact_ts=$(date -u +%Y%m%dT%H%M%SZ)" >> $GITHUB_OUTPUT
2026-04-18T00:37:47.0163158Z [36;1mecho "artifact_ts=$(date -u +%Y%m%dT%H%M%SZ)" >> $GITHUB_OUTPUT[0m
2026-04-18T00:37:47.0163649Z [36;1mecho "effective_name=-deepseek-v3-2-w8a8" >> $GITHUB_OUTPUT[0m
2026-04-18T00:37:47.0164249Z shell: bash -el {0}
2026-04-18T00:37:47.0164432Z env:
2026-04-18T00:37:47.0164608Z   HF_HUB_OFFLINE: 1
2026-04-18T00:37:47.0164816Z   VLLM_USE_MODELSCOPE: true
2026-04-18T00:37:47.0165247Z   UV_INDEX_URL: http://cache-service.nginx-pypi-cache.svc.cluster.local/pypi/simple
2026-04-18T00:37:47.0165831Z   UV_EXTRA_INDEX_URL: https://mirrors.huaweicloud.com/ascend/repos/pypi
2026-04-18T00:37:47.0166232Z   UV_INDEX_STRATEGY: unsafe-best-match
2026-04-18T00:37:47.0166493Z   UV_NO_CACHE: 1
2026-04-18T00:37:47.0166679Z   UV_SYSTEM_PYTHON: 1
2026-04-18T00:37:47.0166907Z   VLLM_ENGINE_READY_TIMEOUT_S: 1800
2026-04-18T00:37:47.0167282Z   VLLM_ASCEND_VERSION: 76cc2204bdda578803b761d0740356e331658230
2026-04-18T00:37:47.0167609Z ##[endgroup]
2026-04-18T00:37:47.0347460Z ##[group]Run '/home/runner/k8s/index.js'
2026-04-18T00:37:47.0349202Z shell: /home/runner/externals/node20/bin/node {0}
2026-04-18T00:37:47.0349497Z ##[endgroup]
2026-04-18T00:37:47.5610642Z (node:1304) [DEP0005] DeprecationWarning: Buffer() is deprecated due to security and usability issues. Please use the Buffer.alloc(), Buffer.allocUnsafe(), or Buffer.from() methods instead.
2026-04-18T00:37:47.5612105Z (Use `node --trace-deprecation ...` to show where the warning was created)
2026-04-18T00:38:05.2941386Z ##[group]Run ascend-gha-runners/artifact/upload@v0.3
2026-04-18T00:38:05.2941798Z with:
2026-04-18T00:38:05.2942141Z   name: nightly-test-benchmark-results-deepseek-v3-2-w8a8-20260418T003803Z
2026-04-18T00:38:05.2942719Z   path: /vllm-workspace/vllm-ascend/benchmark_results/deepseek-v3-2-w8a8.json
2026-04-18T00:38:05.2943145Z   if-no-files-found: warn
2026-04-18T00:38:05.2943363Z   retention-days: 90
2026-04-18T00:38:05.2943584Z   bucket: ascend-ci-cache-hk
2026-04-18T00:38:05.2943867Z   endpoint: obs.ap-southeast-1.myhuaweicloud.com
2026-04-18T00:38:05.2944165Z env:
2026-04-18T00:38:05.2944334Z   HF_HUB_OFFLINE: 1
2026-04-18T00:38:05.2944546Z   VLLM_USE_MODELSCOPE: true
2026-04-18T00:38:05.2944979Z   UV_INDEX_URL: http://cache-service.nginx-pypi-cache.svc.cluster.local/pypi/simple
2026-04-18T00:38:05.2945581Z   UV_EXTRA_INDEX_URL: https://mirrors.huaweicloud.com/ascend/repos/pypi
2026-04-18T00:38:05.2945989Z   UV_INDEX_STRATEGY: unsafe-best-match
2026-04-18T00:38:05.2946283Z   UV_NO_CACHE: 1
2026-04-18T00:38:05.2946473Z   UV_SYSTEM_PYTHON: 1
2026-04-18T00:38:05.2946695Z   VLLM_ENGINE_READY_TIMEOUT_S: 1800
2026-04-18T00:38:05.2947014Z   VLLM_ASCEND_VERSION: 76cc2204bdda578803b761d0740356e331658230
2026-04-18T00:38:05.2947350Z ##[endgroup]
2026-04-18T00:38:05.3286745Z ##[group]Run if command -v obsutil &>/dev/null; then
2026-04-18T00:38:05.3287133Z [36;1mif command -v obsutil &>/dev/null; then[0m
2026-04-18T00:38:05.3287502Z [36;1m  echo "obsutil already installed, skipping setup"[0m
2026-04-18T00:38:05.3287836Z [36;1m  exit 0[0m
2026-04-18T00:38:05.3288022Z [36;1mfi[0m
2026-04-18T00:38:05.3288194Z [36;1m{[0m
2026-04-18T00:38:05.3288366Z [36;1m  ARCH=$(uname -m)[0m
2026-04-18T00:38:05.3288675Z [36;1m  if [ "${ARCH}" = "aarch64" ] || [ "${ARCH}" = "arm64" ]; then[0m
2026-04-18T00:38:05.3289024Z [36;1m    OBSUTIL_ARCH="arm64"[0m
2026-04-18T00:38:05.3289263Z [36;1m  else[0m
2026-04-18T00:38:05.3289461Z [36;1m    OBSUTIL_ARCH="amd64"[0m
2026-04-18T00:38:05.3289699Z [36;1m  fi[0m
2026-04-18T00:38:05.3290284Z [36;1m  curl -sSL "https://obs-community.obs.cn-north-1.myhuaweicloud.com/obsutil/current/obsutil_linux_${OBSUTIL_ARCH}.tar.gz" \[0m
2026-04-18T00:38:05.3290931Z [36;1m    -o /tmp/obsutil.tar.gz[0m
2026-04-18T00:38:05.3291228Z [36;1m  tar -xzf /tmp/obsutil.tar.gz -C /tmp[0m
2026-04-18T00:38:05.3291729Z [36;1m  OBSUTIL_DIR=$(find /tmp -maxdepth 1 -name "obsutil_linux_${OBSUTIL_ARCH}_*" -type d | head -1)[0m
2026-04-18T00:38:05.3292241Z [36;1m  chmod +x "${OBSUTIL_DIR}/obsutil"[0m
2026-04-18T00:38:05.3292550Z [36;1m  echo "${OBSUTIL_DIR}" >> $GITHUB_PATH[0m
2026-04-18T00:38:05.3292832Z [36;1m} > /dev/null 2>&1[0m
2026-04-18T00:38:05.3293081Z [36;1mecho "obsutil setup complete"[0m
2026-04-18T00:38:05.3294333Z shell: bash --noprofile --norc -e -o pipefail {0}
2026-04-18T00:38:05.3294634Z env:
2026-04-18T00:38:05.3294796Z   HF_HUB_OFFLINE: 1
2026-04-18T00:38:05.3295002Z   VLLM_USE_MODELSCOPE: true
2026-04-18T00:38:05.3295432Z   UV_INDEX_URL: http://cache-service.nginx-pypi-cache.svc.cluster.local/pypi/simple
2026-04-18T00:38:05.3296006Z   UV_EXTRA_INDEX_URL: https://mirrors.huaweicloud.com/ascend/repos/pypi
2026-04-18T00:38:05.3296408Z   UV_INDEX_STRATEGY: unsafe-best-match
2026-04-18T00:38:05.3296657Z   UV_NO_CACHE: 1
2026-04-18T00:38:05.3296858Z   UV_SYSTEM_PYTHON: 1
2026-04-18T00:38:05.3297071Z   VLLM_ENGINE_READY_TIMEOUT_S: 1800
2026-04-18T00:38:05.3297404Z   VLLM_ASCEND_VERSION: 76cc2204bdda578803b761d0740356e331658230
2026-04-18T00:38:05.3297725Z ##[endgroup]
2026-04-18T00:38:05.3437132Z ##[group]Run '/home/runner/k8s/index.js'
2026-04-18T00:38:05.3438058Z shell: /home/runner/externals/node20/bin/node {0}
2026-04-18T00:38:05.3438346Z ##[endgroup]
2026-04-18T00:38:05.7915036Z (node:1438) [DEP0005] DeprecationWarning: Buffer() is deprecated due to security and usability issues. Please use the Buffer.alloc(), Buffer.allocUnsafe(), or Buffer.from() methods instead.
2026-04-18T00:38:05.7916807Z (Use `node --trace-deprecation ...` to show where the warning was created)
2026-04-18T00:38:07.2205469Z obsutil setup complete
2026-04-18T00:38:07.7138886Z ##[group]Run obsutil config \
2026-04-18T00:38:07.7139169Z [36;1mobsutil config \[0m
2026-04-18T00:38:07.7139406Z [36;1m  -i= \[0m
2026-04-18T00:38:07.7139591Z [36;1m  -k= \[0m
2026-04-18T00:38:07.7139899Z [36;1m  -e=obs.ap-southeast-1.myhuaweicloud.com > /dev/null 2>&1[0m
2026-04-18T00:38:07.7140293Z [36;1mecho "OBS credentials configured"[0m
2026-04-18T00:38:07.7141081Z shell: bash --noprofile --norc -e -o pipefail {0}
2026-04-18T00:38:07.7141366Z env:
2026-04-18T00:38:07.7141546Z   HF_HUB_OFFLINE: 1
2026-04-18T00:38:07.7141744Z   VLLM_USE_MODELSCOPE: true
2026-04-18T00:38:07.7142186Z   UV_INDEX_URL: http://cache-service.nginx-pypi-cache.svc.cluster.local/pypi/simple
2026-04-18T00:38:07.7142780Z   UV_EXTRA_INDEX_URL: https://mirrors.huaweicloud.com/ascend/repos/pypi
2026-04-18T00:38:07.7143174Z   UV_INDEX_STRATEGY: unsafe-best-match
2026-04-18T00:38:07.7143434Z   UV_NO_CACHE: 1
2026-04-18T00:38:07.7143638Z   UV_SYSTEM_PYTHON: 1
2026-04-18T00:38:07.7143863Z   VLLM_ENGINE_READY_TIMEOUT_S: 1800
2026-04-18T00:38:07.7144186Z   VLLM_ASCEND_VERSION: 76cc2204bdda578803b761d0740356e331658230
2026-04-18T00:38:07.7144517Z ##[endgroup]
2026-04-18T00:38:07.7257422Z ##[group]Run '/home/runner/k8s/index.js'
2026-04-18T00:38:07.7258331Z shell: /home/runner/externals/node20/bin/node {0}
2026-04-18T00:38:07.7258615Z ##[endgroup]
2026-04-18T00:38:08.1715392Z (node:1550) [DEP0005] DeprecationWarning: Buffer() is deprecated due to security and usability issues. Please use the Buffer.alloc(), Buffer.allocUnsafe(), or Buffer.from() methods instead.
2026-04-18T00:38:08.1716393Z (Use `node --trace-deprecation ...` to show where the warning was created)
2026-04-18T00:38:08.9377962Z OBS credentials configured
2026-04-18T00:38:09.4592588Z ##[group]Run set -euo pipefail
2026-04-18T00:38:09.4593152Z [36;1mset -euo pipefail[0m
2026-04-18T00:38:09.4593368Z [36;1m[0m
2026-04-18T00:38:09.4593547Z [36;1mBUCKET="ascend-ci-cache-hk"[0m
2026-04-18T00:38:09.4593904Z [36;1mENDPOINT="obs.ap-southeast-1.myhuaweicloud.com"[0m
2026-04-18T00:38:09.4594424Z [36;1mNAME="nightly-test-benchmark-results-deepseek-v3-2-w8a8-20260418T003803Z"[0m
2026-04-18T00:38:09.4595070Z [36;1mFILE_PATH="/vllm-workspace/vllm-ascend/benchmark_results/deepseek-v3-2-w8a8.json"[0m
2026-04-18T00:38:09.4595549Z [36;1mREPO="vllm-project/vllm-ascend"[0m
2026-04-18T00:38:09.4595805Z [36;1mRUN_ID="24575958829"[0m
2026-04-18T00:38:09.4596012Z [36;1m[0m
2026-04-18T00:38:09.4596258Z [36;1m# Deterministic path: artifacts/{repo}/{run_id}/{name}/[0m
2026-04-18T00:38:09.4596668Z [36;1mOBJECT_PREFIX="artifacts/${REPO}/${RUN_ID}/${NAME}"[0m
2026-04-18T00:38:09.4597068Z [36;1mMETA_KEY="artifacts/${REPO}/${RUN_ID}/_meta/${NAME}.json"[0m
2026-04-18T00:38:09.4597412Z [36;1m[0m
2026-04-18T00:38:09.4597695Z [36;1m# ── Expand multiline path input into include/exclude lists ──[0m
2026-04-18T00:38:09.4598172Z [36;1m# Supports: single path, directory, glob, multiline, ! exclusions[0m
2026-04-18T00:38:09.4598551Z [36;1mINCLUDE_PATTERNS=()[0m
2026-04-18T00:38:09.4598773Z [36;1mEXCLUDE_PATTERNS=()[0m
2026-04-18T00:38:09.4599001Z [36;1mwhile IFS= read -r line; do[0m
2026-04-18T00:38:09.4599343Z [36;1m  line="${line#"${line%%[![:space:]]*}"}"  # trim leading whitespace[0m
2026-04-18T00:38:09.4599791Z [36;1m  line="${line%"${line##*[![:space:]]}"}"  # trim trailing whitespace[0m
2026-04-18T00:38:09.4600155Z [36;1m  [ -z "${line}" ] && continue[0m
2026-04-18T00:38:09.4600415Z [36;1m  if [[ "${line}" == '!'* ]]; then[0m
2026-04-18T00:38:09.4600691Z [36;1m    EXCLUDE_PATTERNS+=("${line:1}")[0m
2026-04-18T00:38:09.4600940Z [36;1m  else[0m
2026-04-18T00:38:09.4601139Z [36;1m    INCLUDE_PATTERNS+=("${line}")[0m
2026-04-18T00:38:09.4601385Z [36;1m  fi[0m
2026-04-18T00:38:09.4601918Z [36;1mdone <<< "${FILE_PATH}"[0m
2026-04-18T00:38:09.4602132Z [36;1m[0m
2026-04-18T00:38:09.4602367Z [36;1m# Collect matching files using find + glob expansion[0m
2026-04-18T00:38:09.4602902Z [36;1mSTAGING_DIR=$(mktemp -d)[0m
2026-04-18T00:38:09.4603135Z [36;1mFILE_COUNT=0[0m
2026-04-18T00:38:09.4603319Z [36;1m[0m
2026-04-18T00:38:09.4603520Z [36;1mfor PATTERN in "${INCLUDE_PATTERNS[@]}"; do[0m
2026-04-18T00:38:09.4603880Z [36;1m  # Use bash glob expansion; fall back to literal path[0m
2026-04-18T00:38:09.4604207Z [36;1m  shopt -s globstar nullglob[0m
2026-04-18T00:38:09.4604468Z [36;1m  for MATCH in ${PATTERN}; do[0m
2026-04-18T00:38:09.4604733Z [36;1m    [ -e "${MATCH}" ] || continue[0m
2026-04-18T00:38:09.4604989Z [36;1m    if [ -d "${MATCH}" ]; then[0m
2026-04-18T00:38:09.4605256Z [36;1m      while IFS= read -r -d '' f; do[0m
2026-04-18T00:38:09.4605514Z [36;1m        REL="${f#./}"[0m
2026-04-18T00:38:09.4605760Z [36;1m        # Check against exclude patterns[0m
2026-04-18T00:38:09.4606041Z [36;1m        EXCLUDED=false[0m
2026-04-18T00:38:09.4606310Z [36;1m        for EXCL in "${EXCLUDE_PATTERNS[@]}"; do[0m
2026-04-18T00:38:09.4606613Z [36;1m          case "${REL}" in[0m
2026-04-18T00:38:09.4606875Z [36;1m            ${EXCL}) EXCLUDED=true; break ;;[0m
2026-04-18T00:38:09.4607149Z [36;1m          esac[0m
2026-04-18T00:38:09.4607336Z [36;1m        done[0m
2026-04-18T00:38:09.4607562Z [36;1m        if [ "${EXCLUDED}" = "false" ]; then[0m
2026-04-18T00:38:09.4607858Z [36;1m          TARGET="${STAGING_DIR}/${REL}"[0m
2026-04-18T00:38:09.4608163Z [36;1m          mkdir -p "$(dirname "${TARGET}")"[0m
2026-04-18T00:38:09.4608445Z [36;1m          cp "${f}" "${TARGET}"[0m
2026-04-18T00:38:09.4608720Z [36;1m          FILE_COUNT=$((FILE_COUNT + 1))[0m
2026-04-18T00:38:09.4608977Z [36;1m        fi[0m
2026-04-18T00:38:09.4609203Z [36;1m      done < <(find "${MATCH}" -type f -print0)[0m
2026-04-18T00:38:09.4609487Z [36;1m    else[0m
2026-04-18T00:38:09.4609670Z [36;1m      REL="${MATCH#./}"[0m
2026-04-18T00:38:09.4609900Z [36;1m      EXCLUDED=false[0m
2026-04-18T00:38:09.4632988Z [36;1m      for EXCL in "${EXCLUDE_PATTERNS[@]}"; do[0m
2026-04-18T00:38:09.4633344Z [36;1m        case "${REL}" in[0m
2026-04-18T00:38:09.4633635Z [36;1m          ${EXCL}) EXCLUDED=true; break ;;[0m
2026-04-18T00:38:09.4633932Z [36;1m        esac[0m
2026-04-18T00:38:09.4634139Z [36;1m      done[0m
2026-04-18T00:38:09.4634376Z [36;1m      if [ "${EXCLUDED}" = "false" ]; then[0m
2026-04-18T00:38:09.4634684Z [36;1m        TARGET="${STAGING_DIR}/${REL}"[0m
2026-04-18T00:38:09.4635014Z [36;1m        mkdir -p "$(dirname "${TARGET}")"[0m
2026-04-18T00:38:09.4635309Z [36;1m        cp "${MATCH}" "${TARGET}"[0m
2026-04-18T00:38:09.4635609Z [36;1m        FILE_COUNT=$((FILE_COUNT + 1))[0m
2026-04-18T00:38:09.4635878Z [36;1m      fi[0m
2026-04-18T00:38:09.4636064Z [36;1m    fi[0m
2026-04-18T00:38:09.4636233Z [36;1m  done[0m
2026-04-18T00:38:09.4636447Z [36;1m  shopt -u globstar nullglob[0m
2026-04-18T00:38:09.4636702Z [36;1mdone[0m
2026-04-18T00:38:09.4636873Z [36;1m[0m
2026-04-18T00:38:09.4637070Z [36;1m# ── Handle no files found ──[0m
2026-04-18T00:38:09.4637356Z [36;1mif [ "${FILE_COUNT}" -eq 0 ]; then[0m
2026-04-18T00:38:09.4637637Z [36;1m  case "warn" in[0m
2026-04-18T00:38:09.4637852Z [36;1m    error)[0m
2026-04-18T00:38:09.4638140Z [36;1m      echo "::error::No files found for path: ${FILE_PATH}"[0m
2026-04-18T00:38:09.4638469Z [36;1m      exit 1[0m
2026-04-18T00:38:09.4638669Z [36;1m      ;;[0m
2026-04-18T00:38:09.4638859Z [36;1m    warn)[0m
2026-04-18T00:38:09.4639190Z [36;1m      echo "::warning::No files found for path: ${FILE_PATH}, skipping upload"[0m
2026-04-18T00:38:09.4639601Z [36;1m      exit 0[0m
2026-04-18T00:38:09.4639792Z [36;1m      ;;[0m
2026-04-18T00:38:09.4639982Z [36;1m    ignore)[0m
2026-04-18T00:38:09.4640170Z [36;1m      exit 0[0m
2026-04-18T00:38:09.4640367Z [36;1m      ;;[0m
2026-04-18T00:38:09.4640840Z [36;1m  esac[0m
2026-04-18T00:38:09.4641028Z [36;1mfi[0m
2026-04-18T00:38:09.4641197Z [36;1m[0m
2026-04-18T00:38:09.4641389Z [36;1m# ── Upload staged files ──[0m
2026-04-18T00:38:09.4641891Z [36;1mTOTAL_SIZE=$(du -sb "${STAGING_DIR}" | awk '{print $1}')[0m
2026-04-18T00:38:09.4642383Z [36;1mecho "Uploading ${FILE_COUNT} file(s), total size: ${TOTAL_SIZE} bytes"[0m
2026-04-18T00:38:09.4642784Z [36;1m[0m
2026-04-18T00:38:09.4643170Z [36;1m# Upload each top-level entry individually to avoid staging dir name leaking into OBS path[0m
2026-04-18T00:38:09.4643672Z [36;1m> /tmp/obsutil_upload.log[0m
2026-04-18T00:38:09.4643948Z [36;1mfor item in "${STAGING_DIR}"/*; do[0m
2026-04-18T00:38:09.4644226Z [36;1m  [ -e "${item}" ] || continue[0m
2026-04-18T00:38:09.4644742Z [36;1m  if ! obsutil cp "${item}" "obs://${BUCKET}/${OBJECT_PREFIX}/" -r -f >> /tmp/obsutil_upload.log 2>&1; then[0m
2026-04-18T00:38:09.4645286Z [36;1m    echo "::error::Upload failed. See log:"[0m
2026-04-18T00:38:09.4645635Z [36;1m    cat /tmp/obsutil_upload.log[0m
2026-04-18T00:38:09.4645890Z [36;1m    exit 1[0m
2026-04-18T00:38:09.4646085Z [36;1m  fi[0m
2026-04-18T00:38:09.4646259Z [36;1mdone[0m
2026-04-18T00:38:09.4646445Z [36;1m[0m
2026-04-18T00:38:09.4646631Z [36;1mrm -rf "${STAGING_DIR}"[0m
2026-04-18T00:38:09.4646999Z [36;1mecho "Uploaded ${FILE_COUNT} file(s), total size: ${TOTAL_SIZE} bytes"[0m
2026-04-18T00:38:09.4647394Z [36;1m[0m
2026-04-18T00:38:09.4647571Z [36;1m# ── Write metadata ──[0m
2026-04-18T00:38:09.4647854Z [36;1mCREATED_AT=$(date -u +%Y-%m-%dT%H:%M:%SZ)[0m
2026-04-18T00:38:09.4648184Z [36;1mcat > /tmp/_artifact_meta.json <<METAEOF[0m
2026-04-18T00:38:09.4648475Z [36;1m{[0m
2026-04-18T00:38:09.4648648Z [36;1m  "name": "${NAME}",[0m
2026-04-18T00:38:09.4648893Z [36;1m  "repository": "${REPO}",[0m
2026-04-18T00:38:09.4649155Z [36;1m  "run_id": "${RUN_ID}",[0m
2026-04-18T00:38:09.4649428Z [36;1m  "object_prefix": "${OBJECT_PREFIX}",[0m
2026-04-18T00:38:09.4649735Z [36;1m  "file_count": ${FILE_COUNT},[0m
2026-04-18T00:38:09.4650001Z [36;1m  "total_size": ${TOTAL_SIZE},[0m
2026-04-18T00:38:09.4650281Z [36;1m  "created_at": "${CREATED_AT}",[0m
2026-04-18T00:38:09.4650555Z [36;1m  "retention_days": 90,[0m
2026-04-18T00:38:09.4650814Z [36;1m  "workflow": "Nightly-A3",[0m
2026-04-18T00:38:09.4651082Z [36;1m  "job": "e2e-nightly",[0m
2026-04-18T00:38:09.4651386Z [36;1m  "sha": "bec63146cf1442542940d4c2ce9f7eee8ab9845c"[0m
2026-04-18T00:38:09.4651703Z [36;1m}[0m
2026-04-18T00:38:09.4651870Z [36;1mMETAEOF[0m
2026-04-18T00:38:09.4652060Z [36;1m[0m
2026-04-18T00:38:09.4652399Z [36;1mobsutil cp /tmp/_artifact_meta.json "obs://${BUCKET}/${META_KEY}" > /dev/null 2>&1[0m
2026-04-18T00:38:09.4652848Z [36;1mif [ $? -ne 0 ]; then[0m
2026-04-18T00:38:09.4653329Z [36;1m  echo "::warning::Failed to upload metadata, artifact files were uploaded successfully"[0m
2026-04-18T00:38:09.4653797Z [36;1mfi[0m
2026-04-18T00:38:09.4653962Z [36;1m[0m
2026-04-18T00:38:09.4654152Z [36;1m# ── Set outputs ──[0m
2026-04-18T00:38:09.4654486Z [36;1mARTIFACT_URL="https://${BUCKET}.${ENDPOINT}/${OBJECT_PREFIX}"[0m
2026-04-18T00:38:09.4654944Z [36;1mecho "artifact_id=${OBJECT_PREFIX}" >> $GITHUB_OUTPUT[0m
2026-04-18T00:38:09.4655349Z [36;1mecho "artifact_url=${ARTIFACT_URL}" >> $GITHUB_OUTPUT[0m
2026-04-18T00:38:09.4655682Z [36;1m[0m
2026-04-18T00:38:09.4655929Z [36;1mecho "Artifact '${NAME}' uploaded successfully"[0m
2026-04-18T00:38:09.4656258Z [36;1mecho "  URL: ${ARTIFACT_URL}"[0m
2026-04-18T00:38:09.4656684Z shell: bash --noprofile --norc -e -o pipefail {0}
2026-04-18T00:38:09.4656979Z env:
2026-04-18T00:38:09.4657152Z   HF_HUB_OFFLINE: 1
2026-04-18T00:38:09.4657350Z   VLLM_USE_MODELSCOPE: true
2026-04-18T00:38:09.4657773Z   UV_INDEX_URL: http://cache-service.nginx-pypi-cache.svc.cluster.local/pypi/simple
2026-04-18T00:38:09.4658352Z   UV_EXTRA_INDEX_URL: https://mirrors.huaweicloud.com/ascend/repos/pypi
2026-04-18T00:38:09.4658749Z   UV_INDEX_STRATEGY: unsafe-best-match
2026-04-18T00:38:09.4659177Z   UV_NO_CACHE: 1
2026-04-18T00:38:09.4659358Z   UV_SYSTEM_PYTHON: 1
2026-04-18T00:38:09.4659580Z   VLLM_ENGINE_READY_TIMEOUT_S: 1800
2026-04-18T00:38:09.4660008Z   VLLM_ASCEND_VERSION: 76cc2204bdda578803b761d0740356e331658230
2026-04-18T00:38:09.4660349Z ##[endgroup]
2026-04-18T00:38:09.4762910Z ##[group]Run '/home/runner/k8s/index.js'
2026-04-18T00:38:09.4764111Z shell: /home/runner/externals/node20/bin/node {0}
2026-04-18T00:38:09.4764402Z ##[endgroup]
2026-04-18T00:38:09.9309522Z (node:1674) [DEP0005] DeprecationWarning: Buffer() is deprecated due to security and usability issues. Please use the Buffer.alloc(), Buffer.allocUnsafe(), or Buffer.from() methods instead.
2026-04-18T00:38:09.9310752Z (Use `node --trace-deprecation ...` to show where the warning was created)
2026-04-18T00:38:10.6712837Z ##[warning]No files found for path: /vllm-workspace/vllm-ascend/benchmark_results/deepseek-v3-2-w8a8.json, skipping upload
2026-04-18T00:38:11.2724530Z ##[group]Run actions/upload-artifact@v4
2026-04-18T00:38:11.2724893Z with:
2026-04-18T00:38:11.2725252Z   name: nightly-test-benchmark-results--deepseek-v3-2-w8a8-20260418T003803Z
2026-04-18T00:38:11.2725853Z   path: /vllm-workspace/vllm-ascend/benchmark_results/-deepseek-v3-2-w8a8.json
2026-04-18T00:38:11.2726271Z   if-no-files-found: warn
2026-04-18T00:38:11.2726486Z   retention-days: 90
2026-04-18T00:38:11.2726698Z   compression-level: 0
2026-04-18T00:38:11.2726913Z   overwrite: false
2026-04-18T00:38:11.2727118Z   include-hidden-files: false
2026-04-18T00:38:11.2727349Z env:
2026-04-18T00:38:11.2727510Z   HF_HUB_OFFLINE: 1
2026-04-18T00:38:11.2727717Z   VLLM_USE_MODELSCOPE: true
2026-04-18T00:38:11.2728147Z   UV_INDEX_URL: http://cache-service.nginx-pypi-cache.svc.cluster.local/pypi/simple
2026-04-18T00:38:11.2728743Z   UV_EXTRA_INDEX_URL: https://mirrors.huaweicloud.com/ascend/repos/pypi
2026-04-18T00:38:11.2729142Z   UV_INDEX_STRATEGY: unsafe-best-match
2026-04-18T00:38:11.2729437Z   UV_NO_CACHE: 1
2026-04-18T00:38:11.2729628Z   UV_SYSTEM_PYTHON: 1
2026-04-18T00:38:11.2729853Z   VLLM_ENGINE_READY_TIMEOUT_S: 1800
2026-04-18T00:38:11.2730173Z   VLLM_ASCEND_VERSION: 76cc2204bdda578803b761d0740356e331658230
2026-04-18T00:38:11.2730507Z ##[endgroup]
2026-04-18T00:38:11.2806265Z ##[group]Run '/home/runner/k8s/index.js'
2026-04-18T00:38:11.2807272Z shell: /home/runner/externals/node20/bin/node {0}
2026-04-18T00:38:11.2807570Z ##[endgroup]
2026-04-18T00:38:11.7326177Z (node:1810) [DEP0005] DeprecationWarning: Buffer() is deprecated due to security and usability issues. Please use the Buffer.alloc(), Buffer.allocUnsafe(), or Buffer.from() methods instead.
2026-04-18T00:38:11.7327135Z (Use `node --trace-deprecation ...` to show where the warning was created)
2026-04-18T00:38:12.9858664Z ##[warning]No files were found with the provided path: /vllm-workspace/vllm-ascend/benchmark_results/-deepseek-v3-2-w8a8.json. No artifacts will be uploaded.
2026-04-18T00:38:13.5456152Z ##[group]Run '/home/runner/k8s/index.js'
2026-04-18T00:38:13.5457193Z shell: /home/runner/externals/node20/bin/node {0}
2026-04-18T00:38:13.5457498Z ##[endgroup]
2026-04-18T00:38:14.1257739Z Cleaning up orphan processes
2026-04-18T00:38:14.1302443Z ##[warning]Node.js 20 actions are deprecated. The following actions are running on Node.js 20 and may not work as expected: actions/upload-artifact@v4. Actions will be forced to run with Node.js 24 by default starting June 2nd, 2026. Please check if updated versions of these actions are available that support Node.js 24. To opt into Node.js 24 now, set the FORCE_JAVASCRIPT_ACTIONS_TO_NODE24=true environment variable on the runner or in your workflow file. Once Node.js 24 becomes the default, you can temporarily opt out by setting ACTIONS_ALLOW_USE_UNSECURE_NODE_VERSION=true. For more information see: https://github.blog/changelog/2025-09-19-deprecation-of-node-20-on-github-actions-runners/
