# Run ID: 24523128211
# Commit: 39b8abb7ea660c49fd7e90ad810884b715577598
# Job: multi-node (releases-v0.18.0, multi-node-deepseek-v3.2-W8A8-EP, DeepSeek-V3_2-W8A8-EP.yaml, 4) / DeepSeek-V3_2-W8A8-EP.yaml
# Date: 2026-04-16
============================================================

﻿2026-04-16T17:09:57.9504586Z Current runner version: '2.332.0'
2026-04-16T17:09:57.9510950Z Runner name: 'linux-aarch64-a3-0-ggwx6-runner-q78bg'
2026-04-16T17:09:57.9511714Z Runner group name: 'Default'
2026-04-16T17:09:57.9512616Z Machine name: 'linux-aarch64-a3-0-ggwx6-runner-q78bg'
2026-04-16T17:09:57.9515429Z ##[group]GITHUB_TOKEN Permissions
2026-04-16T17:09:57.9517807Z Contents: read
2026-04-16T17:09:57.9518274Z Issues: read
2026-04-16T17:09:57.9518776Z Metadata: read
2026-04-16T17:09:57.9519247Z PullRequests: read
2026-04-16T17:09:57.9519669Z ##[endgroup]
2026-04-16T17:09:57.9522084Z Secret source: Actions
2026-04-16T17:09:57.9522768Z Prepare workflow directory
2026-04-16T17:09:58.0122563Z Prepare all required actions
2026-04-16T17:09:58.0159629Z Getting action download info
2026-04-16T17:09:59.3061101Z Download action repository 'actions/checkout@v6' (SHA:de0fac2e4500dabe0009e67214ff5f5447ce83dd)
2026-04-16T17:10:05.7120402Z Download action repository 'ascend-gha-runners/artifact@v0.3' (SHA:1b30485187fb8bbbdd297375647fdecf73b9e0f9)
2026-04-16T17:10:07.9478847Z Download action repository 'actions/upload-artifact@v7' (SHA:043fb46d1a93c77aae656e7c1c64a875d1fc6a0a)
2026-04-16T17:10:11.4197754Z Download action repository 'actions/upload-artifact@v4' (SHA:ea165f8d65b6e75b540449e92b4886f43607fa02)
2026-04-16T17:10:19.3422758Z Uses: vllm-project/vllm-ascend/.github/workflows/_e2e_nightly_multi_node.yaml@refs/heads/main (39b8abb7ea660c49fd7e90ad810884b715577598)
2026-04-16T17:10:19.3427291Z ##[group] Inputs
2026-04-16T17:10:19.3427645Z   soc_version: a3
2026-04-16T17:10:19.3427965Z   runner: linux-aarch64-a3-0
2026-04-16T17:10:19.3428774Z   image: swr.cn-southwest-2.myhuaweicloud.com/base_image/ascend-ci/vllm-ascend:nightly-ci-releases-v0.18.0-a3
2026-04-16T17:10:19.3429414Z   config_file_path: DeepSeek-V3_2-W8A8-EP.yaml
2026-04-16T17:10:19.3429786Z   replicas: 1
2026-04-16T17:10:19.3430330Z   size: 4
2026-04-16T17:10:19.3430745Z   vllm_ascend_remote_url: https://github.com/vllm-project/vllm-ascend.git
2026-04-16T17:10:19.3431384Z   vllm_ascend_ref: 39b8abb7ea660c49fd7e90ad810884b715577598
2026-04-16T17:10:19.3432347Z   should_run: true
2026-04-16T17:10:19.3432745Z   ascend_log_prefix: /root/.cache/ascend-logs/releases-v0.18.0
2026-04-16T17:10:19.3433169Z   name: 
2026-04-16T17:10:19.3433511Z   vllm_ascend_branch: releases-v0.18.0
2026-04-16T17:10:19.3433856Z ##[endgroup]
2026-04-16T17:10:19.3434508Z Complete job name: multi-node (releases-v0.18.0, multi-node-deepseek-v3.2-W8A8-EP, DeepSeek-V3_2-W8A8-EP.yaml, 4) / DeepSeek-V3_2-W8A8-EP.yaml
2026-04-16T17:10:19.4245029Z ##[group]Run '/home/runner/k8s/index.js'
2026-04-16T17:10:19.4248161Z shell: /home/runner/externals/node20/bin/node {0}
2026-04-16T17:10:19.4248853Z ##[endgroup]
2026-04-16T17:10:35.0184033Z (node:132) [DEP0005] DeprecationWarning: Buffer() is deprecated due to security and usability issues. Please use the Buffer.alloc(), Buffer.allocUnsafe(), or Buffer.from() methods instead.
2026-04-16T17:10:35.0185022Z (Use `node --trace-deprecation ...` to show where the warning was created)
2026-04-16T17:10:37.3895131Z ##[group]Run if [ "schedule" = "pull_request" ]; then
2026-04-16T17:10:37.3895639Z [36;1mif [ "schedule" = "pull_request" ]; then[0m
2026-04-16T17:10:37.3895959Z [36;1m  if [ "a3" = "a3" ]; then[0m
2026-04-16T17:10:37.3896400Z [36;1m    # NOTE: This is too hack, we should find a better way to manage kubeconfig for pr tests.[0m
2026-04-16T17:10:37.3896943Z [36;1m    cp /root/.cache/.kube/kubeconfig.yaml "$KUBECONFIG"[0m
2026-04-16T17:10:37.3897301Z [36;1m  else[0m
2026-04-16T17:10:37.3897573Z [36;1m    cp /root/.cache/.kube/hk_001_kb.yaml "$KUBECONFIG"[0m
2026-04-16T17:10:37.3897887Z [36;1m  fi[0m
2026-04-16T17:10:37.3898085Z [36;1melse[0m
2026-04-16T17:10:37.3942067Z [36;1m  echo "***" | base64 -d > "$KUBECONFIG"[0m
2026-04-16T17:10:37.3942389Z [36;1mfi[0m
2026-04-16T17:10:37.3942935Z shell: bash -el {0}
2026-04-16T17:10:37.3943169Z ##[endgroup]
2026-04-16T17:10:37.4116162Z ##[group]Run '/home/runner/k8s/index.js'
2026-04-16T17:10:37.4117203Z shell: /home/runner/externals/node20/bin/node {0}
2026-04-16T17:10:37.4117746Z ##[endgroup]
2026-04-16T17:10:37.8353980Z (node:544) [DEP0005] DeprecationWarning: Buffer() is deprecated due to security and usability issues. Please use the Buffer.alloc(), Buffer.allocUnsafe(), or Buffer.from() methods instead.
2026-04-16T17:10:37.8354998Z (Use `node --trace-deprecation ...` to show where the warning was created)
2026-04-16T17:10:38.8050793Z ##[group]Run actions/checkout@v6
2026-04-16T17:10:38.8051172Z with:
2026-04-16T17:10:38.8051457Z   repository: vllm-project/vllm-ascend
2026-04-16T17:10:38.8051953Z   token: ***
2026-04-16T17:10:38.8052182Z   ssh-strict: true
2026-04-16T17:10:38.8052408Z   ssh-user: git
2026-04-16T17:10:38.8052652Z   persist-credentials: true
2026-04-16T17:10:38.8052913Z   clean: true
2026-04-16T17:10:38.8053139Z   sparse-checkout-cone-mode: true
2026-04-16T17:10:38.8053403Z   fetch-depth: 1
2026-04-16T17:10:38.8053591Z   fetch-tags: false
2026-04-16T17:10:38.8053792Z   show-progress: true
2026-04-16T17:10:38.8054011Z   lfs: false
2026-04-16T17:10:38.8054197Z   submodules: false
2026-04-16T17:10:38.8054411Z   set-safe-directory: true
2026-04-16T17:10:38.8054644Z ##[endgroup]
2026-04-16T17:10:38.8104501Z ##[group]Run '/home/runner/k8s/index.js'
2026-04-16T17:10:38.8105421Z shell: /home/runner/externals/node20/bin/node {0}
2026-04-16T17:10:38.8105729Z ##[endgroup]
2026-04-16T17:10:39.2380565Z (node:575) [DEP0005] DeprecationWarning: Buffer() is deprecated due to security and usability issues. Please use the Buffer.alloc(), Buffer.allocUnsafe(), or Buffer.from() methods instead.
2026-04-16T17:10:39.2381617Z (Use `node --trace-deprecation ...` to show where the warning was created)
2026-04-16T17:10:39.8556670Z Syncing repository: vllm-project/vllm-ascend
2026-04-16T17:10:39.8558013Z ##[group]Getting Git version info
2026-04-16T17:10:39.8558374Z Working directory is '/__w/vllm-ascend/vllm-ascend'
2026-04-16T17:10:39.8558890Z [command]/usr/bin/git version
2026-04-16T17:10:39.8683564Z git version 2.34.1
2026-04-16T17:10:39.8703954Z ##[endgroup]
2026-04-16T17:10:39.8711760Z Copying '/root/.gitconfig' to '/__w/_temp/f3e137b7-fea4-46a3-9a0c-9c2afd0d9622/.gitconfig'
2026-04-16T17:10:39.8721264Z Temporarily overriding HOME='/__w/_temp/f3e137b7-fea4-46a3-9a0c-9c2afd0d9622' before making global git config changes
2026-04-16T17:10:39.8722176Z Adding repository directory to the temporary git global config as a safe directory
2026-04-16T17:10:39.8725088Z [command]/usr/bin/git config --global --add safe.directory /__w/vllm-ascend/vllm-ascend
2026-04-16T17:10:39.8762791Z Deleting the contents of '/__w/vllm-ascend/vllm-ascend'
2026-04-16T17:10:39.8766072Z ##[group]Initializing the repository
2026-04-16T17:10:39.8769019Z [command]/usr/bin/git init /__w/vllm-ascend/vllm-ascend
2026-04-16T17:10:39.8883535Z hint: Using 'master' as the name for the initial branch. This default branch name
2026-04-16T17:10:39.8884095Z hint: is subject to change. To configure the initial branch name to use in all
2026-04-16T17:10:39.8884617Z hint: of your new repositories, which will suppress this warning, call:
2026-04-16T17:10:39.8885014Z hint: 
2026-04-16T17:10:39.8885291Z hint: 	git config --global init.defaultBranch <name>
2026-04-16T17:10:39.8885595Z hint: 
2026-04-16T17:10:39.8885893Z hint: Names commonly chosen instead of 'master' are 'main', 'trunk' and
2026-04-16T17:10:39.8886392Z hint: 'development'. The just-created branch can be renamed via this command:
2026-04-16T17:10:39.8886769Z hint: 
2026-04-16T17:10:39.8886975Z hint: 	git branch -m <name>
2026-04-16T17:10:39.8891243Z Initialized empty Git repository in /__w/vllm-ascend/vllm-ascend/.git/
2026-04-16T17:10:39.8900658Z [command]/usr/bin/git remote add origin https://github.com/vllm-project/vllm-ascend
2026-04-16T17:10:39.8943640Z ##[endgroup]
2026-04-16T17:10:39.8944008Z ##[group]Disabling automatic garbage collection
2026-04-16T17:10:39.8947342Z [command]/usr/bin/git config --local gc.auto 0
2026-04-16T17:10:39.8973874Z ##[endgroup]
2026-04-16T17:10:39.8974246Z ##[group]Setting up auth
2026-04-16T17:10:39.8975118Z Removing SSH command configuration
2026-04-16T17:10:39.8980476Z [command]/usr/bin/git config --local --name-only --get-regexp core\.sshCommand
2026-04-16T17:10:39.9007782Z [command]/usr/bin/git submodule foreach --recursive sh -c "git config --local --name-only --get-regexp 'core\.sshCommand' && git config --local --unset-all 'core.sshCommand' || :"
2026-04-16T17:10:39.9432935Z Removing HTTP extra header
2026-04-16T17:10:39.9435453Z [command]/usr/bin/git config --local --name-only --get-regexp http\.https\:\/\/github\.com\/\.extraheader
2026-04-16T17:10:39.9461292Z [command]/usr/bin/git submodule foreach --recursive sh -c "git config --local --name-only --get-regexp 'http\.https\:\/\/github\.com\/\.extraheader' && git config --local --unset-all 'http.https://github.com/.extraheader' || :"
2026-04-16T17:10:39.9660362Z Removing includeIf entries pointing to credentials config files
2026-04-16T17:10:39.9663877Z [command]/usr/bin/git config --local --name-only --get-regexp ^includeIf\.gitdir:
2026-04-16T17:10:39.9695782Z [command]/usr/bin/git submodule foreach --recursive git config --local --show-origin --name-only --get-regexp remote.origin.url
2026-04-16T17:10:39.9919283Z [command]/usr/bin/git config --file /__w/_temp/git-credentials-6cf46ea7-bde0-48e1-bc73-c52f1865f269.config http.https://github.com/.extraheader AUTHORIZATION: basic ***
2026-04-16T17:10:39.9952031Z [command]/usr/bin/git config --local includeIf.gitdir:/__w/vllm-ascend/vllm-ascend/.git.path /__w/_temp/git-credentials-6cf46ea7-bde0-48e1-bc73-c52f1865f269.config
2026-04-16T17:10:39.9979255Z [command]/usr/bin/git config --local includeIf.gitdir:/__w/vllm-ascend/vllm-ascend/.git/worktrees/*.path /__w/_temp/git-credentials-6cf46ea7-bde0-48e1-bc73-c52f1865f269.config
2026-04-16T17:10:40.0004919Z [command]/usr/bin/git config --local includeIf.gitdir:/github/workspace/.git.path /github/runner_temp/git-credentials-6cf46ea7-bde0-48e1-bc73-c52f1865f269.config
2026-04-16T17:10:40.0030598Z [command]/usr/bin/git config --local includeIf.gitdir:/github/workspace/.git/worktrees/*.path /github/runner_temp/git-credentials-6cf46ea7-bde0-48e1-bc73-c52f1865f269.config
2026-04-16T17:10:40.0053883Z ##[endgroup]
2026-04-16T17:10:40.0054232Z ##[group]Fetching the repository
2026-04-16T17:10:40.0062450Z [command]/usr/bin/git -c protocol.version=2 fetch --no-tags --prune --no-recurse-submodules --depth=1 origin +39b8abb7ea660c49fd7e90ad810884b715577598:refs/remotes/origin/main
2026-04-16T17:10:42.0459777Z From https://gh-proxy.test.osinfra.cn/https://github.com/vllm-project/vllm-ascend
2026-04-16T17:10:42.0460577Z  * [new ref]         39b8abb7ea660c49fd7e90ad810884b715577598 -> origin/main
2026-04-16T17:10:42.0618041Z [command]/usr/bin/git branch --list --remote origin/main
2026-04-16T17:10:42.0645924Z   origin/main
2026-04-16T17:10:42.0652339Z [command]/usr/bin/git rev-parse refs/remotes/origin/main
2026-04-16T17:10:42.0677075Z 39b8abb7ea660c49fd7e90ad810884b715577598
2026-04-16T17:10:42.0678001Z ##[endgroup]
2026-04-16T17:10:42.0678334Z ##[group]Determining the checkout info
2026-04-16T17:10:42.0680580Z ##[endgroup]
2026-04-16T17:10:42.0684136Z [command]/usr/bin/git sparse-checkout disable
2026-04-16T17:10:42.0729662Z [command]/usr/bin/git config --local --unset-all extensions.worktreeConfig
2026-04-16T17:10:42.0755153Z ##[group]Checking out the ref
2026-04-16T17:10:42.0760207Z [command]/usr/bin/git checkout --progress --force -B main refs/remotes/origin/main
2026-04-16T17:10:42.2025494Z Switched to a new branch 'main'
2026-04-16T17:10:42.2026075Z Branch 'main' set up to track remote branch 'main' from 'origin'.
2026-04-16T17:10:42.2039229Z ##[endgroup]
2026-04-16T17:10:42.2080576Z [command]/usr/bin/git log -1 --format=%H
2026-04-16T17:10:42.2102141Z 39b8abb7ea660c49fd7e90ad810884b715577598
2026-04-16T17:10:42.8969003Z ##[group]Run # Derive a unique, valid k8s resource name from config_file_path.
2026-04-16T17:10:42.8969667Z [36;1m# Derive a unique, valid k8s resource name from config_file_path.[0m
2026-04-16T17:10:42.8970408Z [36;1m# Append 6-char random suffix to avoid conflicts; total length capped at 63 chars.[0m
2026-04-16T17:10:42.8971009Z [36;1m[0m
2026-04-16T17:10:42.8971250Z [36;1mconfig_file="DeepSeek-V3_2-W8A8-EP.yaml"[0m
2026-04-16T17:10:42.8971568Z [36;1mconfig_stem="${config_file%.yaml}"[0m
2026-04-16T17:10:42.8972011Z [36;1mlws_suffix=$(echo "$config_stem" | tr '[:upper:]' '[:lower:]' | tr '._' '-' | cut -c1-43)[0m
2026-04-16T17:10:42.8972545Z [36;1mrand_suffix=$(tr -d '-' < /proc/sys/kernel/random/uuid | cut -c1-6)[0m
2026-04-16T17:10:42.8972957Z [36;1mLWS_NAME="vllm-${lws_suffix}-${rand_suffix}"[0m
2026-04-16T17:10:42.8973250Z [36;1m[0m
2026-04-16T17:10:42.8973449Z [36;1mbranch="releases-v0.18.0"[0m
2026-04-16T17:10:42.8973747Z [36;1mif [ -n "$branch" ]; then[0m
2026-04-16T17:10:42.8974067Z [36;1m  ARTIFACT_NAME="${branch}-${config_stem}-ascend-logs"[0m
2026-04-16T17:10:42.8974394Z [36;1melse[0m
2026-04-16T17:10:42.8974641Z [36;1m  ARTIFACT_NAME="${config_stem}-ascend-logs"[0m
2026-04-16T17:10:42.8974924Z [36;1mfi[0m
2026-04-16T17:10:42.8975114Z [36;1m[0m
2026-04-16T17:10:42.8975301Z [36;1mjob_name=""[0m
2026-04-16T17:10:42.8975527Z [36;1mif [ -z "$job_name" ]; then[0m
2026-04-16T17:10:42.8975795Z [36;1m  job_name="$config_stem"[0m
2026-04-16T17:10:42.8976030Z [36;1mfi[0m
2026-04-16T17:10:42.8976264Z [36;1mBENCHMARK_JOB_NAME="${branch}-${job_name}"[0m
2026-04-16T17:10:42.8976552Z [36;1m[0m
2026-04-16T17:10:42.8976719Z [36;1m{[0m
2026-04-16T17:10:42.8976920Z [36;1m  echo "LWS_NAME=${LWS_NAME}"[0m
2026-04-16T17:10:42.8977199Z [36;1m  echo "LEADER_POD=${LWS_NAME}-0"[0m
2026-04-16T17:10:42.8977590Z [36;1m  echo "LOG_PREFIX=/root/.cache/ascend-logs/releases-v0.18.0/${LWS_NAME}"[0m
2026-04-16T17:10:42.8977989Z [36;1m} >> $GITHUB_ENV[0m
2026-04-16T17:10:42.8978217Z [36;1m[0m
2026-04-16T17:10:42.8978387Z [36;1m{[0m
2026-04-16T17:10:42.8978604Z [36;1m  echo "artifact_name=${ARTIFACT_NAME}"[0m
2026-04-16T17:10:42.8978941Z [36;1m  echo "benchmark_job_name=${BENCHMARK_JOB_NAME}"[0m
2026-04-16T17:10:42.8979263Z [36;1m} >> $GITHUB_OUTPUT[0m
2026-04-16T17:10:42.8979748Z shell: bash -el {0}
2026-04-16T17:10:42.8980107Z ##[endgroup]
2026-04-16T17:10:42.9092150Z ##[group]Run '/home/runner/k8s/index.js'
2026-04-16T17:10:42.9093071Z shell: /home/runner/externals/node20/bin/node {0}
2026-04-16T17:10:42.9093364Z ##[endgroup]
2026-04-16T17:10:43.3380109Z (node:617) [DEP0005] DeprecationWarning: Buffer() is deprecated due to security and usability issues. Please use the Buffer.alloc(), Buffer.allocUnsafe(), or Buffer.from() methods instead.
2026-04-16T17:10:43.3381100Z (Use `node --trace-deprecation ...` to show where the warning was created)
2026-04-16T17:10:44.3634025Z ##[group]Run install -D tests/e2e/nightly/multi_node/scripts/run.sh /root/.cache/tests/run.sh
2026-04-16T17:10:44.3634807Z [36;1minstall -D tests/e2e/nightly/multi_node/scripts/run.sh /root/.cache/tests/run.sh[0m
2026-04-16T17:10:44.3635385Z shell: bash -el {0}
2026-04-16T17:10:44.3635591Z env:
2026-04-16T17:10:44.3635831Z   LWS_NAME: vllm-deepseek-v3-2-w8a8-ep-422493
2026-04-16T17:10:44.3636196Z   LEADER_POD: vllm-deepseek-v3-2-w8a8-ep-422493-0
2026-04-16T17:10:44.3636663Z   LOG_PREFIX: /root/.cache/ascend-logs/releases-v0.18.0/vllm-deepseek-v3-2-w8a8-ep-422493
2026-04-16T17:10:44.3637096Z ##[endgroup]
2026-04-16T17:10:44.3744222Z ##[group]Run '/home/runner/k8s/index.js'
2026-04-16T17:10:44.3745198Z shell: /home/runner/externals/node20/bin/node {0}
2026-04-16T17:10:44.3745498Z ##[endgroup]
2026-04-16T17:10:44.7969007Z (node:671) [DEP0005] DeprecationWarning: Buffer() is deprecated due to security and usability issues. Please use the Buffer.alloc(), Buffer.allocUnsafe(), or Buffer.from() methods instead.
2026-04-16T17:10:44.7970135Z (Use `node --trace-deprecation ...` to show where the warning was created)
2026-04-16T17:10:45.8126574Z ##[group]Run set -euo pipefail
2026-04-16T17:10:45.8126934Z [36;1mset -euo pipefail[0m
2026-04-16T17:10:45.8127180Z [36;1mTIMEOUT=120[0m
2026-04-16T17:10:45.8127400Z [36;1mSLEEP_INTERVAL=2[0m
2026-04-16T17:10:45.8127767Z [36;1m[0m
2026-04-16T17:10:45.8127946Z [36;1m[0m
2026-04-16T17:10:45.8128278Z [36;1mecho "Deleting leaderworkerset [$LWS_NAME] in namespace [$NAMESPACE]..."[0m
2026-04-16T17:10:45.8128851Z [36;1mkubectl delete leaderworkerset "$LWS_NAME" -n "$NAMESPACE" --ignore-not-found[0m
2026-04-16T17:10:45.8129529Z [36;1mkubectl delete service "${LWS_NAME}-leader" -n "$NAMESPACE" --ignore-not-found[0m
2026-04-16T17:10:45.8130124Z [36;1m[0m
2026-04-16T17:10:45.8130433Z [36;1mecho "Waiting for pods of leaderworkerset [$LWS_NAME] to be deleted..."[0m
2026-04-16T17:10:45.8130833Z [36;1mSTART_TIME=$(date +%s)[0m
2026-04-16T17:10:45.8131092Z [36;1mwhile true; do[0m
2026-04-16T17:10:45.8131353Z [36;1m  ELAPSED=$(( $(date +%s) - START_TIME ))[0m
2026-04-16T17:10:45.8131716Z [36;1m  if [[ $ELAPSED -ge $TIMEOUT ]]; then[0m
2026-04-16T17:10:45.8132103Z [36;1m    echo "Timeout reached ($TIMEOUT seconds), some pods still exist:"[0m
2026-04-16T17:10:45.8132580Z [36;1m    kubectl get pods -n "$NAMESPACE" | grep "^${LWS_NAME}-" || true[0m
2026-04-16T17:10:45.8132956Z [36;1m    exit 1[0m
2026-04-16T17:10:45.8133155Z [36;1m  fi[0m
2026-04-16T17:10:45.8133568Z [36;1m  PODS_EXIST=$(kubectl get pods -n "$NAMESPACE" -o jsonpath='{.items[*].metadata.name}' 2>/dev/null \[0m
2026-04-16T17:10:45.8134098Z [36;1m    | tr ' ' '\n' | grep "^${LWS_NAME}-" || true)[0m
2026-04-16T17:10:45.8134411Z [36;1m  if [[ -z "$PODS_EXIST" ]]; then[0m
2026-04-16T17:10:45.8134725Z [36;1m    echo "All pods for [$LWS_NAME] deleted."[0m
2026-04-16T17:10:45.8135007Z [36;1m    break[0m
2026-04-16T17:10:45.8135210Z [36;1m  fi[0m
2026-04-16T17:10:45.8135478Z [36;1m  echo "Waiting for pods to be deleted: $PODS_EXIST"[0m
2026-04-16T17:10:45.8135813Z [36;1m  sleep $SLEEP_INTERVAL[0m
2026-04-16T17:10:45.8136064Z [36;1mdone[0m
2026-04-16T17:10:45.8136554Z shell: bash -el {0}
2026-04-16T17:10:45.8136751Z env:
2026-04-16T17:10:45.8136989Z   LWS_NAME: vllm-deepseek-v3-2-w8a8-ep-422493
2026-04-16T17:10:45.8137330Z   LEADER_POD: vllm-deepseek-v3-2-w8a8-ep-422493-0
2026-04-16T17:10:45.8137806Z   LOG_PREFIX: /root/.cache/ascend-logs/releases-v0.18.0/vllm-deepseek-v3-2-w8a8-ep-422493
2026-04-16T17:10:45.8138250Z ##[endgroup]
2026-04-16T17:10:45.8240617Z ##[group]Run '/home/runner/k8s/index.js'
2026-04-16T17:10:45.8241978Z shell: /home/runner/externals/node20/bin/node {0}
2026-04-16T17:10:45.8242504Z ##[endgroup]
2026-04-16T17:10:46.2530084Z (node:737) [DEP0005] DeprecationWarning: Buffer() is deprecated due to security and usability issues. Please use the Buffer.alloc(), Buffer.allocUnsafe(), or Buffer.from() methods instead.
2026-04-16T17:10:46.2531070Z (Use `node --trace-deprecation ...` to show where the warning was created)
2026-04-16T17:10:46.8364144Z Deleting leaderworkerset [vllm-deepseek-v3-2-w8a8-ep-422493] in namespace [vllm-project]...
2026-04-16T17:10:47.2011638Z Waiting for pods of leaderworkerset [vllm-deepseek-v3-2-w8a8-ep-422493] to be deleted...
2026-04-16T17:10:47.3231573Z All pods for [vllm-deepseek-v3-2-w8a8-ep-422493] deleted.
2026-04-16T17:10:47.8601828Z ##[group]Run set -euo pipefail
2026-04-16T17:10:47.8602207Z [36;1mset -euo pipefail[0m
2026-04-16T17:10:47.8602442Z [36;1m[0m
2026-04-16T17:10:47.8602628Z [36;1msize="4"[0m
2026-04-16T17:10:47.8602835Z [36;1mreplicas="1"[0m
2026-04-16T17:10:47.8603376Z [36;1mimage="swr.cn-southwest-2.myhuaweicloud.com/base_image/ascend-ci/vllm-ascend:nightly-ci-releases-v0.18.0-a3"[0m
2026-04-16T17:10:47.8604000Z [36;1mconfig_file_path="DeepSeek-V3_2-W8A8-EP.yaml"[0m
2026-04-16T17:10:47.8604365Z [36;1mfail_tag="FAIL_TAG_DeepSeek-V3_2-W8A8-EP.yaml"[0m
2026-04-16T17:10:47.8604676Z [36;1mis_pr_test="false"[0m
2026-04-16T17:10:47.8605007Z [36;1mvllm_ascend_ref="39b8abb7ea660c49fd7e90ad810884b715577598"[0m
2026-04-16T17:10:47.8605517Z [36;1mvllm_ascend_remote_url="https://github.com/vllm-project/vllm-ascend.git"[0m
2026-04-16T17:10:47.8605927Z [36;1mrunner="a3"[0m
2026-04-16T17:10:47.8606173Z [36;1mecho "FAIL_TAG=${fail_tag}" >> $GITHUB_ENV[0m
2026-04-16T17:10:47.8606493Z [36;1m[0m
2026-04-16T17:10:47.8606849Z [36;1mif [ "a3" = "a3" ]; then[0m
2026-04-16T17:10:47.8607110Z [36;1m  npu_per_node=16[0m
2026-04-16T17:10:47.8607385Z [36;1m  pvc_name=nv-action-vllm-benchmarks-v2[0m
2026-04-16T17:10:47.8607676Z [36;1melse[0m
2026-04-16T17:10:47.8607877Z [36;1m  npu_per_node=8[0m
2026-04-16T17:10:47.8608124Z [36;1m  pvc_name=vllm-project-hk001[0m
2026-04-16T17:10:47.8608387Z [36;1mfi[0m
2026-04-16T17:10:47.8608566Z [36;1m[0m
2026-04-16T17:10:47.8608846Z [36;1mbenchmark_job_name="releases-v0.18.0-DeepSeek-V3_2-W8A8-EP"[0m
2026-04-16T17:10:47.8609193Z [36;1m[0m
2026-04-16T17:10:47.8609474Z [36;1mjinja2 tests/e2e/nightly/multi_node/scripts/lws.yaml.jinja2 \[0m
2026-04-16T17:10:47.8610180Z [36;1m  -D lws_name="$LWS_NAME" \[0m
2026-04-16T17:10:47.8610467Z [36;1m  -D log_prefix="$LOG_PREFIX" \[0m
2026-04-16T17:10:47.8610738Z [36;1m  -D size="$size" \[0m
2026-04-16T17:10:47.8610999Z [36;1m  -D replicas="$replicas" \[0m
2026-04-16T17:10:47.8611272Z [36;1m  -D image="$image" \[0m
2026-04-16T17:10:47.8611576Z [36;1m  -D config_file_path="$config_file_path" \[0m
2026-04-16T17:10:47.8611908Z [36;1m  -D npu_per_node="$npu_per_node" \[0m
2026-04-16T17:10:47.8612183Z [36;1m  -D fail_tag="$fail_tag" \[0m
2026-04-16T17:10:47.8612456Z [36;1m  -D is_pr_test="$is_pr_test" \[0m
2026-04-16T17:10:47.8612765Z [36;1m  -D vllm_ascend_ref="$vllm_ascend_ref" \[0m
2026-04-16T17:10:47.8613118Z [36;1m  -D vllm_ascend_remote_url="$vllm_ascend_remote_url" \[0m
2026-04-16T17:10:47.8613453Z [36;1m  -D pvc_name="$pvc_name" \[0m
2026-04-16T17:10:47.8613756Z [36;1m  -D benchmark_job_name="$benchmark_job_name" \[0m
2026-04-16T17:10:47.8614057Z [36;1m  -D runner="$runner" \[0m
2026-04-16T17:10:47.8614313Z [36;1m  --outfile lws.yaml[0m
2026-04-16T17:10:47.8614542Z [36;1m[0m
2026-04-16T17:10:47.8614734Z [36;1mkubectl apply -f ./lws.yaml[0m
2026-04-16T17:10:47.8615112Z shell: bash -el {0}
2026-04-16T17:10:47.8615305Z env:
2026-04-16T17:10:47.8615543Z   LWS_NAME: vllm-deepseek-v3-2-w8a8-ep-422493
2026-04-16T17:10:47.8615883Z   LEADER_POD: vllm-deepseek-v3-2-w8a8-ep-422493-0
2026-04-16T17:10:47.8616355Z   LOG_PREFIX: /root/.cache/ascend-logs/releases-v0.18.0/vllm-deepseek-v3-2-w8a8-ep-422493
2026-04-16T17:10:47.8616790Z ##[endgroup]
2026-04-16T17:10:47.8724806Z ##[group]Run '/home/runner/k8s/index.js'
2026-04-16T17:10:47.8726002Z shell: /home/runner/externals/node20/bin/node {0}
2026-04-16T17:10:47.8726378Z ##[endgroup]
2026-04-16T17:10:48.3019931Z (node:816) [DEP0005] DeprecationWarning: Buffer() is deprecated due to security and usability issues. Please use the Buffer.alloc(), Buffer.allocUnsafe(), or Buffer.from() methods instead.
2026-04-16T17:10:48.3020949Z (Use `node --trace-deprecation ...` to show where the warning was created)
2026-04-16T17:10:49.3178024Z leaderworkerset.leaderworkerset.x-k8s.io/vllm-deepseek-v3-2-w8a8-ep-422493 created
2026-04-16T17:10:49.3457795Z service/vllm-deepseek-v3-2-w8a8-ep-422493-leader created
2026-04-16T17:10:49.9934034Z ##[group]Run set -euo pipefail
2026-04-16T17:10:49.9934387Z [36;1mset -euo pipefail[0m
2026-04-16T17:10:49.9934627Z [36;1mSIZE="4"[0m
2026-04-16T17:10:49.9934841Z [36;1mTIMEOUT=1200[0m
2026-04-16T17:10:49.9935046Z [36;1m[0m
2026-04-16T17:10:49.9935392Z [36;1mecho "Waiting for all pods to become Running and Ready (timeout ${TIMEOUT}s)..."[0m
2026-04-16T17:10:49.9935817Z [36;1mSTART_TIME=$(date +%s)[0m
2026-04-16T17:10:49.9936072Z [36;1mwhile true; do[0m
2026-04-16T17:10:49.9936338Z [36;1m  ELAPSED=$(( $(date +%s) - START_TIME ))[0m
2026-04-16T17:10:49.9936660Z [36;1m  if [[ $ELAPSED -ge $TIMEOUT ]]; then[0m
2026-04-16T17:10:49.9937045Z [36;1m    echo "Timeout reached after ${ELAPSED}s, dumping pod status:"[0m
2026-04-16T17:10:49.9937450Z [36;1m    kubectl get pods -n "$NAMESPACE"[0m
2026-04-16T17:10:49.9937797Z [36;1m    kubectl describe pod "$LEADER_POD" -n "$NAMESPACE"[0m
2026-04-16T17:10:49.9938123Z [36;1m    exit 1[0m
2026-04-16T17:10:49.9938354Z [36;1m  fi[0m
2026-04-16T17:10:49.9938535Z [36;1m[0m
2026-04-16T17:10:49.9938876Z [36;1m  ALL_READY=true[0m
2026-04-16T17:10:49.9939127Z [36;1m  for ((i=1; i<SIZE; i++)); do[0m
2026-04-16T17:10:49.9939393Z [36;1m    POD="${LWS_NAME}-0-${i}"[0m
2026-04-16T17:10:49.9940153Z [36;1m    PHASE=$(kubectl get pod "$POD" -n "$NAMESPACE" -o jsonpath='{.status.phase}' 2>/dev/null || echo "NotFound")[0m
2026-04-16T17:10:49.9940918Z [36;1m    READY=$(kubectl get pod "$POD" -n "$NAMESPACE" -o jsonpath='{.status.containerStatuses[*].ready}' 2>/dev/null)[0m
2026-04-16T17:10:49.9941485Z [36;1m    echo "Worker [$POD] phase=$PHASE ready=$READY"[0m
2026-04-16T17:10:49.9941876Z [36;1m    if [[ "$PHASE" != "Running" || "$READY" != "true" ]]; then[0m
2026-04-16T17:10:49.9942220Z [36;1m      ALL_READY=false[0m
2026-04-16T17:10:49.9942450Z [36;1m      break[0m
2026-04-16T17:10:49.9942655Z [36;1m    fi[0m
2026-04-16T17:10:49.9942848Z [36;1m  done[0m
2026-04-16T17:10:49.9943031Z [36;1m[0m
2026-04-16T17:10:49.9943505Z [36;1m  LEADER_PHASE=$(kubectl get pod "$LEADER_POD" -n "$NAMESPACE" -o jsonpath='{.status.phase}' 2>/dev/null || echo "NotFound")[0m
2026-04-16T17:10:49.9944339Z [36;1m  LEADER_READY=$(kubectl get pod "$LEADER_POD" -n "$NAMESPACE" -o jsonpath='{.status.containerStatuses[*].ready}' 2>/dev/null)[0m
2026-04-16T17:10:49.9944992Z [36;1m  echo "Leader [$LEADER_POD] phase=$LEADER_PHASE ready=$LEADER_READY"[0m
2026-04-16T17:10:49.9945475Z [36;1m  if [[ "$LEADER_PHASE" != "Running" || "$LEADER_READY" != "true" ]]; then[0m
2026-04-16T17:10:49.9945853Z [36;1m    ALL_READY=false[0m
2026-04-16T17:10:49.9946079Z [36;1m  fi[0m
2026-04-16T17:10:49.9946266Z [36;1m[0m
2026-04-16T17:10:49.9946476Z [36;1m  if [[ "$ALL_READY" == "true" ]]; then[0m
2026-04-16T17:10:49.9946789Z [36;1m    echo "All pods are Running and Ready."[0m
2026-04-16T17:10:49.9947075Z [36;1m    break[0m
2026-04-16T17:10:49.9947277Z [36;1m  fi[0m
2026-04-16T17:10:49.9947462Z [36;1m  sleep 2[0m
2026-04-16T17:10:49.9947666Z [36;1mdone[0m
2026-04-16T17:10:49.9948058Z shell: bash -el {0}
2026-04-16T17:10:49.9948267Z env:
2026-04-16T17:10:49.9948504Z   LWS_NAME: vllm-deepseek-v3-2-w8a8-ep-422493
2026-04-16T17:10:49.9948839Z   LEADER_POD: vllm-deepseek-v3-2-w8a8-ep-422493-0
2026-04-16T17:10:49.9949311Z   LOG_PREFIX: /root/.cache/ascend-logs/releases-v0.18.0/vllm-deepseek-v3-2-w8a8-ep-422493
2026-04-16T17:10:49.9949942Z   FAIL_TAG: FAIL_TAG_DeepSeek-V3_2-W8A8-EP.yaml
2026-04-16T17:10:49.9950261Z ##[endgroup]
2026-04-16T17:10:50.0123749Z ##[group]Run '/home/runner/k8s/index.js'
2026-04-16T17:10:50.0124647Z shell: /home/runner/externals/node20/bin/node {0}
2026-04-16T17:10:50.0124945Z ##[endgroup]
2026-04-16T17:10:50.4419181Z (node:906) [DEP0005] DeprecationWarning: Buffer() is deprecated due to security and usability issues. Please use the Buffer.alloc(), Buffer.allocUnsafe(), or Buffer.from() methods instead.
2026-04-16T17:10:50.4420302Z (Use `node --trace-deprecation ...` to show where the warning was created)
2026-04-16T17:10:51.0232012Z Waiting for all pods to become Running and Ready (timeout 1200s)...
2026-04-16T17:10:51.1625402Z Worker [vllm-deepseek-v3-2-w8a8-ep-422493-0-1] phase=Pending ready=
2026-04-16T17:10:51.2856008Z Leader [vllm-deepseek-v3-2-w8a8-ep-422493-0] phase=Pending ready=
2026-04-16T17:10:53.4205837Z Worker [vllm-deepseek-v3-2-w8a8-ep-422493-0-1] phase=Pending ready=
2026-04-16T17:10:53.5342020Z Leader [vllm-deepseek-v3-2-w8a8-ep-422493-0] phase=Pending ready=
2026-04-16T17:10:55.6556484Z Worker [vllm-deepseek-v3-2-w8a8-ep-422493-0-1] phase=Pending ready=
2026-04-16T17:10:55.7940685Z Leader [vllm-deepseek-v3-2-w8a8-ep-422493-0] phase=Pending ready=
2026-04-16T17:10:57.9239344Z Worker [vllm-deepseek-v3-2-w8a8-ep-422493-0-1] phase=Pending ready=
2026-04-16T17:10:58.0423199Z Leader [vllm-deepseek-v3-2-w8a8-ep-422493-0] phase=Pending ready=
2026-04-16T17:11:00.1685578Z Worker [vllm-deepseek-v3-2-w8a8-ep-422493-0-1] phase=Pending ready=
2026-04-16T17:11:00.2953148Z Leader [vllm-deepseek-v3-2-w8a8-ep-422493-0] phase=Pending ready=
2026-04-16T17:11:02.4233666Z Worker [vllm-deepseek-v3-2-w8a8-ep-422493-0-1] phase=Pending ready=
2026-04-16T17:11:02.5527934Z Leader [vllm-deepseek-v3-2-w8a8-ep-422493-0] phase=Pending ready=false
2026-04-16T17:11:04.6817887Z Worker [vllm-deepseek-v3-2-w8a8-ep-422493-0-1] phase=Pending ready=
2026-04-16T17:11:04.8203647Z Leader [vllm-deepseek-v3-2-w8a8-ep-422493-0] phase=Pending ready=false
2026-04-16T17:11:06.9507774Z Worker [vllm-deepseek-v3-2-w8a8-ep-422493-0-1] phase=Pending ready=false
2026-04-16T17:11:07.0781928Z Leader [vllm-deepseek-v3-2-w8a8-ep-422493-0] phase=Pending ready=false
2026-04-16T17:11:09.2032022Z Worker [vllm-deepseek-v3-2-w8a8-ep-422493-0-1] phase=Pending ready=false
2026-04-16T17:11:09.3284573Z Leader [vllm-deepseek-v3-2-w8a8-ep-422493-0] phase=Pending ready=false
2026-04-16T17:11:11.4566209Z Worker [vllm-deepseek-v3-2-w8a8-ep-422493-0-1] phase=Pending ready=false
2026-04-16T17:11:11.5837946Z Leader [vllm-deepseek-v3-2-w8a8-ep-422493-0] phase=Pending ready=false
2026-04-16T17:11:13.7094749Z Worker [vllm-deepseek-v3-2-w8a8-ep-422493-0-1] phase=Pending ready=false
2026-04-16T17:11:13.8271386Z Leader [vllm-deepseek-v3-2-w8a8-ep-422493-0] phase=Pending ready=false
2026-04-16T17:11:15.9560636Z Worker [vllm-deepseek-v3-2-w8a8-ep-422493-0-1] phase=Pending ready=false
2026-04-16T17:11:16.0710886Z Leader [vllm-deepseek-v3-2-w8a8-ep-422493-0] phase=Pending ready=false
2026-04-16T17:11:18.1913074Z Worker [vllm-deepseek-v3-2-w8a8-ep-422493-0-1] phase=Pending ready=false
2026-04-16T17:11:18.3118097Z Leader [vllm-deepseek-v3-2-w8a8-ep-422493-0] phase=Running ready=true
2026-04-16T17:11:20.4388316Z Worker [vllm-deepseek-v3-2-w8a8-ep-422493-0-1] phase=Running ready=true
2026-04-16T17:11:20.5562022Z Worker [vllm-deepseek-v3-2-w8a8-ep-422493-0-2] phase=Pending ready=
2026-04-16T17:11:20.6830529Z Leader [vllm-deepseek-v3-2-w8a8-ep-422493-0] phase=Running ready=true
2026-04-16T17:11:22.8068274Z Worker [vllm-deepseek-v3-2-w8a8-ep-422493-0-1] phase=Running ready=true
2026-04-16T17:11:22.9241839Z Worker [vllm-deepseek-v3-2-w8a8-ep-422493-0-2] phase=Pending ready=
2026-04-16T17:11:23.0408447Z Leader [vllm-deepseek-v3-2-w8a8-ep-422493-0] phase=Running ready=true
2026-04-16T17:11:25.1645604Z Worker [vllm-deepseek-v3-2-w8a8-ep-422493-0-1] phase=Running ready=true
2026-04-16T17:11:25.2920073Z Worker [vllm-deepseek-v3-2-w8a8-ep-422493-0-2] phase=Pending ready=
2026-04-16T17:11:25.4057799Z Leader [vllm-deepseek-v3-2-w8a8-ep-422493-0] phase=Running ready=true
2026-04-16T17:11:27.5297084Z Worker [vllm-deepseek-v3-2-w8a8-ep-422493-0-1] phase=Running ready=true
2026-04-16T17:11:27.6467146Z Worker [vllm-deepseek-v3-2-w8a8-ep-422493-0-2] phase=Pending ready=
2026-04-16T17:11:27.7669373Z Leader [vllm-deepseek-v3-2-w8a8-ep-422493-0] phase=Running ready=true
2026-04-16T17:11:29.8903701Z Worker [vllm-deepseek-v3-2-w8a8-ep-422493-0-1] phase=Running ready=true
2026-04-16T17:11:30.0069233Z Worker [vllm-deepseek-v3-2-w8a8-ep-422493-0-2] phase=Pending ready=
2026-04-16T17:11:30.1336532Z Leader [vllm-deepseek-v3-2-w8a8-ep-422493-0] phase=Running ready=true
2026-04-16T17:11:32.2606666Z Worker [vllm-deepseek-v3-2-w8a8-ep-422493-0-1] phase=Running ready=true
2026-04-16T17:11:32.3983529Z Worker [vllm-deepseek-v3-2-w8a8-ep-422493-0-2] phase=Pending ready=
2026-04-16T17:11:32.5253861Z Leader [vllm-deepseek-v3-2-w8a8-ep-422493-0] phase=Running ready=true
2026-04-16T17:11:34.6452434Z Worker [vllm-deepseek-v3-2-w8a8-ep-422493-0-1] phase=Running ready=true
2026-04-16T17:11:34.7577638Z Worker [vllm-deepseek-v3-2-w8a8-ep-422493-0-2] phase=Pending ready=
2026-04-16T17:11:34.8744835Z Leader [vllm-deepseek-v3-2-w8a8-ep-422493-0] phase=Running ready=true
2026-04-16T17:11:37.0069419Z Worker [vllm-deepseek-v3-2-w8a8-ep-422493-0-1] phase=Running ready=true
2026-04-16T17:11:37.1385116Z Worker [vllm-deepseek-v3-2-w8a8-ep-422493-0-2] phase=Pending ready=
2026-04-16T17:11:37.2636683Z Leader [vllm-deepseek-v3-2-w8a8-ep-422493-0] phase=Running ready=true
2026-04-16T17:11:39.3915774Z Worker [vllm-deepseek-v3-2-w8a8-ep-422493-0-1] phase=Running ready=true
2026-04-16T17:11:39.5154110Z Worker [vllm-deepseek-v3-2-w8a8-ep-422493-0-2] phase=Pending ready=
2026-04-16T17:11:39.6469972Z Leader [vllm-deepseek-v3-2-w8a8-ep-422493-0] phase=Running ready=true
2026-04-16T17:11:41.7752519Z Worker [vllm-deepseek-v3-2-w8a8-ep-422493-0-1] phase=Running ready=true
2026-04-16T17:11:41.9115030Z Worker [vllm-deepseek-v3-2-w8a8-ep-422493-0-2] phase=Pending ready=
2026-04-16T17:11:42.0392992Z Leader [vllm-deepseek-v3-2-w8a8-ep-422493-0] phase=Running ready=true
2026-04-16T17:11:44.1822646Z Worker [vllm-deepseek-v3-2-w8a8-ep-422493-0-1] phase=Running ready=true
2026-04-16T17:11:44.3119970Z Worker [vllm-deepseek-v3-2-w8a8-ep-422493-0-2] phase=Pending ready=
2026-04-16T17:11:44.4320351Z Leader [vllm-deepseek-v3-2-w8a8-ep-422493-0] phase=Running ready=true
2026-04-16T17:11:46.5797009Z Worker [vllm-deepseek-v3-2-w8a8-ep-422493-0-1] phase=Running ready=true
2026-04-16T17:11:46.7152750Z Worker [vllm-deepseek-v3-2-w8a8-ep-422493-0-2] phase=Pending ready=
2026-04-16T17:11:46.8370003Z Leader [vllm-deepseek-v3-2-w8a8-ep-422493-0] phase=Running ready=true
2026-04-16T17:11:48.9702817Z Worker [vllm-deepseek-v3-2-w8a8-ep-422493-0-1] phase=Running ready=true
2026-04-16T17:11:49.0938919Z Worker [vllm-deepseek-v3-2-w8a8-ep-422493-0-2] phase=Pending ready=
2026-04-16T17:11:49.2141372Z Leader [vllm-deepseek-v3-2-w8a8-ep-422493-0] phase=Running ready=true
2026-04-16T17:11:51.3531437Z Worker [vllm-deepseek-v3-2-w8a8-ep-422493-0-1] phase=Running ready=true
2026-04-16T17:11:51.4723413Z Worker [vllm-deepseek-v3-2-w8a8-ep-422493-0-2] phase=Pending ready=
2026-04-16T17:11:51.5861752Z Leader [vllm-deepseek-v3-2-w8a8-ep-422493-0] phase=Running ready=true
2026-04-16T17:11:53.7171148Z Worker [vllm-deepseek-v3-2-w8a8-ep-422493-0-1] phase=Running ready=true
2026-04-16T17:11:53.8360678Z Worker [vllm-deepseek-v3-2-w8a8-ep-422493-0-2] phase=Pending ready=
2026-04-16T17:11:53.9515077Z Leader [vllm-deepseek-v3-2-w8a8-ep-422493-0] phase=Running ready=true
2026-04-16T17:11:56.0824178Z Worker [vllm-deepseek-v3-2-w8a8-ep-422493-0-1] phase=Running ready=true
2026-04-16T17:11:56.2106912Z Worker [vllm-deepseek-v3-2-w8a8-ep-422493-0-2] phase=Pending ready=
2026-04-16T17:11:56.3514605Z Leader [vllm-deepseek-v3-2-w8a8-ep-422493-0] phase=Running ready=true
2026-04-16T17:11:58.4805513Z Worker [vllm-deepseek-v3-2-w8a8-ep-422493-0-1] phase=Running ready=true
2026-04-16T17:11:58.5966852Z Worker [vllm-deepseek-v3-2-w8a8-ep-422493-0-2] phase=Pending ready=
2026-04-16T17:11:58.7216594Z Leader [vllm-deepseek-v3-2-w8a8-ep-422493-0] phase=Running ready=true
2026-04-16T17:12:00.8398505Z Worker [vllm-deepseek-v3-2-w8a8-ep-422493-0-1] phase=Running ready=true
2026-04-16T17:12:00.9676819Z Worker [vllm-deepseek-v3-2-w8a8-ep-422493-0-2] phase=Pending ready=
2026-04-16T17:12:01.0821564Z Leader [vllm-deepseek-v3-2-w8a8-ep-422493-0] phase=Running ready=true
2026-04-16T17:12:03.2015857Z Worker [vllm-deepseek-v3-2-w8a8-ep-422493-0-1] phase=Running ready=true
2026-04-16T17:12:03.3164039Z Worker [vllm-deepseek-v3-2-w8a8-ep-422493-0-2] phase=Pending ready=
2026-04-16T17:12:03.4329314Z Leader [vllm-deepseek-v3-2-w8a8-ep-422493-0] phase=Running ready=true
2026-04-16T17:12:05.5468236Z Worker [vllm-deepseek-v3-2-w8a8-ep-422493-0-1] phase=Running ready=true
2026-04-16T17:12:05.6621697Z Worker [vllm-deepseek-v3-2-w8a8-ep-422493-0-2] phase=Pending ready=
2026-04-16T17:12:05.7785108Z Leader [vllm-deepseek-v3-2-w8a8-ep-422493-0] phase=Running ready=true
2026-04-16T17:12:07.9022530Z Worker [vllm-deepseek-v3-2-w8a8-ep-422493-0-1] phase=Running ready=true
2026-04-16T17:12:08.0149812Z Worker [vllm-deepseek-v3-2-w8a8-ep-422493-0-2] phase=Pending ready=
2026-04-16T17:12:08.1337242Z Leader [vllm-deepseek-v3-2-w8a8-ep-422493-0] phase=Running ready=true
2026-04-16T17:12:10.2655687Z Worker [vllm-deepseek-v3-2-w8a8-ep-422493-0-1] phase=Running ready=true
2026-04-16T17:12:10.3817313Z Worker [vllm-deepseek-v3-2-w8a8-ep-422493-0-2] phase=Pending ready=
2026-04-16T17:12:10.4956770Z Leader [vllm-deepseek-v3-2-w8a8-ep-422493-0] phase=Running ready=true
2026-04-16T17:12:12.6153764Z Worker [vllm-deepseek-v3-2-w8a8-ep-422493-0-1] phase=Running ready=true
2026-04-16T17:12:12.7379234Z Worker [vllm-deepseek-v3-2-w8a8-ep-422493-0-2] phase=Pending ready=
2026-04-16T17:12:12.8629449Z Leader [vllm-deepseek-v3-2-w8a8-ep-422493-0] phase=Running ready=true
2026-04-16T17:12:14.9808775Z Worker [vllm-deepseek-v3-2-w8a8-ep-422493-0-1] phase=Running ready=true
2026-04-16T17:12:15.1011872Z Worker [vllm-deepseek-v3-2-w8a8-ep-422493-0-2] phase=Pending ready=
2026-04-16T17:12:15.2158667Z Leader [vllm-deepseek-v3-2-w8a8-ep-422493-0] phase=Running ready=true
2026-04-16T17:12:17.3401561Z Worker [vllm-deepseek-v3-2-w8a8-ep-422493-0-1] phase=Running ready=true
2026-04-16T17:12:17.4570070Z Worker [vllm-deepseek-v3-2-w8a8-ep-422493-0-2] phase=Pending ready=
2026-04-16T17:12:17.5710143Z Leader [vllm-deepseek-v3-2-w8a8-ep-422493-0] phase=Running ready=true
2026-04-16T17:12:19.6963542Z Worker [vllm-deepseek-v3-2-w8a8-ep-422493-0-1] phase=Running ready=true
2026-04-16T17:12:19.8170084Z Worker [vllm-deepseek-v3-2-w8a8-ep-422493-0-2] phase=Pending ready=
2026-04-16T17:12:19.9407006Z Leader [vllm-deepseek-v3-2-w8a8-ep-422493-0] phase=Running ready=true
2026-04-16T17:12:22.0747223Z Worker [vllm-deepseek-v3-2-w8a8-ep-422493-0-1] phase=Running ready=true
2026-04-16T17:12:22.1930286Z Worker [vllm-deepseek-v3-2-w8a8-ep-422493-0-2] phase=Pending ready=
2026-04-16T17:12:22.3108820Z Leader [vllm-deepseek-v3-2-w8a8-ep-422493-0] phase=Running ready=true
2026-04-16T17:12:24.4404777Z Worker [vllm-deepseek-v3-2-w8a8-ep-422493-0-1] phase=Running ready=true
2026-04-16T17:12:24.5538334Z Worker [vllm-deepseek-v3-2-w8a8-ep-422493-0-2] phase=Pending ready=
2026-04-16T17:12:24.6714063Z Leader [vllm-deepseek-v3-2-w8a8-ep-422493-0] phase=Running ready=true
2026-04-16T17:12:26.7947816Z Worker [vllm-deepseek-v3-2-w8a8-ep-422493-0-1] phase=Running ready=true
2026-04-16T17:12:26.9097258Z Worker [vllm-deepseek-v3-2-w8a8-ep-422493-0-2] phase=Pending ready=
2026-04-16T17:12:27.0339520Z Leader [vllm-deepseek-v3-2-w8a8-ep-422493-0] phase=Running ready=true
2026-04-16T17:12:29.1535033Z Worker [vllm-deepseek-v3-2-w8a8-ep-422493-0-1] phase=Running ready=true
2026-04-16T17:12:29.2765044Z Worker [vllm-deepseek-v3-2-w8a8-ep-422493-0-2] phase=Pending ready=
2026-04-16T17:12:29.3961525Z Leader [vllm-deepseek-v3-2-w8a8-ep-422493-0] phase=Running ready=true
2026-04-16T17:12:31.5251800Z Worker [vllm-deepseek-v3-2-w8a8-ep-422493-0-1] phase=Running ready=true
2026-04-16T17:12:31.6467807Z Worker [vllm-deepseek-v3-2-w8a8-ep-422493-0-2] phase=Pending ready=
2026-04-16T17:12:31.7622020Z Leader [vllm-deepseek-v3-2-w8a8-ep-422493-0] phase=Running ready=true
2026-04-16T17:12:33.8855862Z Worker [vllm-deepseek-v3-2-w8a8-ep-422493-0-1] phase=Running ready=true
2026-04-16T17:12:34.0042283Z Worker [vllm-deepseek-v3-2-w8a8-ep-422493-0-2] phase=Pending ready=
2026-04-16T17:12:34.1336590Z Leader [vllm-deepseek-v3-2-w8a8-ep-422493-0] phase=Running ready=true
2026-04-16T17:12:36.2621278Z Worker [vllm-deepseek-v3-2-w8a8-ep-422493-0-1] phase=Running ready=true
2026-04-16T17:12:36.3745284Z Worker [vllm-deepseek-v3-2-w8a8-ep-422493-0-2] phase=Pending ready=
2026-04-16T17:12:36.4976602Z Leader [vllm-deepseek-v3-2-w8a8-ep-422493-0] phase=Running ready=true
2026-04-16T17:12:38.6168416Z Worker [vllm-deepseek-v3-2-w8a8-ep-422493-0-1] phase=Running ready=true
2026-04-16T17:12:38.7398059Z Worker [vllm-deepseek-v3-2-w8a8-ep-422493-0-2] phase=Pending ready=
2026-04-16T17:12:38.8641323Z Leader [vllm-deepseek-v3-2-w8a8-ep-422493-0] phase=Running ready=true
2026-04-16T17:12:40.9847221Z Worker [vllm-deepseek-v3-2-w8a8-ep-422493-0-1] phase=Running ready=true
2026-04-16T17:12:41.1038822Z Worker [vllm-deepseek-v3-2-w8a8-ep-422493-0-2] phase=Pending ready=
2026-04-16T17:12:41.2190174Z Leader [vllm-deepseek-v3-2-w8a8-ep-422493-0] phase=Running ready=true
2026-04-16T17:12:43.3463133Z Worker [vllm-deepseek-v3-2-w8a8-ep-422493-0-1] phase=Running ready=true
2026-04-16T17:12:43.4637015Z Worker [vllm-deepseek-v3-2-w8a8-ep-422493-0-2] phase=Pending ready=
2026-04-16T17:12:43.5781396Z Leader [vllm-deepseek-v3-2-w8a8-ep-422493-0] phase=Running ready=true
2026-04-16T17:12:45.7093271Z Worker [vllm-deepseek-v3-2-w8a8-ep-422493-0-1] phase=Running ready=true
2026-04-16T17:12:45.8410657Z Worker [vllm-deepseek-v3-2-w8a8-ep-422493-0-2] phase=Pending ready=
2026-04-16T17:12:45.9626582Z Leader [vllm-deepseek-v3-2-w8a8-ep-422493-0] phase=Running ready=true
2026-04-16T17:12:48.0885845Z Worker [vllm-deepseek-v3-2-w8a8-ep-422493-0-1] phase=Running ready=true
2026-04-16T17:12:48.2106180Z Worker [vllm-deepseek-v3-2-w8a8-ep-422493-0-2] phase=Pending ready=
2026-04-16T17:12:48.3327429Z Leader [vllm-deepseek-v3-2-w8a8-ep-422493-0] phase=Running ready=true
2026-04-16T17:12:50.4680974Z Worker [vllm-deepseek-v3-2-w8a8-ep-422493-0-1] phase=Running ready=true
2026-04-16T17:12:50.5885619Z Worker [vllm-deepseek-v3-2-w8a8-ep-422493-0-2] phase=Pending ready=
2026-04-16T17:12:50.7047298Z Leader [vllm-deepseek-v3-2-w8a8-ep-422493-0] phase=Running ready=true
2026-04-16T17:12:52.8296049Z Worker [vllm-deepseek-v3-2-w8a8-ep-422493-0-1] phase=Running ready=true
2026-04-16T17:12:52.9521100Z Worker [vllm-deepseek-v3-2-w8a8-ep-422493-0-2] phase=Pending ready=
2026-04-16T17:12:53.0766636Z Leader [vllm-deepseek-v3-2-w8a8-ep-422493-0] phase=Running ready=true
2026-04-16T17:12:55.1960480Z Worker [vllm-deepseek-v3-2-w8a8-ep-422493-0-1] phase=Running ready=true
2026-04-16T17:12:55.3111740Z Worker [vllm-deepseek-v3-2-w8a8-ep-422493-0-2] phase=Pending ready=
2026-04-16T17:12:55.4320232Z Leader [vllm-deepseek-v3-2-w8a8-ep-422493-0] phase=Running ready=true
2026-04-16T17:12:57.5603200Z Worker [vllm-deepseek-v3-2-w8a8-ep-422493-0-1] phase=Running ready=true
2026-04-16T17:12:57.6855731Z Worker [vllm-deepseek-v3-2-w8a8-ep-422493-0-2] phase=Pending ready=
2026-04-16T17:12:57.8096997Z Leader [vllm-deepseek-v3-2-w8a8-ep-422493-0] phase=Running ready=true
2026-04-16T17:12:59.9368131Z Worker [vllm-deepseek-v3-2-w8a8-ep-422493-0-1] phase=Running ready=true
2026-04-16T17:13:00.0614256Z Worker [vllm-deepseek-v3-2-w8a8-ep-422493-0-2] phase=Pending ready=
2026-04-16T17:13:00.1861177Z Leader [vllm-deepseek-v3-2-w8a8-ep-422493-0] phase=Running ready=true
2026-04-16T17:13:02.3140782Z Worker [vllm-deepseek-v3-2-w8a8-ep-422493-0-1] phase=Running ready=true
2026-04-16T17:13:02.4356203Z Worker [vllm-deepseek-v3-2-w8a8-ep-422493-0-2] phase=Pending ready=
2026-04-16T17:13:02.5500549Z Leader [vllm-deepseek-v3-2-w8a8-ep-422493-0] phase=Running ready=true
2026-04-16T17:13:04.6697791Z Worker [vllm-deepseek-v3-2-w8a8-ep-422493-0-1] phase=Running ready=true
2026-04-16T17:13:04.7915865Z Worker [vllm-deepseek-v3-2-w8a8-ep-422493-0-2] phase=Pending ready=
2026-04-16T17:13:04.9127709Z Leader [vllm-deepseek-v3-2-w8a8-ep-422493-0] phase=Running ready=true
2026-04-16T17:13:07.0406760Z Worker [vllm-deepseek-v3-2-w8a8-ep-422493-0-1] phase=Running ready=true
2026-04-16T17:13:07.1622806Z Worker [vllm-deepseek-v3-2-w8a8-ep-422493-0-2] phase=Pending ready=
2026-04-16T17:13:07.2846865Z Leader [vllm-deepseek-v3-2-w8a8-ep-422493-0] phase=Running ready=true
2026-04-16T17:13:09.4183392Z Worker [vllm-deepseek-v3-2-w8a8-ep-422493-0-1] phase=Running ready=true
2026-04-16T17:13:09.5320564Z Worker [vllm-deepseek-v3-2-w8a8-ep-422493-0-2] phase=Pending ready=
2026-04-16T17:13:09.6548246Z Leader [vllm-deepseek-v3-2-w8a8-ep-422493-0] phase=Running ready=true
2026-04-16T17:13:11.7778980Z Worker [vllm-deepseek-v3-2-w8a8-ep-422493-0-1] phase=Running ready=true
2026-04-16T17:13:11.8958274Z Worker [vllm-deepseek-v3-2-w8a8-ep-422493-0-2] phase=Pending ready=
2026-04-16T17:13:12.0166749Z Leader [vllm-deepseek-v3-2-w8a8-ep-422493-0] phase=Running ready=true
2026-04-16T17:13:14.1844379Z Worker [vllm-deepseek-v3-2-w8a8-ep-422493-0-1] phase=Running ready=true
2026-04-16T17:13:14.3382416Z Worker [vllm-deepseek-v3-2-w8a8-ep-422493-0-2] phase=Pending ready=
2026-04-16T17:13:14.4706792Z Leader [vllm-deepseek-v3-2-w8a8-ep-422493-0] phase=Running ready=true
2026-04-16T17:13:16.6127078Z Worker [vllm-deepseek-v3-2-w8a8-ep-422493-0-1] phase=Running ready=true
2026-04-16T17:13:16.7500185Z Worker [vllm-deepseek-v3-2-w8a8-ep-422493-0-2] phase=Pending ready=
2026-04-16T17:13:16.8780801Z Leader [vllm-deepseek-v3-2-w8a8-ep-422493-0] phase=Running ready=true
2026-04-16T17:13:19.0109395Z Worker [vllm-deepseek-v3-2-w8a8-ep-422493-0-1] phase=Running ready=true
2026-04-16T17:13:19.1468302Z Worker [vllm-deepseek-v3-2-w8a8-ep-422493-0-2] phase=Pending ready=
2026-04-16T17:13:19.2808977Z Leader [vllm-deepseek-v3-2-w8a8-ep-422493-0] phase=Running ready=true
2026-04-16T17:13:21.4189247Z Worker [vllm-deepseek-v3-2-w8a8-ep-422493-0-1] phase=Running ready=true
2026-04-16T17:13:21.5503006Z Worker [vllm-deepseek-v3-2-w8a8-ep-422493-0-2] phase=Pending ready=
2026-04-16T17:13:21.6796795Z Leader [vllm-deepseek-v3-2-w8a8-ep-422493-0] phase=Running ready=true
2026-04-16T17:13:23.8174005Z Worker [vllm-deepseek-v3-2-w8a8-ep-422493-0-1] phase=Running ready=true
2026-04-16T17:13:23.9527801Z Worker [vllm-deepseek-v3-2-w8a8-ep-422493-0-2] phase=Pending ready=
2026-04-16T17:13:24.0931604Z Leader [vllm-deepseek-v3-2-w8a8-ep-422493-0] phase=Running ready=true
2026-04-16T17:13:26.2317191Z Worker [vllm-deepseek-v3-2-w8a8-ep-422493-0-1] phase=Running ready=true
2026-04-16T17:13:26.3572039Z Worker [vllm-deepseek-v3-2-w8a8-ep-422493-0-2] phase=Pending ready=
2026-04-16T17:13:26.4758297Z Leader [vllm-deepseek-v3-2-w8a8-ep-422493-0] phase=Running ready=true
2026-04-16T17:13:28.6071210Z Worker [vllm-deepseek-v3-2-w8a8-ep-422493-0-1] phase=Running ready=true
2026-04-16T17:13:28.7333551Z Worker [vllm-deepseek-v3-2-w8a8-ep-422493-0-2] phase=Pending ready=
2026-04-16T17:13:28.8561736Z Leader [vllm-deepseek-v3-2-w8a8-ep-422493-0] phase=Running ready=true
2026-04-16T17:13:30.9807798Z Worker [vllm-deepseek-v3-2-w8a8-ep-422493-0-1] phase=Running ready=true
2026-04-16T17:13:31.1125050Z Worker [vllm-deepseek-v3-2-w8a8-ep-422493-0-2] phase=Pending ready=
2026-04-16T17:13:31.2400596Z Leader [vllm-deepseek-v3-2-w8a8-ep-422493-0] phase=Running ready=true
2026-04-16T17:13:33.3644922Z Worker [vllm-deepseek-v3-2-w8a8-ep-422493-0-1] phase=Running ready=true
2026-04-16T17:13:33.4901148Z Worker [vllm-deepseek-v3-2-w8a8-ep-422493-0-2] phase=Pending ready=
2026-04-16T17:13:33.6201539Z Leader [vllm-deepseek-v3-2-w8a8-ep-422493-0] phase=Running ready=true
2026-04-16T17:13:35.7612263Z Worker [vllm-deepseek-v3-2-w8a8-ep-422493-0-1] phase=Running ready=true
2026-04-16T17:13:35.8826938Z Worker [vllm-deepseek-v3-2-w8a8-ep-422493-0-2] phase=Pending ready=
2026-04-16T17:13:36.0074345Z Leader [vllm-deepseek-v3-2-w8a8-ep-422493-0] phase=Running ready=true
2026-04-16T17:13:38.1836208Z Worker [vllm-deepseek-v3-2-w8a8-ep-422493-0-1] phase=Running ready=true
2026-04-16T17:13:38.3273037Z Worker [vllm-deepseek-v3-2-w8a8-ep-422493-0-2] phase=Pending ready=
2026-04-16T17:13:38.4601232Z Leader [vllm-deepseek-v3-2-w8a8-ep-422493-0] phase=Running ready=true
2026-04-16T17:13:40.6027437Z Worker [vllm-deepseek-v3-2-w8a8-ep-422493-0-1] phase=Running ready=true
2026-04-16T17:13:40.7327790Z Worker [vllm-deepseek-v3-2-w8a8-ep-422493-0-2] phase=Pending ready=
2026-04-16T17:13:40.8566479Z Leader [vllm-deepseek-v3-2-w8a8-ep-422493-0] phase=Running ready=true
2026-04-16T17:13:42.9792334Z Worker [vllm-deepseek-v3-2-w8a8-ep-422493-0-1] phase=Running ready=true
2026-04-16T17:13:43.1145007Z Worker [vllm-deepseek-v3-2-w8a8-ep-422493-0-2] phase=Pending ready=
2026-04-16T17:13:43.2416838Z Leader [vllm-deepseek-v3-2-w8a8-ep-422493-0] phase=Running ready=true
2026-04-16T17:13:45.3870478Z Worker [vllm-deepseek-v3-2-w8a8-ep-422493-0-1] phase=Running ready=true
2026-04-16T17:13:45.5070192Z Worker [vllm-deepseek-v3-2-w8a8-ep-422493-0-2] phase=Pending ready=
2026-04-16T17:13:45.6410188Z Leader [vllm-deepseek-v3-2-w8a8-ep-422493-0] phase=Running ready=true
2026-04-16T17:13:47.7741953Z Worker [vllm-deepseek-v3-2-w8a8-ep-422493-0-1] phase=Running ready=true
2026-04-16T17:13:47.8876347Z Worker [vllm-deepseek-v3-2-w8a8-ep-422493-0-2] phase=Pending ready=
2026-04-16T17:13:48.0070677Z Leader [vllm-deepseek-v3-2-w8a8-ep-422493-0] phase=Running ready=true
2026-04-16T17:13:50.1306030Z Worker [vllm-deepseek-v3-2-w8a8-ep-422493-0-1] phase=Running ready=true
2026-04-16T17:13:50.2434003Z Worker [vllm-deepseek-v3-2-w8a8-ep-422493-0-2] phase=Pending ready=
2026-04-16T17:13:50.3589744Z Leader [vllm-deepseek-v3-2-w8a8-ep-422493-0] phase=Running ready=true
2026-04-16T17:13:52.4889220Z Worker [vllm-deepseek-v3-2-w8a8-ep-422493-0-1] phase=Running ready=true
2026-04-16T17:13:52.6106961Z Worker [vllm-deepseek-v3-2-w8a8-ep-422493-0-2] phase=Pending ready=
2026-04-16T17:13:52.7580336Z Leader [vllm-deepseek-v3-2-w8a8-ep-422493-0] phase=Running ready=true
2026-04-16T17:13:54.8806674Z Worker [vllm-deepseek-v3-2-w8a8-ep-422493-0-1] phase=Running ready=true
2026-04-16T17:13:54.9982093Z Worker [vllm-deepseek-v3-2-w8a8-ep-422493-0-2] phase=Pending ready=
2026-04-16T17:13:55.1112329Z Leader [vllm-deepseek-v3-2-w8a8-ep-422493-0] phase=Running ready=true
2026-04-16T17:13:57.2303350Z Worker [vllm-deepseek-v3-2-w8a8-ep-422493-0-1] phase=Running ready=true
2026-04-16T17:13:57.3435523Z Worker [vllm-deepseek-v3-2-w8a8-ep-422493-0-2] phase=Pending ready=
2026-04-16T17:13:57.4632658Z Leader [vllm-deepseek-v3-2-w8a8-ep-422493-0] phase=Running ready=true
2026-04-16T17:13:59.5888499Z Worker [vllm-deepseek-v3-2-w8a8-ep-422493-0-1] phase=Running ready=true
2026-04-16T17:13:59.7086793Z Worker [vllm-deepseek-v3-2-w8a8-ep-422493-0-2] phase=Pending ready=
2026-04-16T17:13:59.8418303Z Leader [vllm-deepseek-v3-2-w8a8-ep-422493-0] phase=Running ready=true
2026-04-16T17:14:01.9783898Z Worker [vllm-deepseek-v3-2-w8a8-ep-422493-0-1] phase=Running ready=true
2026-04-16T17:14:02.0946457Z Worker [vllm-deepseek-v3-2-w8a8-ep-422493-0-2] phase=Pending ready=
2026-04-16T17:14:02.2185789Z Leader [vllm-deepseek-v3-2-w8a8-ep-422493-0] phase=Running ready=true
2026-04-16T17:14:04.3762382Z Worker [vllm-deepseek-v3-2-w8a8-ep-422493-0-1] phase=Running ready=true
2026-04-16T17:14:04.4906559Z Worker [vllm-deepseek-v3-2-w8a8-ep-422493-0-2] phase=Pending ready=
2026-04-16T17:14:04.6601546Z Leader [vllm-deepseek-v3-2-w8a8-ep-422493-0] phase=Running ready=true
2026-04-16T17:14:06.7801806Z Worker [vllm-deepseek-v3-2-w8a8-ep-422493-0-1] phase=Running ready=true
2026-04-16T17:14:06.8978863Z Worker [vllm-deepseek-v3-2-w8a8-ep-422493-0-2] phase=Pending ready=
2026-04-16T17:14:07.0073561Z Leader [vllm-deepseek-v3-2-w8a8-ep-422493-0] phase=Running ready=true
2026-04-16T17:14:09.1263109Z Worker [vllm-deepseek-v3-2-w8a8-ep-422493-0-1] phase=Running ready=true
2026-04-16T17:14:09.2435270Z Worker [vllm-deepseek-v3-2-w8a8-ep-422493-0-2] phase=Pending ready=
2026-04-16T17:14:09.3600988Z Leader [vllm-deepseek-v3-2-w8a8-ep-422493-0] phase=Running ready=true
2026-04-16T17:14:11.5070797Z Worker [vllm-deepseek-v3-2-w8a8-ep-422493-0-1] phase=Running ready=true
2026-04-16T17:14:11.6270532Z Worker [vllm-deepseek-v3-2-w8a8-ep-422493-0-2] phase=Pending ready=
2026-04-16T17:14:11.7456086Z Leader [vllm-deepseek-v3-2-w8a8-ep-422493-0] phase=Running ready=true
2026-04-16T17:14:13.8655957Z Worker [vllm-deepseek-v3-2-w8a8-ep-422493-0-1] phase=Running ready=true
2026-04-16T17:14:13.9827851Z Worker [vllm-deepseek-v3-2-w8a8-ep-422493-0-2] phase=Pending ready=
2026-04-16T17:14:14.0951516Z Leader [vllm-deepseek-v3-2-w8a8-ep-422493-0] phase=Running ready=true
2026-04-16T17:14:16.2101942Z Worker [vllm-deepseek-v3-2-w8a8-ep-422493-0-1] phase=Running ready=true
2026-04-16T17:14:16.3220268Z Worker [vllm-deepseek-v3-2-w8a8-ep-422493-0-2] phase=Pending ready=
2026-04-16T17:14:16.4363418Z Leader [vllm-deepseek-v3-2-w8a8-ep-422493-0] phase=Running ready=true
2026-04-16T17:14:18.5576127Z Worker [vllm-deepseek-v3-2-w8a8-ep-422493-0-1] phase=Running ready=true
2026-04-16T17:14:18.6800751Z Worker [vllm-deepseek-v3-2-w8a8-ep-422493-0-2] phase=Pending ready=
2026-04-16T17:14:18.7914895Z Leader [vllm-deepseek-v3-2-w8a8-ep-422493-0] phase=Running ready=true
2026-04-16T17:14:20.9206570Z Worker [vllm-deepseek-v3-2-w8a8-ep-422493-0-1] phase=Running ready=true
2026-04-16T17:14:21.0386898Z Worker [vllm-deepseek-v3-2-w8a8-ep-422493-0-2] phase=Pending ready=
2026-04-16T17:14:21.1561092Z Leader [vllm-deepseek-v3-2-w8a8-ep-422493-0] phase=Running ready=true
2026-04-16T17:14:23.2965763Z Worker [vllm-deepseek-v3-2-w8a8-ep-422493-0-1] phase=Running ready=true
2026-04-16T17:14:23.4124656Z Worker [vllm-deepseek-v3-2-w8a8-ep-422493-0-2] phase=Pending ready=
2026-04-16T17:14:23.5341148Z Leader [vllm-deepseek-v3-2-w8a8-ep-422493-0] phase=Running ready=true
2026-04-16T17:14:25.6643154Z Worker [vllm-deepseek-v3-2-w8a8-ep-422493-0-1] phase=Running ready=true
2026-04-16T17:14:25.7776881Z Worker [vllm-deepseek-v3-2-w8a8-ep-422493-0-2] phase=Pending ready=
2026-04-16T17:14:25.8987714Z Leader [vllm-deepseek-v3-2-w8a8-ep-422493-0] phase=Running ready=true
2026-04-16T17:14:28.0366258Z Worker [vllm-deepseek-v3-2-w8a8-ep-422493-0-1] phase=Running ready=true
2026-04-16T17:14:28.1634969Z Worker [vllm-deepseek-v3-2-w8a8-ep-422493-0-2] phase=Pending ready=
2026-04-16T17:14:28.2864816Z Leader [vllm-deepseek-v3-2-w8a8-ep-422493-0] phase=Running ready=true
2026-04-16T17:14:30.4191485Z Worker [vllm-deepseek-v3-2-w8a8-ep-422493-0-1] phase=Running ready=true
2026-04-16T17:14:30.5562486Z Worker [vllm-deepseek-v3-2-w8a8-ep-422493-0-2] phase=Pending ready=
2026-04-16T17:14:30.6744184Z Leader [vllm-deepseek-v3-2-w8a8-ep-422493-0] phase=Running ready=true
2026-04-16T17:14:32.7990999Z Worker [vllm-deepseek-v3-2-w8a8-ep-422493-0-1] phase=Running ready=true
2026-04-16T17:14:32.9121616Z Worker [vllm-deepseek-v3-2-w8a8-ep-422493-0-2] phase=Pending ready=
2026-04-16T17:14:33.0362174Z Leader [vllm-deepseek-v3-2-w8a8-ep-422493-0] phase=Running ready=true
2026-04-16T17:14:35.1674521Z Worker [vllm-deepseek-v3-2-w8a8-ep-422493-0-1] phase=Running ready=true
2026-04-16T17:14:35.2882954Z Worker [vllm-deepseek-v3-2-w8a8-ep-422493-0-2] phase=Pending ready=
2026-04-16T17:14:35.4272341Z Leader [vllm-deepseek-v3-2-w8a8-ep-422493-0] phase=Running ready=true
2026-04-16T17:14:37.5558957Z Worker [vllm-deepseek-v3-2-w8a8-ep-422493-0-1] phase=Running ready=true
2026-04-16T17:14:37.6704238Z Worker [vllm-deepseek-v3-2-w8a8-ep-422493-0-2] phase=Pending ready=
2026-04-16T17:14:37.7829801Z Leader [vllm-deepseek-v3-2-w8a8-ep-422493-0] phase=Running ready=true
2026-04-16T17:14:39.9086551Z Worker [vllm-deepseek-v3-2-w8a8-ep-422493-0-1] phase=Running ready=true
2026-04-16T17:14:40.0299316Z Worker [vllm-deepseek-v3-2-w8a8-ep-422493-0-2] phase=Pending ready=
2026-04-16T17:14:40.1471302Z Leader [vllm-deepseek-v3-2-w8a8-ep-422493-0] phase=Running ready=true
2026-04-16T17:14:42.2781479Z Worker [vllm-deepseek-v3-2-w8a8-ep-422493-0-1] phase=Running ready=true
2026-04-16T17:14:42.4009925Z Worker [vllm-deepseek-v3-2-w8a8-ep-422493-0-2] phase=Pending ready=
2026-04-16T17:14:42.5370096Z Leader [vllm-deepseek-v3-2-w8a8-ep-422493-0] phase=Running ready=true
2026-04-16T17:14:44.6653050Z Worker [vllm-deepseek-v3-2-w8a8-ep-422493-0-1] phase=Running ready=true
2026-04-16T17:14:44.7859065Z Worker [vllm-deepseek-v3-2-w8a8-ep-422493-0-2] phase=Pending ready=
2026-04-16T17:14:44.9062187Z Leader [vllm-deepseek-v3-2-w8a8-ep-422493-0] phase=Running ready=true
2026-04-16T17:14:47.0328262Z Worker [vllm-deepseek-v3-2-w8a8-ep-422493-0-1] phase=Running ready=true
2026-04-16T17:14:47.1446823Z Worker [vllm-deepseek-v3-2-w8a8-ep-422493-0-2] phase=Pending ready=
2026-04-16T17:14:47.2606649Z Leader [vllm-deepseek-v3-2-w8a8-ep-422493-0] phase=Running ready=true
2026-04-16T17:14:49.3786030Z Worker [vllm-deepseek-v3-2-w8a8-ep-422493-0-1] phase=Running ready=true
2026-04-16T17:14:49.4941978Z Worker [vllm-deepseek-v3-2-w8a8-ep-422493-0-2] phase=Pending ready=
2026-04-16T17:14:49.6229486Z Leader [vllm-deepseek-v3-2-w8a8-ep-422493-0] phase=Running ready=true
2026-04-16T17:14:51.7431587Z Worker [vllm-deepseek-v3-2-w8a8-ep-422493-0-1] phase=Running ready=true
2026-04-16T17:14:51.8566803Z Worker [vllm-deepseek-v3-2-w8a8-ep-422493-0-2] phase=Pending ready=
2026-04-16T17:14:51.9720639Z Leader [vllm-deepseek-v3-2-w8a8-ep-422493-0] phase=Running ready=true
2026-04-16T17:14:54.1011952Z Worker [vllm-deepseek-v3-2-w8a8-ep-422493-0-1] phase=Running ready=true
2026-04-16T17:14:54.2314771Z Worker [vllm-deepseek-v3-2-w8a8-ep-422493-0-2] phase=Pending ready=
2026-04-16T17:14:54.3467117Z Leader [vllm-deepseek-v3-2-w8a8-ep-422493-0] phase=Running ready=true
2026-04-16T17:14:56.4748038Z Worker [vllm-deepseek-v3-2-w8a8-ep-422493-0-1] phase=Running ready=true
2026-04-16T17:14:56.5967706Z Worker [vllm-deepseek-v3-2-w8a8-ep-422493-0-2] phase=Pending ready=
2026-04-16T17:14:56.7270200Z Leader [vllm-deepseek-v3-2-w8a8-ep-422493-0] phase=Running ready=true
2026-04-16T17:14:58.8636055Z Worker [vllm-deepseek-v3-2-w8a8-ep-422493-0-1] phase=Running ready=true
2026-04-16T17:14:58.9864969Z Worker [vllm-deepseek-v3-2-w8a8-ep-422493-0-2] phase=Pending ready=
2026-04-16T17:14:59.1060933Z Leader [vllm-deepseek-v3-2-w8a8-ep-422493-0] phase=Running ready=true
2026-04-16T17:15:01.2393502Z Worker [vllm-deepseek-v3-2-w8a8-ep-422493-0-1] phase=Running ready=true
2026-04-16T17:15:01.3769815Z Worker [vllm-deepseek-v3-2-w8a8-ep-422493-0-2] phase=Pending ready=
2026-04-16T17:15:01.5023582Z Leader [vllm-deepseek-v3-2-w8a8-ep-422493-0] phase=Running ready=true
2026-04-16T17:15:03.8825784Z Worker [vllm-deepseek-v3-2-w8a8-ep-422493-0-1] phase=Running ready=true
2026-04-16T17:15:04.0166278Z Worker [vllm-deepseek-v3-2-w8a8-ep-422493-0-2] phase=Pending ready=
2026-04-16T17:15:04.1557819Z Leader [vllm-deepseek-v3-2-w8a8-ep-422493-0] phase=Running ready=true
2026-04-16T17:15:06.3037087Z Worker [vllm-deepseek-v3-2-w8a8-ep-422493-0-1] phase=Running ready=true
2026-04-16T17:15:06.4372499Z Worker [vllm-deepseek-v3-2-w8a8-ep-422493-0-2] phase=Pending ready=
2026-04-16T17:15:06.5777868Z Leader [vllm-deepseek-v3-2-w8a8-ep-422493-0] phase=Running ready=true
2026-04-16T17:15:08.6998751Z Worker [vllm-deepseek-v3-2-w8a8-ep-422493-0-1] phase=Running ready=true
2026-04-16T17:15:08.8198159Z Worker [vllm-deepseek-v3-2-w8a8-ep-422493-0-2] phase=Pending ready=
2026-04-16T17:15:08.9403462Z Leader [vllm-deepseek-v3-2-w8a8-ep-422493-0] phase=Running ready=true
2026-04-16T17:15:11.0651438Z Worker [vllm-deepseek-v3-2-w8a8-ep-422493-0-1] phase=Running ready=true
2026-04-16T17:15:11.1865925Z Worker [vllm-deepseek-v3-2-w8a8-ep-422493-0-2] phase=Pending ready=
2026-04-16T17:15:11.3057470Z Leader [vllm-deepseek-v3-2-w8a8-ep-422493-0] phase=Running ready=true
2026-04-16T17:15:13.4541227Z Worker [vllm-deepseek-v3-2-w8a8-ep-422493-0-1] phase=Running ready=true
2026-04-16T17:15:13.5787732Z Worker [vllm-deepseek-v3-2-w8a8-ep-422493-0-2] phase=Pending ready=
2026-04-16T17:15:13.7052998Z Leader [vllm-deepseek-v3-2-w8a8-ep-422493-0] phase=Running ready=true
2026-04-16T17:15:15.8305512Z Worker [vllm-deepseek-v3-2-w8a8-ep-422493-0-1] phase=Running ready=true
2026-04-16T17:15:15.9531713Z Worker [vllm-deepseek-v3-2-w8a8-ep-422493-0-2] phase=Pending ready=
2026-04-16T17:15:16.0713331Z Leader [vllm-deepseek-v3-2-w8a8-ep-422493-0] phase=Running ready=true
2026-04-16T17:15:18.1936442Z Worker [vllm-deepseek-v3-2-w8a8-ep-422493-0-1] phase=Running ready=true
2026-04-16T17:15:18.3092732Z Worker [vllm-deepseek-v3-2-w8a8-ep-422493-0-2] phase=Pending ready=
2026-04-16T17:15:18.4351165Z Leader [vllm-deepseek-v3-2-w8a8-ep-422493-0] phase=Running ready=true
2026-04-16T17:15:20.5525238Z Worker [vllm-deepseek-v3-2-w8a8-ep-422493-0-1] phase=Running ready=true
2026-04-16T17:15:20.6726863Z Worker [vllm-deepseek-v3-2-w8a8-ep-422493-0-2] phase=Pending ready=
2026-04-16T17:15:20.7941810Z Leader [vllm-deepseek-v3-2-w8a8-ep-422493-0] phase=Running ready=true
2026-04-16T17:15:22.9224859Z Worker [vllm-deepseek-v3-2-w8a8-ep-422493-0-1] phase=Running ready=true
2026-04-16T17:15:23.0443259Z Worker [vllm-deepseek-v3-2-w8a8-ep-422493-0-2] phase=Pending ready=
2026-04-16T17:15:23.1700523Z Leader [vllm-deepseek-v3-2-w8a8-ep-422493-0] phase=Running ready=true
2026-04-16T17:15:25.2921707Z Worker [vllm-deepseek-v3-2-w8a8-ep-422493-0-1] phase=Running ready=true
2026-04-16T17:15:25.4204936Z Worker [vllm-deepseek-v3-2-w8a8-ep-422493-0-2] phase=Pending ready=
2026-04-16T17:15:25.5391448Z Leader [vllm-deepseek-v3-2-w8a8-ep-422493-0] phase=Running ready=true
2026-04-16T17:15:27.6629196Z Worker [vllm-deepseek-v3-2-w8a8-ep-422493-0-1] phase=Running ready=true
2026-04-16T17:15:27.7869184Z Worker [vllm-deepseek-v3-2-w8a8-ep-422493-0-2] phase=Pending ready=
2026-04-16T17:15:27.9051510Z Leader [vllm-deepseek-v3-2-w8a8-ep-422493-0] phase=Running ready=true
2026-04-16T17:15:30.0325507Z Worker [vllm-deepseek-v3-2-w8a8-ep-422493-0-1] phase=Running ready=true
2026-04-16T17:15:30.1763792Z Worker [vllm-deepseek-v3-2-w8a8-ep-422493-0-2] phase=Pending ready=
2026-04-16T17:15:30.3156926Z Leader [vllm-deepseek-v3-2-w8a8-ep-422493-0] phase=Running ready=true
2026-04-16T17:15:32.4515203Z Worker [vllm-deepseek-v3-2-w8a8-ep-422493-0-1] phase=Running ready=true
2026-04-16T17:15:32.5824083Z Worker [vllm-deepseek-v3-2-w8a8-ep-422493-0-2] phase=Pending ready=
2026-04-16T17:15:32.7001939Z Leader [vllm-deepseek-v3-2-w8a8-ep-422493-0] phase=Running ready=true
2026-04-16T17:15:34.8319266Z Worker [vllm-deepseek-v3-2-w8a8-ep-422493-0-1] phase=Running ready=true
2026-04-16T17:15:34.9478405Z Worker [vllm-deepseek-v3-2-w8a8-ep-422493-0-2] phase=Pending ready=
2026-04-16T17:15:35.0674876Z Leader [vllm-deepseek-v3-2-w8a8-ep-422493-0] phase=Running ready=true
2026-04-16T17:15:37.1865938Z Worker [vllm-deepseek-v3-2-w8a8-ep-422493-0-1] phase=Running ready=true
2026-04-16T17:15:37.3041167Z Worker [vllm-deepseek-v3-2-w8a8-ep-422493-0-2] phase=Pending ready=
2026-04-16T17:15:37.4303652Z Leader [vllm-deepseek-v3-2-w8a8-ep-422493-0] phase=Running ready=true
2026-04-16T17:15:39.5519160Z Worker [vllm-deepseek-v3-2-w8a8-ep-422493-0-1] phase=Running ready=true
2026-04-16T17:15:39.6650417Z Worker [vllm-deepseek-v3-2-w8a8-ep-422493-0-2] phase=Pending ready=
2026-04-16T17:15:39.7806373Z Leader [vllm-deepseek-v3-2-w8a8-ep-422493-0] phase=Running ready=true
2026-04-16T17:15:41.9084100Z Worker [vllm-deepseek-v3-2-w8a8-ep-422493-0-1] phase=Running ready=true
2026-04-16T17:15:42.0220053Z Worker [vllm-deepseek-v3-2-w8a8-ep-422493-0-2] phase=Pending ready=
2026-04-16T17:15:42.1459382Z Leader [vllm-deepseek-v3-2-w8a8-ep-422493-0] phase=Running ready=true
2026-04-16T17:15:44.2780374Z Worker [vllm-deepseek-v3-2-w8a8-ep-422493-0-1] phase=Running ready=true
2026-04-16T17:15:44.3956874Z Worker [vllm-deepseek-v3-2-w8a8-ep-422493-0-2] phase=Pending ready=
2026-04-16T17:15:44.5141941Z Leader [vllm-deepseek-v3-2-w8a8-ep-422493-0] phase=Running ready=true
2026-04-16T17:15:46.6378349Z Worker [vllm-deepseek-v3-2-w8a8-ep-422493-0-1] phase=Running ready=true
2026-04-16T17:15:46.7617147Z Worker [vllm-deepseek-v3-2-w8a8-ep-422493-0-2] phase=Pending ready=
2026-04-16T17:15:46.8878744Z Leader [vllm-deepseek-v3-2-w8a8-ep-422493-0] phase=Running ready=true
2026-04-16T17:15:49.0106364Z Worker [vllm-deepseek-v3-2-w8a8-ep-422493-0-1] phase=Running ready=true
2026-04-16T17:15:49.1431074Z Worker [vllm-deepseek-v3-2-w8a8-ep-422493-0-2] phase=Pending ready=
2026-04-16T17:15:49.2667196Z Leader [vllm-deepseek-v3-2-w8a8-ep-422493-0] phase=Running ready=true
2026-04-16T17:15:51.3906876Z Worker [vllm-deepseek-v3-2-w8a8-ep-422493-0-1] phase=Running ready=true
2026-04-16T17:15:51.5086338Z Worker [vllm-deepseek-v3-2-w8a8-ep-422493-0-2] phase=Pending ready=
2026-04-16T17:15:51.6268957Z Leader [vllm-deepseek-v3-2-w8a8-ep-422493-0] phase=Running ready=true
2026-04-16T17:15:53.7571959Z Worker [vllm-deepseek-v3-2-w8a8-ep-422493-0-1] phase=Running ready=true
2026-04-16T17:15:53.8776146Z Worker [vllm-deepseek-v3-2-w8a8-ep-422493-0-2] phase=Pending ready=
2026-04-16T17:15:53.9969286Z Leader [vllm-deepseek-v3-2-w8a8-ep-422493-0] phase=Running ready=true
2026-04-16T17:15:56.1201692Z Worker [vllm-deepseek-v3-2-w8a8-ep-422493-0-1] phase=Running ready=true
2026-04-16T17:15:56.2361475Z Worker [vllm-deepseek-v3-2-w8a8-ep-422493-0-2] phase=Pending ready=
2026-04-16T17:15:56.3701009Z Leader [vllm-deepseek-v3-2-w8a8-ep-422493-0] phase=Running ready=true
2026-04-16T17:15:58.4900712Z Worker [vllm-deepseek-v3-2-w8a8-ep-422493-0-1] phase=Running ready=true
2026-04-16T17:15:58.6029375Z Worker [vllm-deepseek-v3-2-w8a8-ep-422493-0-2] phase=Pending ready=
2026-04-16T17:15:58.7261134Z Leader [vllm-deepseek-v3-2-w8a8-ep-422493-0] phase=Running ready=true
2026-04-16T17:16:00.8454992Z Worker [vllm-deepseek-v3-2-w8a8-ep-422493-0-1] phase=Running ready=true
2026-04-16T17:16:00.9857085Z Worker [vllm-deepseek-v3-2-w8a8-ep-422493-0-2] phase=Pending ready=
2026-04-16T17:16:01.0990990Z Leader [vllm-deepseek-v3-2-w8a8-ep-422493-0] phase=Running ready=true
2026-04-16T17:16:03.2345928Z Worker [vllm-deepseek-v3-2-w8a8-ep-422493-0-1] phase=Running ready=true
2026-04-16T17:16:03.3499953Z Worker [vllm-deepseek-v3-2-w8a8-ep-422493-0-2] phase=Pending ready=
2026-04-16T17:16:03.4690587Z Leader [vllm-deepseek-v3-2-w8a8-ep-422493-0] phase=Running ready=true
2026-04-16T17:16:05.5934800Z Worker [vllm-deepseek-v3-2-w8a8-ep-422493-0-1] phase=Running ready=true
2026-04-16T17:16:05.7143110Z Worker [vllm-deepseek-v3-2-w8a8-ep-422493-0-2] phase=Pending ready=
2026-04-16T17:16:05.8313232Z Leader [vllm-deepseek-v3-2-w8a8-ep-422493-0] phase=Running ready=true
2026-04-16T17:16:07.9547503Z Worker [vllm-deepseek-v3-2-w8a8-ep-422493-0-1] phase=Running ready=true
2026-04-16T17:16:08.0776499Z Worker [vllm-deepseek-v3-2-w8a8-ep-422493-0-2] phase=Pending ready=
2026-04-16T17:16:08.2124623Z Leader [vllm-deepseek-v3-2-w8a8-ep-422493-0] phase=Running ready=true
2026-04-16T17:16:10.3397856Z Worker [vllm-deepseek-v3-2-w8a8-ep-422493-0-1] phase=Running ready=true
2026-04-16T17:16:10.4613898Z Worker [vllm-deepseek-v3-2-w8a8-ep-422493-0-2] phase=Pending ready=
2026-04-16T17:16:10.5882792Z Leader [vllm-deepseek-v3-2-w8a8-ep-422493-0] phase=Running ready=true
2026-04-16T17:16:12.7135849Z Worker [vllm-deepseek-v3-2-w8a8-ep-422493-0-1] phase=Running ready=true
2026-04-16T17:16:12.8305587Z Worker [vllm-deepseek-v3-2-w8a8-ep-422493-0-2] phase=Pending ready=
2026-04-16T17:16:12.9457640Z Leader [vllm-deepseek-v3-2-w8a8-ep-422493-0] phase=Running ready=true
2026-04-16T17:16:15.0679725Z Worker [vllm-deepseek-v3-2-w8a8-ep-422493-0-1] phase=Running ready=true
2026-04-16T17:16:15.1892930Z Worker [vllm-deepseek-v3-2-w8a8-ep-422493-0-2] phase=Pending ready=
2026-04-16T17:16:15.3032575Z Leader [vllm-deepseek-v3-2-w8a8-ep-422493-0] phase=Running ready=true
2026-04-16T17:16:17.4382039Z Worker [vllm-deepseek-v3-2-w8a8-ep-422493-0-1] phase=Running ready=true
2026-04-16T17:16:17.5667425Z Worker [vllm-deepseek-v3-2-w8a8-ep-422493-0-2] phase=Pending ready=
2026-04-16T17:16:17.6871905Z Leader [vllm-deepseek-v3-2-w8a8-ep-422493-0] phase=Running ready=true
2026-04-16T17:16:19.8114828Z Worker [vllm-deepseek-v3-2-w8a8-ep-422493-0-1] phase=Running ready=true
2026-04-16T17:16:19.9256691Z Worker [vllm-deepseek-v3-2-w8a8-ep-422493-0-2] phase=Pending ready=
2026-04-16T17:16:20.0465497Z Leader [vllm-deepseek-v3-2-w8a8-ep-422493-0] phase=Running ready=true
2026-04-16T17:16:22.1739128Z Worker [vllm-deepseek-v3-2-w8a8-ep-422493-0-1] phase=Running ready=true
2026-04-16T17:16:22.3003729Z Worker [vllm-deepseek-v3-2-w8a8-ep-422493-0-2] phase=Pending ready=
2026-04-16T17:16:22.4175118Z Leader [vllm-deepseek-v3-2-w8a8-ep-422493-0] phase=Running ready=true
2026-04-16T17:16:24.5349555Z Worker [vllm-deepseek-v3-2-w8a8-ep-422493-0-1] phase=Running ready=true
2026-04-16T17:16:24.6537561Z Worker [vllm-deepseek-v3-2-w8a8-ep-422493-0-2] phase=Pending ready=
2026-04-16T17:16:24.7689493Z Leader [vllm-deepseek-v3-2-w8a8-ep-422493-0] phase=Running ready=true
2026-04-16T17:16:26.8842198Z Worker [vllm-deepseek-v3-2-w8a8-ep-422493-0-1] phase=Running ready=true
2026-04-16T17:16:26.9980384Z Worker [vllm-deepseek-v3-2-w8a8-ep-422493-0-2] phase=Pending ready=
2026-04-16T17:16:27.1104304Z Leader [vllm-deepseek-v3-2-w8a8-ep-422493-0] phase=Running ready=true
2026-04-16T17:16:29.2388962Z Worker [vllm-deepseek-v3-2-w8a8-ep-422493-0-1] phase=Running ready=true
2026-04-16T17:16:29.3575625Z Worker [vllm-deepseek-v3-2-w8a8-ep-422493-0-2] phase=Pending ready=
2026-04-16T17:16:29.4828679Z Leader [vllm-deepseek-v3-2-w8a8-ep-422493-0] phase=Running ready=true
2026-04-16T17:16:31.6033334Z Worker [vllm-deepseek-v3-2-w8a8-ep-422493-0-1] phase=Running ready=true
2026-04-16T17:16:31.7217363Z Worker [vllm-deepseek-v3-2-w8a8-ep-422493-0-2] phase=Pending ready=
2026-04-16T17:16:31.8521605Z Leader [vllm-deepseek-v3-2-w8a8-ep-422493-0] phase=Running ready=true
2026-04-16T17:16:33.9679681Z Worker [vllm-deepseek-v3-2-w8a8-ep-422493-0-1] phase=Running ready=true
2026-04-16T17:16:34.1005164Z Worker [vllm-deepseek-v3-2-w8a8-ep-422493-0-2] phase=Pending ready=
2026-04-16T17:16:34.2146902Z Leader [vllm-deepseek-v3-2-w8a8-ep-422493-0] phase=Running ready=true
2026-04-16T17:16:36.3294452Z Worker [vllm-deepseek-v3-2-w8a8-ep-422493-0-1] phase=Running ready=true
2026-04-16T17:16:36.4456001Z Worker [vllm-deepseek-v3-2-w8a8-ep-422493-0-2] phase=Pending ready=
2026-04-16T17:16:36.5595980Z Leader [vllm-deepseek-v3-2-w8a8-ep-422493-0] phase=Running ready=true
2026-04-16T17:16:38.6759320Z Worker [vllm-deepseek-v3-2-w8a8-ep-422493-0-1] phase=Running ready=true
2026-04-16T17:16:38.7859244Z Worker [vllm-deepseek-v3-2-w8a8-ep-422493-0-2] phase=Pending ready=
2026-04-16T17:16:38.8994961Z Leader [vllm-deepseek-v3-2-w8a8-ep-422493-0] phase=Running ready=true
2026-04-16T17:16:41.0312609Z Worker [vllm-deepseek-v3-2-w8a8-ep-422493-0-1] phase=Running ready=true
2026-04-16T17:16:41.1473725Z Worker [vllm-deepseek-v3-2-w8a8-ep-422493-0-2] phase=Pending ready=
2026-04-16T17:16:41.2664380Z Leader [vllm-deepseek-v3-2-w8a8-ep-422493-0] phase=Running ready=true
2026-04-16T17:16:43.3860928Z Worker [vllm-deepseek-v3-2-w8a8-ep-422493-0-1] phase=Running ready=true
2026-04-16T17:16:43.4999592Z Worker [vllm-deepseek-v3-2-w8a8-ep-422493-0-2] phase=Pending ready=
2026-04-16T17:16:43.6183365Z Leader [vllm-deepseek-v3-2-w8a8-ep-422493-0] phase=Running ready=true
2026-04-16T17:16:45.7362763Z Worker [vllm-deepseek-v3-2-w8a8-ep-422493-0-1] phase=Running ready=true
2026-04-16T17:16:45.8523186Z Worker [vllm-deepseek-v3-2-w8a8-ep-422493-0-2] phase=Pending ready=
2026-04-16T17:16:45.9724445Z Leader [vllm-deepseek-v3-2-w8a8-ep-422493-0] phase=Running ready=true
2026-04-16T17:16:48.0893455Z Worker [vllm-deepseek-v3-2-w8a8-ep-422493-0-1] phase=Running ready=true
2026-04-16T17:16:48.2042673Z Worker [vllm-deepseek-v3-2-w8a8-ep-422493-0-2] phase=Pending ready=
2026-04-16T17:16:48.3231037Z Leader [vllm-deepseek-v3-2-w8a8-ep-422493-0] phase=Running ready=true
2026-04-16T17:16:50.4448616Z Worker [vllm-deepseek-v3-2-w8a8-ep-422493-0-1] phase=Running ready=true
2026-04-16T17:16:50.5555325Z Worker [vllm-deepseek-v3-2-w8a8-ep-422493-0-2] phase=Pending ready=
2026-04-16T17:16:50.6775877Z Leader [vllm-deepseek-v3-2-w8a8-ep-422493-0] phase=Running ready=true
2026-04-16T17:16:52.8071090Z Worker [vllm-deepseek-v3-2-w8a8-ep-422493-0-1] phase=Running ready=true
2026-04-16T17:16:52.9331484Z Worker [vllm-deepseek-v3-2-w8a8-ep-422493-0-2] phase=Pending ready=
2026-04-16T17:16:53.0537829Z Leader [vllm-deepseek-v3-2-w8a8-ep-422493-0] phase=Running ready=true
2026-04-16T17:16:55.1866029Z Worker [vllm-deepseek-v3-2-w8a8-ep-422493-0-1] phase=Running ready=true
2026-04-16T17:16:55.3096392Z Worker [vllm-deepseek-v3-2-w8a8-ep-422493-0-2] phase=Pending ready=
2026-04-16T17:16:55.4272973Z Leader [vllm-deepseek-v3-2-w8a8-ep-422493-0] phase=Running ready=true
2026-04-16T17:16:57.5481319Z Worker [vllm-deepseek-v3-2-w8a8-ep-422493-0-1] phase=Running ready=true
2026-04-16T17:16:57.6711612Z Worker [vllm-deepseek-v3-2-w8a8-ep-422493-0-2] phase=Pending ready=
2026-04-16T17:16:57.7872683Z Leader [vllm-deepseek-v3-2-w8a8-ep-422493-0] phase=Running ready=true
2026-04-16T17:16:59.9138963Z Worker [vllm-deepseek-v3-2-w8a8-ep-422493-0-1] phase=Running ready=true
2026-04-16T17:17:00.0318223Z Worker [vllm-deepseek-v3-2-w8a8-ep-422493-0-2] phase=Pending ready=
2026-04-16T17:17:00.1603158Z Leader [vllm-deepseek-v3-2-w8a8-ep-422493-0] phase=Running ready=true
2026-04-16T17:17:02.2829480Z Worker [vllm-deepseek-v3-2-w8a8-ep-422493-0-1] phase=Running ready=true
2026-04-16T17:17:02.4096260Z Worker [vllm-deepseek-v3-2-w8a8-ep-422493-0-2] phase=Pending ready=
2026-04-16T17:17:02.5319632Z Leader [vllm-deepseek-v3-2-w8a8-ep-422493-0] phase=Running ready=true
2026-04-16T17:17:04.6619621Z Worker [vllm-deepseek-v3-2-w8a8-ep-422493-0-1] phase=Running ready=true
2026-04-16T17:17:04.8001571Z Worker [vllm-deepseek-v3-2-w8a8-ep-422493-0-2] phase=Pending ready=
2026-04-16T17:17:04.9245134Z Leader [vllm-deepseek-v3-2-w8a8-ep-422493-0] phase=Running ready=true
2026-04-16T17:17:07.0493768Z Worker [vllm-deepseek-v3-2-w8a8-ep-422493-0-1] phase=Running ready=true
2026-04-16T17:17:07.1763717Z Worker [vllm-deepseek-v3-2-w8a8-ep-422493-0-2] phase=Pending ready=
2026-04-16T17:17:07.2953188Z Leader [vllm-deepseek-v3-2-w8a8-ep-422493-0] phase=Running ready=true
2026-04-16T17:17:09.4230172Z Worker [vllm-deepseek-v3-2-w8a8-ep-422493-0-1] phase=Running ready=true
2026-04-16T17:17:09.5402028Z Worker [vllm-deepseek-v3-2-w8a8-ep-422493-0-2] phase=Pending ready=
2026-04-16T17:17:09.6727559Z Leader [vllm-deepseek-v3-2-w8a8-ep-422493-0] phase=Running ready=true
2026-04-16T17:17:11.7918156Z Worker [vllm-deepseek-v3-2-w8a8-ep-422493-0-1] phase=Running ready=true
2026-04-16T17:17:11.9110739Z Worker [vllm-deepseek-v3-2-w8a8-ep-422493-0-2] phase=Pending ready=
2026-04-16T17:17:12.0332635Z Leader [vllm-deepseek-v3-2-w8a8-ep-422493-0] phase=Running ready=true
2026-04-16T17:17:14.1562631Z Worker [vllm-deepseek-v3-2-w8a8-ep-422493-0-1] phase=Running ready=true
2026-04-16T17:17:14.2793407Z Worker [vllm-deepseek-v3-2-w8a8-ep-422493-0-2] phase=Pending ready=
2026-04-16T17:17:14.3944326Z Leader [vllm-deepseek-v3-2-w8a8-ep-422493-0] phase=Running ready=true
2026-04-16T17:17:16.5344106Z Worker [vllm-deepseek-v3-2-w8a8-ep-422493-0-1] phase=Running ready=true
2026-04-16T17:17:16.6511783Z Worker [vllm-deepseek-v3-2-w8a8-ep-422493-0-2] phase=Pending ready=
2026-04-16T17:17:16.7784236Z Leader [vllm-deepseek-v3-2-w8a8-ep-422493-0] phase=Running ready=true
2026-04-16T17:17:18.9004972Z Worker [vllm-deepseek-v3-2-w8a8-ep-422493-0-1] phase=Running ready=true
2026-04-16T17:17:19.0084724Z Worker [vllm-deepseek-v3-2-w8a8-ep-422493-0-2] phase=Pending ready=
2026-04-16T17:17:19.1332272Z Leader [vllm-deepseek-v3-2-w8a8-ep-422493-0] phase=Running ready=true
2026-04-16T17:17:21.2515778Z Worker [vllm-deepseek-v3-2-w8a8-ep-422493-0-1] phase=Running ready=true
2026-04-16T17:17:21.3671420Z Worker [vllm-deepseek-v3-2-w8a8-ep-422493-0-2] phase=Pending ready=
2026-04-16T17:17:21.4859191Z Leader [vllm-deepseek-v3-2-w8a8-ep-422493-0] phase=Running ready=true
2026-04-16T17:17:23.6093403Z Worker [vllm-deepseek-v3-2-w8a8-ep-422493-0-1] phase=Running ready=true
2026-04-16T17:17:23.7283561Z Worker [vllm-deepseek-v3-2-w8a8-ep-422493-0-2] phase=Pending ready=
2026-04-16T17:17:23.8519925Z Leader [vllm-deepseek-v3-2-w8a8-ep-422493-0] phase=Running ready=true
2026-04-16T17:17:25.9797002Z Worker [vllm-deepseek-v3-2-w8a8-ep-422493-0-1] phase=Running ready=true
2026-04-16T17:17:26.1031543Z Worker [vllm-deepseek-v3-2-w8a8-ep-422493-0-2] phase=Pending ready=
2026-04-16T17:17:26.2317308Z Leader [vllm-deepseek-v3-2-w8a8-ep-422493-0] phase=Running ready=true
2026-04-16T17:17:28.3629272Z Worker [vllm-deepseek-v3-2-w8a8-ep-422493-0-1] phase=Running ready=true
2026-04-16T17:17:28.4925372Z Worker [vllm-deepseek-v3-2-w8a8-ep-422493-0-2] phase=Pending ready=
2026-04-16T17:17:28.6171776Z Leader [vllm-deepseek-v3-2-w8a8-ep-422493-0] phase=Running ready=true
2026-04-16T17:17:30.7627367Z Worker [vllm-deepseek-v3-2-w8a8-ep-422493-0-1] phase=Running ready=true
2026-04-16T17:17:30.8872799Z Worker [vllm-deepseek-v3-2-w8a8-ep-422493-0-2] phase=Pending ready=
2026-04-16T17:17:31.0199434Z Leader [vllm-deepseek-v3-2-w8a8-ep-422493-0] phase=Running ready=true
2026-04-16T17:17:33.1513388Z Worker [vllm-deepseek-v3-2-w8a8-ep-422493-0-1] phase=Running ready=true
2026-04-16T17:17:33.2773484Z Worker [vllm-deepseek-v3-2-w8a8-ep-422493-0-2] phase=Pending ready=
2026-04-16T17:17:33.3963745Z Leader [vllm-deepseek-v3-2-w8a8-ep-422493-0] phase=Running ready=true
2026-04-16T17:17:35.6663272Z Worker [vllm-deepseek-v3-2-w8a8-ep-422493-0-1] phase=Running ready=true
2026-04-16T17:17:35.7944699Z Worker [vllm-deepseek-v3-2-w8a8-ep-422493-0-2] phase=Pending ready=
2026-04-16T17:17:35.9297562Z Leader [vllm-deepseek-v3-2-w8a8-ep-422493-0] phase=Running ready=true
2026-04-16T17:17:38.0555959Z Worker [vllm-deepseek-v3-2-w8a8-ep-422493-0-1] phase=Running ready=true
2026-04-16T17:17:38.1801425Z Worker [vllm-deepseek-v3-2-w8a8-ep-422493-0-2] phase=Pending ready=
2026-04-16T17:17:38.3156135Z Leader [vllm-deepseek-v3-2-w8a8-ep-422493-0] phase=Running ready=true
2026-04-16T17:17:40.4352500Z Worker [vllm-deepseek-v3-2-w8a8-ep-422493-0-1] phase=Running ready=true
2026-04-16T17:17:40.5655464Z Worker [vllm-deepseek-v3-2-w8a8-ep-422493-0-2] phase=Pending ready=
2026-04-16T17:17:40.6830558Z Leader [vllm-deepseek-v3-2-w8a8-ep-422493-0] phase=Running ready=true
2026-04-16T17:17:42.8069786Z Worker [vllm-deepseek-v3-2-w8a8-ep-422493-0-1] phase=Running ready=true
2026-04-16T17:17:42.9327238Z Worker [vllm-deepseek-v3-2-w8a8-ep-422493-0-2] phase=Pending ready=
2026-04-16T17:17:43.0543100Z Leader [vllm-deepseek-v3-2-w8a8-ep-422493-0] phase=Running ready=true
2026-04-16T17:17:45.1838685Z Worker [vllm-deepseek-v3-2-w8a8-ep-422493-0-1] phase=Running ready=true
2026-04-16T17:17:45.3068537Z Worker [vllm-deepseek-v3-2-w8a8-ep-422493-0-2] phase=Pending ready=
2026-04-16T17:17:45.4309347Z Leader [vllm-deepseek-v3-2-w8a8-ep-422493-0] phase=Running ready=true
2026-04-16T17:17:47.5503406Z Worker [vllm-deepseek-v3-2-w8a8-ep-422493-0-1] phase=Running ready=true
2026-04-16T17:17:47.6773573Z Worker [vllm-deepseek-v3-2-w8a8-ep-422493-0-2] phase=Pending ready=
2026-04-16T17:17:47.8133370Z Leader [vllm-deepseek-v3-2-w8a8-ep-422493-0] phase=Running ready=true
2026-04-16T17:17:49.9342363Z Worker [vllm-deepseek-v3-2-w8a8-ep-422493-0-1] phase=Running ready=true
2026-04-16T17:17:50.0619076Z Worker [vllm-deepseek-v3-2-w8a8-ep-422493-0-2] phase=Pending ready=
2026-04-16T17:17:50.1834519Z Leader [vllm-deepseek-v3-2-w8a8-ep-422493-0] phase=Running ready=true
2026-04-16T17:17:52.3120385Z Worker [vllm-deepseek-v3-2-w8a8-ep-422493-0-1] phase=Running ready=true
2026-04-16T17:17:52.4327500Z Worker [vllm-deepseek-v3-2-w8a8-ep-422493-0-2] phase=Pending ready=
2026-04-16T17:17:52.5541729Z Leader [vllm-deepseek-v3-2-w8a8-ep-422493-0] phase=Running ready=true
2026-04-16T17:17:54.6784164Z Worker [vllm-deepseek-v3-2-w8a8-ep-422493-0-1] phase=Running ready=true
2026-04-16T17:17:54.7930495Z Worker [vllm-deepseek-v3-2-w8a8-ep-422493-0-2] phase=Pending ready=
2026-04-16T17:17:54.9144415Z Leader [vllm-deepseek-v3-2-w8a8-ep-422493-0] phase=Running ready=true
2026-04-16T17:17:57.0387342Z Worker [vllm-deepseek-v3-2-w8a8-ep-422493-0-1] phase=Running ready=true
2026-04-16T17:17:57.1569206Z Worker [vllm-deepseek-v3-2-w8a8-ep-422493-0-2] phase=Pending ready=
2026-04-16T17:17:57.2712474Z Leader [vllm-deepseek-v3-2-w8a8-ep-422493-0] phase=Running ready=true
2026-04-16T17:17:59.3948796Z Worker [vllm-deepseek-v3-2-w8a8-ep-422493-0-1] phase=Running ready=true
2026-04-16T17:17:59.5126857Z Worker [vllm-deepseek-v3-2-w8a8-ep-422493-0-2] phase=Pending ready=
2026-04-16T17:17:59.6263874Z Leader [vllm-deepseek-v3-2-w8a8-ep-422493-0] phase=Running ready=true
2026-04-16T17:18:01.7582035Z Worker [vllm-deepseek-v3-2-w8a8-ep-422493-0-1] phase=Running ready=true
2026-04-16T17:18:01.8799997Z Worker [vllm-deepseek-v3-2-w8a8-ep-422493-0-2] phase=Pending ready=
2026-04-16T17:18:01.9965772Z Leader [vllm-deepseek-v3-2-w8a8-ep-422493-0] phase=Running ready=true
2026-04-16T17:18:04.1337705Z Worker [vllm-deepseek-v3-2-w8a8-ep-422493-0-1] phase=Running ready=true
2026-04-16T17:18:04.2829649Z Worker [vllm-deepseek-v3-2-w8a8-ep-422493-0-2] phase=Pending ready=
2026-04-16T17:18:04.4032660Z Leader [vllm-deepseek-v3-2-w8a8-ep-422493-0] phase=Running ready=true
2026-04-16T17:18:06.5361473Z Worker [vllm-deepseek-v3-2-w8a8-ep-422493-0-1] phase=Running ready=true
2026-04-16T17:18:06.6678333Z Worker [vllm-deepseek-v3-2-w8a8-ep-422493-0-2] phase=Pending ready=
2026-04-16T17:18:06.7916954Z Leader [vllm-deepseek-v3-2-w8a8-ep-422493-0] phase=Running ready=true
2026-04-16T17:18:08.9166501Z Worker [vllm-deepseek-v3-2-w8a8-ep-422493-0-1] phase=Running ready=true
2026-04-16T17:18:09.0308389Z Worker [vllm-deepseek-v3-2-w8a8-ep-422493-0-2] phase=Pending ready=
2026-04-16T17:18:09.1421235Z Leader [vllm-deepseek-v3-2-w8a8-ep-422493-0] phase=Running ready=true
2026-04-16T17:18:11.2703514Z Worker [vllm-deepseek-v3-2-w8a8-ep-422493-0-1] phase=Running ready=true
2026-04-16T17:18:11.3855948Z Worker [vllm-deepseek-v3-2-w8a8-ep-422493-0-2] phase=Pending ready=
2026-04-16T17:18:11.5060728Z Leader [vllm-deepseek-v3-2-w8a8-ep-422493-0] phase=Running ready=true
2026-04-16T17:18:13.6303061Z Worker [vllm-deepseek-v3-2-w8a8-ep-422493-0-1] phase=Running ready=true
2026-04-16T17:18:13.7444306Z Worker [vllm-deepseek-v3-2-w8a8-ep-422493-0-2] phase=Pending ready=
2026-04-16T17:18:13.8602816Z Leader [vllm-deepseek-v3-2-w8a8-ep-422493-0] phase=Running ready=true
2026-04-16T17:18:15.9828481Z Worker [vllm-deepseek-v3-2-w8a8-ep-422493-0-1] phase=Running ready=true
2026-04-16T17:18:16.1069747Z Worker [vllm-deepseek-v3-2-w8a8-ep-422493-0-2] phase=Pending ready=
2026-04-16T17:18:16.2383720Z Leader [vllm-deepseek-v3-2-w8a8-ep-422493-0] phase=Running ready=true
2026-04-16T17:18:18.3637685Z Worker [vllm-deepseek-v3-2-w8a8-ep-422493-0-1] phase=Running ready=true
2026-04-16T17:18:18.4841864Z Worker [vllm-deepseek-v3-2-w8a8-ep-422493-0-2] phase=Pending ready=
2026-04-16T17:18:18.6004493Z Leader [vllm-deepseek-v3-2-w8a8-ep-422493-0] phase=Running ready=true
2026-04-16T17:18:20.7243324Z Worker [vllm-deepseek-v3-2-w8a8-ep-422493-0-1] phase=Running ready=true
2026-04-16T17:18:20.8433335Z Worker [vllm-deepseek-v3-2-w8a8-ep-422493-0-2] phase=Pending ready=
2026-04-16T17:18:20.9746819Z Leader [vllm-deepseek-v3-2-w8a8-ep-422493-0] phase=Running ready=true
2026-04-16T17:18:23.1043258Z Worker [vllm-deepseek-v3-2-w8a8-ep-422493-0-1] phase=Running ready=true
2026-04-16T17:18:23.2219209Z Worker [vllm-deepseek-v3-2-w8a8-ep-422493-0-2] phase=Pending ready=
2026-04-16T17:18:23.3456243Z Leader [vllm-deepseek-v3-2-w8a8-ep-422493-0] phase=Running ready=true
2026-04-16T17:18:25.4766463Z Worker [vllm-deepseek-v3-2-w8a8-ep-422493-0-1] phase=Running ready=true
2026-04-16T17:18:25.5975724Z Worker [vllm-deepseek-v3-2-w8a8-ep-422493-0-2] phase=Pending ready=
2026-04-16T17:18:25.7141544Z Leader [vllm-deepseek-v3-2-w8a8-ep-422493-0] phase=Running ready=true
2026-04-16T17:18:27.8381287Z Worker [vllm-deepseek-v3-2-w8a8-ep-422493-0-1] phase=Running ready=true
2026-04-16T17:18:27.9691947Z Worker [vllm-deepseek-v3-2-w8a8-ep-422493-0-2] phase=Pending ready=
2026-04-16T17:18:28.0839253Z Leader [vllm-deepseek-v3-2-w8a8-ep-422493-0] phase=Running ready=true
2026-04-16T17:18:30.2190151Z Worker [vllm-deepseek-v3-2-w8a8-ep-422493-0-1] phase=Running ready=true
2026-04-16T17:18:30.3557409Z Worker [vllm-deepseek-v3-2-w8a8-ep-422493-0-2] phase=Pending ready=
2026-04-16T17:18:30.4880833Z Leader [vllm-deepseek-v3-2-w8a8-ep-422493-0] phase=Running ready=true
2026-04-16T17:18:32.6164854Z Worker [vllm-deepseek-v3-2-w8a8-ep-422493-0-1] phase=Running ready=true
2026-04-16T17:18:32.7467934Z Worker [vllm-deepseek-v3-2-w8a8-ep-422493-0-2] phase=Pending ready=
2026-04-16T17:18:32.8821015Z Leader [vllm-deepseek-v3-2-w8a8-ep-422493-0] phase=Running ready=true
2026-04-16T17:18:35.0065302Z Worker [vllm-deepseek-v3-2-w8a8-ep-422493-0-1] phase=Running ready=true
2026-04-16T17:18:35.1220207Z Worker [vllm-deepseek-v3-2-w8a8-ep-422493-0-2] phase=Pending ready=
2026-04-16T17:18:35.2497739Z Leader [vllm-deepseek-v3-2-w8a8-ep-422493-0] phase=Running ready=true
2026-04-16T17:18:37.3757345Z Worker [vllm-deepseek-v3-2-w8a8-ep-422493-0-1] phase=Running ready=true
2026-04-16T17:18:37.4962852Z Worker [vllm-deepseek-v3-2-w8a8-ep-422493-0-2] phase=Pending ready=
2026-04-16T17:18:37.6132294Z Leader [vllm-deepseek-v3-2-w8a8-ep-422493-0] phase=Running ready=true
2026-04-16T17:18:39.7346788Z Worker [vllm-deepseek-v3-2-w8a8-ep-422493-0-1] phase=Running ready=true
2026-04-16T17:18:39.8521271Z Worker [vllm-deepseek-v3-2-w8a8-ep-422493-0-2] phase=Pending ready=
2026-04-16T17:18:39.9672914Z Leader [vllm-deepseek-v3-2-w8a8-ep-422493-0] phase=Running ready=true
2026-04-16T17:18:42.0963663Z Worker [vllm-deepseek-v3-2-w8a8-ep-422493-0-1] phase=Running ready=true
2026-04-16T17:18:42.2113209Z Worker [vllm-deepseek-v3-2-w8a8-ep-422493-0-2] phase=Pending ready=
2026-04-16T17:18:42.3293966Z Leader [vllm-deepseek-v3-2-w8a8-ep-422493-0] phase=Running ready=true
2026-04-16T17:18:44.4692174Z Worker [vllm-deepseek-v3-2-w8a8-ep-422493-0-1] phase=Running ready=true
2026-04-16T17:18:44.5817943Z Worker [vllm-deepseek-v3-2-w8a8-ep-422493-0-2] phase=Pending ready=
2026-04-16T17:18:44.7018287Z Leader [vllm-deepseek-v3-2-w8a8-ep-422493-0] phase=Running ready=true
2026-04-16T17:18:46.8262957Z Worker [vllm-deepseek-v3-2-w8a8-ep-422493-0-1] phase=Running ready=true
2026-04-16T17:18:46.9422099Z Worker [vllm-deepseek-v3-2-w8a8-ep-422493-0-2] phase=Pending ready=
2026-04-16T17:18:47.0576565Z Leader [vllm-deepseek-v3-2-w8a8-ep-422493-0] phase=Running ready=true
2026-04-16T17:18:49.1796534Z Worker [vllm-deepseek-v3-2-w8a8-ep-422493-0-1] phase=Running ready=true
2026-04-16T17:18:49.2859959Z Worker [vllm-deepseek-v3-2-w8a8-ep-422493-0-2] phase=Pending ready=
2026-04-16T17:18:49.4085954Z Leader [vllm-deepseek-v3-2-w8a8-ep-422493-0] phase=Running ready=true
2026-04-16T17:18:51.5319039Z Worker [vllm-deepseek-v3-2-w8a8-ep-422493-0-1] phase=Running ready=true
2026-04-16T17:18:51.6610908Z Worker [vllm-deepseek-v3-2-w8a8-ep-422493-0-2] phase=Pending ready=
2026-04-16T17:18:51.7817436Z Leader [vllm-deepseek-v3-2-w8a8-ep-422493-0] phase=Running ready=true
2026-04-16T17:18:53.8926305Z Worker [vllm-deepseek-v3-2-w8a8-ep-422493-0-1] phase=Running ready=true
2026-04-16T17:18:54.0191307Z Worker [vllm-deepseek-v3-2-w8a8-ep-422493-0-2] phase=Pending ready=
2026-04-16T17:18:54.1363938Z Leader [vllm-deepseek-v3-2-w8a8-ep-422493-0] phase=Running ready=true
2026-04-16T17:18:56.2567616Z Worker [vllm-deepseek-v3-2-w8a8-ep-422493-0-1] phase=Running ready=true
2026-04-16T17:18:56.3729612Z Worker [vllm-deepseek-v3-2-w8a8-ep-422493-0-2] phase=Pending ready=
2026-04-16T17:18:56.5018720Z Leader [vllm-deepseek-v3-2-w8a8-ep-422493-0] phase=Running ready=true
2026-04-16T17:18:58.6299813Z Worker [vllm-deepseek-v3-2-w8a8-ep-422493-0-1] phase=Running ready=true
2026-04-16T17:18:58.7590545Z Worker [vllm-deepseek-v3-2-w8a8-ep-422493-0-2] phase=Pending ready=
2026-04-16T17:18:58.8753344Z Leader [vllm-deepseek-v3-2-w8a8-ep-422493-0] phase=Running ready=true
2026-04-16T17:19:01.0091812Z Worker [vllm-deepseek-v3-2-w8a8-ep-422493-0-1] phase=Running ready=true
2026-04-16T17:19:01.1260951Z Worker [vllm-deepseek-v3-2-w8a8-ep-422493-0-2] phase=Pending ready=
2026-04-16T17:19:01.2456032Z Leader [vllm-deepseek-v3-2-w8a8-ep-422493-0] phase=Running ready=true
2026-04-16T17:19:03.3812111Z Worker [vllm-deepseek-v3-2-w8a8-ep-422493-0-1] phase=Running ready=true
2026-04-16T17:19:03.4945521Z Worker [vllm-deepseek-v3-2-w8a8-ep-422493-0-2] phase=Pending ready=
2026-04-16T17:19:03.6227920Z Leader [vllm-deepseek-v3-2-w8a8-ep-422493-0] phase=Running ready=true
2026-04-16T17:19:05.7481887Z Worker [vllm-deepseek-v3-2-w8a8-ep-422493-0-1] phase=Running ready=true
2026-04-16T17:19:05.8697867Z Worker [vllm-deepseek-v3-2-w8a8-ep-422493-0-2] phase=Pending ready=
2026-04-16T17:19:05.9850298Z Leader [vllm-deepseek-v3-2-w8a8-ep-422493-0] phase=Running ready=true
2026-04-16T17:19:08.1000683Z Worker [vllm-deepseek-v3-2-w8a8-ep-422493-0-1] phase=Running ready=true
2026-04-16T17:19:08.2200944Z Worker [vllm-deepseek-v3-2-w8a8-ep-422493-0-2] phase=Pending ready=
2026-04-16T17:19:08.3481799Z Leader [vllm-deepseek-v3-2-w8a8-ep-422493-0] phase=Running ready=true
2026-04-16T17:19:10.4785500Z Worker [vllm-deepseek-v3-2-w8a8-ep-422493-0-1] phase=Running ready=true
2026-04-16T17:19:10.5958135Z Worker [vllm-deepseek-v3-2-w8a8-ep-422493-0-2] phase=Pending ready=
2026-04-16T17:19:10.7259183Z Leader [vllm-deepseek-v3-2-w8a8-ep-422493-0] phase=Running ready=true
2026-04-16T17:19:12.8619229Z Worker [vllm-deepseek-v3-2-w8a8-ep-422493-0-1] phase=Running ready=true
2026-04-16T17:19:12.9891865Z Worker [vllm-deepseek-v3-2-w8a8-ep-422493-0-2] phase=Pending ready=
2026-04-16T17:19:13.1052258Z Leader [vllm-deepseek-v3-2-w8a8-ep-422493-0] phase=Running ready=true
2026-04-16T17:19:15.2240194Z Worker [vllm-deepseek-v3-2-w8a8-ep-422493-0-1] phase=Running ready=true
2026-04-16T17:19:15.3393599Z Worker [vllm-deepseek-v3-2-w8a8-ep-422493-0-2] phase=Pending ready=
2026-04-16T17:19:15.4802930Z Leader [vllm-deepseek-v3-2-w8a8-ep-422493-0] phase=Running ready=true
2026-04-16T17:19:17.6047225Z Worker [vllm-deepseek-v3-2-w8a8-ep-422493-0-1] phase=Running ready=true
2026-04-16T17:19:17.7265734Z Worker [vllm-deepseek-v3-2-w8a8-ep-422493-0-2] phase=Pending ready=
2026-04-16T17:19:17.8416097Z Leader [vllm-deepseek-v3-2-w8a8-ep-422493-0] phase=Running ready=true
2026-04-16T17:19:19.9799797Z Worker [vllm-deepseek-v3-2-w8a8-ep-422493-0-1] phase=Running ready=true
2026-04-16T17:19:20.1225840Z Worker [vllm-deepseek-v3-2-w8a8-ep-422493-0-2] phase=Pending ready=
2026-04-16T17:19:20.2378459Z Leader [vllm-deepseek-v3-2-w8a8-ep-422493-0] phase=Running ready=true
2026-04-16T17:19:22.3603502Z Worker [vllm-deepseek-v3-2-w8a8-ep-422493-0-1] phase=Running ready=true
2026-04-16T17:19:22.4784449Z Worker [vllm-deepseek-v3-2-w8a8-ep-422493-0-2] phase=Pending ready=
2026-04-16T17:19:22.6106626Z Leader [vllm-deepseek-v3-2-w8a8-ep-422493-0] phase=Running ready=true
2026-04-16T17:19:24.7274480Z Worker [vllm-deepseek-v3-2-w8a8-ep-422493-0-1] phase=Running ready=true
2026-04-16T17:19:24.8454568Z Worker [vllm-deepseek-v3-2-w8a8-ep-422493-0-2] phase=Pending ready=
2026-04-16T17:19:24.9615096Z Leader [vllm-deepseek-v3-2-w8a8-ep-422493-0] phase=Running ready=true
2026-04-16T17:19:27.0847997Z Worker [vllm-deepseek-v3-2-w8a8-ep-422493-0-1] phase=Running ready=true
2026-04-16T17:19:27.2133314Z Worker [vllm-deepseek-v3-2-w8a8-ep-422493-0-2] phase=Pending ready=
2026-04-16T17:19:27.3392124Z Leader [vllm-deepseek-v3-2-w8a8-ep-422493-0] phase=Running ready=true
2026-04-16T17:19:29.4662862Z Worker [vllm-deepseek-v3-2-w8a8-ep-422493-0-1] phase=Running ready=true
2026-04-16T17:19:29.5889049Z Worker [vllm-deepseek-v3-2-w8a8-ep-422493-0-2] phase=Pending ready=
2026-04-16T17:19:29.7201977Z Leader [vllm-deepseek-v3-2-w8a8-ep-422493-0] phase=Running ready=true
2026-04-16T17:19:31.8447590Z Worker [vllm-deepseek-v3-2-w8a8-ep-422493-0-1] phase=Running ready=true
2026-04-16T17:19:31.9630984Z Worker [vllm-deepseek-v3-2-w8a8-ep-422493-0-2] phase=Pending ready=
2026-04-16T17:19:32.0796074Z Leader [vllm-deepseek-v3-2-w8a8-ep-422493-0] phase=Running ready=true
2026-04-16T17:19:34.2104024Z Worker [vllm-deepseek-v3-2-w8a8-ep-422493-0-1] phase=Running ready=true
2026-04-16T17:19:34.3453578Z Worker [vllm-deepseek-v3-2-w8a8-ep-422493-0-2] phase=Pending ready=
2026-04-16T17:19:34.4974047Z Leader [vllm-deepseek-v3-2-w8a8-ep-422493-0] phase=Running ready=true
2026-04-16T17:19:36.6193053Z Worker [vllm-deepseek-v3-2-w8a8-ep-422493-0-1] phase=Running ready=true
2026-04-16T17:19:36.7389227Z Worker [vllm-deepseek-v3-2-w8a8-ep-422493-0-2] phase=Pending ready=
2026-04-16T17:19:37.0666919Z Leader [vllm-deepseek-v3-2-w8a8-ep-422493-0] phase=Running ready=true
2026-04-16T17:19:39.1931734Z Worker [vllm-deepseek-v3-2-w8a8-ep-422493-0-1] phase=Running ready=true
2026-04-16T17:19:39.3145207Z Worker [vllm-deepseek-v3-2-w8a8-ep-422493-0-2] phase=Pending ready=
2026-04-16T17:19:39.4412311Z Leader [vllm-deepseek-v3-2-w8a8-ep-422493-0] phase=Running ready=true
2026-04-16T17:19:41.5792344Z Worker [vllm-deepseek-v3-2-w8a8-ep-422493-0-1] phase=Running ready=true
2026-04-16T17:19:41.6948731Z Worker [vllm-deepseek-v3-2-w8a8-ep-422493-0-2] phase=Pending ready=
2026-04-16T17:19:41.8176448Z Leader [vllm-deepseek-v3-2-w8a8-ep-422493-0] phase=Running ready=true
2026-04-16T17:19:43.9446048Z Worker [vllm-deepseek-v3-2-w8a8-ep-422493-0-1] phase=Running ready=true
2026-04-16T17:19:44.0620857Z Worker [vllm-deepseek-v3-2-w8a8-ep-422493-0-2] phase=Pending ready=
2026-04-16T17:19:44.2992233Z Leader [vllm-deepseek-v3-2-w8a8-ep-422493-0] phase=Running ready=true
2026-04-16T17:19:46.4450184Z Worker [vllm-deepseek-v3-2-w8a8-ep-422493-0-1] phase=Running ready=true
2026-04-16T17:19:46.5845802Z Worker [vllm-deepseek-v3-2-w8a8-ep-422493-0-2] phase=Pending ready=
2026-04-16T17:19:46.7316523Z Leader [vllm-deepseek-v3-2-w8a8-ep-422493-0] phase=Running ready=true
2026-04-16T17:19:48.8726767Z Worker [vllm-deepseek-v3-2-w8a8-ep-422493-0-1] phase=Running ready=true
2026-04-16T17:19:48.9937568Z Worker [vllm-deepseek-v3-2-w8a8-ep-422493-0-2] phase=Pending ready=
2026-04-16T17:19:49.1330198Z Leader [vllm-deepseek-v3-2-w8a8-ep-422493-0] phase=Running ready=true
2026-04-16T17:19:51.2901933Z Worker [vllm-deepseek-v3-2-w8a8-ep-422493-0-1] phase=Running ready=true
2026-04-16T17:19:51.4213031Z Worker [vllm-deepseek-v3-2-w8a8-ep-422493-0-2] phase=Pending ready=
2026-04-16T17:19:51.5486953Z Leader [vllm-deepseek-v3-2-w8a8-ep-422493-0] phase=Running ready=true
2026-04-16T17:19:53.6975608Z Worker [vllm-deepseek-v3-2-w8a8-ep-422493-0-1] phase=Running ready=true
2026-04-16T17:19:53.8296125Z Worker [vllm-deepseek-v3-2-w8a8-ep-422493-0-2] phase=Pending ready=
2026-04-16T17:19:53.9642423Z Leader [vllm-deepseek-v3-2-w8a8-ep-422493-0] phase=Running ready=true
2026-04-16T17:19:56.1027114Z Worker [vllm-deepseek-v3-2-w8a8-ep-422493-0-1] phase=Running ready=true
2026-04-16T17:19:56.2317325Z Worker [vllm-deepseek-v3-2-w8a8-ep-422493-0-2] phase=Pending ready=
2026-04-16T17:19:56.3570531Z Leader [vllm-deepseek-v3-2-w8a8-ep-422493-0] phase=Running ready=true
2026-04-16T17:19:58.4898792Z Worker [vllm-deepseek-v3-2-w8a8-ep-422493-0-1] phase=Running ready=true
2026-04-16T17:19:58.6325215Z Worker [vllm-deepseek-v3-2-w8a8-ep-422493-0-2] phase=Pending ready=
2026-04-16T17:19:58.7638738Z Leader [vllm-deepseek-v3-2-w8a8-ep-422493-0] phase=Running ready=true
2026-04-16T17:20:00.8999970Z Worker [vllm-deepseek-v3-2-w8a8-ep-422493-0-1] phase=Running ready=true
2026-04-16T17:20:01.0285196Z Worker [vllm-deepseek-v3-2-w8a8-ep-422493-0-2] phase=Pending ready=
2026-04-16T17:20:01.1661468Z Leader [vllm-deepseek-v3-2-w8a8-ep-422493-0] phase=Running ready=true
2026-04-16T17:20:03.5225063Z Worker [vllm-deepseek-v3-2-w8a8-ep-422493-0-1] phase=Running ready=true
2026-04-16T17:20:03.6472101Z Worker [vllm-deepseek-v3-2-w8a8-ep-422493-0-2] phase=Pending ready=
2026-04-16T17:20:03.7731593Z Leader [vllm-deepseek-v3-2-w8a8-ep-422493-0] phase=Running ready=true
2026-04-16T17:20:05.8928230Z Worker [vllm-deepseek-v3-2-w8a8-ep-422493-0-1] phase=Running ready=true
2026-04-16T17:20:06.0163248Z Worker [vllm-deepseek-v3-2-w8a8-ep-422493-0-2] phase=Pending ready=
2026-04-16T17:20:06.1404032Z Leader [vllm-deepseek-v3-2-w8a8-ep-422493-0] phase=Running ready=true
2026-04-16T17:20:08.2753534Z Worker [vllm-deepseek-v3-2-w8a8-ep-422493-0-1] phase=Running ready=true
2026-04-16T17:20:08.4120555Z Worker [vllm-deepseek-v3-2-w8a8-ep-422493-0-2] phase=Pending ready=
2026-04-16T17:20:08.5332855Z Leader [vllm-deepseek-v3-2-w8a8-ep-422493-0] phase=Running ready=true
2026-04-16T17:20:10.6669619Z Worker [vllm-deepseek-v3-2-w8a8-ep-422493-0-1] phase=Running ready=true
2026-04-16T17:20:10.7852084Z Worker [vllm-deepseek-v3-2-w8a8-ep-422493-0-2] phase=Pending ready=
2026-04-16T17:20:10.9061332Z Leader [vllm-deepseek-v3-2-w8a8-ep-422493-0] phase=Running ready=true
2026-04-16T17:20:13.0274991Z Worker [vllm-deepseek-v3-2-w8a8-ep-422493-0-1] phase=Running ready=true
2026-04-16T17:20:13.1417854Z Worker [vllm-deepseek-v3-2-w8a8-ep-422493-0-2] phase=Pending ready=
2026-04-16T17:20:13.2767667Z Leader [vllm-deepseek-v3-2-w8a8-ep-422493-0] phase=Running ready=true
2026-04-16T17:20:15.4105308Z Worker [vllm-deepseek-v3-2-w8a8-ep-422493-0-1] phase=Running ready=true
2026-04-16T17:20:15.5387897Z Worker [vllm-deepseek-v3-2-w8a8-ep-422493-0-2] phase=Pending ready=
2026-04-16T17:20:15.6518725Z Leader [vllm-deepseek-v3-2-w8a8-ep-422493-0] phase=Running ready=true
2026-04-16T17:20:17.7994156Z Worker [vllm-deepseek-v3-2-w8a8-ep-422493-0-1] phase=Running ready=true
2026-04-16T17:20:17.9150171Z Worker [vllm-deepseek-v3-2-w8a8-ep-422493-0-2] phase=Pending ready=
2026-04-16T17:20:18.0409492Z Leader [vllm-deepseek-v3-2-w8a8-ep-422493-0] phase=Running ready=true
2026-04-16T17:20:20.1810105Z Worker [vllm-deepseek-v3-2-w8a8-ep-422493-0-1] phase=Running ready=true
2026-04-16T17:20:20.3051975Z Worker [vllm-deepseek-v3-2-w8a8-ep-422493-0-2] phase=Pending ready=
2026-04-16T17:20:20.4397352Z Leader [vllm-deepseek-v3-2-w8a8-ep-422493-0] phase=Running ready=true
2026-04-16T17:20:22.5670538Z Worker [vllm-deepseek-v3-2-w8a8-ep-422493-0-1] phase=Running ready=true
2026-04-16T17:20:22.6826572Z Worker [vllm-deepseek-v3-2-w8a8-ep-422493-0-2] phase=Pending ready=
2026-04-16T17:20:22.8084871Z Leader [vllm-deepseek-v3-2-w8a8-ep-422493-0] phase=Running ready=true
2026-04-16T17:20:24.9458517Z Worker [vllm-deepseek-v3-2-w8a8-ep-422493-0-1] phase=Running ready=true
2026-04-16T17:20:25.0702868Z Worker [vllm-deepseek-v3-2-w8a8-ep-422493-0-2] phase=Pending ready=
2026-04-16T17:20:25.2034820Z Leader [vllm-deepseek-v3-2-w8a8-ep-422493-0] phase=Running ready=true
2026-04-16T17:20:27.3465766Z Worker [vllm-deepseek-v3-2-w8a8-ep-422493-0-1] phase=Running ready=true
2026-04-16T17:20:27.4706231Z Worker [vllm-deepseek-v3-2-w8a8-ep-422493-0-2] phase=Pending ready=
2026-04-16T17:20:27.5898883Z Leader [vllm-deepseek-v3-2-w8a8-ep-422493-0] phase=Running ready=true
2026-04-16T17:20:29.7199585Z Worker [vllm-deepseek-v3-2-w8a8-ep-422493-0-1] phase=Running ready=true
2026-04-16T17:20:29.8414245Z Worker [vllm-deepseek-v3-2-w8a8-ep-422493-0-2] phase=Pending ready=
2026-04-16T17:20:29.9750040Z Leader [vllm-deepseek-v3-2-w8a8-ep-422493-0] phase=Running ready=true
2026-04-16T17:20:32.1110197Z Worker [vllm-deepseek-v3-2-w8a8-ep-422493-0-1] phase=Running ready=true
2026-04-16T17:20:32.2299264Z Worker [vllm-deepseek-v3-2-w8a8-ep-422493-0-2] phase=Pending ready=
2026-04-16T17:20:32.3506266Z Leader [vllm-deepseek-v3-2-w8a8-ep-422493-0] phase=Running ready=true
2026-04-16T17:20:34.4758337Z Worker [vllm-deepseek-v3-2-w8a8-ep-422493-0-1] phase=Running ready=true
2026-04-16T17:20:34.5914965Z Worker [vllm-deepseek-v3-2-w8a8-ep-422493-0-2] phase=Pending ready=
2026-04-16T17:20:34.7077211Z Leader [vllm-deepseek-v3-2-w8a8-ep-422493-0] phase=Running ready=true
2026-04-16T17:20:36.8380291Z Worker [vllm-deepseek-v3-2-w8a8-ep-422493-0-1] phase=Running ready=true
2026-04-16T17:20:36.9749031Z Worker [vllm-deepseek-v3-2-w8a8-ep-422493-0-2] phase=Pending ready=
2026-04-16T17:20:37.0909297Z Leader [vllm-deepseek-v3-2-w8a8-ep-422493-0] phase=Running ready=true
2026-04-16T17:20:39.2133722Z Worker [vllm-deepseek-v3-2-w8a8-ep-422493-0-1] phase=Running ready=true
2026-04-16T17:20:39.3483278Z Worker [vllm-deepseek-v3-2-w8a8-ep-422493-0-2] phase=Pending ready=
2026-04-16T17:20:39.4713732Z Leader [vllm-deepseek-v3-2-w8a8-ep-422493-0] phase=Running ready=true
2026-04-16T17:20:41.6034086Z Worker [vllm-deepseek-v3-2-w8a8-ep-422493-0-1] phase=Running ready=true
2026-04-16T17:20:41.7328854Z Worker [vllm-deepseek-v3-2-w8a8-ep-422493-0-2] phase=Pending ready=
2026-04-16T17:20:41.8610275Z Leader [vllm-deepseek-v3-2-w8a8-ep-422493-0] phase=Running ready=true
2026-04-16T17:20:43.9848955Z Worker [vllm-deepseek-v3-2-w8a8-ep-422493-0-1] phase=Running ready=true
2026-04-16T17:20:44.1174135Z Worker [vllm-deepseek-v3-2-w8a8-ep-422493-0-2] phase=Pending ready=
2026-04-16T17:20:44.2451712Z Leader [vllm-deepseek-v3-2-w8a8-ep-422493-0] phase=Running ready=true
2026-04-16T17:20:46.3835659Z Worker [vllm-deepseek-v3-2-w8a8-ep-422493-0-1] phase=Running ready=true
2026-04-16T17:20:46.5168829Z Worker [vllm-deepseek-v3-2-w8a8-ep-422493-0-2] phase=Pending ready=
2026-04-16T17:20:46.6442479Z Leader [vllm-deepseek-v3-2-w8a8-ep-422493-0] phase=Running ready=true
2026-04-16T17:20:48.7791542Z Worker [vllm-deepseek-v3-2-w8a8-ep-422493-0-1] phase=Running ready=true
2026-04-16T17:20:48.9055423Z Worker [vllm-deepseek-v3-2-w8a8-ep-422493-0-2] phase=Pending ready=
2026-04-16T17:20:49.0388956Z Leader [vllm-deepseek-v3-2-w8a8-ep-422493-0] phase=Running ready=true
2026-04-16T17:20:51.1720907Z Worker [vllm-deepseek-v3-2-w8a8-ep-422493-0-1] phase=Running ready=true
2026-04-16T17:20:51.3032651Z Worker [vllm-deepseek-v3-2-w8a8-ep-422493-0-2] phase=Pending ready=
2026-04-16T17:20:51.4284726Z Leader [vllm-deepseek-v3-2-w8a8-ep-422493-0] phase=Running ready=true
2026-04-16T17:20:53.5593432Z Worker [vllm-deepseek-v3-2-w8a8-ep-422493-0-1] phase=Running ready=true
2026-04-16T17:20:53.6834142Z Worker [vllm-deepseek-v3-2-w8a8-ep-422493-0-2] phase=Pending ready=
2026-04-16T17:20:53.8091077Z Leader [vllm-deepseek-v3-2-w8a8-ep-422493-0] phase=Running ready=true
2026-04-16T17:20:55.9435393Z Worker [vllm-deepseek-v3-2-w8a8-ep-422493-0-1] phase=Running ready=true
2026-04-16T17:20:56.0697026Z Worker [vllm-deepseek-v3-2-w8a8-ep-422493-0-2] phase=Pending ready=
2026-04-16T17:20:56.1888515Z Leader [vllm-deepseek-v3-2-w8a8-ep-422493-0] phase=Running ready=true
2026-04-16T17:20:58.3064174Z Worker [vllm-deepseek-v3-2-w8a8-ep-422493-0-1] phase=Running ready=true
2026-04-16T17:20:58.4301485Z Worker [vllm-deepseek-v3-2-w8a8-ep-422493-0-2] phase=Pending ready=
2026-04-16T17:20:58.5526014Z Leader [vllm-deepseek-v3-2-w8a8-ep-422493-0] phase=Running ready=true
2026-04-16T17:21:00.6752848Z Worker [vllm-deepseek-v3-2-w8a8-ep-422493-0-1] phase=Running ready=true
2026-04-16T17:21:00.8027968Z Worker [vllm-deepseek-v3-2-w8a8-ep-422493-0-2] phase=Pending ready=
2026-04-16T17:21:00.9307340Z Leader [vllm-deepseek-v3-2-w8a8-ep-422493-0] phase=Running ready=true
2026-04-16T17:21:03.0664028Z Worker [vllm-deepseek-v3-2-w8a8-ep-422493-0-1] phase=Running ready=true
2026-04-16T17:21:03.1890622Z Worker [vllm-deepseek-v3-2-w8a8-ep-422493-0-2] phase=Pending ready=
2026-04-16T17:21:03.3040415Z Leader [vllm-deepseek-v3-2-w8a8-ep-422493-0] phase=Running ready=true
2026-04-16T17:21:05.4211882Z Worker [vllm-deepseek-v3-2-w8a8-ep-422493-0-1] phase=Running ready=true
2026-04-16T17:21:05.5478984Z Worker [vllm-deepseek-v3-2-w8a8-ep-422493-0-2] phase=Pending ready=
2026-04-16T17:21:05.6688357Z Leader [vllm-deepseek-v3-2-w8a8-ep-422493-0] phase=Running ready=true
2026-04-16T17:21:07.7904414Z Worker [vllm-deepseek-v3-2-w8a8-ep-422493-0-1] phase=Running ready=true
2026-04-16T17:21:07.9076277Z Worker [vllm-deepseek-v3-2-w8a8-ep-422493-0-2] phase=Pending ready=
2026-04-16T17:21:08.0289318Z Leader [vllm-deepseek-v3-2-w8a8-ep-422493-0] phase=Running ready=true
2026-04-16T17:21:10.1461141Z Worker [vllm-deepseek-v3-2-w8a8-ep-422493-0-1] phase=Running ready=true
2026-04-16T17:21:10.2628133Z Worker [vllm-deepseek-v3-2-w8a8-ep-422493-0-2] phase=Pending ready=
2026-04-16T17:21:10.3876427Z Leader [vllm-deepseek-v3-2-w8a8-ep-422493-0] phase=Running ready=true
2026-04-16T17:21:12.5078129Z Worker [vllm-deepseek-v3-2-w8a8-ep-422493-0-1] phase=Running ready=true
2026-04-16T17:21:12.6211403Z Worker [vllm-deepseek-v3-2-w8a8-ep-422493-0-2] phase=Pending ready=
2026-04-16T17:21:12.7409705Z Leader [vllm-deepseek-v3-2-w8a8-ep-422493-0] phase=Running ready=true
2026-04-16T17:21:14.8705838Z Worker [vllm-deepseek-v3-2-w8a8-ep-422493-0-1] phase=Running ready=true
2026-04-16T17:21:14.9930825Z Worker [vllm-deepseek-v3-2-w8a8-ep-422493-0-2] phase=Pending ready=
2026-04-16T17:21:15.1132785Z Leader [vllm-deepseek-v3-2-w8a8-ep-422493-0] phase=Running ready=true
2026-04-16T17:21:17.2309101Z Worker [vllm-deepseek-v3-2-w8a8-ep-422493-0-1] phase=Running ready=true
2026-04-16T17:21:17.3608645Z Worker [vllm-deepseek-v3-2-w8a8-ep-422493-0-2] phase=Pending ready=
2026-04-16T17:21:17.4824899Z Leader [vllm-deepseek-v3-2-w8a8-ep-422493-0] phase=Running ready=true
2026-04-16T17:21:19.6125831Z Worker [vllm-deepseek-v3-2-w8a8-ep-422493-0-1] phase=Running ready=true
2026-04-16T17:21:19.7227379Z Worker [vllm-deepseek-v3-2-w8a8-ep-422493-0-2] phase=Pending ready=
2026-04-16T17:21:19.8403638Z Leader [vllm-deepseek-v3-2-w8a8-ep-422493-0] phase=Running ready=true
2026-04-16T17:21:21.9648321Z Worker [vllm-deepseek-v3-2-w8a8-ep-422493-0-1] phase=Running ready=true
2026-04-16T17:21:22.0815581Z Worker [vllm-deepseek-v3-2-w8a8-ep-422493-0-2] phase=Pending ready=
2026-04-16T17:21:22.1938140Z Leader [vllm-deepseek-v3-2-w8a8-ep-422493-0] phase=Running ready=true
2026-04-16T17:21:24.3260478Z Worker [vllm-deepseek-v3-2-w8a8-ep-422493-0-1] phase=Running ready=true
2026-04-16T17:21:24.4447531Z Worker [vllm-deepseek-v3-2-w8a8-ep-422493-0-2] phase=Pending ready=
2026-04-16T17:21:24.5676358Z Leader [vllm-deepseek-v3-2-w8a8-ep-422493-0] phase=Running ready=true
2026-04-16T17:21:26.6917800Z Worker [vllm-deepseek-v3-2-w8a8-ep-422493-0-1] phase=Running ready=true
2026-04-16T17:21:26.8091475Z Worker [vllm-deepseek-v3-2-w8a8-ep-422493-0-2] phase=Pending ready=
2026-04-16T17:21:26.9284120Z Leader [vllm-deepseek-v3-2-w8a8-ep-422493-0] phase=Running ready=true
2026-04-16T17:21:29.0621157Z Worker [vllm-deepseek-v3-2-w8a8-ep-422493-0-1] phase=Running ready=true
2026-04-16T17:21:29.1794589Z Worker [vllm-deepseek-v3-2-w8a8-ep-422493-0-2] phase=Pending ready=
2026-04-16T17:21:29.2971500Z Leader [vllm-deepseek-v3-2-w8a8-ep-422493-0] phase=Running ready=true
2026-04-16T17:21:31.4270195Z Worker [vllm-deepseek-v3-2-w8a8-ep-422493-0-1] phase=Running ready=true
2026-04-16T17:21:31.5440413Z Worker [vllm-deepseek-v3-2-w8a8-ep-422493-0-2] phase=Pending ready=
2026-04-16T17:21:31.6600767Z Leader [vllm-deepseek-v3-2-w8a8-ep-422493-0] phase=Running ready=true
2026-04-16T17:21:33.7967273Z Worker [vllm-deepseek-v3-2-w8a8-ep-422493-0-1] phase=Running ready=true
2026-04-16T17:21:33.9182490Z Worker [vllm-deepseek-v3-2-w8a8-ep-422493-0-2] phase=Pending ready=
2026-04-16T17:21:34.0353143Z Leader [vllm-deepseek-v3-2-w8a8-ep-422493-0] phase=Running ready=true
2026-04-16T17:21:36.1740569Z Worker [vllm-deepseek-v3-2-w8a8-ep-422493-0-1] phase=Running ready=true
2026-04-16T17:21:36.2904385Z Worker [vllm-deepseek-v3-2-w8a8-ep-422493-0-2] phase=Pending ready=
2026-04-16T17:21:36.4141403Z Leader [vllm-deepseek-v3-2-w8a8-ep-422493-0] phase=Running ready=true
2026-04-16T17:21:38.5388162Z Worker [vllm-deepseek-v3-2-w8a8-ep-422493-0-1] phase=Running ready=true
2026-04-16T17:21:38.6546816Z Worker [vllm-deepseek-v3-2-w8a8-ep-422493-0-2] phase=Pending ready=
2026-04-16T17:21:38.7850165Z Leader [vllm-deepseek-v3-2-w8a8-ep-422493-0] phase=Running ready=true
2026-04-16T17:21:40.9191511Z Worker [vllm-deepseek-v3-2-w8a8-ep-422493-0-1] phase=Running ready=true
2026-04-16T17:21:41.0386354Z Worker [vllm-deepseek-v3-2-w8a8-ep-422493-0-2] phase=Pending ready=
2026-04-16T17:21:41.1568417Z Leader [vllm-deepseek-v3-2-w8a8-ep-422493-0] phase=Running ready=true
2026-04-16T17:21:43.2924313Z Worker [vllm-deepseek-v3-2-w8a8-ep-422493-0-1] phase=Running ready=true
2026-04-16T17:21:43.4112401Z Worker [vllm-deepseek-v3-2-w8a8-ep-422493-0-2] phase=Pending ready=
2026-04-16T17:21:43.5342243Z Leader [vllm-deepseek-v3-2-w8a8-ep-422493-0] phase=Running ready=true
2026-04-16T17:21:45.6626166Z Worker [vllm-deepseek-v3-2-w8a8-ep-422493-0-1] phase=Running ready=true
2026-04-16T17:21:45.7871594Z Worker [vllm-deepseek-v3-2-w8a8-ep-422493-0-2] phase=Pending ready=
2026-04-16T17:21:45.9063394Z Leader [vllm-deepseek-v3-2-w8a8-ep-422493-0] phase=Running ready=true
2026-04-16T17:21:48.0298238Z Worker [vllm-deepseek-v3-2-w8a8-ep-422493-0-1] phase=Running ready=true
2026-04-16T17:21:48.1404449Z Worker [vllm-deepseek-v3-2-w8a8-ep-422493-0-2] phase=Pending ready=
2026-04-16T17:21:48.2564678Z Leader [vllm-deepseek-v3-2-w8a8-ep-422493-0] phase=Running ready=true
2026-04-16T17:21:50.3770963Z Worker [vllm-deepseek-v3-2-w8a8-ep-422493-0-1] phase=Running ready=true
2026-04-16T17:21:50.5041919Z Worker [vllm-deepseek-v3-2-w8a8-ep-422493-0-2] phase=Pending ready=
2026-04-16T17:21:50.6269457Z Leader [vllm-deepseek-v3-2-w8a8-ep-422493-0] phase=Running ready=true
2026-04-16T17:21:52.7704530Z Worker [vllm-deepseek-v3-2-w8a8-ep-422493-0-1] phase=Running ready=true
2026-04-16T17:21:52.9026146Z Worker [vllm-deepseek-v3-2-w8a8-ep-422493-0-2] phase=Pending ready=
2026-04-16T17:21:53.0174890Z Leader [vllm-deepseek-v3-2-w8a8-ep-422493-0] phase=Running ready=true
2026-04-16T17:21:55.1419118Z Worker [vllm-deepseek-v3-2-w8a8-ep-422493-0-1] phase=Running ready=true
2026-04-16T17:21:55.2545694Z Worker [vllm-deepseek-v3-2-w8a8-ep-422493-0-2] phase=Pending ready=
2026-04-16T17:21:55.3781123Z Leader [vllm-deepseek-v3-2-w8a8-ep-422493-0] phase=Running ready=true
2026-04-16T17:21:57.4957465Z Worker [vllm-deepseek-v3-2-w8a8-ep-422493-0-1] phase=Running ready=true
2026-04-16T17:21:57.6143365Z Worker [vllm-deepseek-v3-2-w8a8-ep-422493-0-2] phase=Pending ready=
2026-04-16T17:21:57.7564781Z Leader [vllm-deepseek-v3-2-w8a8-ep-422493-0] phase=Running ready=true
2026-04-16T17:21:59.8754388Z Worker [vllm-deepseek-v3-2-w8a8-ep-422493-0-1] phase=Running ready=true
2026-04-16T17:22:00.0002889Z Worker [vllm-deepseek-v3-2-w8a8-ep-422493-0-2] phase=Pending ready=
2026-04-16T17:22:00.1352163Z Leader [vllm-deepseek-v3-2-w8a8-ep-422493-0] phase=Running ready=true
2026-04-16T17:22:02.2711729Z Worker [vllm-deepseek-v3-2-w8a8-ep-422493-0-1] phase=Running ready=true
2026-04-16T17:22:02.3906748Z Worker [vllm-deepseek-v3-2-w8a8-ep-422493-0-2] phase=Pending ready=
2026-04-16T17:22:02.5211121Z Leader [vllm-deepseek-v3-2-w8a8-ep-422493-0] phase=Running ready=true
2026-04-16T17:22:04.6491695Z Worker [vllm-deepseek-v3-2-w8a8-ep-422493-0-1] phase=Running ready=true
2026-04-16T17:22:04.7720983Z Worker [vllm-deepseek-v3-2-w8a8-ep-422493-0-2] phase=Pending ready=
2026-04-16T17:22:04.8887381Z Leader [vllm-deepseek-v3-2-w8a8-ep-422493-0] phase=Running ready=true
2026-04-16T17:22:07.0203134Z Worker [vllm-deepseek-v3-2-w8a8-ep-422493-0-1] phase=Running ready=true
2026-04-16T17:22:07.1380133Z Worker [vllm-deepseek-v3-2-w8a8-ep-422493-0-2] phase=Pending ready=
2026-04-16T17:22:07.2560478Z Leader [vllm-deepseek-v3-2-w8a8-ep-422493-0] phase=Running ready=true
2026-04-16T17:22:09.4290328Z Worker [vllm-deepseek-v3-2-w8a8-ep-422493-0-1] phase=Running ready=true
2026-04-16T17:22:09.5755818Z Worker [vllm-deepseek-v3-2-w8a8-ep-422493-0-2] phase=Pending ready=
2026-04-16T17:22:09.7097408Z Leader [vllm-deepseek-v3-2-w8a8-ep-422493-0] phase=Running ready=true
2026-04-16T17:22:11.8541392Z Worker [vllm-deepseek-v3-2-w8a8-ep-422493-0-1] phase=Running ready=true
2026-04-16T17:22:11.9829462Z Worker [vllm-deepseek-v3-2-w8a8-ep-422493-0-2] phase=Pending ready=
2026-04-16T17:22:12.1088219Z Leader [vllm-deepseek-v3-2-w8a8-ep-422493-0] phase=Running ready=true
2026-04-16T17:22:14.2382997Z Worker [vllm-deepseek-v3-2-w8a8-ep-422493-0-1] phase=Running ready=true
2026-04-16T17:22:14.3652408Z Worker [vllm-deepseek-v3-2-w8a8-ep-422493-0-2] phase=Pending ready=
2026-04-16T17:22:14.4930414Z Leader [vllm-deepseek-v3-2-w8a8-ep-422493-0] phase=Running ready=true
2026-04-16T17:22:16.6380440Z Worker [vllm-deepseek-v3-2-w8a8-ep-422493-0-1] phase=Running ready=true
2026-04-16T17:22:16.7623927Z Worker [vllm-deepseek-v3-2-w8a8-ep-422493-0-2] phase=Pending ready=
2026-04-16T17:22:16.8831289Z Leader [vllm-deepseek-v3-2-w8a8-ep-422493-0] phase=Running ready=true
2026-04-16T17:22:19.0237153Z Worker [vllm-deepseek-v3-2-w8a8-ep-422493-0-1] phase=Running ready=true
2026-04-16T17:22:19.1529748Z Worker [vllm-deepseek-v3-2-w8a8-ep-422493-0-2] phase=Pending ready=
2026-04-16T17:22:19.2892095Z Leader [vllm-deepseek-v3-2-w8a8-ep-422493-0] phase=Running ready=true
2026-04-16T17:22:21.4234166Z Worker [vllm-deepseek-v3-2-w8a8-ep-422493-0-1] phase=Running ready=true
2026-04-16T17:22:21.5535001Z Worker [vllm-deepseek-v3-2-w8a8-ep-422493-0-2] phase=Pending ready=
2026-04-16T17:22:21.6812542Z Leader [vllm-deepseek-v3-2-w8a8-ep-422493-0] phase=Running ready=true
2026-04-16T17:22:23.8083214Z Worker [vllm-deepseek-v3-2-w8a8-ep-422493-0-1] phase=Running ready=true
2026-04-16T17:22:23.9205516Z Worker [vllm-deepseek-v3-2-w8a8-ep-422493-0-2] phase=Pending ready=
2026-04-16T17:22:24.0355639Z Leader [vllm-deepseek-v3-2-w8a8-ep-422493-0] phase=Running ready=true
2026-04-16T17:22:26.1586799Z Worker [vllm-deepseek-v3-2-w8a8-ep-422493-0-1] phase=Running ready=true
2026-04-16T17:22:26.2761424Z Worker [vllm-deepseek-v3-2-w8a8-ep-422493-0-2] phase=Pending ready=
2026-04-16T17:22:26.4024708Z Leader [vllm-deepseek-v3-2-w8a8-ep-422493-0] phase=Running ready=true
2026-04-16T17:22:28.5221740Z Worker [vllm-deepseek-v3-2-w8a8-ep-422493-0-1] phase=Running ready=true
2026-04-16T17:22:28.6433936Z Worker [vllm-deepseek-v3-2-w8a8-ep-422493-0-2] phase=Pending ready=
2026-04-16T17:22:28.7602284Z Leader [vllm-deepseek-v3-2-w8a8-ep-422493-0] phase=Running ready=true
2026-04-16T17:22:30.8764982Z Worker [vllm-deepseek-v3-2-w8a8-ep-422493-0-1] phase=Running ready=true
2026-04-16T17:22:30.9938003Z Worker [vllm-deepseek-v3-2-w8a8-ep-422493-0-2] phase=Pending ready=
2026-04-16T17:22:31.1152258Z Leader [vllm-deepseek-v3-2-w8a8-ep-422493-0] phase=Running ready=true
2026-04-16T17:22:33.2364333Z Worker [vllm-deepseek-v3-2-w8a8-ep-422493-0-1] phase=Running ready=true
2026-04-16T17:22:33.3596716Z Worker [vllm-deepseek-v3-2-w8a8-ep-422493-0-2] phase=Pending ready=
2026-04-16T17:22:33.4775486Z Leader [vllm-deepseek-v3-2-w8a8-ep-422493-0] phase=Running ready=true
2026-04-16T17:22:35.5975153Z Worker [vllm-deepseek-v3-2-w8a8-ep-422493-0-1] phase=Running ready=true
2026-04-16T17:22:35.7192823Z Worker [vllm-deepseek-v3-2-w8a8-ep-422493-0-2] phase=Pending ready=
2026-04-16T17:22:35.8367638Z Leader [vllm-deepseek-v3-2-w8a8-ep-422493-0] phase=Running ready=true
2026-04-16T17:22:37.9617452Z Worker [vllm-deepseek-v3-2-w8a8-ep-422493-0-1] phase=Running ready=true
2026-04-16T17:22:38.0838260Z Worker [vllm-deepseek-v3-2-w8a8-ep-422493-0-2] phase=Pending ready=
2026-04-16T17:22:38.2048476Z Leader [vllm-deepseek-v3-2-w8a8-ep-422493-0] phase=Running ready=true
2026-04-16T17:22:40.3335384Z Worker [vllm-deepseek-v3-2-w8a8-ep-422493-0-1] phase=Running ready=true
2026-04-16T17:22:40.4578477Z Worker [vllm-deepseek-v3-2-w8a8-ep-422493-0-2] phase=Pending ready=
2026-04-16T17:22:40.5782188Z Leader [vllm-deepseek-v3-2-w8a8-ep-422493-0] phase=Running ready=true
2026-04-16T17:22:42.7173180Z Worker [vllm-deepseek-v3-2-w8a8-ep-422493-0-1] phase=Running ready=true
2026-04-16T17:22:42.8518715Z Worker [vllm-deepseek-v3-2-w8a8-ep-422493-0-2] phase=Pending ready=
2026-04-16T17:22:42.9660691Z Leader [vllm-deepseek-v3-2-w8a8-ep-422493-0] phase=Running ready=true
2026-04-16T17:22:45.0924127Z Worker [vllm-deepseek-v3-2-w8a8-ep-422493-0-1] phase=Running ready=true
2026-04-16T17:22:45.2029621Z Worker [vllm-deepseek-v3-2-w8a8-ep-422493-0-2] phase=Pending ready=
2026-04-16T17:22:45.3398920Z Leader [vllm-deepseek-v3-2-w8a8-ep-422493-0] phase=Running ready=true
2026-04-16T17:22:47.4693152Z Worker [vllm-deepseek-v3-2-w8a8-ep-422493-0-1] phase=Running ready=true
2026-04-16T17:22:47.5865671Z Worker [vllm-deepseek-v3-2-w8a8-ep-422493-0-2] phase=Pending ready=
2026-04-16T17:22:47.7169110Z Leader [vllm-deepseek-v3-2-w8a8-ep-422493-0] phase=Running ready=true
2026-04-16T17:22:49.8601329Z Worker [vllm-deepseek-v3-2-w8a8-ep-422493-0-1] phase=Running ready=true
2026-04-16T17:22:49.9894878Z Worker [vllm-deepseek-v3-2-w8a8-ep-422493-0-2] phase=Pending ready=
2026-04-16T17:22:50.1199426Z Leader [vllm-deepseek-v3-2-w8a8-ep-422493-0] phase=Running ready=true
2026-04-16T17:22:52.2504163Z Worker [vllm-deepseek-v3-2-w8a8-ep-422493-0-1] phase=Running ready=true
2026-04-16T17:22:52.3727386Z Worker [vllm-deepseek-v3-2-w8a8-ep-422493-0-2] phase=Pending ready=
2026-04-16T17:22:52.4950475Z Leader [vllm-deepseek-v3-2-w8a8-ep-422493-0] phase=Running ready=true
2026-04-16T17:22:54.6330397Z Worker [vllm-deepseek-v3-2-w8a8-ep-422493-0-1] phase=Running ready=true
2026-04-16T17:22:54.7484289Z Worker [vllm-deepseek-v3-2-w8a8-ep-422493-0-2] phase=Pending ready=
2026-04-16T17:22:54.8773395Z Leader [vllm-deepseek-v3-2-w8a8-ep-422493-0] phase=Running ready=true
2026-04-16T17:22:56.9969471Z Worker [vllm-deepseek-v3-2-w8a8-ep-422493-0-1] phase=Running ready=true
2026-04-16T17:22:57.1193306Z Worker [vllm-deepseek-v3-2-w8a8-ep-422493-0-2] phase=Pending ready=
2026-04-16T17:22:57.2363902Z Leader [vllm-deepseek-v3-2-w8a8-ep-422493-0] phase=Running ready=true
2026-04-16T17:22:59.3602161Z Worker [vllm-deepseek-v3-2-w8a8-ep-422493-0-1] phase=Running ready=true
2026-04-16T17:22:59.4787281Z Worker [vllm-deepseek-v3-2-w8a8-ep-422493-0-2] phase=Pending ready=
2026-04-16T17:22:59.6003993Z Leader [vllm-deepseek-v3-2-w8a8-ep-422493-0] phase=Running ready=true
2026-04-16T17:23:01.7232681Z Worker [vllm-deepseek-v3-2-w8a8-ep-422493-0-1] phase=Running ready=true
2026-04-16T17:23:01.8489331Z Worker [vllm-deepseek-v3-2-w8a8-ep-422493-0-2] phase=Pending ready=
2026-04-16T17:23:01.9762468Z Leader [vllm-deepseek-v3-2-w8a8-ep-422493-0] phase=Running ready=true
2026-04-16T17:23:04.1106801Z Worker [vllm-deepseek-v3-2-w8a8-ep-422493-0-1] phase=Running ready=true
2026-04-16T17:23:04.2398628Z Worker [vllm-deepseek-v3-2-w8a8-ep-422493-0-2] phase=Pending ready=
2026-04-16T17:23:04.3612033Z Leader [vllm-deepseek-v3-2-w8a8-ep-422493-0] phase=Running ready=true
2026-04-16T17:23:06.4780720Z Worker [vllm-deepseek-v3-2-w8a8-ep-422493-0-1] phase=Running ready=true
2026-04-16T17:23:06.5994877Z Worker [vllm-deepseek-v3-2-w8a8-ep-422493-0-2] phase=Pending ready=
2026-04-16T17:23:06.7216286Z Leader [vllm-deepseek-v3-2-w8a8-ep-422493-0] phase=Running ready=true
2026-04-16T17:23:08.8386010Z Worker [vllm-deepseek-v3-2-w8a8-ep-422493-0-1] phase=Running ready=true
2026-04-16T17:23:08.9592527Z Worker [vllm-deepseek-v3-2-w8a8-ep-422493-0-2] phase=Pending ready=
2026-04-16T17:23:09.0787364Z Leader [vllm-deepseek-v3-2-w8a8-ep-422493-0] phase=Running ready=true
2026-04-16T17:23:11.2141561Z Worker [vllm-deepseek-v3-2-w8a8-ep-422493-0-1] phase=Running ready=true
2026-04-16T17:23:11.3423739Z Worker [vllm-deepseek-v3-2-w8a8-ep-422493-0-2] phase=Pending ready=
2026-04-16T17:23:11.4747809Z Leader [vllm-deepseek-v3-2-w8a8-ep-422493-0] phase=Running ready=true
2026-04-16T17:23:13.6052112Z Worker [vllm-deepseek-v3-2-w8a8-ep-422493-0-1] phase=Running ready=true
2026-04-16T17:23:13.7313837Z Worker [vllm-deepseek-v3-2-w8a8-ep-422493-0-2] phase=Pending ready=
2026-04-16T17:23:13.8491806Z Leader [vllm-deepseek-v3-2-w8a8-ep-422493-0] phase=Running ready=true
2026-04-16T17:23:15.9724081Z Worker [vllm-deepseek-v3-2-w8a8-ep-422493-0-1] phase=Running ready=true
2026-04-16T17:23:16.0941277Z Worker [vllm-deepseek-v3-2-w8a8-ep-422493-0-2] phase=Pending ready=
2026-04-16T17:23:16.2099428Z Leader [vllm-deepseek-v3-2-w8a8-ep-422493-0] phase=Running ready=true
2026-04-16T17:23:18.3289142Z Worker [vllm-deepseek-v3-2-w8a8-ep-422493-0-1] phase=Running ready=true
2026-04-16T17:23:18.4433075Z Worker [vllm-deepseek-v3-2-w8a8-ep-422493-0-2] phase=Pending ready=
2026-04-16T17:23:18.5671209Z Leader [vllm-deepseek-v3-2-w8a8-ep-422493-0] phase=Running ready=true
2026-04-16T17:23:20.6910775Z Worker [vllm-deepseek-v3-2-w8a8-ep-422493-0-1] phase=Running ready=true
2026-04-16T17:23:20.8052368Z Worker [vllm-deepseek-v3-2-w8a8-ep-422493-0-2] phase=Pending ready=
2026-04-16T17:23:20.9283016Z Leader [vllm-deepseek-v3-2-w8a8-ep-422493-0] phase=Running ready=true
2026-04-16T17:23:23.0583265Z Worker [vllm-deepseek-v3-2-w8a8-ep-422493-0-1] phase=Running ready=true
2026-04-16T17:23:23.1857233Z Worker [vllm-deepseek-v3-2-w8a8-ep-422493-0-2] phase=Pending ready=
2026-04-16T17:23:23.3042092Z Leader [vllm-deepseek-v3-2-w8a8-ep-422493-0] phase=Running ready=true
2026-04-16T17:23:25.4249195Z Worker [vllm-deepseek-v3-2-w8a8-ep-422493-0-1] phase=Running ready=true
2026-04-16T17:23:25.5434580Z Worker [vllm-deepseek-v3-2-w8a8-ep-422493-0-2] phase=Pending ready=
2026-04-16T17:23:25.6620232Z Leader [vllm-deepseek-v3-2-w8a8-ep-422493-0] phase=Running ready=true
2026-04-16T17:23:27.7793792Z Worker [vllm-deepseek-v3-2-w8a8-ep-422493-0-1] phase=Running ready=true
2026-04-16T17:23:27.8951021Z Worker [vllm-deepseek-v3-2-w8a8-ep-422493-0-2] phase=Pending ready=
2026-04-16T17:23:28.0113325Z Leader [vllm-deepseek-v3-2-w8a8-ep-422493-0] phase=Running ready=true
2026-04-16T17:23:30.1419561Z Worker [vllm-deepseek-v3-2-w8a8-ep-422493-0-1] phase=Running ready=true
2026-04-16T17:23:30.2609289Z Worker [vllm-deepseek-v3-2-w8a8-ep-422493-0-2] phase=Pending ready=
2026-04-16T17:23:30.4063232Z Leader [vllm-deepseek-v3-2-w8a8-ep-422493-0] phase=Running ready=true
2026-04-16T17:23:32.5381402Z Worker [vllm-deepseek-v3-2-w8a8-ep-422493-0-1] phase=Running ready=true
2026-04-16T17:23:32.6656895Z Worker [vllm-deepseek-v3-2-w8a8-ep-422493-0-2] phase=Pending ready=
2026-04-16T17:23:32.7856820Z Leader [vllm-deepseek-v3-2-w8a8-ep-422493-0] phase=Running ready=true
2026-04-16T17:23:34.9126621Z Worker [vllm-deepseek-v3-2-w8a8-ep-422493-0-1] phase=Running ready=true
2026-04-16T17:23:35.0391733Z Worker [vllm-deepseek-v3-2-w8a8-ep-422493-0-2] phase=Pending ready=
2026-04-16T17:23:35.1570373Z Leader [vllm-deepseek-v3-2-w8a8-ep-422493-0] phase=Running ready=true
2026-04-16T17:23:37.2905414Z Worker [vllm-deepseek-v3-2-w8a8-ep-422493-0-1] phase=Running ready=true
2026-04-16T17:23:37.4122330Z Worker [vllm-deepseek-v3-2-w8a8-ep-422493-0-2] phase=Pending ready=
2026-04-16T17:23:37.5323650Z Leader [vllm-deepseek-v3-2-w8a8-ep-422493-0] phase=Running ready=true
2026-04-16T17:23:39.6491264Z Worker [vllm-deepseek-v3-2-w8a8-ep-422493-0-1] phase=Running ready=true
2026-04-16T17:23:39.7772870Z Worker [vllm-deepseek-v3-2-w8a8-ep-422493-0-2] phase=Pending ready=
2026-04-16T17:23:39.8988073Z Leader [vllm-deepseek-v3-2-w8a8-ep-422493-0] phase=Running ready=true
2026-04-16T17:23:42.0237719Z Worker [vllm-deepseek-v3-2-w8a8-ep-422493-0-1] phase=Running ready=true
2026-04-16T17:23:42.1572245Z Worker [vllm-deepseek-v3-2-w8a8-ep-422493-0-2] phase=Pending ready=
2026-04-16T17:23:42.2701777Z Leader [vllm-deepseek-v3-2-w8a8-ep-422493-0] phase=Running ready=true
2026-04-16T17:23:44.4075702Z Worker [vllm-deepseek-v3-2-w8a8-ep-422493-0-1] phase=Running ready=true
2026-04-16T17:23:44.5416878Z Worker [vllm-deepseek-v3-2-w8a8-ep-422493-0-2] phase=Pending ready=
2026-04-16T17:23:44.6681638Z Leader [vllm-deepseek-v3-2-w8a8-ep-422493-0] phase=Running ready=true
2026-04-16T17:23:46.7835536Z Worker [vllm-deepseek-v3-2-w8a8-ep-422493-0-1] phase=Running ready=true
2026-04-16T17:23:46.8989279Z Worker [vllm-deepseek-v3-2-w8a8-ep-422493-0-2] phase=Pending ready=
2026-04-16T17:23:47.0117928Z Leader [vllm-deepseek-v3-2-w8a8-ep-422493-0] phase=Running ready=true
2026-04-16T17:23:49.1319969Z Worker [vllm-deepseek-v3-2-w8a8-ep-422493-0-1] phase=Running ready=true
2026-04-16T17:23:49.2506044Z Worker [vllm-deepseek-v3-2-w8a8-ep-422493-0-2] phase=Pending ready=
2026-04-16T17:23:49.3686429Z Leader [vllm-deepseek-v3-2-w8a8-ep-422493-0] phase=Running ready=true
2026-04-16T17:23:51.4900253Z Worker [vllm-deepseek-v3-2-w8a8-ep-422493-0-1] phase=Running ready=true
2026-04-16T17:23:51.6140067Z Worker [vllm-deepseek-v3-2-w8a8-ep-422493-0-2] phase=Pending ready=
2026-04-16T17:23:51.7336660Z Leader [vllm-deepseek-v3-2-w8a8-ep-422493-0] phase=Running ready=true
2026-04-16T17:23:53.8701474Z Worker [vllm-deepseek-v3-2-w8a8-ep-422493-0-1] phase=Running ready=true
2026-04-16T17:23:53.9911250Z Worker [vllm-deepseek-v3-2-w8a8-ep-422493-0-2] phase=Pending ready=
2026-04-16T17:23:54.1040411Z Leader [vllm-deepseek-v3-2-w8a8-ep-422493-0] phase=Running ready=true
2026-04-16T17:23:56.2353341Z Worker [vllm-deepseek-v3-2-w8a8-ep-422493-0-1] phase=Running ready=true
2026-04-16T17:23:56.3642005Z Worker [vllm-deepseek-v3-2-w8a8-ep-422493-0-2] phase=Pending ready=
2026-04-16T17:23:56.4819768Z Leader [vllm-deepseek-v3-2-w8a8-ep-422493-0] phase=Running ready=true
2026-04-16T17:23:58.6024955Z Worker [vllm-deepseek-v3-2-w8a8-ep-422493-0-1] phase=Running ready=true
2026-04-16T17:23:58.7243938Z Worker [vllm-deepseek-v3-2-w8a8-ep-422493-0-2] phase=Pending ready=
2026-04-16T17:23:58.8415166Z Leader [vllm-deepseek-v3-2-w8a8-ep-422493-0] phase=Running ready=true
2026-04-16T17:24:00.9713538Z Worker [vllm-deepseek-v3-2-w8a8-ep-422493-0-1] phase=Running ready=true
2026-04-16T17:24:01.0851272Z Worker [vllm-deepseek-v3-2-w8a8-ep-422493-0-2] phase=Pending ready=
2026-04-16T17:24:01.2159470Z Leader [vllm-deepseek-v3-2-w8a8-ep-422493-0] phase=Running ready=true
2026-04-16T17:24:03.3557335Z Worker [vllm-deepseek-v3-2-w8a8-ep-422493-0-1] phase=Running ready=true
2026-04-16T17:24:03.4779229Z Worker [vllm-deepseek-v3-2-w8a8-ep-422493-0-2] phase=Pending ready=
2026-04-16T17:24:03.5961234Z Leader [vllm-deepseek-v3-2-w8a8-ep-422493-0] phase=Running ready=true
2026-04-16T17:24:05.7237146Z Worker [vllm-deepseek-v3-2-w8a8-ep-422493-0-1] phase=Running ready=true
2026-04-16T17:24:05.8556645Z Worker [vllm-deepseek-v3-2-w8a8-ep-422493-0-2] phase=Pending ready=
2026-04-16T17:24:05.9837956Z Leader [vllm-deepseek-v3-2-w8a8-ep-422493-0] phase=Running ready=true
2026-04-16T17:24:08.1186084Z Worker [vllm-deepseek-v3-2-w8a8-ep-422493-0-1] phase=Running ready=true
2026-04-16T17:24:08.2373913Z Worker [vllm-deepseek-v3-2-w8a8-ep-422493-0-2] phase=Pending ready=
2026-04-16T17:24:08.3580424Z Leader [vllm-deepseek-v3-2-w8a8-ep-422493-0] phase=Running ready=true
2026-04-16T17:24:10.4738779Z Worker [vllm-deepseek-v3-2-w8a8-ep-422493-0-1] phase=Running ready=true
2026-04-16T17:24:10.5902024Z Worker [vllm-deepseek-v3-2-w8a8-ep-422493-0-2] phase=Pending ready=
2026-04-16T17:24:10.7154459Z Leader [vllm-deepseek-v3-2-w8a8-ep-422493-0] phase=Running ready=true
2026-04-16T17:24:12.8348108Z Worker [vllm-deepseek-v3-2-w8a8-ep-422493-0-1] phase=Running ready=true
2026-04-16T17:24:12.9620788Z Worker [vllm-deepseek-v3-2-w8a8-ep-422493-0-2] phase=Pending ready=
2026-04-16T17:24:13.0841254Z Leader [vllm-deepseek-v3-2-w8a8-ep-422493-0] phase=Running ready=true
2026-04-16T17:24:15.2092202Z Worker [vllm-deepseek-v3-2-w8a8-ep-422493-0-1] phase=Running ready=true
2026-04-16T17:24:15.3313468Z Worker [vllm-deepseek-v3-2-w8a8-ep-422493-0-2] phase=Pending ready=
2026-04-16T17:24:15.4519800Z Leader [vllm-deepseek-v3-2-w8a8-ep-422493-0] phase=Running ready=true
2026-04-16T17:24:17.5732338Z Worker [vllm-deepseek-v3-2-w8a8-ep-422493-0-1] phase=Running ready=true
2026-04-16T17:24:17.6990704Z Worker [vllm-deepseek-v3-2-w8a8-ep-422493-0-2] phase=Pending ready=
2026-04-16T17:24:17.8182640Z Leader [vllm-deepseek-v3-2-w8a8-ep-422493-0] phase=Running ready=true
2026-04-16T17:24:19.9458575Z Worker [vllm-deepseek-v3-2-w8a8-ep-422493-0-1] phase=Running ready=true
2026-04-16T17:24:20.0812210Z Worker [vllm-deepseek-v3-2-w8a8-ep-422493-0-2] phase=Pending ready=
2026-04-16T17:24:20.1962250Z Leader [vllm-deepseek-v3-2-w8a8-ep-422493-0] phase=Running ready=true
2026-04-16T17:24:22.3270742Z Worker [vllm-deepseek-v3-2-w8a8-ep-422493-0-1] phase=Running ready=true
2026-04-16T17:24:22.4487776Z Worker [vllm-deepseek-v3-2-w8a8-ep-422493-0-2] phase=Pending ready=
2026-04-16T17:24:22.5760084Z Leader [vllm-deepseek-v3-2-w8a8-ep-422493-0] phase=Running ready=true
2026-04-16T17:24:24.7075213Z Worker [vllm-deepseek-v3-2-w8a8-ep-422493-0-1] phase=Running ready=true
2026-04-16T17:24:24.8336623Z Worker [vllm-deepseek-v3-2-w8a8-ep-422493-0-2] phase=Pending ready=
2026-04-16T17:24:24.9571739Z Leader [vllm-deepseek-v3-2-w8a8-ep-422493-0] phase=Running ready=true
2026-04-16T17:24:27.0820529Z Worker [vllm-deepseek-v3-2-w8a8-ep-422493-0-1] phase=Running ready=true
2026-04-16T17:24:27.2057523Z Worker [vllm-deepseek-v3-2-w8a8-ep-422493-0-2] phase=Pending ready=
2026-04-16T17:24:27.3342330Z Leader [vllm-deepseek-v3-2-w8a8-ep-422493-0] phase=Running ready=true
2026-04-16T17:24:29.4535007Z Worker [vllm-deepseek-v3-2-w8a8-ep-422493-0-1] phase=Running ready=true
2026-04-16T17:24:29.5806399Z Worker [vllm-deepseek-v3-2-w8a8-ep-422493-0-2] phase=Pending ready=
2026-04-16T17:24:29.6976398Z Leader [vllm-deepseek-v3-2-w8a8-ep-422493-0] phase=Running ready=true
2026-04-16T17:24:31.8212887Z Worker [vllm-deepseek-v3-2-w8a8-ep-422493-0-1] phase=Running ready=true
2026-04-16T17:24:31.9494328Z Worker [vllm-deepseek-v3-2-w8a8-ep-422493-0-2] phase=Pending ready=
2026-04-16T17:24:32.0800164Z Leader [vllm-deepseek-v3-2-w8a8-ep-422493-0] phase=Running ready=true
2026-04-16T17:24:34.2164979Z Worker [vllm-deepseek-v3-2-w8a8-ep-422493-0-1] phase=Running ready=true
2026-04-16T17:24:34.3440538Z Worker [vllm-deepseek-v3-2-w8a8-ep-422493-0-2] phase=Pending ready=
2026-04-16T17:24:34.4657659Z Leader [vllm-deepseek-v3-2-w8a8-ep-422493-0] phase=Running ready=true
2026-04-16T17:24:36.5992341Z Worker [vllm-deepseek-v3-2-w8a8-ep-422493-0-1] phase=Running ready=true
2026-04-16T17:24:36.7434321Z Worker [vllm-deepseek-v3-2-w8a8-ep-422493-0-2] phase=Pending ready=
2026-04-16T17:24:36.8655760Z Leader [vllm-deepseek-v3-2-w8a8-ep-422493-0] phase=Running ready=true
2026-04-16T17:24:39.0014412Z Worker [vllm-deepseek-v3-2-w8a8-ep-422493-0-1] phase=Running ready=true
2026-04-16T17:24:39.1230026Z Worker [vllm-deepseek-v3-2-w8a8-ep-422493-0-2] phase=Pending ready=
2026-04-16T17:24:39.2467682Z Leader [vllm-deepseek-v3-2-w8a8-ep-422493-0] phase=Running ready=true
2026-04-16T17:24:41.3875122Z Worker [vllm-deepseek-v3-2-w8a8-ep-422493-0-1] phase=Running ready=true
2026-04-16T17:24:41.5086218Z Worker [vllm-deepseek-v3-2-w8a8-ep-422493-0-2] phase=Pending ready=
2026-04-16T17:24:41.6400803Z Leader [vllm-deepseek-v3-2-w8a8-ep-422493-0] phase=Running ready=true
2026-04-16T17:24:43.7747885Z Worker [vllm-deepseek-v3-2-w8a8-ep-422493-0-1] phase=Running ready=true
2026-04-16T17:24:43.8951788Z Worker [vllm-deepseek-v3-2-w8a8-ep-422493-0-2] phase=Pending ready=
2026-04-16T17:24:44.0135241Z Leader [vllm-deepseek-v3-2-w8a8-ep-422493-0] phase=Running ready=true
2026-04-16T17:24:46.1471664Z Worker [vllm-deepseek-v3-2-w8a8-ep-422493-0-1] phase=Running ready=true
2026-04-16T17:24:46.2693015Z Worker [vllm-deepseek-v3-2-w8a8-ep-422493-0-2] phase=Pending ready=
2026-04-16T17:24:46.3830100Z Leader [vllm-deepseek-v3-2-w8a8-ep-422493-0] phase=Running ready=true
2026-04-16T17:24:48.5142457Z Worker [vllm-deepseek-v3-2-w8a8-ep-422493-0-1] phase=Running ready=true
2026-04-16T17:24:48.6377838Z Worker [vllm-deepseek-v3-2-w8a8-ep-422493-0-2] phase=Pending ready=
2026-04-16T17:24:48.7551545Z Leader [vllm-deepseek-v3-2-w8a8-ep-422493-0] phase=Running ready=true
2026-04-16T17:24:50.8877939Z Worker [vllm-deepseek-v3-2-w8a8-ep-422493-0-1] phase=Running ready=true
2026-04-16T17:24:51.0202685Z Worker [vllm-deepseek-v3-2-w8a8-ep-422493-0-2] phase=Pending ready=
2026-04-16T17:24:51.1346681Z Leader [vllm-deepseek-v3-2-w8a8-ep-422493-0] phase=Running ready=true
2026-04-16T17:24:53.2611917Z Worker [vllm-deepseek-v3-2-w8a8-ep-422493-0-1] phase=Running ready=true
2026-04-16T17:24:53.3881073Z Worker [vllm-deepseek-v3-2-w8a8-ep-422493-0-2] phase=Pending ready=
2026-04-16T17:24:53.5209306Z Leader [vllm-deepseek-v3-2-w8a8-ep-422493-0] phase=Running ready=true
2026-04-16T17:24:55.6917758Z Worker [vllm-deepseek-v3-2-w8a8-ep-422493-0-1] phase=Running ready=true
2026-04-16T17:24:55.7990318Z Worker [vllm-deepseek-v3-2-w8a8-ep-422493-0-2] phase=Pending ready=
2026-04-16T17:24:55.9222757Z Leader [vllm-deepseek-v3-2-w8a8-ep-422493-0] phase=Running ready=true
2026-04-16T17:24:58.0553287Z Worker [vllm-deepseek-v3-2-w8a8-ep-422493-0-1] phase=Running ready=true
2026-04-16T17:24:58.1815019Z Worker [vllm-deepseek-v3-2-w8a8-ep-422493-0-2] phase=Pending ready=
2026-04-16T17:24:58.2953935Z Leader [vllm-deepseek-v3-2-w8a8-ep-422493-0] phase=Running ready=true
2026-04-16T17:25:00.4357238Z Worker [vllm-deepseek-v3-2-w8a8-ep-422493-0-1] phase=Running ready=true
2026-04-16T17:25:00.5633733Z Worker [vllm-deepseek-v3-2-w8a8-ep-422493-0-2] phase=Pending ready=
2026-04-16T17:25:00.6845961Z Leader [vllm-deepseek-v3-2-w8a8-ep-422493-0] phase=Running ready=true
2026-04-16T17:25:03.0372346Z Worker [vllm-deepseek-v3-2-w8a8-ep-422493-0-1] phase=Running ready=true
2026-04-16T17:25:03.1557989Z Worker [vllm-deepseek-v3-2-w8a8-ep-422493-0-2] phase=Pending ready=
2026-04-16T17:25:03.2781004Z Leader [vllm-deepseek-v3-2-w8a8-ep-422493-0] phase=Running ready=true
2026-04-16T17:25:05.4021411Z Worker [vllm-deepseek-v3-2-w8a8-ep-422493-0-1] phase=Running ready=true
2026-04-16T17:25:05.5200626Z Worker [vllm-deepseek-v3-2-w8a8-ep-422493-0-2] phase=Pending ready=
2026-04-16T17:25:05.6427582Z Leader [vllm-deepseek-v3-2-w8a8-ep-422493-0] phase=Running ready=true
2026-04-16T17:25:07.7622335Z Worker [vllm-deepseek-v3-2-w8a8-ep-422493-0-1] phase=Running ready=true
2026-04-16T17:25:07.8846256Z Worker [vllm-deepseek-v3-2-w8a8-ep-422493-0-2] phase=Pending ready=
2026-04-16T17:25:08.0026651Z Leader [vllm-deepseek-v3-2-w8a8-ep-422493-0] phase=Running ready=true
2026-04-16T17:25:10.1247479Z Worker [vllm-deepseek-v3-2-w8a8-ep-422493-0-1] phase=Running ready=true
2026-04-16T17:25:10.2383634Z Worker [vllm-deepseek-v3-2-w8a8-ep-422493-0-2] phase=Pending ready=
2026-04-16T17:25:10.3571128Z Leader [vllm-deepseek-v3-2-w8a8-ep-422493-0] phase=Running ready=true
2026-04-16T17:25:12.4855294Z Worker [vllm-deepseek-v3-2-w8a8-ep-422493-0-1] phase=Running ready=true
2026-04-16T17:25:12.6136525Z Worker [vllm-deepseek-v3-2-w8a8-ep-422493-0-2] phase=Pending ready=
2026-04-16T17:25:12.7392199Z Leader [vllm-deepseek-v3-2-w8a8-ep-422493-0] phase=Running ready=true
2026-04-16T17:25:14.8608916Z Worker [vllm-deepseek-v3-2-w8a8-ep-422493-0-1] phase=Running ready=true
2026-04-16T17:25:14.9806759Z Worker [vllm-deepseek-v3-2-w8a8-ep-422493-0-2] phase=Pending ready=
2026-04-16T17:25:15.1004312Z Leader [vllm-deepseek-v3-2-w8a8-ep-422493-0] phase=Running ready=true
2026-04-16T17:25:17.2198671Z Worker [vllm-deepseek-v3-2-w8a8-ep-422493-0-1] phase=Running ready=true
2026-04-16T17:25:17.3401599Z Worker [vllm-deepseek-v3-2-w8a8-ep-422493-0-2] phase=Pending ready=
2026-04-16T17:25:17.4544270Z Leader [vllm-deepseek-v3-2-w8a8-ep-422493-0] phase=Running ready=true
2026-04-16T17:25:19.6160716Z Worker [vllm-deepseek-v3-2-w8a8-ep-422493-0-1] phase=Running ready=true
2026-04-16T17:25:19.7382698Z Worker [vllm-deepseek-v3-2-w8a8-ep-422493-0-2] phase=Pending ready=
2026-04-16T17:25:19.8505472Z Leader [vllm-deepseek-v3-2-w8a8-ep-422493-0] phase=Running ready=true
2026-04-16T17:25:21.9685072Z Worker [vllm-deepseek-v3-2-w8a8-ep-422493-0-1] phase=Running ready=true
2026-04-16T17:25:22.0798176Z Worker [vllm-deepseek-v3-2-w8a8-ep-422493-0-2] phase=Pending ready=
2026-04-16T17:25:22.1929799Z Leader [vllm-deepseek-v3-2-w8a8-ep-422493-0] phase=Running ready=true
2026-04-16T17:25:24.3111625Z Worker [vllm-deepseek-v3-2-w8a8-ep-422493-0-1] phase=Running ready=true
2026-04-16T17:25:24.4313898Z Worker [vllm-deepseek-v3-2-w8a8-ep-422493-0-2] phase=Pending ready=
2026-04-16T17:25:24.5493384Z Leader [vllm-deepseek-v3-2-w8a8-ep-422493-0] phase=Running ready=true
2026-04-16T17:25:26.6754753Z Worker [vllm-deepseek-v3-2-w8a8-ep-422493-0-1] phase=Running ready=true
2026-04-16T17:25:26.7899716Z Worker [vllm-deepseek-v3-2-w8a8-ep-422493-0-2] phase=Pending ready=
2026-04-16T17:25:26.9024103Z Leader [vllm-deepseek-v3-2-w8a8-ep-422493-0] phase=Running ready=true
2026-04-16T17:25:29.0191373Z Worker [vllm-deepseek-v3-2-w8a8-ep-422493-0-1] phase=Running ready=true
2026-04-16T17:25:29.1318271Z Worker [vllm-deepseek-v3-2-w8a8-ep-422493-0-2] phase=Pending ready=
2026-04-16T17:25:29.2457796Z Leader [vllm-deepseek-v3-2-w8a8-ep-422493-0] phase=Running ready=true
2026-04-16T17:25:31.3700781Z Worker [vllm-deepseek-v3-2-w8a8-ep-422493-0-1] phase=Running ready=true
2026-04-16T17:25:31.4835588Z Worker [vllm-deepseek-v3-2-w8a8-ep-422493-0-2] phase=Pending ready=
2026-04-16T17:25:31.6024406Z Leader [vllm-deepseek-v3-2-w8a8-ep-422493-0] phase=Running ready=true
2026-04-16T17:25:33.7241432Z Worker [vllm-deepseek-v3-2-w8a8-ep-422493-0-1] phase=Running ready=true
2026-04-16T17:25:33.8481706Z Worker [vllm-deepseek-v3-2-w8a8-ep-422493-0-2] phase=Pending ready=
2026-04-16T17:25:33.9868166Z Leader [vllm-deepseek-v3-2-w8a8-ep-422493-0] phase=Running ready=true
2026-04-16T17:25:36.1133027Z Worker [vllm-deepseek-v3-2-w8a8-ep-422493-0-1] phase=Running ready=true
2026-04-16T17:25:36.2331065Z Worker [vllm-deepseek-v3-2-w8a8-ep-422493-0-2] phase=Pending ready=
2026-04-16T17:25:36.3438361Z Leader [vllm-deepseek-v3-2-w8a8-ep-422493-0] phase=Running ready=true
2026-04-16T17:25:38.4742712Z Worker [vllm-deepseek-v3-2-w8a8-ep-422493-0-1] phase=Running ready=true
2026-04-16T17:25:38.5952238Z Worker [vllm-deepseek-v3-2-w8a8-ep-422493-0-2] phase=Pending ready=
2026-04-16T17:25:38.7302782Z Leader [vllm-deepseek-v3-2-w8a8-ep-422493-0] phase=Running ready=true
2026-04-16T17:25:40.8793070Z Worker [vllm-deepseek-v3-2-w8a8-ep-422493-0-1] phase=Running ready=true
2026-04-16T17:25:40.9949186Z Worker [vllm-deepseek-v3-2-w8a8-ep-422493-0-2] phase=Pending ready=
2026-04-16T17:25:41.1218814Z Leader [vllm-deepseek-v3-2-w8a8-ep-422493-0] phase=Running ready=true
2026-04-16T17:25:43.2478121Z Worker [vllm-deepseek-v3-2-w8a8-ep-422493-0-1] phase=Running ready=true
2026-04-16T17:25:43.3590613Z Worker [vllm-deepseek-v3-2-w8a8-ep-422493-0-2] phase=Pending ready=
2026-04-16T17:25:43.4783765Z Leader [vllm-deepseek-v3-2-w8a8-ep-422493-0] phase=Running ready=true
2026-04-16T17:25:45.6014281Z Worker [vllm-deepseek-v3-2-w8a8-ep-422493-0-1] phase=Running ready=true
2026-04-16T17:25:45.7265390Z Worker [vllm-deepseek-v3-2-w8a8-ep-422493-0-2] phase=Pending ready=
2026-04-16T17:25:45.8431624Z Leader [vllm-deepseek-v3-2-w8a8-ep-422493-0] phase=Running ready=true
2026-04-16T17:25:47.9683850Z Worker [vllm-deepseek-v3-2-w8a8-ep-422493-0-1] phase=Running ready=true
2026-04-16T17:25:48.1019942Z Worker [vllm-deepseek-v3-2-w8a8-ep-422493-0-2] phase=Pending ready=
2026-04-16T17:25:48.2208434Z Leader [vllm-deepseek-v3-2-w8a8-ep-422493-0] phase=Running ready=true
2026-04-16T17:25:50.3499074Z Worker [vllm-deepseek-v3-2-w8a8-ep-422493-0-1] phase=Running ready=true
2026-04-16T17:25:50.4962870Z Worker [vllm-deepseek-v3-2-w8a8-ep-422493-0-2] phase=Pending ready=
2026-04-16T17:25:50.6492423Z Leader [vllm-deepseek-v3-2-w8a8-ep-422493-0] phase=Running ready=true
2026-04-16T17:25:52.7875177Z Worker [vllm-deepseek-v3-2-w8a8-ep-422493-0-1] phase=Running ready=true
2026-04-16T17:25:52.9055974Z Worker [vllm-deepseek-v3-2-w8a8-ep-422493-0-2] phase=Pending ready=
2026-04-16T17:25:53.0222188Z Leader [vllm-deepseek-v3-2-w8a8-ep-422493-0] phase=Running ready=true
2026-04-16T17:25:55.1400150Z Worker [vllm-deepseek-v3-2-w8a8-ep-422493-0-1] phase=Running ready=true
2026-04-16T17:25:55.2513452Z Worker [vllm-deepseek-v3-2-w8a8-ep-422493-0-2] phase=Pending ready=
2026-04-16T17:25:55.3731079Z Leader [vllm-deepseek-v3-2-w8a8-ep-422493-0] phase=Running ready=true
2026-04-16T17:25:57.4948931Z Worker [vllm-deepseek-v3-2-w8a8-ep-422493-0-1] phase=Running ready=true
2026-04-16T17:25:57.6115261Z Worker [vllm-deepseek-v3-2-w8a8-ep-422493-0-2] phase=Pending ready=
2026-04-16T17:25:57.7390483Z Leader [vllm-deepseek-v3-2-w8a8-ep-422493-0] phase=Running ready=true
2026-04-16T17:25:59.8561090Z Worker [vllm-deepseek-v3-2-w8a8-ep-422493-0-1] phase=Running ready=true
2026-04-16T17:25:59.9863265Z Worker [vllm-deepseek-v3-2-w8a8-ep-422493-0-2] phase=Pending ready=
2026-04-16T17:26:00.1154738Z Leader [vllm-deepseek-v3-2-w8a8-ep-422493-0] phase=Running ready=true
2026-04-16T17:26:02.2410109Z Worker [vllm-deepseek-v3-2-w8a8-ep-422493-0-1] phase=Running ready=true
2026-04-16T17:26:02.3628257Z Worker [vllm-deepseek-v3-2-w8a8-ep-422493-0-2] phase=Pending ready=
2026-04-16T17:26:02.4770527Z Leader [vllm-deepseek-v3-2-w8a8-ep-422493-0] phase=Running ready=true
2026-04-16T17:26:04.5975255Z Worker [vllm-deepseek-v3-2-w8a8-ep-422493-0-1] phase=Running ready=true
2026-04-16T17:26:04.7141725Z Worker [vllm-deepseek-v3-2-w8a8-ep-422493-0-2] phase=Pending ready=
2026-04-16T17:26:04.8257910Z Leader [vllm-deepseek-v3-2-w8a8-ep-422493-0] phase=Running ready=true
2026-04-16T17:26:06.9455597Z Worker [vllm-deepseek-v3-2-w8a8-ep-422493-0-1] phase=Running ready=true
2026-04-16T17:26:07.0754658Z Worker [vllm-deepseek-v3-2-w8a8-ep-422493-0-2] phase=Pending ready=
2026-04-16T17:26:07.1912979Z Leader [vllm-deepseek-v3-2-w8a8-ep-422493-0] phase=Running ready=true
2026-04-16T17:26:09.3080330Z Worker [vllm-deepseek-v3-2-w8a8-ep-422493-0-1] phase=Running ready=true
2026-04-16T17:26:09.4208154Z Worker [vllm-deepseek-v3-2-w8a8-ep-422493-0-2] phase=Pending ready=
2026-04-16T17:26:09.5399720Z Leader [vllm-deepseek-v3-2-w8a8-ep-422493-0] phase=Running ready=true
2026-04-16T17:26:11.6513932Z Worker [vllm-deepseek-v3-2-w8a8-ep-422493-0-1] phase=Running ready=true
2026-04-16T17:26:11.7634845Z Worker [vllm-deepseek-v3-2-w8a8-ep-422493-0-2] phase=Pending ready=
2026-04-16T17:26:11.8815530Z Leader [vllm-deepseek-v3-2-w8a8-ep-422493-0] phase=Running ready=true
2026-04-16T17:26:14.0023651Z Worker [vllm-deepseek-v3-2-w8a8-ep-422493-0-1] phase=Running ready=true
2026-04-16T17:26:14.1214823Z Worker [vllm-deepseek-v3-2-w8a8-ep-422493-0-2] phase=Pending ready=
2026-04-16T17:26:14.2426689Z Leader [vllm-deepseek-v3-2-w8a8-ep-422493-0] phase=Running ready=true
2026-04-16T17:26:16.3597865Z Worker [vllm-deepseek-v3-2-w8a8-ep-422493-0-1] phase=Running ready=true
2026-04-16T17:26:16.4805831Z Worker [vllm-deepseek-v3-2-w8a8-ep-422493-0-2] phase=Pending ready=
2026-04-16T17:26:16.5918037Z Leader [vllm-deepseek-v3-2-w8a8-ep-422493-0] phase=Running ready=true
2026-04-16T17:26:18.7075106Z Worker [vllm-deepseek-v3-2-w8a8-ep-422493-0-1] phase=Running ready=true
2026-04-16T17:26:18.8206080Z Worker [vllm-deepseek-v3-2-w8a8-ep-422493-0-2] phase=Pending ready=
2026-04-16T17:26:18.9371274Z Leader [vllm-deepseek-v3-2-w8a8-ep-422493-0] phase=Running ready=true
2026-04-16T17:26:21.0556105Z Worker [vllm-deepseek-v3-2-w8a8-ep-422493-0-1] phase=Running ready=true
2026-04-16T17:26:21.1724488Z Worker [vllm-deepseek-v3-2-w8a8-ep-422493-0-2] phase=Pending ready=
2026-04-16T17:26:21.2871545Z Leader [vllm-deepseek-v3-2-w8a8-ep-422493-0] phase=Running ready=true
2026-04-16T17:26:23.4005341Z Worker [vllm-deepseek-v3-2-w8a8-ep-422493-0-1] phase=Running ready=true
2026-04-16T17:26:23.5204563Z Worker [vllm-deepseek-v3-2-w8a8-ep-422493-0-2] phase=Pending ready=
2026-04-16T17:26:23.6357137Z Leader [vllm-deepseek-v3-2-w8a8-ep-422493-0] phase=Running ready=true
2026-04-16T17:26:25.7539523Z Worker [vllm-deepseek-v3-2-w8a8-ep-422493-0-1] phase=Running ready=true
2026-04-16T17:26:25.8704474Z Worker [vllm-deepseek-v3-2-w8a8-ep-422493-0-2] phase=Pending ready=
2026-04-16T17:26:25.9908312Z Leader [vllm-deepseek-v3-2-w8a8-ep-422493-0] phase=Running ready=true
2026-04-16T17:26:28.1089695Z Worker [vllm-deepseek-v3-2-w8a8-ep-422493-0-1] phase=Running ready=true
2026-04-16T17:26:28.2256226Z Worker [vllm-deepseek-v3-2-w8a8-ep-422493-0-2] phase=Pending ready=
2026-04-16T17:26:28.3440422Z Leader [vllm-deepseek-v3-2-w8a8-ep-422493-0] phase=Running ready=true
2026-04-16T17:26:30.4786424Z Worker [vllm-deepseek-v3-2-w8a8-ep-422493-0-1] phase=Running ready=true
2026-04-16T17:26:30.6021481Z Worker [vllm-deepseek-v3-2-w8a8-ep-422493-0-2] phase=Pending ready=
2026-04-16T17:26:30.7216409Z Leader [vllm-deepseek-v3-2-w8a8-ep-422493-0] phase=Running ready=true
2026-04-16T17:26:32.8392289Z Worker [vllm-deepseek-v3-2-w8a8-ep-422493-0-1] phase=Running ready=true
2026-04-16T17:26:32.9758870Z Worker [vllm-deepseek-v3-2-w8a8-ep-422493-0-2] phase=Pending ready=
2026-04-16T17:26:33.0982830Z Leader [vllm-deepseek-v3-2-w8a8-ep-422493-0] phase=Running ready=true
2026-04-16T17:26:35.2197823Z Worker [vllm-deepseek-v3-2-w8a8-ep-422493-0-1] phase=Running ready=true
2026-04-16T17:26:35.3347452Z Worker [vllm-deepseek-v3-2-w8a8-ep-422493-0-2] phase=Pending ready=
2026-04-16T17:26:35.4708948Z Leader [vllm-deepseek-v3-2-w8a8-ep-422493-0] phase=Running ready=true
2026-04-16T17:26:37.5828229Z Worker [vllm-deepseek-v3-2-w8a8-ep-422493-0-1] phase=Running ready=true
2026-04-16T17:26:37.6926765Z Worker [vllm-deepseek-v3-2-w8a8-ep-422493-0-2] phase=Pending ready=
2026-04-16T17:26:37.8046577Z Leader [vllm-deepseek-v3-2-w8a8-ep-422493-0] phase=Running ready=true
2026-04-16T17:26:39.9356818Z Worker [vllm-deepseek-v3-2-w8a8-ep-422493-0-1] phase=Running ready=true
2026-04-16T17:26:40.0597094Z Worker [vllm-deepseek-v3-2-w8a8-ep-422493-0-2] phase=Pending ready=
2026-04-16T17:26:40.1784319Z Leader [vllm-deepseek-v3-2-w8a8-ep-422493-0] phase=Running ready=true
2026-04-16T17:26:42.3132153Z Worker [vllm-deepseek-v3-2-w8a8-ep-422493-0-1] phase=Running ready=true
2026-04-16T17:26:42.4400950Z Worker [vllm-deepseek-v3-2-w8a8-ep-422493-0-2] phase=Pending ready=
2026-04-16T17:26:42.5661774Z Leader [vllm-deepseek-v3-2-w8a8-ep-422493-0] phase=Running ready=true
2026-04-16T17:26:44.6884798Z Worker [vllm-deepseek-v3-2-w8a8-ep-422493-0-1] phase=Running ready=true
2026-04-16T17:26:44.8079048Z Worker [vllm-deepseek-v3-2-w8a8-ep-422493-0-2] phase=Pending ready=
2026-04-16T17:26:44.9361470Z Leader [vllm-deepseek-v3-2-w8a8-ep-422493-0] phase=Running ready=true
2026-04-16T17:26:47.0634520Z Worker [vllm-deepseek-v3-2-w8a8-ep-422493-0-1] phase=Running ready=true
2026-04-16T17:26:47.1812627Z Worker [vllm-deepseek-v3-2-w8a8-ep-422493-0-2] phase=Pending ready=
2026-04-16T17:26:47.3099154Z Leader [vllm-deepseek-v3-2-w8a8-ep-422493-0] phase=Running ready=true
2026-04-16T17:26:49.4378133Z Worker [vllm-deepseek-v3-2-w8a8-ep-422493-0-1] phase=Running ready=true
2026-04-16T17:26:49.5611304Z Worker [vllm-deepseek-v3-2-w8a8-ep-422493-0-2] phase=Pending ready=
2026-04-16T17:26:49.6778010Z Leader [vllm-deepseek-v3-2-w8a8-ep-422493-0] phase=Running ready=true
2026-04-16T17:26:51.8016710Z Worker [vllm-deepseek-v3-2-w8a8-ep-422493-0-1] phase=Running ready=true
2026-04-16T17:26:51.9261358Z Worker [vllm-deepseek-v3-2-w8a8-ep-422493-0-2] phase=Pending ready=
2026-04-16T17:26:52.0462172Z Leader [vllm-deepseek-v3-2-w8a8-ep-422493-0] phase=Running ready=true
2026-04-16T17:26:54.1861788Z Worker [vllm-deepseek-v3-2-w8a8-ep-422493-0-1] phase=Running ready=true
2026-04-16T17:26:54.3085628Z Worker [vllm-deepseek-v3-2-w8a8-ep-422493-0-2] phase=Pending ready=
2026-04-16T17:26:54.4360104Z Leader [vllm-deepseek-v3-2-w8a8-ep-422493-0] phase=Running ready=true
2026-04-16T17:26:56.5718622Z Worker [vllm-deepseek-v3-2-w8a8-ep-422493-0-1] phase=Running ready=true
2026-04-16T17:26:56.6860863Z Worker [vllm-deepseek-v3-2-w8a8-ep-422493-0-2] phase=Pending ready=
2026-04-16T17:26:56.8059715Z Leader [vllm-deepseek-v3-2-w8a8-ep-422493-0] phase=Running ready=true
2026-04-16T17:26:58.9353612Z Worker [vllm-deepseek-v3-2-w8a8-ep-422493-0-1] phase=Running ready=true
2026-04-16T17:26:59.0506285Z Worker [vllm-deepseek-v3-2-w8a8-ep-422493-0-2] phase=Pending ready=
2026-04-16T17:26:59.1790795Z Leader [vllm-deepseek-v3-2-w8a8-ep-422493-0] phase=Running ready=true
2026-04-16T17:27:01.3036245Z Worker [vllm-deepseek-v3-2-w8a8-ep-422493-0-1] phase=Running ready=true
2026-04-16T17:27:01.4234709Z Worker [vllm-deepseek-v3-2-w8a8-ep-422493-0-2] phase=Pending ready=
2026-04-16T17:27:01.5368945Z Leader [vllm-deepseek-v3-2-w8a8-ep-422493-0] phase=Running ready=true
2026-04-16T17:27:03.6614056Z Worker [vllm-deepseek-v3-2-w8a8-ep-422493-0-1] phase=Running ready=true
2026-04-16T17:27:03.7861960Z Worker [vllm-deepseek-v3-2-w8a8-ep-422493-0-2] phase=Pending ready=
2026-04-16T17:27:03.9028142Z Leader [vllm-deepseek-v3-2-w8a8-ep-422493-0] phase=Running ready=true
2026-04-16T17:27:06.0306414Z Worker [vllm-deepseek-v3-2-w8a8-ep-422493-0-1] phase=Running ready=true
2026-04-16T17:27:06.1550968Z Worker [vllm-deepseek-v3-2-w8a8-ep-422493-0-2] phase=Pending ready=
2026-04-16T17:27:06.2658851Z Leader [vllm-deepseek-v3-2-w8a8-ep-422493-0] phase=Running ready=true
2026-04-16T17:27:08.3879173Z Worker [vllm-deepseek-v3-2-w8a8-ep-422493-0-1] phase=Running ready=true
2026-04-16T17:27:08.5110347Z Worker [vllm-deepseek-v3-2-w8a8-ep-422493-0-2] phase=Pending ready=
2026-04-16T17:27:08.6360220Z Leader [vllm-deepseek-v3-2-w8a8-ep-422493-0] phase=Running ready=true
2026-04-16T17:27:10.7716505Z Worker [vllm-deepseek-v3-2-w8a8-ep-422493-0-1] phase=Running ready=true
2026-04-16T17:27:10.8839743Z Worker [vllm-deepseek-v3-2-w8a8-ep-422493-0-2] phase=Pending ready=
2026-04-16T17:27:11.0097860Z Leader [vllm-deepseek-v3-2-w8a8-ep-422493-0] phase=Running ready=true
2026-04-16T17:27:13.1289526Z Worker [vllm-deepseek-v3-2-w8a8-ep-422493-0-1] phase=Running ready=true
2026-04-16T17:27:13.2438368Z Worker [vllm-deepseek-v3-2-w8a8-ep-422493-0-2] phase=Pending ready=
2026-04-16T17:27:13.3564030Z Leader [vllm-deepseek-v3-2-w8a8-ep-422493-0] phase=Running ready=true
2026-04-16T17:27:15.4853813Z Worker [vllm-deepseek-v3-2-w8a8-ep-422493-0-1] phase=Running ready=true
2026-04-16T17:27:15.6129690Z Worker [vllm-deepseek-v3-2-w8a8-ep-422493-0-2] phase=Pending ready=
2026-04-16T17:27:15.7364137Z Leader [vllm-deepseek-v3-2-w8a8-ep-422493-0] phase=Running ready=true
2026-04-16T17:27:17.8581876Z Worker [vllm-deepseek-v3-2-w8a8-ep-422493-0-1] phase=Running ready=true
2026-04-16T17:27:17.9794241Z Worker [vllm-deepseek-v3-2-w8a8-ep-422493-0-2] phase=Pending ready=
2026-04-16T17:27:18.0962760Z Leader [vllm-deepseek-v3-2-w8a8-ep-422493-0] phase=Running ready=true
2026-04-16T17:27:20.2237985Z Worker [vllm-deepseek-v3-2-w8a8-ep-422493-0-1] phase=Running ready=true
2026-04-16T17:27:20.3479773Z Worker [vllm-deepseek-v3-2-w8a8-ep-422493-0-2] phase=Pending ready=
2026-04-16T17:27:20.4710762Z Leader [vllm-deepseek-v3-2-w8a8-ep-422493-0] phase=Running ready=true
2026-04-16T17:27:22.6056169Z Worker [vllm-deepseek-v3-2-w8a8-ep-422493-0-1] phase=Running ready=true
2026-04-16T17:27:22.7410073Z Worker [vllm-deepseek-v3-2-w8a8-ep-422493-0-2] phase=Pending ready=
2026-04-16T17:27:22.8547966Z Leader [vllm-deepseek-v3-2-w8a8-ep-422493-0] phase=Running ready=true
2026-04-16T17:27:24.9794248Z Worker [vllm-deepseek-v3-2-w8a8-ep-422493-0-1] phase=Running ready=true
2026-04-16T17:27:25.1001708Z Worker [vllm-deepseek-v3-2-w8a8-ep-422493-0-2] phase=Pending ready=
2026-04-16T17:27:25.2215574Z Leader [vllm-deepseek-v3-2-w8a8-ep-422493-0] phase=Running ready=true
2026-04-16T17:27:27.3446804Z Worker [vllm-deepseek-v3-2-w8a8-ep-422493-0-1] phase=Running ready=true
2026-04-16T17:27:27.4624596Z Worker [vllm-deepseek-v3-2-w8a8-ep-422493-0-2] phase=Pending ready=
2026-04-16T17:27:27.5755798Z Leader [vllm-deepseek-v3-2-w8a8-ep-422493-0] phase=Running ready=true
2026-04-16T17:27:29.6983306Z Worker [vllm-deepseek-v3-2-w8a8-ep-422493-0-1] phase=Running ready=true
2026-04-16T17:27:29.8213123Z Worker [vllm-deepseek-v3-2-w8a8-ep-422493-0-2] phase=Pending ready=
2026-04-16T17:27:29.9473208Z Leader [vllm-deepseek-v3-2-w8a8-ep-422493-0] phase=Running ready=true
2026-04-16T17:27:32.0802143Z Worker [vllm-deepseek-v3-2-w8a8-ep-422493-0-1] phase=Running ready=true
2026-04-16T17:27:32.1982474Z Worker [vllm-deepseek-v3-2-w8a8-ep-422493-0-2] phase=Pending ready=
2026-04-16T17:27:32.3172934Z Leader [vllm-deepseek-v3-2-w8a8-ep-422493-0] phase=Running ready=true
2026-04-16T17:27:34.4396475Z Worker [vllm-deepseek-v3-2-w8a8-ep-422493-0-1] phase=Running ready=true
2026-04-16T17:27:34.5566538Z Worker [vllm-deepseek-v3-2-w8a8-ep-422493-0-2] phase=Pending ready=
2026-04-16T17:27:34.6845963Z Leader [vllm-deepseek-v3-2-w8a8-ep-422493-0] phase=Running ready=true
2026-04-16T17:27:36.8079445Z Worker [vllm-deepseek-v3-2-w8a8-ep-422493-0-1] phase=Running ready=true
2026-04-16T17:27:36.9343444Z Worker [vllm-deepseek-v3-2-w8a8-ep-422493-0-2] phase=Pending ready=
2026-04-16T17:27:37.0563458Z Leader [vllm-deepseek-v3-2-w8a8-ep-422493-0] phase=Running ready=true
2026-04-16T17:27:39.1870649Z Worker [vllm-deepseek-v3-2-w8a8-ep-422493-0-1] phase=Running ready=true
2026-04-16T17:27:39.3092098Z Worker [vllm-deepseek-v3-2-w8a8-ep-422493-0-2] phase=Pending ready=
2026-04-16T17:27:39.4296401Z Leader [vllm-deepseek-v3-2-w8a8-ep-422493-0] phase=Running ready=true
2026-04-16T17:27:41.5573902Z Worker [vllm-deepseek-v3-2-w8a8-ep-422493-0-1] phase=Running ready=true
2026-04-16T17:27:41.6771873Z Worker [vllm-deepseek-v3-2-w8a8-ep-422493-0-2] phase=Pending ready=
2026-04-16T17:27:41.7894577Z Leader [vllm-deepseek-v3-2-w8a8-ep-422493-0] phase=Running ready=true
2026-04-16T17:27:43.9134958Z Worker [vllm-deepseek-v3-2-w8a8-ep-422493-0-1] phase=Running ready=true
2026-04-16T17:27:44.0455568Z Worker [vllm-deepseek-v3-2-w8a8-ep-422493-0-2] phase=Pending ready=
2026-04-16T17:27:44.1942431Z Leader [vllm-deepseek-v3-2-w8a8-ep-422493-0] phase=Running ready=true
2026-04-16T17:27:46.3223636Z Worker [vllm-deepseek-v3-2-w8a8-ep-422493-0-1] phase=Running ready=true
2026-04-16T17:27:46.4405579Z Worker [vllm-deepseek-v3-2-w8a8-ep-422493-0-2] phase=Pending ready=
2026-04-16T17:27:46.5741168Z Leader [vllm-deepseek-v3-2-w8a8-ep-422493-0] phase=Running ready=true
2026-04-16T17:27:48.6930972Z Worker [vllm-deepseek-v3-2-w8a8-ep-422493-0-1] phase=Running ready=true
2026-04-16T17:27:48.8095289Z Worker [vllm-deepseek-v3-2-w8a8-ep-422493-0-2] phase=Pending ready=
2026-04-16T17:27:48.9302261Z Leader [vllm-deepseek-v3-2-w8a8-ep-422493-0] phase=Running ready=true
2026-04-16T17:27:51.0537007Z Worker [vllm-deepseek-v3-2-w8a8-ep-422493-0-1] phase=Running ready=true
2026-04-16T17:27:51.1889520Z Worker [vllm-deepseek-v3-2-w8a8-ep-422493-0-2] phase=Pending ready=
2026-04-16T17:27:51.3050984Z Leader [vllm-deepseek-v3-2-w8a8-ep-422493-0] phase=Running ready=true
2026-04-16T17:27:53.4353099Z Worker [vllm-deepseek-v3-2-w8a8-ep-422493-0-1] phase=Running ready=true
2026-04-16T17:27:53.5490483Z Worker [vllm-deepseek-v3-2-w8a8-ep-422493-0-2] phase=Pending ready=
2026-04-16T17:27:53.6740325Z Leader [vllm-deepseek-v3-2-w8a8-ep-422493-0] phase=Running ready=true
2026-04-16T17:27:55.7924247Z Worker [vllm-deepseek-v3-2-w8a8-ep-422493-0-1] phase=Running ready=true
2026-04-16T17:27:55.9049011Z Worker [vllm-deepseek-v3-2-w8a8-ep-422493-0-2] phase=Pending ready=
2026-04-16T17:27:56.0222093Z Leader [vllm-deepseek-v3-2-w8a8-ep-422493-0] phase=Running ready=true
2026-04-16T17:27:58.1512365Z Worker [vllm-deepseek-v3-2-w8a8-ep-422493-0-1] phase=Running ready=true
2026-04-16T17:27:58.2823510Z Worker [vllm-deepseek-v3-2-w8a8-ep-422493-0-2] phase=Pending ready=
2026-04-16T17:27:58.3969667Z Leader [vllm-deepseek-v3-2-w8a8-ep-422493-0] phase=Running ready=true
2026-04-16T17:28:00.5476580Z Worker [vllm-deepseek-v3-2-w8a8-ep-422493-0-1] phase=Running ready=true
2026-04-16T17:28:00.6653138Z Worker [vllm-deepseek-v3-2-w8a8-ep-422493-0-2] phase=Pending ready=
2026-04-16T17:28:00.7989657Z Leader [vllm-deepseek-v3-2-w8a8-ep-422493-0] phase=Running ready=true
2026-04-16T17:28:02.9373008Z Worker [vllm-deepseek-v3-2-w8a8-ep-422493-0-1] phase=Running ready=true
2026-04-16T17:28:03.0584169Z Worker [vllm-deepseek-v3-2-w8a8-ep-422493-0-2] phase=Pending ready=
2026-04-16T17:28:03.1778008Z Leader [vllm-deepseek-v3-2-w8a8-ep-422493-0] phase=Running ready=true
2026-04-16T17:28:05.2990565Z Worker [vllm-deepseek-v3-2-w8a8-ep-422493-0-1] phase=Running ready=true
2026-04-16T17:28:05.4273967Z Worker [vllm-deepseek-v3-2-w8a8-ep-422493-0-2] phase=Pending ready=
2026-04-16T17:28:05.5421883Z Leader [vllm-deepseek-v3-2-w8a8-ep-422493-0] phase=Running ready=true
2026-04-16T17:28:07.6632790Z Worker [vllm-deepseek-v3-2-w8a8-ep-422493-0-1] phase=Running ready=true
2026-04-16T17:28:07.7803091Z Worker [vllm-deepseek-v3-2-w8a8-ep-422493-0-2] phase=Pending ready=
2026-04-16T17:28:07.8976459Z Leader [vllm-deepseek-v3-2-w8a8-ep-422493-0] phase=Running ready=true
2026-04-16T17:28:10.0143972Z Worker [vllm-deepseek-v3-2-w8a8-ep-422493-0-1] phase=Running ready=true
2026-04-16T17:28:10.1272475Z Worker [vllm-deepseek-v3-2-w8a8-ep-422493-0-2] phase=Pending ready=
2026-04-16T17:28:10.2520486Z Leader [vllm-deepseek-v3-2-w8a8-ep-422493-0] phase=Running ready=true
2026-04-16T17:28:12.3726209Z Worker [vllm-deepseek-v3-2-w8a8-ep-422493-0-1] phase=Running ready=true
2026-04-16T17:28:12.5006046Z Worker [vllm-deepseek-v3-2-w8a8-ep-422493-0-2] phase=Pending ready=
2026-04-16T17:28:12.6103892Z Leader [vllm-deepseek-v3-2-w8a8-ep-422493-0] phase=Running ready=true
2026-04-16T17:28:14.7296285Z Worker [vllm-deepseek-v3-2-w8a8-ep-422493-0-1] phase=Running ready=true
2026-04-16T17:28:14.8391055Z Worker [vllm-deepseek-v3-2-w8a8-ep-422493-0-2] phase=Pending ready=
2026-04-16T17:28:14.9503954Z Leader [vllm-deepseek-v3-2-w8a8-ep-422493-0] phase=Running ready=true
2026-04-16T17:28:17.0704661Z Worker [vllm-deepseek-v3-2-w8a8-ep-422493-0-1] phase=Running ready=true
2026-04-16T17:28:17.1857631Z Worker [vllm-deepseek-v3-2-w8a8-ep-422493-0-2] phase=Pending ready=
2026-04-16T17:28:17.3018602Z Leader [vllm-deepseek-v3-2-w8a8-ep-422493-0] phase=Running ready=true
2026-04-16T17:28:19.4246476Z Worker [vllm-deepseek-v3-2-w8a8-ep-422493-0-1] phase=Running ready=true
2026-04-16T17:28:19.5365393Z Worker [vllm-deepseek-v3-2-w8a8-ep-422493-0-2] phase=Pending ready=
2026-04-16T17:28:19.6487499Z Leader [vllm-deepseek-v3-2-w8a8-ep-422493-0] phase=Running ready=true
2026-04-16T17:28:21.7681494Z Worker [vllm-deepseek-v3-2-w8a8-ep-422493-0-1] phase=Running ready=true
2026-04-16T17:28:21.8904087Z Worker [vllm-deepseek-v3-2-w8a8-ep-422493-0-2] phase=Pending ready=
2026-04-16T17:28:22.0111788Z Leader [vllm-deepseek-v3-2-w8a8-ep-422493-0] phase=Running ready=true
2026-04-16T17:28:24.1345495Z Worker [vllm-deepseek-v3-2-w8a8-ep-422493-0-1] phase=Running ready=true
2026-04-16T17:28:24.2493440Z Worker [vllm-deepseek-v3-2-w8a8-ep-422493-0-2] phase=Pending ready=
2026-04-16T17:28:24.3686795Z Leader [vllm-deepseek-v3-2-w8a8-ep-422493-0] phase=Running ready=true
2026-04-16T17:28:26.4852026Z Worker [vllm-deepseek-v3-2-w8a8-ep-422493-0-1] phase=Running ready=true
2026-04-16T17:28:26.5999172Z Worker [vllm-deepseek-v3-2-w8a8-ep-422493-0-2] phase=Pending ready=
2026-04-16T17:28:26.7264472Z Leader [vllm-deepseek-v3-2-w8a8-ep-422493-0] phase=Running ready=true
2026-04-16T17:28:28.8464411Z Worker [vllm-deepseek-v3-2-w8a8-ep-422493-0-1] phase=Running ready=true
2026-04-16T17:28:28.9620337Z Worker [vllm-deepseek-v3-2-w8a8-ep-422493-0-2] phase=Pending ready=
2026-04-16T17:28:29.0771543Z Leader [vllm-deepseek-v3-2-w8a8-ep-422493-0] phase=Running ready=true
2026-04-16T17:28:31.1922054Z Worker [vllm-deepseek-v3-2-w8a8-ep-422493-0-1] phase=Running ready=true
2026-04-16T17:28:31.3014467Z Worker [vllm-deepseek-v3-2-w8a8-ep-422493-0-2] phase=Pending ready=
2026-04-16T17:28:31.4222930Z Leader [vllm-deepseek-v3-2-w8a8-ep-422493-0] phase=Running ready=true
2026-04-16T17:28:33.5442737Z Worker [vllm-deepseek-v3-2-w8a8-ep-422493-0-1] phase=Running ready=true
2026-04-16T17:28:33.6711440Z Worker [vllm-deepseek-v3-2-w8a8-ep-422493-0-2] phase=Pending ready=
2026-04-16T17:28:33.7945396Z Leader [vllm-deepseek-v3-2-w8a8-ep-422493-0] phase=Running ready=true
2026-04-16T17:28:35.9201197Z Worker [vllm-deepseek-v3-2-w8a8-ep-422493-0-1] phase=Running ready=true
2026-04-16T17:28:36.0451941Z Worker [vllm-deepseek-v3-2-w8a8-ep-422493-0-2] phase=Pending ready=
2026-04-16T17:28:36.1683084Z Leader [vllm-deepseek-v3-2-w8a8-ep-422493-0] phase=Running ready=true
2026-04-16T17:28:38.2970139Z Worker [vllm-deepseek-v3-2-w8a8-ep-422493-0-1] phase=Running ready=true
2026-04-16T17:28:38.4480429Z Worker [vllm-deepseek-v3-2-w8a8-ep-422493-0-2] phase=Pending ready=
2026-04-16T17:28:38.5810042Z Leader [vllm-deepseek-v3-2-w8a8-ep-422493-0] phase=Running ready=true
2026-04-16T17:28:40.7000029Z Worker [vllm-deepseek-v3-2-w8a8-ep-422493-0-1] phase=Running ready=true
2026-04-16T17:28:40.8238098Z Worker [vllm-deepseek-v3-2-w8a8-ep-422493-0-2] phase=Pending ready=
2026-04-16T17:28:40.9434507Z Leader [vllm-deepseek-v3-2-w8a8-ep-422493-0] phase=Running ready=true
2026-04-16T17:28:43.0707359Z Worker [vllm-deepseek-v3-2-w8a8-ep-422493-0-1] phase=Running ready=true
2026-04-16T17:28:43.1913839Z Worker [vllm-deepseek-v3-2-w8a8-ep-422493-0-2] phase=Pending ready=
2026-04-16T17:28:43.3198752Z Leader [vllm-deepseek-v3-2-w8a8-ep-422493-0] phase=Running ready=true
2026-04-16T17:28:45.4408958Z Worker [vllm-deepseek-v3-2-w8a8-ep-422493-0-1] phase=Running ready=true
2026-04-16T17:28:45.5524648Z Worker [vllm-deepseek-v3-2-w8a8-ep-422493-0-2] phase=Pending ready=
2026-04-16T17:28:45.6715846Z Leader [vllm-deepseek-v3-2-w8a8-ep-422493-0] phase=Running ready=true
2026-04-16T17:28:47.7886497Z Worker [vllm-deepseek-v3-2-w8a8-ep-422493-0-1] phase=Running ready=true
2026-04-16T17:28:47.9135919Z Worker [vllm-deepseek-v3-2-w8a8-ep-422493-0-2] phase=Pending ready=
2026-04-16T17:28:48.0352858Z Leader [vllm-deepseek-v3-2-w8a8-ep-422493-0] phase=Running ready=true
2026-04-16T17:28:50.1506391Z Worker [vllm-deepseek-v3-2-w8a8-ep-422493-0-1] phase=Running ready=true
2026-04-16T17:28:50.2719643Z Worker [vllm-deepseek-v3-2-w8a8-ep-422493-0-2] phase=Pending ready=
2026-04-16T17:28:50.3895457Z Leader [vllm-deepseek-v3-2-w8a8-ep-422493-0] phase=Running ready=true
2026-04-16T17:28:52.5051380Z Worker [vllm-deepseek-v3-2-w8a8-ep-422493-0-1] phase=Running ready=true
2026-04-16T17:28:52.6171434Z Worker [vllm-deepseek-v3-2-w8a8-ep-422493-0-2] phase=Pending ready=
2026-04-16T17:28:52.7393467Z Leader [vllm-deepseek-v3-2-w8a8-ep-422493-0] phase=Running ready=true
2026-04-16T17:28:54.8593547Z Worker [vllm-deepseek-v3-2-w8a8-ep-422493-0-1] phase=Running ready=true
2026-04-16T17:28:54.9721500Z Worker [vllm-deepseek-v3-2-w8a8-ep-422493-0-2] phase=Pending ready=
2026-04-16T17:28:55.0873672Z Leader [vllm-deepseek-v3-2-w8a8-ep-422493-0] phase=Running ready=true
2026-04-16T17:28:57.2111286Z Worker [vllm-deepseek-v3-2-w8a8-ep-422493-0-1] phase=Running ready=true
2026-04-16T17:28:57.3378249Z Worker [vllm-deepseek-v3-2-w8a8-ep-422493-0-2] phase=Pending ready=
2026-04-16T17:28:57.4555728Z Leader [vllm-deepseek-v3-2-w8a8-ep-422493-0] phase=Running ready=true
2026-04-16T17:28:59.5782278Z Worker [vllm-deepseek-v3-2-w8a8-ep-422493-0-1] phase=Running ready=true
2026-04-16T17:28:59.6890746Z Worker [vllm-deepseek-v3-2-w8a8-ep-422493-0-2] phase=Pending ready=
2026-04-16T17:28:59.8026372Z Leader [vllm-deepseek-v3-2-w8a8-ep-422493-0] phase=Running ready=true
2026-04-16T17:29:01.9207116Z Worker [vllm-deepseek-v3-2-w8a8-ep-422493-0-1] phase=Running ready=true
2026-04-16T17:29:02.0377483Z Worker [vllm-deepseek-v3-2-w8a8-ep-422493-0-2] phase=Pending ready=
2026-04-16T17:29:02.1616568Z Leader [vllm-deepseek-v3-2-w8a8-ep-422493-0] phase=Running ready=true
2026-04-16T17:29:04.2823020Z Worker [vllm-deepseek-v3-2-w8a8-ep-422493-0-1] phase=Running ready=true
2026-04-16T17:29:04.4008658Z Worker [vllm-deepseek-v3-2-w8a8-ep-422493-0-2] phase=Pending ready=
2026-04-16T17:29:04.5194402Z Leader [vllm-deepseek-v3-2-w8a8-ep-422493-0] phase=Running ready=true
2026-04-16T17:29:06.6328458Z Worker [vllm-deepseek-v3-2-w8a8-ep-422493-0-1] phase=Running ready=true
2026-04-16T17:29:06.7421898Z Worker [vllm-deepseek-v3-2-w8a8-ep-422493-0-2] phase=Pending ready=
2026-04-16T17:29:06.8584970Z Leader [vllm-deepseek-v3-2-w8a8-ep-422493-0] phase=Running ready=true
2026-04-16T17:29:08.9805086Z Worker [vllm-deepseek-v3-2-w8a8-ep-422493-0-1] phase=Running ready=true
2026-04-16T17:29:09.0936710Z Worker [vllm-deepseek-v3-2-w8a8-ep-422493-0-2] phase=Pending ready=
2026-04-16T17:29:09.2042591Z Leader [vllm-deepseek-v3-2-w8a8-ep-422493-0] phase=Running ready=true
2026-04-16T17:29:11.3289966Z Worker [vllm-deepseek-v3-2-w8a8-ep-422493-0-1] phase=Running ready=true
2026-04-16T17:29:11.4501118Z Worker [vllm-deepseek-v3-2-w8a8-ep-422493-0-2] phase=Pending ready=
2026-04-16T17:29:11.5741263Z Leader [vllm-deepseek-v3-2-w8a8-ep-422493-0] phase=Running ready=true
2026-04-16T17:29:13.6994098Z Worker [vllm-deepseek-v3-2-w8a8-ep-422493-0-1] phase=Running ready=true
2026-04-16T17:29:13.8208984Z Worker [vllm-deepseek-v3-2-w8a8-ep-422493-0-2] phase=Pending ready=
2026-04-16T17:29:13.9391753Z Leader [vllm-deepseek-v3-2-w8a8-ep-422493-0] phase=Running ready=true
2026-04-16T17:29:16.0591496Z Worker [vllm-deepseek-v3-2-w8a8-ep-422493-0-1] phase=Running ready=true
2026-04-16T17:29:16.1888865Z Worker [vllm-deepseek-v3-2-w8a8-ep-422493-0-2] phase=Pending ready=
2026-04-16T17:29:16.3116659Z Leader [vllm-deepseek-v3-2-w8a8-ep-422493-0] phase=Running ready=true
2026-04-16T17:29:18.4285278Z Worker [vllm-deepseek-v3-2-w8a8-ep-422493-0-1] phase=Running ready=true
2026-04-16T17:29:18.5430373Z Worker [vllm-deepseek-v3-2-w8a8-ep-422493-0-2] phase=Pending ready=
2026-04-16T17:29:18.6646587Z Leader [vllm-deepseek-v3-2-w8a8-ep-422493-0] phase=Running ready=true
2026-04-16T17:29:20.7828839Z Worker [vllm-deepseek-v3-2-w8a8-ep-422493-0-1] phase=Running ready=true
2026-04-16T17:29:20.8922922Z Worker [vllm-deepseek-v3-2-w8a8-ep-422493-0-2] phase=Pending ready=
2026-04-16T17:29:21.0058642Z Leader [vllm-deepseek-v3-2-w8a8-ep-422493-0] phase=Running ready=true
2026-04-16T17:29:23.1306236Z Worker [vllm-deepseek-v3-2-w8a8-ep-422493-0-1] phase=Running ready=true
2026-04-16T17:29:23.2520008Z Worker [vllm-deepseek-v3-2-w8a8-ep-422493-0-2] phase=Pending ready=
2026-04-16T17:29:23.3648392Z Leader [vllm-deepseek-v3-2-w8a8-ep-422493-0] phase=Running ready=true
2026-04-16T17:29:25.4978355Z Worker [vllm-deepseek-v3-2-w8a8-ep-422493-0-1] phase=Running ready=true
2026-04-16T17:29:25.6363268Z Worker [vllm-deepseek-v3-2-w8a8-ep-422493-0-2] phase=Pending ready=
2026-04-16T17:29:25.7495572Z Leader [vllm-deepseek-v3-2-w8a8-ep-422493-0] phase=Running ready=true
2026-04-16T17:29:27.8840682Z Worker [vllm-deepseek-v3-2-w8a8-ep-422493-0-1] phase=Running ready=true
2026-04-16T17:29:27.9985087Z Worker [vllm-deepseek-v3-2-w8a8-ep-422493-0-2] phase=Pending ready=
2026-04-16T17:29:28.1091328Z Leader [vllm-deepseek-v3-2-w8a8-ep-422493-0] phase=Running ready=true
2026-04-16T17:29:30.2462559Z Worker [vllm-deepseek-v3-2-w8a8-ep-422493-0-1] phase=Running ready=true
2026-04-16T17:29:30.3654859Z Worker [vllm-deepseek-v3-2-w8a8-ep-422493-0-2] phase=Pending ready=
2026-04-16T17:29:30.4919945Z Leader [vllm-deepseek-v3-2-w8a8-ep-422493-0] phase=Running ready=true
2026-04-16T17:29:32.6114876Z Worker [vllm-deepseek-v3-2-w8a8-ep-422493-0-1] phase=Running ready=true
2026-04-16T17:29:32.7324751Z Worker [vllm-deepseek-v3-2-w8a8-ep-422493-0-2] phase=Pending ready=
2026-04-16T17:29:32.8509613Z Leader [vllm-deepseek-v3-2-w8a8-ep-422493-0] phase=Running ready=true
2026-04-16T17:29:34.9848073Z Worker [vllm-deepseek-v3-2-w8a8-ep-422493-0-1] phase=Running ready=true
2026-04-16T17:29:35.1040692Z Worker [vllm-deepseek-v3-2-w8a8-ep-422493-0-2] phase=Pending ready=
2026-04-16T17:29:35.2244876Z Leader [vllm-deepseek-v3-2-w8a8-ep-422493-0] phase=Running ready=true
2026-04-16T17:29:37.3493138Z Worker [vllm-deepseek-v3-2-w8a8-ep-422493-0-1] phase=Running ready=true
2026-04-16T17:29:37.4778052Z Worker [vllm-deepseek-v3-2-w8a8-ep-422493-0-2] phase=Pending ready=
2026-04-16T17:29:37.5922651Z Leader [vllm-deepseek-v3-2-w8a8-ep-422493-0] phase=Running ready=true
2026-04-16T17:29:39.7167451Z Worker [vllm-deepseek-v3-2-w8a8-ep-422493-0-1] phase=Running ready=true
2026-04-16T17:29:39.8387332Z Worker [vllm-deepseek-v3-2-w8a8-ep-422493-0-2] phase=Pending ready=
2026-04-16T17:29:39.9598504Z Leader [vllm-deepseek-v3-2-w8a8-ep-422493-0] phase=Running ready=true
2026-04-16T17:29:42.0936863Z Worker [vllm-deepseek-v3-2-w8a8-ep-422493-0-1] phase=Running ready=true
2026-04-16T17:29:42.2239213Z Worker [vllm-deepseek-v3-2-w8a8-ep-422493-0-2] phase=Pending ready=
2026-04-16T17:29:42.3499464Z Leader [vllm-deepseek-v3-2-w8a8-ep-422493-0] phase=Running ready=true
2026-04-16T17:29:44.4865061Z Worker [vllm-deepseek-v3-2-w8a8-ep-422493-0-1] phase=Running ready=true
2026-04-16T17:29:44.6032319Z Worker [vllm-deepseek-v3-2-w8a8-ep-422493-0-2] phase=Pending ready=
2026-04-16T17:29:44.7202728Z Leader [vllm-deepseek-v3-2-w8a8-ep-422493-0] phase=Running ready=true
2026-04-16T17:29:46.8383807Z Worker [vllm-deepseek-v3-2-w8a8-ep-422493-0-1] phase=Running ready=true
2026-04-16T17:29:46.9585673Z Worker [vllm-deepseek-v3-2-w8a8-ep-422493-0-2] phase=Pending ready=
2026-04-16T17:29:47.0761501Z Leader [vllm-deepseek-v3-2-w8a8-ep-422493-0] phase=Running ready=true
2026-04-16T17:29:49.1940592Z Worker [vllm-deepseek-v3-2-w8a8-ep-422493-0-1] phase=Running ready=true
2026-04-16T17:29:49.3158916Z Worker [vllm-deepseek-v3-2-w8a8-ep-422493-0-2] phase=Pending ready=
2026-04-16T17:29:49.4317550Z Leader [vllm-deepseek-v3-2-w8a8-ep-422493-0] phase=Running ready=true
2026-04-16T17:29:51.5501934Z Worker [vllm-deepseek-v3-2-w8a8-ep-422493-0-1] phase=Running ready=true
2026-04-16T17:29:51.6665911Z Worker [vllm-deepseek-v3-2-w8a8-ep-422493-0-2] phase=Pending ready=
2026-04-16T17:29:51.7837521Z Leader [vllm-deepseek-v3-2-w8a8-ep-422493-0] phase=Running ready=true
2026-04-16T17:29:53.9117060Z Worker [vllm-deepseek-v3-2-w8a8-ep-422493-0-1] phase=Running ready=true
2026-04-16T17:29:54.0248212Z Worker [vllm-deepseek-v3-2-w8a8-ep-422493-0-2] phase=Pending ready=
2026-04-16T17:29:54.1576443Z Leader [vllm-deepseek-v3-2-w8a8-ep-422493-0] phase=Running ready=true
2026-04-16T17:29:56.2824561Z Worker [vllm-deepseek-v3-2-w8a8-ep-422493-0-1] phase=Running ready=true
2026-04-16T17:29:56.4010665Z Worker [vllm-deepseek-v3-2-w8a8-ep-422493-0-2] phase=Pending ready=
2026-04-16T17:29:56.5296224Z Leader [vllm-deepseek-v3-2-w8a8-ep-422493-0] phase=Running ready=true
2026-04-16T17:29:58.6543750Z Worker [vllm-deepseek-v3-2-w8a8-ep-422493-0-1] phase=Running ready=true
2026-04-16T17:29:58.7730930Z Worker [vllm-deepseek-v3-2-w8a8-ep-422493-0-2] phase=Pending ready=
2026-04-16T17:29:58.8930441Z Leader [vllm-deepseek-v3-2-w8a8-ep-422493-0] phase=Running ready=true
2026-04-16T17:30:01.0217224Z Worker [vllm-deepseek-v3-2-w8a8-ep-422493-0-1] phase=Running ready=true
2026-04-16T17:30:01.1367538Z Worker [vllm-deepseek-v3-2-w8a8-ep-422493-0-2] phase=Pending ready=
2026-04-16T17:30:01.2615258Z Leader [vllm-deepseek-v3-2-w8a8-ep-422493-0] phase=Running ready=true
2026-04-16T17:30:03.6203642Z Worker [vllm-deepseek-v3-2-w8a8-ep-422493-0-1] phase=Running ready=true
2026-04-16T17:30:03.7339394Z Worker [vllm-deepseek-v3-2-w8a8-ep-422493-0-2] phase=Pending ready=
2026-04-16T17:30:03.8534510Z Leader [vllm-deepseek-v3-2-w8a8-ep-422493-0] phase=Running ready=true
2026-04-16T17:30:05.9751234Z Worker [vllm-deepseek-v3-2-w8a8-ep-422493-0-1] phase=Running ready=true
2026-04-16T17:30:06.0893766Z Worker [vllm-deepseek-v3-2-w8a8-ep-422493-0-2] phase=Pending ready=
2026-04-16T17:30:06.2047499Z Leader [vllm-deepseek-v3-2-w8a8-ep-422493-0] phase=Running ready=true
2026-04-16T17:30:08.3239039Z Worker [vllm-deepseek-v3-2-w8a8-ep-422493-0-1] phase=Running ready=true
2026-04-16T17:30:08.4444848Z Worker [vllm-deepseek-v3-2-w8a8-ep-422493-0-2] phase=Pending ready=
2026-04-16T17:30:08.5681165Z Leader [vllm-deepseek-v3-2-w8a8-ep-422493-0] phase=Running ready=true
2026-04-16T17:30:10.6863874Z Worker [vllm-deepseek-v3-2-w8a8-ep-422493-0-1] phase=Running ready=true
2026-04-16T17:30:10.8034631Z Worker [vllm-deepseek-v3-2-w8a8-ep-422493-0-2] phase=Pending ready=
2026-04-16T17:30:10.9208422Z Leader [vllm-deepseek-v3-2-w8a8-ep-422493-0] phase=Running ready=true
2026-04-16T17:30:13.0492468Z Worker [vllm-deepseek-v3-2-w8a8-ep-422493-0-1] phase=Running ready=true
2026-04-16T17:30:13.1911861Z Worker [vllm-deepseek-v3-2-w8a8-ep-422493-0-2] phase=Pending ready=
2026-04-16T17:30:13.3179730Z Leader [vllm-deepseek-v3-2-w8a8-ep-422493-0] phase=Running ready=true
2026-04-16T17:30:15.4424700Z Worker [vllm-deepseek-v3-2-w8a8-ep-422493-0-1] phase=Running ready=true
2026-04-16T17:30:15.5558126Z Worker [vllm-deepseek-v3-2-w8a8-ep-422493-0-2] phase=Pending ready=
2026-04-16T17:30:15.6769293Z Leader [vllm-deepseek-v3-2-w8a8-ep-422493-0] phase=Running ready=true
2026-04-16T17:30:17.7961257Z Worker [vllm-deepseek-v3-2-w8a8-ep-422493-0-1] phase=Running ready=true
2026-04-16T17:30:17.9094331Z Worker [vllm-deepseek-v3-2-w8a8-ep-422493-0-2] phase=Pending ready=
2026-04-16T17:30:18.0278855Z Leader [vllm-deepseek-v3-2-w8a8-ep-422493-0] phase=Running ready=true
2026-04-16T17:30:20.1501748Z Worker [vllm-deepseek-v3-2-w8a8-ep-422493-0-1] phase=Running ready=true
2026-04-16T17:30:20.2652909Z Worker [vllm-deepseek-v3-2-w8a8-ep-422493-0-2] phase=Pending ready=
2026-04-16T17:30:20.3835660Z Leader [vllm-deepseek-v3-2-w8a8-ep-422493-0] phase=Running ready=true
2026-04-16T17:30:22.5433964Z Worker [vllm-deepseek-v3-2-w8a8-ep-422493-0-1] phase=Running ready=true
2026-04-16T17:30:22.6630290Z Worker [vllm-deepseek-v3-2-w8a8-ep-422493-0-2] phase=Pending ready=
2026-04-16T17:30:22.7842975Z Leader [vllm-deepseek-v3-2-w8a8-ep-422493-0] phase=Running ready=true
2026-04-16T17:30:24.9117180Z Worker [vllm-deepseek-v3-2-w8a8-ep-422493-0-1] phase=Running ready=true
2026-04-16T17:30:25.0512575Z Worker [vllm-deepseek-v3-2-w8a8-ep-422493-0-2] phase=Pending ready=
2026-04-16T17:30:25.1702909Z Leader [vllm-deepseek-v3-2-w8a8-ep-422493-0] phase=Running ready=true
2026-04-16T17:30:27.3000544Z Worker [vllm-deepseek-v3-2-w8a8-ep-422493-0-1] phase=Running ready=true
2026-04-16T17:30:27.4227297Z Worker [vllm-deepseek-v3-2-w8a8-ep-422493-0-2] phase=Pending ready=
2026-04-16T17:30:27.5428717Z Leader [vllm-deepseek-v3-2-w8a8-ep-422493-0] phase=Running ready=true
2026-04-16T17:30:29.6682118Z Worker [vllm-deepseek-v3-2-w8a8-ep-422493-0-1] phase=Running ready=true
2026-04-16T17:30:29.7871096Z Worker [vllm-deepseek-v3-2-w8a8-ep-422493-0-2] phase=Pending ready=
2026-04-16T17:30:29.9030179Z Leader [vllm-deepseek-v3-2-w8a8-ep-422493-0] phase=Running ready=true
2026-04-16T17:30:32.0224004Z Worker [vllm-deepseek-v3-2-w8a8-ep-422493-0-1] phase=Running ready=true
2026-04-16T17:30:32.1413536Z Worker [vllm-deepseek-v3-2-w8a8-ep-422493-0-2] phase=Pending ready=
2026-04-16T17:30:32.2550971Z Leader [vllm-deepseek-v3-2-w8a8-ep-422493-0] phase=Running ready=true
2026-04-16T17:30:34.3841927Z Worker [vllm-deepseek-v3-2-w8a8-ep-422493-0-1] phase=Running ready=true
2026-04-16T17:30:34.4985327Z Worker [vllm-deepseek-v3-2-w8a8-ep-422493-0-2] phase=Pending ready=
2026-04-16T17:30:34.6125665Z Leader [vllm-deepseek-v3-2-w8a8-ep-422493-0] phase=Running ready=true
2026-04-16T17:30:36.7334177Z Worker [vllm-deepseek-v3-2-w8a8-ep-422493-0-1] phase=Running ready=true
2026-04-16T17:30:36.8521700Z Worker [vllm-deepseek-v3-2-w8a8-ep-422493-0-2] phase=Pending ready=
2026-04-16T17:30:36.9725751Z Leader [vllm-deepseek-v3-2-w8a8-ep-422493-0] phase=Running ready=true
2026-04-16T17:30:39.0941110Z Worker [vllm-deepseek-v3-2-w8a8-ep-422493-0-1] phase=Running ready=true
2026-04-16T17:30:39.2061766Z Worker [vllm-deepseek-v3-2-w8a8-ep-422493-0-2] phase=Pending ready=
2026-04-16T17:30:39.3215938Z Leader [vllm-deepseek-v3-2-w8a8-ep-422493-0] phase=Running ready=true
2026-04-16T17:30:41.4519463Z Worker [vllm-deepseek-v3-2-w8a8-ep-422493-0-1] phase=Running ready=true
2026-04-16T17:30:41.5682139Z Worker [vllm-deepseek-v3-2-w8a8-ep-422493-0-2] phase=Pending ready=
2026-04-16T17:30:41.6843877Z Leader [vllm-deepseek-v3-2-w8a8-ep-422493-0] phase=Running ready=true
2026-04-16T17:30:43.8049047Z Worker [vllm-deepseek-v3-2-w8a8-ep-422493-0-1] phase=Running ready=true
2026-04-16T17:30:43.9193158Z Worker [vllm-deepseek-v3-2-w8a8-ep-422493-0-2] phase=Pending ready=
2026-04-16T17:30:44.0335273Z Leader [vllm-deepseek-v3-2-w8a8-ep-422493-0] phase=Running ready=true
2026-04-16T17:30:46.1505490Z Worker [vllm-deepseek-v3-2-w8a8-ep-422493-0-1] phase=Running ready=true
2026-04-16T17:30:46.2670043Z Worker [vllm-deepseek-v3-2-w8a8-ep-422493-0-2] phase=Pending ready=
2026-04-16T17:30:46.3795648Z Leader [vllm-deepseek-v3-2-w8a8-ep-422493-0] phase=Running ready=true
2026-04-16T17:30:48.4971508Z Worker [vllm-deepseek-v3-2-w8a8-ep-422493-0-1] phase=Running ready=true
2026-04-16T17:30:48.6135686Z Worker [vllm-deepseek-v3-2-w8a8-ep-422493-0-2] phase=Pending ready=
2026-04-16T17:30:48.7298295Z Leader [vllm-deepseek-v3-2-w8a8-ep-422493-0] phase=Running ready=true
2026-04-16T17:30:50.8397864Z Worker [vllm-deepseek-v3-2-w8a8-ep-422493-0-1] phase=Running ready=true
2026-04-16T17:30:50.9578918Z Worker [vllm-deepseek-v3-2-w8a8-ep-422493-0-2] phase=Pending ready=
2026-04-16T17:30:51.0822745Z Leader [vllm-deepseek-v3-2-w8a8-ep-422493-0] phase=Running ready=true
2026-04-16T17:30:53.0846375Z Timeout reached after 1202s, dumping pod status:
2026-04-16T17:30:53.1515514Z NAME                                             READY   STATUS    RESTARTS   AGE
2026-04-16T17:30:53.1516105Z linux-aarch64-a3-0-ggwx6-runner-q78bg            1/1     Running   0          21m
2026-04-16T17:30:53.1516785Z linux-aarch64-a3-0-ggwx6-runner-q78bg-workflow   1/1     Running   0          20m
2026-04-16T17:30:53.1517369Z linux-aarch64-a3-2-nqp5k-runner-4fgm5            1/1     Running   0          89m
2026-04-16T17:30:53.1517914Z linux-aarch64-a3-2-nqp5k-runner-4fgm5-workflow   1/1     Running   0          88m
2026-04-16T17:30:53.1518474Z linux-aarch64-a3-2-nqp5k-runner-dhc7g            1/1     Running   0          102m
2026-04-16T17:30:53.1519051Z linux-aarch64-a3-2-nqp5k-runner-dhc7g-workflow   1/1     Running   0          101m
2026-04-16T17:30:53.1519607Z linux-aarch64-a3-2-nqp5k-runner-vcbvf            1/1     Running   0          102m
2026-04-16T17:30:53.1520292Z linux-aarch64-a3-2-nqp5k-runner-vcbvf-workflow   1/1     Running   0          101m
2026-04-16T17:30:53.1520852Z linux-aarch64-a3-2-nqp5k-runner-zgbkn            1/1     Running   0          89m
2026-04-16T17:30:53.1521394Z linux-aarch64-a3-2-nqp5k-runner-zgbkn-workflow   1/1     Running   0          88m
2026-04-16T17:30:53.1521954Z linux-aarch64-a3-4-92cdc-runner-6cbx2            1/1     Running   0          128m
2026-04-16T17:30:53.1522502Z linux-aarch64-a3-4-92cdc-runner-6cbx2-workflow   1/1     Running   0          127m
2026-04-16T17:30:53.1523042Z linux-aarch64-a3-4-92cdc-runner-6gkqj            1/1     Running   0          89m
2026-04-16T17:30:53.1523628Z linux-aarch64-a3-4-92cdc-runner-6gkqj-workflow   1/1     Running   0          88m
2026-04-16T17:30:53.1524171Z linux-aarch64-a3-4-92cdc-runner-7vdcj            1/1     Running   0          146m
2026-04-16T17:30:53.1524714Z linux-aarch64-a3-4-92cdc-runner-7vdcj-workflow   1/1     Running   0          145m
2026-04-16T17:30:53.1525275Z linux-aarch64-a3-4-92cdc-runner-pd4xs            1/1     Running   0          103m
2026-04-16T17:30:53.1525826Z linux-aarch64-a3-4-92cdc-runner-pd4xs-workflow   1/1     Running   0          102m
2026-04-16T17:30:53.1526824Z linux-aarch64-a3-4-92cdc-runner-pws9t            1/1     Running   0          103m
2026-04-16T17:30:53.1527402Z linux-aarch64-a3-4-92cdc-runner-pws9t-workflow   1/1     Running   0          102m
2026-04-16T17:30:53.1527951Z linux-aarch64-a3-4-92cdc-runner-tk8rq            1/1     Running   0          146m
2026-04-16T17:30:53.1528504Z linux-aarch64-a3-4-92cdc-runner-tk8rq-workflow   1/1     Running   0          145m
2026-04-16T17:30:53.1529057Z linux-aarch64-a3-4-92cdc-runner-x8wd2            1/1     Running   0          89m
2026-04-16T17:30:53.1529605Z linux-aarch64-a3-4-92cdc-runner-x8wd2-workflow   1/1     Running   0          88m
2026-04-16T17:30:53.1530315Z vllm-deepseek-v3-2-w8a8-ep-422493-0              1/1     Running   0          20m
2026-04-16T17:30:53.1530841Z vllm-deepseek-v3-2-w8a8-ep-422493-0-1            1/1     Running   0          20m
2026-04-16T17:30:53.1531373Z vllm-deepseek-v3-2-w8a8-ep-422493-0-2            0/1     Pending   0          20m
2026-04-16T17:30:53.1531888Z vllm-deepseek-v3-2-w8a8-ep-422493-0-3            1/1     Running   0          20m
2026-04-16T17:30:53.2474389Z Name:             vllm-deepseek-v3-2-w8a8-ep-422493-0
2026-04-16T17:30:53.2474756Z Namespace:        vllm-project
2026-04-16T17:30:53.2475001Z Priority:         0
2026-04-16T17:30:53.2475223Z Service Account:  default
2026-04-16T17:30:53.2475473Z Node:             172.22.5.165/172.22.5.165
2026-04-16T17:30:53.2475784Z Start Time:       Thu, 16 Apr 2026 17:11:02 +0000
2026-04-16T17:30:53.2476120Z Labels:           apps.kubernetes.io/pod-index=0
2026-04-16T17:30:53.2476617Z                   controller-revision-hash=vllm-deepseek-v3-2-w8a8-ep-422493-d454879dc
2026-04-16T17:30:53.2477082Z                   leaderworkerset.sigs.k8s.io/group-index=0
2026-04-16T17:30:53.2477563Z                   leaderworkerset.sigs.k8s.io/group-key=c5c0a40188afd0d34278f69ffbbec216dde0b00a
2026-04-16T17:30:53.2478125Z                   leaderworkerset.sigs.k8s.io/name=vllm-deepseek-v3-2-w8a8-ep-422493
2026-04-16T17:30:53.2478640Z                   leaderworkerset.sigs.k8s.io/template-revision-hash=58c9d6cff9
2026-04-16T17:30:53.2479072Z                   leaderworkerset.sigs.k8s.io/worker-index=0
2026-04-16T17:30:53.2479411Z                   role=leader
2026-04-16T17:30:53.2479787Z                   statefulset.kubernetes.io/pod-name=vllm-deepseek-v3-2-w8a8-ep-422493-0
2026-04-16T17:30:53.2480461Z Annotations:      cce.kubectl.kubernetes.io/ascend-1980-configuration:
2026-04-16T17:30:53.2481177Z                     {"pod_name":"vllm-deepseek-v3-2-w8a8-ep-422493-0","server_id":"172.22.5.165","devices":[{"device_id":"0","device_ip":"40.130.174.116","sup...
2026-04-16T17:30:53.2481794Z                   huawei.com/AscendReal:
2026-04-16T17:30:53.2482533Z                     Ascend910-1,Ascend910-14,Ascend910-3,Ascend910-12,Ascend910-4,Ascend910-0,Ascend910-11,Ascend910-7,Ascend910-2,Ascend910-8,Ascend910-10,As...
2026-04-16T17:30:53.2483274Z                   huawei.com/kltDev:
2026-04-16T17:30:53.2483969Z                     Ascend910-1,Ascend910-14,Ascend910-3,Ascend910-12,Ascend910-4,Ascend910-0,Ascend910-11,Ascend910-7,Ascend910-2,Ascend910-8,Ascend910-10,As...
2026-04-16T17:30:53.2484731Z                   leaderworkerset.sigs.k8s.io/size: 4
2026-04-16T17:30:53.2485068Z                   localdns.cce.io/servers: ["169.254.20.10"]
2026-04-16T17:30:53.2485418Z                   node-local-dns-webhook.k8s.io/status: injected
2026-04-16T17:30:53.2485737Z Status:           Running
2026-04-16T17:30:53.2485956Z IP:               10.0.0.58
2026-04-16T17:30:53.2486174Z IPs:
2026-04-16T17:30:53.2486359Z   IP:           10.0.0.58
2026-04-16T17:30:53.2486726Z Controlled By:  StatefulSet/vllm-deepseek-v3-2-w8a8-ep-422493
2026-04-16T17:30:53.2487063Z Containers:
2026-04-16T17:30:53.2487257Z   vllm-leader:
2026-04-16T17:30:53.2487680Z     Container ID:  docker://c128a841dd5636a34f99d6a4b6070c1b1a1e88279d58fa7b639b4604bed9a46a
2026-04-16T17:30:53.2488630Z     Image:         swr.cn-southwest-2.myhuaweicloud.com/base_image/ascend-ci/vllm-ascend:nightly-ci-releases-v0.18.0-a3
2026-04-16T17:30:53.2489689Z     Image ID:      docker-pullable://swr.cn-southwest-2.myhuaweicloud.com/base_image/ascend-ci/vllm-ascend@sha256:1792cd8bc13b972ed5ce4ce31b8eda90dfc0373db343e6eba0c615f095a34a91
2026-04-16T17:30:53.2490667Z     Port:          8080/TCP
2026-04-16T17:30:53.2490936Z     Host Port:     0/TCP
2026-04-16T17:30:53.2491290Z     Command:
2026-04-16T17:30:53.2491474Z       sh
2026-04-16T17:30:53.2491692Z       -c
2026-04-16T17:30:53.2491899Z       bash /root/.cache/tests/run.sh
2026-04-16T17:30:53.2492148Z       
2026-04-16T17:30:53.2492327Z     State:          Running
2026-04-16T17:30:53.2492587Z       Started:      Thu, 16 Apr 2026 17:11:16 +0000
2026-04-16T17:30:53.2492869Z     Ready:          True
2026-04-16T17:30:53.2493097Z     Restart Count:  0
2026-04-16T17:30:53.2493312Z     Limits:
2026-04-16T17:30:53.2493512Z       ephemeral-storage:       100Gi
2026-04-16T17:30:53.2493785Z       huawei.com/ascend-1980:  16
2026-04-16T17:30:53.2494041Z       memory:                  512Gi
2026-04-16T17:30:53.2494404Z     Requests:
2026-04-16T17:30:53.2494613Z       cpu:                     125
2026-04-16T17:30:53.2494864Z       ephemeral-storage:       100Gi
2026-04-16T17:30:53.2495132Z       huawei.com/ascend-1980:  16
2026-04-16T17:30:53.2495392Z       memory:                  512Gi
2026-04-16T17:30:53.2495636Z     Environment:
2026-04-16T17:30:53.2496119Z       LWS_LEADER_ADDRESS:      vllm-deepseek-v3-2-w8a8-ep-422493-0.vllm-deepseek-v3-2-w8a8-ep-422493.vllm-project
2026-04-16T17:30:53.2496746Z       LWS_GROUP_SIZE:          4
2026-04-16T17:30:53.2496995Z       LWS_WORKER_INDEX:        0
2026-04-16T17:30:53.2497298Z       CONFIG_YAML_PATH:        DeepSeek-V3_2-W8A8-EP.yaml
2026-04-16T17:30:53.2497793Z       LOG_PREFIX:              /root/.cache/ascend-logs/releases-v0.18.0/vllm-deepseek-v3-2-w8a8-ep-422493
2026-04-16T17:30:53.2498281Z       WORKSPACE:               /vllm-workspace
2026-04-16T17:30:53.2498632Z       FAIL_TAG:                FAIL_TAG_DeepSeek-V3_2-W8A8-EP.yaml
2026-04-16T17:30:53.2498950Z       IS_PR_TEST:              false
2026-04-16T17:30:53.2499289Z       VLLM_ASCEND_REF:         39b8abb7ea660c49fd7e90ad810884b715577598
2026-04-16T17:30:53.2499756Z       VLLM_ASCEND_REMOTE_URL:  https://github.com/vllm-project/vllm-ascend.git
2026-04-16T17:30:53.2500370Z       BENCHMARK_JOB_NAME:      releases-v0.18.0-DeepSeek-V3_2-W8A8-EP
2026-04-16T17:30:53.2500738Z       VLLM_CI_RUNNER:          a3
2026-04-16T17:30:53.2501077Z       VLLM_ASCEND_VERSION:     39b8abb7ea660c49fd7e90ad810884b715577598
2026-04-16T17:30:53.2501409Z     Mounts:
2026-04-16T17:30:53.2501608Z       /dev/shm from dshm (rw)
2026-04-16T17:30:53.2501864Z       /root/.cache from shared-volume (rw)
2026-04-16T17:30:53.2502200Z       /usr/local/Ascend/driver/tools from driver-tools (rw)
2026-04-16T17:30:53.2502663Z       /var/run/secrets/kubernetes.io/serviceaccount from kube-api-access-qrlq7 (ro)
2026-04-16T17:30:53.2503060Z Conditions:
2026-04-16T17:30:53.2503261Z   Type                        Status
2026-04-16T17:30:53.2503533Z   PodReadyToStartContainers   True 
2026-04-16T17:30:53.2503801Z   Initialized                 True 
2026-04-16T17:30:53.2504053Z   Ready                       True 
2026-04-16T17:30:53.2504303Z   ContainersReady             True 
2026-04-16T17:30:53.2504549Z   PodScheduled                True 
2026-04-16T17:30:53.2504791Z Volumes:
2026-04-16T17:30:53.2504960Z   dshm:
2026-04-16T17:30:53.2505253Z     Type:       EmptyDir (a temporary directory that shares a pod's lifetime)
2026-04-16T17:30:53.2505616Z     Medium:     Memory
2026-04-16T17:30:53.2505826Z     SizeLimit:  15Gi
2026-04-16T17:30:53.2506042Z   shared-volume:
2026-04-16T17:30:53.2506480Z     Type:       PersistentVolumeClaim (a reference to a PersistentVolumeClaim in the same namespace)
2026-04-16T17:30:53.2506995Z     ClaimName:  nv-action-vllm-benchmarks-v2
2026-04-16T17:30:53.2507278Z     ReadOnly:   false
2026-04-16T17:30:53.2507486Z   driver-tools:
2026-04-16T17:30:53.2507870Z     Type:          HostPath (bare host directory volume)
2026-04-16T17:30:53.2508211Z     Path:          /usr/local/Ascend/driver/tools
2026-04-16T17:30:53.2508492Z     HostPathType:  
2026-04-16T17:30:53.2508722Z   kube-api-access-qrlq7:
2026-04-16T17:30:53.2509104Z     Type:                    Projected (a volume that contains injected data from multiple sources)
2026-04-16T17:30:53.2509532Z     TokenExpirationSeconds:  3607
2026-04-16T17:30:53.2509903Z     ConfigMapName:           kube-root-ca.crt
2026-04-16T17:30:53.2510246Z     Optional:                false
2026-04-16T17:30:53.2510506Z     DownwardAPI:             true
2026-04-16T17:30:53.2510763Z QoS Class:                   Burstable
2026-04-16T17:30:53.2511028Z Node-Selectors:              <none>
2026-04-16T17:30:53.2511341Z Tolerations:                 dedicated=night:NoSchedule
2026-04-16T17:30:53.2511749Z                              node.kubernetes.io/not-ready:NoExecute op=Exists for 300s
2026-04-16T17:30:53.2512210Z                              node.kubernetes.io/unreachable:NoExecute op=Exists for 300s
2026-04-16T17:30:53.2512671Z Events:
2026-04-16T17:30:53.2512937Z   Type    Reason                 Age                From               Message
2026-04-16T17:30:53.2513333Z   ----    ------                 ----               ----               -------
2026-04-16T17:30:53.2514033Z   Normal  Scheduled              20m                default-scheduler  Successfully assigned vllm-project/vllm-deepseek-v3-2-w8a8-ep-422493-0 to 172.22.5.165
2026-04-16T17:30:53.2515213Z   Normal  Pulling                19m                kubelet            spec.containers{vllm-leader}: Pulling image "swr.cn-southwest-2.myhuaweicloud.com/base_image/ascend-ci/vllm-ascend:nightly-ci-releases-v0.18.0-a3"
2026-04-16T17:30:53.2516888Z   Normal  Pulled                 19m                kubelet            spec.containers{vllm-leader}: Successfully pulled image "swr.cn-southwest-2.myhuaweicloud.com/base_image/ascend-ci/vllm-ascend:nightly-ci-releases-v0.18.0-a3" in 9.316s (9.316s including waiting). Image size: 17223589160 bytes.
2026-04-16T17:30:53.2518228Z   Normal  SuccessfulCreate       19m                kubelet            spec.containers{vllm-leader}: Created container: vllm-leader
2026-04-16T17:30:53.2518957Z   Normal  Started                19m                kubelet            spec.containers{vllm-leader}: Started container vllm-leader
2026-04-16T17:30:53.2520089Z   Normal  SuccessfulMountVolume  19m (x2 over 19m)  kubelet            Successfully mounted volumes for pod "vllm-deepseek-v3-2-w8a8-ep-422493-0_vllm-project(16374606-8d50-4c29-92af-63946e9b9eb4)"
2026-04-16T17:30:53.3191785Z ##[error]Error: failed to run script step: Error: command terminated with non-zero exit code: command terminated with exit code 1
2026-04-16T17:30:53.3237584Z ##[error]Process completed with exit code 1.
2026-04-16T17:30:53.3324323Z ##[error]Executing the custom container implementation failed. Please contact your self hosted runner administrator.
2026-04-16T17:30:53.3640494Z ##[group]Run set -euo pipefail
2026-04-16T17:30:53.3640833Z [36;1mset -euo pipefail[0m
2026-04-16T17:30:53.3641110Z [36;1mmkdir -p /tmp/benchmark_results[0m
2026-04-16T17:30:53.3641706Z [36;1mecho "Fetching benchmark results from PVC at /root/.cache/benchmark_results/releases-v0.18.0-DeepSeek-V3_2-W8A8-EP..."[0m
2026-04-16T17:30:53.3642390Z [36;1m# Copy from PVC mounted directory (persists after pod termination)[0m
2026-04-16T17:30:53.3642916Z [36;1mSRC="/root/.cache/benchmark_results/releases-v0.18.0-DeepSeek-V3_2-W8A8-EP"[0m
2026-04-16T17:30:53.3643398Z [36;1mif [ -d "$SRC" ] && [ "$(ls -A "$SRC" 2>/dev/null)" ]; then[0m
2026-04-16T17:30:53.3643757Z [36;1m  cp -r "$SRC"/. /tmp/benchmark_results/[0m
2026-04-16T17:30:53.3644126Z [36;1m  echo "Benchmark results fetched successfully from PVC:"[0m
2026-04-16T17:30:53.3644491Z [36;1m  ls -la /tmp/benchmark_results/[0m
2026-04-16T17:30:53.3644802Z [36;1m  # Clean up PVC contents after copying[0m
2026-04-16T17:30:53.3645164Z [36;1m  echo "Cleaning up PVC contents at $SRC..."[0m
2026-04-16T17:30:53.3645471Z [36;1m  rm -rf "${SRC:?}"/*[0m
2026-04-16T17:30:53.3645770Z [36;1m  echo "PVC contents cleaned up successfully"[0m
2026-04-16T17:30:53.3646066Z [36;1melse[0m
2026-04-16T17:30:53.3646346Z [36;1m  echo "Warning: No benchmark results found in PVC at $SRC"[0m
2026-04-16T17:30:53.3646815Z [36;1m  echo "Directory contents (if exists):"[0m
2026-04-16T17:30:53.3647194Z [36;1m  ls -la "$SRC" 2>/dev/null || echo "Directory does not exist"[0m
2026-04-16T17:30:53.3647550Z [36;1mfi[0m
2026-04-16T17:30:53.3647839Z shell: bash -el {0}
2026-04-16T17:30:53.3648041Z env:
2026-04-16T17:30:53.3648277Z   LWS_NAME: vllm-deepseek-v3-2-w8a8-ep-422493
2026-04-16T17:30:53.3648610Z   LEADER_POD: vllm-deepseek-v3-2-w8a8-ep-422493-0
2026-04-16T17:30:53.3649091Z   LOG_PREFIX: /root/.cache/ascend-logs/releases-v0.18.0/vllm-deepseek-v3-2-w8a8-ep-422493
2026-04-16T17:30:53.3649571Z   FAIL_TAG: FAIL_TAG_DeepSeek-V3_2-W8A8-EP.yaml
2026-04-16T17:30:53.3649971Z ##[endgroup]
2026-04-16T17:30:53.3839658Z ##[group]Run '/home/runner/k8s/index.js'
2026-04-16T17:30:53.3841387Z shell: /home/runner/externals/node20/bin/node {0}
2026-04-16T17:30:53.3841690Z ##[endgroup]
2026-04-16T17:30:53.8129201Z (node:1088) [DEP0005] DeprecationWarning: Buffer() is deprecated due to security and usability issues. Please use the Buffer.alloc(), Buffer.allocUnsafe(), or Buffer.from() methods instead.
2026-04-16T17:30:53.8130242Z (Use `node --trace-deprecation ...` to show where the warning was created)
2026-04-16T17:30:54.5578433Z Fetching benchmark results from PVC at /root/.cache/benchmark_results/releases-v0.18.0-DeepSeek-V3_2-W8A8-EP...
2026-04-16T17:30:54.5613427Z Warning: No benchmark results found in PVC at /root/.cache/benchmark_results/releases-v0.18.0-DeepSeek-V3_2-W8A8-EP
2026-04-16T17:30:54.5613984Z Directory contents (if exists):
2026-04-16T17:30:54.5633285Z Directory does not exist
2026-04-16T17:30:55.2343688Z ##[group]Run echo "Current pod status:"
2026-04-16T17:30:55.2344068Z [36;1mecho "Current pod status:"[0m
2026-04-16T17:30:55.2344443Z [36;1mkubectl get pods -n "$NAMESPACE" --ignore-not-found=true[0m
2026-04-16T17:30:55.2344811Z [36;1m[0m
2026-04-16T17:30:55.2345041Z [36;1mecho "Deleting resources for [$LWS_NAME]..."[0m
2026-04-16T17:30:55.2345467Z [36;1mkubectl delete -f ./lws.yaml --ignore-not-found=true || true[0m
2026-04-16T17:30:55.2345820Z [36;1m[0m
2026-04-16T17:30:55.2346097Z [36;1mecho "Waiting for pods of [$LWS_NAME] to fully terminate..."[0m
2026-04-16T17:30:55.2346446Z [36;1mTIMEOUT=300[0m
2026-04-16T17:30:55.2346786Z [36;1mSLEEP_INTERVAL=5[0m
2026-04-16T17:30:55.2347030Z [36;1mSTART_TIME=$(date +%s)[0m
2026-04-16T17:30:55.2347289Z [36;1mwhile true; do[0m
2026-04-16T17:30:55.2347559Z [36;1m  ELAPSED=$(( $(date +%s) - START_TIME ))[0m
2026-04-16T17:30:55.2347875Z [36;1m  if [[ $ELAPSED -ge $TIMEOUT ]]; then[0m
2026-04-16T17:30:55.2348372Z [36;1m    echo "Timeout reached ($TIMEOUT seconds) waiting for termination, continuing anyway."[0m
2026-04-16T17:30:55.2348910Z [36;1m    kubectl get pods -n "$NAMESPACE" | grep "^${LWS_NAME}-" || true[0m
2026-04-16T17:30:55.2349271Z [36;1m    break[0m
2026-04-16T17:30:55.2349476Z [36;1m  fi[0m
2026-04-16T17:30:55.2350096Z [36;1m  PODS_EXIST=$(kubectl get pods -n "$NAMESPACE" -o jsonpath='{.items[*].metadata.name}' 2>/dev/null \[0m
2026-04-16T17:30:55.2350630Z [36;1m    | tr ' ' '\n' | grep "^${LWS_NAME}-" || true)[0m
2026-04-16T17:30:55.2350959Z [36;1m  if [[ -z "$PODS_EXIST" ]]; then[0m
2026-04-16T17:30:55.2351285Z [36;1m    echo "All pods for [$LWS_NAME] have terminated."[0m
2026-04-16T17:30:55.2351599Z [36;1m    break[0m
2026-04-16T17:30:55.2351800Z [36;1m  fi[0m
2026-04-16T17:30:55.2352060Z [36;1m  echo "Waiting for pods to terminate: $PODS_EXIST"[0m
2026-04-16T17:30:55.2352395Z [36;1m  sleep $SLEEP_INTERVAL[0m
2026-04-16T17:30:55.2352632Z [36;1mdone[0m
2026-04-16T17:30:55.2352931Z shell: bash -el {0}
2026-04-16T17:30:55.2353131Z env:
2026-04-16T17:30:55.2353354Z   LWS_NAME: vllm-deepseek-v3-2-w8a8-ep-422493
2026-04-16T17:30:55.2353693Z   LEADER_POD: vllm-deepseek-v3-2-w8a8-ep-422493-0
2026-04-16T17:30:55.2354175Z   LOG_PREFIX: /root/.cache/ascend-logs/releases-v0.18.0/vllm-deepseek-v3-2-w8a8-ep-422493
2026-04-16T17:30:55.2354641Z   FAIL_TAG: FAIL_TAG_DeepSeek-V3_2-W8A8-EP.yaml
2026-04-16T17:30:55.2354929Z ##[endgroup]
2026-04-16T17:30:55.2446197Z ##[group]Run '/home/runner/k8s/index.js'
2026-04-16T17:30:55.2447250Z shell: /home/runner/externals/node20/bin/node {0}
2026-04-16T17:30:55.2447539Z ##[endgroup]
2026-04-16T17:30:55.6802305Z (node:1203) [DEP0005] DeprecationWarning: Buffer() is deprecated due to security and usability issues. Please use the Buffer.alloc(), Buffer.allocUnsafe(), or Buffer.from() methods instead.
2026-04-16T17:30:55.6803284Z (Use `node --trace-deprecation ...` to show where the warning was created)
2026-04-16T17:30:56.3316523Z Current pod status:
2026-04-16T17:30:56.4391949Z NAME                                             READY   STATUS    RESTARTS   AGE
2026-04-16T17:30:56.4392492Z linux-aarch64-a3-0-ggwx6-runner-q78bg            1/1     Running   0          21m
2026-04-16T17:30:56.4393622Z linux-aarch64-a3-0-ggwx6-runner-q78bg-workflow   1/1     Running   0          20m
2026-04-16T17:30:56.4394215Z linux-aarch64-a3-2-nqp5k-runner-4fgm5            1/1     Running   0          89m
2026-04-16T17:30:56.4394760Z linux-aarch64-a3-2-nqp5k-runner-4fgm5-workflow   1/1     Running   0          88m
2026-04-16T17:30:56.4395317Z linux-aarch64-a3-2-nqp5k-runner-dhc7g            1/1     Running   0          102m
2026-04-16T17:30:56.4395878Z linux-aarch64-a3-2-nqp5k-runner-dhc7g-workflow   1/1     Running   0          102m
2026-04-16T17:30:56.4396428Z linux-aarch64-a3-2-nqp5k-runner-vcbvf            1/1     Running   0          102m
2026-04-16T17:30:56.4397056Z linux-aarch64-a3-2-nqp5k-runner-vcbvf-workflow   1/1     Running   0          102m
2026-04-16T17:30:56.4411382Z linux-aarch64-a3-2-nqp5k-runner-zgbkn            1/1     Running   0          89m
2026-04-16T17:30:56.4411981Z linux-aarch64-a3-2-nqp5k-runner-zgbkn-workflow   1/1     Running   0          88m
2026-04-16T17:30:56.4412583Z linux-aarch64-a3-4-92cdc-runner-6cbx2            1/1     Running   0          128m
2026-04-16T17:30:56.4413136Z linux-aarch64-a3-4-92cdc-runner-6cbx2-workflow   1/1     Running   0          127m
2026-04-16T17:30:56.4413682Z linux-aarch64-a3-4-92cdc-runner-6gkqj            1/1     Running   0          89m
2026-04-16T17:30:56.4414228Z linux-aarch64-a3-4-92cdc-runner-6gkqj-workflow   1/1     Running   0          88m
2026-04-16T17:30:56.4414774Z linux-aarch64-a3-4-92cdc-runner-7vdcj            1/1     Running   0          146m
2026-04-16T17:30:56.4415316Z linux-aarch64-a3-4-92cdc-runner-7vdcj-workflow   1/1     Running   0          145m
2026-04-16T17:30:56.4415870Z linux-aarch64-a3-4-92cdc-runner-pd4xs            1/1     Running   0          103m
2026-04-16T17:30:56.4416426Z linux-aarch64-a3-4-92cdc-runner-pd4xs-workflow   1/1     Running   0          102m
2026-04-16T17:30:56.4417039Z linux-aarch64-a3-4-92cdc-runner-pws9t            1/1     Running   0          103m
2026-04-16T17:30:56.4417591Z linux-aarch64-a3-4-92cdc-runner-pws9t-workflow   1/1     Running   0          102m
2026-04-16T17:30:56.4418146Z linux-aarch64-a3-4-92cdc-runner-tk8rq            1/1     Running   0          146m
2026-04-16T17:30:56.4418683Z linux-aarch64-a3-4-92cdc-runner-tk8rq-workflow   1/1     Running   0          145m
2026-04-16T17:30:56.4419226Z linux-aarch64-a3-4-92cdc-runner-x8wd2            1/1     Running   0          89m
2026-04-16T17:30:56.4419772Z linux-aarch64-a3-4-92cdc-runner-x8wd2-workflow   1/1     Running   0          88m
2026-04-16T17:30:56.4420459Z vllm-deepseek-v3-2-w8a8-ep-422493-0              1/1     Running   0          20m
2026-04-16T17:30:56.4420995Z vllm-deepseek-v3-2-w8a8-ep-422493-0-1            1/1     Running   0          20m
2026-04-16T17:30:56.4421525Z vllm-deepseek-v3-2-w8a8-ep-422493-0-2            0/1     Pending   0          20m
2026-04-16T17:30:56.4422035Z vllm-deepseek-v3-2-w8a8-ep-422493-0-3            1/1     Running   0          20m
2026-04-16T17:30:56.4422536Z Deleting resources for [vllm-deepseek-v3-2-w8a8-ep-422493]...
2026-04-16T17:30:56.5000669Z leaderworkerset.leaderworkerset.x-k8s.io "vllm-deepseek-v3-2-w8a8-ep-422493" deleted from vllm-project namespace
2026-04-16T17:30:56.5173814Z service "vllm-deepseek-v3-2-w8a8-ep-422493-leader" deleted from vllm-project namespace
2026-04-16T17:30:56.5269768Z Waiting for pods of [vllm-deepseek-v3-2-w8a8-ep-422493] to fully terminate...
2026-04-16T17:30:56.6433969Z Waiting for pods to terminate: vllm-deepseek-v3-2-w8a8-ep-422493-0
2026-04-16T17:30:56.6434390Z vllm-deepseek-v3-2-w8a8-ep-422493-0-1
2026-04-16T17:30:56.6434690Z vllm-deepseek-v3-2-w8a8-ep-422493-0-2
2026-04-16T17:30:56.6434967Z vllm-deepseek-v3-2-w8a8-ep-422493-0-3
2026-04-16T17:31:01.7619338Z Waiting for pods to terminate: vllm-deepseek-v3-2-w8a8-ep-422493-0
2026-04-16T17:31:01.7619923Z vllm-deepseek-v3-2-w8a8-ep-422493-0-1
2026-04-16T17:31:01.7620265Z vllm-deepseek-v3-2-w8a8-ep-422493-0-2
2026-04-16T17:31:01.7620567Z vllm-deepseek-v3-2-w8a8-ep-422493-0-3
2026-04-16T17:31:06.8764939Z Waiting for pods to terminate: vllm-deepseek-v3-2-w8a8-ep-422493-0
2026-04-16T17:31:06.8765388Z vllm-deepseek-v3-2-w8a8-ep-422493-0-1
2026-04-16T17:31:06.8765694Z vllm-deepseek-v3-2-w8a8-ep-422493-0-2
2026-04-16T17:31:06.8765996Z vllm-deepseek-v3-2-w8a8-ep-422493-0-3
2026-04-16T17:31:12.0423826Z Waiting for pods to terminate: vllm-deepseek-v3-2-w8a8-ep-422493-0
2026-04-16T17:31:12.0424277Z vllm-deepseek-v3-2-w8a8-ep-422493-0-1
2026-04-16T17:31:12.0424583Z vllm-deepseek-v3-2-w8a8-ep-422493-0-2
2026-04-16T17:31:12.0424875Z vllm-deepseek-v3-2-w8a8-ep-422493-0-3
2026-04-16T17:31:17.1777208Z Waiting for pods to terminate: vllm-deepseek-v3-2-w8a8-ep-422493-0
2026-04-16T17:31:17.1777663Z vllm-deepseek-v3-2-w8a8-ep-422493-0-1
2026-04-16T17:31:17.1778028Z vllm-deepseek-v3-2-w8a8-ep-422493-0-2
2026-04-16T17:31:17.1778778Z vllm-deepseek-v3-2-w8a8-ep-422493-0-3
2026-04-16T17:31:22.2930573Z Waiting for pods to terminate: vllm-deepseek-v3-2-w8a8-ep-422493-0
2026-04-16T17:31:22.2931035Z vllm-deepseek-v3-2-w8a8-ep-422493-0-1
2026-04-16T17:31:22.2931374Z vllm-deepseek-v3-2-w8a8-ep-422493-0-2
2026-04-16T17:31:22.2931668Z vllm-deepseek-v3-2-w8a8-ep-422493-0-3
2026-04-16T17:31:27.4005125Z Waiting for pods to terminate: vllm-deepseek-v3-2-w8a8-ep-422493-0
2026-04-16T17:31:27.4005585Z vllm-deepseek-v3-2-w8a8-ep-422493-0-1
2026-04-16T17:31:27.4005906Z vllm-deepseek-v3-2-w8a8-ep-422493-0-2
2026-04-16T17:31:27.4006209Z vllm-deepseek-v3-2-w8a8-ep-422493-0-3
2026-04-16T17:31:32.5178398Z Waiting for pods to terminate: vllm-deepseek-v3-2-w8a8-ep-422493-0-1
2026-04-16T17:31:32.5178913Z vllm-deepseek-v3-2-w8a8-ep-422493-0-2
2026-04-16T17:31:32.5179217Z vllm-deepseek-v3-2-w8a8-ep-422493-0-3
2026-04-16T17:31:37.6276627Z Waiting for pods to terminate: vllm-deepseek-v3-2-w8a8-ep-422493-0-1
2026-04-16T17:31:37.6277117Z vllm-deepseek-v3-2-w8a8-ep-422493-0-2
2026-04-16T17:31:37.6277425Z vllm-deepseek-v3-2-w8a8-ep-422493-0-3
2026-04-16T17:31:42.7383310Z All pods for [vllm-deepseek-v3-2-w8a8-ep-422493] have terminated.
2026-04-16T17:31:43.2276631Z ##[group]Run set -euo pipefail
2026-04-16T17:31:43.2276991Z [36;1mset -euo pipefail[0m
2026-04-16T17:31:43.2277237Z [36;1msize="4"[0m
2026-04-16T17:31:43.2277464Z [36;1mDEST="/tmp/collected-logs"[0m
2026-04-16T17:31:43.2277753Z [36;1mPLOG_PATH=/root/ascend/log[0m
2026-04-16T17:31:43.2278028Z [36;1mKUBE_LOG_PATH=/var/log[0m
2026-04-16T17:31:43.2278301Z [36;1mfor i in $(seq 0 $((size - 1))); do[0m
2026-04-16T17:31:43.2278597Z [36;1m  if [ "${i}" -eq 0 ]; then[0m
2026-04-16T17:31:43.2278866Z [36;1m    POD="${LWS_NAME}-0"[0m
2026-04-16T17:31:43.2279099Z [36;1m  else[0m
2026-04-16T17:31:43.2279410Z [36;1m    POD="${LWS_NAME}-0-${i}"[0m
2026-04-16T17:31:43.2279669Z [36;1m  fi[0m
2026-04-16T17:31:43.2280212Z [36;1m  mkdir -p "${DEST}/node${i}/${PLOG_PATH}" "${DEST}/node${i}/${KUBE_LOG_PATH}"[0m
2026-04-16T17:31:43.2280623Z [36;1m  # pod stdout.[0m
2026-04-16T17:31:43.2281038Z [36;1m  cp "/tmp/${POD}_logs.txt" "${DEST}/node${i}/${KUBE_LOG_PATH}/" 2>/dev/null || true[0m
2026-04-16T17:31:43.2281461Z [36;1m  # Ascend plogs from PVC.[0m
2026-04-16T17:31:43.2281742Z [36;1m  SRC="${LOG_PREFIX}/node_${i}_plogs"[0m
2026-04-16T17:31:43.2282029Z [36;1m  if [ -d "$SRC" ]; then[0m
2026-04-16T17:31:43.2282360Z [36;1m    cp -r "$SRC"/. "${DEST}/node${i}/${PLOG_PATH}/" 2>/dev/null || true[0m
2026-04-16T17:31:43.2282705Z [36;1m  fi[0m
2026-04-16T17:31:43.2282902Z [36;1mdone[0m
2026-04-16T17:31:43.2283085Z [36;1m[0m
2026-04-16T17:31:43.2283363Z [36;1mtar -czf /tmp/ascend-logs.tar.gz -C /tmp collected-logs[0m
2026-04-16T17:31:43.2283801Z shell: bash -el {0}
2026-04-16T17:31:43.2283995Z env:
2026-04-16T17:31:43.2284230Z   LWS_NAME: vllm-deepseek-v3-2-w8a8-ep-422493
2026-04-16T17:31:43.2284572Z   LEADER_POD: vllm-deepseek-v3-2-w8a8-ep-422493-0
2026-04-16T17:31:43.2285037Z   LOG_PREFIX: /root/.cache/ascend-logs/releases-v0.18.0/vllm-deepseek-v3-2-w8a8-ep-422493
2026-04-16T17:31:43.2285506Z   FAIL_TAG: FAIL_TAG_DeepSeek-V3_2-W8A8-EP.yaml
2026-04-16T17:31:43.2285790Z ##[endgroup]
2026-04-16T17:31:43.2370423Z ##[group]Run '/home/runner/k8s/index.js'
2026-04-16T17:31:43.2371309Z shell: /home/runner/externals/node20/bin/node {0}
2026-04-16T17:31:43.2371601Z ##[endgroup]
2026-04-16T17:31:43.6630808Z (node:1337) [DEP0005] DeprecationWarning: Buffer() is deprecated due to security and usability issues. Please use the Buffer.alloc(), Buffer.allocUnsafe(), or Buffer.from() methods instead.
2026-04-16T17:31:43.6631793Z (Use `node --trace-deprecation ...` to show where the warning was created)
2026-04-16T17:31:44.8498579Z ##[group]Run ascend-gha-runners/artifact/upload@v0.3
2026-04-16T17:31:44.8498935Z with:
2026-04-16T17:31:44.8499194Z   name: DeepSeek-V3_2-W8A8-EP.yaml-ascend-logs
2026-04-16T17:31:44.8499624Z   path: /tmp/ascend-logs.tar.gz
2026-04-16T17:31:44.8500049Z   retention-days: 7
2026-04-16T17:31:44.8500322Z   if-no-files-found: warn
2026-04-16T17:31:44.8500569Z   bucket: ascend-ci-cache-hk
2026-04-16T17:31:44.8500861Z   endpoint: obs.ap-southeast-1.myhuaweicloud.com
2026-04-16T17:31:44.8501148Z env:
2026-04-16T17:31:44.8501388Z   LWS_NAME: vllm-deepseek-v3-2-w8a8-ep-422493
2026-04-16T17:31:44.8501726Z   LEADER_POD: vllm-deepseek-v3-2-w8a8-ep-422493-0
2026-04-16T17:31:44.8502193Z   LOG_PREFIX: /root/.cache/ascend-logs/releases-v0.18.0/vllm-deepseek-v3-2-w8a8-ep-422493
2026-04-16T17:31:44.8502667Z   FAIL_TAG: FAIL_TAG_DeepSeek-V3_2-W8A8-EP.yaml
2026-04-16T17:31:44.8502949Z ##[endgroup]
2026-04-16T17:31:44.8847512Z ##[group]Run if command -v obsutil &>/dev/null; then
2026-04-16T17:31:44.8847965Z [36;1mif command -v obsutil &>/dev/null; then[0m
2026-04-16T17:31:44.8848322Z [36;1m  echo "obsutil already installed, skipping setup"[0m
2026-04-16T17:31:44.8848649Z [36;1m  exit 0[0m
2026-04-16T17:31:44.8848842Z [36;1mfi[0m
2026-04-16T17:31:44.8849028Z [36;1m{[0m
2026-04-16T17:31:44.8849229Z [36;1m  ARCH=$(uname -m)[0m
2026-04-16T17:31:44.8849622Z [36;1m  if [ "${ARCH}" = "aarch64" ] || [ "${ARCH}" = "arm64" ]; then[0m
2026-04-16T17:31:44.8850144Z [36;1m    OBSUTIL_ARCH="arm64"[0m
2026-04-16T17:31:44.8850407Z [36;1m  else[0m
2026-04-16T17:31:44.8850609Z [36;1m    OBSUTIL_ARCH="amd64"[0m
2026-04-16T17:31:44.8850856Z [36;1m  fi[0m
2026-04-16T17:31:44.8851418Z [36;1m  curl -sSL "https://obs-community.obs.cn-north-1.myhuaweicloud.com/obsutil/current/obsutil_linux_${OBSUTIL_ARCH}.tar.gz" \[0m
2026-04-16T17:31:44.8852048Z [36;1m    -o /tmp/obsutil.tar.gz[0m
2026-04-16T17:31:44.8852349Z [36;1m  tar -xzf /tmp/obsutil.tar.gz -C /tmp[0m
2026-04-16T17:31:44.8852847Z [36;1m  OBSUTIL_DIR=$(find /tmp -maxdepth 1 -name "obsutil_linux_${OBSUTIL_ARCH}_*" -type d | head -1)[0m
2026-04-16T17:31:44.8853338Z [36;1m  chmod +x "${OBSUTIL_DIR}/obsutil"[0m
2026-04-16T17:31:44.8853650Z [36;1m  echo "${OBSUTIL_DIR}" >> $GITHUB_PATH[0m
2026-04-16T17:31:44.8853943Z [36;1m} > /dev/null 2>&1[0m
2026-04-16T17:31:44.8854193Z [36;1mecho "obsutil setup complete"[0m
2026-04-16T17:31:44.8855537Z shell: bash --noprofile --norc -e -o pipefail {0}
2026-04-16T17:31:44.8855832Z env:
2026-04-16T17:31:44.8856066Z   LWS_NAME: vllm-deepseek-v3-2-w8a8-ep-422493
2026-04-16T17:31:44.8856418Z   LEADER_POD: vllm-deepseek-v3-2-w8a8-ep-422493-0
2026-04-16T17:31:44.8856888Z   LOG_PREFIX: /root/.cache/ascend-logs/releases-v0.18.0/vllm-deepseek-v3-2-w8a8-ep-422493
2026-04-16T17:31:44.8857359Z   FAIL_TAG: FAIL_TAG_DeepSeek-V3_2-W8A8-EP.yaml
2026-04-16T17:31:44.8857643Z ##[endgroup]
2026-04-16T17:31:44.8939591Z ##[group]Run '/home/runner/k8s/index.js'
2026-04-16T17:31:44.8940674Z shell: /home/runner/externals/node20/bin/node {0}
2026-04-16T17:31:44.8940967Z ##[endgroup]
2026-04-16T17:31:45.3208957Z (node:1481) [DEP0005] DeprecationWarning: Buffer() is deprecated due to security and usability issues. Please use the Buffer.alloc(), Buffer.allocUnsafe(), or Buffer.from() methods instead.
2026-04-16T17:31:45.3210135Z (Use `node --trace-deprecation ...` to show where the warning was created)
2026-04-16T17:31:46.8689165Z obsutil setup complete
2026-04-16T17:31:47.3840765Z ##[group]Run obsutil config \
2026-04-16T17:31:47.3841068Z [36;1mobsutil config \[0m
2026-04-16T17:31:47.3841463Z [36;1m  -i= \[0m
2026-04-16T17:31:47.3841663Z [36;1m  -k= \[0m
2026-04-16T17:31:47.3841970Z [36;1m  -e=obs.ap-southeast-1.myhuaweicloud.com > /dev/null 2>&1[0m
2026-04-16T17:31:47.3842366Z [36;1mecho "OBS credentials configured"[0m
2026-04-16T17:31:47.3843002Z shell: bash --noprofile --norc -e -o pipefail {0}
2026-04-16T17:31:47.3843293Z env:
2026-04-16T17:31:47.3843526Z   LWS_NAME: vllm-deepseek-v3-2-w8a8-ep-422493
2026-04-16T17:31:47.3844047Z   LEADER_POD: vllm-deepseek-v3-2-w8a8-ep-422493-0
2026-04-16T17:31:47.3844526Z   LOG_PREFIX: /root/.cache/ascend-logs/releases-v0.18.0/vllm-deepseek-v3-2-w8a8-ep-422493
2026-04-16T17:31:47.3845004Z   FAIL_TAG: FAIL_TAG_DeepSeek-V3_2-W8A8-EP.yaml
2026-04-16T17:31:47.3845292Z ##[endgroup]
2026-04-16T17:31:47.3943288Z ##[group]Run '/home/runner/k8s/index.js'
2026-04-16T17:31:47.3944178Z shell: /home/runner/externals/node20/bin/node {0}
2026-04-16T17:31:47.3944470Z ##[endgroup]
2026-04-16T17:31:47.8343185Z (node:1642) [DEP0005] DeprecationWarning: Buffer() is deprecated due to security and usability issues. Please use the Buffer.alloc(), Buffer.allocUnsafe(), or Buffer.from() methods instead.
2026-04-16T17:31:47.8344185Z (Use `node --trace-deprecation ...` to show where the warning was created)
2026-04-16T17:31:48.5652122Z OBS credentials configured
2026-04-16T17:31:49.0849236Z ##[group]Run set -euo pipefail
2026-04-16T17:31:49.0849791Z [36;1mset -euo pipefail[0m
2026-04-16T17:31:49.0850201Z [36;1m[0m
2026-04-16T17:31:49.0850435Z [36;1mBUCKET="ascend-ci-cache-hk"[0m
2026-04-16T17:31:49.0850796Z [36;1mENDPOINT="obs.ap-southeast-1.myhuaweicloud.com"[0m
2026-04-16T17:31:49.0851179Z [36;1mNAME="DeepSeek-V3_2-W8A8-EP.yaml-ascend-logs"[0m
2026-04-16T17:31:49.0851533Z [36;1mFILE_PATH="/tmp/ascend-logs.tar.gz"[0m
2026-04-16T17:31:49.0851844Z [36;1mREPO="vllm-project/vllm-ascend"[0m
2026-04-16T17:31:49.0852113Z [36;1mRUN_ID="24523128211"[0m
2026-04-16T17:31:49.0852340Z [36;1m[0m
2026-04-16T17:31:49.0852610Z [36;1m# Deterministic path: artifacts/{repo}/{run_id}/{name}/[0m
2026-04-16T17:31:49.0853039Z [36;1mOBJECT_PREFIX="artifacts/${REPO}/${RUN_ID}/${NAME}"[0m
2026-04-16T17:31:49.0853450Z [36;1mMETA_KEY="artifacts/${REPO}/${RUN_ID}/_meta/${NAME}.json"[0m
2026-04-16T17:31:49.0853771Z [36;1m[0m
2026-04-16T17:31:49.0854079Z [36;1m# ── Expand multiline path input into include/exclude lists ──[0m
2026-04-16T17:31:49.0854550Z [36;1m# Supports: single path, directory, glob, multiline, ! exclusions[0m
2026-04-16T17:31:49.0854938Z [36;1mINCLUDE_PATTERNS=()[0m
2026-04-16T17:31:49.0855188Z [36;1mEXCLUDE_PATTERNS=()[0m
2026-04-16T17:31:49.0855446Z [36;1mwhile IFS= read -r line; do[0m
2026-04-16T17:31:49.0855795Z [36;1m  line="${line#"${line%%[![:space:]]*}"}"  # trim leading whitespace[0m
2026-04-16T17:31:49.0856234Z [36;1m  line="${line%"${line##*[![:space:]]}"}"  # trim trailing whitespace[0m
2026-04-16T17:31:49.0856601Z [36;1m  [ -z "${line}" ] && continue[0m
2026-04-16T17:31:49.0856874Z [36;1m  if [[ "${line}" == '!'* ]]; then[0m
2026-04-16T17:31:49.0857173Z [36;1m    EXCLUDE_PATTERNS+=("${line:1}")[0m
2026-04-16T17:31:49.0857441Z [36;1m  else[0m
2026-04-16T17:31:49.0857656Z [36;1m    INCLUDE_PATTERNS+=("${line}")[0m
2026-04-16T17:31:49.0857914Z [36;1m  fi[0m
2026-04-16T17:31:49.0858113Z [36;1mdone <<< "${FILE_PATH}"[0m
2026-04-16T17:31:49.0858348Z [36;1m[0m
2026-04-16T17:31:49.0858602Z [36;1m# Collect matching files using find + glob expansion[0m
2026-04-16T17:31:49.0858942Z [36;1mSTAGING_DIR=$(mktemp -d)[0m
2026-04-16T17:31:49.0859196Z [36;1mFILE_COUNT=0[0m
2026-04-16T17:31:49.0859401Z [36;1m[0m
2026-04-16T17:31:49.0859740Z [36;1mfor PATTERN in "${INCLUDE_PATTERNS[@]}"; do[0m
2026-04-16T17:31:49.0860272Z [36;1m  # Use bash glob expansion; fall back to literal path[0m
2026-04-16T17:31:49.0860614Z [36;1m  shopt -s globstar nullglob[0m
2026-04-16T17:31:49.0860902Z [36;1m  for MATCH in ${PATTERN}; do[0m
2026-04-16T17:31:49.0861192Z [36;1m    [ -e "${MATCH}" ] || continue[0m
2026-04-16T17:31:49.0861700Z [36;1m    if [ -d "${MATCH}" ]; then[0m
2026-04-16T17:31:49.0861996Z [36;1m      while IFS= read -r -d '' f; do[0m
2026-04-16T17:31:49.0862329Z [36;1m        REL="${f#./}"[0m
2026-04-16T17:31:49.0862628Z [36;1m        # Check against exclude patterns[0m
2026-04-16T17:31:49.0862928Z [36;1m        EXCLUDED=false[0m
2026-04-16T17:31:49.0863211Z [36;1m        for EXCL in "${EXCLUDE_PATTERNS[@]}"; do[0m
2026-04-16T17:31:49.0863664Z [36;1m          case "${REL}" in[0m
2026-04-16T17:31:49.0863966Z [36;1m            ${EXCL}) EXCLUDED=true; break ;;[0m
2026-04-16T17:31:49.0864242Z [36;1m          esac[0m
2026-04-16T17:31:49.0864465Z [36;1m        done[0m
2026-04-16T17:31:49.0864713Z [36;1m        if [ "${EXCLUDED}" = "false" ]; then[0m
2026-04-16T17:31:49.0865019Z [36;1m          TARGET="${STAGING_DIR}/${REL}"[0m
2026-04-16T17:31:49.0865339Z [36;1m          mkdir -p "$(dirname "${TARGET}")"[0m
2026-04-16T17:31:49.0865638Z [36;1m          cp "${f}" "${TARGET}"[0m
2026-04-16T17:31:49.0865920Z [36;1m          FILE_COUNT=$((FILE_COUNT + 1))[0m
2026-04-16T17:31:49.0866191Z [36;1m        fi[0m
2026-04-16T17:31:49.0866442Z [36;1m      done < <(find "${MATCH}" -type f -print0)[0m
2026-04-16T17:31:49.0866743Z [36;1m    else[0m
2026-04-16T17:31:49.0866951Z [36;1m      REL="${MATCH#./}"[0m
2026-04-16T17:31:49.0867194Z [36;1m      EXCLUDED=false[0m
2026-04-16T17:31:49.0867474Z [36;1m      for EXCL in "${EXCLUDE_PATTERNS[@]}"; do[0m
2026-04-16T17:31:49.0867779Z [36;1m        case "${REL}" in[0m
2026-04-16T17:31:49.0868048Z [36;1m          ${EXCL}) EXCLUDED=true; break ;;[0m
2026-04-16T17:31:49.0868325Z [36;1m        esac[0m
2026-04-16T17:31:49.0868530Z [36;1m      done[0m
2026-04-16T17:31:49.0868757Z [36;1m      if [ "${EXCLUDED}" = "false" ]; then[0m
2026-04-16T17:31:49.0869063Z [36;1m        TARGET="${STAGING_DIR}/${REL}"[0m
2026-04-16T17:31:49.0869368Z [36;1m        mkdir -p "$(dirname "${TARGET}")"[0m
2026-04-16T17:31:49.0869770Z [36;1m        cp "${MATCH}" "${TARGET}"[0m
2026-04-16T17:31:49.0870244Z [36;1m        FILE_COUNT=$((FILE_COUNT + 1))[0m
2026-04-16T17:31:49.0870510Z [36;1m      fi[0m
2026-04-16T17:31:49.0870709Z [36;1m    fi[0m
2026-04-16T17:31:49.0870903Z [36;1m  done[0m
2026-04-16T17:31:49.0871109Z [36;1m  shopt -u globstar nullglob[0m
2026-04-16T17:31:49.0871369Z [36;1mdone[0m
2026-04-16T17:31:49.0871568Z [36;1m[0m
2026-04-16T17:31:49.0871768Z [36;1m# ── Handle no files found ──[0m
2026-04-16T17:31:49.0872065Z [36;1mif [ "${FILE_COUNT}" -eq 0 ]; then[0m
2026-04-16T17:31:49.0872331Z [36;1m  case "warn" in[0m
2026-04-16T17:31:49.0872565Z [36;1m    error)[0m
2026-04-16T17:31:49.0872848Z [36;1m      echo "::error::No files found for path: ${FILE_PATH}"[0m
2026-04-16T17:31:49.0873168Z [36;1m      exit 1[0m
2026-04-16T17:31:49.0873380Z [36;1m      ;;[0m
2026-04-16T17:31:49.0873577Z [36;1m    warn)[0m
2026-04-16T17:31:49.0873904Z [36;1m      echo "::warning::No files found for path: ${FILE_PATH}, skipping upload"[0m
2026-04-16T17:31:49.0874301Z [36;1m      exit 0[0m
2026-04-16T17:31:49.0874507Z [36;1m      ;;[0m
2026-04-16T17:31:49.0874697Z [36;1m    ignore)[0m
2026-04-16T17:31:49.0874907Z [36;1m      exit 0[0m
2026-04-16T17:31:49.0875106Z [36;1m      ;;[0m
2026-04-16T17:31:49.0875302Z [36;1m  esac[0m
2026-04-16T17:31:49.0875492Z [36;1mfi[0m
2026-04-16T17:31:49.0875672Z [36;1m[0m
2026-04-16T17:31:49.0875872Z [36;1m# ── Upload staged files ──[0m
2026-04-16T17:31:49.0876220Z [36;1mTOTAL_SIZE=$(du -sb "${STAGING_DIR}" | awk '{print $1}')[0m
2026-04-16T17:31:49.0876679Z [36;1mecho "Uploading ${FILE_COUNT} file(s), total size: ${TOTAL_SIZE} bytes"[0m
2026-04-16T17:31:49.0877057Z [36;1m[0m
2026-04-16T17:31:49.0877432Z [36;1m# Upload each top-level entry individually to avoid staging dir name leaking into OBS path[0m
2026-04-16T17:31:49.0877911Z [36;1m> /tmp/obsutil_upload.log[0m
2026-04-16T17:31:49.0878188Z [36;1mfor item in "${STAGING_DIR}"/*; do[0m
2026-04-16T17:31:49.0878467Z [36;1m  [ -e "${item}" ] || continue[0m
2026-04-16T17:31:49.0879120Z [36;1m  if ! obsutil cp "${item}" "obs://${BUCKET}/${OBJECT_PREFIX}/" -r -f >> /tmp/obsutil_upload.log 2>&1; then[0m
2026-04-16T17:31:49.0879709Z [36;1m    echo "::error::Upload failed. See log:"[0m
2026-04-16T17:31:49.0880205Z [36;1m    cat /tmp/obsutil_upload.log[0m
2026-04-16T17:31:49.0880475Z [36;1m    exit 1[0m
2026-04-16T17:31:49.0880683Z [36;1m  fi[0m
2026-04-16T17:31:49.0880870Z [36;1mdone[0m
2026-04-16T17:31:49.0881162Z [36;1m[0m
2026-04-16T17:31:49.0881361Z [36;1mrm -rf "${STAGING_DIR}"[0m
2026-04-16T17:31:49.0881723Z [36;1mecho "Uploaded ${FILE_COUNT} file(s), total size: ${TOTAL_SIZE} bytes"[0m
2026-04-16T17:31:49.0882093Z [36;1m[0m
2026-04-16T17:31:49.0882285Z [36;1m# ── Write metadata ──[0m
2026-04-16T17:31:49.0882572Z [36;1mCREATED_AT=$(date -u +%Y-%m-%dT%H:%M:%SZ)[0m
2026-04-16T17:31:49.0882905Z [36;1mcat > /tmp/_artifact_meta.json <<METAEOF[0m
2026-04-16T17:31:49.0883180Z [36;1m{[0m
2026-04-16T17:31:49.0883379Z [36;1m  "name": "${NAME}",[0m
2026-04-16T17:31:49.0883637Z [36;1m  "repository": "${REPO}",[0m
2026-04-16T17:31:49.0883894Z [36;1m  "run_id": "${RUN_ID}",[0m
2026-04-16T17:31:49.0884178Z [36;1m  "object_prefix": "${OBJECT_PREFIX}",[0m
2026-04-16T17:31:49.0884475Z [36;1m  "file_count": ${FILE_COUNT},[0m
2026-04-16T17:31:49.0884746Z [36;1m  "total_size": ${TOTAL_SIZE},[0m
2026-04-16T17:31:49.0885021Z [36;1m  "created_at": "${CREATED_AT}",[0m
2026-04-16T17:31:49.0885302Z [36;1m  "retention_days": 7,[0m
2026-04-16T17:31:49.0885554Z [36;1m  "workflow": "Nightly-A3",[0m
2026-04-16T17:31:49.0885817Z [36;1m  "job": "e2e",[0m
2026-04-16T17:31:49.0886101Z [36;1m  "sha": "39b8abb7ea660c49fd7e90ad810884b715577598"[0m
2026-04-16T17:31:49.0886413Z [36;1m}[0m
2026-04-16T17:31:49.0886598Z [36;1mMETAEOF[0m
2026-04-16T17:31:49.0886784Z [36;1m[0m
2026-04-16T17:31:49.0887129Z [36;1mobsutil cp /tmp/_artifact_meta.json "obs://${BUCKET}/${META_KEY}" > /dev/null 2>&1[0m
2026-04-16T17:31:49.0887557Z [36;1mif [ $? -ne 0 ]; then[0m
2026-04-16T17:31:49.0888013Z [36;1m  echo "::warning::Failed to upload metadata, artifact files were uploaded successfully"[0m
2026-04-16T17:31:49.0888445Z [36;1mfi[0m
2026-04-16T17:31:49.0888634Z [36;1m[0m
2026-04-16T17:31:49.0888828Z [36;1m# ── Set outputs ──[0m
2026-04-16T17:31:49.0889158Z [36;1mARTIFACT_URL="https://${BUCKET}.${ENDPOINT}/${OBJECT_PREFIX}"[0m
2026-04-16T17:31:49.0889666Z [36;1mecho "artifact_id=${OBJECT_PREFIX}" >> $GITHUB_OUTPUT[0m
2026-04-16T17:31:49.0890222Z [36;1mecho "artifact_url=${ARTIFACT_URL}" >> $GITHUB_OUTPUT[0m
2026-04-16T17:31:49.0890534Z [36;1m[0m
2026-04-16T17:31:49.0890786Z [36;1mecho "Artifact '${NAME}' uploaded successfully"[0m
2026-04-16T17:31:49.0891113Z [36;1mecho "  URL: ${ARTIFACT_URL}"[0m
2026-04-16T17:31:49.0891546Z shell: bash --noprofile --norc -e -o pipefail {0}
2026-04-16T17:31:49.0891838Z env:
2026-04-16T17:31:49.0892063Z   LWS_NAME: vllm-deepseek-v3-2-w8a8-ep-422493
2026-04-16T17:31:49.0892402Z   LEADER_POD: vllm-deepseek-v3-2-w8a8-ep-422493-0
2026-04-16T17:31:49.0892882Z   LOG_PREFIX: /root/.cache/ascend-logs/releases-v0.18.0/vllm-deepseek-v3-2-w8a8-ep-422493
2026-04-16T17:31:49.0893349Z   FAIL_TAG: FAIL_TAG_DeepSeek-V3_2-W8A8-EP.yaml
2026-04-16T17:31:49.0893636Z ##[endgroup]
2026-04-16T17:31:49.0987380Z ##[group]Run '/home/runner/k8s/index.js'
2026-04-16T17:31:49.0988491Z shell: /home/runner/externals/node20/bin/node {0}
2026-04-16T17:31:49.0988787Z ##[endgroup]
2026-04-16T17:31:49.5240336Z (node:1814) [DEP0005] DeprecationWarning: Buffer() is deprecated due to security and usability issues. Please use the Buffer.alloc(), Buffer.allocUnsafe(), or Buffer.from() methods instead.
2026-04-16T17:31:49.5241345Z (Use `node --trace-deprecation ...` to show where the warning was created)
2026-04-16T17:31:50.2286449Z Uploading 1 file(s), total size: 9988 bytes
2026-04-16T17:31:50.2933479Z ##[error]Upload failed. See log:
2026-04-16T17:31:50.2948414Z Warn: Please set ak, sk and endpoint in the configuration file!
2026-04-16T17:31:50.3654825Z ##[error]Error: failed to run script step: Error: command terminated with non-zero exit code: command terminated with exit code 1
2026-04-16T17:31:50.3721225Z ##[error]Process completed with exit code 1.
2026-04-16T17:31:50.3771309Z ##[error]Executing the custom container implementation failed. Please contact your self hosted runner administrator.
2026-04-16T17:31:50.4168579Z ##[group]Run actions/upload-artifact@v7
2026-04-16T17:31:50.4168880Z with:
2026-04-16T17:31:50.4169178Z   name: releases-v0.18.0-DeepSeek-V3_2-W8A8-EP-ascend-logs
2026-04-16T17:31:50.4169525Z   path: /tmp/ascend-logs.tar.gz
2026-04-16T17:31:50.4170022Z   retention-days: 7
2026-04-16T17:31:50.4170266Z   if-no-files-found: warn
2026-04-16T17:31:50.4170502Z   compression-level: 6
2026-04-16T17:31:50.4170713Z   overwrite: false
2026-04-16T17:31:50.4170932Z   include-hidden-files: false
2026-04-16T17:31:50.4171176Z   archive: true
2026-04-16T17:31:50.4171363Z env:
2026-04-16T17:31:50.4171585Z   LWS_NAME: vllm-deepseek-v3-2-w8a8-ep-422493
2026-04-16T17:31:50.4171935Z   LEADER_POD: vllm-deepseek-v3-2-w8a8-ep-422493-0
2026-04-16T17:31:50.4172403Z   LOG_PREFIX: /root/.cache/ascend-logs/releases-v0.18.0/vllm-deepseek-v3-2-w8a8-ep-422493
2026-04-16T17:31:50.4172876Z   FAIL_TAG: FAIL_TAG_DeepSeek-V3_2-W8A8-EP.yaml
2026-04-16T17:31:50.4173162Z ##[endgroup]
2026-04-16T17:31:50.4198606Z ##[group]Run '/home/runner/k8s/index.js'
2026-04-16T17:31:50.4199459Z shell: /home/runner/externals/node20/bin/node {0}
2026-04-16T17:31:50.4199956Z ##[endgroup]
2026-04-16T17:31:50.8498269Z (node:1912) [DEP0005] DeprecationWarning: Buffer() is deprecated due to security and usability issues. Please use the Buffer.alloc(), Buffer.allocUnsafe(), or Buffer.from() methods instead.
2026-04-16T17:31:50.8499250Z (Use `node --trace-deprecation ...` to show where the warning was created)
2026-04-16T17:31:52.0066150Z With the provided path, there will be 1 file uploaded
2026-04-16T17:31:52.0070671Z Artifact name is valid!
2026-04-16T17:31:52.0070931Z Root directory input is valid!
2026-04-16T17:31:52.8052700Z Uploading artifact: releases-v0.18.0-DeepSeek-V3_2-W8A8-EP-ascend-logs.zip
2026-04-16T17:31:52.8751494Z Beginning upload of artifact content to blob storage
2026-04-16T17:31:53.9896019Z Uploaded bytes 1947
2026-04-16T17:31:54.2211796Z Finished uploading artifact content to blob storage!
2026-04-16T17:31:54.2212803Z SHA256 digest of uploaded artifact is db6cf8ec71a0b6f96d987e51a7b4d44233d6e49b76b798e9be6c0e34368f957a
2026-04-16T17:31:54.2213389Z Finalizing artifact upload
2026-04-16T17:31:56.6265362Z Artifact releases-v0.18.0-DeepSeek-V3_2-W8A8-EP-ascend-logs successfully finalized. Artifact ID 6479632608
2026-04-16T17:31:56.6266301Z Artifact releases-v0.18.0-DeepSeek-V3_2-W8A8-EP-ascend-logs has been successfully uploaded! Final size is 1947 bytes. Artifact ID is 6479632608
2026-04-16T17:31:56.6268673Z Artifact download URL: https://github.com/vllm-project/vllm-ascend/actions/runs/24523128211/artifacts/6479632608
2026-04-16T17:31:58.5438348Z ##[group]Run echo "artifact_ts=$(date -u +%Y%m%dT%H%M%SZ)" >> $GITHUB_OUTPUT
2026-04-16T17:31:58.5438969Z [36;1mecho "artifact_ts=$(date -u +%Y%m%dT%H%M%SZ)" >> $GITHUB_OUTPUT[0m
2026-04-16T17:31:58.5439413Z shell: bash -el {0}
2026-04-16T17:31:58.5439635Z env:
2026-04-16T17:31:58.5440133Z   LWS_NAME: vllm-deepseek-v3-2-w8a8-ep-422493
2026-04-16T17:31:58.5440507Z   LEADER_POD: vllm-deepseek-v3-2-w8a8-ep-422493-0
2026-04-16T17:31:58.5441002Z   LOG_PREFIX: /root/.cache/ascend-logs/releases-v0.18.0/vllm-deepseek-v3-2-w8a8-ep-422493
2026-04-16T17:31:58.5441507Z   FAIL_TAG: FAIL_TAG_DeepSeek-V3_2-W8A8-EP.yaml
2026-04-16T17:31:58.5441803Z ##[endgroup]
2026-04-16T17:31:58.5545740Z ##[group]Run '/home/runner/k8s/index.js'
2026-04-16T17:31:58.5546623Z shell: /home/runner/externals/node20/bin/node {0}
2026-04-16T17:31:58.5546922Z ##[endgroup]
2026-04-16T17:31:58.9877266Z (node:2198) [DEP0005] DeprecationWarning: Buffer() is deprecated due to security and usability issues. Please use the Buffer.alloc(), Buffer.allocUnsafe(), or Buffer.from() methods instead.
2026-04-16T17:31:58.9878566Z (Use `node --trace-deprecation ...` to show where the warning was created)
2026-04-16T17:32:01.9321371Z ##[group]Run ascend-gha-runners/artifact/upload@v0.3
2026-04-16T17:32:01.9321715Z with:
2026-04-16T17:32:01.9322108Z   name: nightly-test-benchmark-results-DeepSeek-V3_2-W8A8-EP.yaml-20260416T173159Z
2026-04-16T17:32:01.9322577Z   path: /tmp/benchmark_results/
2026-04-16T17:32:01.9322840Z   if-no-files-found: warn
2026-04-16T17:32:01.9323081Z   retention-days: 90
2026-04-16T17:32:01.9323305Z   bucket: ascend-ci-cache-hk
2026-04-16T17:32:01.9323604Z   endpoint: obs.ap-southeast-1.myhuaweicloud.com
2026-04-16T17:32:01.9323905Z env:
2026-04-16T17:32:01.9324133Z   LWS_NAME: vllm-deepseek-v3-2-w8a8-ep-422493
2026-04-16T17:32:01.9324468Z   LEADER_POD: vllm-deepseek-v3-2-w8a8-ep-422493-0
2026-04-16T17:32:01.9324952Z   LOG_PREFIX: /root/.cache/ascend-logs/releases-v0.18.0/vllm-deepseek-v3-2-w8a8-ep-422493
2026-04-16T17:32:01.9325437Z   FAIL_TAG: FAIL_TAG_DeepSeek-V3_2-W8A8-EP.yaml
2026-04-16T17:32:01.9325741Z ##[endgroup]
2026-04-16T17:32:02.2091261Z ##[group]Run if command -v obsutil &>/dev/null; then
2026-04-16T17:32:02.2091765Z [36;1mif command -v obsutil &>/dev/null; then[0m
2026-04-16T17:32:02.2092151Z [36;1m  echo "obsutil already installed, skipping setup"[0m
2026-04-16T17:32:02.2092485Z [36;1m  exit 0[0m
2026-04-16T17:32:02.2092695Z [36;1mfi[0m
2026-04-16T17:32:02.2092895Z [36;1m{[0m
2026-04-16T17:32:02.2093106Z [36;1m  ARCH=$(uname -m)[0m
2026-04-16T17:32:02.2093427Z [36;1m  if [ "${ARCH}" = "aarch64" ] || [ "${ARCH}" = "arm64" ]; then[0m
2026-04-16T17:32:02.2093777Z [36;1m    OBSUTIL_ARCH="arm64"[0m
2026-04-16T17:32:02.2094036Z [36;1m  else[0m
2026-04-16T17:32:02.2094252Z [36;1m    OBSUTIL_ARCH="amd64"[0m
2026-04-16T17:32:02.2094504Z [36;1m  fi[0m
2026-04-16T17:32:02.2095078Z [36;1m  curl -sSL "https://obs-community.obs.cn-north-1.myhuaweicloud.com/obsutil/current/obsutil_linux_${OBSUTIL_ARCH}.tar.gz" \[0m
2026-04-16T17:32:02.2095714Z [36;1m    -o /tmp/obsutil.tar.gz[0m
2026-04-16T17:32:02.2096042Z [36;1m  tar -xzf /tmp/obsutil.tar.gz -C /tmp[0m
2026-04-16T17:32:02.2096550Z [36;1m  OBSUTIL_DIR=$(find /tmp -maxdepth 1 -name "obsutil_linux_${OBSUTIL_ARCH}_*" -type d | head -1)[0m
2026-04-16T17:32:02.2097056Z [36;1m  chmod +x "${OBSUTIL_DIR}/obsutil"[0m
2026-04-16T17:32:02.2097374Z [36;1m  echo "${OBSUTIL_DIR}" >> $GITHUB_PATH[0m
2026-04-16T17:32:02.2097677Z [36;1m} > /dev/null 2>&1[0m
2026-04-16T17:32:02.2097943Z [36;1mecho "obsutil setup complete"[0m
2026-04-16T17:32:02.2098336Z shell: bash --noprofile --norc -e -o pipefail {0}
2026-04-16T17:32:02.2098637Z env:
2026-04-16T17:32:02.2098874Z   LWS_NAME: vllm-deepseek-v3-2-w8a8-ep-422493
2026-04-16T17:32:02.2099222Z   LEADER_POD: vllm-deepseek-v3-2-w8a8-ep-422493-0
2026-04-16T17:32:02.2099714Z   LOG_PREFIX: /root/.cache/ascend-logs/releases-v0.18.0/vllm-deepseek-v3-2-w8a8-ep-422493
2026-04-16T17:32:02.2100452Z   FAIL_TAG: FAIL_TAG_DeepSeek-V3_2-W8A8-EP.yaml
2026-04-16T17:32:02.2100757Z ##[endgroup]
2026-04-16T17:32:02.4045163Z ##[group]Run '/home/runner/k8s/index.js'
2026-04-16T17:32:02.4046106Z shell: /home/runner/externals/node20/bin/node {0}
2026-04-16T17:32:02.4046414Z ##[endgroup]
2026-04-16T17:32:02.8974819Z (node:2501) [DEP0005] DeprecationWarning: Buffer() is deprecated due to security and usability issues. Please use the Buffer.alloc(), Buffer.allocUnsafe(), or Buffer.from() methods instead.
2026-04-16T17:32:02.8975762Z (Use `node --trace-deprecation ...` to show where the warning was created)
2026-04-16T17:32:03.7869144Z obsutil already installed, skipping setup
2026-04-16T17:32:04.6031412Z ##[group]Run obsutil config \
2026-04-16T17:32:04.6031707Z [36;1mobsutil config \[0m
2026-04-16T17:32:04.6031957Z [36;1m  -i= \[0m
2026-04-16T17:32:04.6032165Z [36;1m  -k= \[0m
2026-04-16T17:32:04.6032485Z [36;1m  -e=obs.ap-southeast-1.myhuaweicloud.com > /dev/null 2>&1[0m
2026-04-16T17:32:04.6032883Z [36;1mecho "OBS credentials configured"[0m
2026-04-16T17:32:04.6033282Z shell: bash --noprofile --norc -e -o pipefail {0}
2026-04-16T17:32:04.6033742Z env:
2026-04-16T17:32:04.6034179Z   LWS_NAME: vllm-deepseek-v3-2-w8a8-ep-422493
2026-04-16T17:32:04.6034534Z   LEADER_POD: vllm-deepseek-v3-2-w8a8-ep-422493-0
2026-04-16T17:32:04.6035017Z   LOG_PREFIX: /root/.cache/ascend-logs/releases-v0.18.0/vllm-deepseek-v3-2-w8a8-ep-422493
2026-04-16T17:32:04.6035514Z   FAIL_TAG: FAIL_TAG_DeepSeek-V3_2-W8A8-EP.yaml
2026-04-16T17:32:04.6035809Z ##[endgroup]
2026-04-16T17:32:04.6136331Z ##[group]Run '/home/runner/k8s/index.js'
2026-04-16T17:32:04.6137204Z shell: /home/runner/externals/node20/bin/node {0}
2026-04-16T17:32:04.6137516Z ##[endgroup]
2026-04-16T17:32:05.0448711Z (node:2730) [DEP0005] DeprecationWarning: Buffer() is deprecated due to security and usability issues. Please use the Buffer.alloc(), Buffer.allocUnsafe(), or Buffer.from() methods instead.
2026-04-16T17:32:05.0449723Z (Use `node --trace-deprecation ...` to show where the warning was created)
2026-04-16T17:32:05.8941383Z OBS credentials configured
2026-04-16T17:32:06.4465513Z ##[group]Run set -euo pipefail
2026-04-16T17:32:06.4466019Z [36;1mset -euo pipefail[0m
2026-04-16T17:32:06.4466272Z [36;1m[0m
2026-04-16T17:32:06.4466499Z [36;1mBUCKET="ascend-ci-cache-hk"[0m
2026-04-16T17:32:06.4466877Z [36;1mENDPOINT="obs.ap-southeast-1.myhuaweicloud.com"[0m
2026-04-16T17:32:06.4467426Z [36;1mNAME="nightly-test-benchmark-results-DeepSeek-V3_2-W8A8-EP.yaml-20260416T173159Z"[0m
2026-04-16T17:32:06.4467930Z [36;1mFILE_PATH="/tmp/benchmark_results/"[0m
2026-04-16T17:32:06.4468242Z [36;1mREPO="vllm-project/vllm-ascend"[0m
2026-04-16T17:32:06.4468533Z [36;1mRUN_ID="24523128211"[0m
2026-04-16T17:32:06.4468768Z [36;1m[0m
2026-04-16T17:32:06.4469049Z [36;1m# Deterministic path: artifacts/{repo}/{run_id}/{name}/[0m
2026-04-16T17:32:06.4469460Z [36;1mOBJECT_PREFIX="artifacts/${REPO}/${RUN_ID}/${NAME}"[0m
2026-04-16T17:32:06.4470025Z [36;1mMETA_KEY="artifacts/${REPO}/${RUN_ID}/_meta/${NAME}.json"[0m
2026-04-16T17:32:06.4470400Z [36;1m[0m
2026-04-16T17:32:06.4470817Z [36;1m# ── Expand multiline path input into include/exclude lists ──[0m
2026-04-16T17:32:06.4471300Z [36;1m# Supports: single path, directory, glob, multiline, ! exclusions[0m
2026-04-16T17:32:06.4471681Z [36;1mINCLUDE_PATTERNS=()[0m
2026-04-16T17:32:06.4471937Z [36;1mEXCLUDE_PATTERNS=()[0m
2026-04-16T17:32:06.4472199Z [36;1mwhile IFS= read -r line; do[0m
2026-04-16T17:32:06.4472560Z [36;1m  line="${line#"${line%%[![:space:]]*}"}"  # trim leading whitespace[0m
2026-04-16T17:32:06.4473003Z [36;1m  line="${line%"${line##*[![:space:]]}"}"  # trim trailing whitespace[0m
2026-04-16T17:32:06.4473374Z [36;1m  [ -z "${line}" ] && continue[0m
2026-04-16T17:32:06.4473661Z [36;1m  if [[ "${line}" == '!'* ]]; then[0m
2026-04-16T17:32:06.4473965Z [36;1m    EXCLUDE_PATTERNS+=("${line:1}")[0m
2026-04-16T17:32:06.4474244Z [36;1m  else[0m
2026-04-16T17:32:06.4474466Z [36;1m    INCLUDE_PATTERNS+=("${line}")[0m
2026-04-16T17:32:06.4474732Z [36;1m  fi[0m
2026-04-16T17:32:06.4474952Z [36;1mdone <<< "${FILE_PATH}"[0m
2026-04-16T17:32:06.4475198Z [36;1m[0m
2026-04-16T17:32:06.4475458Z [36;1m# Collect matching files using find + glob expansion[0m
2026-04-16T17:32:06.4475807Z [36;1mSTAGING_DIR=$(mktemp -d)[0m
2026-04-16T17:32:06.4476072Z [36;1mFILE_COUNT=0[0m
2026-04-16T17:32:06.4476289Z [36;1m[0m
2026-04-16T17:32:06.4476526Z [36;1mfor PATTERN in "${INCLUDE_PATTERNS[@]}"; do[0m
2026-04-16T17:32:06.4476903Z [36;1m  # Use bash glob expansion; fall back to literal path[0m
2026-04-16T17:32:06.4477250Z [36;1m  shopt -s globstar nullglob[0m
2026-04-16T17:32:06.4477538Z [36;1m  for MATCH in ${PATTERN}; do[0m
2026-04-16T17:32:06.4477828Z [36;1m    [ -e "${MATCH}" ] || continue[0m
2026-04-16T17:32:06.4478104Z [36;1m    if [ -d "${MATCH}" ]; then[0m
2026-04-16T17:32:06.4478397Z [36;1m      while IFS= read -r -d '' f; do[0m
2026-04-16T17:32:06.4478688Z [36;1m        REL="${f#./}"[0m
2026-04-16T17:32:06.4478968Z [36;1m        # Check against exclude patterns[0m
2026-04-16T17:32:06.4479505Z [36;1m        EXCLUDED=false[0m
2026-04-16T17:32:06.4480043Z [36;1m        for EXCL in "${EXCLUDE_PATTERNS[@]}"; do[0m
2026-04-16T17:32:06.4480381Z [36;1m          case "${REL}" in[0m
2026-04-16T17:32:06.4480788Z [36;1m            ${EXCL}) EXCLUDED=true; break ;;[0m
2026-04-16T17:32:06.4481084Z [36;1m          esac[0m
2026-04-16T17:32:06.4481301Z [36;1m        done[0m
2026-04-16T17:32:06.4481551Z [36;1m        if [ "${EXCLUDED}" = "false" ]; then[0m
2026-04-16T17:32:06.4481866Z [36;1m          TARGET="${STAGING_DIR}/${REL}"[0m
2026-04-16T17:32:06.4482191Z [36;1m          mkdir -p "$(dirname "${TARGET}")"[0m
2026-04-16T17:32:06.4482493Z [36;1m          cp "${f}" "${TARGET}"[0m
2026-04-16T17:32:06.4482775Z [36;1m          FILE_COUNT=$((FILE_COUNT + 1))[0m
2026-04-16T17:32:06.4483052Z [36;1m        fi[0m
2026-04-16T17:32:06.4483317Z [36;1m      done < <(find "${MATCH}" -type f -print0)[0m
2026-04-16T17:32:06.4483611Z [36;1m    else[0m
2026-04-16T17:32:06.4483821Z [36;1m      REL="${MATCH#./}"[0m
2026-04-16T17:32:06.4484074Z [36;1m      EXCLUDED=false[0m
2026-04-16T17:32:06.4484361Z [36;1m      for EXCL in "${EXCLUDE_PATTERNS[@]}"; do[0m
2026-04-16T17:32:06.4484666Z [36;1m        case "${REL}" in[0m
2026-04-16T17:32:06.4484948Z [36;1m          ${EXCL}) EXCLUDED=true; break ;;[0m
2026-04-16T17:32:06.4485223Z [36;1m        esac[0m
2026-04-16T17:32:06.4485437Z [36;1m      done[0m
2026-04-16T17:32:06.4485678Z [36;1m      if [ "${EXCLUDED}" = "false" ]; then[0m
2026-04-16T17:32:06.4485987Z [36;1m        TARGET="${STAGING_DIR}/${REL}"[0m
2026-04-16T17:32:06.4486305Z [36;1m        mkdir -p "$(dirname "${TARGET}")"[0m
2026-04-16T17:32:06.4486608Z [36;1m        cp "${MATCH}" "${TARGET}"[0m
2026-04-16T17:32:06.4486908Z [36;1m        FILE_COUNT=$((FILE_COUNT + 1))[0m
2026-04-16T17:32:06.4487184Z [36;1m      fi[0m
2026-04-16T17:32:06.4487385Z [36;1m    fi[0m
2026-04-16T17:32:06.4487575Z [36;1m  done[0m
2026-04-16T17:32:06.4487799Z [36;1m  shopt -u globstar nullglob[0m
2026-04-16T17:32:06.4488067Z [36;1mdone[0m
2026-04-16T17:32:06.4488260Z [36;1m[0m
2026-04-16T17:32:06.4488466Z [36;1m# ── Handle no files found ──[0m
2026-04-16T17:32:06.4488762Z [36;1mif [ "${FILE_COUNT}" -eq 0 ]; then[0m
2026-04-16T17:32:06.4489043Z [36;1m  case "warn" in[0m
2026-04-16T17:32:06.4489277Z [36;1m    error)[0m
2026-04-16T17:32:06.4489568Z [36;1m      echo "::error::No files found for path: ${FILE_PATH}"[0m
2026-04-16T17:32:06.4490014Z [36;1m      exit 1[0m
2026-04-16T17:32:06.4490248Z [36;1m      ;;[0m
2026-04-16T17:32:06.4490539Z [36;1m    warn)[0m
2026-04-16T17:32:06.4490885Z [36;1m      echo "::warning::No files found for path: ${FILE_PATH}, skipping upload"[0m
2026-04-16T17:32:06.4491274Z [36;1m      exit 0[0m
2026-04-16T17:32:06.4491484Z [36;1m      ;;[0m
2026-04-16T17:32:06.4491690Z [36;1m    ignore)[0m
2026-04-16T17:32:06.4491905Z [36;1m      exit 0[0m
2026-04-16T17:32:06.4492116Z [36;1m      ;;[0m
2026-04-16T17:32:06.4492312Z [36;1m  esac[0m
2026-04-16T17:32:06.4492523Z [36;1mfi[0m
2026-04-16T17:32:06.4492711Z [36;1m[0m
2026-04-16T17:32:06.4492923Z [36;1m# ── Upload staged files ──[0m
2026-04-16T17:32:06.4493271Z [36;1mTOTAL_SIZE=$(du -sb "${STAGING_DIR}" | awk '{print $1}')[0m
2026-04-16T17:32:06.4493746Z [36;1mecho "Uploading ${FILE_COUNT} file(s), total size: ${TOTAL_SIZE} bytes"[0m
2026-04-16T17:32:06.4494139Z [36;1m[0m
2026-04-16T17:32:06.4494527Z [36;1m# Upload each top-level entry individually to avoid staging dir name leaking into OBS path[0m
2026-04-16T17:32:06.4495015Z [36;1m> /tmp/obsutil_upload.log[0m
2026-04-16T17:32:06.4495297Z [36;1mfor item in "${STAGING_DIR}"/*; do[0m
2026-04-16T17:32:06.4495584Z [36;1m  [ -e "${item}" ] || continue[0m
2026-04-16T17:32:06.4496081Z [36;1m  if ! obsutil cp "${item}" "obs://${BUCKET}/${OBJECT_PREFIX}/" -r -f >> /tmp/obsutil_upload.log 2>&1; then[0m
2026-04-16T17:32:06.4496601Z [36;1m    echo "::error::Upload failed. See log:"[0m
2026-04-16T17:32:06.4496915Z [36;1m    cat /tmp/obsutil_upload.log[0m
2026-04-16T17:32:06.4497317Z [36;1m    exit 1[0m
2026-04-16T17:32:06.4497622Z [36;1m  fi[0m
2026-04-16T17:32:06.4497824Z [36;1mdone[0m
2026-04-16T17:32:06.4498016Z [36;1m[0m
2026-04-16T17:32:06.4498210Z [36;1mrm -rf "${STAGING_DIR}"[0m
2026-04-16T17:32:06.4498585Z [36;1mecho "Uploaded ${FILE_COUNT} file(s), total size: ${TOTAL_SIZE} bytes"[0m
2026-04-16T17:32:06.4498963Z [36;1m[0m
2026-04-16T17:32:06.4499159Z [36;1m# ── Write metadata ──[0m
2026-04-16T17:32:06.4499461Z [36;1mCREATED_AT=$(date -u +%Y-%m-%dT%H:%M:%SZ)[0m
2026-04-16T17:32:06.4499789Z [36;1mcat > /tmp/_artifact_meta.json <<METAEOF[0m
2026-04-16T17:32:06.4500252Z [36;1m{[0m
2026-04-16T17:32:06.4500520Z [36;1m  "name": "${NAME}",[0m
2026-04-16T17:32:06.4500789Z [36;1m  "repository": "${REPO}",[0m
2026-04-16T17:32:06.4501049Z [36;1m  "run_id": "${RUN_ID}",[0m
2026-04-16T17:32:06.4501336Z [36;1m  "object_prefix": "${OBJECT_PREFIX}",[0m
2026-04-16T17:32:06.4501639Z [36;1m  "file_count": ${FILE_COUNT},[0m
2026-04-16T17:32:06.4501926Z [36;1m  "total_size": ${TOTAL_SIZE},[0m
2026-04-16T17:32:06.4502217Z [36;1m  "created_at": "${CREATED_AT}",[0m
2026-04-16T17:32:06.4502495Z [36;1m  "retention_days": 90,[0m
2026-04-16T17:32:06.4502766Z [36;1m  "workflow": "Nightly-A3",[0m
2026-04-16T17:32:06.4503032Z [36;1m  "job": "e2e",[0m
2026-04-16T17:32:06.4503332Z [36;1m  "sha": "39b8abb7ea660c49fd7e90ad810884b715577598"[0m
2026-04-16T17:32:06.4503639Z [36;1m}[0m
2026-04-16T17:32:06.4503837Z [36;1mMETAEOF[0m
2026-04-16T17:32:06.4504035Z [36;1m[0m
2026-04-16T17:32:06.4504393Z [36;1mobsutil cp /tmp/_artifact_meta.json "obs://${BUCKET}/${META_KEY}" > /dev/null 2>&1[0m
2026-04-16T17:32:06.4504831Z [36;1mif [ $? -ne 0 ]; then[0m
2026-04-16T17:32:06.4505253Z [36;1m  echo "::warning::Failed to upload metadata, artifact files were uploaded successfully"[0m
2026-04-16T17:32:06.4505696Z [36;1mfi[0m
2026-04-16T17:32:06.4505887Z [36;1m[0m
2026-04-16T17:32:06.4506085Z [36;1m# ── Set outputs ──[0m
2026-04-16T17:32:06.4506431Z [36;1mARTIFACT_URL="https://${BUCKET}.${ENDPOINT}/${OBJECT_PREFIX}"[0m
2026-04-16T17:32:06.4506882Z [36;1mecho "artifact_id=${OBJECT_PREFIX}" >> $GITHUB_OUTPUT[0m
2026-04-16T17:32:06.4507287Z [36;1mecho "artifact_url=${ARTIFACT_URL}" >> $GITHUB_OUTPUT[0m
2026-04-16T17:32:06.4507606Z [36;1m[0m
2026-04-16T17:32:06.4507857Z [36;1mecho "Artifact '${NAME}' uploaded successfully"[0m
2026-04-16T17:32:06.4508180Z [36;1mecho "  URL: ${ARTIFACT_URL}"[0m
2026-04-16T17:32:06.4508571Z shell: bash --noprofile --norc -e -o pipefail {0}
2026-04-16T17:32:06.4508876Z env:
2026-04-16T17:32:06.4509113Z   LWS_NAME: vllm-deepseek-v3-2-w8a8-ep-422493
2026-04-16T17:32:06.4509454Z   LEADER_POD: vllm-deepseek-v3-2-w8a8-ep-422493-0
2026-04-16T17:32:06.4510076Z   LOG_PREFIX: /root/.cache/ascend-logs/releases-v0.18.0/vllm-deepseek-v3-2-w8a8-ep-422493
2026-04-16T17:32:06.4510616Z   FAIL_TAG: FAIL_TAG_DeepSeek-V3_2-W8A8-EP.yaml
2026-04-16T17:32:06.4510913Z ##[endgroup]
2026-04-16T17:32:06.4606222Z ##[group]Run '/home/runner/k8s/index.js'
2026-04-16T17:32:06.4607101Z shell: /home/runner/externals/node20/bin/node {0}
2026-04-16T17:32:06.4607401Z ##[endgroup]
2026-04-16T17:32:06.8896355Z (node:2970) [DEP0005] DeprecationWarning: Buffer() is deprecated due to security and usability issues. Please use the Buffer.alloc(), Buffer.allocUnsafe(), or Buffer.from() methods instead.
2026-04-16T17:32:06.8897283Z (Use `node --trace-deprecation ...` to show where the warning was created)
2026-04-16T17:32:07.7752755Z ##[warning]No files found for path: /tmp/benchmark_results/, skipping upload
2026-04-16T17:32:08.4084762Z ##[group]Run actions/upload-artifact@v4
2026-04-16T17:32:08.4085091Z with:
2026-04-16T17:32:08.4085547Z   name: nightly-test-benchmark-results-releases-v0.18.0-DeepSeek-V3_2-W8A8-EP-20260416T173159Z
2026-04-16T17:32:08.4086082Z   path: /tmp/benchmark_results/
2026-04-16T17:32:08.4086348Z   if-no-files-found: warn
2026-04-16T17:32:08.4086581Z   retention-days: 90
2026-04-16T17:32:08.4086808Z   compression-level: 0
2026-04-16T17:32:08.4087215Z   overwrite: false
2026-04-16T17:32:08.4087448Z   include-hidden-files: false
2026-04-16T17:32:08.4087700Z env:
2026-04-16T17:32:08.4087927Z   LWS_NAME: vllm-deepseek-v3-2-w8a8-ep-422493
2026-04-16T17:32:08.4088276Z   LEADER_POD: vllm-deepseek-v3-2-w8a8-ep-422493-0
2026-04-16T17:32:08.4088757Z   LOG_PREFIX: /root/.cache/ascend-logs/releases-v0.18.0/vllm-deepseek-v3-2-w8a8-ep-422493
2026-04-16T17:32:08.4089241Z   FAIL_TAG: FAIL_TAG_DeepSeek-V3_2-W8A8-EP.yaml
2026-04-16T17:32:08.4089530Z ##[endgroup]
2026-04-16T17:32:08.4118522Z ##[group]Run '/home/runner/k8s/index.js'
2026-04-16T17:32:08.4119393Z shell: /home/runner/externals/node20/bin/node {0}
2026-04-16T17:32:08.4119700Z ##[endgroup]
2026-04-16T17:32:08.8400552Z (node:3222) [DEP0005] DeprecationWarning: Buffer() is deprecated due to security and usability issues. Please use the Buffer.alloc(), Buffer.allocUnsafe(), or Buffer.from() methods instead.
2026-04-16T17:32:08.8401551Z (Use `node --trace-deprecation ...` to show where the warning was created)
2026-04-16T17:32:10.0177566Z ##[warning]No files were found with the provided path: /tmp/benchmark_results/. No artifacts will be uploaded.
2026-04-16T17:32:10.6712551Z Post job cleanup.
2026-04-16T17:32:10.6736527Z ##[group]Run '/home/runner/k8s/index.js'
2026-04-16T17:32:10.6737513Z shell: /home/runner/externals/node20/bin/node {0}
2026-04-16T17:32:10.6737829Z ##[endgroup]
2026-04-16T17:32:11.1011004Z (node:3484) [DEP0005] DeprecationWarning: Buffer() is deprecated due to security and usability issues. Please use the Buffer.alloc(), Buffer.allocUnsafe(), or Buffer.from() methods instead.
2026-04-16T17:32:11.1012002Z (Use `node --trace-deprecation ...` to show where the warning was created)
2026-04-16T17:32:11.9776293Z [command]/usr/bin/git version
2026-04-16T17:32:11.9949963Z git version 2.34.1
2026-04-16T17:32:11.9979383Z Copying '/root/.gitconfig' to '/__w/_temp/60711d45-1842-4ec9-818a-503dd869738c/.gitconfig'
2026-04-16T17:32:11.9991726Z Temporarily overriding HOME='/__w/_temp/60711d45-1842-4ec9-818a-503dd869738c' before making global git config changes
2026-04-16T17:32:11.9992552Z Adding repository directory to the temporary git global config as a safe directory
2026-04-16T17:32:11.9995710Z [command]/usr/bin/git config --global --add safe.directory /__w/vllm-ascend/vllm-ascend
2026-04-16T17:32:12.0031561Z Removing SSH command configuration
2026-04-16T17:32:12.0035954Z [command]/usr/bin/git config --local --name-only --get-regexp core\.sshCommand
2026-04-16T17:32:12.0088503Z [command]/usr/bin/git submodule foreach --recursive sh -c "git config --local --name-only --get-regexp 'core\.sshCommand' && git config --local --unset-all 'core.sshCommand' || :"
2026-04-16T17:32:12.0531940Z Removing HTTP extra header
2026-04-16T17:32:12.0535058Z [command]/usr/bin/git config --local --name-only --get-regexp http\.https\:\/\/github\.com\/\.extraheader
2026-04-16T17:32:12.0562255Z [command]/usr/bin/git submodule foreach --recursive sh -c "git config --local --name-only --get-regexp 'http\.https\:\/\/github\.com\/\.extraheader' && git config --local --unset-all 'http.https://github.com/.extraheader' || :"
2026-04-16T17:32:12.0757552Z Removing includeIf entries pointing to credentials config files
2026-04-16T17:32:12.0762240Z [command]/usr/bin/git config --local --name-only --get-regexp ^includeIf\.gitdir:
2026-04-16T17:32:12.0781778Z includeif.gitdir:/__w/vllm-ascend/vllm-ascend/.git.path
2026-04-16T17:32:12.0782245Z includeif.gitdir:/__w/vllm-ascend/vllm-ascend/.git/worktrees/*.path
2026-04-16T17:32:12.0782679Z includeif.gitdir:/github/workspace/.git.path
2026-04-16T17:32:12.0783066Z includeif.gitdir:/github/workspace/.git/worktrees/*.path
2026-04-16T17:32:12.0790375Z [command]/usr/bin/git config --local --get-all includeif.gitdir:/__w/vllm-ascend/vllm-ascend/.git.path
2026-04-16T17:32:12.0808077Z /__w/_temp/git-credentials-6cf46ea7-bde0-48e1-bc73-c52f1865f269.config
2026-04-16T17:32:12.0816430Z [command]/usr/bin/git config --local --unset includeif.gitdir:/__w/vllm-ascend/vllm-ascend/.git.path /__w/_temp/git-credentials-6cf46ea7-bde0-48e1-bc73-c52f1865f269.config
2026-04-16T17:32:12.0844980Z [command]/usr/bin/git config --local --get-all includeif.gitdir:/__w/vllm-ascend/vllm-ascend/.git/worktrees/*.path
2026-04-16T17:32:12.0862588Z /__w/_temp/git-credentials-6cf46ea7-bde0-48e1-bc73-c52f1865f269.config
2026-04-16T17:32:12.0870098Z [command]/usr/bin/git config --local --unset includeif.gitdir:/__w/vllm-ascend/vllm-ascend/.git/worktrees/*.path /__w/_temp/git-credentials-6cf46ea7-bde0-48e1-bc73-c52f1865f269.config
2026-04-16T17:32:12.0896183Z [command]/usr/bin/git config --local --get-all includeif.gitdir:/github/workspace/.git.path
2026-04-16T17:32:12.0914295Z /github/runner_temp/git-credentials-6cf46ea7-bde0-48e1-bc73-c52f1865f269.config
2026-04-16T17:32:12.0921017Z [command]/usr/bin/git config --local --unset includeif.gitdir:/github/workspace/.git.path /github/runner_temp/git-credentials-6cf46ea7-bde0-48e1-bc73-c52f1865f269.config
2026-04-16T17:32:12.0946590Z [command]/usr/bin/git config --local --get-all includeif.gitdir:/github/workspace/.git/worktrees/*.path
2026-04-16T17:32:12.0964665Z /github/runner_temp/git-credentials-6cf46ea7-bde0-48e1-bc73-c52f1865f269.config
2026-04-16T17:32:12.0970933Z [command]/usr/bin/git config --local --unset includeif.gitdir:/github/workspace/.git/worktrees/*.path /github/runner_temp/git-credentials-6cf46ea7-bde0-48e1-bc73-c52f1865f269.config
2026-04-16T17:32:12.1010096Z [command]/usr/bin/git submodule foreach --recursive git config --local --show-origin --name-only --get-regexp remote.origin.url
2026-04-16T17:32:12.1189245Z Removing credentials config '/__w/_temp/git-credentials-6cf46ea7-bde0-48e1-bc73-c52f1865f269.config'
2026-04-16T17:32:32.4675157Z ##[group]Run '/home/runner/k8s/index.js'
2026-04-16T17:32:32.4676114Z shell: /home/runner/externals/node20/bin/node {0}
2026-04-16T17:32:32.4676419Z ##[endgroup]
2026-04-16T17:32:32.9436195Z Cleaning up orphan processes
2026-04-16T17:32:32.9458261Z ##[warning]Node.js 20 actions are deprecated. The following actions are running on Node.js 20 and may not work as expected: actions/upload-artifact@v4. Actions will be forced to run with Node.js 24 by default starting June 2nd, 2026. Please check if updated versions of these actions are available that support Node.js 24. To opt into Node.js 24 now, set the FORCE_JAVASCRIPT_ACTIONS_TO_NODE24=true environment variable on the runner or in your workflow file. Once Node.js 24 becomes the default, you can temporarily opt out by setting ACTIONS_ALLOW_USE_UNSECURE_NODE_VERSION=true. For more information see: https://github.blog/changelog/2025-09-19-deprecation-of-node-20-on-github-actions-runners/
