# Run ID: 21566092124
# Commit: 347eb36a590dfbac0814bd43f20196d96211a6b7
# Job: multi-node (multi-node-kimi-k2-instruct-w8a8, Kimi-K2-Instruct-W8A8.yaml, 2) / Kimi-K2-Instruct-W8A8.yaml
# Date: 2026-02-01
============================================================

﻿2026-02-02T00:47:13.3660529Z Current runner version: '2.330.0'
2026-02-02T00:47:13.3665262Z Runner name: 'linux-aarch64-a3-0-wgt9d-runner-x7vk6'
2026-02-02T00:47:13.3665967Z Runner group name: 'Default'
2026-02-02T00:47:13.3666654Z Machine name: 'linux-aarch64-a3-0-wgt9d-runner-x7vk6'
2026-02-02T00:47:13.3670323Z ##[group]GITHUB_TOKEN Permissions
2026-02-02T00:47:13.3672494Z Actions: write
2026-02-02T00:47:13.3672907Z ArtifactMetadata: write
2026-02-02T00:47:13.3673341Z Attestations: write
2026-02-02T00:47:13.3673738Z Checks: write
2026-02-02T00:47:13.3674081Z Contents: write
2026-02-02T00:47:13.3674488Z Deployments: write
2026-02-02T00:47:13.3674846Z Discussions: write
2026-02-02T00:47:13.3675226Z Issues: write
2026-02-02T00:47:13.3675611Z Metadata: read
2026-02-02T00:47:13.3675951Z Models: read
2026-02-02T00:47:13.3676397Z Packages: write
2026-02-02T00:47:13.3676779Z Pages: write
2026-02-02T00:47:13.3677124Z PullRequests: write
2026-02-02T00:47:13.3677522Z RepositoryProjects: write
2026-02-02T00:47:13.3678050Z SecurityEvents: write
2026-02-02T00:47:13.3678487Z Statuses: write
2026-02-02T00:47:13.3678877Z ##[endgroup]
2026-02-02T00:47:13.3680717Z Secret source: Actions
2026-02-02T00:47:13.3681273Z Prepare workflow directory
2026-02-02T00:47:13.4211270Z Prepare all required actions
2026-02-02T00:47:13.4242861Z Getting action download info
2026-02-02T00:47:14.9235085Z Download action repository 'actions/checkout@v6' (SHA:8e8c483db84b4bee98b60c0593521ed34d9990e8)
2026-02-02T00:47:19.6203926Z Download action repository 'actions/upload-artifact@v6' (SHA:b7c566a772e6b6bfb58ed0dc250532a479d7789f)
2026-02-02T00:47:27.5046557Z Uses: vllm-project/vllm-ascend/.github/workflows/_e2e_nightly_multi_node.yaml@refs/heads/main (347eb36a590dfbac0814bd43f20196d96211a6b7)
2026-02-02T00:47:27.5049614Z ##[group] Inputs
2026-02-02T00:47:27.5049884Z   soc_version: a3
2026-02-02T00:47:27.5050115Z   runner: linux-aarch64-a3-0
2026-02-02T00:47:27.5050535Z   image: swr.cn-southwest-2.myhuaweicloud.com/base_image/ascend-ci/vllm-ascend:nightly-a3
2026-02-02T00:47:27.5050974Z   config_file_path: Kimi-K2-Instruct-W8A8.yaml
2026-02-02T00:47:27.5051251Z   replicas: 1
2026-02-02T00:47:27.5051451Z   size: 2
2026-02-02T00:47:27.5051711Z   vllm_version: v0.14.1
2026-02-02T00:47:27.5052268Z   vllm_ascend_remote_url: https://github.com/vllm-project/vllm-ascend.git
2026-02-02T00:47:27.5052643Z   vllm_ascend_ref: main
2026-02-02T00:47:27.5052968Z ##[endgroup]
2026-02-02T00:47:27.5053524Z Complete job name: multi-node (multi-node-kimi-k2-instruct-w8a8, Kimi-K2-Instruct-W8A8.yaml, 2) / Kimi-K2-Instruct-W8A8.yaml
2026-02-02T00:47:27.5607293Z ##[group]Run '/home/runner/k8s/index.js'
2026-02-02T00:47:27.5609586Z shell: /home/runner/externals/node20/bin/node {0}
2026-02-02T00:47:27.5610066Z ##[endgroup]
2026-02-02T00:47:43.0592505Z (node:69) [DEP0005] DeprecationWarning: Buffer() is deprecated due to security and usability issues. Please use the Buffer.alloc(), Buffer.allocUnsafe(), or Buffer.from() methods instead.
2026-02-02T00:47:43.0593394Z (Use `node --trace-deprecation ...` to show where the warning was created)
2026-02-02T00:48:09.0478366Z ##[group]Run # Decode and save kubeconfig
2026-02-02T00:48:09.0478816Z [36;1m# Decode and save kubeconfig[0m
2026-02-02T00:48:09.0511512Z [36;1mecho "***" | base64 -d > $KUBECONFIG[0m
2026-02-02T00:48:09.0512143Z shell: bash -el {0}
2026-02-02T00:48:09.0512430Z ##[endgroup]
2026-02-02T00:48:09.0628775Z ##[group]Run '/home/runner/k8s/index.js'
2026-02-02T00:48:09.0629731Z shell: /home/runner/externals/node20/bin/node {0}
2026-02-02T00:48:09.0630024Z ##[endgroup]
2026-02-02T00:48:09.4114263Z (node:5667) [DEP0005] DeprecationWarning: Buffer() is deprecated due to security and usability issues. Please use the Buffer.alloc(), Buffer.allocUnsafe(), or Buffer.from() methods instead.
2026-02-02T00:48:09.4115265Z (Use `node --trace-deprecation ...` to show where the warning was created)
2026-02-02T00:48:44.5745068Z ##[group]Run actions/checkout@v6
2026-02-02T00:48:44.5745385Z with:
2026-02-02T00:48:44.5745695Z   repository: vllm-project/vllm-ascend
2026-02-02T00:48:44.5746456Z   token: ***
2026-02-02T00:48:44.5746668Z   ssh-strict: true
2026-02-02T00:48:44.5746900Z   ssh-user: git
2026-02-02T00:48:44.5747147Z   persist-credentials: true
2026-02-02T00:48:44.5747438Z   clean: true
2026-02-02T00:48:44.5747670Z   sparse-checkout-cone-mode: true
2026-02-02T00:48:44.5747926Z   fetch-depth: 1
2026-02-02T00:48:44.5748145Z   fetch-tags: false
2026-02-02T00:48:44.5748374Z   show-progress: true
2026-02-02T00:48:44.5748577Z   lfs: false
2026-02-02T00:48:44.5748792Z   submodules: false
2026-02-02T00:48:44.5749012Z   set-safe-directory: true
2026-02-02T00:48:44.5749237Z ##[endgroup]
2026-02-02T00:48:44.5813983Z ##[group]Run '/home/runner/k8s/index.js'
2026-02-02T00:48:44.5815072Z shell: /home/runner/externals/node20/bin/node {0}
2026-02-02T00:48:44.5815341Z ##[endgroup]
2026-02-02T00:48:44.9373579Z (node:6095) [DEP0005] DeprecationWarning: Buffer() is deprecated due to security and usability issues. Please use the Buffer.alloc(), Buffer.allocUnsafe(), or Buffer.from() methods instead.
2026-02-02T00:48:44.9374415Z (Use `node --trace-deprecation ...` to show where the warning was created)
2026-02-02T00:49:02.6815730Z Syncing repository: vllm-project/vllm-ascend
2026-02-02T00:49:02.6816879Z ##[group]Getting Git version info
2026-02-02T00:49:02.6817182Z Working directory is '/__w/vllm-ascend/vllm-ascend'
2026-02-02T00:49:02.6817643Z [command]/usr/bin/git version
2026-02-02T00:49:02.6817915Z git version 2.34.1
2026-02-02T00:49:02.6819369Z ##[endgroup]
2026-02-02T00:49:02.6822394Z Copying '/root/.gitconfig' to '/__w/_temp/98d7bbcf-b74a-4282-a64a-4eff2d247983/.gitconfig'
2026-02-02T00:49:02.6823054Z Temporarily overriding HOME='/__w/_temp/98d7bbcf-b74a-4282-a64a-4eff2d247983' before making global git config changes
2026-02-02T00:49:02.6823770Z Adding repository directory to the temporary git global config as a safe directory
2026-02-02T00:49:02.6824266Z [command]/usr/bin/git config --global --add safe.directory /__w/vllm-ascend/vllm-ascend
2026-02-02T00:49:02.6832870Z Deleting the contents of '/__w/vllm-ascend/vllm-ascend'
2026-02-02T00:49:02.6835210Z ##[group]Initializing the repository
2026-02-02T00:49:02.6839066Z [command]/usr/bin/git init /__w/vllm-ascend/vllm-ascend
2026-02-02T00:49:02.6956368Z hint: Using 'master' as the name for the initial branch. This default branch name
2026-02-02T00:49:02.6957091Z hint: is subject to change. To configure the initial branch name to use in all
2026-02-02T00:49:02.6957699Z hint: of your new repositories, which will suppress this warning, call:
2026-02-02T00:49:02.6958049Z hint: 
2026-02-02T00:49:02.6958392Z hint: 	git config --global init.defaultBranch <name>
2026-02-02T00:49:02.6958785Z hint: 
2026-02-02T00:49:02.6959032Z hint: Names commonly chosen instead of 'master' are 'main', 'trunk' and
2026-02-02T00:49:02.6959613Z hint: 'development'. The just-created branch can be renamed via this command:
2026-02-02T00:49:02.6959924Z hint: 
2026-02-02T00:49:02.6960144Z hint: 	git branch -m <name>
2026-02-02T00:49:02.6962888Z Initialized empty Git repository in /__w/vllm-ascend/vllm-ascend/.git/
2026-02-02T00:49:02.6970951Z [command]/usr/bin/git remote add origin https://github.com/vllm-project/vllm-ascend
2026-02-02T00:49:02.7008206Z ##[endgroup]
2026-02-02T00:49:02.7008775Z ##[group]Disabling automatic garbage collection
2026-02-02T00:49:02.7011053Z [command]/usr/bin/git config --local gc.auto 0
2026-02-02T00:49:02.7040304Z ##[endgroup]
2026-02-02T00:49:02.7040763Z ##[group]Setting up auth
2026-02-02T00:49:02.7041813Z Removing SSH command configuration
2026-02-02T00:49:02.7045846Z [command]/usr/bin/git config --local --name-only --get-regexp core\.sshCommand
2026-02-02T00:49:02.7072177Z [command]/usr/bin/git submodule foreach --recursive sh -c "git config --local --name-only --get-regexp 'core\.sshCommand' && git config --local --unset-all 'core.sshCommand' || :"
2026-02-02T00:49:02.7256091Z Removing HTTP extra header
2026-02-02T00:49:02.7259231Z [command]/usr/bin/git config --local --name-only --get-regexp http\.https\:\/\/github\.com\/\.extraheader
2026-02-02T00:49:02.7283688Z [command]/usr/bin/git submodule foreach --recursive sh -c "git config --local --name-only --get-regexp 'http\.https\:\/\/github\.com\/\.extraheader' && git config --local --unset-all 'http.https://github.com/.extraheader' || :"
2026-02-02T00:49:02.7456475Z Removing includeIf entries pointing to credentials config files
2026-02-02T00:49:02.7464880Z [command]/usr/bin/git config --local --name-only --get-regexp ^includeIf\.gitdir:
2026-02-02T00:49:02.7488560Z [command]/usr/bin/git submodule foreach --recursive git config --local --show-origin --name-only --get-regexp remote.origin.url
2026-02-02T00:49:02.7668005Z [command]/usr/bin/git config --file /__w/_temp/git-credentials-e7de93fc-7944-41dd-befa-f5346e4b0650.config http.https://github.com/.extraheader AUTHORIZATION: basic ***
2026-02-02T00:49:02.7698990Z [command]/usr/bin/git config --local includeIf.gitdir:/__w/vllm-ascend/vllm-ascend/.git.path /__w/_temp/git-credentials-e7de93fc-7944-41dd-befa-f5346e4b0650.config
2026-02-02T00:49:02.7725127Z [command]/usr/bin/git config --local includeIf.gitdir:/__w/vllm-ascend/vllm-ascend/.git/worktrees/*.path /__w/_temp/git-credentials-e7de93fc-7944-41dd-befa-f5346e4b0650.config
2026-02-02T00:49:02.7752890Z [command]/usr/bin/git config --local includeIf.gitdir:/github/workspace/.git.path /github/runner_temp/git-credentials-e7de93fc-7944-41dd-befa-f5346e4b0650.config
2026-02-02T00:49:02.7778412Z [command]/usr/bin/git config --local includeIf.gitdir:/github/workspace/.git/worktrees/*.path /github/runner_temp/git-credentials-e7de93fc-7944-41dd-befa-f5346e4b0650.config
2026-02-02T00:49:02.7801451Z ##[endgroup]
2026-02-02T00:49:02.7801824Z ##[group]Fetching the repository
2026-02-02T00:49:02.7809340Z [command]/usr/bin/git -c protocol.version=2 fetch --no-tags --prune --no-recurse-submodules --depth=1 origin +347eb36a590dfbac0814bd43f20196d96211a6b7:refs/remotes/origin/main
2026-02-02T00:49:05.3067286Z From https://gh-proxy.test.osinfra.cn/https://github.com/vllm-project/vllm-ascend
2026-02-02T00:49:05.3067937Z  * [new ref]         347eb36a590dfbac0814bd43f20196d96211a6b7 -> origin/main
2026-02-02T00:49:05.3082704Z ##[endgroup]
2026-02-02T00:49:05.3083195Z ##[group]Determining the checkout info
2026-02-02T00:49:05.3083591Z ##[endgroup]
2026-02-02T00:49:05.3086466Z [command]/usr/bin/git sparse-checkout disable
2026-02-02T00:49:05.3131316Z [command]/usr/bin/git config --local --unset-all extensions.worktreeConfig
2026-02-02T00:49:05.3155511Z ##[group]Checking out the ref
2026-02-02T00:49:05.3158912Z [command]/usr/bin/git checkout --progress --force -B main refs/remotes/origin/main
2026-02-02T00:49:05.4005281Z Switched to a new branch 'main'
2026-02-02T00:49:05.4005643Z Branch 'main' set up to track remote branch 'main' from 'origin'.
2026-02-02T00:49:05.4006609Z ##[endgroup]
2026-02-02T00:49:05.4036019Z [command]/usr/bin/git log -1 --format=%H
2026-02-02T00:49:05.4056778Z 347eb36a590dfbac0814bd43f20196d96211a6b7
2026-02-02T00:49:23.0192701Z ##[group]Run # prepare for lws entrypoint scripts
2026-02-02T00:49:23.0193119Z [36;1m# prepare for lws entrypoint scripts[0m
2026-02-02T00:49:23.0193549Z [36;1minstall -D tests/e2e/nightly/multi_node/scripts/run.sh /root/.cache/tests/run.sh[0m
2026-02-02T00:49:23.0194235Z shell: bash -el {0}
2026-02-02T00:49:23.0194441Z ##[endgroup]
2026-02-02T00:49:23.0277331Z ##[group]Run '/home/runner/k8s/index.js'
2026-02-02T00:49:23.0278192Z shell: /home/runner/externals/node20/bin/node {0}
2026-02-02T00:49:23.0278456Z ##[endgroup]
2026-02-02T00:49:23.3855091Z (node:6683) [DEP0005] DeprecationWarning: Buffer() is deprecated due to security and usability issues. Please use the Buffer.alloc(), Buffer.allocUnsafe(), or Buffer.from() methods instead.
2026-02-02T00:49:23.3855884Z (Use `node --trace-deprecation ...` to show where the warning was created)
2026-02-02T00:50:00.1223266Z ##[group]Run set -euo pipefail
2026-02-02T00:50:00.1223539Z [36;1mset -euo pipefail[0m
2026-02-02T00:50:00.1223703Z [36;1m[0m
2026-02-02T00:50:00.1223929Z [36;1mCRD_NAME="${CRD_NAME:-vllm}"[0m
2026-02-02T00:50:00.1224291Z [36;1mTIMEOUT=${TIMEOUT:-120}[0m
2026-02-02T00:50:00.1224479Z [36;1mSLEEP_INTERVAL=2[0m
2026-02-02T00:50:00.1224638Z [36;1m[0m
2026-02-02T00:50:00.1224866Z [36;1mecho "Deleting leaderworkerset [$CRD_NAME] in namespace [$NAMESPACE]..."[0m
2026-02-02T00:50:00.1225280Z [36;1mkubectl delete leaderworkerset "$CRD_NAME" -n "$NAMESPACE" --ignore-not-found[0m
2026-02-02T00:50:00.1225584Z [36;1m[0m
2026-02-02T00:50:00.1225786Z [36;1mecho "Waiting for all pods starting with 'vllm' to be deleted..."[0m
2026-02-02T00:50:00.1226060Z [36;1mSTART_TIME=$(date +%s)[0m
2026-02-02T00:50:00.1226231Z [36;1m[0m
2026-02-02T00:50:00.1226356Z [36;1mwhile true; do[0m
2026-02-02T00:50:00.1226520Z [36;1m  NOW=$(date +%s)[0m
2026-02-02T00:50:00.1226725Z [36;1m  ELAPSED=$((NOW - START_TIME))[0m
2026-02-02T00:50:00.1226904Z [36;1m[0m
2026-02-02T00:50:00.1227062Z [36;1m  if [[ $ELAPSED -ge $TIMEOUT ]]; then[0m
2026-02-02T00:50:00.1227346Z [36;1m    echo "Timeout reached ($TIMEOUT seconds), some pods still exist:"[0m
2026-02-02T00:50:00.1227679Z [36;1m    kubectl get pods -n "$NAMESPACE" | grep '^vllm' || true[0m
2026-02-02T00:50:00.1227922Z [36;1m    exit 1[0m
2026-02-02T00:50:00.1228063Z [36;1m  fi[0m
2026-02-02T00:50:00.1228187Z [36;1m[0m
2026-02-02T00:50:00.1228558Z [36;1m  PODS_EXIST=$(kubectl get pods -n "$NAMESPACE" -o jsonpath='{.items[*].metadata.name}' 2>/dev/null | tr ' ' '\n' | grep '^vllm' || true)[0m
2026-02-02T00:50:00.1228978Z [36;1m[0m
2026-02-02T00:50:00.1229115Z [36;1m  if [[ -z "$PODS_EXIST" ]]; then[0m
2026-02-02T00:50:00.1229324Z [36;1m    echo "All vllm pods deleted."[0m
2026-02-02T00:50:00.1229502Z [36;1m    break[0m
2026-02-02T00:50:00.1229648Z [36;1m  else[0m
2026-02-02T00:50:00.1229842Z [36;1m    echo "Waiting for pods to be deleted: $PODS_EXIST"[0m
2026-02-02T00:50:00.1230075Z [36;1m    sleep $SLEEP_INTERVAL[0m
2026-02-02T00:50:00.1230253Z [36;1m  fi[0m
2026-02-02T00:50:00.1230385Z [36;1mdone[0m
2026-02-02T00:50:00.1230645Z shell: bash -el {0}
2026-02-02T00:50:00.1230801Z ##[endgroup]
2026-02-02T00:50:00.1372714Z ##[group]Run '/home/runner/k8s/index.js'
2026-02-02T00:50:00.1373393Z shell: /home/runner/externals/node20/bin/node {0}
2026-02-02T00:50:00.1373603Z ##[endgroup]
2026-02-02T00:50:00.5087217Z (node:7466) [DEP0005] DeprecationWarning: Buffer() is deprecated due to security and usability issues. Please use the Buffer.alloc(), Buffer.allocUnsafe(), or Buffer.from() methods instead.
2026-02-02T00:50:00.5087996Z (Use `node --trace-deprecation ...` to show where the warning was created)
2026-02-02T00:50:18.6166576Z Deleting leaderworkerset [vllm] in namespace [vllm-project]...
2026-02-02T00:50:18.9188564Z Waiting for all pods starting with 'vllm' to be deleted...
2026-02-02T00:50:18.9848446Z All vllm pods deleted.
2026-02-02T00:50:36.9287500Z ##[group]Run set -e
2026-02-02T00:50:36.9287836Z [36;1mset -e[0m
2026-02-02T00:50:36.9288043Z [36;1m[0m
2026-02-02T00:50:36.9288363Z [36;1msize="2"[0m
2026-02-02T00:50:36.9288707Z [36;1mreplicas="1"[0m
2026-02-02T00:50:36.9289102Z [36;1mimage="swr.cn-southwest-2.myhuaweicloud.com/base_image/ascend-ci/vllm-ascend:nightly-a3"[0m
2026-02-02T00:50:36.9289593Z [36;1mconfig_file_path="Kimi-K2-Instruct-W8A8.yaml"[0m
2026-02-02T00:50:36.9289950Z [36;1mfail_tag=FAIL_TAG_"Kimi-K2-Instruct-W8A8.yaml"[0m
2026-02-02T00:50:36.9290254Z [36;1mecho "FAIL_TAG=${fail_tag}" >> $GITHUB_ENV[0m
2026-02-02T00:50:36.9290547Z [36;1m[0m
2026-02-02T00:50:36.9290850Z [36;1mrequired_params=("size" "replicas" "image" "config_file_path")[0m
2026-02-02T00:50:36.9291247Z [36;1mfor param in "${required_params[@]}"; do[0m
2026-02-02T00:50:36.9291556Z [36;1m  if [ -z "${!param}" ]; then[0m
2026-02-02T00:50:36.9291895Z [36;1m    echo "Error: Parameter '$param' is required but empty"[0m
2026-02-02T00:50:36.9292466Z [36;1m    exit 1[0m
2026-02-02T00:50:36.9292695Z [36;1m  fi[0m
2026-02-02T00:50:36.9292906Z [36;1mdone[0m
2026-02-02T00:50:36.9293122Z [36;1m[0m
2026-02-02T00:50:36.9293340Z [36;1mif [ "a3" = "a3" ]; then[0m
2026-02-02T00:50:36.9293889Z [36;1m  npu_per_node=16[0m
2026-02-02T00:50:36.9294236Z [36;1m  TEMPLATE_FILE="tests/e2e/nightly/multi_node/scripts/lws.yaml.jinja2"[0m
2026-02-02T00:50:36.9294593Z [36;1melse[0m
2026-02-02T00:50:36.9294807Z [36;1m  npu_per_node=8[0m
2026-02-02T00:50:36.9295149Z [36;1m  TEMPLATE_FILE="tests/e2e/nightly/multi_node/scripts/lws-a2.yaml.jinja2"[0m
2026-02-02T00:50:36.9295516Z [36;1mfi[0m
2026-02-02T00:50:36.9295711Z [36;1m[0m
2026-02-02T00:50:36.9296006Z [36;1mjinja2 $TEMPLATE_FILE \[0m
2026-02-02T00:50:36.9296236Z [36;1m  -D size="$size" \[0m
2026-02-02T00:50:36.9296521Z [36;1m  -D replicas="$replicas" \[0m
2026-02-02T00:50:36.9296795Z [36;1m  -D image="$image" \[0m
2026-02-02T00:50:36.9297058Z [36;1m  -D config_file_path="$config_file_path" \[0m
2026-02-02T00:50:36.9297398Z [36;1m  -D npu_per_node="$npu_per_node" \[0m
2026-02-02T00:50:36.9297686Z [36;1m  -D fail_tag="$fail_tag" \[0m
2026-02-02T00:50:36.9298008Z [36;1m  --outfile lws.yaml[0m
2026-02-02T00:50:36.9298286Z [36;1m[0m
2026-02-02T00:50:36.9298555Z [36;1mkubectl apply -f ./lws.yaml[0m
2026-02-02T00:50:36.9298930Z shell: bash -el {0}
2026-02-02T00:50:36.9299265Z ##[endgroup]
2026-02-02T00:50:36.9376923Z ##[group]Run '/home/runner/k8s/index.js'
2026-02-02T00:50:36.9377955Z shell: /home/runner/externals/node20/bin/node {0}
2026-02-02T00:50:36.9378265Z ##[endgroup]
2026-02-02T00:50:37.2836001Z (node:8431) [DEP0005] DeprecationWarning: Buffer() is deprecated due to security and usability issues. Please use the Buffer.alloc(), Buffer.allocUnsafe(), or Buffer.from() methods instead.
2026-02-02T00:50:37.2836831Z (Use `node --trace-deprecation ...` to show where the warning was created)
2026-02-02T00:50:55.9689009Z leaderworkerset.leaderworkerset.x-k8s.io/vllm created
2026-02-02T00:50:55.9926254Z service/vllm-leader created
2026-02-02T00:51:14.0967874Z ##[group]Run POD_PREFIX="${POD_PREFIX:-vllm-0}"
2026-02-02T00:51:14.0968186Z [36;1mPOD_PREFIX="${POD_PREFIX:-vllm-0}"[0m
2026-02-02T00:51:14.0968381Z [36;1mSIZE="2"[0m
2026-02-02T00:51:14.0968568Z [36;1mTIMEOUT=1200  # default timeout 20 minutes[0m
2026-02-02T00:51:14.0968777Z [36;1m[0m
2026-02-02T00:51:14.0969074Z [36;1mecho "Waiting for Pods in namespace [$NAMESPACE] to become Running and Ready (timeout ${TIMEOUT}s)..."[0m
2026-02-02T00:51:14.0969469Z [36;1m[0m
2026-02-02T00:51:14.0969606Z [36;1mSTART_TIME=$(date +%s)[0m
2026-02-02T00:51:14.0969768Z [36;1m[0m
2026-02-02T00:51:14.0969902Z [36;1mwhile true; do[0m
2026-02-02T00:51:14.0970059Z [36;1m  NOW=$(date +%s)[0m
2026-02-02T00:51:14.0970242Z [36;1m  ELAPSED=$((NOW - START_TIME))[0m
2026-02-02T00:51:14.0970502Z [36;1m  if [[ $ELAPSED -ge $TIMEOUT ]]; then[0m
2026-02-02T00:51:14.0970736Z [36;1m    echo "Timeout reached after ${ELAPSED}s"[0m
2026-02-02T00:51:14.0971016Z [36;1m    echo "Dumping pod status for debugging:"[0m
2026-02-02T00:51:14.0971246Z [36;1m    kubectl get pods -n "$NAMESPACE"[0m
2026-02-02T00:51:14.0971507Z [36;1m    kubectl describe pod "$LEADER_POD" -n "$NAMESPACE"[0m
2026-02-02T00:51:14.0971747Z [36;1m    exit 1[0m
2026-02-02T00:51:14.0971884Z [36;1m  fi[0m
2026-02-02T00:51:14.0972223Z [36;1m[0m
2026-02-02T00:51:14.0972375Z [36;1m  # 1) check follower pods[0m
2026-02-02T00:51:14.0972560Z [36;1m  ALL_FOLLOWERS_READY=true[0m
2026-02-02T00:51:14.0972751Z [36;1m  for ((i=1; i<SIZE; i++)); do[0m
2026-02-02T00:51:14.0972943Z [36;1m    POD="${POD_PREFIX}-${i}"[0m
2026-02-02T00:51:14.0973311Z [36;1m    PHASE=$(kubectl get pod "$POD" -n "$NAMESPACE" -o jsonpath='{.status.phase}' 2>/dev/null || echo "NotFound")[0m
2026-02-02T00:51:14.0973920Z [36;1m    READY=$(kubectl get pod "$POD" -n "$NAMESPACE" -o jsonpath='{.status.containerStatuses[*].ready}' 2>/dev/null)[0m
2026-02-02T00:51:14.0974286Z [36;1m[0m
2026-02-02T00:51:14.0974467Z [36;1m    echo "Follower [$POD] phase=$PHASE ready=$READY"[0m
2026-02-02T00:51:14.0974699Z [36;1m[0m
2026-02-02T00:51:14.0974876Z [36;1m    if [[ "$PHASE" != "Running" || "$READY" != "true" ]]; then[0m
2026-02-02T00:51:14.0975307Z [36;1m      echo "Follower [$POD] not Ready yet..."[0m
2026-02-02T00:51:14.0975531Z [36;1m      ALL_FOLLOWERS_READY=false[0m
2026-02-02T00:51:14.0975711Z [36;1m      break[0m
2026-02-02T00:51:14.0975856Z [36;1m    fi[0m
2026-02-02T00:51:14.0975991Z [36;1m  done[0m
2026-02-02T00:51:14.0976116Z [36;1m[0m
2026-02-02T00:51:14.0976253Z [36;1m  # 2) check leader pod[0m
2026-02-02T00:51:14.0976640Z [36;1m  LEADER_PHASE=$(kubectl get pod "$LEADER_POD" -n "$NAMESPACE" -o jsonpath='{.status.phase}' 2>/dev/null || echo "NotFound")[0m
2026-02-02T00:51:14.0977244Z [36;1m  LEADER_READY=$(kubectl get pod "$LEADER_POD" -n "$NAMESPACE" -o jsonpath='{.status.containerStatuses[*].ready}' 2>/dev/null)[0m
2026-02-02T00:51:14.0977638Z [36;1m[0m
2026-02-02T00:51:14.0977849Z [36;1m  echo "Leader [$LEADER_POD] phase=$LEADER_PHASE ready=$LEADER_READY"[0m
2026-02-02T00:51:14.0978104Z [36;1m[0m
2026-02-02T00:51:14.0978305Z [36;1m  if [[ "$LEADER_PHASE" != "Running" || "$LEADER_READY" != "true" ]]; then[0m
2026-02-02T00:51:14.0978588Z [36;1m    echo "Leader not Ready yet..."[0m
2026-02-02T00:51:14.0978782Z [36;1m    ALL_FOLLOWERS_READY=false[0m
2026-02-02T00:51:14.0978960Z [36;1m  fi[0m
2026-02-02T00:51:14.0979086Z [36;1m[0m
2026-02-02T00:51:14.0979251Z [36;1m  if [[ "$ALL_FOLLOWERS_READY" == "true" ]]; then[0m
2026-02-02T00:51:14.0979571Z [36;1m    echo "All follower pods and leader pod are Running and Ready — continuing."[0m
2026-02-02T00:51:14.0979852Z [36;1m    break[0m
2026-02-02T00:51:14.0979993Z [36;1m  fi[0m
2026-02-02T00:51:14.0980121Z [36;1m[0m
2026-02-02T00:51:14.0980243Z [36;1m  sleep 2[0m
2026-02-02T00:51:14.0980384Z [36;1mdone[0m
2026-02-02T00:51:14.0980644Z shell: bash -el {0}
2026-02-02T00:51:14.0980781Z env:
2026-02-02T00:51:14.0980947Z   FAIL_TAG: FAIL_TAG_Kimi-K2-Instruct-W8A8.yaml
2026-02-02T00:51:14.0981256Z ##[endgroup]
2026-02-02T00:51:14.1079763Z ##[group]Run '/home/runner/k8s/index.js'
2026-02-02T00:51:14.1080437Z shell: /home/runner/externals/node20/bin/node {0}
2026-02-02T00:51:14.1080663Z ##[endgroup]
2026-02-02T00:51:14.4565506Z (node:9574) [DEP0005] DeprecationWarning: Buffer() is deprecated due to security and usability issues. Please use the Buffer.alloc(), Buffer.allocUnsafe(), or Buffer.from() methods instead.
2026-02-02T00:51:14.4566208Z (Use `node --trace-deprecation ...` to show where the warning was created)
2026-02-02T00:51:32.7349118Z Waiting for Pods in namespace [vllm-project] to become Running and Ready (timeout 1200s)...
2026-02-02T00:51:32.8504912Z Follower [vllm-0-1] phase=Running ready=true
2026-02-02T00:51:32.9592710Z Leader [vllm-0] phase=Running ready=true
2026-02-02T00:51:32.9593320Z All follower pods and leader pod are Running and Ready — continuing.
2026-02-02T00:51:51.3454385Z ##[group]Run set -euo pipefail
2026-02-02T00:51:51.3454649Z [36;1mset -euo pipefail[0m
2026-02-02T00:51:51.3454821Z [36;1m[0m
2026-02-02T00:51:51.3454959Z [36;1msize="2"[0m
2026-02-02T00:51:51.3455132Z [36;1mpids=()[0m
2026-02-02T00:51:51.3455289Z [36;1m[0m
2026-02-02T00:51:51.3455441Z [36;1mcleanup() {[0m
2026-02-02T00:51:51.3455637Z [36;1m  echo "Cleaning up background log streams..."[0m
2026-02-02T00:51:51.3455886Z [36;1m  for pid in "${pids[@]}"; do[0m
2026-02-02T00:51:51.3456098Z [36;1m    kill "$pid" 2>/dev/null || true[0m
2026-02-02T00:51:51.3456288Z [36;1m  done[0m
2026-02-02T00:51:51.3456433Z [36;1m}[0m
2026-02-02T00:51:51.3456574Z [36;1mtrap cleanup EXIT[0m
2026-02-02T00:51:51.3456741Z [36;1m[0m
2026-02-02T00:51:51.3456894Z [36;1mfor i in $(seq 1 $((size - 1))); do[0m
2026-02-02T00:51:51.3457091Z [36;1m  POD="vllm-0-${i}"[0m
2026-02-02T00:51:51.3457257Z [36;1m[0m
2026-02-02T00:51:51.3457475Z [36;1m  echo "==== Collecting logs from worker pod: $POD ===="[0m
2026-02-02T00:51:51.3457754Z [36;1m  kubectl logs -f "$POD" -n "$NAMESPACE" \[0m
2026-02-02T00:51:51.3457982Z [36;1m    > "/tmp/${POD}_logs.txt" 2>&1 &[0m
2026-02-02T00:51:51.3458177Z [36;1m[0m
2026-02-02T00:51:51.3458307Z [36;1m  pids+=($!)[0m
2026-02-02T00:51:51.3458602Z [36;1mdone[0m
2026-02-02T00:51:51.3458790Z [36;1m[0m
2026-02-02T00:51:51.3458987Z [36;1mecho "==== Streaming logs from leader pod: $LEADER_POD ===="[0m
2026-02-02T00:51:51.3459284Z [36;1mecho "Looking for logs containing: $FAIL_TAG"[0m
2026-02-02T00:51:51.3459505Z [36;1m[0m
2026-02-02T00:51:51.3459733Z [36;1mkubectl logs -f "$LEADER_POD" -n "$NAMESPACE" | while IFS= read -r line; do[0m
2026-02-02T00:51:51.3460028Z [36;1m  echo "$line"[0m
2026-02-02T00:51:51.3460226Z [36;1m  if echo "$line" | grep -q "$FAIL_TAG"; then[0m
2026-02-02T00:51:51.3460435Z [36;1m    exit 1[0m
2026-02-02T00:51:51.3460583Z [36;1m  fi[0m
2026-02-02T00:51:51.3460716Z [36;1mdone[0m
2026-02-02T00:51:51.3461024Z shell: bash -el {0}
2026-02-02T00:51:51.3461179Z env:
2026-02-02T00:51:51.3461345Z   FAIL_TAG: FAIL_TAG_Kimi-K2-Instruct-W8A8.yaml
2026-02-02T00:51:51.3461565Z ##[endgroup]
2026-02-02T00:51:51.3551514Z ##[group]Run '/home/runner/k8s/index.js'
2026-02-02T00:51:51.3552270Z shell: /home/runner/externals/node20/bin/node {0}
2026-02-02T00:51:51.3552494Z ##[endgroup]
2026-02-02T00:51:51.7007456Z (node:10899) [DEP0005] DeprecationWarning: Buffer() is deprecated due to security and usability issues. Please use the Buffer.alloc(), Buffer.allocUnsafe(), or Buffer.from() methods instead.
2026-02-02T00:51:51.7008167Z (Use `node --trace-deprecation ...` to show where the warning was created)
2026-02-02T00:52:10.1424465Z ==== Collecting logs from worker pod: vllm-0-1 ====
2026-02-02T00:52:10.1424769Z ==== Streaming logs from leader pod: vllm-0 ====
2026-02-02T00:52:10.1425097Z Looking for logs containing: FAIL_TAG_Kimi-K2-Instruct-W8A8.yaml
2026-02-02T00:52:10.2164610Z ====> Check NPU info
2026-02-02T00:52:10.2177609Z +------------------------------------------------------------------------------------------------+
2026-02-02T00:52:10.2187903Z | npu-smi 25.5.0                   Version: 25.5.0                                               |
2026-02-02T00:52:10.2198689Z +---------------------------+---------------+----------------------------------------------------+
2026-02-02T00:52:10.2208741Z | NPU   Name                | Health        | Power(W)    Temp(C)           Hugepages-Usage(page)|
2026-02-02T00:52:10.2219173Z | Chip  Phy-ID              | Bus-Id        | AICore(%)   Memory-Usage(MB)  HBM-Usage(MB)        |
2026-02-02T00:52:10.2228872Z +===========================+===============+====================================================+
2026-02-02T00:52:10.2238156Z | 0     Ascend910           | OK            | 176.3       35                0    / 0             |
2026-02-02T00:52:10.2248681Z | 0     0                   | 0000:9D:00.0  | 0           0    / 0          3164 / 65536         |
2026-02-02T00:52:10.2258529Z +------------------------------------------------------------------------------------------------+
2026-02-02T00:52:10.2267973Z | 0     Ascend910           | OK            | -           36                0    / 0             |
2026-02-02T00:52:10.2277928Z | 1     1                   | 0000:9F:00.0  | 0           0    / 0          2889 / 65536         |
2026-02-02T00:52:10.2288532Z +===========================+===============+====================================================+
2026-02-02T00:52:10.2298101Z | 1     Ascend910           | OK            | 169.9       36                0    / 0             |
2026-02-02T00:52:10.2308117Z | 0     2                   | 0000:99:00.0  | 0           0    / 0          3159 / 65536         |
2026-02-02T00:52:10.2317726Z +------------------------------------------------------------------------------------------------+
2026-02-02T00:52:10.2327690Z | 1     Ascend910           | OK            | -           35                0    / 0             |
2026-02-02T00:52:10.2337198Z | 1     3                   | 0000:9B:00.0  | 0           0    / 0          2887 / 65536         |
2026-02-02T00:52:10.2347537Z +===========================+===============+====================================================+
2026-02-02T00:52:10.2357100Z | 2     Ascend910           | OK            | 165.1       36                0    / 0             |
2026-02-02T00:52:10.2366619Z | 0     4                   | 0000:95:00.0  | 0           0    / 0          3156 / 65536         |
2026-02-02T00:52:10.2375794Z +------------------------------------------------------------------------------------------------+
2026-02-02T00:52:10.2385358Z | 2     Ascend910           | OK            | -           36                0    / 0             |
2026-02-02T00:52:10.2394533Z | 1     5                   | 0000:97:00.0  | 0           0    / 0          2883 / 65536         |
2026-02-02T00:52:10.2404119Z +===========================+===============+====================================================+
2026-02-02T00:52:10.2413947Z | 3     Ascend910           | OK            | 165.6       37                0    / 0             |
2026-02-02T00:52:10.2423279Z | 0     6                   | 0000:91:00.0  | 0           0    / 0          3146 / 65536         |
2026-02-02T00:52:10.2433017Z +------------------------------------------------------------------------------------------------+
2026-02-02T00:52:10.2443394Z | 3     Ascend910           | OK            | -           35                0    / 0             |
2026-02-02T00:52:10.2452830Z | 1     7                   | 0000:93:00.0  | 0           0    / 0          2897 / 65536         |
2026-02-02T00:52:10.2462246Z +===========================+===============+====================================================+
2026-02-02T00:52:10.2471425Z | 4     Ascend910           | OK            | 175.5       37                0    / 0             |
2026-02-02T00:52:10.2481195Z | 0     8                   | 0000:8D:00.0  | 0           0    / 0          3155 / 65536         |
2026-02-02T00:52:10.2491159Z +------------------------------------------------------------------------------------------------+
2026-02-02T00:52:10.2501116Z | 4     Ascend910           | OK            | -           36                0    / 0             |
2026-02-02T00:52:10.2510196Z | 1     9                   | 0000:8F:00.0  | 0           0    / 0          2882 / 65536         |
2026-02-02T00:52:10.2520135Z +===========================+===============+====================================================+
2026-02-02T00:52:10.2529855Z | 5     Ascend910           | OK            | 170.2       36                0    / 0             |
2026-02-02T00:52:10.2539581Z | 0     10                  | 0000:89:00.0  | 0           0    / 0          3145 / 65536         |
2026-02-02T00:52:10.2548748Z +------------------------------------------------------------------------------------------------+
2026-02-02T00:52:10.2558324Z | 5     Ascend910           | OK            | -           36                0    / 0             |
2026-02-02T00:52:10.2568520Z | 1     11                  | 0000:8B:00.0  | 0           0    / 0          2895 / 65536         |
2026-02-02T00:52:10.2577686Z +===========================+===============+====================================================+
2026-02-02T00:52:10.2587235Z | 6     Ascend910           | OK            | 170.5       36                0    / 0             |
2026-02-02T00:52:10.2596048Z | 0     12                  | 0000:85:00.0  | 0           0    / 0          3150 / 65536         |
2026-02-02T00:52:10.2605839Z +------------------------------------------------------------------------------------------------+
2026-02-02T00:52:10.2614874Z | 6     Ascend910           | OK            | -           36                0    / 0             |
2026-02-02T00:52:10.2624083Z | 1     13                  | 0000:87:00.0  | 0           0    / 0          2895 / 65536         |
2026-02-02T00:52:10.2633610Z +===========================+===============+====================================================+
2026-02-02T00:52:10.2643152Z | 7     Ascend910           | OK            | 171.6       34                0    / 0             |
2026-02-02T00:52:10.2653096Z | 0     14                  | 0000:81:00.0  | 0           0    / 0          3148 / 65536         |
2026-02-02T00:52:10.2662351Z +------------------------------------------------------------------------------------------------+
2026-02-02T00:52:10.2671637Z | 7     Ascend910           | OK            | -           35                0    / 0             |
2026-02-02T00:52:10.2681236Z | 1     15                  | 0000:83:00.0  | 0           0    / 0          2896 / 65536         |
2026-02-02T00:52:10.2690323Z +===========================+===============+====================================================+
2026-02-02T00:52:10.2699696Z +---------------------------+---------------+----------------------------------------------------+
2026-02-02T00:52:10.2709377Z | NPU     Chip              | Process id    | Process name             | Process memory(MB)      |
2026-02-02T00:52:10.2718707Z +===========================+===============+====================================================+
2026-02-02T00:52:10.2728409Z | No running processes found in NPU 0                                                            |
2026-02-02T00:52:10.2737935Z +===========================+===============+====================================================+
2026-02-02T00:52:10.2747273Z | No running processes found in NPU 1                                                            |
2026-02-02T00:52:10.2756902Z +===========================+===============+====================================================+
2026-02-02T00:52:10.2767791Z | No running processes found in NPU 2                                                            |
2026-02-02T00:52:10.2776007Z +===========================+===============+====================================================+
2026-02-02T00:52:10.2785308Z | No running processes found in NPU 3                                                            |
2026-02-02T00:52:10.2794695Z +===========================+===============+====================================================+
2026-02-02T00:52:10.2804059Z | No running processes found in NPU 4                                                            |
2026-02-02T00:52:10.2813439Z +===========================+===============+====================================================+
2026-02-02T00:52:10.2823124Z | No running processes found in NPU 5                                                            |
2026-02-02T00:52:10.2832302Z +===========================+===============+====================================================+
2026-02-02T00:52:10.2841543Z | No running processes found in NPU 6                                                            |
2026-02-02T00:52:10.2850114Z +===========================+===============+====================================================+
2026-02-02T00:52:10.2859727Z | No running processes found in NPU 7                                                            |
2026-02-02T00:52:10.2869001Z +===========================+===============+====================================================+
2026-02-02T00:52:10.2878125Z package_name=Ascend-cann-toolkit
2026-02-02T00:52:10.2888507Z version=8.5.0
2026-02-02T00:52:10.2897472Z innerversion=V100R001C25SPC001B232
2026-02-02T00:52:10.2907424Z compatible_version=[V100R001C15],[V100R001C18],[V100R001C19],[V100R001C20],[V100R001C21],[V100R001C23]
2026-02-02T00:52:10.2915883Z arch=aarch64
2026-02-02T00:52:10.2924914Z os=linux
2026-02-02T00:52:10.2934339Z path=/usr/local/Ascend/cann-8.5.0
2026-02-02T00:52:10.2943408Z ====> Configure mirrors and git proxy
2026-02-02T00:52:10.2952795Z Writing to /root/.config/pip/pip.conf
2026-02-02T00:52:10.2962175Z Installed vLLM-related Python packages:
2026-02-02T00:52:10.2971479Z ais_bench_benchmark               3.0.20250930               /vllm-workspace/vllm-ascend/benchmark
2026-02-02T00:52:10.2980794Z vllm                              0.13.0+empty               /vllm-workspace/vllm
2026-02-02T00:52:10.2990122Z vllm_ascend                       0.13.0rc3.dev31+g70f0a067c /vllm-workspace/vllm-ascend
2026-02-02T00:52:10.2999765Z 
2026-02-02T00:52:10.3009316Z ============================
2026-02-02T00:52:10.3018616Z vLLM Git information
2026-02-02T00:52:10.3027700Z ============================
2026-02-02T00:52:10.3037957Z Branch:      HEAD
2026-02-02T00:52:10.3047959Z Commit hash: 72506c98349d6bcd32b4e33eec7b5513453c1502
2026-02-02T00:52:10.3057621Z Author:      Harry Mellor <19981378+hmellor@users.noreply.github.com>
2026-02-02T00:52:10.3066785Z Date:        2025-12-18 21:59:10 +0000
2026-02-02T00:52:10.3077428Z Message:     Check for truthy `rope_parameters` not the existence of it (#30983)
2026-02-02T00:52:10.3085476Z Tags:        v0.13.0
2026-02-02T00:52:10.3095520Z Remote:      origin	https://ghfast.top/https://github.com/vllm-project/vllm.git (fetch)
2026-02-02T00:52:10.3104214Z 
2026-02-02T00:52:10.3113365Z 
2026-02-02T00:52:10.3122771Z ============================
2026-02-02T00:52:10.3132269Z vLLM-Ascend Git information
2026-02-02T00:52:10.3141143Z ============================
2026-02-02T00:52:10.3150660Z Branch:      releases/v0.13.0
2026-02-02T00:52:10.3165176Z Commit hash: 70f0a067c56cb7863c8b4e2c8007cb827dd76859
2026-02-02T00:52:10.3170655Z Author:      wangxiyuan <wangxiyuan1007@gmail.com>
2026-02-02T00:52:10.3180392Z Date:        2026-01-30 23:46:16 +0800
2026-02-02T00:52:10.3189491Z Message:     [0.13.0][cherry-pick]pick from 6310 to fix rope op (#6444)
2026-02-02T00:52:10.3198814Z Tags:        
2026-02-02T00:52:10.3208705Z Remote:      origin	https://ghfast.top/https://github.com/vllm-project/vllm-ascend (fetch)
2026-02-02T00:52:10.3217706Z 
2026-02-02T00:52:10.3227516Z ====> Check triton ascend info
2026-02-02T00:52:10.3236513Z Ubuntu clang version 15.0.7
2026-02-02T00:52:10.3245991Z Target: aarch64-unknown-linux-gnu
2026-02-02T00:52:10.3255076Z Thread model: posix
2026-02-02T00:52:10.3264417Z InstalledDir: /usr/bin
2026-02-02T00:52:10.3273543Z Found candidate GCC installation: /usr/bin/../lib/gcc/aarch64-linux-gnu/11
2026-02-02T00:52:10.3283253Z Selected GCC installation: /usr/bin/../lib/gcc/aarch64-linux-gnu/11
2026-02-02T00:52:10.3292713Z Candidate multilib: .;@m64
2026-02-02T00:52:10.3301445Z Selected multilib: .;@m64
2026-02-02T00:52:10.3310861Z /usr/local/Ascend/ascend-toolkit/latest/bin/bishengir-compile
2026-02-02T00:52:10.3320407Z Name: triton-ascend
2026-02-02T00:52:10.3329612Z Version: 3.2.0
2026-02-02T00:52:10.3339596Z Summary: A language and compiler for custom Deep Learning operations on Ascend hardwares
2026-02-02T00:52:10.3347619Z Home-page: https://gitcode.com/Ascend/triton-ascend/
2026-02-02T00:52:10.3357366Z Author: 
2026-02-02T00:52:10.3365963Z Author-email: 
2026-02-02T00:52:10.3375230Z License: 
2026-02-02T00:52:10.3383987Z Location: /usr/local/python3.11.14/lib/python3.11/site-packages
2026-02-02T00:52:10.3392944Z Requires: 
2026-02-02T00:52:10.3402673Z Required-by: vllm_ascend
2026-02-02T00:52:10.3413015Z INFO 02-02 00:51:33 [__init__.py:43] Available plugins for group vllm.platform_plugins:
2026-02-02T00:52:10.3423075Z INFO 02-02 00:51:33 [__init__.py:45] - ascend -> vllm_ascend:register
2026-02-02T00:52:10.3434752Z INFO 02-02 00:51:33 [__init__.py:48] All plugins in this group will be loaded. Set `VLLM_PLUGINS` to control which plugins to load.
2026-02-02T00:52:10.3443033Z INFO 02-02 00:51:33 [__init__.py:217] Platform plugin ascend is activated
2026-02-02T00:52:10.3451829Z ============================= test session starts ==============================
2026-02-02T00:52:10.3461304Z platform linux -- Python 3.11.14, pytest-8.4.2, pluggy-1.6.0 -- /usr/local/python3.11.14/bin/python3
2026-02-02T00:52:10.3470493Z cachedir: .pytest_cache
2026-02-02T00:52:10.3480900Z rootdir: /vllm-workspace/vllm-ascend
2026-02-02T00:52:10.3489997Z configfile: pyproject.toml
2026-02-02T00:52:10.3500098Z plugins: mock-3.15.1, asyncio-1.3.0, cov-7.0.0, anyio-4.12.1
2026-02-02T00:52:10.3508823Z asyncio: mode=Mode.STRICT, debug=False, asyncio_default_fixture_loop_scope=None, asyncio_default_test_loop_scope=function
2026-02-02T00:52:10.3517998Z collecting ... collected 1 item
2026-02-02T00:52:10.3527002Z 
2026-02-02T00:52:10.3537201Z [2026-02-02 00:51:39] INFO multi_node_config.py:294: Loading config yaml: tests/e2e/nightly/multi_node/config/Kimi-K2-Instruct-W8A8.yaml
2026-02-02T00:52:10.3546232Z [2026-02-02 00:51:39] INFO multi_node_config.py:351: Resolving cluster IPs via DNS...
2026-02-02T00:52:10.3558111Z [2026-02-02 00:51:39] INFO multi_node_config.py:212: Node 0 envs: {'VLLM_USE_MODELSCOPE': 'True', 'HCCL_BUFFSIZE': '1024', 'SERVER_PORT': '8080', 'OMP_PROC_BIND': 'False', 'OMP_NUM_THREADS': '100', 'NUMEXPR_MAX_THREADS': '128', 'HCCL_IF_IP': '10.0.0.200', 'HCCL_SOCKET_IFNAME': 'eth0', 'GLOO_SOCKET_IFNAME': 'eth0', 'TP_SOCKET_IFNAME': 'eth0', 'LOCAL_IP': '10.0.0.200', 'NIC_NAME': 'eth0', 'MASTER_IP': '10.0.0.200'}
2026-02-02T00:52:10.3567507Z [2026-02-02 00:51:39] INFO multi_node_config.py:137: Not launching proxy on non-master node
2026-02-02T00:52:10.3579269Z [2026-02-02 00:51:39] INFO conftest.py:107: Starting server with command: vllm serve vllm-ascend/Kimi-K2-Instruct-W8A8 --host 0.0.0.0 --port 8080 --data-parallel-size 4 --data-parallel-size-local 2 --data-parallel-start-rank 0 --data-parallel-address 10.0.0.200 --data-parallel-rpc-port 13389 --tensor-parallel-size 8 --seed 1024 --enable-expert-parallel --max-num-seqs 32 --max-model-len 8192 --max-num-batched-tokens 8192 --quantization ascend --trust-remote-code --no-enable-prefix-caching --gpu-memory-utilization 0.9 --additional-config {"torchair_graph_config":{"enabled":true}}
2026-02-02T00:52:10.3590764Z tests/e2e/nightly/multi_node/scripts/test_multi_node.py::test_multi_node INFO 02-02 00:51:44 [__init__.py:43] Available plugins for group vllm.platform_plugins:
2026-02-02T00:52:10.3596569Z INFO 02-02 00:51:44 [__init__.py:45] - ascend -> vllm_ascend:register
2026-02-02T00:52:10.3606468Z INFO 02-02 00:51:44 [__init__.py:48] All plugins in this group will be loaded. Set `VLLM_PLUGINS` to control which plugins to load.
2026-02-02T00:52:10.3615958Z INFO 02-02 00:51:44 [__init__.py:217] Platform plugin ascend is activated
2026-02-02T00:52:10.3625386Z 2026-02-02 00:51:50,099 - 135 - vllmProfiler - INFO - VLLM_USE_V1 not set, auto-detected via vLLM 0.13.0+empty: default 1
2026-02-02T00:52:10.3635014Z INFO 02-02 00:51:50 [__init__.py:108] Registered model loader `<class 'vllm_ascend.model_loader.netloader.netloader.ModelNetLoaderElastic'>` with load format `netloader`
2026-02-02T00:52:10.3644998Z [0;36m(APIServer pid=135)[0;0m INFO 02-02 00:51:50 [api_server.py:1351] vLLM API server version 0.13.0
2026-02-02T00:52:10.3657821Z [0;36m(APIServer pid=135)[0;0m INFO 02-02 00:51:50 [utils.py:253] non-default args: {'model_tag': 'vllm-ascend/Kimi-K2-Instruct-W8A8', 'host': '0.0.0.0', 'port': 8080, 'model': 'vllm-ascend/Kimi-K2-Instruct-W8A8', 'trust_remote_code': True, 'seed': 1024, 'max_model_len': 8192, 'quantization': 'ascend', 'tensor_parallel_size': 8, 'data_parallel_size': 4, 'data_parallel_start_rank': 0, 'data_parallel_size_local': 2, 'data_parallel_address': '10.0.0.200', 'data_parallel_rpc_port': 13389, 'enable_expert_parallel': True, 'enable_prefix_caching': False, 'max_num_batched_tokens': 8192, 'max_num_seqs': 32, 'additional_config': {'torchair_graph_config': {'enabled': True}}}
2026-02-02T00:52:10.3665340Z [0;36m(APIServer pid=135)[0;0m 2026-02-02 00:51:50,429 - modelscope - WARNING - We can not confirm the cached file is for revision: master
2026-02-02T00:52:10.3676250Z [0;36m(APIServer pid=135)[0;0m INFO 02-02 00:51:50 [arg_utils.py:595] HF_HUB_OFFLINE is True, replace model_id [vllm-ascend/Kimi-K2-Instruct-W8A8] to model_path [/root/.cache/modelscope/hub/models/vllm-ascend/Kimi-K2-Instruct-W8A8]
2026-02-02T00:52:10.3684794Z [0;36m(APIServer pid=135)[0;0m The argument `trust_remote_code` is to be used with Auto classes. It has no effect here and is ignored.
2026-02-02T00:52:10.3694959Z [0;36m(APIServer pid=135)[0;0m You are using a model of type kimi_k2 to instantiate a model of type deepseek_v3. This is not supported for all configurations of models and can yield errors.
2026-02-02T00:52:10.3704249Z [0;36m(APIServer pid=135)[0;0m INFO 02-02 00:51:50 [config.py:373] Replacing legacy 'type' key with 'rope_type'
2026-02-02T00:52:10.3713635Z [0;36m(APIServer pid=135)[0;0m INFO 02-02 00:51:50 [model.py:514] Resolved architecture: DeepseekV3ForCausalLM
2026-02-02T00:52:10.3723701Z [0;36m(APIServer pid=135)[0;0m INFO 02-02 00:51:50 [model.py:1661] Using max model len 8192
2026-02-02T00:52:10.3734203Z [0;36m(APIServer pid=135)[0;0m INFO 02-02 00:51:50 [scheduler.py:230] Chunked prefill is enabled with max_num_batched_tokens=8192.
2026-02-02T00:52:10.3744741Z [0;36m(APIServer pid=135)[0;0m INFO 02-02 00:51:51 [ascend_config.py:55] Linear layer sharding enabled with config: None. Note: This feature works optimally with FLASHCOMM2 and DSA-CP enabled; using it without these features may result in significant performance degradation.
2026-02-02T00:52:10.3753915Z [0;36m(APIServer pid=135)[0;0m INFO 02-02 00:51:51 [platform.py:254] PIECEWISE compilation enabled on NPU. use_inductor not supported - using only ACL Graph mode
2026-02-02T00:52:10.3763862Z [0;36m(APIServer pid=135)[0;0m INFO 02-02 00:51:51 [utils.py:521] Calculated maximum supported batch sizes for ACL graph: 5
2026-02-02T00:52:10.3775478Z [0;36m(APIServer pid=135)[0;0m WARNING 02-02 00:51:51 [utils.py:524] Currently, communication is performed using FFTS+ method, which reduces the number of available streams and, as a result, limits the range of runtime shapes that can be handled. To both improve communication performance and increase the number of supported shapes, set HCCL_OP_EXPANSION_MODE=AIV.
2026-02-02T00:52:10.3784953Z [0;36m(APIServer pid=135)[0;0m INFO 02-02 00:51:51 [utils.py:543] Adjusted ACL graph batch sizes for DeepseekV3ForCausalLM model (layers: 61): 7 → 5 sizes
2026-02-02T00:52:10.3794932Z [0;36m(APIServer pid=135)[0;0m [2026-02-02 00:51:51] INFO tokenization_kimi.py:118: Reloaded tiktoken model from /root/.cache/modelscope/hub/models/vllm-ascend/Kimi-K2-Instruct-W8A8/tiktoken.model
2026-02-02T00:52:10.3804975Z [0;36m(APIServer pid=135)[0;0m [2026-02-02 00:51:51] INFO tokenization_kimi.py:124: #words: 163842 - BOS ID: 163584 - EOS ID: 163585
2026-02-02T00:52:10.3815339Z [0;36m(APIServer pid=135)[0;0m WARNING 02-02 00:51:51 [registry.py:204] Using a slow tokenizer. This might cause a significant slowdown. Consider using a fast tokenizer instead.
2026-02-02T00:52:10.3824586Z [0;36m(APIServer pid=135)[0;0m INFO 02-02 00:51:51 [utils.py:821] Started DP Coordinator process (PID: 374)
2026-02-02T00:52:10.3834925Z INFO 02-02 00:51:56 [__init__.py:43] Available plugins for group vllm.platform_plugins:
2026-02-02T00:52:10.3844721Z INFO 02-02 00:51:56 [__init__.py:45] - ascend -> vllm_ascend:register
2026-02-02T00:52:10.3855119Z INFO 02-02 00:51:56 [__init__.py:48] All plugins in this group will be loaded. Set `VLLM_PLUGINS` to control which plugins to load.
2026-02-02T00:52:10.3863787Z INFO 02-02 00:51:56 [__init__.py:43] Available plugins for group vllm.platform_plugins:
2026-02-02T00:52:10.3873370Z INFO 02-02 00:51:56 [__init__.py:45] - ascend -> vllm_ascend:register
2026-02-02T00:52:10.3883611Z INFO 02-02 00:51:56 [__init__.py:48] All plugins in this group will be loaded. Set `VLLM_PLUGINS` to control which plugins to load.
2026-02-02T00:52:10.3893265Z INFO 02-02 00:51:56 [__init__.py:217] Platform plugin ascend is activated
2026-02-02T00:52:10.3903623Z INFO 02-02 00:51:56 [__init__.py:217] Platform plugin ascend is activated
2026-02-02T00:52:10.3913191Z INFO 02-02 00:52:06 [__init__.py:43] Available plugins for group vllm.platform_plugins:
2026-02-02T00:52:10.3922575Z INFO 02-02 00:52:06 [__init__.py:45] - ascend -> vllm_ascend:register
2026-02-02T00:52:10.3932887Z INFO 02-02 00:52:06 [__init__.py:48] All plugins in this group will be loaded. Set `VLLM_PLUGINS` to control which plugins to load.
2026-02-02T00:52:10.3942557Z INFO 02-02 00:52:06 [__init__.py:217] Platform plugin ascend is activated
2026-02-02T00:52:12.0329036Z [0;36m(EngineCore_DP0 pid=377)[0;0m 2026-02-02 00:52:12,030 - 377 - vllmProfiler - INFO - VLLM_USE_V1 not set, auto-detected via vLLM 0.13.0+empty: default 1
2026-02-02T00:52:12.0352304Z [0;36m(EngineCore_DP1 pid=848)[0;0m 2026-02-02 00:52:12,032 - 848 - vllmProfiler - INFO - VLLM_USE_V1 not set, auto-detected via vLLM 0.13.0+empty: default 1
2026-02-02T00:52:12.0381811Z [0;36m(EngineCore_DP0 pid=377)[0;0m INFO 02-02 00:52:12 [__init__.py:108] Registered model loader `<class 'vllm_ascend.model_loader.netloader.netloader.ModelNetLoaderElastic'>` with load format `netloader`
2026-02-02T00:52:12.0409561Z [0;36m(EngineCore_DP0 pid=377)[0;0m INFO 02-02 00:52:12 [core.py:93] Initializing a V1 LLM engine (v0.13.0) with config: model='/root/.cache/modelscope/hub/models/vllm-ascend/Kimi-K2-Instruct-W8A8', speculative_config=None, tokenizer='/root/.cache/modelscope/hub/models/vllm-ascend/Kimi-K2-Instruct-W8A8', skip_tokenizer_init=False, tokenizer_mode=auto, revision=None, tokenizer_revision=None, trust_remote_code=True, dtype=torch.bfloat16, max_seq_len=8192, download_dir=None, load_format=auto, tensor_parallel_size=8, pipeline_parallel_size=1, data_parallel_size=4, disable_custom_all_reduce=True, quantization=ascend, enforce_eager=False, kv_cache_dtype=auto, device_config=npu, structured_outputs_config=StructuredOutputsConfig(backend='auto', disable_fallback=False, disable_any_whitespace=False, disable_additional_properties=False, reasoning_parser='', reasoning_parser_plugin='', enable_in_reasoning=False), observability_config=ObservabilityConfig(show_hidden_metrics_for_version=None, otlp_traces_endpoint=None, collect_detailed_traces=None, kv_cache_metrics=False, kv_cache_metrics_sample=0.01, cudagraph_metrics=False, enable_layerwise_nvtx_tracing=False), seed=1024, served_model_name=/root/.cache/modelscope/hub/models/vllm-ascend/Kimi-K2-Instruct-W8A8, enable_prefix_caching=False, enable_chunked_prefill=True, pooler_config=None, compilation_config={'level': None, 'mode': <CompilationMode.VLLM_COMPILE: 3>, 'debug_dump_path': None, 'cache_dir': '', 'compile_cache_save_format': 'binary', 'backend': 'vllm_ascend.compilation.compiler_interface.AscendCompiler', 'custom_ops': ['all'], 'splitting_ops': ['vllm::unified_attention', 'vllm::unified_attention_with_output', 'vllm::unified_mla_attention', 'vllm::unified_mla_attention_with_output', 'vllm::mamba_mixer2', 'vllm::mamba_mixer', 'vllm::short_conv', 'vllm::linear_attention', 'vllm::plamo2_mamba_mixer', 'vllm::gdn_attention_core', 'vllm::kda_attention', 'vllm::sparse_attn_indexer', 'vllm::mla_forward'], 'compile_mm_encoder': False, 'compile_sizes': [], 'compile_ranges_split_points': [8192], 'inductor_compile_config': {'enable_auto_functionalized_v2': False}, 'inductor_passes': {}, 'cudagraph_mode': <CUDAGraphMode.PIECEWISE: 1>, 'cudagraph_num_of_warmups': 1, 'cudagraph_capture_sizes': [1, 4, 8, 16, 32], 'cudagraph_copy_inputs': False, 'cudagraph_specialize_lora': True, 'use_inductor_graph_partition': False, 'pass_config': {'fuse_norm_quant': True, 'fuse_act_quant': True, 'fuse_attn_quant': False, 'eliminate_noops': True, 'enable_sp': False, 'fuse_gemm_comms': False, 'fuse_allreduce_rms': False}, 'max_cudagraph_capture_size': 32, 'dynamic_shapes_config': {'type': <DynamicShapesType.BACKED: 'backed'>, 'evaluate_guards': False}, 'local_cache_dir': None}
2026-02-02T00:52:12.0417255Z [0;36m(EngineCore_DP1 pid=848)[0;0m INFO 02-02 00:52:12 [__init__.py:108] Registered model loader `<class 'vllm_ascend.model_loader.netloader.netloader.ModelNetLoaderElastic'>` with load format `netloader`
2026-02-02T00:52:16.8063276Z INFO 02-02 00:52:16 [__init__.py:43] Available plugins for group vllm.platform_plugins:
2026-02-02T00:52:16.8073576Z INFO 02-02 00:52:16 [__init__.py:45] - ascend -> vllm_ascend:register
2026-02-02T00:52:16.8084743Z INFO 02-02 00:52:16 [__init__.py:48] All plugins in this group will be loaded. Set `VLLM_PLUGINS` to control which plugins to load.
2026-02-02T00:52:16.8094424Z INFO 02-02 00:52:16 [__init__.py:43] Available plugins for group vllm.platform_plugins:
2026-02-02T00:52:16.8103927Z INFO 02-02 00:52:16 [__init__.py:45] - ascend -> vllm_ascend:register
2026-02-02T00:52:16.8114330Z INFO 02-02 00:52:16 [__init__.py:48] All plugins in this group will be loaded. Set `VLLM_PLUGINS` to control which plugins to load.
2026-02-02T00:52:16.8143141Z INFO 02-02 00:52:16 [__init__.py:217] Platform plugin ascend is activated
2026-02-02T00:52:16.8167069Z INFO 02-02 00:52:16 [__init__.py:217] Platform plugin ascend is activated
2026-02-02T00:52:22.3760423Z 2026-02-02 00:52:22,372 - 1104 - vllmProfiler - INFO - VLLM_USE_V1 not set, auto-detected via vLLM 0.13.0+empty: default 1
2026-02-02T00:52:22.3807899Z INFO 02-02 00:52:22 [__init__.py:108] Registered model loader `<class 'vllm_ascend.model_loader.netloader.netloader.ModelNetLoaderElastic'>` with load format `netloader`
2026-02-02T00:52:22.3908768Z 2026-02-02 00:52:22,389 - 1105 - vllmProfiler - INFO - VLLM_USE_V1 not set, auto-detected via vLLM 0.13.0+empty: default 1
2026-02-02T00:52:22.3941062Z INFO 02-02 00:52:22 [__init__.py:108] Registered model loader `<class 'vllm_ascend.model_loader.netloader.netloader.ModelNetLoaderElastic'>` with load format `netloader`
2026-02-02T00:52:26.2737814Z INFO 02-02 00:52:26 [ascend_config.py:55] Linear layer sharding enabled with config: None. Note: This feature works optimally with FLASHCOMM2 and DSA-CP enabled; using it without these features may result in significant performance degradation.
2026-02-02T00:52:26.2768368Z INFO 02-02 00:52:26 [ascend_config.py:55] Linear layer sharding enabled with config: None. Note: This feature works optimally with FLASHCOMM2 and DSA-CP enabled; using it without these features may result in significant performance degradation.
2026-02-02T00:52:26.3341228Z INFO 02-02 00:52:26 [parallel_state.py:1203] world_size=32 rank=0 local_rank=0 distributed_init_method=tcp://10.0.0.200:38637 backend=hccl
2026-02-02T00:52:26.3363471Z INFO 02-02 00:52:26 [parallel_state.py:1203] world_size=32 rank=8 local_rank=0 distributed_init_method=tcp://10.0.0.200:38637 backend=hccl
2026-02-02T00:52:27.1049783Z INFO 02-02 00:52:27 [__init__.py:43] Available plugins for group vllm.platform_plugins:
2026-02-02T00:52:27.1057825Z INFO 02-02 00:52:27 [__init__.py:45] - ascend -> vllm_ascend:register
2026-02-02T00:52:27.1068826Z INFO 02-02 00:52:27 [__init__.py:43] Available plugins for group vllm.platform_plugins:
2026-02-02T00:52:27.1079128Z INFO 02-02 00:52:27 [__init__.py:48] All plugins in this group will be loaded. Set `VLLM_PLUGINS` to control which plugins to load.
2026-02-02T00:52:27.1088704Z INFO 02-02 00:52:27 [__init__.py:45] - ascend -> vllm_ascend:register
2026-02-02T00:52:27.1098098Z INFO 02-02 00:52:27 [__init__.py:48] All plugins in this group will be loaded. Set `VLLM_PLUGINS` to control which plugins to load.
2026-02-02T00:52:27.1133202Z INFO 02-02 00:52:27 [__init__.py:217] Platform plugin ascend is activated
2026-02-02T00:52:27.1142789Z INFO 02-02 00:52:27 [__init__.py:217] Platform plugin ascend is activated
2026-02-02T00:52:32.6949548Z 2026-02-02 00:52:32,692 - 1575 - vllmProfiler - INFO - VLLM_USE_V1 not set, auto-detected via vLLM 0.13.0+empty: default 1
2026-02-02T00:52:32.6970422Z 2026-02-02 00:52:32,695 - 1574 - vllmProfiler - INFO - VLLM_USE_V1 not set, auto-detected via vLLM 0.13.0+empty: default 1
2026-02-02T00:52:32.7000769Z INFO 02-02 00:52:32 [__init__.py:108] Registered model loader `<class 'vllm_ascend.model_loader.netloader.netloader.ModelNetLoaderElastic'>` with load format `netloader`
2026-02-02T00:52:32.7010701Z INFO 02-02 00:52:32 [__init__.py:108] Registered model loader `<class 'vllm_ascend.model_loader.netloader.netloader.ModelNetLoaderElastic'>` with load format `netloader`
2026-02-02T00:52:34.7280085Z INFO 02-02 00:52:34 [ascend_config.py:55] Linear layer sharding enabled with config: None. Note: This feature works optimally with FLASHCOMM2 and DSA-CP enabled; using it without these features may result in significant performance degradation.
2026-02-02T00:52:34.8303376Z INFO 02-02 00:52:34 [ascend_config.py:55] Linear layer sharding enabled with config: None. Note: This feature works optimally with FLASHCOMM2 and DSA-CP enabled; using it without these features may result in significant performance degradation.
2026-02-02T00:52:35.1507315Z INFO 02-02 00:52:35 [parallel_state.py:1203] world_size=32 rank=9 local_rank=1 distributed_init_method=tcp://10.0.0.200:38637 backend=hccl
2026-02-02T00:52:35.2562258Z INFO 02-02 00:52:35 [parallel_state.py:1203] world_size=32 rank=1 local_rank=1 distributed_init_method=tcp://10.0.0.200:38637 backend=hccl
2026-02-02T00:52:37.4042388Z INFO 02-02 00:52:37 [__init__.py:43] Available plugins for group vllm.platform_plugins:
2026-02-02T00:52:37.4051403Z INFO 02-02 00:52:37 [__init__.py:45] - ascend -> vllm_ascend:register
2026-02-02T00:52:37.4060869Z INFO 02-02 00:52:37 [__init__.py:48] All plugins in this group will be loaded. Set `VLLM_PLUGINS` to control which plugins to load.
2026-02-02T00:52:37.4122746Z INFO 02-02 00:52:37 [__init__.py:217] Platform plugin ascend is activated
2026-02-02T00:52:37.4300923Z INFO 02-02 00:52:37 [__init__.py:43] Available plugins for group vllm.platform_plugins:
2026-02-02T00:52:37.4309148Z INFO 02-02 00:52:37 [__init__.py:45] - ascend -> vllm_ascend:register
2026-02-02T00:52:37.4320068Z INFO 02-02 00:52:37 [__init__.py:48] All plugins in this group will be loaded. Set `VLLM_PLUGINS` to control which plugins to load.
2026-02-02T00:52:37.4384023Z INFO 02-02 00:52:37 [__init__.py:217] Platform plugin ascend is activated
2026-02-02T00:52:42.9735591Z 2026-02-02 00:52:42,971 - 2121 - vllmProfiler - INFO - VLLM_USE_V1 not set, auto-detected via vLLM 0.13.0+empty: default 1
2026-02-02T00:52:42.9762603Z INFO 02-02 00:52:42 [__init__.py:108] Registered model loader `<class 'vllm_ascend.model_loader.netloader.netloader.ModelNetLoaderElastic'>` with load format `netloader`
2026-02-02T00:52:42.9977024Z 2026-02-02 00:52:42,993 - 2118 - vllmProfiler - INFO - VLLM_USE_V1 not set, auto-detected via vLLM 0.13.0+empty: default 1
2026-02-02T00:52:43.0082876Z INFO 02-02 00:52:42 [__init__.py:108] Registered model loader `<class 'vllm_ascend.model_loader.netloader.netloader.ModelNetLoaderElastic'>` with load format `netloader`
2026-02-02T00:52:45.0939672Z INFO 02-02 00:52:45 [ascend_config.py:55] Linear layer sharding enabled with config: None. Note: This feature works optimally with FLASHCOMM2 and DSA-CP enabled; using it without these features may result in significant performance degradation.
2026-02-02T00:52:45.1016870Z INFO 02-02 00:52:45 [ascend_config.py:55] Linear layer sharding enabled with config: None. Note: This feature works optimally with FLASHCOMM2 and DSA-CP enabled; using it without these features may result in significant performance degradation.
2026-02-02T00:52:45.5170091Z INFO 02-02 00:52:45 [parallel_state.py:1203] world_size=32 rank=10 local_rank=2 distributed_init_method=tcp://10.0.0.200:38637 backend=hccl
2026-02-02T00:52:45.5453189Z INFO 02-02 00:52:45 [parallel_state.py:1203] world_size=32 rank=2 local_rank=2 distributed_init_method=tcp://10.0.0.200:38637 backend=hccl
2026-02-02T00:52:47.7008247Z INFO 02-02 00:52:47 [__init__.py:43] Available plugins for group vllm.platform_plugins:
2026-02-02T00:52:47.7009069Z INFO 02-02 00:52:47 [__init__.py:43] Available plugins for group vllm.platform_plugins:
2026-02-02T00:52:47.7009424Z INFO 02-02 00:52:47 [__init__.py:45] - ascend -> vllm_ascend:register
2026-02-02T00:52:47.7014970Z INFO 02-02 00:52:47 [__init__.py:45] - ascend -> vllm_ascend:register
2026-02-02T00:52:47.7025779Z INFO 02-02 00:52:47 [__init__.py:48] All plugins in this group will be loaded. Set `VLLM_PLUGINS` to control which plugins to load.
2026-02-02T00:52:47.7035114Z INFO 02-02 00:52:47 [__init__.py:48] All plugins in this group will be loaded. Set `VLLM_PLUGINS` to control which plugins to load.
2026-02-02T00:52:47.7065741Z INFO 02-02 00:52:47 [__init__.py:217] Platform plugin ascend is activated
2026-02-02T00:52:47.7074720Z INFO 02-02 00:52:47 [__init__.py:217] Platform plugin ascend is activated
2026-02-02T00:52:53.2444332Z 2026-02-02 00:52:53,242 - 2672 - vllmProfiler - INFO - VLLM_USE_V1 not set, auto-detected via vLLM 0.13.0+empty: default 1
2026-02-02T00:52:53.2471573Z INFO 02-02 00:52:53 [__init__.py:108] Registered model loader `<class 'vllm_ascend.model_loader.netloader.netloader.ModelNetLoaderElastic'>` with load format `netloader`
2026-02-02T00:52:53.2718940Z 2026-02-02 00:52:53,270 - 2673 - vllmProfiler - INFO - VLLM_USE_V1 not set, auto-detected via vLLM 0.13.0+empty: default 1
2026-02-02T00:52:53.2750609Z INFO 02-02 00:52:53 [__init__.py:108] Registered model loader `<class 'vllm_ascend.model_loader.netloader.netloader.ModelNetLoaderElastic'>` with load format `netloader`
2026-02-02T00:52:55.2633662Z INFO 02-02 00:52:55 [ascend_config.py:55] Linear layer sharding enabled with config: None. Note: This feature works optimally with FLASHCOMM2 and DSA-CP enabled; using it without these features may result in significant performance degradation.
2026-02-02T00:52:55.4286989Z INFO 02-02 00:52:55 [ascend_config.py:55] Linear layer sharding enabled with config: None. Note: This feature works optimally with FLASHCOMM2 and DSA-CP enabled; using it without these features may result in significant performance degradation.
2026-02-02T00:52:55.6855416Z INFO 02-02 00:52:55 [parallel_state.py:1203] world_size=32 rank=3 local_rank=3 distributed_init_method=tcp://10.0.0.200:38637 backend=hccl
2026-02-02T00:52:55.8595464Z INFO 02-02 00:52:55 [parallel_state.py:1203] world_size=32 rank=11 local_rank=3 distributed_init_method=tcp://10.0.0.200:38637 backend=hccl
2026-02-02T00:52:57.9314273Z INFO 02-02 00:52:57 [__init__.py:43] Available plugins for group vllm.platform_plugins:
2026-02-02T00:52:57.9323828Z INFO 02-02 00:52:57 [__init__.py:45] - ascend -> vllm_ascend:register
2026-02-02T00:52:57.9334674Z INFO 02-02 00:52:57 [__init__.py:48] All plugins in this group will be loaded. Set `VLLM_PLUGINS` to control which plugins to load.
2026-02-02T00:52:57.9344780Z INFO 02-02 00:52:57 [__init__.py:43] Available plugins for group vllm.platform_plugins:
2026-02-02T00:52:57.9354815Z INFO 02-02 00:52:57 [__init__.py:45] - ascend -> vllm_ascend:register
2026-02-02T00:52:57.9364592Z INFO 02-02 00:52:57 [__init__.py:48] All plugins in this group will be loaded. Set `VLLM_PLUGINS` to control which plugins to load.
2026-02-02T00:52:57.9392315Z INFO 02-02 00:52:57 [__init__.py:217] Platform plugin ascend is activated
2026-02-02T00:52:57.9415672Z INFO 02-02 00:52:57 [__init__.py:217] Platform plugin ascend is activated
2026-02-02T00:53:03.4569467Z 2026-02-02 00:53:03,454 - 3226 - vllmProfiler - INFO - VLLM_USE_V1 not set, auto-detected via vLLM 0.13.0+empty: default 1
2026-02-02T00:53:03.4596065Z INFO 02-02 00:53:03 [__init__.py:108] Registered model loader `<class 'vllm_ascend.model_loader.netloader.netloader.ModelNetLoaderElastic'>` with load format `netloader`
2026-02-02T00:53:03.5175361Z 2026-02-02 00:53:03,515 - 3227 - vllmProfiler - INFO - VLLM_USE_V1 not set, auto-detected via vLLM 0.13.0+empty: default 1
2026-02-02T00:53:03.5208182Z INFO 02-02 00:53:03 [__init__.py:108] Registered model loader `<class 'vllm_ascend.model_loader.netloader.netloader.ModelNetLoaderElastic'>` with load format `netloader`
2026-02-02T00:53:05.5424482Z INFO 02-02 00:53:05 [ascend_config.py:55] Linear layer sharding enabled with config: None. Note: This feature works optimally with FLASHCOMM2 and DSA-CP enabled; using it without these features may result in significant performance degradation.
2026-02-02T00:53:05.5956519Z INFO 02-02 00:53:05 [ascend_config.py:55] Linear layer sharding enabled with config: None. Note: This feature works optimally with FLASHCOMM2 and DSA-CP enabled; using it without these features may result in significant performance degradation.
2026-02-02T00:53:05.9655630Z INFO 02-02 00:53:05 [parallel_state.py:1203] world_size=32 rank=4 local_rank=4 distributed_init_method=tcp://10.0.0.200:38637 backend=hccl
2026-02-02T00:53:06.0196412Z INFO 02-02 00:53:06 [parallel_state.py:1203] world_size=32 rank=12 local_rank=4 distributed_init_method=tcp://10.0.0.200:38637 backend=hccl
2026-02-02T00:53:07.9767830Z INFO 02-02 00:53:07 [__init__.py:43] Available plugins for group vllm.platform_plugins:
2026-02-02T00:53:07.9774966Z INFO 02-02 00:53:07 [__init__.py:45] - ascend -> vllm_ascend:register
2026-02-02T00:53:07.9784722Z INFO 02-02 00:53:07 [__init__.py:48] All plugins in this group will be loaded. Set `VLLM_PLUGINS` to control which plugins to load.
2026-02-02T00:53:07.9847508Z INFO 02-02 00:53:07 [__init__.py:217] Platform plugin ascend is activated
2026-02-02T00:53:08.2452870Z INFO 02-02 00:53:08 [__init__.py:43] Available plugins for group vllm.platform_plugins:
2026-02-02T00:53:08.2460307Z INFO 02-02 00:53:08 [__init__.py:45] - ascend -> vllm_ascend:register
2026-02-02T00:53:08.2469489Z INFO 02-02 00:53:08 [__init__.py:48] All plugins in this group will be loaded. Set `VLLM_PLUGINS` to control which plugins to load.
2026-02-02T00:53:08.2533875Z INFO 02-02 00:53:08 [__init__.py:217] Platform plugin ascend is activated
2026-02-02T00:53:13.3769450Z 2026-02-02 00:53:13,374 - 3780 - vllmProfiler - INFO - VLLM_USE_V1 not set, auto-detected via vLLM 0.13.0+empty: default 1
2026-02-02T00:53:13.3795507Z INFO 02-02 00:53:13 [__init__.py:108] Registered model loader `<class 'vllm_ascend.model_loader.netloader.netloader.ModelNetLoaderElastic'>` with load format `netloader`
2026-02-02T00:53:13.6440881Z 2026-02-02 00:53:13,642 - 3784 - vllmProfiler - INFO - VLLM_USE_V1 not set, auto-detected via vLLM 0.13.0+empty: default 1
2026-02-02T00:53:13.6490944Z INFO 02-02 00:53:13 [__init__.py:108] Registered model loader `<class 'vllm_ascend.model_loader.netloader.netloader.ModelNetLoaderElastic'>` with load format `netloader`
2026-02-02T00:53:15.3862408Z INFO 02-02 00:53:15 [ascend_config.py:55] Linear layer sharding enabled with config: None. Note: This feature works optimally with FLASHCOMM2 and DSA-CP enabled; using it without these features may result in significant performance degradation.
2026-02-02T00:53:15.7178292Z INFO 02-02 00:53:15 [ascend_config.py:55] Linear layer sharding enabled with config: None. Note: This feature works optimally with FLASHCOMM2 and DSA-CP enabled; using it without these features may result in significant performance degradation.
2026-02-02T00:53:15.8078228Z INFO 02-02 00:53:15 [parallel_state.py:1203] world_size=32 rank=5 local_rank=5 distributed_init_method=tcp://10.0.0.200:38637 backend=hccl
2026-02-02T00:53:16.1232525Z INFO 02-02 00:53:16 [parallel_state.py:1203] world_size=32 rank=13 local_rank=5 distributed_init_method=tcp://10.0.0.200:38637 backend=hccl
2026-02-02T00:53:17.9891359Z INFO 02-02 00:53:17 [__init__.py:43] Available plugins for group vllm.platform_plugins:
2026-02-02T00:53:17.9900257Z INFO 02-02 00:53:17 [__init__.py:45] - ascend -> vllm_ascend:register
2026-02-02T00:53:17.9909327Z INFO 02-02 00:53:17 [__init__.py:48] All plugins in this group will be loaded. Set `VLLM_PLUGINS` to control which plugins to load.
2026-02-02T00:53:17.9968088Z INFO 02-02 00:53:17 [__init__.py:217] Platform plugin ascend is activated
2026-02-02T00:53:18.2824863Z INFO 02-02 00:53:18 [__init__.py:43] Available plugins for group vllm.platform_plugins:
2026-02-02T00:53:18.2833236Z INFO 02-02 00:53:18 [__init__.py:45] - ascend -> vllm_ascend:register
2026-02-02T00:53:18.2844503Z INFO 02-02 00:53:18 [__init__.py:48] All plugins in this group will be loaded. Set `VLLM_PLUGINS` to control which plugins to load.
2026-02-02T00:53:18.2906190Z INFO 02-02 00:53:18 [__init__.py:217] Platform plugin ascend is activated
2026-02-02T00:53:23.3707039Z 2026-02-02 00:53:23,368 - 4334 - vllmProfiler - INFO - VLLM_USE_V1 not set, auto-detected via vLLM 0.13.0+empty: default 1
2026-02-02T00:53:23.3733603Z INFO 02-02 00:53:23 [__init__.py:108] Registered model loader `<class 'vllm_ascend.model_loader.netloader.netloader.ModelNetLoaderElastic'>` with load format `netloader`
2026-02-02T00:53:23.6935110Z 2026-02-02 00:53:23,691 - 4337 - vllmProfiler - INFO - VLLM_USE_V1 not set, auto-detected via vLLM 0.13.0+empty: default 1
2026-02-02T00:53:23.6965419Z INFO 02-02 00:53:23 [__init__.py:108] Registered model loader `<class 'vllm_ascend.model_loader.netloader.netloader.ModelNetLoaderElastic'>` with load format `netloader`
2026-02-02T00:53:25.4336395Z INFO 02-02 00:53:25 [ascend_config.py:55] Linear layer sharding enabled with config: None. Note: This feature works optimally with FLASHCOMM2 and DSA-CP enabled; using it without these features may result in significant performance degradation.
2026-02-02T00:53:25.7050075Z INFO 02-02 00:53:25 [ascend_config.py:55] Linear layer sharding enabled with config: None. Note: This feature works optimally with FLASHCOMM2 and DSA-CP enabled; using it without these features may result in significant performance degradation.
2026-02-02T00:53:25.8431201Z INFO 02-02 00:53:25 [parallel_state.py:1203] world_size=32 rank=6 local_rank=6 distributed_init_method=tcp://10.0.0.200:38637 backend=hccl
2026-02-02T00:53:26.1356863Z INFO 02-02 00:53:26 [parallel_state.py:1203] world_size=32 rank=14 local_rank=6 distributed_init_method=tcp://10.0.0.200:38637 backend=hccl
2026-02-02T00:53:27.9425088Z INFO 02-02 00:53:27 [__init__.py:43] Available plugins for group vllm.platform_plugins:
2026-02-02T00:53:27.9433070Z INFO 02-02 00:53:27 [__init__.py:45] - ascend -> vllm_ascend:register
2026-02-02T00:53:27.9442987Z INFO 02-02 00:53:27 [__init__.py:48] All plugins in this group will be loaded. Set `VLLM_PLUGINS` to control which plugins to load.
2026-02-02T00:53:27.9505917Z INFO 02-02 00:53:27 [__init__.py:217] Platform plugin ascend is activated
2026-02-02T00:53:28.2306887Z INFO 02-02 00:53:28 [__init__.py:43] Available plugins for group vllm.platform_plugins:
2026-02-02T00:53:28.2316452Z INFO 02-02 00:53:28 [__init__.py:45] - ascend -> vllm_ascend:register
2026-02-02T00:53:28.2323774Z INFO 02-02 00:53:28 [__init__.py:48] All plugins in this group will be loaded. Set `VLLM_PLUGINS` to control which plugins to load.
2026-02-02T00:53:28.2378088Z INFO 02-02 00:53:28 [__init__.py:217] Platform plugin ascend is activated
2026-02-02T00:53:33.3344301Z 2026-02-02 00:53:33,331 - 4888 - vllmProfiler - INFO - VLLM_USE_V1 not set, auto-detected via vLLM 0.13.0+empty: default 1
2026-02-02T00:53:33.3373007Z INFO 02-02 00:53:33 [__init__.py:108] Registered model loader `<class 'vllm_ascend.model_loader.netloader.netloader.ModelNetLoaderElastic'>` with load format `netloader`
2026-02-02T00:53:33.6218870Z 2026-02-02 00:53:33,616 - 4891 - vllmProfiler - INFO - VLLM_USE_V1 not set, auto-detected via vLLM 0.13.0+empty: default 1
2026-02-02T00:53:33.6226588Z INFO 02-02 00:53:33 [__init__.py:108] Registered model loader `<class 'vllm_ascend.model_loader.netloader.netloader.ModelNetLoaderElastic'>` with load format `netloader`
2026-02-02T00:53:35.3315493Z INFO 02-02 00:53:35 [ascend_config.py:55] Linear layer sharding enabled with config: None. Note: This feature works optimally with FLASHCOMM2 and DSA-CP enabled; using it without these features may result in significant performance degradation.
2026-02-02T00:53:35.7096736Z INFO 02-02 00:53:35 [ascend_config.py:55] Linear layer sharding enabled with config: None. Note: This feature works optimally with FLASHCOMM2 and DSA-CP enabled; using it without these features may result in significant performance degradation.
2026-02-02T00:53:35.7442935Z INFO 02-02 00:53:35 [parallel_state.py:1203] world_size=32 rank=7 local_rank=7 distributed_init_method=tcp://10.0.0.200:38637 backend=hccl
2026-02-02T00:53:36.1214062Z INFO 02-02 00:53:36 [parallel_state.py:1203] world_size=32 rank=15 local_rank=7 distributed_init_method=tcp://10.0.0.200:38637 backend=hccl
2026-02-02T00:53:36.1626863Z [Gloo] Rank 0 is connected to 31 peer ranks. Expected number of connected peer ranks is : 31
2026-02-02T00:53:36.1654723Z [Gloo] Rank 7 is connected to 31 peer ranks. Expected number of connected peer ranks is : 31
2026-02-02T00:53:36.1662840Z [Gloo] Rank 4 is connected to 31 peer ranks. Expected number of connected peer ranks is : 31
2026-02-02T00:53:36.1671484Z [Gloo] Rank 5 is connected to 31 peer ranks. Expected number of connected peer ranks is : 31
2026-02-02T00:53:36.1681662Z [Gloo] Rank 6 is connected to 31 peer ranks. Expected number of connected peer ranks is : 31
2026-02-02T00:53:36.1691902Z [Gloo] Rank 3 is connected to 31 peer ranks. Expected number of connected peer ranks is : 31
2026-02-02T00:53:36.2318500Z [Gloo] Rank 11 is connected to 31 peer ranks. Expected number of connected peer ranks is : 31
2026-02-02T00:53:36.2329207Z [Gloo] Rank 9 is connected to 31 peer ranks. Expected number of connected peer ranks is : 31
2026-02-02T00:53:36.2356028Z [Gloo] Rank 2 is connected to 31 peer ranks. Expected number of connected peer ranks is : 31
2026-02-02T00:53:36.2383249Z [Gloo] Rank 1 is connected to 31 peer ranks. Expected number of connected peer ranks is : 31
2026-02-02T00:53:36.2393112Z [Gloo] Rank 15 is connected to 31 peer ranks. Expected number of connected peer ranks is : 31
2026-02-02T00:53:36.2402605Z [Gloo] Rank 13 is connected to 31 peer ranks. Expected number of connected peer ranks is : 31
2026-02-02T00:53:36.2413320Z [Gloo] Rank 8 is connected to 31 peer ranks. Expected number of connected peer ranks is : 31
2026-02-02T00:53:36.2835028Z [Gloo] Rank 14 is connected to 31 peer ranks. Expected number of connected peer ranks is : 31
2026-02-02T00:53:36.2858630Z [Gloo] Rank 10 is connected to 31 peer ranks. Expected number of connected peer ranks is : 31
2026-02-02T00:53:36.2868403Z [Gloo] Rank 12 is connected to 31 peer ranks. Expected number of connected peer ranks is : 31
2026-02-02T00:53:36.3869514Z [Gloo] Rank 0 is connected to 7 peer ranks. Expected number of connected peer ranks is : 7
2026-02-02T00:53:36.3891579Z [Gloo] Rank 1 is connected to 7 peer ranks. Expected number of connected peer ranks is : 7
2026-02-02T00:53:36.3900833Z [Gloo] Rank 2 is connected to 7 peer ranks. Expected number of connected peer ranks is : 7
2026-02-02T00:53:36.3909280Z [Gloo] Rank 7 is connected to 7 peer ranks. Expected number of connected peer ranks is : 7
2026-02-02T00:53:36.3918372Z [Gloo] Rank 3 is connected to 7 peer ranks. Expected number of connected peer ranks is : 7
2026-02-02T00:53:36.3927713Z [Gloo] Rank 1 is connected to 7 peer ranks. Expected number of connected peer ranks is : 7
2026-02-02T00:53:36.3937243Z [Gloo] Rank 2 is connected to 7 peer ranks. Expected number of connected peer ranks is : 7
2026-02-02T00:53:36.3945861Z [Gloo] Rank 4 is connected to 7 peer ranks. Expected number of connected peer ranks is : 7
2026-02-02T00:53:36.3955869Z [Gloo] Rank 4 is connected to 7 peer ranks. Expected number of connected peer ranks is : 7
2026-02-02T00:53:36.3965256Z [Gloo] Rank 6 is connected to 7 peer ranks. Expected number of connected peer ranks is : 7
2026-02-02T00:53:36.3974989Z [Gloo] Rank 5 is connected to 7 peer ranks. Expected number of connected peer ranks is : 7
2026-02-02T00:53:36.3984760Z [Gloo] Rank 5 is connected to 7 peer ranks. Expected number of connected peer ranks is : 7
2026-02-02T00:53:36.3994015Z [Gloo] Rank 3 is connected to 7 peer ranks. Expected number of connected peer ranks is : 7
2026-02-02T00:53:36.4004420Z [Gloo] Rank 6 is connected to 7 peer ranks. Expected number of connected peer ranks is : 7
2026-02-02T00:53:36.4049078Z [Gloo] Rank 7 is connected to 7 peer ranks. Expected number of connected peer ranks is : 7
2026-02-02T00:53:36.4051084Z [Gloo] Rank 0 is connected to 0 peer ranks. Expected number of connected peer ranks is : 0
2026-02-02T00:53:36.4051678Z [Gloo] Rank 0 is connected to 0 peer ranks. Expected number of connected peer ranks is : 0
2026-02-02T00:53:36.4052189Z [Gloo] Rank 0 is connected to 0 peer ranks. Expected number of connected peer ranks is : 0
2026-02-02T00:53:36.4052671Z [Gloo] Rank 0 is connected to 0 peer ranks. Expected number of connected peer ranks is : 0
2026-02-02T00:53:36.4060213Z [Gloo] Rank 0 is connected to 0 peer ranks. Expected number of connected peer ranks is : 0
2026-02-02T00:53:36.4069595Z [Gloo] Rank 0 is connected to 0 peer ranks. Expected number of connected peer ranks is : 0
2026-02-02T00:53:36.4079600Z [Gloo] Rank 0 is connected to 0 peer ranks. Expected number of connected peer ranks is : 0
2026-02-02T00:53:36.4089584Z [Gloo] Rank 0 is connected to 0 peer ranks. Expected number of connected peer ranks is : 0
2026-02-02T00:53:36.4099291Z [Gloo] Rank 0 is connected to 0 peer ranks. Expected number of connected peer ranks is : 0
2026-02-02T00:53:36.4108436Z [Gloo] Rank 0 is connected to 0 peer ranks. Expected number of connected peer ranks is : 0
2026-02-02T00:53:36.4118238Z [Gloo] Rank 0 is connected to 0 peer ranks. Expected number of connected peer ranks is : 0
2026-02-02T00:53:36.4128266Z [Gloo] Rank 0 is connected to 0 peer ranks. Expected number of connected peer ranks is : 0
2026-02-02T00:53:36.4137528Z [Gloo] Rank 0 is connected to 0 peer ranks. Expected number of connected peer ranks is : 0
2026-02-02T00:53:36.4147071Z [Gloo] Rank 0 is connected to 0 peer ranks. Expected number of connected peer ranks is : 0
2026-02-02T00:53:36.4156065Z [Gloo] Rank 0 is connected to 0 peer ranks. Expected number of connected peer ranks is : 0
2026-02-02T00:53:36.4166419Z [Gloo] Rank 0 is connected to 0 peer ranks. Expected number of connected peer ranks is : 0
2026-02-02T00:53:36.4175465Z [Gloo] Rank 0 is connected to 0 peer ranks. Expected number of connected peer ranks is : 0
2026-02-02T00:53:36.4184997Z [Gloo] Rank 0 is connected to 0 peer ranks. Expected number of connected peer ranks is : 0
2026-02-02T00:53:36.4193836Z [Gloo] Rank 0 is connected to 0 peer ranks. Expected number of connected peer ranks is : 0
2026-02-02T00:53:36.4204255Z [Gloo] Rank 0 is connected to 0 peer ranks. Expected number of connected peer ranks is : 0
2026-02-02T00:53:36.4213549Z [Gloo] Rank 0 is connected to 0 peer ranks. Expected number of connected peer ranks is : 0
2026-02-02T00:53:36.4223012Z [Gloo] Rank 0 is connected to 0 peer ranks. Expected number of connected peer ranks is : 0
2026-02-02T00:53:36.4232177Z [Gloo] Rank 0 is connected to 0 peer ranks. Expected number of connected peer ranks is : 0
2026-02-02T00:53:36.4241619Z [Gloo] Rank 0 is connected to 0 peer ranks. Expected number of connected peer ranks is : 0
2026-02-02T00:53:36.4561747Z [Gloo] Rank 0 is connected to 7 peer ranks. Expected number of connected peer ranks is : 7
2026-02-02T00:53:36.4677571Z [Gloo] Rank 0 is connected to 0 peer ranks. Expected number of connected peer ranks is : 0
2026-02-02T00:53:36.4697013Z [Gloo] Rank 0 is connected to 0 peer ranks. Expected number of connected peer ranks is : 0
2026-02-02T00:53:36.4705981Z [Gloo] Rank 0 is connected to 0 peer ranks. Expected number of connected peer ranks is : 0
2026-02-02T00:53:36.4714673Z [Gloo] Rank 0 is connected to 0 peer ranks. Expected number of connected peer ranks is : 0
2026-02-02T00:53:36.4723641Z [Gloo] Rank 0 is connected to 0 peer ranks. Expected number of connected peer ranks is : 0
2026-02-02T00:53:36.4733278Z [Gloo] Rank 0 is connected to 0 peer ranks. Expected number of connected peer ranks is : 0
2026-02-02T00:53:36.4741871Z [Gloo] Rank 0 is connected to 0 peer ranks. Expected number of connected peer ranks is : 0
2026-02-02T00:53:36.4751034Z [Gloo] Rank 0 is connected to 0 peer ranks. Expected number of connected peer ranks is : 0
2026-02-02T00:53:36.4760164Z [Gloo] Rank 0 is connected to 0 peer ranks. Expected number of connected peer ranks is : 0
2026-02-02T00:53:36.4769353Z [Gloo] Rank 0 is connected to 0 peer ranks. Expected number of connected peer ranks is : 0
2026-02-02T00:53:36.4779406Z [Gloo] Rank 0 is connected to 0 peer ranks. Expected number of connected peer ranks is : 0
2026-02-02T00:53:36.4788372Z [Gloo] Rank 0 is connected to 0 peer ranks. Expected number of connected peer ranks is : 0
2026-02-02T00:53:36.4797405Z [Gloo] Rank 0 is connected to 0 peer ranks. Expected number of connected peer ranks is : 0
2026-02-02T00:53:36.4807124Z [Gloo] Rank 0 is connected to 0 peer ranks. Expected number of connected peer ranks is : 0
2026-02-02T00:53:36.4816057Z [Gloo] Rank 0 is connected to 0 peer ranks. Expected number of connected peer ranks is : 0
2026-02-02T00:53:36.4825135Z [Gloo] Rank 0 is connected to 0 peer ranks. Expected number of connected peer ranks is : 0
2026-02-02T00:53:36.4834466Z [Gloo] Rank 0 is connected to 0 peer ranks. Expected number of connected peer ranks is : 0
2026-02-02T00:53:36.4844079Z [Gloo] Rank 0 is connected to 0 peer ranks. Expected number of connected peer ranks is : 0
2026-02-02T00:53:36.4853162Z [Gloo] Rank 0 is connected to 0 peer ranks. Expected number of connected peer ranks is : 0
2026-02-02T00:53:36.4862391Z [Gloo] Rank 0 is connected to 0 peer ranks. Expected number of connected peer ranks is : 0
2026-02-02T00:53:36.4871663Z [Gloo] Rank 0 is connected to 0 peer ranks. Expected number of connected peer ranks is : 0
2026-02-02T00:53:36.4880823Z [Gloo] Rank 0 is connected to 0 peer ranks. Expected number of connected peer ranks is : 0
2026-02-02T00:53:36.4890209Z [Gloo] Rank 0 is connected to 0 peer ranks. Expected number of connected peer ranks is : 0
2026-02-02T00:53:36.4899709Z [Gloo] Rank 0 is connected to 0 peer ranks. Expected number of connected peer ranks is : 0
2026-02-02T00:53:36.4908581Z [Gloo] Rank 1 is connected to 3 peer ranks. Expected number of connected peer ranks is : 3
2026-02-02T00:53:36.4917595Z [Gloo] Rank 0 is connected to 3 peer ranks. Expected number of connected peer ranks is : 3
2026-02-02T00:53:36.4927333Z [Gloo] Rank 1 is connected to 3 peer ranks. Expected number of connected peer ranks is : 3
2026-02-02T00:53:36.4936279Z [Gloo] Rank 0 is connected to 3 peer ranks. Expected number of connected peer ranks is : 3
2026-02-02T00:53:36.4946347Z [Gloo] Rank 0 is connected to 3 peer ranks. Expected number of connected peer ranks is : 3
2026-02-02T00:53:36.4954396Z [Gloo] Rank 1 is connected to 3 peer ranks. Expected number of connected peer ranks is : 3
2026-02-02T00:53:36.4963836Z [Gloo] Rank 0 is connected to 3 peer ranks. Expected number of connected peer ranks is : 3
2026-02-02T00:53:36.4973621Z [Gloo] Rank 1 is connected to 3 peer ranks. Expected number of connected peer ranks is : 3
2026-02-02T00:53:36.4982400Z [Gloo] Rank 1 is connected to 3 peer ranks. Expected number of connected peer ranks is : 3
2026-02-02T00:53:36.4991876Z [Gloo] Rank 0 is connected to 3 peer ranks. Expected number of connected peer ranks is : 3
2026-02-02T00:53:36.5001214Z [Gloo] Rank 0 is connected to 3 peer ranks. Expected number of connected peer ranks is : 3
2026-02-02T00:53:36.5011223Z [Gloo] Rank 1 is connected to 3 peer ranks. Expected number of connected peer ranks is : 3
2026-02-02T00:53:36.5019175Z [Gloo] Rank 0 is connected to 3 peer ranks. Expected number of connected peer ranks is : 3
2026-02-02T00:53:36.5027962Z [Gloo] Rank 1 is connected to 3 peer ranks. Expected number of connected peer ranks is : 3
2026-02-02T00:53:36.5037322Z [Gloo] Rank 0 is connected to 3 peer ranks. Expected number of connected peer ranks is : 3
2026-02-02T00:53:36.5047166Z [Gloo] Rank 1 is connected to 3 peer ranks. Expected number of connected peer ranks is : 3
2026-02-02T00:53:36.5729223Z [Gloo] Rank 0 is connected to 31 peer ranks. Expected number of connected peer ranks is : 31
2026-02-02T00:53:36.5729807Z INFO 02-02 00:53:36 [parallel_state.py:1411] rank 0 in world size 32 is assigned as DP rank 0, PP rank 0, PCP rank 0, TP rank 0, EP rank 0
2026-02-02T00:53:36.5967146Z [Gloo] Rank 13 is connected to 31 peer ranks. Expected number of connected peer ranks is : 31
2026-02-02T00:53:36.5986811Z [Gloo] Rank 1 is connected to 31 peer ranks. Expected number of connected peer ranks is : 31
2026-02-02T00:53:36.5996121Z [Gloo] Rank 7 is connected to 31 peer ranks. Expected number of connected peer ranks is : 31
2026-02-02T00:53:36.6005227Z [Gloo] Rank 10 is connected to 31 peer ranks. Expected number of connected peer ranks is : 31
2026-02-02T00:53:36.6014389Z [Gloo] Rank 11 is connected to 31 peer ranks. Expected number of connected peer ranks is : 31
2026-02-02T00:53:36.6023448Z INFO 02-02 00:53:36 [parallel_state.py:1411] rank 1 in world size 32 is assigned as DP rank 0, PP rank 0, PCP rank 0, TP rank 1, EP rank 1
2026-02-02T00:53:36.6032715Z INFO 02-02 00:53:36 [parallel_state.py:1411] rank 7 in world size 32 is assigned as DP rank 0, PP rank 0, PCP rank 0, TP rank 7, EP rank 7
2026-02-02T00:53:36.6041640Z INFO 02-02 00:53:36 [parallel_state.py:1411] rank 13 in world size 32 is assigned as DP rank 1, PP rank 0, PCP rank 0, TP rank 5, EP rank 13
2026-02-02T00:53:36.6050752Z INFO 02-02 00:53:36 [parallel_state.py:1411] rank 10 in world size 32 is assigned as DP rank 1, PP rank 0, PCP rank 0, TP rank 2, EP rank 10
2026-02-02T00:53:36.6060085Z INFO 02-02 00:53:36 [parallel_state.py:1411] rank 11 in world size 32 is assigned as DP rank 1, PP rank 0, PCP rank 0, TP rank 3, EP rank 11
2026-02-02T00:53:36.6069229Z [Gloo] Rank 3 is connected to 31 peer ranks. Expected number of connected peer ranks is : 31
2026-02-02T00:53:36.6078008Z [Gloo] Rank 4 is connected to 31 peer ranks. Expected number of connected peer ranks is : 31
2026-02-02T00:53:36.6087701Z [Gloo] Rank 5 is connected to 31 peer ranks. Expected number of connected peer ranks is : 31
2026-02-02T00:53:36.6097285Z [Gloo] Rank 8 is connected to 31 peer ranks. Expected number of connected peer ranks is : 31
2026-02-02T00:53:36.6105830Z INFO 02-02 00:53:36 [parallel_state.py:1411] rank 3 in world size 32 is assigned as DP rank 0, PP rank 0, PCP rank 0, TP rank 3, EP rank 3
2026-02-02T00:53:36.6115692Z INFO 02-02 00:53:36 [parallel_state.py:1411] rank 4 in world size 32 is assigned as DP rank 0, PP rank 0, PCP rank 0, TP rank 4, EP rank 4
2026-02-02T00:53:36.6137899Z INFO 02-02 00:53:36 [parallel_state.py:1411] rank 8 in world size 32 is assigned as DP rank 1, PP rank 0, PCP rank 0, TP rank 0, EP rank 8
2026-02-02T00:53:36.6138413Z [Gloo] Rank 15 is connected to 31 peer ranks. Expected number of connected peer ranks is : 31
2026-02-02T00:53:36.6143016Z [Gloo] Rank 12 is connected to 31 peer ranks. Expected number of connected peer ranks is : 31
2026-02-02T00:53:36.6152510Z INFO 02-02 00:53:36 [parallel_state.py:1411] rank 5 in world size 32 is assigned as DP rank 0, PP rank 0, PCP rank 0, TP rank 5, EP rank 5
2026-02-02T00:53:36.6162303Z INFO 02-02 00:53:36 [parallel_state.py:1411] rank 15 in world size 32 is assigned as DP rank 1, PP rank 0, PCP rank 0, TP rank 7, EP rank 15
2026-02-02T00:53:36.6171603Z INFO 02-02 00:53:36 [parallel_state.py:1411] rank 12 in world size 32 is assigned as DP rank 1, PP rank 0, PCP rank 0, TP rank 4, EP rank 12
2026-02-02T00:53:36.6180282Z [Gloo] Rank 2 is connected to 31 peer ranks. Expected number of connected peer ranks is : 31
2026-02-02T00:53:36.6189711Z INFO 02-02 00:53:36 [parallel_state.py:1411] rank 2 in world size 32 is assigned as DP rank 0, PP rank 0, PCP rank 0, TP rank 2, EP rank 2
2026-02-02T00:53:36.6679804Z [Gloo] Rank 6 is connected to 31 peer ranks. Expected number of connected peer ranks is : 31
2026-02-02T00:53:36.6689106Z [Gloo] Rank 14 is connected to 31 peer ranks. Expected number of connected peer ranks is : 31
2026-02-02T00:53:36.6704722Z [Gloo] Rank 9 is connected to 31 peer ranks. Expected number of connected peer ranks is : 31
2026-02-02T00:53:36.6714026Z INFO 02-02 00:53:36 [parallel_state.py:1411] rank 6 in world size 32 is assigned as DP rank 0, PP rank 0, PCP rank 0, TP rank 6, EP rank 6
2026-02-02T00:53:36.6723622Z INFO 02-02 00:53:36 [parallel_state.py:1411] rank 14 in world size 32 is assigned as DP rank 1, PP rank 0, PCP rank 0, TP rank 6, EP rank 14
2026-02-02T00:53:36.6733242Z INFO 02-02 00:53:36 [parallel_state.py:1411] rank 9 in world size 32 is assigned as DP rank 1, PP rank 0, PCP rank 0, TP rank 1, EP rank 9
2026-02-02T00:53:36.7118051Z [Gloo] Rank 1 is connected to 31 peer ranks. Expected number of connected peer ranks is : 31
2026-02-02T00:53:36.7128001Z [Gloo] Rank 0 is connected to 31 peer ranks. Expected number of connected peer ranks is : 31
2026-02-02T00:53:36.7137214Z [Gloo] Rank 2 is connected to 31 peer ranks. Expected number of connected peer ranks is : 31
2026-02-02T00:53:36.7145978Z [Gloo] Rank 4 is connected to 31 peer ranks. Expected number of connected peer ranks is : 31
2026-02-02T00:53:36.7155184Z [Gloo] Rank 6 is connected to 31 peer ranks. Expected number of connected peer ranks is : 31
2026-02-02T00:53:36.7164103Z [Gloo] Rank 9 is connected to 31 peer ranks. Expected number of connected peer ranks is : 31
2026-02-02T00:53:36.7174189Z [Gloo] Rank 8 is connected to 31 peer ranks. Expected number of connected peer ranks is : 31
2026-02-02T00:53:36.7183059Z [Gloo] Rank 15 is connected to 31 peer ranks. Expected number of connected peer ranks is : 31
2026-02-02T00:53:36.7192266Z [Gloo] Rank 14 is connected to 31 peer ranks. Expected number of connected peer ranks is : 31
2026-02-02T00:53:36.7201716Z [Gloo] Rank 7 is connected to 31 peer ranks. Expected number of connected peer ranks is : 31
2026-02-02T00:53:36.7210873Z [Gloo] Rank 5 is connected to 31 peer ranks. Expected number of connected peer ranks is : 31
2026-02-02T00:53:36.7220144Z [Gloo] Rank 10 is connected to 31 peer ranks. Expected number of connected peer ranks is : 31
2026-02-02T00:53:36.7228719Z [Gloo] Rank 13 is connected to 31 peer ranks. Expected number of connected peer ranks is : 31
2026-02-02T00:53:36.7238022Z [Gloo] Rank 3 is connected to 31 peer ranks. Expected number of connected peer ranks is : 31
2026-02-02T00:53:36.7248069Z [Gloo] Rank 12 is connected to 31 peer ranks. Expected number of connected peer ranks is : 31
2026-02-02T00:53:36.7257037Z [Gloo] Rank 11 is connected to 31 peer ranks. Expected number of connected peer ranks is : 31
2026-02-02T00:53:36.8533517Z [0;36m(Worker_DP1_TP0_EP8 pid=1104)[0;0m INFO 02-02 00:53:36 [model_runner_v1.py:2379] Starting to load model /root/.cache/modelscope/hub/models/vllm-ascend/Kimi-K2-Instruct-W8A8...
2026-02-02T00:53:36.8570575Z [0;36m(Worker_DP0_TP7_EP7 pid=4888)[0;0m INFO 02-02 00:53:36 [model_runner_v1.py:2379] Starting to load model /root/.cache/modelscope/hub/models/vllm-ascend/Kimi-K2-Instruct-W8A8...
2026-02-02T00:53:36.8605060Z [0;36m(Worker_DP1_TP2_EP10 pid=2118)[0;0m INFO 02-02 00:53:36 [model_runner_v1.py:2379] Starting to load model /root/.cache/modelscope/hub/models/vllm-ascend/Kimi-K2-Instruct-W8A8...
2026-02-02T00:53:36.8614386Z [0;36m(Worker_DP0_TP4_EP4 pid=3226)[0;0m INFO 02-02 00:53:36 [model_runner_v1.py:2379] Starting to load model /root/.cache/modelscope/hub/models/vllm-ascend/Kimi-K2-Instruct-W8A8...
2026-02-02T00:53:36.8658342Z [0;36m(Worker_DP1_TP5_EP13 pid=3784)[0;0m INFO 02-02 00:53:36 [model_runner_v1.py:2379] Starting to load model /root/.cache/modelscope/hub/models/vllm-ascend/Kimi-K2-Instruct-W8A8...
2026-02-02T00:53:36.8782719Z [0;36m(Worker_DP0_TP6_EP6 pid=4334)[0;0m INFO 02-02 00:53:36 [model_runner_v1.py:2379] Starting to load model /root/.cache/modelscope/hub/models/vllm-ascend/Kimi-K2-Instruct-W8A8...
2026-02-02T00:53:36.8993850Z [0;36m(Worker_DP1_TP7_EP15 pid=4891)[0;0m INFO 02-02 00:53:36 [model_runner_v1.py:2379] Starting to load model /root/.cache/modelscope/hub/models/vllm-ascend/Kimi-K2-Instruct-W8A8...
2026-02-02T00:53:36.9063501Z [0;36m(Worker_DP0_TP1_EP1 pid=1575)[0;0m INFO 02-02 00:53:36 [model_runner_v1.py:2379] Starting to load model /root/.cache/modelscope/hub/models/vllm-ascend/Kimi-K2-Instruct-W8A8...
2026-02-02T00:53:36.9090525Z [0;36m(Worker_DP1_TP6_EP14 pid=4337)[0;0m INFO 02-02 00:53:36 [model_runner_v1.py:2379] Starting to load model /root/.cache/modelscope/hub/models/vllm-ascend/Kimi-K2-Instruct-W8A8...
2026-02-02T00:53:36.9212504Z [0;36m(Worker_DP0_TP2_EP2 pid=2121)[0;0m INFO 02-02 00:53:36 [model_runner_v1.py:2379] Starting to load model /root/.cache/modelscope/hub/models/vllm-ascend/Kimi-K2-Instruct-W8A8...
2026-02-02T00:53:36.9436589Z [0;36m(Worker_DP0_TP5_EP5 pid=3780)[0;0m INFO 02-02 00:53:36 [model_runner_v1.py:2379] Starting to load model /root/.cache/modelscope/hub/models/vllm-ascend/Kimi-K2-Instruct-W8A8...
2026-02-02T00:53:36.9542844Z [0;36m(Worker_DP0_TP0_EP0 pid=1105)[0;0m INFO 02-02 00:53:36 [model_runner_v1.py:2379] Starting to load model /root/.cache/modelscope/hub/models/vllm-ascend/Kimi-K2-Instruct-W8A8...
2026-02-02T00:53:36.9568207Z [0;36m(Worker_DP0_TP3_EP3 pid=2672)[0;0m INFO 02-02 00:53:36 [model_runner_v1.py:2379] Starting to load model /root/.cache/modelscope/hub/models/vllm-ascend/Kimi-K2-Instruct-W8A8...
2026-02-02T00:53:36.9590495Z [0;36m(Worker_DP1_TP4_EP12 pid=3227)[0;0m INFO 02-02 00:53:36 [model_runner_v1.py:2379] Starting to load model /root/.cache/modelscope/hub/models/vllm-ascend/Kimi-K2-Instruct-W8A8...
2026-02-02T00:53:36.9883731Z [0;36m(Worker_DP1_TP3_EP11 pid=2673)[0;0m INFO 02-02 00:53:36 [model_runner_v1.py:2379] Starting to load model /root/.cache/modelscope/hub/models/vllm-ascend/Kimi-K2-Instruct-W8A8...
2026-02-02T00:53:37.0049790Z [0;36m(Worker_DP1_TP1_EP9 pid=1574)[0;0m INFO 02-02 00:53:36 [model_runner_v1.py:2379] Starting to load model /root/.cache/modelscope/hub/models/vllm-ascend/Kimi-K2-Instruct-W8A8...
2026-02-02T00:53:37.2198842Z [0;36m(Worker_DP1_TP0_EP8 pid=1104)[0;0m INFO 02-02 00:53:37 [utils.py:99] Using the vLLM Ascend modelslim Quantization now!
2026-02-02T00:53:37.2308611Z [0;36m(Worker_DP1_TP2_EP10 pid=2118)[0;0m INFO 02-02 00:53:37 [utils.py:99] Using the vLLM Ascend modelslim Quantization now!
2026-02-02T00:53:37.2334675Z [0;36m(Worker_DP0_TP4_EP4 pid=3226)[0;0m INFO 02-02 00:53:37 [utils.py:99] Using the vLLM Ascend modelslim Quantization now!
2026-02-02T00:53:37.2363401Z [0;36m(Worker_DP0_TP7_EP7 pid=4888)[0;0m INFO 02-02 00:53:37 [utils.py:99] Using the vLLM Ascend modelslim Quantization now!
2026-02-02T00:53:37.2547950Z [0;36m(Worker_DP1_TP5_EP13 pid=3784)[0;0m INFO 02-02 00:53:37 [utils.py:99] Using the vLLM Ascend modelslim Quantization now!
2026-02-02T00:53:37.3467584Z [0;36m(Worker_DP1_TP5_EP13 pid=3784)[0;0m INFO 02-02 00:53:37 [layer.py:365] Disabling MoE shared_experts cuda stream
2026-02-02T00:53:37.3476454Z [0;36m(Worker_DP0_TP4_EP4 pid=3226)[0;0m INFO 02-02 00:53:37 [layer.py:365] Disabling MoE shared_experts cuda stream
2026-02-02T00:53:37.3485709Z [0;36m(Worker_DP1_TP0_EP8 pid=1104)[0;0m INFO 02-02 00:53:37 [layer.py:365] Disabling MoE shared_experts cuda stream
2026-02-02T00:53:37.3495905Z [0;36m(Worker_DP1_TP2_EP10 pid=2118)[0;0m INFO 02-02 00:53:37 [layer.py:365] Disabling MoE shared_experts cuda stream
2026-02-02T00:53:37.3504754Z [0;36m(Worker_DP0_TP7_EP7 pid=4888)[0;0m INFO 02-02 00:53:37 [layer.py:365] Disabling MoE shared_experts cuda stream
2026-02-02T00:53:37.3883805Z [0;36m(Worker_DP1_TP5_EP13 pid=3784)[0;0m INFO 02-02 00:53:37 [layer.py:494] [EP Rank 13/32] Expert parallelism is enabled. Expert placement strategy: linear. Local/global number of experts: 12/384. Experts local to global index map: 0->156, 1->157, 2->158, 3->159, 4->160, 5->161, 6->162, 7->163, 8->164, 9->165, 10->166, 11->167.
2026-02-02T00:53:37.3893045Z [0;36m(Worker_DP0_TP4_EP4 pid=3226)[0;0m INFO 02-02 00:53:37 [layer.py:494] [EP Rank 4/32] Expert parallelism is enabled. Expert placement strategy: linear. Local/global number of experts: 12/384. Experts local to global index map: 0->48, 1->49, 2->50, 3->51, 4->52, 5->53, 6->54, 7->55, 8->56, 9->57, 10->58, 11->59.
2026-02-02T00:53:37.3903092Z [0;36m(Worker_DP1_TP2_EP10 pid=2118)[0;0m INFO 02-02 00:53:37 [layer.py:494] [EP Rank 10/32] Expert parallelism is enabled. Expert placement strategy: linear. Local/global number of experts: 12/384. Experts local to global index map: 0->120, 1->121, 2->122, 3->123, 4->124, 5->125, 6->126, 7->127, 8->128, 9->129, 10->130, 11->131.
2026-02-02T00:53:37.3913592Z [0;36m(Worker_DP0_TP7_EP7 pid=4888)[0;0m INFO 02-02 00:53:37 [layer.py:494] [EP Rank 7/32] Expert parallelism is enabled. Expert placement strategy: linear. Local/global number of experts: 12/384. Experts local to global index map: 0->84, 1->85, 2->86, 3->87, 4->88, 5->89, 6->90, 7->91, 8->92, 9->93, 10->94, 11->95.
2026-02-02T00:53:37.3924619Z [0;36m(Worker_DP1_TP0_EP8 pid=1104)[0;0m INFO 02-02 00:53:37 [layer.py:494] [EP Rank 8/32] Expert parallelism is enabled. Expert placement strategy: linear. Local/global number of experts: 12/384. Experts local to global index map: 0->96, 1->97, 2->98, 3->99, 4->100, 5->101, 6->102, 7->103, 8->104, 9->105, 10->106, 11->107.
2026-02-02T00:53:37.7889581Z [0;36m(Worker_DP1_TP7_EP15 pid=4891)[0;0m INFO 02-02 00:53:37 [utils.py:99] Using the vLLM Ascend modelslim Quantization now!
2026-02-02T00:53:37.8578507Z [0;36m(Worker_DP1_TP7_EP15 pid=4891)[0;0m INFO 02-02 00:53:37 [layer.py:365] Disabling MoE shared_experts cuda stream
2026-02-02T00:53:37.8828420Z [0;36m(Worker_DP1_TP7_EP15 pid=4891)[0;0m INFO 02-02 00:53:37 [layer.py:494] [EP Rank 15/32] Expert parallelism is enabled. Expert placement strategy: linear. Local/global number of experts: 12/384. Experts local to global index map: 0->180, 1->181, 2->182, 3->183, 4->184, 5->185, 6->186, 7->187, 8->188, 9->189, 10->190, 11->191.
2026-02-02T00:53:37.8918608Z [0;36m(Worker_DP1_TP4_EP12 pid=3227)[0;0m INFO 02-02 00:53:37 [utils.py:99] Using the vLLM Ascend modelslim Quantization now!
2026-02-02T00:53:37.9616029Z [0;36m(Worker_DP1_TP4_EP12 pid=3227)[0;0m INFO 02-02 00:53:37 [layer.py:365] Disabling MoE shared_experts cuda stream
2026-02-02T00:53:37.9891901Z [0;36m(Worker_DP1_TP4_EP12 pid=3227)[0;0m INFO 02-02 00:53:37 [layer.py:494] [EP Rank 12/32] Expert parallelism is enabled. Expert placement strategy: linear. Local/global number of experts: 12/384. Experts local to global index map: 0->144, 1->145, 2->146, 3->147, 4->148, 5->149, 6->150, 7->151, 8->152, 9->153, 10->154, 11->155.
2026-02-02T00:53:38.0652449Z [0;36m(Worker_DP1_TP1_EP9 pid=1574)[0;0m INFO 02-02 00:53:38 [utils.py:99] Using the vLLM Ascend modelslim Quantization now!
2026-02-02T00:53:38.1340112Z [0;36m(Worker_DP1_TP1_EP9 pid=1574)[0;0m INFO 02-02 00:53:38 [layer.py:365] Disabling MoE shared_experts cuda stream
2026-02-02T00:53:38.1603076Z [0;36m(Worker_DP1_TP1_EP9 pid=1574)[0;0m INFO 02-02 00:53:38 [layer.py:494] [EP Rank 9/32] Expert parallelism is enabled. Expert placement strategy: linear. Local/global number of experts: 12/384. Experts local to global index map: 0->108, 1->109, 2->110, 3->111, 4->112, 5->113, 6->114, 7->115, 8->116, 9->117, 10->118, 11->119.
2026-02-02T00:53:39.0191089Z [0;36m(Worker_DP0_TP3_EP3 pid=2672)[0;0m INFO 02-02 00:53:39 [utils.py:99] Using the vLLM Ascend modelslim Quantization now!
2026-02-02T00:53:39.0980267Z [0;36m(Worker_DP0_TP3_EP3 pid=2672)[0;0m INFO 02-02 00:53:39 [layer.py:365] Disabling MoE shared_experts cuda stream
2026-02-02T00:53:39.1245346Z [0;36m(Worker_DP0_TP3_EP3 pid=2672)[0;0m INFO 02-02 00:53:39 [layer.py:494] [EP Rank 3/32] Expert parallelism is enabled. Expert placement strategy: linear. Local/global number of experts: 12/384. Experts local to global index map: 0->36, 1->37, 2->38, 3->39, 4->40, 5->41, 6->42, 7->43, 8->44, 9->45, 10->46, 11->47.
2026-02-02T00:53:39.1608903Z [0;36m(Worker_DP1_TP6_EP14 pid=4337)[0;0m INFO 02-02 00:53:39 [utils.py:99] Using the vLLM Ascend modelslim Quantization now!
2026-02-02T00:53:39.2318301Z [0;36m(Worker_DP1_TP6_EP14 pid=4337)[0;0m INFO 02-02 00:53:39 [layer.py:365] Disabling MoE shared_experts cuda stream
2026-02-02T00:53:39.2407216Z [0;36m(Worker_DP0_TP6_EP6 pid=4334)[0;0m INFO 02-02 00:53:39 [utils.py:99] Using the vLLM Ascend modelslim Quantization now!
2026-02-02T00:53:39.2578864Z [0;36m(Worker_DP1_TP6_EP14 pid=4337)[0;0m INFO 02-02 00:53:39 [layer.py:494] [EP Rank 14/32] Expert parallelism is enabled. Expert placement strategy: linear. Local/global number of experts: 12/384. Experts local to global index map: 0->168, 1->169, 2->170, 3->171, 4->172, 5->173, 6->174, 7->175, 8->176, 9->177, 10->178, 11->179.
2026-02-02T00:53:39.2604510Z [0;36m(Worker_DP0_TP0_EP0 pid=1105)[0;0m INFO 02-02 00:53:39 [utils.py:99] Using the vLLM Ascend modelslim Quantization now!
2026-02-02T00:53:39.3187912Z [0;36m(Worker_DP0_TP6_EP6 pid=4334)[0;0m INFO 02-02 00:53:39 [layer.py:365] Disabling MoE shared_experts cuda stream
2026-02-02T00:53:39.3371893Z [0;36m(Worker_DP0_TP0_EP0 pid=1105)[0;0m INFO 02-02 00:53:39 [layer.py:365] Disabling MoE shared_experts cuda stream
2026-02-02T00:53:39.3468292Z [0;36m(Worker_DP0_TP6_EP6 pid=4334)[0;0m INFO 02-02 00:53:39 [layer.py:494] [EP Rank 6/32] Expert parallelism is enabled. Expert placement strategy: linear. Local/global number of experts: 12/384. Experts local to global index map: 0->72, 1->73, 2->74, 3->75, 4->76, 5->77, 6->78, 7->79, 8->80, 9->81, 10->82, 11->83.
2026-02-02T00:53:39.3622677Z [0;36m(Worker_DP0_TP0_EP0 pid=1105)[0;0m INFO 02-02 00:53:39 [layer.py:494] [EP Rank 0/32] Expert parallelism is enabled. Expert placement strategy: linear. Local/global number of experts: 12/384. Experts local to global index map: 0->0, 1->1, 2->2, 3->3, 4->4, 5->5, 6->6, 7->7, 8->8, 9->9, 10->10, 11->11.
2026-02-02T00:53:39.3850629Z [0;36m(Worker_DP0_TP5_EP5 pid=3780)[0;0m INFO 02-02 00:53:39 [utils.py:99] Using the vLLM Ascend modelslim Quantization now!
2026-02-02T00:53:39.4294109Z [0;36m(Worker_DP0_TP2_EP2 pid=2121)[0;0m INFO 02-02 00:53:39 [utils.py:99] Using the vLLM Ascend modelslim Quantization now!
2026-02-02T00:53:39.4702490Z [0;36m(Worker_DP0_TP5_EP5 pid=3780)[0;0m INFO 02-02 00:53:39 [layer.py:365] Disabling MoE shared_experts cuda stream
2026-02-02T00:53:39.4929300Z [0;36m(Worker_DP0_TP2_EP2 pid=2121)[0;0m INFO 02-02 00:53:39 [layer.py:365] Disabling MoE shared_experts cuda stream
2026-02-02T00:53:39.4953949Z [0;36m(Worker_DP0_TP5_EP5 pid=3780)[0;0m INFO 02-02 00:53:39 [layer.py:494] [EP Rank 5/32] Expert parallelism is enabled. Expert placement strategy: linear. Local/global number of experts: 12/384. Experts local to global index map: 0->60, 1->61, 2->62, 3->63, 4->64, 5->65, 6->66, 7->67, 8->68, 9->69, 10->70, 11->71.
2026-02-02T00:53:39.5090371Z [0;36m(Worker_DP0_TP1_EP1 pid=1575)[0;0m INFO 02-02 00:53:39 [utils.py:99] Using the vLLM Ascend modelslim Quantization now!
2026-02-02T00:53:39.5170417Z [0;36m(Worker_DP0_TP2_EP2 pid=2121)[0;0m INFO 02-02 00:53:39 [layer.py:494] [EP Rank 2/32] Expert parallelism is enabled. Expert placement strategy: linear. Local/global number of experts: 12/384. Experts local to global index map: 0->24, 1->25, 2->26, 3->27, 4->28, 5->29, 6->30, 7->31, 8->32, 9->33, 10->34, 11->35.
2026-02-02T00:53:39.5454995Z [0;36m(Worker_DP1_TP3_EP11 pid=2673)[0;0m INFO 02-02 00:53:39 [utils.py:99] Using the vLLM Ascend modelslim Quantization now!
2026-02-02T00:53:39.5750393Z [0;36m(Worker_DP0_TP1_EP1 pid=1575)[0;0m INFO 02-02 00:53:39 [layer.py:365] Disabling MoE shared_experts cuda stream
2026-02-02T00:53:39.6005419Z [0;36m(Worker_DP0_TP1_EP1 pid=1575)[0;0m INFO 02-02 00:53:39 [layer.py:494] [EP Rank 1/32] Expert parallelism is enabled. Expert placement strategy: linear. Local/global number of experts: 12/384. Experts local to global index map: 0->12, 1->13, 2->14, 3->15, 4->16, 5->17, 6->18, 7->19, 8->20, 9->21, 10->22, 11->23.
2026-02-02T00:53:39.6280728Z [0;36m(Worker_DP1_TP3_EP11 pid=2673)[0;0m INFO 02-02 00:53:39 [layer.py:365] Disabling MoE shared_experts cuda stream
2026-02-02T00:53:39.6532406Z [0;36m(Worker_DP1_TP3_EP11 pid=2673)[0;0m INFO 02-02 00:53:39 [layer.py:494] [EP Rank 11/32] Expert parallelism is enabled. Expert placement strategy: linear. Local/global number of experts: 12/384. Experts local to global index map: 0->132, 1->133, 2->134, 3->135, 4->136, 5->137, 6->138, 7->139, 8->140, 9->141, 10->142, 11->143.
2026-02-02T00:53:40.0797052Z [0;36m(Worker_DP0_TP0_EP0 pid=1105)[0;0m /usr/local/python3.11.14/lib/python3.11/site-packages/torch/utils/_device.py:103: UserWarning: Creating a tensor from a list of numpy.ndarrays is extremely slow. Please consider converting the list to a single numpy.ndarray with numpy.array() before converting to a tensor. (Triggered internally at /pytorch/torch/csrc/utils/tensor_new.cpp:253.)
2026-02-02T00:53:40.0856377Z [0;36m(Worker_DP0_TP0_EP0 pid=1105)[0;0m   return func(*args, **kwargs)
2026-02-02T00:53:40.1457229Z [0;36m(Worker_DP0_TP5_EP5 pid=3780)[0;0m /usr/local/python3.11.14/lib/python3.11/site-packages/torch/utils/_device.py:103: UserWarning: Creating a tensor from a list of numpy.ndarrays is extremely slow. Please consider converting the list to a single numpy.ndarray with numpy.array() before converting to a tensor. (Triggered internally at /pytorch/torch/csrc/utils/tensor_new.cpp:253.)
2026-02-02T00:53:40.1464550Z [0;36m(Worker_DP0_TP5_EP5 pid=3780)[0;0m   return func(*args, **kwargs)
2026-02-02T00:53:40.1522532Z [0;36m(Worker_DP0_TP0_EP0 pid=1105)[0;0m INFO 02-02 00:53:40 [fused_moe.py:220] [EP Rank 0/32] Expert parallelism is enabled. Local/global number of experts: 12/384. Experts local to global index map: 0->0, 1->1, 2->2, 3->3, 4->4, 5->5, 6->6, 7->7, 8->8, 9->9, 10->10, 11->11.
2026-02-02T00:53:40.1533255Z [0;36m(Worker_DP0_TP2_EP2 pid=2121)[0;0m /usr/local/python3.11.14/lib/python3.11/site-packages/torch/utils/_device.py:103: UserWarning: Creating a tensor from a list of numpy.ndarrays is extremely slow. Please consider converting the list to a single numpy.ndarray with numpy.array() before converting to a tensor. (Triggered internally at /pytorch/torch/csrc/utils/tensor_new.cpp:253.)
2026-02-02T00:53:40.1540982Z [0;36m(Worker_DP0_TP2_EP2 pid=2121)[0;0m   return func(*args, **kwargs)
2026-02-02T00:53:40.2053147Z [0;36m(Worker_DP0_TP5_EP5 pid=3780)[0;0m INFO 02-02 00:53:40 [fused_moe.py:220] [EP Rank 5/32] Expert parallelism is enabled. Local/global number of experts: 12/384. Experts local to global index map: 0->60, 1->61, 2->62, 3->63, 4->64, 5->65, 6->66, 7->67, 8->68, 9->69, 10->70, 11->71.
2026-02-02T00:53:40.2114355Z [0;36m(Worker_DP0_TP2_EP2 pid=2121)[0;0m INFO 02-02 00:53:40 [fused_moe.py:220] [EP Rank 2/32] Expert parallelism is enabled. Local/global number of experts: 12/384. Experts local to global index map: 0->24, 1->25, 2->26, 3->27, 4->28, 5->29, 6->30, 7->31, 8->32, 9->33, 10->34, 11->35.
2026-02-02T00:53:40.2490372Z [0;36m(Worker_DP0_TP6_EP6 pid=4334)[0;0m /usr/local/python3.11.14/lib/python3.11/site-packages/torch/utils/_device.py:103: UserWarning: Creating a tensor from a list of numpy.ndarrays is extremely slow. Please consider converting the list to a single numpy.ndarray with numpy.array() before converting to a tensor. (Triggered internally at /pytorch/torch/csrc/utils/tensor_new.cpp:253.)
2026-02-02T00:53:40.2498488Z [0;36m(Worker_DP0_TP6_EP6 pid=4334)[0;0m   return func(*args, **kwargs)
2026-02-02T00:53:40.2515570Z [0;36m(Worker_DP1_TP1_EP9 pid=1574)[0;0m /usr/local/python3.11.14/lib/python3.11/site-packages/torch/utils/_device.py:103: UserWarning: Creating a tensor from a list of numpy.ndarrays is extremely slow. Please consider converting the list to a single numpy.ndarray with numpy.array() before converting to a tensor. (Triggered internally at /pytorch/torch/csrc/utils/tensor_new.cpp:253.)
2026-02-02T00:53:40.2524354Z [0;36m(Worker_DP1_TP1_EP9 pid=1574)[0;0m   return func(*args, **kwargs)
2026-02-02T00:53:40.2536005Z [0;36m(Worker_DP1_TP4_EP12 pid=3227)[0;0m /usr/local/python3.11.14/lib/python3.11/site-packages/torch/utils/_device.py:103: UserWarning: Creating a tensor from a list of numpy.ndarrays is extremely slow. Please consider converting the list to a single numpy.ndarray with numpy.array() before converting to a tensor. (Triggered internally at /pytorch/torch/csrc/utils/tensor_new.cpp:253.)
2026-02-02T00:53:40.2544005Z [0;36m(Worker_DP1_TP4_EP12 pid=3227)[0;0m   return func(*args, **kwargs)
2026-02-02T00:53:40.2626338Z [0;36m(Worker_DP1_TP0_EP8 pid=1104)[0;0m /usr/local/python3.11.14/lib/python3.11/site-packages/torch/utils/_device.py:103: UserWarning: Creating a tensor from a list of numpy.ndarrays is extremely slow. Please consider converting the list to a single numpy.ndarray with numpy.array() before converting to a tensor. (Triggered internally at /pytorch/torch/csrc/utils/tensor_new.cpp:253.)
2026-02-02T00:53:40.2634336Z [0;36m(Worker_DP1_TP0_EP8 pid=1104)[0;0m   return func(*args, **kwargs)
2026-02-02T00:53:40.2770935Z [0;36m(Worker_DP0_TP4_EP4 pid=3226)[0;0m /usr/local/python3.11.14/lib/python3.11/site-packages/torch/utils/_device.py:103: UserWarning: Creating a tensor from a list of numpy.ndarrays is extremely slow. Please consider converting the list to a single numpy.ndarray with numpy.array() before converting to a tensor. (Triggered internally at /pytorch/torch/csrc/utils/tensor_new.cpp:253.)
2026-02-02T00:53:40.2779325Z [0;36m(Worker_DP0_TP4_EP4 pid=3226)[0;0m   return func(*args, **kwargs)
2026-02-02T00:53:40.2793253Z [0;36m(Worker_DP1_TP7_EP15 pid=4891)[0;0m /usr/local/python3.11.14/lib/python3.11/site-packages/torch/utils/_device.py:103: UserWarning: Creating a tensor from a list of numpy.ndarrays is extremely slow. Please consider converting the list to a single numpy.ndarray with numpy.array() before converting to a tensor. (Triggered internally at /pytorch/torch/csrc/utils/tensor_new.cpp:253.)
2026-02-02T00:53:40.2801030Z [0;36m(Worker_DP1_TP7_EP15 pid=4891)[0;0m   return func(*args, **kwargs)
2026-02-02T00:53:40.2992862Z [0;36m(Worker_DP0_TP3_EP3 pid=2672)[0;0m /usr/local/python3.11.14/lib/python3.11/site-packages/torch/utils/_device.py:103: UserWarning: Creating a tensor from a list of numpy.ndarrays is extremely slow. Please consider converting the list to a single numpy.ndarray with numpy.array() before converting to a tensor. (Triggered internally at /pytorch/torch/csrc/utils/tensor_new.cpp:253.)
2026-02-02T00:53:40.3001398Z [0;36m(Worker_DP0_TP3_EP3 pid=2672)[0;0m   return func(*args, **kwargs)
2026-02-02T00:53:40.3121151Z [0;36m(Worker_DP1_TP2_EP10 pid=2118)[0;0m /usr/local/python3.11.14/lib/python3.11/site-packages/torch/utils/_device.py:103: UserWarning: Creating a tensor from a list of numpy.ndarrays is extremely slow. Please consider converting the list to a single numpy.ndarray with numpy.array() before converting to a tensor. (Triggered internally at /pytorch/torch/csrc/utils/tensor_new.cpp:253.)
2026-02-02T00:53:40.3129183Z [0;36m(Worker_DP1_TP2_EP10 pid=2118)[0;0m   return func(*args, **kwargs)
2026-02-02T00:53:40.3145879Z [0;36m(Worker_DP1_TP4_EP12 pid=3227)[0;0m INFO 02-02 00:53:40 [fused_moe.py:220] [EP Rank 12/32] Expert parallelism is enabled. Local/global number of experts: 12/384. Experts local to global index map: 0->144, 1->145, 2->146, 3->147, 4->148, 5->149, 6->150, 7->151, 8->152, 9->153, 10->154, 11->155.
2026-02-02T00:53:40.3215027Z [0;36m(Worker_DP1_TP0_EP8 pid=1104)[0;0m INFO 02-02 00:53:40 [fused_moe.py:220] [EP Rank 8/32] Expert parallelism is enabled. Local/global number of experts: 12/384. Experts local to global index map: 0->96, 1->97, 2->98, 3->99, 4->100, 5->101, 6->102, 7->103, 8->104, 9->105, 10->106, 11->107.
2026-02-02T00:53:40.3235854Z [0;36m(Worker_DP1_TP6_EP14 pid=4337)[0;0m /usr/local/python3.11.14/lib/python3.11/site-packages/torch/utils/_device.py:103: UserWarning: Creating a tensor from a list of numpy.ndarrays is extremely slow. Please consider converting the list to a single numpy.ndarray with numpy.array() before converting to a tensor. (Triggered internally at /pytorch/torch/csrc/utils/tensor_new.cpp:253.)
2026-02-02T00:53:40.3244226Z [0;36m(Worker_DP1_TP6_EP14 pid=4337)[0;0m   return func(*args, **kwargs)
2026-02-02T00:53:40.3257048Z [0;36m(Worker_DP0_TP7_EP7 pid=4888)[0;0m /usr/local/python3.11.14/lib/python3.11/site-packages/torch/utils/_device.py:103: UserWarning: Creating a tensor from a list of numpy.ndarrays is extremely slow. Please consider converting the list to a single numpy.ndarray with numpy.array() before converting to a tensor. (Triggered internally at /pytorch/torch/csrc/utils/tensor_new.cpp:253.)
2026-02-02T00:53:40.3265433Z [0;36m(Worker_DP0_TP7_EP7 pid=4888)[0;0m   return func(*args, **kwargs)
2026-02-02T00:53:40.3312307Z [0;36m(Worker_DP0_TP6_EP6 pid=4334)[0;0m INFO 02-02 00:53:40 [fused_moe.py:220] [EP Rank 6/32] Expert parallelism is enabled. Local/global number of experts: 12/384. Experts local to global index map: 0->72, 1->73, 2->74, 3->75, 4->76, 5->77, 6->78, 7->79, 8->80, 9->81, 10->82, 11->83.
2026-02-02T00:53:40.3388144Z [0;36m(Worker_DP0_TP4_EP4 pid=3226)[0;0m INFO 02-02 00:53:40 [fused_moe.py:220] [EP Rank 4/32] Expert parallelism is enabled. Local/global number of experts: 12/384. Experts local to global index map: 0->48, 1->49, 2->50, 3->51, 4->52, 5->53, 6->54, 7->55, 8->56, 9->57, 10->58, 11->59.
2026-02-02T00:53:40.3411095Z [0;36m(Worker_DP1_TP7_EP15 pid=4891)[0;0m INFO 02-02 00:53:40 [fused_moe.py:220] [EP Rank 15/32] Expert parallelism is enabled. Local/global number of experts: 12/384. Experts local to global index map: 0->180, 1->181, 2->182, 3->183, 4->184, 5->185, 6->186, 7->187, 8->188, 9->189, 10->190, 11->191.
2026-02-02T00:53:40.3602107Z [0;36m(Worker_DP0_TP3_EP3 pid=2672)[0;0m INFO 02-02 00:53:40 [fused_moe.py:220] [EP Rank 3/32] Expert parallelism is enabled. Local/global number of experts: 12/384. Experts local to global index map: 0->36, 1->37, 2->38, 3->39, 4->40, 5->41, 6->42, 7->43, 8->44, 9->45, 10->46, 11->47.
2026-02-02T00:53:40.3717419Z [0;36m(Worker_DP1_TP3_EP11 pid=2673)[0;0m /usr/local/python3.11.14/lib/python3.11/site-packages/torch/utils/_device.py:103: UserWarning: Creating a tensor from a list of numpy.ndarrays is extremely slow. Please consider converting the list to a single numpy.ndarray with numpy.array() before converting to a tensor. (Triggered internally at /pytorch/torch/csrc/utils/tensor_new.cpp:253.)
2026-02-02T00:53:40.3725067Z [0;36m(Worker_DP1_TP3_EP11 pid=2673)[0;0m   return func(*args, **kwargs)
2026-02-02T00:53:40.3740772Z [0;36m(Worker_DP1_TP1_EP9 pid=1574)[0;0m INFO 02-02 00:53:40 [fused_moe.py:220] [EP Rank 9/32] Expert parallelism is enabled. Local/global number of experts: 12/384. Experts local to global index map: 0->108, 1->109, 2->110, 3->111, 4->112, 5->113, 6->114, 7->115, 8->116, 9->117, 10->118, 11->119.
2026-02-02T00:53:40.3764383Z [0;36m(Worker_DP1_TP2_EP10 pid=2118)[0;0m INFO 02-02 00:53:40 [fused_moe.py:220] [EP Rank 10/32] Expert parallelism is enabled. Local/global number of experts: 12/384. Experts local to global index map: 0->120, 1->121, 2->122, 3->123, 4->124, 5->125, 6->126, 7->127, 8->128, 9->129, 10->130, 11->131.
2026-02-02T00:53:40.3905453Z [0;36m(Worker_DP1_TP5_EP13 pid=3784)[0;0m /usr/local/python3.11.14/lib/python3.11/site-packages/torch/utils/_device.py:103: UserWarning: Creating a tensor from a list of numpy.ndarrays is extremely slow. Please consider converting the list to a single numpy.ndarray with numpy.array() before converting to a tensor. (Triggered internally at /pytorch/torch/csrc/utils/tensor_new.cpp:253.)
2026-02-02T00:53:40.3915809Z [0;36m(Worker_DP1_TP5_EP13 pid=3784)[0;0m   return func(*args, **kwargs)
2026-02-02T00:53:40.3931065Z [0;36m(Worker_DP0_TP7_EP7 pid=4888)[0;0m INFO 02-02 00:53:40 [fused_moe.py:220] [EP Rank 7/32] Expert parallelism is enabled. Local/global number of experts: 12/384. Experts local to global index map: 0->84, 1->85, 2->86, 3->87, 4->88, 5->89, 6->90, 7->91, 8->92, 9->93, 10->94, 11->95.
2026-02-02T00:53:40.3996350Z [0;36m(Worker_DP1_TP6_EP14 pid=4337)[0;0m INFO 02-02 00:53:40 [fused_moe.py:220] [EP Rank 14/32] Expert parallelism is enabled. Local/global number of experts: 12/384. Experts local to global index map: 0->168, 1->169, 2->170, 3->171, 4->172, 5->173, 6->174, 7->175, 8->176, 9->177, 10->178, 11->179.
2026-02-02T00:53:40.4373786Z [0;36m(Worker_DP1_TP3_EP11 pid=2673)[0;0m INFO 02-02 00:53:40 [fused_moe.py:220] [EP Rank 11/32] Expert parallelism is enabled. Local/global number of experts: 12/384. Experts local to global index map: 0->132, 1->133, 2->134, 3->135, 4->136, 5->137, 6->138, 7->139, 8->140, 9->141, 10->142, 11->143.
2026-02-02T00:53:40.4485956Z [0;36m(Worker_DP1_TP5_EP13 pid=3784)[0;0m INFO 02-02 00:53:40 [fused_moe.py:220] [EP Rank 13/32] Expert parallelism is enabled. Local/global number of experts: 12/384. Experts local to global index map: 0->156, 1->157, 2->158, 3->159, 4->160, 5->161, 6->162, 7->163, 8->164, 9->165, 10->166, 11->167.
2026-02-02T00:53:40.5437521Z [0;36m(Worker_DP0_TP1_EP1 pid=1575)[0;0m /usr/local/python3.11.14/lib/python3.11/site-packages/torch/utils/_device.py:103: UserWarning: Creating a tensor from a list of numpy.ndarrays is extremely slow. Please consider converting the list to a single numpy.ndarray with numpy.array() before converting to a tensor. (Triggered internally at /pytorch/torch/csrc/utils/tensor_new.cpp:253.)
2026-02-02T00:53:40.5445484Z [0;36m(Worker_DP0_TP1_EP1 pid=1575)[0;0m   return func(*args, **kwargs)
2026-02-02T00:53:40.6052801Z [0;36m(Worker_DP0_TP1_EP1 pid=1575)[0;0m INFO 02-02 00:53:40 [fused_moe.py:220] [EP Rank 1/32] Expert parallelism is enabled. Local/global number of experts: 12/384. Experts local to global index map: 0->12, 1->13, 2->14, 3->15, 4->16, 5->17, 6->18, 7->19, 8->20, 9->21, 10->22, 11->23.
2026-02-02T00:53:44.4215256Z [0;36m(Worker_DP1_TP1_EP9 pid=1574)[0;0m INFO 02-02 00:53:44 [compilation.py:862] Using OOT custom backend for compilation.
2026-02-02T00:53:44.4235462Z [0;36m(Worker_DP1_TP0_EP8 pid=1104)[0;0m INFO 02-02 00:53:44 [compilation.py:862] Using OOT custom backend for compilation.
2026-02-02T00:53:44.4297610Z [0;36m(Worker_DP0_TP1_EP1 pid=1575)[0;0m INFO 02-02 00:53:44 [compilation.py:862] Using OOT custom backend for compilation.
2026-02-02T00:53:44.6677397Z [0;36m(Worker_DP0_TP0_EP0 pid=1105)[0;0m INFO 02-02 00:53:44 [compilation.py:862] Using OOT custom backend for compilation.
2026-02-02T00:53:44.7250658Z [0;36m(Worker_DP0_TP0_EP0 pid=1105)[0;0m 
2026-02-02T00:53:44.7250975Z Loading safetensors checkpoint shards:   0% Completed | 0/241 [00:00<?, ?it/s]
2026-02-02T00:53:44.7916844Z [0;36m(Worker_DP0_TP4_EP4 pid=3226)[0;0m INFO 02-02 00:53:44 [compilation.py:862] Using OOT custom backend for compilation.
2026-02-02T00:53:44.7939012Z [0;36m(Worker_DP1_TP2_EP10 pid=2118)[0;0m INFO 02-02 00:53:44 [compilation.py:862] Using OOT custom backend for compilation.
2026-02-02T00:53:44.9210018Z [0;36m(Worker_DP1_TP7_EP15 pid=4891)[0;0m INFO 02-02 00:53:44 [compilation.py:862] Using OOT custom backend for compilation.
2026-02-02T00:53:45.0184476Z [0;36m(Worker_DP1_TP3_EP11 pid=2673)[0;0m INFO 02-02 00:53:45 [compilation.py:862] Using OOT custom backend for compilation.
2026-02-02T00:53:45.0229551Z [0;36m(Worker_DP1_TP4_EP12 pid=3227)[0;0m INFO 02-02 00:53:45 [compilation.py:862] Using OOT custom backend for compilation.
2026-02-02T00:53:45.0588396Z [0;36m(Worker_DP1_TP6_EP14 pid=4337)[0;0m INFO 02-02 00:53:45 [compilation.py:862] Using OOT custom backend for compilation.
2026-02-02T00:53:45.0849876Z [0;36m(Worker_DP0_TP5_EP5 pid=3780)[0;0m INFO 02-02 00:53:45 [compilation.py:862] Using OOT custom backend for compilation.
2026-02-02T00:53:45.1187835Z [0;36m(Worker_DP1_TP5_EP13 pid=3784)[0;0m INFO 02-02 00:53:45 [compilation.py:862] Using OOT custom backend for compilation.
2026-02-02T00:53:45.2076180Z [0;36m(Worker_DP0_TP3_EP3 pid=2672)[0;0m INFO 02-02 00:53:45 [compilation.py:862] Using OOT custom backend for compilation.
2026-02-02T00:53:45.2168870Z [0;36m(Worker_DP0_TP2_EP2 pid=2121)[0;0m INFO 02-02 00:53:45 [compilation.py:862] Using OOT custom backend for compilation.
2026-02-02T00:53:45.2596306Z [0;36m(Worker_DP0_TP6_EP6 pid=4334)[0;0m INFO 02-02 00:53:45 [compilation.py:862] Using OOT custom backend for compilation.
2026-02-02T00:53:45.3265089Z [0;36m(Worker_DP0_TP7_EP7 pid=4888)[0;0m INFO 02-02 00:53:45 [compilation.py:862] Using OOT custom backend for compilation.
2026-02-02T00:53:47.0728018Z [0;36m(Worker_DP0_TP0_EP0 pid=1105)[0;0m 
2026-02-02T00:53:47.0728458Z Loading safetensors checkpoint shards:   0% Completed | 1/241 [00:02<09:22,  2.35s/it]
2026-02-02T00:53:49.5624655Z [0;36m(Worker_DP0_TP0_EP0 pid=1105)[0;0m 
2026-02-02T00:53:49.5625102Z Loading safetensors checkpoint shards:   1% Completed | 2/241 [00:04<09:41,  2.43s/it]
2026-02-02T00:53:49.7784321Z [0;36m(Worker_DP0_TP0_EP0 pid=1105)[0;0m 
2026-02-02T00:53:49.7785104Z Loading safetensors checkpoint shards:   1% Completed | 3/241 [00:05<05:37,  1.42s/it]
2026-02-02T00:53:50.6536764Z [0;36m(Worker_DP0_TP0_EP0 pid=1105)[0;0m 
2026-02-02T00:53:50.6537141Z Loading safetensors checkpoint shards:   2% Completed | 4/241 [00:05<04:45,  1.20s/it]
2026-02-02T00:53:52.1232876Z [0;36m(Worker_DP0_TP0_EP0 pid=1105)[0;0m 
2026-02-02T00:53:52.1233259Z Loading safetensors checkpoint shards:   2% Completed | 5/241 [00:07<05:06,  1.30s/it]
2026-02-02T00:53:56.2531766Z [0;36m(Worker_DP0_TP0_EP0 pid=1105)[0;0m 
2026-02-02T00:53:56.2532263Z Loading safetensors checkpoint shards:   2% Completed | 6/241 [00:11<08:51,  2.26s/it]
2026-02-02T00:53:56.4617011Z [0;36m(Worker_DP0_TP0_EP0 pid=1105)[0;0m 
2026-02-02T00:53:56.4617386Z Loading safetensors checkpoint shards:   3% Completed | 7/241 [00:11<06:12,  1.59s/it]
2026-02-02T00:53:57.0452634Z [0;36m(Worker_DP0_TP0_EP0 pid=1105)[0;0m 
2026-02-02T00:53:57.0453029Z Loading safetensors checkpoint shards:   3% Completed | 8/241 [00:12<04:55,  1.27s/it]
2026-02-02T00:53:58.0519918Z [0;36m(Worker_DP0_TP0_EP0 pid=1105)[0;0m 
2026-02-02T00:53:58.0520682Z Loading safetensors checkpoint shards:   4% Completed | 9/241 [00:13<04:35,  1.19s/it]
2026-02-02T00:53:59.3902367Z [0;36m(Worker_DP0_TP0_EP0 pid=1105)[0;0m 
2026-02-02T00:53:59.3903011Z Loading safetensors checkpoint shards:   4% Completed | 10/241 [00:14<04:45,  1.23s/it]
2026-02-02T00:54:00.8036621Z [0;36m(Worker_DP0_TP0_EP0 pid=1105)[0;0m 
2026-02-02T00:54:00.8037009Z Loading safetensors checkpoint shards:   5% Completed | 11/241 [00:16<04:56,  1.29s/it]
2026-02-02T00:54:02.6141915Z [0;36m(Worker_DP0_TP0_EP0 pid=1105)[0;0m 
2026-02-02T00:54:02.6142418Z Loading safetensors checkpoint shards:   5% Completed | 12/241 [00:17<05:31,  1.45s/it]
2026-02-02T00:54:05.9872750Z [0;36m(Worker_DP0_TP0_EP0 pid=1105)[0;0m 
2026-02-02T00:54:05.9873139Z Loading safetensors checkpoint shards:   5% Completed | 13/241 [00:21<07:43,  2.03s/it]
2026-02-02T00:54:06.1796315Z [0;36m(Worker_DP0_TP0_EP0 pid=1105)[0;0m 
2026-02-02T00:54:06.1796694Z Loading safetensors checkpoint shards:   6% Completed | 14/241 [00:21<05:34,  1.48s/it]
2026-02-02T00:54:07.4531428Z [0;36m(Worker_DP0_TP0_EP0 pid=1105)[0;0m 
2026-02-02T00:54:07.4531791Z Loading safetensors checkpoint shards:   6% Completed | 15/241 [00:22<05:19,  1.41s/it]
2026-02-02T00:54:11.3860830Z [0;36m(Worker_DP0_TP0_EP0 pid=1105)[0;0m 
2026-02-02T00:54:11.3861217Z Loading safetensors checkpoint shards:   7% Completed | 16/241 [00:26<08:08,  2.17s/it]
2026-02-02T00:54:11.6001453Z [0;36m(Worker_DP0_TP0_EP0 pid=1105)[0;0m 
2026-02-02T00:54:11.6001836Z Loading safetensors checkpoint shards:   7% Completed | 17/241 [00:26<05:54,  1.58s/it]
2026-02-02T00:54:12.0595486Z [0;36m(Worker_DP0_TP0_EP0 pid=1105)[0;0m 
2026-02-02T00:54:12.0595856Z Loading safetensors checkpoint shards:   7% Completed | 18/241 [00:27<04:37,  1.25s/it]
2026-02-02T00:54:13.3245029Z [0;36m(Worker_DP0_TP0_EP0 pid=1105)[0;0m 
2026-02-02T00:54:13.3245418Z Loading safetensors checkpoint shards:   8% Completed | 19/241 [00:28<04:37,  1.25s/it]
2026-02-02T00:54:15.9177475Z [0;36m(Worker_DP0_TP0_EP0 pid=1105)[0;0m 
2026-02-02T00:54:15.9177856Z Loading safetensors checkpoint shards:   8% Completed | 20/241 [00:31<06:05,  1.65s/it]
2026-02-02T00:54:16.4112191Z [0;36m(Worker_DP0_TP0_EP0 pid=1105)[0;0m 
2026-02-02T00:54:16.4112606Z Loading safetensors checkpoint shards:   9% Completed | 21/241 [00:31<04:47,  1.31s/it]
2026-02-02T00:54:17.8587681Z [0;36m(Worker_DP0_TP0_EP0 pid=1105)[0;0m 
2026-02-02T00:54:17.8588065Z Loading safetensors checkpoint shards:   9% Completed | 22/241 [00:33<04:55,  1.35s/it]
2026-02-02T00:54:21.2788541Z [0;36m(Worker_DP0_TP0_EP0 pid=1105)[0;0m 
2026-02-02T00:54:21.2788925Z Loading safetensors checkpoint shards:  10% Completed | 23/241 [00:36<07:09,  1.97s/it]
2026-02-02T00:54:21.9133465Z [0;36m(Worker_DP0_TP0_EP0 pid=1105)[0;0m 
2026-02-02T00:54:21.9133864Z Loading safetensors checkpoint shards:  10% Completed | 24/241 [00:37<05:39,  1.57s/it]
2026-02-02T00:54:22.7847550Z [0;36m(Worker_DP0_TP0_EP0 pid=1105)[0;0m 
2026-02-02T00:54:22.7847942Z Loading safetensors checkpoint shards:  10% Completed | 25/241 [00:38<04:53,  1.36s/it]
2026-02-02T00:54:24.2105583Z [0;36m(Worker_DP0_TP0_EP0 pid=1105)[0;0m 
2026-02-02T00:54:24.2105953Z Loading safetensors checkpoint shards:  11% Completed | 26/241 [00:39<04:56,  1.38s/it]
2026-02-02T00:54:25.7338358Z [0;36m(Worker_DP0_TP0_EP0 pid=1105)[0;0m 
2026-02-02T00:54:25.7338741Z Loading safetensors checkpoint shards:  11% Completed | 27/241 [00:41<05:04,  1.42s/it]
2026-02-02T00:54:27.3899765Z [0;36m(Worker_DP0_TP0_EP0 pid=1105)[0;0m 
2026-02-02T00:54:27.3900151Z Loading safetensors checkpoint shards:  12% Completed | 28/241 [00:42<05:18,  1.49s/it]
2026-02-02T00:54:29.1939793Z [0;36m(Worker_DP0_TP0_EP0 pid=1105)[0;0m 
2026-02-02T00:54:29.1940163Z Loading safetensors checkpoint shards:  12% Completed | 29/241 [00:44<05:36,  1.59s/it]
2026-02-02T00:54:34.3948099Z [0;36m(Worker_DP0_TP0_EP0 pid=1105)[0;0m 
2026-02-02T00:54:34.3948529Z Loading safetensors checkpoint shards:  12% Completed | 30/241 [00:49<09:23,  2.67s/it]
2026-02-02T00:54:34.5968131Z [0;36m(Worker_DP0_TP0_EP0 pid=1105)[0;0m 
2026-02-02T00:54:34.5968515Z Loading safetensors checkpoint shards:  13% Completed | 31/241 [00:49<06:45,  1.93s/it]
2026-02-02T00:54:34.7814233Z [0;36m(Worker_DP0_TP0_EP0 pid=1105)[0;0m 
2026-02-02T00:54:34.7814642Z Loading safetensors checkpoint shards:  13% Completed | 32/241 [00:50<04:54,  1.41s/it]
2026-02-02T00:54:39.7408509Z [0;36m(Worker_DP0_TP0_EP0 pid=1105)[0;0m 
2026-02-02T00:54:39.7410114Z Loading safetensors checkpoint shards:  14% Completed | 33/241 [00:55<08:34,  2.47s/it]
2026-02-02T00:54:44.0434906Z [0;36m(Worker_DP0_TP0_EP0 pid=1105)[0;0m 
2026-02-02T00:54:44.0435293Z Loading safetensors checkpoint shards:  14% Completed | 34/241 [00:59<10:25,  3.02s/it]
2026-02-02T00:54:44.2533365Z [0;36m(Worker_DP0_TP0_EP0 pid=1105)[0;0m 
2026-02-02T00:54:44.2533742Z Loading safetensors checkpoint shards:  15% Completed | 35/241 [00:59<07:28,  2.18s/it]
2026-02-02T00:54:44.4320781Z [0;36m(Worker_DP0_TP0_EP0 pid=1105)[0;0m 
2026-02-02T00:54:44.4321143Z Loading safetensors checkpoint shards:  15% Completed | 36/241 [00:59<05:23,  1.58s/it]
2026-02-02T00:54:44.6083495Z [0;36m(Worker_DP0_TP0_EP0 pid=1105)[0;0m 
2026-02-02T00:54:44.6083877Z Loading safetensors checkpoint shards:  15% Completed | 37/241 [00:59<03:56,  1.16s/it]
2026-02-02T00:54:45.3294595Z [0;36m(Worker_DP0_TP0_EP0 pid=1105)[0;0m 
2026-02-02T00:54:45.3294959Z Loading safetensors checkpoint shards:  16% Completed | 38/241 [01:00<03:28,  1.03s/it]
2026-02-02T00:54:46.8664676Z [0;36m(Worker_DP0_TP0_EP0 pid=1105)[0;0m 
2026-02-02T00:54:46.8665112Z Loading safetensors checkpoint shards:  16% Completed | 39/241 [01:02<03:58,  1.18s/it]
2026-02-02T00:54:48.4467233Z [0;36m(Worker_DP0_TP0_EP0 pid=1105)[0;0m 
2026-02-02T00:54:48.4467603Z Loading safetensors checkpoint shards:  17% Completed | 40/241 [01:03<04:21,  1.30s/it]
2026-02-02T00:54:50.0589876Z [0;36m(Worker_DP0_TP0_EP0 pid=1105)[0;0m 
2026-02-02T00:54:50.0590242Z Loading safetensors checkpoint shards:  17% Completed | 41/241 [01:05<04:38,  1.39s/it]
2026-02-02T00:54:51.5563509Z [0;36m(Worker_DP0_TP0_EP0 pid=1105)[0;0m 
2026-02-02T00:54:51.5563889Z Loading safetensors checkpoint shards:  17% Completed | 42/241 [01:06<04:43,  1.42s/it]
2026-02-02T00:54:52.6459876Z [0;36m(Worker_DP0_TP0_EP0 pid=1105)[0;0m 
2026-02-02T00:54:52.6460260Z Loading safetensors checkpoint shards:  18% Completed | 43/241 [01:07<04:22,  1.32s/it]
2026-02-02T00:54:56.2073781Z [0;36m(Worker_DP0_TP0_EP0 pid=1105)[0;0m 
2026-02-02T00:54:56.2074176Z Loading safetensors checkpoint shards:  18% Completed | 44/241 [01:11<06:33,  2.00s/it]
2026-02-02T00:54:56.4329397Z [0;36m(Worker_DP0_TP0_EP0 pid=1105)[0;0m 
2026-02-02T00:54:56.4329741Z Loading safetensors checkpoint shards:  19% Completed | 45/241 [01:11<04:47,  1.46s/it]
2026-02-02T00:54:59.6925649Z [0;36m(Worker_DP0_TP0_EP0 pid=1105)[0;0m 
2026-02-02T00:54:59.6926330Z Loading safetensors checkpoint shards:  19% Completed | 46/241 [01:14<06:30,  2.00s/it]
2026-02-02T00:55:02.0392747Z [0;36m(Worker_DP0_TP0_EP0 pid=1105)[0;0m 
2026-02-02T00:55:02.0393150Z Loading safetensors checkpoint shards:  20% Completed | 47/241 [01:17<06:48,  2.11s/it]
2026-02-02T00:55:02.3967527Z [0;36m(Worker_DP0_TP0_EP0 pid=1105)[0;0m 
2026-02-02T00:55:02.3967954Z Loading safetensors checkpoint shards:  20% Completed | 48/241 [01:17<05:05,  1.58s/it]
2026-02-02T00:55:03.0070831Z [0;36m(Worker_DP0_TP0_EP0 pid=1105)[0;0m 
2026-02-02T00:55:03.0071201Z Loading safetensors checkpoint shards:  20% Completed | 49/241 [01:18<04:07,  1.29s/it]
2026-02-02T00:55:03.2062816Z [0;36m(Worker_DP0_TP0_EP0 pid=1105)[0;0m 
2026-02-02T00:55:03.2063188Z Loading safetensors checkpoint shards:  21% Completed | 50/241 [01:18<03:03,  1.04it/s]
2026-02-02T00:55:07.5377301Z [0;36m(Worker_DP0_TP0_EP0 pid=1105)[0;0m 
2026-02-02T00:55:07.5377652Z Loading safetensors checkpoint shards:  21% Completed | 51/241 [01:22<06:14,  1.97s/it]
2026-02-02T00:55:07.7582735Z [0;36m(Worker_DP0_TP0_EP0 pid=1105)[0;0m 
2026-02-02T00:55:07.7583119Z Loading safetensors checkpoint shards:  22% Completed | 52/241 [01:23<04:33,  1.45s/it]
2026-02-02T00:55:08.8304548Z [0;36m(Worker_DP0_TP0_EP0 pid=1105)[0;0m 
2026-02-02T00:55:08.8304925Z Loading safetensors checkpoint shards:  22% Completed | 53/241 [01:24<04:11,  1.34s/it]
2026-02-02T00:55:09.9394611Z [0;36m(Worker_DP0_TP0_EP0 pid=1105)[0;0m 
2026-02-02T00:55:09.9394964Z Loading safetensors checkpoint shards:  22% Completed | 54/241 [01:25<03:56,  1.27s/it]
2026-02-02T00:55:11.2379599Z [0;36m(Worker_DP0_TP0_EP0 pid=1105)[0;0m 
2026-02-02T00:55:11.2379963Z Loading safetensors checkpoint shards:  23% Completed | 55/241 [01:26<03:57,  1.28s/it]
2026-02-02T00:55:12.6236523Z [0;36m(Worker_DP0_TP0_EP0 pid=1105)[0;0m 
2026-02-02T00:55:12.6237022Z Loading safetensors checkpoint shards:  23% Completed | 56/241 [01:27<04:02,  1.31s/it]
2026-02-02T00:55:19.2028517Z [0;36m(Worker_DP0_TP0_EP0 pid=1105)[0;0m 
2026-02-02T00:55:19.2029018Z Loading safetensors checkpoint shards:  24% Completed | 57/241 [01:34<08:51,  2.89s/it]
2026-02-02T00:55:19.5057109Z [0;36m(Worker_DP0_TP0_EP0 pid=1105)[0;0m 
2026-02-02T00:55:19.5057443Z Loading safetensors checkpoint shards:  24% Completed | 58/241 [01:34<06:26,  2.11s/it]
2026-02-02T00:55:19.6905704Z [0;36m(Worker_DP0_TP0_EP0 pid=1105)[0;0m 
2026-02-02T00:55:19.6906086Z Loading safetensors checkpoint shards:  24% Completed | 59/241 [01:34<04:39,  1.54s/it]
2026-02-02T00:55:20.2879061Z [0;36m(Worker_DP0_TP0_EP0 pid=1105)[0;0m 
2026-02-02T00:55:20.2879442Z Loading safetensors checkpoint shards:  25% Completed | 60/241 [01:35<03:46,  1.25s/it]
2026-02-02T00:55:21.3477570Z [0;36m(Worker_DP0_TP0_EP0 pid=1105)[0;0m 
2026-02-02T00:55:21.3477958Z Loading safetensors checkpoint shards:  25% Completed | 61/241 [01:36<03:35,  1.20s/it]
2026-02-02T00:55:22.7232696Z [0;36m(Worker_DP0_TP0_EP0 pid=1105)[0;0m 
2026-02-02T00:55:22.7233081Z Loading safetensors checkpoint shards:  26% Completed | 62/241 [01:37<03:43,  1.25s/it]
2026-02-02T00:55:24.0384235Z [0;36m(Worker_DP0_TP0_EP0 pid=1105)[0;0m 
2026-02-02T00:55:24.0385004Z Loading safetensors checkpoint shards:  26% Completed | 63/241 [01:39<03:46,  1.27s/it]
2026-02-02T00:55:27.3844615Z [0;36m(Worker_DP0_TP0_EP0 pid=1105)[0;0m 
2026-02-02T00:55:27.3845119Z Loading safetensors checkpoint shards:  27% Completed | 64/241 [01:42<05:34,  1.89s/it]
2026-02-02T00:55:29.1047698Z [0;36m(Worker_DP0_TP0_EP0 pid=1105)[0;0m 
2026-02-02T00:55:29.1048187Z Loading safetensors checkpoint shards:  27% Completed | 65/241 [01:44<05:23,  1.84s/it]
2026-02-02T00:55:30.3591030Z [0;36m(Worker_DP0_TP0_EP0 pid=1105)[0;0m 
2026-02-02T00:55:30.3591586Z Loading safetensors checkpoint shards:  27% Completed | 66/241 [01:45<04:51,  1.67s/it]
2026-02-02T00:55:31.4356653Z [0;36m(Worker_DP0_TP0_EP0 pid=1105)[0;0m 
2026-02-02T00:55:31.4357143Z Loading safetensors checkpoint shards:  28% Completed | 67/241 [01:46<04:19,  1.49s/it]
2026-02-02T00:55:32.4653825Z [0;36m(Worker_DP0_TP0_EP0 pid=1105)[0;0m 
2026-02-02T00:55:32.4654330Z Loading safetensors checkpoint shards:  28% Completed | 68/241 [01:47<03:53,  1.35s/it]
2026-02-02T00:55:33.6680888Z [0;36m(Worker_DP0_TP0_EP0 pid=1105)[0;0m 
2026-02-02T00:55:33.6681335Z Loading safetensors checkpoint shards:  29% Completed | 69/241 [01:48<03:44,  1.31s/it]
2026-02-02T00:55:35.0967734Z [0;36m(Worker_DP0_TP0_EP0 pid=1105)[0;0m 
2026-02-02T00:55:35.0968188Z Loading safetensors checkpoint shards:  29% Completed | 70/241 [01:50<03:49,  1.34s/it]
2026-02-02T00:55:37.3120159Z [0;36m(Worker_DP0_TP0_EP0 pid=1105)[0;0m 
2026-02-02T00:55:37.3120642Z Loading safetensors checkpoint shards:  29% Completed | 71/241 [01:52<04:32,  1.60s/it]
2026-02-02T00:55:38.0608306Z [0;36m(Worker_DP0_TP0_EP0 pid=1105)[0;0m 
2026-02-02T00:55:38.0608758Z Loading safetensors checkpoint shards:  30% Completed | 72/241 [01:53<03:47,  1.35s/it]
2026-02-02T00:55:39.4487903Z [0;36m(Worker_DP0_TP0_EP0 pid=1105)[0;0m 
2026-02-02T00:55:39.4488380Z Loading safetensors checkpoint shards:  30% Completed | 73/241 [01:54<03:48,  1.36s/it]
2026-02-02T00:55:43.2644077Z [0;36m(Worker_DP0_TP0_EP0 pid=1105)[0;0m 
2026-02-02T00:55:43.2644567Z Loading safetensors checkpoint shards:  31% Completed | 74/241 [01:58<05:50,  2.10s/it]
2026-02-02T00:55:43.4700297Z [0;36m(Worker_DP0_TP0_EP0 pid=1105)[0;0m 
2026-02-02T00:55:43.4700911Z Loading safetensors checkpoint shards:  31% Completed | 75/241 [01:58<04:13,  1.53s/it]
2026-02-02T00:55:43.8406190Z [0;36m(Worker_DP0_TP0_EP0 pid=1105)[0;0m 
2026-02-02T00:55:43.8406641Z Loading safetensors checkpoint shards:  32% Completed | 76/241 [01:59<03:14,  1.18s/it]
2026-02-02T00:55:47.1236935Z [0;36m(Worker_DP0_TP0_EP0 pid=1105)[0;0m 
2026-02-02T00:55:47.1237478Z Loading safetensors checkpoint shards:  32% Completed | 77/241 [02:02<04:57,  1.81s/it]
2026-02-02T00:55:49.4879521Z [0;36m(Worker_DP0_TP0_EP0 pid=1105)[0;0m 
2026-02-02T00:55:49.4879994Z Loading safetensors checkpoint shards:  32% Completed | 78/241 [02:04<05:22,  1.98s/it]
2026-02-02T00:55:49.7038252Z [0;36m(Worker_DP0_TP0_EP0 pid=1105)[0;0m 
2026-02-02T00:55:49.7038650Z Loading safetensors checkpoint shards:  33% Completed | 79/241 [02:04<03:54,  1.45s/it]
2026-02-02T00:55:49.8875980Z [0;36m(Worker_DP0_TP0_EP0 pid=1105)[0;0m 
2026-02-02T00:55:49.8876485Z Loading safetensors checkpoint shards:  33% Completed | 80/241 [02:05<02:52,  1.07s/it]
2026-02-02T00:55:50.5342252Z [0;36m(Worker_DP0_TP0_EP0 pid=1105)[0;0m 
2026-02-02T00:55:50.5342780Z Loading safetensors checkpoint shards:  34% Completed | 81/241 [02:05<02:30,  1.06it/s]
2026-02-02T00:55:52.8369990Z [0;36m(Worker_DP0_TP0_EP0 pid=1105)[0;0m 
2026-02-02T00:55:52.8370482Z Loading safetensors checkpoint shards:  34% Completed | 82/241 [02:08<03:34,  1.35s/it]
2026-02-02T00:55:54.8246441Z [0;36m(Worker_DP0_TP0_EP0 pid=1105)[0;0m 
2026-02-02T00:55:54.8246961Z Loading safetensors checkpoint shards:  34% Completed | 83/241 [02:10<04:03,  1.54s/it]
2026-02-02T00:55:57.1117544Z [0;36m(Worker_DP0_TP0_EP0 pid=1105)[0;0m 
2026-02-02T00:55:57.1118137Z Loading safetensors checkpoint shards:  35% Completed | 84/241 [02:12<04:37,  1.77s/it]
2026-02-02T00:55:59.9492500Z [0;36m(Worker_DP0_TP0_EP0 pid=1105)[0;0m 
2026-02-02T00:55:59.9492987Z Loading safetensors checkpoint shards:  35% Completed | 85/241 [02:15<05:25,  2.09s/it]
2026-02-02T00:56:01.6891971Z [0;36m(Worker_DP0_TP0_EP0 pid=1105)[0;0m 
2026-02-02T00:56:01.6892489Z Loading safetensors checkpoint shards:  36% Completed | 86/241 [02:16<05:07,  1.98s/it]
2026-02-02T00:56:01.8935217Z [0;36m(Worker_DP0_TP0_EP0 pid=1105)[0;0m 
2026-02-02T00:56:01.8935699Z Loading safetensors checkpoint shards:  36% Completed | 87/241 [02:17<03:43,  1.45s/it]
2026-02-02T00:56:02.0676286Z [0;36m(Worker_DP0_TP0_EP0 pid=1105)[0;0m 
2026-02-02T00:56:02.0676726Z Loading safetensors checkpoint shards:  37% Completed | 88/241 [02:17<02:43,  1.07s/it]
2026-02-02T00:56:02.3016675Z [0;36m(Worker_DP0_TP0_EP0 pid=1105)[0;0m 
2026-02-02T00:56:02.3017377Z Loading safetensors checkpoint shards:  37% Completed | 89/241 [02:17<02:04,  1.22it/s]
2026-02-02T00:56:03.7777011Z [0;36m(Worker_DP0_TP0_EP0 pid=1105)[0;0m 
2026-02-02T00:56:03.7777511Z Loading safetensors checkpoint shards:  37% Completed | 90/241 [02:19<02:33,  1.01s/it]
2026-02-02T00:56:05.3852384Z [0;36m(Worker_DP0_TP0_EP0 pid=1105)[0;0m 
2026-02-02T00:56:05.3852874Z Loading safetensors checkpoint shards:  38% Completed | 91/241 [02:20<02:58,  1.19s/it]
2026-02-02T00:56:07.2321058Z [0;36m(Worker_DP0_TP0_EP0 pid=1105)[0;0m 
2026-02-02T00:56:07.2321567Z Loading safetensors checkpoint shards:  38% Completed | 92/241 [02:22<03:26,  1.39s/it]
2026-02-02T00:56:08.7210400Z [0;36m(Worker_DP0_TP0_EP0 pid=1105)[0;0m 
2026-02-02T00:56:08.7210855Z Loading safetensors checkpoint shards:  39% Completed | 93/241 [02:23<03:29,  1.42s/it]
2026-02-02T00:56:09.7742169Z [0;36m(Worker_DP0_TP0_EP0 pid=1105)[0;0m 
2026-02-02T00:56:09.7742621Z Loading safetensors checkpoint shards:  39% Completed | 94/241 [02:25<03:12,  1.31s/it]
2026-02-02T00:56:14.4907524Z [0;36m(Worker_DP0_TP0_EP0 pid=1105)[0;0m 
2026-02-02T00:56:14.4908018Z Loading safetensors checkpoint shards:  39% Completed | 95/241 [02:29<05:40,  2.33s/it]
2026-02-02T00:56:14.6872189Z [0;36m(Worker_DP0_TP0_EP0 pid=1105)[0;0m 
2026-02-02T00:56:14.6872707Z Loading safetensors checkpoint shards:  40% Completed | 96/241 [02:29<04:05,  1.69s/it]
2026-02-02T00:56:17.6902621Z [0;36m(Worker_DP0_TP0_EP0 pid=1105)[0;0m 
2026-02-02T00:56:17.6903084Z Loading safetensors checkpoint shards:  40% Completed | 97/241 [02:32<05:00,  2.08s/it]
2026-02-02T00:56:17.8938507Z [0;36m(Worker_DP0_TP0_EP0 pid=1105)[0;0m 
2026-02-02T00:56:17.8938907Z Loading safetensors checkpoint shards:  41% Completed | 98/241 [02:33<03:37,  1.52s/it]
2026-02-02T00:56:18.2153341Z [0;36m(Worker_DP0_TP0_EP0 pid=1105)[0;0m 
2026-02-02T00:56:18.2153757Z Loading safetensors checkpoint shards:  41% Completed | 99/241 [02:33<02:44,  1.16s/it]
2026-02-02T00:56:21.8462628Z [0;36m(Worker_DP0_TP0_EP0 pid=1105)[0;0m 
2026-02-02T00:56:21.8463217Z Loading safetensors checkpoint shards:  41% Completed | 100/241 [02:37<04:28,  1.90s/it]
2026-02-02T00:56:22.0523940Z [0;36m(Worker_DP0_TP0_EP0 pid=1105)[0;0m 
2026-02-02T00:56:22.0524404Z Loading safetensors checkpoint shards:  42% Completed | 101/241 [02:37<03:15,  1.39s/it]
2026-02-02T00:56:22.5434686Z [0;36m(Worker_DP0_TP0_EP0 pid=1105)[0;0m 
2026-02-02T00:56:22.5435110Z Loading safetensors checkpoint shards:  42% Completed | 102/241 [02:37<02:36,  1.12s/it]
2026-02-02T00:56:23.8417676Z [0;36m(Worker_DP0_TP0_EP0 pid=1105)[0;0m 
2026-02-02T00:56:23.8418124Z Loading safetensors checkpoint shards:  43% Completed | 103/241 [02:39<02:42,  1.18s/it]
2026-02-02T00:56:25.2286459Z [0;36m(Worker_DP0_TP0_EP0 pid=1105)[0;0m 
2026-02-02T00:56:25.2287004Z Loading safetensors checkpoint shards:  43% Completed | 104/241 [02:40<02:49,  1.24s/it]
2026-02-02T00:56:29.0746697Z [0;36m(Worker_DP0_TP0_EP0 pid=1105)[0;0m 
2026-02-02T00:56:29.0747309Z Loading safetensors checkpoint shards:  44% Completed | 105/241 [02:44<04:34,  2.02s/it]
2026-02-02T00:56:32.6345833Z [0;36m(Worker_DP0_TP0_EP0 pid=1105)[0;0m 
2026-02-02T00:56:32.6346336Z Loading safetensors checkpoint shards:  44% Completed | 106/241 [02:47<05:35,  2.48s/it]
2026-02-02T00:56:32.8303619Z [0;36m(Worker_DP0_TP0_EP0 pid=1105)[0;0m 
2026-02-02T00:56:32.8304142Z Loading safetensors checkpoint shards:  44% Completed | 107/241 [02:48<04:00,  1.80s/it]
2026-02-02T00:56:32.9944894Z [0;36m(Worker_DP0_TP0_EP0 pid=1105)[0;0m 
2026-02-02T00:56:32.9945316Z Loading safetensors checkpoint shards:  45% Completed | 108/241 [02:48<02:53,  1.31s/it]
2026-02-02T00:56:33.2681961Z [0;36m(Worker_DP0_TP0_EP0 pid=1105)[0;0m 
2026-02-02T00:56:33.2682509Z Loading safetensors checkpoint shards:  45% Completed | 109/241 [02:48<02:11,  1.00it/s]
2026-02-02T00:56:34.6461169Z [0;36m(Worker_DP0_TP0_EP0 pid=1105)[0;0m 
2026-02-02T00:56:34.6461758Z Loading safetensors checkpoint shards:  46% Completed | 110/241 [02:49<02:25,  1.11s/it]
2026-02-02T00:56:36.1481527Z [0;36m(Worker_DP0_TP0_EP0 pid=1105)[0;0m 
2026-02-02T00:56:36.1482159Z Loading safetensors checkpoint shards:  46% Completed | 111/241 [02:51<02:39,  1.23s/it]
2026-02-02T00:56:41.0425314Z [0;36m(Worker_DP0_TP0_EP0 pid=1105)[0;0m 
2026-02-02T00:56:41.0425828Z Loading safetensors checkpoint shards:  46% Completed | 112/241 [02:56<05:00,  2.33s/it]
2026-02-02T00:56:41.2578258Z [0;36m(Worker_DP0_TP0_EP0 pid=1105)[0;0m 
2026-02-02T00:56:41.2578687Z Loading safetensors checkpoint shards:  47% Completed | 113/241 [02:56<03:36,  1.69s/it]
2026-02-02T00:56:41.4334437Z [0;36m(Worker_DP0_TP0_EP0 pid=1105)[0;0m 
2026-02-02T00:56:41.4334979Z Loading safetensors checkpoint shards:  47% Completed | 114/241 [02:56<02:37,  1.24s/it]
2026-02-02T00:56:42.7882347Z [0;36m(Worker_DP0_TP0_EP0 pid=1105)[0;0m 
2026-02-02T00:56:42.7882812Z Loading safetensors checkpoint shards:  48% Completed | 115/241 [02:58<02:40,  1.27s/it]
2026-02-02T00:56:44.5073778Z [0;36m(Worker_DP0_TP0_EP0 pid=1105)[0;0m 
2026-02-02T00:56:44.5074261Z Loading safetensors checkpoint shards:  48% Completed | 116/241 [02:59<02:55,  1.41s/it]
2026-02-02T00:56:48.7270483Z [0;36m(Worker_DP0_TP0_EP0 pid=1105)[0;0m 
2026-02-02T00:56:48.7271036Z Loading safetensors checkpoint shards:  49% Completed | 117/241 [03:04<04:39,  2.25s/it]
2026-02-02T00:56:48.9224405Z [0;36m(Worker_DP0_TP0_EP0 pid=1105)[0;0m 
2026-02-02T00:56:48.9225181Z Loading safetensors checkpoint shards:  49% Completed | 118/241 [03:04<03:21,  1.63s/it]
2026-02-02T00:56:49.3035476Z [0;36m(Worker_DP0_TP0_EP0 pid=1105)[0;0m 
2026-02-02T00:56:49.3035906Z Loading safetensors checkpoint shards:  49% Completed | 119/241 [03:04<02:33,  1.26s/it]
2026-02-02T00:56:51.2651849Z [0;36m(Worker_DP0_TP0_EP0 pid=1105)[0;0m 
2026-02-02T00:56:51.2652421Z Loading safetensors checkpoint shards:  50% Completed | 120/241 [03:06<02:57,  1.47s/it]
2026-02-02T00:56:54.3414696Z [0;36m(Worker_DP0_TP0_EP0 pid=1105)[0;0m 
2026-02-02T00:56:54.3415161Z Loading safetensors checkpoint shards:  50% Completed | 121/241 [03:09<03:54,  1.95s/it]
2026-02-02T00:56:54.5427358Z [0;36m(Worker_DP0_TP0_EP0 pid=1105)[0;0m 
2026-02-02T00:56:54.5427822Z Loading safetensors checkpoint shards:  51% Completed | 122/241 [03:09<02:49,  1.43s/it]
2026-02-02T00:56:54.7256331Z [0;36m(Worker_DP0_TP0_EP0 pid=1105)[0;0m 
2026-02-02T00:56:54.7256784Z Loading safetensors checkpoint shards:  51% Completed | 123/241 [03:10<02:04,  1.05s/it]
2026-02-02T00:56:55.8367890Z [0;36m(Worker_DP0_TP0_EP0 pid=1105)[0;0m 
2026-02-02T00:56:55.8368359Z Loading safetensors checkpoint shards:  51% Completed | 124/241 [03:11<02:05,  1.07s/it]
2026-02-02T00:56:56.7572646Z [0;36m(Worker_DP0_TP0_EP0 pid=1105)[0;0m 
2026-02-02T00:56:56.7573123Z Loading safetensors checkpoint shards:  52% Completed | 125/241 [03:12<01:58,  1.03s/it]
2026-02-02T00:56:58.1233135Z [0;36m(Worker_DP0_TP0_EP0 pid=1105)[0;0m 
2026-02-02T00:56:58.1233586Z Loading safetensors checkpoint shards:  52% Completed | 126/241 [03:13<02:09,  1.13s/it]
2026-02-02T00:56:59.4967120Z [0;36m(Worker_DP0_TP0_EP0 pid=1105)[0;0m 
2026-02-02T00:56:59.4967634Z Loading safetensors checkpoint shards:  53% Completed | 127/241 [03:14<02:16,  1.20s/it]
2026-02-02T00:57:01.0655162Z [0;36m(Worker_DP0_TP0_EP0 pid=1105)[0;0m 
2026-02-02T00:57:01.0655595Z Loading safetensors checkpoint shards:  53% Completed | 128/241 [03:16<02:28,  1.31s/it]
2026-02-02T00:57:05.7578333Z [0;36m(Worker_DP0_TP0_EP0 pid=1105)[0;0m 
2026-02-02T00:57:05.7579005Z Loading safetensors checkpoint shards:  54% Completed | 129/241 [03:21<04:20,  2.33s/it]
2026-02-02T00:57:05.9570072Z [0;36m(Worker_DP0_TP0_EP0 pid=1105)[0;0m 
2026-02-02T00:57:05.9570580Z Loading safetensors checkpoint shards:  54% Completed | 130/241 [03:21<03:07,  1.69s/it]
2026-02-02T00:57:06.1293199Z [0;36m(Worker_DP0_TP0_EP0 pid=1105)[0;0m 
2026-02-02T00:57:06.1293709Z Loading safetensors checkpoint shards:  54% Completed | 131/241 [03:21<02:15,  1.23s/it]
2026-02-02T00:57:07.7223241Z [0;36m(Worker_DP0_TP0_EP0 pid=1105)[0;0m 
2026-02-02T00:57:07.7224037Z Loading safetensors checkpoint shards:  55% Completed | 132/241 [03:22<02:26,  1.34s/it]
2026-02-02T00:57:12.8346170Z [0;36m(Worker_DP0_TP0_EP0 pid=1105)[0;0m 
2026-02-02T00:57:12.8346625Z Loading safetensors checkpoint shards:  55% Completed | 133/241 [03:28<04:27,  2.47s/it]
2026-02-02T00:57:13.0317904Z [0;36m(Worker_DP0_TP0_EP0 pid=1105)[0;0m 
2026-02-02T00:57:13.0318457Z Loading safetensors checkpoint shards:  56% Completed | 134/241 [03:28<03:11,  1.79s/it]
2026-02-02T00:57:14.3183059Z [0;36m(Worker_DP0_TP0_EP0 pid=1105)[0;0m 
2026-02-02T00:57:14.3183574Z Loading safetensors checkpoint shards:  56% Completed | 135/241 [03:29<02:53,  1.64s/it]
2026-02-02T00:57:16.0436804Z [0;36m(Worker_DP0_TP0_EP0 pid=1105)[0;0m 
2026-02-02T00:57:16.0437316Z Loading safetensors checkpoint shards:  56% Completed | 136/241 [03:31<02:54,  1.66s/it]
2026-02-02T00:57:17.7120576Z [0;36m(Worker_DP0_TP0_EP0 pid=1105)[0;0m 
2026-02-02T00:57:17.7121008Z Loading safetensors checkpoint shards:  57% Completed | 137/241 [03:32<02:53,  1.67s/it]
2026-02-02T00:57:19.1525611Z [0;36m(Worker_DP0_TP0_EP0 pid=1105)[0;0m 
2026-02-02T00:57:19.1526089Z Loading safetensors checkpoint shards:  57% Completed | 138/241 [03:34<02:44,  1.60s/it]
2026-02-02T00:57:20.4437931Z [0;36m(Worker_DP0_TP0_EP0 pid=1105)[0;0m 
2026-02-02T00:57:20.4438346Z Loading safetensors checkpoint shards:  58% Completed | 139/241 [03:35<02:33,  1.51s/it]
2026-02-02T00:57:21.5253047Z [0;36m(Worker_DP0_TP0_EP0 pid=1105)[0;0m 
2026-02-02T00:57:21.5253455Z Loading safetensors checkpoint shards:  58% Completed | 140/241 [03:36<02:19,  1.38s/it]
2026-02-02T00:57:25.3392424Z [0;36m(Worker_DP0_TP0_EP0 pid=1105)[0;0m 
2026-02-02T00:57:25.3392910Z Loading safetensors checkpoint shards:  59% Completed | 141/241 [03:40<03:30,  2.11s/it]
2026-02-02T00:57:25.5394824Z [0;36m(Worker_DP0_TP0_EP0 pid=1105)[0;0m 
2026-02-02T00:57:25.5395262Z Loading safetensors checkpoint shards:  59% Completed | 142/241 [03:40<02:32,  1.54s/it]
2026-02-02T00:57:29.4465851Z [0;36m(Worker_DP0_TP0_EP0 pid=1105)[0;0m 
2026-02-02T00:57:29.4466415Z Loading safetensors checkpoint shards:  59% Completed | 143/241 [03:44<03:40,  2.25s/it]
2026-02-02T00:57:29.6498510Z [0;36m(Worker_DP0_TP0_EP0 pid=1105)[0;0m 
2026-02-02T00:57:29.6498958Z Loading safetensors checkpoint shards:  60% Completed | 144/241 [03:44<02:38,  1.63s/it]
2026-02-02T00:57:29.8323306Z [0;36m(Worker_DP0_TP0_EP0 pid=1105)[0;0m 
2026-02-02T00:57:29.8323783Z Loading safetensors checkpoint shards:  60% Completed | 145/241 [03:45<01:55,  1.20s/it]
2026-02-02T00:57:30.4597118Z [0;36m(Worker_DP0_TP0_EP0 pid=1105)[0;0m 
2026-02-02T00:57:30.4597578Z Loading safetensors checkpoint shards:  61% Completed | 146/241 [03:45<01:37,  1.03s/it]
2026-02-02T00:57:31.2373366Z [0;36m(Worker_DP0_TP0_EP0 pid=1105)[0;0m 
2026-02-02T00:57:31.2373889Z Loading safetensors checkpoint shards:  61% Completed | 147/241 [03:46<01:29,  1.05it/s]
2026-02-02T00:57:32.0770155Z [0;36m(Worker_DP0_TP0_EP0 pid=1105)[0;0m 
2026-02-02T00:57:32.0770671Z Loading safetensors checkpoint shards:  61% Completed | 148/241 [03:47<01:25,  1.09it/s]
2026-02-02T00:57:34.0006316Z [0;36m(Worker_DP0_TP0_EP0 pid=1105)[0;0m 
2026-02-02T00:57:34.0006824Z Loading safetensors checkpoint shards:  62% Completed | 149/241 [03:49<01:52,  1.22s/it]
2026-02-02T00:57:36.7610739Z [0;36m(Worker_DP0_TP0_EP0 pid=1105)[0;0m 
2026-02-02T00:57:36.7611210Z Loading safetensors checkpoint shards:  62% Completed | 150/241 [03:52<02:33,  1.68s/it]
2026-02-02T00:57:40.6637320Z [0;36m(Worker_DP0_TP0_EP0 pid=1105)[0;0m 
2026-02-02T00:57:40.6637856Z Loading safetensors checkpoint shards:  63% Completed | 151/241 [03:55<03:31,  2.35s/it]
2026-02-02T00:57:40.8615668Z [0;36m(Worker_DP0_TP0_EP0 pid=1105)[0;0m 
2026-02-02T00:57:40.8616184Z Loading safetensors checkpoint shards:  63% Completed | 152/241 [03:56<02:31,  1.70s/it]
2026-02-02T00:57:41.0283633Z [0;36m(Worker_DP0_TP0_EP0 pid=1105)[0;0m 
2026-02-02T00:57:41.0284019Z Loading safetensors checkpoint shards:  63% Completed | 153/241 [03:56<01:49,  1.24s/it]
2026-02-02T00:57:42.3968725Z [0;36m(Worker_DP0_TP0_EP0 pid=1105)[0;0m 
2026-02-02T00:57:42.3969207Z Loading safetensors checkpoint shards:  64% Completed | 154/241 [03:57<01:51,  1.28s/it]
2026-02-02T00:57:46.6152255Z [0;36m(Worker_DP0_TP0_EP0 pid=1105)[0;0m 
2026-02-02T00:57:46.6152710Z Loading safetensors checkpoint shards:  64% Completed | 155/241 [04:01<03:05,  2.16s/it]
2026-02-02T00:57:46.8238384Z [0;36m(Worker_DP0_TP0_EP0 pid=1105)[0;0m 
2026-02-02T00:57:46.8238772Z Loading safetensors checkpoint shards:  65% Completed | 156/241 [04:02<02:13,  1.58s/it]
2026-02-02T00:57:47.0743258Z [0;36m(Worker_DP0_TP0_EP0 pid=1105)[0;0m 
2026-02-02T00:57:47.0743679Z Loading safetensors checkpoint shards:  65% Completed | 157/241 [04:02<01:38,  1.18s/it]
2026-02-02T00:57:48.1114465Z [0;36m(Worker_DP0_TP0_EP0 pid=1105)[0;0m 
2026-02-02T00:57:48.1114904Z Loading safetensors checkpoint shards:  66% Completed | 158/241 [04:03<01:34,  1.14s/it]
2026-02-02T00:57:51.2048314Z [0;36m(Worker_DP0_TP0_EP0 pid=1105)[0;0m 
2026-02-02T00:57:51.2048885Z Loading safetensors checkpoint shards:  66% Completed | 159/241 [04:06<02:21,  1.72s/it]
2026-02-02T00:57:51.3544903Z [0;36m(Worker_DP0_TP0_EP0 pid=1105)[0;0m 
2026-02-02T00:57:51.3545372Z Loading safetensors checkpoint shards:  66% Completed | 160/241 [04:06<01:41,  1.25s/it]
2026-02-02T00:57:51.6885902Z [0;36m(Worker_DP0_TP0_EP0 pid=1105)[0;0m 
2026-02-02T00:57:51.6886314Z Loading safetensors checkpoint shards:  67% Completed | 161/241 [04:06<01:18,  1.02it/s]
2026-02-02T00:57:53.2925457Z [0;36m(Worker_DP0_TP0_EP0 pid=1105)[0;0m 
2026-02-02T00:57:53.2925901Z Loading safetensors checkpoint shards:  67% Completed | 162/241 [04:08<01:31,  1.16s/it]
2026-02-02T00:57:54.9580002Z [0;36m(Worker_DP0_TP0_EP0 pid=1105)[0;0m 
2026-02-02T00:57:54.9580543Z Loading safetensors checkpoint shards:  68% Completed | 163/241 [04:10<01:42,  1.31s/it]
2026-02-02T00:57:56.0399526Z [0;36m(Worker_DP0_TP0_EP0 pid=1105)[0;0m 
2026-02-02T00:57:56.0399973Z Loading safetensors checkpoint shards:  68% Completed | 164/241 [04:11<01:35,  1.24s/it]
2026-02-02T00:57:59.5713060Z [0;36m(Worker_DP0_TP0_EP0 pid=1105)[0;0m 
2026-02-02T00:57:59.5713611Z Loading safetensors checkpoint shards:  68% Completed | 165/241 [04:14<02:26,  1.93s/it]
2026-02-02T00:57:59.7696148Z [0;36m(Worker_DP0_TP0_EP0 pid=1105)[0;0m 
2026-02-02T00:57:59.7696609Z Loading safetensors checkpoint shards:  69% Completed | 166/241 [04:15<01:45,  1.41s/it]
2026-02-02T00:58:00.3644646Z [0;36m(Worker_DP0_TP0_EP0 pid=1105)[0;0m 
2026-02-02T00:58:00.3645098Z Loading safetensors checkpoint shards:  69% Completed | 167/241 [04:15<01:26,  1.17s/it]
2026-02-02T00:58:01.7322971Z [0;36m(Worker_DP0_TP0_EP0 pid=1105)[0;0m 
2026-02-02T00:58:01.7323434Z Loading safetensors checkpoint shards:  70% Completed | 168/241 [04:17<01:29,  1.23s/it]
2026-02-02T00:58:03.1234350Z [0;36m(Worker_DP0_TP0_EP0 pid=1105)[0;0m 
2026-02-02T00:58:03.1234814Z Loading safetensors checkpoint shards:  70% Completed | 169/241 [04:18<01:31,  1.28s/it]
2026-02-02T00:58:04.8130788Z [0;36m(Worker_DP0_TP0_EP0 pid=1105)[0;0m 
2026-02-02T00:58:04.8131265Z Loading safetensors checkpoint shards:  71% Completed | 170/241 [04:20<01:39,  1.40s/it]
2026-02-02T00:58:06.5335025Z [0;36m(Worker_DP0_TP0_EP0 pid=1105)[0;0m 
2026-02-02T00:58:06.5335478Z Loading safetensors checkpoint shards:  71% Completed | 171/241 [04:21<01:44,  1.50s/it]
2026-02-02T00:58:08.0613225Z [0;36m(Worker_DP0_TP0_EP0 pid=1105)[0;0m 
2026-02-02T00:58:08.0613764Z Loading safetensors checkpoint shards:  71% Completed | 172/241 [04:23<01:43,  1.51s/it]
2026-02-02T00:58:09.3988206Z [0;36m(Worker_DP0_TP0_EP0 pid=1105)[0;0m 
2026-02-02T00:58:09.3988684Z Loading safetensors checkpoint shards:  72% Completed | 173/241 [04:24<01:38,  1.46s/it]
2026-02-02T00:58:13.5040319Z [0;36m(Worker_DP0_TP0_EP0 pid=1105)[0;0m 
2026-02-02T00:58:13.5040841Z Loading safetensors checkpoint shards:  72% Completed | 174/241 [04:28<02:30,  2.25s/it]
2026-02-02T00:58:13.7117645Z [0;36m(Worker_DP0_TP0_EP0 pid=1105)[0;0m 
2026-02-02T00:58:13.7118341Z Loading safetensors checkpoint shards:  73% Completed | 175/241 [04:28<01:48,  1.64s/it]
2026-02-02T00:58:14.0829271Z [0;36m(Worker_DP0_TP0_EP0 pid=1105)[0;0m 
2026-02-02T00:58:14.0829659Z Loading safetensors checkpoint shards:  73% Completed | 176/241 [04:29<01:21,  1.26s/it]
2026-02-02T00:58:15.5984368Z [0;36m(Worker_DP0_TP0_EP0 pid=1105)[0;0m 
2026-02-02T00:58:15.5984963Z Loading safetensors checkpoint shards:  73% Completed | 177/241 [04:30<01:25,  1.33s/it]
2026-02-02T00:58:18.9472352Z [0;36m(Worker_DP0_TP0_EP0 pid=1105)[0;0m 
2026-02-02T00:58:18.9472818Z Loading safetensors checkpoint shards:  74% Completed | 178/241 [04:34<02:02,  1.94s/it]
2026-02-02T00:58:21.0650708Z [0;36m(Worker_DP0_TP0_EP0 pid=1105)[0;0m 
2026-02-02T00:58:21.0651137Z Loading safetensors checkpoint shards:  74% Completed | 179/241 [04:36<02:03,  1.99s/it]
2026-02-02T00:58:24.1373929Z [0;36m(Worker_DP0_TP0_EP0 pid=1105)[0;0m 
2026-02-02T00:58:24.1374398Z Loading safetensors checkpoint shards:  75% Completed | 180/241 [04:39<02:21,  2.32s/it]
2026-02-02T00:58:24.3468996Z [0;36m(Worker_DP0_TP0_EP0 pid=1105)[0;0m 
2026-02-02T00:58:24.3469477Z Loading safetensors checkpoint shards:  75% Completed | 181/241 [04:39<01:41,  1.68s/it]
2026-02-02T00:58:24.5151511Z [0;36m(Worker_DP0_TP0_EP0 pid=1105)[0;0m 
2026-02-02T00:58:24.5152139Z Loading safetensors checkpoint shards:  76% Completed | 182/241 [04:39<01:12,  1.23s/it]
2026-02-02T00:58:27.9994507Z [0;36m(Worker_DP0_TP0_EP0 pid=1105)[0;0m 
2026-02-02T00:58:27.9994916Z Loading safetensors checkpoint shards:  76% Completed | 183/241 [04:43<01:50,  1.91s/it]
2026-02-02T00:58:31.9013023Z [0;36m(Worker_DP0_TP0_EP0 pid=1105)[0;0m 
2026-02-02T00:58:31.9013465Z Loading safetensors checkpoint shards:  76% Completed | 184/241 [04:47<02:22,  2.50s/it]
2026-02-02T00:58:32.1009696Z [0;36m(Worker_DP0_TP0_EP0 pid=1105)[0;0m 
2026-02-02T00:58:32.1010160Z Loading safetensors checkpoint shards:  77% Completed | 185/241 [04:47<01:41,  1.81s/it]
2026-02-02T00:58:32.2756690Z [0;36m(Worker_DP0_TP0_EP0 pid=1105)[0;0m 
2026-02-02T00:58:32.2757139Z Loading safetensors checkpoint shards:  77% Completed | 186/241 [04:47<01:12,  1.32s/it]
2026-02-02T00:58:32.4524998Z [0;36m(Worker_DP0_TP0_EP0 pid=1105)[0;0m 
2026-02-02T00:58:32.4525466Z Loading safetensors checkpoint shards:  78% Completed | 187/241 [04:47<00:52,  1.02it/s]
2026-02-02T00:58:32.7389377Z [0;36m(Worker_DP0_TP0_EP0 pid=1105)[0;0m 
2026-02-02T00:58:32.7389933Z Loading safetensors checkpoint shards:  78% Completed | 188/241 [04:48<00:40,  1.30it/s]
2026-02-02T00:58:37.8951847Z [0;36m(Worker_DP0_TP0_EP0 pid=1105)[0;0m 
2026-02-02T00:58:37.8952415Z Loading safetensors checkpoint shards:  78% Completed | 189/241 [04:53<01:48,  2.09s/it]
2026-02-02T00:58:39.1527740Z [0;36m(Worker_DP0_TP0_EP0 pid=1105)[0;0m 
2026-02-02T00:58:39.1528177Z Loading safetensors checkpoint shards:  79% Completed | 190/241 [04:54<01:33,  1.84s/it]
2026-02-02T00:58:42.2239387Z [0;36m(Worker_DP0_TP0_EP0 pid=1105)[0;0m 
2026-02-02T00:58:42.2239866Z Loading safetensors checkpoint shards:  79% Completed | 191/241 [04:57<01:50,  2.21s/it]
2026-02-02T00:58:42.4223150Z [0;36m(Worker_DP0_TP0_EP0 pid=1105)[0;0m 
2026-02-02T00:58:42.4223546Z Loading safetensors checkpoint shards:  80% Completed | 192/241 [04:57<01:18,  1.61s/it]
2026-02-02T00:58:46.3644899Z [0;36m(Worker_DP0_TP0_EP0 pid=1105)[0;0m 
2026-02-02T00:58:46.3645387Z Loading safetensors checkpoint shards:  80% Completed | 193/241 [05:01<01:50,  2.31s/it]
2026-02-02T00:58:46.5719353Z [0;36m(Worker_DP0_TP0_EP0 pid=1105)[0;0m 
2026-02-02T00:58:46.5719757Z Loading safetensors checkpoint shards:  80% Completed | 194/241 [05:01<01:18,  1.68s/it]
2026-02-02T00:58:46.7535376Z [0;36m(Worker_DP0_TP0_EP0 pid=1105)[0;0m 
2026-02-02T00:58:46.7535913Z Loading safetensors checkpoint shards:  81% Completed | 195/241 [05:02<00:56,  1.23s/it]
2026-02-02T00:58:47.9909331Z [0;36m(Worker_DP0_TP0_EP0 pid=1105)[0;0m 
2026-02-02T00:58:47.9909760Z Loading safetensors checkpoint shards:  81% Completed | 196/241 [05:03<00:55,  1.23s/it]
2026-02-02T00:58:49.3600165Z [0;36m(Worker_DP0_TP0_EP0 pid=1105)[0;0m 
2026-02-02T00:58:49.3600626Z Loading safetensors checkpoint shards:  82% Completed | 197/241 [05:04<00:55,  1.27s/it]
2026-02-02T00:58:50.6749066Z [0;36m(Worker_DP0_TP0_EP0 pid=1105)[0;0m 
2026-02-02T00:58:50.6749531Z Loading safetensors checkpoint shards:  82% Completed | 198/241 [05:05<00:55,  1.29s/it]
2026-02-02T00:58:52.1056655Z [0;36m(Worker_DP0_TP0_EP0 pid=1105)[0;0m 
2026-02-02T00:58:52.1057080Z Loading safetensors checkpoint shards:  83% Completed | 199/241 [05:07<00:55,  1.33s/it]
2026-02-02T00:58:53.7157188Z [0;36m(Worker_DP0_TP0_EP0 pid=1105)[0;0m 
2026-02-02T00:58:53.7157624Z Loading safetensors checkpoint shards:  83% Completed | 200/241 [05:08<00:57,  1.41s/it]
2026-02-02T00:58:55.2514125Z [0;36m(Worker_DP0_TP0_EP0 pid=1105)[0;0m 
2026-02-02T00:58:55.2514569Z Loading safetensors checkpoint shards:  83% Completed | 201/241 [05:10<00:58,  1.45s/it]
2026-02-02T00:58:59.9694516Z [0;36m(Worker_DP0_TP0_EP0 pid=1105)[0;0m 
2026-02-02T00:58:59.9694995Z Loading safetensors checkpoint shards:  84% Completed | 202/241 [05:15<01:34,  2.43s/it]
2026-02-02T00:59:03.7514431Z [0;36m(Worker_DP0_TP0_EP0 pid=1105)[0;0m 
2026-02-02T00:59:03.7514962Z Loading safetensors checkpoint shards:  84% Completed | 203/241 [05:19<01:47,  2.84s/it]
2026-02-02T00:59:03.9613069Z [0;36m(Worker_DP0_TP0_EP0 pid=1105)[0;0m 
2026-02-02T00:59:03.9613458Z Loading safetensors checkpoint shards:  85% Completed | 204/241 [05:19<01:15,  2.05s/it]
2026-02-02T00:59:04.1446827Z [0;36m(Worker_DP0_TP0_EP0 pid=1105)[0;0m 
2026-02-02T00:59:04.1447285Z Loading safetensors checkpoint shards:  85% Completed | 205/241 [05:19<00:53,  1.49s/it]
2026-02-02T00:59:04.3179142Z [0;36m(Worker_DP0_TP0_EP0 pid=1105)[0;0m 
2026-02-02T00:59:04.3179600Z Loading safetensors checkpoint shards:  85% Completed | 206/241 [05:19<00:38,  1.09s/it]
2026-02-02T00:59:05.9617201Z [0;36m(Worker_DP0_TP0_EP0 pid=1105)[0;0m 
2026-02-02T00:59:05.9617691Z Loading safetensors checkpoint shards:  86% Completed | 207/241 [05:21<00:42,  1.26s/it]
2026-02-02T00:59:10.5086395Z [0;36m(Worker_DP0_TP0_EP0 pid=1105)[0;0m 
2026-02-02T00:59:10.5086844Z Loading safetensors checkpoint shards:  86% Completed | 208/241 [05:25<01:14,  2.25s/it]
2026-02-02T00:59:10.7182624Z [0;36m(Worker_DP0_TP0_EP0 pid=1105)[0;0m 
2026-02-02T00:59:10.7183179Z Loading safetensors checkpoint shards:  87% Completed | 209/241 [05:25<00:52,  1.63s/it]
2026-02-02T00:59:10.9051557Z [0;36m(Worker_DP0_TP0_EP0 pid=1105)[0;0m 
2026-02-02T00:59:10.9052105Z Loading safetensors checkpoint shards:  87% Completed | 210/241 [05:26<00:37,  1.20s/it]
2026-02-02T00:59:11.6761127Z [0;36m(Worker_DP0_TP0_EP0 pid=1105)[0;0m 
2026-02-02T00:59:11.6761612Z Loading safetensors checkpoint shards:  88% Completed | 211/241 [05:26<00:32,  1.07s/it]
2026-02-02T00:59:12.7326494Z [0;36m(Worker_DP0_TP0_EP0 pid=1105)[0;0m 
2026-02-02T00:59:16.1868761Z Loading safetensors checkpoint shards:  88% Completed | 212/241 [05:28<00:30,  1.07s/it]
2026-02-02T00:59:16.1869536Z [0;36m(Worker_DP0_TP0_EP0 pid=1105)[0;0m 
2026-02-02T00:59:16.1869909Z Loading safetensors checkpoint shards:  88% Completed | 213/241 [05:31<00:49,  1.78s/it]
2026-02-02T00:59:20.6093075Z [0;36m(Worker_DP0_TP0_EP0 pid=1105)[0;0m 
2026-02-02T00:59:20.6093597Z Loading safetensors checkpoint shards:  89% Completed | 214/241 [05:35<01:09,  2.57s/it]
2026-02-02T00:59:20.8150979Z [0;36m(Worker_DP0_TP0_EP0 pid=1105)[0;0m 
2026-02-02T00:59:20.8151503Z Loading safetensors checkpoint shards:  89% Completed | 215/241 [05:36<00:48,  1.86s/it]
2026-02-02T00:59:21.9321351Z [0;36m(Worker_DP0_TP0_EP0 pid=1105)[0;0m 
2026-02-02T00:59:21.9321942Z Loading safetensors checkpoint shards:  90% Completed | 216/241 [05:37<00:41,  1.64s/it]
2026-02-02T00:59:22.1313259Z [0;36m(Worker_DP0_TP0_EP0 pid=1105)[0;0m 
2026-02-02T00:59:22.1313837Z Loading safetensors checkpoint shards:  90% Completed | 217/241 [05:37<00:28,  1.21s/it]
2026-02-02T00:59:22.7698262Z [0;36m(Worker_DP0_TP0_EP0 pid=1105)[0;0m 
2026-02-02T00:59:22.7698979Z Loading safetensors checkpoint shards:  90% Completed | 218/241 [05:38<00:23,  1.04s/it]
2026-02-02T00:59:23.8481385Z [0;36m(Worker_DP0_TP0_EP0 pid=1105)[0;0m 
2026-02-02T00:59:25.5379859Z Loading safetensors checkpoint shards:  91% Completed | 219/241 [05:39<00:23,  1.05s/it]
2026-02-02T00:59:25.5380528Z [0;36m(Worker_DP0_TP0_EP0 pid=1105)[0;0m 
2026-02-02T00:59:25.5380917Z Loading safetensors checkpoint shards:  91% Completed | 220/241 [05:40<00:26,  1.24s/it]
2026-02-02T00:59:26.7457351Z [0;36m(Worker_DP0_TP0_EP0 pid=1105)[0;0m 
2026-02-02T00:59:26.7457814Z Loading safetensors checkpoint shards:  92% Completed | 221/241 [05:42<00:24,  1.23s/it]
2026-02-02T00:59:29.6448196Z [0;36m(Worker_DP0_TP0_EP0 pid=1105)[0;0m 
2026-02-02T00:59:29.6448630Z Loading safetensors checkpoint shards:  92% Completed | 222/241 [05:44<00:32,  1.73s/it]
2026-02-02T00:59:29.8568207Z [0;36m(Worker_DP0_TP0_EP0 pid=1105)[0;0m 
2026-02-02T00:59:29.8568874Z Loading safetensors checkpoint shards:  93% Completed | 223/241 [05:45<00:22,  1.28s/it]
2026-02-02T00:59:30.7258711Z [0;36m(Worker_DP0_TP0_EP0 pid=1105)[0;0m 
2026-02-02T00:59:30.7259479Z Loading safetensors checkpoint shards:  93% Completed | 224/241 [05:46<00:19,  1.15s/it]
2026-02-02T00:59:34.5950580Z [0;36m(Worker_DP0_TP0_EP0 pid=1105)[0;0m 
2026-02-02T00:59:34.5951394Z Loading safetensors checkpoint shards:  93% Completed | 225/241 [05:49<00:31,  1.97s/it]
2026-02-02T00:59:34.7990197Z [0;36m(Worker_DP0_TP0_EP0 pid=1105)[0;0m 
2026-02-02T00:59:34.7990646Z Loading safetensors checkpoint shards:  94% Completed | 226/241 [05:50<00:21,  1.44s/it]
2026-02-02T00:59:35.0629466Z [0;36m(Worker_DP0_TP0_EP0 pid=1105)[0;0m 
2026-02-02T00:59:35.0629873Z Loading safetensors checkpoint shards:  94% Completed | 227/241 [05:50<00:15,  1.09s/it]
2026-02-02T00:59:35.8706994Z [0;36m(Worker_DP0_TP0_EP0 pid=1105)[0;0m 
2026-02-02T00:59:35.8707428Z Loading safetensors checkpoint shards:  95% Completed | 228/241 [05:51<00:13,  1.00s/it]
2026-02-02T00:59:36.9224244Z [0;36m(Worker_DP0_TP0_EP0 pid=1105)[0;0m 
2026-02-02T00:59:36.9224697Z Loading safetensors checkpoint shards:  95% Completed | 229/241 [05:52<00:12,  1.02s/it]
2026-02-02T00:59:39.4969609Z [0;36m(Worker_DP0_TP0_EP0 pid=1105)[0;0m 
2026-02-02T00:59:39.4970224Z Loading safetensors checkpoint shards:  95% Completed | 230/241 [05:54<00:16,  1.48s/it]
2026-02-02T00:59:39.7029034Z [0;36m(Worker_DP0_TP0_EP0 pid=1105)[0;0m 
2026-02-02T00:59:39.7029523Z Loading safetensors checkpoint shards:  96% Completed | 231/241 [05:54<00:11,  1.10s/it]
2026-02-02T00:59:41.5322410Z [0;36m(Worker_DP0_TP0_EP0 pid=1105)[0;0m 
2026-02-02T00:59:41.5322944Z Loading safetensors checkpoint shards:  96% Completed | 232/241 [05:56<00:11,  1.32s/it]
2026-02-02T00:59:41.7367787Z [0;36m(Worker_DP0_TP0_EP0 pid=1105)[0;0m 
2026-02-02T00:59:41.7368214Z Loading safetensors checkpoint shards:  97% Completed | 233/241 [05:57<00:07,  1.01it/s]
2026-02-02T00:59:42.1654164Z [0;36m(Worker_DP0_TP0_EP0 pid=1105)[0;0m 
2026-02-02T00:59:42.1654642Z Loading safetensors checkpoint shards:  97% Completed | 234/241 [05:57<00:05,  1.22it/s]
2026-02-02T00:59:43.2204411Z [0;36m(Worker_DP0_TP0_EP0 pid=1105)[0;0m 
2026-02-02T00:59:43.2204831Z Loading safetensors checkpoint shards:  98% Completed | 235/241 [05:58<00:05,  1.12it/s]
2026-02-02T00:59:47.2793033Z [0;36m(Worker_DP0_TP0_EP0 pid=1105)[0;0m 
2026-02-02T00:59:47.2793487Z Loading safetensors checkpoint shards:  98% Completed | 236/241 [06:02<00:09,  1.84s/it]
2026-02-02T00:59:47.4858423Z [0;36m(Worker_DP0_TP0_EP0 pid=1105)[0;0m 
2026-02-02T00:59:47.4858850Z Loading safetensors checkpoint shards:  98% Completed | 237/241 [06:02<00:05,  1.35s/it]
2026-02-02T00:59:47.9003618Z [0;36m(Worker_DP0_TP0_EP0 pid=1105)[0;0m 
2026-02-02T00:59:47.9004040Z Loading safetensors checkpoint shards:  99% Completed | 238/241 [06:03<00:03,  1.07s/it]
2026-02-02T00:59:49.1255089Z [0;36m(Worker_DP0_TP0_EP0 pid=1105)[0;0m 
2026-02-02T00:59:49.1255781Z Loading safetensors checkpoint shards:  99% Completed | 239/241 [06:04<00:02,  1.12s/it]
2026-02-02T00:59:50.4806570Z [0;36m(Worker_DP0_TP0_EP0 pid=1105)[0;0m 
2026-02-02T00:59:50.4806978Z Loading safetensors checkpoint shards: 100% Completed | 240/241 [06:05<00:01,  1.19s/it]
2026-02-02T00:59:51.8918443Z [0;36m(Worker_DP0_TP0_EP0 pid=1105)[0;0m 
2026-02-02T00:59:51.8918906Z Loading safetensors checkpoint shards: 100% Completed | 241/241 [06:07<00:00,  1.25s/it]
2026-02-02T00:59:51.8941093Z [0;36m(Worker_DP0_TP0_EP0 pid=1105)[0;0m 
2026-02-02T00:59:51.8941538Z Loading safetensors checkpoint shards: 100% Completed | 241/241 [06:07<00:00,  1.52s/it]
2026-02-02T00:59:51.8950421Z [0;36m(Worker_DP0_TP0_EP0 pid=1105)[0;0m 
2026-02-02T00:59:51.9082570Z [0;36m(Worker_DP0_TP0_EP0 pid=1105)[0;0m INFO 02-02 00:59:51 [default_loader.py:308] Loading weights took 367.18 seconds
2026-02-02T00:59:51.9106979Z [0;36m(Worker_DP1_TP0_EP8 pid=1104)[0;0m INFO 02-02 00:59:51 [default_loader.py:308] Loading weights took 367.21 seconds
2026-02-02T01:00:06.4647943Z INFO 02-02 01:00:06 [__init__.py:43] Available plugins for group vllm.platform_plugins:
2026-02-02T01:00:06.4803185Z INFO 02-02 01:00:06 [__init__.py:45] - ascend -> vllm_ascend:register
2026-02-02T01:00:06.4812049Z INFO 02-02 01:00:06 [__init__.py:48] All plugins in this group will be loaded. Set `VLLM_PLUGINS` to control which plugins to load.
2026-02-02T01:00:06.4821652Z INFO 02-02 01:00:06 [__init__.py:43] Available plugins for group vllm.platform_plugins:
2026-02-02T01:00:06.4830738Z INFO 02-02 01:00:06 [__init__.py:43] Available plugins for group vllm.platform_plugins:
2026-02-02T01:00:06.4841122Z INFO 02-02 01:00:06 [__init__.py:45] - ascend -> vllm_ascend:register
2026-02-02T01:00:06.4849985Z INFO 02-02 01:00:06 [__init__.py:48] All plugins in this group will be loaded. Set `VLLM_PLUGINS` to control which plugins to load.
2026-02-02T01:00:06.4859719Z INFO 02-02 01:00:06 [__init__.py:45] - ascend -> vllm_ascend:register
2026-02-02T01:00:06.4869256Z INFO 02-02 01:00:06 [__init__.py:43] Available plugins for group vllm.platform_plugins:
2026-02-02T01:00:06.4879160Z INFO 02-02 01:00:06 [__init__.py:48] All plugins in this group will be loaded. Set `VLLM_PLUGINS` to control which plugins to load.
2026-02-02T01:00:06.4888850Z INFO 02-02 01:00:06 [__init__.py:45] - ascend -> vllm_ascend:register
2026-02-02T01:00:06.4898882Z INFO 02-02 01:00:06 [__init__.py:48] All plugins in this group will be loaded. Set `VLLM_PLUGINS` to control which plugins to load.
2026-02-02T01:00:06.4907922Z INFO 02-02 01:00:06 [__init__.py:43] Available plugins for group vllm.platform_plugins:
2026-02-02T01:00:06.4917820Z INFO 02-02 01:00:06 [__init__.py:43] Available plugins for group vllm.platform_plugins:
2026-02-02T01:00:06.4927105Z INFO 02-02 01:00:06 [__init__.py:45] - ascend -> vllm_ascend:register
2026-02-02T01:00:06.4936606Z INFO 02-02 01:00:06 [__init__.py:45] - ascend -> vllm_ascend:register
2026-02-02T01:00:06.4947053Z INFO 02-02 01:00:06 [__init__.py:48] All plugins in this group will be loaded. Set `VLLM_PLUGINS` to control which plugins to load.
2026-02-02T01:00:06.4955353Z INFO 02-02 01:00:06 [__init__.py:48] All plugins in this group will be loaded. Set `VLLM_PLUGINS` to control which plugins to load.
2026-02-02T01:00:06.4965097Z INFO 02-02 01:00:06 [__init__.py:43] Available plugins for group vllm.platform_plugins:
2026-02-02T01:00:06.4974509Z INFO 02-02 01:00:06 [__init__.py:45] - ascend -> vllm_ascend:register
2026-02-02T01:00:06.4983702Z INFO 02-02 01:00:06 [__init__.py:48] All plugins in this group will be loaded. Set `VLLM_PLUGINS` to control which plugins to load.
2026-02-02T01:00:06.4993779Z INFO 02-02 01:00:06 [__init__.py:43] Available plugins for group vllm.platform_plugins:
2026-02-02T01:00:06.5003645Z INFO 02-02 01:00:06 [__init__.py:43] Available plugins for group vllm.platform_plugins:
2026-02-02T01:00:06.5012604Z INFO 02-02 01:00:06 [__init__.py:45] - ascend -> vllm_ascend:register
2026-02-02T01:00:06.5021068Z INFO 02-02 01:00:06 [__init__.py:45] - ascend -> vllm_ascend:register
2026-02-02T01:00:06.5031394Z INFO 02-02 01:00:06 [__init__.py:48] All plugins in this group will be loaded. Set `VLLM_PLUGINS` to control which plugins to load.
2026-02-02T01:00:06.5043313Z INFO 02-02 01:00:06 [__init__.py:48] All plugins in this group will be loaded. Set `VLLM_PLUGINS` to control which plugins to load.
2026-02-02T01:00:06.5054680Z INFO 02-02 01:00:06 [__init__.py:43] Available plugins for group vllm.platform_plugins:
2026-02-02T01:00:06.5065021Z INFO 02-02 01:00:06 [__init__.py:45] - ascend -> vllm_ascend:register
2026-02-02T01:00:06.5073589Z INFO 02-02 01:00:06 [__init__.py:48] All plugins in this group will be loaded. Set `VLLM_PLUGINS` to control which plugins to load.
2026-02-02T01:00:06.5083577Z INFO 02-02 01:00:06 [__init__.py:43] Available plugins for group vllm.platform_plugins:
2026-02-02T01:00:06.5094048Z INFO 02-02 01:00:06 [__init__.py:45] - ascend -> vllm_ascend:register
2026-02-02T01:00:06.5102965Z INFO 02-02 01:00:06 [__init__.py:48] All plugins in this group will be loaded. Set `VLLM_PLUGINS` to control which plugins to load.
2026-02-02T01:00:06.5113182Z INFO 02-02 01:00:06 [__init__.py:43] Available plugins for group vllm.platform_plugins:
2026-02-02T01:00:06.5143487Z INFO 02-02 01:00:06 [__init__.py:45] - ascend -> vllm_ascend:register
2026-02-02T01:00:06.5143950Z INFO 02-02 01:00:06 [__init__.py:48] All plugins in this group will be loaded. Set `VLLM_PLUGINS` to control which plugins to load.
2026-02-02T01:00:06.5151416Z INFO 02-02 01:00:06 [__init__.py:217] Platform plugin ascend is activated
2026-02-02T01:00:06.5212470Z INFO 02-02 01:00:06 [__init__.py:217] Platform plugin ascend is activated
2026-02-02T01:00:06.5212844Z INFO 02-02 01:00:06 [__init__.py:217] Platform plugin ascend is activated
2026-02-02T01:00:06.5219396Z INFO 02-02 01:00:06 [__init__.py:217] Platform plugin ascend is activated
2026-02-02T01:00:06.5219809Z INFO 02-02 01:00:06 [__init__.py:217] Platform plugin ascend is activated
2026-02-02T01:00:06.5220181Z INFO 02-02 01:00:06 [__init__.py:217] Platform plugin ascend is activated
2026-02-02T01:00:06.5229398Z INFO 02-02 01:00:06 [__init__.py:217] Platform plugin ascend is activated
2026-02-02T01:00:06.5238590Z INFO 02-02 01:00:06 [__init__.py:217] Platform plugin ascend is activated
2026-02-02T01:00:06.5248745Z INFO 02-02 01:00:06 [__init__.py:217] Platform plugin ascend is activated
2026-02-02T01:00:06.5259722Z INFO 02-02 01:00:06 [__init__.py:217] Platform plugin ascend is activated
2026-02-02T01:00:06.5268106Z INFO 02-02 01:00:06 [__init__.py:43] Available plugins for group vllm.platform_plugins:
2026-02-02T01:00:06.5276952Z INFO 02-02 01:00:06 [__init__.py:45] - ascend -> vllm_ascend:register
2026-02-02T01:00:06.5288146Z INFO 02-02 01:00:06 [__init__.py:48] All plugins in this group will be loaded. Set `VLLM_PLUGINS` to control which plugins to load.
2026-02-02T01:00:06.5297083Z INFO 02-02 01:00:06 [__init__.py:217] Platform plugin ascend is activated
2026-02-02T01:00:06.5305756Z INFO 02-02 01:00:06 [__init__.py:217] Platform plugin ascend is activated
2026-02-02T01:00:06.5315330Z INFO 02-02 01:00:06 [__init__.py:217] Platform plugin ascend is activated
2026-02-02T01:00:06.5474426Z INFO 02-02 01:00:06 [__init__.py:43] Available plugins for group vllm.platform_plugins:
2026-02-02T01:00:06.5477646Z INFO 02-02 01:00:06 [__init__.py:45] - ascend -> vllm_ascend:register
2026-02-02T01:00:06.5487520Z INFO 02-02 01:00:06 [__init__.py:43] Available plugins for group vllm.platform_plugins:
2026-02-02T01:00:06.5497156Z INFO 02-02 01:00:06 [__init__.py:48] All plugins in this group will be loaded. Set `VLLM_PLUGINS` to control which plugins to load.
2026-02-02T01:00:06.5507015Z INFO 02-02 01:00:06 [__init__.py:45] - ascend -> vllm_ascend:register
2026-02-02T01:00:06.5516234Z INFO 02-02 01:00:06 [__init__.py:48] All plugins in this group will be loaded. Set `VLLM_PLUGINS` to control which plugins to load.
2026-02-02T01:00:06.5525290Z INFO 02-02 01:00:06 [__init__.py:43] Available plugins for group vllm.platform_plugins:
2026-02-02T01:00:06.5534658Z INFO 02-02 01:00:06 [__init__.py:45] - ascend -> vllm_ascend:register
2026-02-02T01:00:06.5544683Z INFO 02-02 01:00:06 [__init__.py:48] All plugins in this group will be loaded. Set `VLLM_PLUGINS` to control which plugins to load.
2026-02-02T01:00:06.5561872Z INFO 02-02 01:00:06 [__init__.py:217] Platform plugin ascend is activated
2026-02-02T01:00:06.5571187Z INFO 02-02 01:00:06 [__init__.py:217] Platform plugin ascend is activated
2026-02-02T01:00:06.5580079Z INFO 02-02 01:00:06 [__init__.py:217] Platform plugin ascend is activated
2026-02-02T01:00:33.1431080Z [0;36m(Worker_DP1_TP2_EP10 pid=2118)[0;0m INFO 02-02 01:00:33 [fused_moe.py:500] SharedFusedMoE shared experts split computation matches the integrated computation.
2026-02-02T01:00:33.1439259Z [0;36m(Worker_DP0_TP2_EP2 pid=2121)[0;0m INFO 02-02 01:00:33 [fused_moe.py:500] SharedFusedMoE shared experts split computation matches the integrated computation.
2026-02-02T01:00:33.2009854Z [0;36m(Worker_DP1_TP6_EP14 pid=4337)[0;0m INFO 02-02 01:00:33 [fused_moe.py:500] SharedFusedMoE shared experts split computation matches the integrated computation.
2026-02-02T01:00:33.2194150Z [0;36m(Worker_DP0_TP6_EP6 pid=4334)[0;0m INFO 02-02 01:00:33 [fused_moe.py:500] SharedFusedMoE shared experts split computation matches the integrated computation.
2026-02-02T01:00:33.2699832Z [0;36m(Worker_DP0_TP5_EP5 pid=3780)[0;0m INFO 02-02 01:00:33 [fused_moe.py:500] SharedFusedMoE shared experts split computation matches the integrated computation.
2026-02-02T01:00:33.2806293Z [0;36m(Worker_DP1_TP7_EP15 pid=4891)[0;0m INFO 02-02 01:00:33 [fused_moe.py:500] SharedFusedMoE shared experts split computation matches the integrated computation.
2026-02-02T01:00:33.2835110Z [0;36m(Worker_DP1_TP4_EP12 pid=3227)[0;0m INFO 02-02 01:00:33 [fused_moe.py:500] SharedFusedMoE shared experts split computation matches the integrated computation.
2026-02-02T01:00:33.3115246Z [0;36m(Worker_DP1_TP5_EP13 pid=3784)[0;0m INFO 02-02 01:00:33 [fused_moe.py:500] SharedFusedMoE shared experts split computation matches the integrated computation.
2026-02-02T01:00:33.3506134Z [0;36m(Worker_DP0_TP4_EP4 pid=3226)[0;0m INFO 02-02 01:00:33 [fused_moe.py:500] SharedFusedMoE shared experts split computation matches the integrated computation.
2026-02-02T01:00:33.3838398Z [0;36m(Worker_DP0_TP0_EP0 pid=1105)[0;0m INFO 02-02 01:00:33 [fused_moe.py:500] SharedFusedMoE shared experts split computation matches the integrated computation.
2026-02-02T01:00:33.3950944Z [0;36m(Worker_DP1_TP1_EP9 pid=1574)[0;0m INFO 02-02 01:00:33 [fused_moe.py:500] SharedFusedMoE shared experts split computation matches the integrated computation.
2026-02-02T01:00:33.4989146Z [0;36m(Worker_DP0_TP3_EP3 pid=2672)[0;0m INFO 02-02 01:00:33 [fused_moe.py:500] SharedFusedMoE shared experts split computation matches the integrated computation.
2026-02-02T01:00:33.6100752Z [0;36m(Worker_DP1_TP3_EP11 pid=2673)[0;0m INFO 02-02 01:00:33 [fused_moe.py:500] SharedFusedMoE shared experts split computation matches the integrated computation.
2026-02-02T01:00:33.6200412Z [0;36m(Worker_DP0_TP1_EP1 pid=1575)[0;0m INFO 02-02 01:00:33 [fused_moe.py:500] SharedFusedMoE shared experts split computation matches the integrated computation.
2026-02-02T01:00:33.7144684Z [0;36m(Worker_DP0_TP7_EP7 pid=4888)[0;0m INFO 02-02 01:00:33 [fused_moe.py:500] SharedFusedMoE shared experts split computation matches the integrated computation.
2026-02-02T01:00:33.7502463Z [0;36m(Worker_DP1_TP0_EP8 pid=1104)[0;0m INFO 02-02 01:00:33 [fused_moe.py:500] SharedFusedMoE shared experts split computation matches the integrated computation.
2026-02-02T01:00:37.2708792Z [0;36m(Worker_DP0_TP2_EP2 pid=2121)[0;0m INFO 02-02 01:00:37 [model_runner_v1.py:2396] Loading model weights took 32.6619 GB
2026-02-02T01:00:37.5647536Z [0;36m(Worker_DP0_TP1_EP1 pid=1575)[0;0m INFO 02-02 01:00:37 [model_runner_v1.py:2396] Loading model weights took 32.6619 GB
2026-02-02T01:00:37.6139611Z [0;36m(Worker_DP0_TP0_EP0 pid=1105)[0;0m INFO 02-02 01:00:37 [model_runner_v1.py:2396] Loading model weights took 32.6619 GB
2026-02-02T01:00:37.7549491Z [0;36m(Worker_DP1_TP1_EP9 pid=1574)[0;0m INFO 02-02 01:00:37 [model_runner_v1.py:2396] Loading model weights took 32.6619 GB
2026-02-02T01:00:37.8365284Z [0;36m(Worker_DP1_TP7_EP15 pid=4891)[0;0m INFO 02-02 01:00:37 [model_runner_v1.py:2396] Loading model weights took 32.6619 GB
2026-02-02T01:00:37.9027243Z [0;36m(Worker_DP0_TP5_EP5 pid=3780)[0;0m INFO 02-02 01:00:37 [model_runner_v1.py:2396] Loading model weights took 32.6619 GB
2026-02-02T01:00:37.9239547Z [0;36m(Worker_DP1_TP3_EP11 pid=2673)[0;0m INFO 02-02 01:00:37 [model_runner_v1.py:2396] Loading model weights took 32.6619 GB
2026-02-02T01:00:37.9303354Z [0;36m(Worker_DP0_TP3_EP3 pid=2672)[0;0m INFO 02-02 01:00:37 [model_runner_v1.py:2396] Loading model weights took 32.6619 GB
2026-02-02T01:00:38.0015738Z [0;36m(Worker_DP1_TP4_EP12 pid=3227)[0;0m INFO 02-02 01:00:37 [model_runner_v1.py:2396] Loading model weights took 32.6619 GB
2026-02-02T01:00:38.0266529Z [0;36m(Worker_DP1_TP2_EP10 pid=2118)[0;0m INFO 02-02 01:00:38 [model_runner_v1.py:2396] Loading model weights took 32.6619 GB
2026-02-02T01:00:38.0786015Z [0;36m(Worker_DP1_TP5_EP13 pid=3784)[0;0m INFO 02-02 01:00:38 [model_runner_v1.py:2396] Loading model weights took 32.6619 GB
2026-02-02T01:00:38.2474724Z [0;36m(Worker_DP0_TP4_EP4 pid=3226)[0;0m INFO 02-02 01:00:38 [model_runner_v1.py:2396] Loading model weights took 32.6619 GB
2026-02-02T01:00:38.3099163Z [0;36m(Worker_DP0_TP6_EP6 pid=4334)[0;0m INFO 02-02 01:00:38 [model_runner_v1.py:2396] Loading model weights took 32.6619 GB
2026-02-02T01:00:38.3388480Z [0;36m(Worker_DP0_TP7_EP7 pid=4888)[0;0m INFO 02-02 01:00:38 [model_runner_v1.py:2396] Loading model weights took 32.6619 GB
2026-02-02T01:00:38.3438603Z [0;36m(Worker_DP1_TP6_EP14 pid=4337)[0;0m INFO 02-02 01:00:38 [model_runner_v1.py:2396] Loading model weights took 32.6619 GB
2026-02-02T01:00:38.7893959Z [0;36m(Worker_DP1_TP0_EP8 pid=1104)[0;0m INFO 02-02 01:00:38 [model_runner_v1.py:2396] Loading model weights took 32.6619 GB
2026-02-02T01:00:44.0046318Z [0;36m(Worker_DP1_TP0_EP8 pid=1104)[0;0m INFO 02-02 01:00:44 [backends.py:643] Using cache directory: /root/.cache/vllm/torch_compile_cache/16b9472803/rank_0_1/backbone for vLLM's torch.compile
2026-02-02T01:00:44.0075057Z [0;36m(Worker_DP1_TP0_EP8 pid=1104)[0;0m INFO 02-02 01:00:44 [backends.py:703] Dynamo bytecode transform time: 4.59 s
2026-02-02T01:00:44.0315359Z [0;36m(Worker_DP0_TP0_EP0 pid=1105)[0;0m INFO 02-02 01:00:44 [backends.py:643] Using cache directory: /root/.cache/vllm/torch_compile_cache/16b9472803/rank_0_0/backbone for vLLM's torch.compile
2026-02-02T01:00:44.0360871Z [0;36m(Worker_DP0_TP0_EP0 pid=1105)[0;0m INFO 02-02 01:00:44 [backends.py:703] Dynamo bytecode transform time: 4.61 s
2026-02-02T01:00:58.0384731Z [0;36m(Worker_DP0_TP0_EP0 pid=1105)[0;0m INFO 02-02 01:00:58 [backends.py:278] Compiling a graph for compile range (1, 8192) takes 11.86 s
2026-02-02T01:00:58.0393619Z [0;36m(Worker_DP0_TP0_EP0 pid=1105)[0;0m INFO 02-02 01:00:58 [monitor.py:34] torch.compile takes 16.48 s in total
2026-02-02T01:00:59.1374136Z [0;36m(Worker_DP1_TP0_EP8 pid=1104)[0;0m INFO 02-02 01:00:59 [backends.py:278] Compiling a graph for compile range (1, 8192) takes 13.07 s
2026-02-02T01:00:59.1381431Z [0;36m(Worker_DP1_TP0_EP8 pid=1104)[0;0m INFO 02-02 01:00:59 [monitor.py:34] torch.compile takes 17.65 s in total
2026-02-02T01:01:04.2091158Z [0;36m(Worker_DP1_TP0_EP8 pid=1104)[0;0m INFO 02-02 01:01:04 [worker.py:302] Available memory: 18920991744, total memory: 65787658240
2026-02-02T01:01:04.2171129Z [0;36m(Worker_DP0_TP1_EP1 pid=1575)[0;0m INFO 02-02 01:01:04 [worker.py:302] Available memory: 19631167283, total memory: 65796046848
2026-02-02T01:01:04.2515620Z [0;36m(Worker_DP1_TP7_EP15 pid=4891)[0;0m INFO 02-02 01:01:04 [worker.py:302] Available memory: 19619058483, total memory: 65796046848
2026-02-02T01:01:04.2653347Z [0;36m(Worker_DP0_TP2_EP2 pid=2121)[0;0m INFO 02-02 01:01:04 [worker.py:302] Available memory: 19339889664, total memory: 65787658240
2026-02-02T01:01:04.3179103Z [0;36m(Worker_DP0_TP5_EP5 pid=3780)[0;0m INFO 02-02 01:01:04 [worker.py:302] Available memory: 19638581043, total memory: 65796046848
2026-02-02T01:01:04.3902758Z [0;36m(Worker_DP0_TP6_EP6 pid=4334)[0;0m INFO 02-02 01:01:04 [worker.py:302] Available memory: 19356869632, total memory: 65787658240
2026-02-02T01:01:04.4587216Z [0;36m(Worker_DP1_TP1_EP9 pid=1574)[0;0m INFO 02-02 01:01:04 [worker.py:302] Available memory: 19636224819, total memory: 65796046848
2026-02-02T01:01:04.4682689Z [0;36m(Worker_DP1_TP6_EP14 pid=4337)[0;0m INFO 02-02 01:01:04 [worker.py:302] Available memory: 19359986688, total memory: 65787658240
2026-02-02T01:01:04.4725274Z [0;36m(Worker_DP0_TP0_EP0 pid=1105)[0;0m INFO 02-02 01:01:04 [worker.py:302] Available memory: 18895017984, total memory: 65787658240
2026-02-02T01:01:04.4855585Z [0;36m(Worker_DP1_TP2_EP10 pid=2118)[0;0m INFO 02-02 01:01:04 [worker.py:302] Available memory: 19363075072, total memory: 65787658240
2026-02-02T01:01:04.5261570Z [0;36m(Worker_DP0_TP4_EP4 pid=3226)[0;0m INFO 02-02 01:01:04 [worker.py:302] Available memory: 19343921152, total memory: 65787658240
2026-02-02T01:01:04.5994548Z [0;36m(Worker_DP1_TP3_EP11 pid=2673)[0;0m INFO 02-02 01:01:04 [worker.py:302] Available memory: 19618875187, total memory: 65796046848
2026-02-02T01:01:04.6397604Z [0;36m(Worker_DP1_TP5_EP13 pid=3784)[0;0m INFO 02-02 01:01:04 [worker.py:302] Available memory: 19618277171, total memory: 65796046848
2026-02-02T01:01:04.7199562Z [0;36m(Worker_DP1_TP4_EP12 pid=3227)[0;0m INFO 02-02 01:01:04 [worker.py:302] Available memory: 19349983232, total memory: 65787658240
2026-02-02T01:01:04.7253474Z [0;36m(EngineCore_DP1 pid=848)[0;0m INFO 02-02 01:01:04 [kv_cache_utils.py:1291] GPU KV cache size: 269,184 tokens
2026-02-02T01:01:04.7262621Z [0;36m(EngineCore_DP1 pid=848)[0;0m INFO 02-02 01:01:04 [kv_cache_utils.py:1296] Maximum concurrency for 8,192 tokens per request: 32.86x
2026-02-02T01:01:04.8145822Z [0;36m(Worker_DP0_TP7_EP7 pid=4888)[0;0m INFO 02-02 01:01:04 [worker.py:302] Available memory: 19601010483, total memory: 65796046848
2026-02-02T01:01:04.9782425Z [0;36m(Worker_DP0_TP3_EP3 pid=2672)[0;0m INFO 02-02 01:01:04 [worker.py:302] Available memory: 19620817715, total memory: 65796046848
2026-02-02T01:01:04.9838017Z [0;36m(EngineCore_DP0 pid=377)[0;0m INFO 02-02 01:01:04 [kv_cache_utils.py:1291] GPU KV cache size: 268,800 tokens
2026-02-02T01:01:04.9845118Z [0;36m(EngineCore_DP0 pid=377)[0;0m INFO 02-02 01:01:04 [kv_cache_utils.py:1296] Maximum concurrency for 8,192 tokens per request: 32.81x
2026-02-02T01:01:08.7780233Z [0;36m(Worker_DP0_TP0_EP0 pid=1105)[0;0m 
2026-02-02T01:01:08.7781107Z Capturing CUDA graphs (mixed prefill-decode, PIECEWISE):   0%|          | 0/5 [00:00<?, ?it/s][rank1]:[W202 01:01:08.725020013 compiler_depend.ts:207] Warning: Waiting for pending NCCL work to finish before starting graph capture. (function operator())
2026-02-02T01:01:08.7789150Z [rank10]:[W202 01:01:08.725024473 compiler_depend.ts:207] Warning: Waiting for pending NCCL work to finish before starting graph capture. (function operator())
2026-02-02T01:01:08.7799355Z [rank9]:[W202 01:01:08.725040083 compiler_depend.ts:207] Warning: Waiting for pending NCCL work to finish before starting graph capture. (function operator())
2026-02-02T01:01:08.7809643Z [rank2]:[W202 01:01:08.725040683 compiler_depend.ts:207] Warning: Waiting for pending NCCL work to finish before starting graph capture. (function operator())
2026-02-02T01:01:08.7819471Z [rank4]:[W202 01:01:08.725043513 compiler_depend.ts:207] Warning: Waiting for pending NCCL work to finish before starting graph capture. (function operator())
2026-02-02T01:01:08.7829778Z [rank3]:[W202 01:01:08.725040033 compiler_depend.ts:207] Warning: Waiting for pending NCCL work to finish before starting graph capture. (function operator())
2026-02-02T01:01:08.7839903Z [rank11]:[W202 01:01:08.725049793 compiler_depend.ts:207] Warning: Waiting for pending NCCL work to finish before starting graph capture. (function operator())
2026-02-02T01:01:08.7849595Z [rank6]:[W202 01:01:08.725059523 compiler_depend.ts:207] Warning: Waiting for pending NCCL work to finish before starting graph capture. (function operator())
2026-02-02T01:01:08.7859415Z [rank5]:[W202 01:01:08.725059493 compiler_depend.ts:207] Warning: Waiting for pending NCCL work to finish before starting graph capture. (function operator())
2026-02-02T01:01:08.7869408Z [rank0]:[W202 01:01:08.725063433 compiler_depend.ts:207] Warning: Waiting for pending NCCL work to finish before starting graph capture. (function operator())
2026-02-02T01:01:08.7879163Z [rank14]:[W202 01:01:08.725064013 compiler_depend.ts:207] Warning: Waiting for pending NCCL work to finish before starting graph capture. (function operator())
2026-02-02T01:01:08.7889074Z [rank8]:[W202 01:01:08.725077583 compiler_depend.ts:207] Warning: Waiting for pending NCCL work to finish before starting graph capture. (function operator())
2026-02-02T01:01:08.7899541Z [rank13]:[W202 01:01:08.725169004 compiler_depend.ts:207] Warning: Waiting for pending NCCL work to finish before starting graph capture. (function operator())
2026-02-02T01:01:08.7909325Z [rank12]:[W202 01:01:08.725370255 compiler_depend.ts:207] Warning: Waiting for pending NCCL work to finish before starting graph capture. (function operator())
2026-02-02T01:01:08.7919585Z [rank7]:[W202 01:01:08.727346419 compiler_depend.ts:207] Warning: Waiting for pending NCCL work to finish before starting graph capture. (function operator())
2026-02-02T01:01:08.7928797Z [rank15]:[W202 01:01:08.727394860 compiler_depend.ts:207] Warning: Waiting for pending NCCL work to finish before starting graph capture. (function operator())
2026-02-02T01:01:51.7485074Z 
2026-02-02T01:01:51.7487639Z Capturing CUDA graphs (mixed prefill-decode, PIECEWISE):  20%|██        | 1/5 [00:06<00:25,  6.39s/it]
2026-02-02T01:01:51.7488394Z Capturing CUDA graphs (mixed prefill-decode, PIECEWISE):  40%|████      | 2/5 [00:13<00:21,  7.01s/it]
2026-02-02T01:01:51.7488971Z Capturing CUDA graphs (mixed prefill-decode, PIECEWISE):  60%|██████    | 3/5 [00:22<00:15,  7.58s/it]
2026-02-02T01:01:51.7489609Z Capturing CUDA graphs (mixed prefill-decode, PIECEWISE):  80%|████████  | 4/5 [00:31<00:08,  8.42s/it]
2026-02-02T01:01:51.7490202Z Capturing CUDA graphs (mixed prefill-decode, PIECEWISE): 100%|██████████| 5/5 [00:44<00:00,  9.86s/it]
2026-02-02T01:01:51.7490751Z Capturing CUDA graphs (mixed prefill-decode, PIECEWISE): 100%|██████████| 5/5 [00:44<00:00,  8.84s/it]
2026-02-02T01:01:52.2607513Z [0;36m(Worker_DP0_TP0_EP0 pid=1105)[0;0m INFO 02-02 01:01:52 [gpu_model_runner.py:4587] Graph capturing finished in 45 secs, took 0.25 GiB
2026-02-02T01:01:52.5872128Z [0;36m(Worker_DP1_TP0_EP8 pid=1104)[0;0m INFO 02-02 01:01:52 [gpu_model_runner.py:4587] Graph capturing finished in 46 secs, took 0.25 GiB
2026-02-02T01:01:52.8899409Z [0;36m(EngineCore_DP0 pid=377)[0;0m INFO 02-02 01:01:52 [core.py:259] init engine (profile, create kv cache, warmup model) took 74.54 seconds
2026-02-02T01:01:53.2146998Z [0;36m(EngineCore_DP0 pid=377)[0;0m [2026-02-02 01:01:53] INFO tokenization_kimi.py:118: Reloaded tiktoken model from /root/.cache/modelscope/hub/models/vllm-ascend/Kimi-K2-Instruct-W8A8/tiktoken.model
2026-02-02T01:01:53.2154111Z [0;36m(EngineCore_DP0 pid=377)[0;0m [2026-02-02 01:01:53] INFO tokenization_kimi.py:124: #words: 163842 - BOS ID: 163584 - EOS ID: 163585
2026-02-02T01:01:53.5666100Z [0;36m(EngineCore_DP0 pid=377)[0;0m WARNING 02-02 01:01:53 [registry.py:204] Using a slow tokenizer. This might cause a significant slowdown. Consider using a fast tokenizer instead.
2026-02-02T01:01:53.6084971Z [0;36m(EngineCore_DP1 pid=848)[0;0m INFO 02-02 01:01:53 [core.py:259] init engine (profile, create kv cache, warmup model) took 74.81 seconds
2026-02-02T01:01:53.8928624Z [0;36m(EngineCore_DP1 pid=848)[0;0m [2026-02-02 01:01:53] INFO tokenization_kimi.py:118: Reloaded tiktoken model from /root/.cache/modelscope/hub/models/vllm-ascend/Kimi-K2-Instruct-W8A8/tiktoken.model
2026-02-02T01:01:53.8936678Z [0;36m(EngineCore_DP1 pid=848)[0;0m [2026-02-02 01:01:53] INFO tokenization_kimi.py:124: #words: 163842 - BOS ID: 163584 - EOS ID: 163585
2026-02-02T01:01:54.2330355Z [0;36m(EngineCore_DP1 pid=848)[0;0m WARNING 02-02 01:01:54 [registry.py:204] Using a slow tokenizer. This might cause a significant slowdown. Consider using a fast tokenizer instead.
2026-02-02T01:01:54.5415804Z INFO 02-02 01:01:54 [coordinator.py:191] All engine subscriptions received by DP coordinator
2026-02-02T01:01:54.5439122Z [0;36m(EngineCore_DP1 pid=848)[0;0m INFO 02-02 01:01:54 [ascend_config.py:55] Linear layer sharding enabled with config: None. Note: This feature works optimally with FLASHCOMM2 and DSA-CP enabled; using it without these features may result in significant performance degradation.
2026-02-02T01:01:54.5449404Z [0;36m(EngineCore_DP0 pid=377)[0;0m INFO 02-02 01:01:54 [ascend_config.py:55] Linear layer sharding enabled with config: None. Note: This feature works optimally with FLASHCOMM2 and DSA-CP enabled; using it without these features may result in significant performance degradation.
2026-02-02T01:01:54.5459066Z [0;36m(EngineCore_DP1 pid=848)[0;0m INFO 02-02 01:01:54 [platform.py:254] PIECEWISE compilation enabled on NPU. use_inductor not supported - using only ACL Graph mode
2026-02-02T01:01:54.5469166Z [0;36m(EngineCore_DP0 pid=377)[0;0m INFO 02-02 01:01:54 [platform.py:254] PIECEWISE compilation enabled on NPU. use_inductor not supported - using only ACL Graph mode
2026-02-02T01:01:54.5478420Z [0;36m(EngineCore_DP1 pid=848)[0;0m INFO 02-02 01:01:54 [utils.py:521] Calculated maximum supported batch sizes for ACL graph: 5
2026-02-02T01:01:54.5490891Z [0;36m(EngineCore_DP1 pid=848)[0;0m WARNING 02-02 01:01:54 [utils.py:524] Currently, communication is performed using FFTS+ method, which reduces the number of available streams and, as a result, limits the range of runtime shapes that can be handled. To both improve communication performance and increase the number of supported shapes, set HCCL_OP_EXPANSION_MODE=AIV.
2026-02-02T01:01:54.5498936Z [0;36m(EngineCore_DP1 pid=848)[0;0m INFO 02-02 01:01:54 [utils.py:554] No adjustment needed for ACL graph batch sizes: DeepseekV3ForCausalLM model (layers: 61) with 5 sizes
2026-02-02T01:01:54.5508493Z [0;36m(EngineCore_DP0 pid=377)[0;0m INFO 02-02 01:01:54 [utils.py:521] Calculated maximum supported batch sizes for ACL graph: 5
2026-02-02T01:01:54.5519552Z [0;36m(EngineCore_DP0 pid=377)[0;0m WARNING 02-02 01:01:54 [utils.py:524] Currently, communication is performed using FFTS+ method, which reduces the number of available streams and, as a result, limits the range of runtime shapes that can be handled. To both improve communication performance and increase the number of supported shapes, set HCCL_OP_EXPANSION_MODE=AIV.
2026-02-02T01:01:54.5528459Z [0;36m(EngineCore_DP0 pid=377)[0;0m INFO 02-02 01:01:54 [utils.py:554] No adjustment needed for ACL graph batch sizes: DeepseekV3ForCausalLM model (layers: 61) with 5 sizes
2026-02-02T01:01:55.1956802Z [0;36m(APIServer pid=135)[0;0m INFO 02-02 01:01:55 [api_server.py:1099] Supported tasks: ['generate']
2026-02-02T01:01:55.2040827Z [0;36m(APIServer pid=135)[0;0m INFO 02-02 01:01:55 [api_server.py:1425] Starting vLLM API server 0 on http://0.0.0.0:8080
2026-02-02T01:01:55.2049016Z [0;36m(APIServer pid=135)[0;0m INFO 02-02 01:01:55 [launcher.py:38] Available routes are:
2026-02-02T01:01:55.2058210Z [0;36m(APIServer pid=135)[0;0m INFO 02-02 01:01:55 [launcher.py:46] Route: /openapi.json, Methods: HEAD, GET
2026-02-02T01:01:55.2068368Z [0;36m(APIServer pid=135)[0;0m INFO 02-02 01:01:55 [launcher.py:46] Route: /docs, Methods: HEAD, GET
2026-02-02T01:01:55.2079642Z [0;36m(APIServer pid=135)[0;0m INFO 02-02 01:01:55 [launcher.py:46] Route: /docs/oauth2-redirect, Methods: HEAD, GET
2026-02-02T01:01:55.2090138Z [0;36m(APIServer pid=135)[0;0m INFO 02-02 01:01:55 [launcher.py:46] Route: /redoc, Methods: HEAD, GET
2026-02-02T01:01:55.2099313Z [0;36m(APIServer pid=135)[0;0m INFO 02-02 01:01:55 [launcher.py:46] Route: /scale_elastic_ep, Methods: POST
2026-02-02T01:01:55.2108826Z [0;36m(APIServer pid=135)[0;0m INFO 02-02 01:01:55 [launcher.py:46] Route: /is_scaling_elastic_ep, Methods: POST
2026-02-02T01:01:55.2118519Z [0;36m(APIServer pid=135)[0;0m INFO 02-02 01:01:55 [launcher.py:46] Route: /tokenize, Methods: POST
2026-02-02T01:01:55.2128382Z [0;36m(APIServer pid=135)[0;0m INFO 02-02 01:01:55 [launcher.py:46] Route: /detokenize, Methods: POST
2026-02-02T01:01:55.2138596Z [0;36m(APIServer pid=135)[0;0m INFO 02-02 01:01:55 [launcher.py:46] Route: /inference/v1/generate, Methods: POST
2026-02-02T01:01:55.2147949Z [0;36m(APIServer pid=135)[0;0m INFO 02-02 01:01:55 [launcher.py:46] Route: /pause, Methods: POST
2026-02-02T01:01:55.2157440Z [0;36m(APIServer pid=135)[0;0m INFO 02-02 01:01:55 [launcher.py:46] Route: /resume, Methods: POST
2026-02-02T01:01:55.2198012Z [0;36m(APIServer pid=135)[0;0m INFO 02-02 01:01:55 [launcher.py:46] Route: /is_paused, Methods: GET
2026-02-02T01:01:55.2198571Z [0;36m(APIServer pid=135)[0;0m INFO 02-02 01:01:55 [launcher.py:46] Route: /metrics, Methods: GET
2026-02-02T01:01:55.2199112Z [0;36m(APIServer pid=135)[0;0m INFO 02-02 01:01:55 [launcher.py:46] Route: /health, Methods: GET
2026-02-02T01:01:55.2199652Z [0;36m(APIServer pid=135)[0;0m INFO 02-02 01:01:55 [launcher.py:46] Route: /load, Methods: GET
2026-02-02T01:01:55.2204597Z [0;36m(APIServer pid=135)[0;0m INFO 02-02 01:01:55 [launcher.py:46] Route: /v1/models, Methods: GET
2026-02-02T01:01:55.2214003Z [0;36m(APIServer pid=135)[0;0m INFO 02-02 01:01:55 [launcher.py:46] Route: /version, Methods: GET
2026-02-02T01:01:55.2223785Z [0;36m(APIServer pid=135)[0;0m INFO 02-02 01:01:55 [launcher.py:46] Route: /v1/responses, Methods: POST
2026-02-02T01:01:55.2233757Z [0;36m(APIServer pid=135)[0;0m INFO 02-02 01:01:55 [launcher.py:46] Route: /v1/responses/{response_id}, Methods: GET
2026-02-02T01:01:55.2244303Z [0;36m(APIServer pid=135)[0;0m INFO 02-02 01:01:55 [launcher.py:46] Route: /v1/responses/{response_id}/cancel, Methods: POST
2026-02-02T01:01:55.2253838Z [0;36m(APIServer pid=135)[0;0m INFO 02-02 01:01:55 [launcher.py:46] Route: /v1/messages, Methods: POST
2026-02-02T01:01:55.2263808Z [0;36m(APIServer pid=135)[0;0m INFO 02-02 01:01:55 [launcher.py:46] Route: /v1/chat/completions, Methods: POST
2026-02-02T01:01:55.2274775Z [0;36m(APIServer pid=135)[0;0m INFO 02-02 01:01:55 [launcher.py:46] Route: /v1/completions, Methods: POST
2026-02-02T01:01:55.2282940Z [0;36m(APIServer pid=135)[0;0m INFO 02-02 01:01:55 [launcher.py:46] Route: /v1/audio/transcriptions, Methods: POST
2026-02-02T01:01:55.2292522Z [0;36m(APIServer pid=135)[0;0m INFO 02-02 01:01:55 [launcher.py:46] Route: /v1/audio/translations, Methods: POST
2026-02-02T01:01:55.2301621Z [0;36m(APIServer pid=135)[0;0m INFO 02-02 01:01:55 [launcher.py:46] Route: /ping, Methods: GET
2026-02-02T01:01:55.2310986Z [0;36m(APIServer pid=135)[0;0m INFO 02-02 01:01:55 [launcher.py:46] Route: /ping, Methods: POST
2026-02-02T01:01:55.2320736Z [0;36m(APIServer pid=135)[0;0m INFO 02-02 01:01:55 [launcher.py:46] Route: /invocations, Methods: POST
2026-02-02T01:01:55.2330351Z [0;36m(APIServer pid=135)[0;0m INFO 02-02 01:01:55 [launcher.py:46] Route: /classify, Methods: POST
2026-02-02T01:01:55.2339937Z [0;36m(APIServer pid=135)[0;0m INFO 02-02 01:01:55 [launcher.py:46] Route: /v1/embeddings, Methods: POST
2026-02-02T01:01:55.2353120Z [0;36m(APIServer pid=135)[0;0m INFO 02-02 01:01:55 [launcher.py:46] Route: /score, Methods: POST
2026-02-02T01:01:55.2361220Z [0;36m(APIServer pid=135)[0;0m INFO 02-02 01:01:55 [launcher.py:46] Route: /v1/score, Methods: POST
2026-02-02T01:01:55.2369504Z [0;36m(APIServer pid=135)[0;0m INFO 02-02 01:01:55 [launcher.py:46] Route: /rerank, Methods: POST
2026-02-02T01:01:55.2378864Z [0;36m(APIServer pid=135)[0;0m INFO 02-02 01:01:55 [launcher.py:46] Route: /v1/rerank, Methods: POST
2026-02-02T01:01:55.2389291Z [0;36m(APIServer pid=135)[0;0m INFO 02-02 01:01:55 [launcher.py:46] Route: /v2/rerank, Methods: POST
2026-02-02T01:01:55.2398403Z [0;36m(APIServer pid=135)[0;0m INFO 02-02 01:01:55 [launcher.py:46] Route: /pooling, Methods: POST
2026-02-02T01:01:55.2409916Z [0;36m(APIServer pid=135)[0;0m WARNING 02-02 01:01:55 [warnings.py:110] /usr/local/python3.11.14/lib/python3.11/site-packages/websockets/legacy/__init__.py:6: DeprecationWarning: websockets.legacy is deprecated; see https://websockets.readthedocs.io/en/stable/howto/upgrade.html for upgrade instructions
2026-02-02T01:01:55.2494675Z [0;36m(APIServer pid=135)[0;0m WARNING 02-02 01:01:55 [warnings.py:110] /usr/local/python3.11.14/lib/python3.11/site-packages/uvicorn/protocols/websockets/websockets_impl.py:17: DeprecationWarning: websockets.server.WebSocketServerProtocol is deprecated
2026-02-02T01:01:55.2571668Z [0;36m(APIServer pid=135)[0;0m INFO:     Started server process [135]
2026-02-02T01:01:55.2584524Z [0;36m(APIServer pid=135)[0;0m INFO:     Waiting for application startup.
2026-02-02T01:01:55.5465545Z [0;36m(APIServer pid=135)[0;0m INFO:     Application startup complete.
2026-02-02T01:01:59.7530517Z [0;36m(APIServer pid=135)[0;0m INFO:     10.0.0.183:56218 - "GET /health HTTP/1.1" 200 OK
2026-02-02T01:01:59.7611736Z [0;36m(APIServer pid=135)[0;0m INFO:     10.0.0.183:56220 - "GET /health HTTP/1.1" 200 OK
2026-02-02T01:01:59.8279949Z [0;36m(APIServer pid=135)[0;0m INFO:     10.0.0.200:42468 - "GET /health HTTP/1.1" 200 OK
2026-02-02T01:01:59.8306765Z [2026-02-02 01:01:59] INFO conftest.py:256: [READY] Node 10.0.0.200 is ready.
2026-02-02T01:01:59.8718730Z 2026-02-02 01:01:59,870 - modelscope - WARNING - We can not confirm the cached file is for revision: master
2026-02-02T01:01:59.9078804Z 2026-02-02 01:01:59,906 - modelscope - WARNING - We can not confirm the cached file is for revision: master
2026-02-02T01:02:04.7642919Z [0;36m(APIServer pid=135)[0;0m INFO:     10.0.0.183:56230 - "GET /health HTTP/1.1" 200 OK
2026-02-02T01:02:09.7680144Z [0;36m(APIServer pid=135)[0;0m INFO:     10.0.0.183:39626 - "GET /health HTTP/1.1" 200 OK
2026-02-02T01:02:14.5555479Z [0;36m(APIServer pid=135)[0;0m You are using a model of type kimi_k2 to instantiate a model of type deepseek_v3. This is not supported for all configurations of models and can yield errors.
2026-02-02T01:02:14.8235180Z [0;36m(APIServer pid=135)[0;0m [2026-02-02 01:02:14] INFO tokenization_kimi.py:118: Reloaded tiktoken model from /root/.cache/modelscope/hub/models/vllm-ascend/Kimi-K2-Instruct-W8A8/tiktoken.model
2026-02-02T01:02:14.8243917Z [0;36m(APIServer pid=135)[0;0m [2026-02-02 01:02:14] INFO tokenization_kimi.py:124: #words: 163842 - BOS ID: 163584 - EOS ID: 163585
2026-02-02T01:02:15.1806820Z [0;36m(APIServer pid=135)[0;0m INFO 02-02 01:02:15 [chat_utils.py:590] Detected the chat template content format to be 'openai'. You can set `--chat-template-content-format` to override this.
2026-02-02T01:02:15.1957809Z [0;36m(APIServer pid=135)[0;0m WARNING 02-02 01:02:15 [warnings.py:110] /vllm-workspace/vllm/vllm/entrypoints/openai/serving_engine.py:1013: DeprecationWarning: max_tokens is deprecated in favor of the max_completion_tokens field
2026-02-02T01:02:15.1974922Z [0;36m(APIServer pid=135)[0;0m WARNING 02-02 01:02:15 [warnings.py:110] /vllm-workspace/vllm/vllm/entrypoints/utils.py:212: DeprecationWarning: max_tokens is deprecated in favor of the max_completion_tokens field
2026-02-02T01:02:15.3090369Z [0;36m(APIServer pid=135)[0;0m INFO:     10.0.0.183:39642 - "GET /health HTTP/1.1" 200 OK
2026-02-02T01:02:16.0799612Z [rank2]:[W202 01:02:16.027052206 compiler_depend.ts:4658] Warning: The current allgather operator has a defect in handling different tensor shape,         the work event forces a wait operation, and the allgather wait on the python side would be fake (function operator())
2026-02-02T01:02:16.0819946Z [rank5]:[W202 01:02:16.027109226 compiler_depend.ts:4658] Warning: The current allgather operator has a defect in handling different tensor shape,         the work event forces a wait operation, and the allgather wait on the python side would be fake (function operator())
2026-02-02T01:02:16.0831203Z [rank14]:[W202 01:02:16.027304678 compiler_depend.ts:4658] Warning: The current allgather operator has a defect in handling different tensor shape,         the work event forces a wait operation, and the allgather wait on the python side would be fake (function operator())
2026-02-02T01:02:16.0841774Z [rank7]:[W202 01:02:16.027314398 compiler_depend.ts:4658] Warning: The current allgather operator has a defect in handling different tensor shape,         the work event forces a wait operation, and the allgather wait on the python side would be fake (function operator())
2026-02-02T01:02:16.0853011Z [rank1]:[W202 01:02:16.027312708 compiler_depend.ts:4658] Warning: The current allgather operator has a defect in handling different tensor shape,         the work event forces a wait operation, and the allgather wait on the python side would be fake (function operator())
2026-02-02T01:02:16.0863329Z [rank11]:[W202 01:02:16.027336698 compiler_depend.ts:4658] Warning: The current allgather operator has a defect in handling different tensor shape,         the work event forces a wait operation, and the allgather wait on the python side would be fake (function operator())
2026-02-02T01:02:16.0873723Z [rank15]:[W202 01:02:16.027353308 compiler_depend.ts:4658] Warning: The current allgather operator has a defect in handling different tensor shape,         the work event forces a wait operation, and the allgather wait on the python side would be fake (function operator())
2026-02-02T01:02:16.0885234Z [rank0]:[W202 01:02:16.027377008 compiler_depend.ts:4658] Warning: The current allgather operator has a defect in handling different tensor shape,         the work event forces a wait operation, and the allgather wait on the python side would be fake (function operator())
2026-02-02T01:02:16.0895789Z [rank4]:[W202 01:02:16.027384418 compiler_depend.ts:4658] Warning: The current allgather operator has a defect in handling different tensor shape,         the work event forces a wait operation, and the allgather wait on the python side would be fake (function operator())
2026-02-02T01:02:16.0906899Z [rank13]:[W202 01:02:16.027448749 compiler_depend.ts:4658] Warning: The current allgather operator has a defect in handling different tensor shape,         the work event forces a wait operation, and the allgather wait on the python side would be fake (function operator())
2026-02-02T01:02:16.0917136Z [rank12]:[W202 01:02:16.027531639 compiler_depend.ts:4658] Warning: The current allgather operator has a defect in handling different tensor shape,         the work event forces a wait operation, and the allgather wait on the python side would be fake (function operator())
2026-02-02T01:02:16.0928151Z [rank9]:[W202 01:02:16.027807231 compiler_depend.ts:4658] Warning: The current allgather operator has a defect in handling different tensor shape,         the work event forces a wait operation, and the allgather wait on the python side would be fake (function operator())
2026-02-02T01:02:16.0938101Z [rank10]:[W202 01:02:16.027818411 compiler_depend.ts:4658] Warning: The current allgather operator has a defect in handling different tensor shape,         the work event forces a wait operation, and the allgather wait on the python side would be fake (function operator())
2026-02-02T01:02:16.0949350Z [rank8]:[W202 01:02:16.027930352 compiler_depend.ts:4658] Warning: The current allgather operator has a defect in handling different tensor shape,         the work event forces a wait operation, and the allgather wait on the python side would be fake (function operator())
2026-02-02T01:02:16.0959323Z [rank6]:[W202 01:02:16.028034393 compiler_depend.ts:4658] Warning: The current allgather operator has a defect in handling different tensor shape,         the work event forces a wait operation, and the allgather wait on the python side would be fake (function operator())
2026-02-02T01:02:16.0979376Z [rank3]:[W202 01:02:16.028134813 compiler_depend.ts:4658] Warning: The current allgather operator has a defect in handling different tensor shape,         the work event forces a wait operation, and the allgather wait on the python side would be fake (function operator())
2026-02-02T01:02:16.7239684Z [0;36m(Worker_DP0_TP0_EP0 pid=1105)[0;0m INFO 02-02 01:02:16 [acl_graph.py:194] Replaying aclgraph
2026-02-02T01:02:16.7250604Z [0;36m(Worker_DP1_TP0_EP8 pid=1104)[0;0m INFO 02-02 01:02:16 [acl_graph.py:194] Replaying aclgraph
2026-02-02T01:02:16.7261424Z [0;36m(Worker_DP0_TP3_EP3 pid=2672)[0;0m INFO 02-02 01:02:16 [acl_graph.py:194] Replaying aclgraph
2026-02-02T01:02:16.7270595Z [0;36m(Worker_DP1_TP3_EP11 pid=2673)[0;0m INFO 02-02 01:02:16 [acl_graph.py:194] Replaying aclgraph
2026-02-02T01:02:16.7281011Z [0;36m(Worker_DP1_TP1_EP9 pid=1574)[0;0m INFO 02-02 01:02:16 [acl_graph.py:194] Replaying aclgraph
2026-02-02T01:02:16.7290358Z [0;36m(Worker_DP1_TP6_EP14 pid=4337)[0;0m INFO 02-02 01:02:16 [acl_graph.py:194] Replaying aclgraph
2026-02-02T01:02:16.7299970Z [0;36m(Worker_DP1_TP2_EP10 pid=2118)[0;0m INFO 02-02 01:02:16 [acl_graph.py:194] Replaying aclgraph
2026-02-02T01:02:16.7309157Z [0;36m(Worker_DP0_TP2_EP2 pid=2121)[0;0m INFO 02-02 01:02:16 [acl_graph.py:194] Replaying aclgraph
2026-02-02T01:02:16.7319204Z [0;36m(Worker_DP0_TP1_EP1 pid=1575)[0;0m INFO 02-02 01:02:16 [acl_graph.py:194] Replaying aclgraph
2026-02-02T01:02:16.7328331Z [0;36m(Worker_DP1_TP5_EP13 pid=3784)[0;0m INFO 02-02 01:02:16 [acl_graph.py:194] Replaying aclgraph
2026-02-02T01:02:16.7338399Z [0;36m(Worker_DP1_TP7_EP15 pid=4891)[0;0m INFO 02-02 01:02:16 [acl_graph.py:194] Replaying aclgraph
2026-02-02T01:02:16.7348356Z [0;36m(Worker_DP0_TP5_EP5 pid=3780)[0;0m INFO 02-02 01:02:16 [acl_graph.py:194] Replaying aclgraph
2026-02-02T01:02:16.7360728Z [0;36m(Worker_DP0_TP7_EP7 pid=4888)[0;0m INFO 02-02 01:02:16 [acl_graph.py:194] Replaying aclgraph
2026-02-02T01:02:16.7370885Z [0;36m(Worker_DP0_TP4_EP4 pid=3226)[0;0m INFO 02-02 01:02:16 [acl_graph.py:194] Replaying aclgraph
2026-02-02T01:02:16.7379987Z [0;36m(Worker_DP1_TP4_EP12 pid=3227)[0;0m INFO 02-02 01:02:16 [acl_graph.py:194] Replaying aclgraph
2026-02-02T01:02:16.7392258Z [0;36m(Worker_DP0_TP6_EP6 pid=4334)[0;0m INFO 02-02 01:02:16 [acl_graph.py:194] Replaying aclgraph
2026-02-02T01:02:20.3117342Z [0;36m(APIServer pid=135)[0;0m INFO:     10.0.0.183:36964 - "GET /health HTTP/1.1" 200 OK
2026-02-02T01:02:25.3193911Z [0;36m(APIServer pid=135)[0;0m INFO:     10.0.0.183:36978 - "GET /health HTTP/1.1" 200 OK
2026-02-02T01:02:25.5475410Z [0;36m(APIServer pid=135)[0;0m INFO 02-02 01:02:25 [loggers.py:248] Engine 000: Avg prompt throughput: 105.4 tokens/s, Avg generation throughput: 60.1 tokens/s, Running: 8 reqs, Waiting: 0 reqs, GPU KV cache usage: 0.8%, Prefix cache hit rate: 0.0%
2026-02-02T01:02:25.5483210Z [0;36m(APIServer pid=135)[0;0m INFO 02-02 01:02:25 [loggers.py:248] Engine 001: Avg prompt throughput: 94.3 tokens/s, Avg generation throughput: 60.1 tokens/s, Running: 8 reqs, Waiting: 0 reqs, GPU KV cache usage: 0.8%, Prefix cache hit rate: 0.0%
2026-02-02T01:02:25.5495425Z [0;36m(APIServer pid=135)[0;0m INFO 02-02 01:02:25 [loggers.py:248] Engine 002: Avg prompt throughput: 90.4 tokens/s, Avg generation throughput: 60.0 tokens/s, Running: 8 reqs, Waiting: 0 reqs, GPU KV cache usage: 0.8%, Prefix cache hit rate: 0.0%
2026-02-02T01:02:25.5506776Z [0;36m(APIServer pid=135)[0;0m INFO 02-02 01:02:25 [loggers.py:248] Engine 003: Avg prompt throughput: 99.1 tokens/s, Avg generation throughput: 60.0 tokens/s, Running: 8 reqs, Waiting: 0 reqs, GPU KV cache usage: 0.8%, Prefix cache hit rate: 0.0%
2026-02-02T01:02:25.8771526Z [0;36m(APIServer pid=135)[0;0m INFO:     10.0.0.200:48394 - "POST /v1/chat/completions HTTP/1.1" 200 OK
2026-02-02T01:02:27.4040097Z [0;36m(APIServer pid=135)[0;0m INFO:     10.0.0.200:48334 - "POST /v1/chat/completions HTTP/1.1" 200 OK
2026-02-02T01:02:27.7449204Z [0;36m(APIServer pid=135)[0;0m INFO:     10.0.0.200:48412 - "POST /v1/chat/completions HTTP/1.1" 200 OK
2026-02-02T01:02:28.1616711Z [0;36m(APIServer pid=135)[0;0m INFO:     10.0.0.200:48506 - "POST /v1/chat/completions HTTP/1.1" 200 OK
2026-02-02T01:02:28.5790088Z [0;36m(APIServer pid=135)[0;0m INFO:     10.0.0.200:48250 - "POST /v1/chat/completions HTTP/1.1" 200 OK
2026-02-02T01:02:29.0772850Z [0;36m(APIServer pid=135)[0;0m INFO:     10.0.0.200:48232 - "POST /v1/chat/completions HTTP/1.1" 200 OK
2026-02-02T01:02:29.6274522Z [0;36m(APIServer pid=135)[0;0m INFO:     10.0.0.200:48462 - "POST /v1/chat/completions HTTP/1.1" 200 OK
2026-02-02T01:02:30.3256510Z [0;36m(APIServer pid=135)[0;0m INFO:     10.0.0.183:57612 - "GET /health HTTP/1.1" 200 OK
2026-02-02T01:02:30.4290509Z [0;36m(APIServer pid=135)[0;0m INFO:     10.0.0.200:48542 - "POST /v1/chat/completions HTTP/1.1" 200 OK
2026-02-02T01:02:30.5650393Z [0;36m(APIServer pid=135)[0;0m INFO:     10.0.0.200:48438 - "POST /v1/chat/completions HTTP/1.1" 200 OK
2026-02-02T01:02:30.6794708Z [0;36m(APIServer pid=135)[0;0m INFO:     10.0.0.200:48534 - "POST /v1/chat/completions HTTP/1.1" 200 OK
2026-02-02T01:02:31.3191246Z [0;36m(APIServer pid=135)[0;0m INFO:     10.0.0.200:48446 - "POST /v1/chat/completions HTTP/1.1" 200 OK
2026-02-02T01:02:32.1186198Z [0;36m(APIServer pid=135)[0;0m INFO:     10.0.0.200:48224 - "POST /v1/chat/completions HTTP/1.1" 200 OK
2026-02-02T01:02:32.3213706Z [0;36m(APIServer pid=135)[0;0m INFO:     10.0.0.200:48288 - "POST /v1/chat/completions HTTP/1.1" 200 OK
2026-02-02T01:02:32.4212386Z [0;36m(APIServer pid=135)[0;0m INFO:     10.0.0.200:48478 - "POST /v1/chat/completions HTTP/1.1" 200 OK
2026-02-02T01:02:32.6484291Z [0;36m(APIServer pid=135)[0;0m INFO:     10.0.0.200:48556 - "POST /v1/chat/completions HTTP/1.1" 200 OK
2026-02-02T01:02:32.9351137Z [0;36m(APIServer pid=135)[0;0m INFO:     10.0.0.200:48330 - "POST /v1/chat/completions HTTP/1.1" 200 OK
2026-02-02T01:02:32.9360689Z [0;36m(APIServer pid=135)[0;0m INFO:     10.0.0.200:48372 - "POST /v1/chat/completions HTTP/1.1" 200 OK
2026-02-02T01:02:34.1917209Z [0;36m(APIServer pid=135)[0;0m INFO:     10.0.0.200:48260 - "POST /v1/chat/completions HTTP/1.1" 200 OK
2026-02-02T01:02:34.5444411Z [0;36m(APIServer pid=135)[0;0m INFO:     10.0.0.200:48522 - "POST /v1/chat/completions HTTP/1.1" 200 OK
2026-02-02T01:02:34.8579256Z [0;36m(APIServer pid=135)[0;0m INFO:     10.0.0.200:48492 - "POST /v1/chat/completions HTTP/1.1" 200 OK
2026-02-02T01:02:35.3275725Z [0;36m(APIServer pid=135)[0;0m INFO:     10.0.0.183:57624 - "GET /health HTTP/1.1" 200 OK
2026-02-02T01:02:35.5469435Z [0;36m(APIServer pid=135)[0;0m INFO 02-02 01:02:35 [loggers.py:248] Engine 000: Avg prompt throughput: 0.0 tokens/s, Avg generation throughput: 53.7 tokens/s, Running: 3 reqs, Waiting: 0 reqs, GPU KV cache usage: 0.4%, Prefix cache hit rate: 0.0%
2026-02-02T01:02:35.5478056Z [0;36m(APIServer pid=135)[0;0m INFO 02-02 01:02:35 [loggers.py:248] Engine 001: Avg prompt throughput: 0.0 tokens/s, Avg generation throughput: 58.2 tokens/s, Running: 4 reqs, Waiting: 0 reqs, GPU KV cache usage: 0.6%, Prefix cache hit rate: 0.0%
2026-02-02T01:02:35.5488001Z [0;36m(APIServer pid=135)[0;0m INFO 02-02 01:02:35 [loggers.py:248] Engine 002: Avg prompt throughput: 0.0 tokens/s, Avg generation throughput: 49.2 tokens/s, Running: 2 reqs, Waiting: 0 reqs, GPU KV cache usage: 0.3%, Prefix cache hit rate: 0.0%
2026-02-02T01:02:35.5498627Z [0;36m(APIServer pid=135)[0;0m INFO 02-02 01:02:35 [loggers.py:248] Engine 003: Avg prompt throughput: 0.0 tokens/s, Avg generation throughput: 51.5 tokens/s, Running: 3 reqs, Waiting: 0 reqs, GPU KV cache usage: 0.4%, Prefix cache hit rate: 0.0%
2026-02-02T01:02:35.5882763Z [0;36m(APIServer pid=135)[0;0m INFO:     10.0.0.200:48316 - "POST /v1/chat/completions HTTP/1.1" 200 OK
2026-02-02T01:02:36.5890201Z [0;36m(APIServer pid=135)[0;0m INFO:     10.0.0.200:48398 - "POST /v1/chat/completions HTTP/1.1" 200 OK
2026-02-02T01:02:36.6960931Z [0;36m(APIServer pid=135)[0;0m INFO:     10.0.0.200:48546 - "POST /v1/chat/completions HTTP/1.1" 200 OK
2026-02-02T01:02:38.3473341Z [0;36m(APIServer pid=135)[0;0m INFO:     10.0.0.200:48350 - "POST /v1/chat/completions HTTP/1.1" 200 OK
2026-02-02T01:02:38.7064136Z [0;36m(APIServer pid=135)[0;0m INFO:     10.0.0.200:48248 - "POST /v1/chat/completions HTTP/1.1" 200 OK
2026-02-02T01:02:39.6347669Z [0;36m(APIServer pid=135)[0;0m INFO:     10.0.0.200:48378 - "POST /v1/chat/completions HTTP/1.1" 200 OK
2026-02-02T01:02:40.3241252Z [0;36m(APIServer pid=135)[0;0m INFO:     10.0.0.183:47428 - "GET /health HTTP/1.1" 200 OK
2026-02-02T01:02:42.4668148Z [0;36m(APIServer pid=135)[0;0m INFO:     10.0.0.200:48362 - "POST /v1/chat/completions HTTP/1.1" 200 OK
2026-02-02T01:02:42.5847011Z [0;36m(APIServer pid=135)[0;0m INFO:     10.0.0.200:48276 - "POST /v1/chat/completions HTTP/1.1" 200 OK
2026-02-02T01:02:44.2797637Z [0;36m(APIServer pid=135)[0;0m INFO:     10.0.0.200:48418 - "POST /v1/chat/completions HTTP/1.1" 200 OK
2026-02-02T01:02:45.3274895Z [0;36m(APIServer pid=135)[0;0m INFO:     10.0.0.183:47438 - "GET /health HTTP/1.1" 200 OK
2026-02-02T01:02:45.5474749Z [0;36m(APIServer pid=135)[0;0m INFO 02-02 01:02:45 [loggers.py:248] Engine 000: Avg prompt throughput: 0.0 tokens/s, Avg generation throughput: 21.4 tokens/s, Running: 2 reqs, Waiting: 0 reqs, GPU KV cache usage: 0.4%, Prefix cache hit rate: 0.0%
2026-02-02T01:02:45.5485207Z [0;36m(APIServer pid=135)[0;0m INFO 02-02 01:02:45 [loggers.py:248] Engine 001: Avg prompt throughput: 0.0 tokens/s, Avg generation throughput: 14.0 tokens/s, Running: 0 reqs, Waiting: 0 reqs, GPU KV cache usage: 0.0%, Prefix cache hit rate: 0.0%
2026-02-02T01:02:45.5496665Z [0;36m(APIServer pid=135)[0;0m INFO 02-02 01:02:45 [loggers.py:248] Engine 002: Avg prompt throughput: 0.0 tokens/s, Avg generation throughput: 4.0 tokens/s, Running: 0 reqs, Waiting: 0 reqs, GPU KV cache usage: 0.0%, Prefix cache hit rate: 0.0%
2026-02-02T01:02:45.5507781Z [0;36m(APIServer pid=135)[0;0m INFO 02-02 01:02:45 [loggers.py:248] Engine 003: Avg prompt throughput: 0.0 tokens/s, Avg generation throughput: 21.3 tokens/s, Running: 1 reqs, Waiting: 0 reqs, GPU KV cache usage: 0.2%, Prefix cache hit rate: 0.0%
2026-02-02T01:02:46.4440625Z [0;36m(APIServer pid=135)[0;0m INFO:     10.0.0.200:48298 - "POST /v1/chat/completions HTTP/1.1" 200 OK
2026-02-02T01:02:50.3307886Z [0;36m(APIServer pid=135)[0;0m INFO:     10.0.0.183:58998 - "GET /health HTTP/1.1" 200 OK
2026-02-02T01:02:55.3335825Z [0;36m(APIServer pid=135)[0;0m INFO:     10.0.0.183:59012 - "GET /health HTTP/1.1" 200 OK
2026-02-02T01:02:55.5484786Z [0;36m(APIServer pid=135)[0;0m INFO 02-02 01:02:55 [loggers.py:248] Engine 000: Avg prompt throughput: 0.0 tokens/s, Avg generation throughput: 20.2 tokens/s, Running: 2 reqs, Waiting: 0 reqs, GPU KV cache usage: 0.4%, Prefix cache hit rate: 0.0%
2026-02-02T01:02:55.5497417Z [0;36m(APIServer pid=135)[0;0m INFO 02-02 01:02:55 [loggers.py:248] Engine 001: Avg prompt throughput: 0.0 tokens/s, Avg generation throughput: 0.0 tokens/s, Running: 0 reqs, Waiting: 0 reqs, GPU KV cache usage: 0.0%, Prefix cache hit rate: 0.0%
2026-02-02T01:02:55.5507353Z [0;36m(APIServer pid=135)[0;0m INFO 02-02 01:02:55 [loggers.py:248] Engine 002: Avg prompt throughput: 0.0 tokens/s, Avg generation throughput: 0.0 tokens/s, Running: 0 reqs, Waiting: 0 reqs, GPU KV cache usage: 0.0%, Prefix cache hit rate: 0.0%
2026-02-02T01:02:55.5518324Z [0;36m(APIServer pid=135)[0;0m INFO 02-02 01:02:55 [loggers.py:248] Engine 003: Avg prompt throughput: 0.0 tokens/s, Avg generation throughput: 0.9 tokens/s, Running: 0 reqs, Waiting: 0 reqs, GPU KV cache usage: 0.0%, Prefix cache hit rate: 0.0%
2026-02-02T01:02:57.7608008Z [0;36m(APIServer pid=135)[0;0m INFO:     10.0.0.200:48304 - "POST /v1/chat/completions HTTP/1.1" 200 OK
2026-02-02T01:03:00.3361250Z [0;36m(APIServer pid=135)[0;0m INFO:     10.0.0.183:45456 - "GET /health HTTP/1.1" 200 OK
2026-02-02T01:03:02.3894750Z [0;36m(APIServer pid=135)[0;0m INFO:     10.0.0.200:48430 - "POST /v1/chat/completions HTTP/1.1" 200 OK
2026-02-02T01:03:05.3390330Z [0;36m(APIServer pid=135)[0;0m INFO:     10.0.0.183:45462 - "GET /health HTTP/1.1" 200 OK
2026-02-02T01:03:05.5484650Z [0;36m(APIServer pid=135)[0;0m INFO 02-02 01:03:05 [loggers.py:248] Engine 000: Avg prompt throughput: 0.0 tokens/s, Avg generation throughput: 9.3 tokens/s, Running: 0 reqs, Waiting: 0 reqs, GPU KV cache usage: 0.0%, Prefix cache hit rate: 0.0%
2026-02-02T01:03:05.5492828Z [0;36m(APIServer pid=135)[0;0m INFO 02-02 01:03:05 [loggers.py:248] Engine 003: Avg prompt throughput: 0.0 tokens/s, Avg generation throughput: 0.0 tokens/s, Running: 0 reqs, Waiting: 0 reqs, GPU KV cache usage: 0.0%, Prefix cache hit rate: 0.0%
2026-02-02T01:03:10.3423430Z [0;36m(APIServer pid=135)[0;0m INFO:     10.0.0.183:39384 - "GET /health HTTP/1.1" 200 OK
2026-02-02T01:03:15.3458558Z [0;36m(APIServer pid=135)[0;0m INFO:     10.0.0.183:39392 - "GET /health HTTP/1.1" 200 OK
2026-02-02T01:03:15.5481039Z [0;36m(APIServer pid=135)[0;0m INFO 02-02 01:03:15 [loggers.py:248] Engine 000: Avg prompt throughput: 0.0 tokens/s, Avg generation throughput: 0.0 tokens/s, Running: 0 reqs, Waiting: 0 reqs, GPU KV cache usage: 0.0%, Prefix cache hit rate: 0.0%
2026-02-02T01:03:15.6136623Z 2026-02-02 01:03:15,611 - modelscope - WARNING - We can not confirm the cached file is for revision: master
2026-02-02T01:03:15.6349669Z 2026-02-02 01:03:15,632 - modelscope - WARNING - We can not confirm the cached file is for revision: master
2026-02-02T01:03:20.3492427Z [0;36m(APIServer pid=135)[0;0m INFO:     10.0.0.183:58840 - "GET /health HTTP/1.1" 200 OK
2026-02-02T01:03:25.3526485Z [0;36m(APIServer pid=135)[0;0m INFO:     10.0.0.183:58848 - "GET /health HTTP/1.1" 200 OK
2026-02-02T01:03:26.9889655Z [0;36m(APIServer pid=135)[0;0m INFO:     10.0.0.200:52364 - "POST /v1/chat/completions HTTP/1.1" 200 OK
2026-02-02T01:03:26.9919094Z [0;36m(APIServer pid=135)[0;0m INFO:     10.0.0.200:52376 - "POST /v1/chat/completions HTTP/1.1" 200 OK
2026-02-02T01:03:26.9932481Z [0;36m(APIServer pid=135)[0;0m INFO:     10.0.0.200:52384 - "POST /v1/chat/completions HTTP/1.1" 200 OK
2026-02-02T01:03:27.0079488Z [0;36m(APIServer pid=135)[0;0m INFO:     10.0.0.200:52392 - "POST /v1/chat/completions HTTP/1.1" 200 OK
2026-02-02T01:03:27.0087890Z [0;36m(APIServer pid=135)[0;0m INFO:     10.0.0.200:52394 - "POST /v1/chat/completions HTTP/1.1" 200 OK
2026-02-02T01:03:27.0316980Z [0;36m(APIServer pid=135)[0;0m INFO:     10.0.0.200:52402 - "POST /v1/chat/completions HTTP/1.1" 200 OK
2026-02-02T01:03:27.0339128Z [0;36m(APIServer pid=135)[0;0m INFO:     10.0.0.200:52418 - "POST /v1/chat/completions HTTP/1.1" 200 OK
2026-02-02T01:03:27.0741653Z [0;36m(APIServer pid=135)[0;0m INFO:     10.0.0.200:52428 - "POST /v1/chat/completions HTTP/1.1" 200 OK
2026-02-02T01:03:27.1642164Z [0;36m(APIServer pid=135)[0;0m INFO:     10.0.0.200:52444 - "POST /v1/chat/completions HTTP/1.1" 200 OK
2026-02-02T01:03:27.2559324Z [0;36m(APIServer pid=135)[0;0m INFO:     10.0.0.200:52458 - "POST /v1/chat/completions HTTP/1.1" 200 OK
2026-02-02T01:03:27.3424361Z [0;36m(APIServer pid=135)[0;0m INFO:     10.0.0.200:52464 - "POST /v1/chat/completions HTTP/1.1" 200 OK
2026-02-02T01:03:27.4302377Z [0;36m(APIServer pid=135)[0;0m INFO:     10.0.0.200:52478 - "POST /v1/chat/completions HTTP/1.1" 200 OK
2026-02-02T01:03:27.5204819Z [0;36m(APIServer pid=135)[0;0m INFO:     10.0.0.200:52480 - "POST /v1/chat/completions HTTP/1.1" 200 OK
2026-02-02T01:03:27.6099545Z [0;36m(APIServer pid=135)[0;0m INFO:     10.0.0.200:52490 - "POST /v1/chat/completions HTTP/1.1" 200 OK
2026-02-02T01:03:27.6988646Z [0;36m(APIServer pid=135)[0;0m INFO:     10.0.0.200:52506 - "POST /v1/chat/completions HTTP/1.1" 200 OK
2026-02-02T01:03:27.7894213Z [0;36m(APIServer pid=135)[0;0m INFO:     10.0.0.200:52514 - "POST /v1/chat/completions HTTP/1.1" 200 OK
2026-02-02T01:03:27.8788202Z [0;36m(APIServer pid=135)[0;0m INFO:     10.0.0.200:52522 - "POST /v1/chat/completions HTTP/1.1" 200 OK
2026-02-02T01:03:27.9654327Z [0;36m(APIServer pid=135)[0;0m INFO:     10.0.0.200:52532 - "POST /v1/chat/completions HTTP/1.1" 200 OK
2026-02-02T01:03:28.0548196Z [0;36m(APIServer pid=135)[0;0m INFO:     10.0.0.200:52546 - "POST /v1/chat/completions HTTP/1.1" 200 OK
2026-02-02T01:03:28.1448291Z [0;36m(APIServer pid=135)[0;0m INFO:     10.0.0.200:52560 - "POST /v1/chat/completions HTTP/1.1" 200 OK
2026-02-02T01:03:28.2338913Z [0;36m(APIServer pid=135)[0;0m INFO:     10.0.0.200:52574 - "POST /v1/chat/completions HTTP/1.1" 200 OK
2026-02-02T01:03:28.3228303Z [0;36m(APIServer pid=135)[0;0m INFO:     10.0.0.200:52576 - "POST /v1/chat/completions HTTP/1.1" 200 OK
2026-02-02T01:03:28.4141102Z [0;36m(APIServer pid=135)[0;0m INFO:     10.0.0.200:52580 - "POST /v1/chat/completions HTTP/1.1" 200 OK
2026-02-02T01:03:28.5019088Z [0;36m(APIServer pid=135)[0;0m INFO:     10.0.0.200:52584 - "POST /v1/chat/completions HTTP/1.1" 200 OK
2026-02-02T01:03:28.5904963Z [0;36m(APIServer pid=135)[0;0m INFO:     10.0.0.200:52586 - "POST /v1/chat/completions HTTP/1.1" 200 OK
2026-02-02T01:03:28.6794063Z [0;36m(APIServer pid=135)[0;0m INFO:     10.0.0.200:52592 - "POST /v1/chat/completions HTTP/1.1" 200 OK
2026-02-02T01:03:28.7125670Z [0;36m(Worker_DP0_TP6_EP6 pid=4334)[0;0m /vllm-workspace/vllm-ascend/vllm_ascend/attention/mla_v1.py:965: UserWarning: To copy construct from a tensor, it is recommended to use sourceTensor.detach().clone() or sourceTensor.detach().clone().requires_grad_(True), rather than torch.tensor(sourceTensor).
2026-02-02T01:03:28.7132903Z [0;36m(Worker_DP0_TP6_EP6 pid=4334)[0;0m   current_seq_len = torch.tensor(prefill_metadata.query_lens,
2026-02-02T01:03:28.7145023Z [0;36m(Worker_DP0_TP5_EP5 pid=3780)[0;0m /vllm-workspace/vllm-ascend/vllm_ascend/attention/mla_v1.py:965: UserWarning: To copy construct from a tensor, it is recommended to use sourceTensor.detach().clone() or sourceTensor.detach().clone().requires_grad_(True), rather than torch.tensor(sourceTensor).
2026-02-02T01:03:28.7154143Z [0;36m(Worker_DP0_TP4_EP4 pid=3226)[0;0m /vllm-workspace/vllm-ascend/vllm_ascend/attention/mla_v1.py:965: UserWarning: To copy construct from a tensor, it is recommended to use sourceTensor.detach().clone() or sourceTensor.detach().clone().requires_grad_(True), rather than torch.tensor(sourceTensor).
2026-02-02T01:03:28.7164924Z [0;36m(Worker_DP0_TP5_EP5 pid=3780)[0;0m   current_seq_len = torch.tensor(prefill_metadata.query_lens,
2026-02-02T01:03:28.7175246Z [0;36m(Worker_DP1_TP2_EP10 pid=2118)[0;0m /vllm-workspace/vllm-ascend/vllm_ascend/attention/mla_v1.py:965: UserWarning: To copy construct from a tensor, it is recommended to use sourceTensor.detach().clone() or sourceTensor.detach().clone().requires_grad_(True), rather than torch.tensor(sourceTensor).
2026-02-02T01:03:28.7184261Z [0;36m(Worker_DP0_TP4_EP4 pid=3226)[0;0m   current_seq_len = torch.tensor(prefill_metadata.query_lens,
2026-02-02T01:03:28.7195817Z [0;36m(Worker_DP1_TP7_EP15 pid=4891)[0;0m /vllm-workspace/vllm-ascend/vllm_ascend/attention/mla_v1.py:965: UserWarning: To copy construct from a tensor, it is recommended to use sourceTensor.detach().clone() or sourceTensor.detach().clone().requires_grad_(True), rather than torch.tensor(sourceTensor).
2026-02-02T01:03:28.7208622Z [0;36m(Worker_DP1_TP2_EP10 pid=2118)[0;0m   current_seq_len = torch.tensor(prefill_metadata.query_lens,
2026-02-02T01:03:28.7219711Z [0;36m(Worker_DP0_TP2_EP2 pid=2121)[0;0m /vllm-workspace/vllm-ascend/vllm_ascend/attention/mla_v1.py:965: UserWarning: To copy construct from a tensor, it is recommended to use sourceTensor.detach().clone() or sourceTensor.detach().clone().requires_grad_(True), rather than torch.tensor(sourceTensor).
2026-02-02T01:03:28.7230327Z [0;36m(Worker_DP1_TP0_EP8 pid=1104)[0;0m /vllm-workspace/vllm-ascend/vllm_ascend/attention/mla_v1.py:965: UserWarning: To copy construct from a tensor, it is recommended to use sourceTensor.detach().clone() or sourceTensor.detach().clone().requires_grad_(True), rather than torch.tensor(sourceTensor).
2026-02-02T01:03:28.7239122Z [0;36m(Worker_DP1_TP7_EP15 pid=4891)[0;0m   current_seq_len = torch.tensor(prefill_metadata.query_lens,
2026-02-02T01:03:28.7250280Z [0;36m(Worker_DP1_TP5_EP13 pid=3784)[0;0m /vllm-workspace/vllm-ascend/vllm_ascend/attention/mla_v1.py:965: UserWarning: To copy construct from a tensor, it is recommended to use sourceTensor.detach().clone() or sourceTensor.detach().clone().requires_grad_(True), rather than torch.tensor(sourceTensor).
2026-02-02T01:03:28.7259603Z [0;36m(Worker_DP0_TP2_EP2 pid=2121)[0;0m   current_seq_len = torch.tensor(prefill_metadata.query_lens,
2026-02-02T01:03:28.7271371Z [0;36m(Worker_DP1_TP0_EP8 pid=1104)[0;0m   current_seq_len = torch.tensor(prefill_metadata.query_lens,
2026-02-02T01:03:28.7280942Z [0;36m(Worker_DP1_TP5_EP13 pid=3784)[0;0m   current_seq_len = torch.tensor(prefill_metadata.query_lens,
2026-02-02T01:03:28.7292123Z [0;36m(Worker_DP0_TP3_EP3 pid=2672)[0;0m /vllm-workspace/vllm-ascend/vllm_ascend/attention/mla_v1.py:965: UserWarning: To copy construct from a tensor, it is recommended to use sourceTensor.detach().clone() or sourceTensor.detach().clone().requires_grad_(True), rather than torch.tensor(sourceTensor).
2026-02-02T01:03:28.7301250Z [0;36m(Worker_DP1_TP6_EP14 pid=4337)[0;0m /vllm-workspace/vllm-ascend/vllm_ascend/attention/mla_v1.py:965: UserWarning: To copy construct from a tensor, it is recommended to use sourceTensor.detach().clone() or sourceTensor.detach().clone().requires_grad_(True), rather than torch.tensor(sourceTensor).
2026-02-02T01:03:28.7310747Z [0;36m(Worker_DP0_TP3_EP3 pid=2672)[0;0m   current_seq_len = torch.tensor(prefill_metadata.query_lens,
2026-02-02T01:03:28.7320518Z [0;36m(Worker_DP1_TP6_EP14 pid=4337)[0;0m   current_seq_len = torch.tensor(prefill_metadata.query_lens,
2026-02-02T01:03:28.7332776Z [0;36m(Worker_DP0_TP7_EP7 pid=4888)[0;0m /vllm-workspace/vllm-ascend/vllm_ascend/attention/mla_v1.py:965: UserWarning: To copy construct from a tensor, it is recommended to use sourceTensor.detach().clone() or sourceTensor.detach().clone().requires_grad_(True), rather than torch.tensor(sourceTensor).
2026-02-02T01:03:28.7341273Z [0;36m(Worker_DP0_TP7_EP7 pid=4888)[0;0m   current_seq_len = torch.tensor(prefill_metadata.query_lens,
2026-02-02T01:03:28.7351814Z [0;36m(Worker_DP1_TP1_EP9 pid=1574)[0;0m /vllm-workspace/vllm-ascend/vllm_ascend/attention/mla_v1.py:965: UserWarning: To copy construct from a tensor, it is recommended to use sourceTensor.detach().clone() or sourceTensor.detach().clone().requires_grad_(True), rather than torch.tensor(sourceTensor).
2026-02-02T01:03:28.7360420Z [0;36m(Worker_DP1_TP1_EP9 pid=1574)[0;0m   current_seq_len = torch.tensor(prefill_metadata.query_lens,
2026-02-02T01:03:28.7371327Z [0;36m(Worker_DP1_TP3_EP11 pid=2673)[0;0m /vllm-workspace/vllm-ascend/vllm_ascend/attention/mla_v1.py:965: UserWarning: To copy construct from a tensor, it is recommended to use sourceTensor.detach().clone() or sourceTensor.detach().clone().requires_grad_(True), rather than torch.tensor(sourceTensor).
2026-02-02T01:03:28.7379804Z [0;36m(Worker_DP1_TP3_EP11 pid=2673)[0;0m   current_seq_len = torch.tensor(prefill_metadata.query_lens,
2026-02-02T01:03:28.7390601Z [0;36m(Worker_DP0_TP1_EP1 pid=1575)[0;0m /vllm-workspace/vllm-ascend/vllm_ascend/attention/mla_v1.py:965: UserWarning: To copy construct from a tensor, it is recommended to use sourceTensor.detach().clone() or sourceTensor.detach().clone().requires_grad_(True), rather than torch.tensor(sourceTensor).
2026-02-02T01:03:28.7399834Z [0;36m(Worker_DP0_TP1_EP1 pid=1575)[0;0m   current_seq_len = torch.tensor(prefill_metadata.query_lens,
2026-02-02T01:03:28.7410394Z [0;36m(Worker_DP1_TP4_EP12 pid=3227)[0;0m /vllm-workspace/vllm-ascend/vllm_ascend/attention/mla_v1.py:965: UserWarning: To copy construct from a tensor, it is recommended to use sourceTensor.detach().clone() or sourceTensor.detach().clone().requires_grad_(True), rather than torch.tensor(sourceTensor).
2026-02-02T01:03:28.7419238Z [0;36m(Worker_DP1_TP4_EP12 pid=3227)[0;0m   current_seq_len = torch.tensor(prefill_metadata.query_lens,
2026-02-02T01:03:28.7430391Z [0;36m(Worker_DP0_TP0_EP0 pid=1105)[0;0m /vllm-workspace/vllm-ascend/vllm_ascend/attention/mla_v1.py:965: UserWarning: To copy construct from a tensor, it is recommended to use sourceTensor.detach().clone() or sourceTensor.detach().clone().requires_grad_(True), rather than torch.tensor(sourceTensor).
2026-02-02T01:03:28.7440239Z [0;36m(Worker_DP0_TP0_EP0 pid=1105)[0;0m   current_seq_len = torch.tensor(prefill_metadata.query_lens,
2026-02-02T01:03:28.7703920Z [0;36m(APIServer pid=135)[0;0m INFO:     10.0.0.200:52606 - "POST /v1/chat/completions HTTP/1.1" 200 OK
2026-02-02T01:03:28.8594127Z [0;36m(APIServer pid=135)[0;0m INFO:     10.0.0.200:52610 - "POST /v1/chat/completions HTTP/1.1" 200 OK
2026-02-02T01:03:28.9484077Z [0;36m(APIServer pid=135)[0;0m INFO:     10.0.0.200:52624 - "POST /v1/chat/completions HTTP/1.1" 200 OK
2026-02-02T01:03:29.0380891Z [0;36m(APIServer pid=135)[0;0m INFO:     10.0.0.200:52634 - "POST /v1/chat/completions HTTP/1.1" 200 OK
2026-02-02T01:03:29.1259730Z [0;36m(APIServer pid=135)[0;0m INFO:     10.0.0.200:52650 - "POST /v1/chat/completions HTTP/1.1" 200 OK
2026-02-02T01:03:29.2157646Z [0;36m(APIServer pid=135)[0;0m INFO:     10.0.0.200:52652 - "POST /v1/chat/completions HTTP/1.1" 200 OK
2026-02-02T01:03:29.3051215Z [0;36m(APIServer pid=135)[0;0m INFO:     10.0.0.200:52662 - "POST /v1/chat/completions HTTP/1.1" 200 OK
2026-02-02T01:03:29.3946940Z [0;36m(APIServer pid=135)[0;0m INFO:     10.0.0.200:52670 - "POST /v1/chat/completions HTTP/1.1" 200 OK
2026-02-02T01:03:29.4834683Z [0;36m(APIServer pid=135)[0;0m INFO:     10.0.0.200:52672 - "POST /v1/chat/completions HTTP/1.1" 200 OK
2026-02-02T01:03:29.5727909Z [0;36m(APIServer pid=135)[0;0m INFO:     10.0.0.200:52680 - "POST /v1/chat/completions HTTP/1.1" 200 OK
2026-02-02T01:03:29.6630762Z [0;36m(APIServer pid=135)[0;0m INFO:     10.0.0.200:52682 - "POST /v1/chat/completions HTTP/1.1" 200 OK
2026-02-02T01:03:29.7518283Z [0;36m(APIServer pid=135)[0;0m INFO:     10.0.0.200:52694 - "POST /v1/chat/completions HTTP/1.1" 200 OK
2026-02-02T01:03:29.8400815Z [0;36m(APIServer pid=135)[0;0m INFO:     10.0.0.200:52710 - "POST /v1/chat/completions HTTP/1.1" 200 OK
2026-02-02T01:03:29.9300088Z [0;36m(APIServer pid=135)[0;0m INFO:     10.0.0.200:52712 - "POST /v1/chat/completions HTTP/1.1" 200 OK
2026-02-02T01:03:30.0186680Z [0;36m(APIServer pid=135)[0;0m INFO:     10.0.0.200:52722 - "POST /v1/chat/completions HTTP/1.1" 200 OK
2026-02-02T01:03:30.1095335Z [0;36m(APIServer pid=135)[0;0m INFO:     10.0.0.200:52734 - "POST /v1/chat/completions HTTP/1.1" 200 OK
2026-02-02T01:03:30.2059247Z [0;36m(APIServer pid=135)[0;0m INFO:     10.0.0.200:52748 - "POST /v1/chat/completions HTTP/1.1" 200 OK
2026-02-02T01:03:30.2869445Z [0;36m(APIServer pid=135)[0;0m INFO:     10.0.0.200:52758 - "POST /v1/chat/completions HTTP/1.1" 200 OK
2026-02-02T01:03:30.3551829Z [0;36m(APIServer pid=135)[0;0m INFO:     10.0.0.183:57306 - "GET /health HTTP/1.1" 200 OK
2026-02-02T01:03:30.3754164Z [0;36m(APIServer pid=135)[0;0m INFO:     10.0.0.200:52766 - "POST /v1/chat/completions HTTP/1.1" 200 OK
2026-02-02T01:03:30.4664653Z [0;36m(APIServer pid=135)[0;0m INFO:     10.0.0.200:52770 - "POST /v1/chat/completions HTTP/1.1" 200 OK
2026-02-02T01:03:30.6290788Z [0;36m(APIServer pid=135)[0;0m INFO:     10.0.0.200:52772 - "POST /v1/chat/completions HTTP/1.1" 200 OK
2026-02-02T01:03:30.6431268Z [0;36m(APIServer pid=135)[0;0m INFO:     10.0.0.200:52776 - "POST /v1/chat/completions HTTP/1.1" 200 OK
2026-02-02T01:03:30.7334153Z [0;36m(APIServer pid=135)[0;0m INFO:     10.0.0.200:52782 - "POST /v1/chat/completions HTTP/1.1" 200 OK
2026-02-02T01:03:30.8233479Z [0;36m(APIServer pid=135)[0;0m INFO:     10.0.0.200:52792 - "POST /v1/chat/completions HTTP/1.1" 200 OK
2026-02-02T01:03:30.9138442Z [0;36m(APIServer pid=135)[0;0m INFO:     10.0.0.200:52798 - "POST /v1/chat/completions HTTP/1.1" 200 OK
2026-02-02T01:03:31.0001050Z [0;36m(APIServer pid=135)[0;0m INFO:     10.0.0.200:52810 - "POST /v1/chat/completions HTTP/1.1" 200 OK
2026-02-02T01:03:31.0902640Z [0;36m(APIServer pid=135)[0;0m INFO:     10.0.0.200:52816 - "POST /v1/chat/completions HTTP/1.1" 200 OK
2026-02-02T01:03:31.1806297Z [0;36m(APIServer pid=135)[0;0m INFO:     10.0.0.200:52828 - "POST /v1/chat/completions HTTP/1.1" 200 OK
2026-02-02T01:03:31.2694987Z [0;36m(APIServer pid=135)[0;0m INFO:     10.0.0.200:52844 - "POST /v1/chat/completions HTTP/1.1" 200 OK
2026-02-02T01:03:31.3566420Z [0;36m(APIServer pid=135)[0;0m INFO:     10.0.0.200:52854 - "POST /v1/chat/completions HTTP/1.1" 200 OK
2026-02-02T01:03:31.4501008Z [0;36m(APIServer pid=135)[0;0m INFO:     10.0.0.200:52858 - "POST /v1/chat/completions HTTP/1.1" 200 OK
2026-02-02T01:03:31.5386172Z [0;36m(APIServer pid=135)[0;0m INFO:     10.0.0.200:52866 - "POST /v1/chat/completions HTTP/1.1" 200 OK
2026-02-02T01:03:31.6269578Z [0;36m(APIServer pid=135)[0;0m INFO:     10.0.0.200:52872 - "POST /v1/chat/completions HTTP/1.1" 200 OK
2026-02-02T01:03:31.7158495Z [0;36m(APIServer pid=135)[0;0m INFO:     10.0.0.200:52882 - "POST /v1/chat/completions HTTP/1.1" 200 OK
2026-02-02T01:03:31.8083789Z [0;36m(APIServer pid=135)[0;0m INFO:     10.0.0.200:52886 - "POST /v1/chat/completions HTTP/1.1" 200 OK
2026-02-02T01:03:31.8937051Z [0;36m(APIServer pid=135)[0;0m INFO:     10.0.0.200:43640 - "POST /v1/chat/completions HTTP/1.1" 200 OK
2026-02-02T01:03:31.9833380Z [0;36m(APIServer pid=135)[0;0m INFO:     10.0.0.200:43644 - "POST /v1/chat/completions HTTP/1.1" 200 OK
2026-02-02T01:03:32.0738777Z [0;36m(APIServer pid=135)[0;0m INFO:     10.0.0.200:43656 - "POST /v1/chat/completions HTTP/1.1" 200 OK
2026-02-02T01:03:35.3580406Z [0;36m(APIServer pid=135)[0;0m INFO:     10.0.0.183:57314 - "GET /health HTTP/1.1" 200 OK
2026-02-02T01:03:35.5479467Z [0;36m(APIServer pid=135)[0;0m INFO 02-02 01:03:35 [loggers.py:248] Engine 000: Avg prompt throughput: 5572.0 tokens/s, Avg generation throughput: 18.2 tokens/s, Running: 16 reqs, Waiting: 0 reqs, GPU KV cache usage: 21.2%, Prefix cache hit rate: 0.0%
2026-02-02T01:03:35.5489013Z [0;36m(APIServer pid=135)[0;0m INFO 02-02 01:03:35 [loggers.py:248] Engine 001: Avg prompt throughput: 5628.1 tokens/s, Avg generation throughput: 18.0 tokens/s, Running: 16 reqs, Waiting: 0 reqs, GPU KV cache usage: 21.4%, Prefix cache hit rate: 0.0%
2026-02-02T01:03:35.5498594Z [0;36m(APIServer pid=135)[0;0m INFO 02-02 01:03:35 [loggers.py:248] Engine 002: Avg prompt throughput: 5982.5 tokens/s, Avg generation throughput: 18.8 tokens/s, Running: 17 reqs, Waiting: 0 reqs, GPU KV cache usage: 22.6%, Prefix cache hit rate: 0.0%
2026-02-02T01:03:35.5509181Z [0;36m(APIServer pid=135)[0;0m INFO 02-02 01:03:35 [loggers.py:248] Engine 003: Avg prompt throughput: 5288.4 tokens/s, Avg generation throughput: 16.5 tokens/s, Running: 15 reqs, Waiting: 0 reqs, GPU KV cache usage: 20.0%, Prefix cache hit rate: 0.0%
2026-02-02T01:03:40.3618064Z [0;36m(APIServer pid=135)[0;0m INFO:     10.0.0.183:46278 - "GET /health HTTP/1.1" 200 OK
2026-02-02T01:03:45.3651303Z [0;36m(APIServer pid=135)[0;0m INFO:     10.0.0.183:46292 - "GET /health HTTP/1.1" 200 OK
2026-02-02T01:03:45.5510994Z [0;36m(APIServer pid=135)[0;0m INFO 02-02 01:03:45 [loggers.py:248] Engine 000: Avg prompt throughput: 0.0 tokens/s, Avg generation throughput: 145.6 tokens/s, Running: 16 reqs, Waiting: 0 reqs, GPU KV cache usage: 21.8%, Prefix cache hit rate: 0.0%
2026-02-02T01:03:45.5523786Z [0;36m(APIServer pid=135)[0;0m INFO 02-02 01:03:45 [loggers.py:248] Engine 001: Avg prompt throughput: 0.0 tokens/s, Avg generation throughput: 145.6 tokens/s, Running: 16 reqs, Waiting: 0 reqs, GPU KV cache usage: 22.0%, Prefix cache hit rate: 0.0%
2026-02-02T01:03:45.5533754Z [0;36m(APIServer pid=135)[0;0m INFO 02-02 01:03:45 [loggers.py:248] Engine 002: Avg prompt throughput: 0.0 tokens/s, Avg generation throughput: 154.6 tokens/s, Running: 17 reqs, Waiting: 0 reqs, GPU KV cache usage: 23.4%, Prefix cache hit rate: 0.0%
2026-02-02T01:03:45.5544052Z [0;36m(APIServer pid=135)[0;0m INFO 02-02 01:03:45 [loggers.py:248] Engine 003: Avg prompt throughput: 0.0 tokens/s, Avg generation throughput: 136.5 tokens/s, Running: 15 reqs, Waiting: 0 reqs, GPU KV cache usage: 20.7%, Prefix cache hit rate: 0.0%
2026-02-02T01:03:50.3688258Z [0;36m(APIServer pid=135)[0;0m INFO:     10.0.0.183:57520 - "GET /health HTTP/1.1" 200 OK
2026-02-02T01:03:55.3722460Z [0;36m(APIServer pid=135)[0;0m INFO:     10.0.0.183:57532 - "GET /health HTTP/1.1" 200 OK
2026-02-02T01:03:55.5513744Z [0;36m(APIServer pid=135)[0;0m INFO 02-02 01:03:55 [loggers.py:248] Engine 000: Avg prompt throughput: 0.0 tokens/s, Avg generation throughput: 155.2 tokens/s, Running: 16 reqs, Waiting: 0 reqs, GPU KV cache usage: 22.5%, Prefix cache hit rate: 0.0%
2026-02-02T01:03:55.5522410Z [0;36m(APIServer pid=135)[0;0m INFO 02-02 01:03:55 [loggers.py:248] Engine 001: Avg prompt throughput: 0.0 tokens/s, Avg generation throughput: 155.2 tokens/s, Running: 16 reqs, Waiting: 0 reqs, GPU KV cache usage: 22.6%, Prefix cache hit rate: 0.0%
2026-02-02T01:03:55.5532529Z [0;36m(APIServer pid=135)[0;0m INFO 02-02 01:03:55 [loggers.py:248] Engine 002: Avg prompt throughput: 0.0 tokens/s, Avg generation throughput: 164.9 tokens/s, Running: 17 reqs, Waiting: 0 reqs, GPU KV cache usage: 24.2%, Prefix cache hit rate: 0.0%
2026-02-02T01:03:55.5543301Z [0;36m(APIServer pid=135)[0;0m INFO 02-02 01:03:55 [loggers.py:248] Engine 003: Avg prompt throughput: 0.0 tokens/s, Avg generation throughput: 145.5 tokens/s, Running: 15 reqs, Waiting: 0 reqs, GPU KV cache usage: 21.3%, Prefix cache hit rate: 0.0%
2026-02-02T01:04:00.3764383Z [0;36m(APIServer pid=135)[0;0m INFO:     10.0.0.183:45228 - "GET /health HTTP/1.1" 200 OK
2026-02-02T01:04:01.3616042Z [0;36m(APIServer pid=135)[0;0m INFO:     10.0.0.200:54600 - "POST /v1/chat/completions HTTP/1.1" 200 OK
2026-02-02T01:04:01.3646409Z [0;36m(APIServer pid=135)[0;0m INFO:     10.0.0.200:54616 - "POST /v1/chat/completions HTTP/1.1" 200 OK
2026-02-02T01:04:01.3655753Z [0;36m(APIServer pid=135)[0;0m INFO:     10.0.0.200:54618 - "POST /v1/chat/completions HTTP/1.1" 200 OK
2026-02-02T01:04:01.8429574Z [0;36m(APIServer pid=135)[0;0m INFO:     10.0.0.200:54640 - "POST /v1/chat/completions HTTP/1.1" 200 OK
2026-02-02T01:04:01.8452519Z [0;36m(APIServer pid=135)[0;0m INFO:     10.0.0.200:54652 - "POST /v1/chat/completions HTTP/1.1" 200 OK
2026-02-02T01:04:01.9049873Z [0;36m(APIServer pid=135)[0;0m INFO:     10.0.0.200:54646 - "POST /v1/chat/completions HTTP/1.1" 200 OK
2026-02-02T01:04:01.9074259Z [0;36m(APIServer pid=135)[0;0m INFO:     10.0.0.200:54656 - "POST /v1/chat/completions HTTP/1.1" 200 OK
2026-02-02T01:04:01.9085258Z [0;36m(APIServer pid=135)[0;0m INFO:     10.0.0.200:54662 - "POST /v1/chat/completions HTTP/1.1" 200 OK
2026-02-02T01:04:01.9095678Z [0;36m(APIServer pid=135)[0;0m INFO:     10.0.0.200:54672 - "POST /v1/chat/completions HTTP/1.1" 200 OK
2026-02-02T01:04:01.9105938Z [0;36m(APIServer pid=135)[0;0m INFO:     10.0.0.200:54686 - "POST /v1/chat/completions HTTP/1.1" 200 OK
2026-02-02T01:04:01.9115690Z [0;36m(APIServer pid=135)[0;0m INFO:     10.0.0.200:54690 - "POST /v1/chat/completions HTTP/1.1" 200 OK
2026-02-02T01:04:02.3897188Z [0;36m(APIServer pid=135)[0;0m INFO:     10.0.0.200:48030 - "POST /v1/chat/completions HTTP/1.1" 200 OK
2026-02-02T01:04:02.3904663Z [0;36m(APIServer pid=135)[0;0m INFO:     10.0.0.200:48032 - "POST /v1/chat/completions HTTP/1.1" 200 OK
2026-02-02T01:04:02.4550573Z [0;36m(APIServer pid=135)[0;0m INFO:     10.0.0.200:48038 - "POST /v1/chat/completions HTTP/1.1" 200 OK
2026-02-02T01:04:02.4576180Z [0;36m(APIServer pid=135)[0;0m INFO:     10.0.0.200:48054 - "POST /v1/chat/completions HTTP/1.1" 200 OK
2026-02-02T01:04:02.4585236Z [0;36m(APIServer pid=135)[0;0m INFO:     10.0.0.200:48070 - "POST /v1/chat/completions HTTP/1.1" 200 OK
2026-02-02T01:04:02.4593906Z [0;36m(APIServer pid=135)[0;0m INFO:     10.0.0.200:48064 - "POST /v1/chat/completions HTTP/1.1" 200 OK
2026-02-02T01:04:02.4603781Z [0;36m(APIServer pid=135)[0;0m INFO:     10.0.0.200:48072 - "POST /v1/chat/completions HTTP/1.1" 200 OK
2026-02-02T01:04:02.4613531Z [0;36m(APIServer pid=135)[0;0m INFO:     10.0.0.200:48088 - "POST /v1/chat/completions HTTP/1.1" 200 OK
2026-02-02T01:04:03.2969907Z [0;36m(APIServer pid=135)[0;0m INFO:     10.0.0.200:48098 - "POST /v1/chat/completions HTTP/1.1" 200 OK
2026-02-02T01:04:03.2984688Z [0;36m(APIServer pid=135)[0;0m INFO:     10.0.0.200:48100 - "POST /v1/chat/completions HTTP/1.1" 200 OK
2026-02-02T01:04:03.3689427Z [0;36m(APIServer pid=135)[0;0m INFO:     10.0.0.200:48102 - "POST /v1/chat/completions HTTP/1.1" 200 OK
2026-02-02T01:04:03.3720243Z [0;36m(APIServer pid=135)[0;0m INFO:     10.0.0.200:48118 - "POST /v1/chat/completions HTTP/1.1" 200 OK
2026-02-02T01:04:03.3729858Z [0;36m(APIServer pid=135)[0;0m INFO:     10.0.0.200:48124 - "POST /v1/chat/completions HTTP/1.1" 200 OK
2026-02-02T01:04:03.3740769Z [0;36m(APIServer pid=135)[0;0m INFO:     10.0.0.200:48136 - "POST /v1/chat/completions HTTP/1.1" 200 OK
2026-02-02T01:04:03.3750125Z [0;36m(APIServer pid=135)[0;0m INFO:     10.0.0.200:48130 - "POST /v1/chat/completions HTTP/1.1" 200 OK
2026-02-02T01:04:03.3759779Z [0;36m(APIServer pid=135)[0;0m INFO:     10.0.0.200:48142 - "POST /v1/chat/completions HTTP/1.1" 200 OK
2026-02-02T01:04:03.3769816Z [0;36m(APIServer pid=135)[0;0m INFO:     10.0.0.200:48152 - "POST /v1/chat/completions HTTP/1.1" 200 OK
2026-02-02T01:04:04.2405235Z [0;36m(APIServer pid=135)[0;0m INFO:     10.0.0.200:48154 - "POST /v1/chat/completions HTTP/1.1" 200 OK
2026-02-02T01:04:04.3436788Z [0;36m(APIServer pid=135)[0;0m INFO:     10.0.0.200:48194 - "POST /v1/chat/completions HTTP/1.1" 200 OK
2026-02-02T01:04:04.3523692Z [0;36m(APIServer pid=135)[0;0m INFO:     10.0.0.200:48178 - "POST /v1/chat/completions HTTP/1.1" 200 OK
2026-02-02T01:04:04.3533577Z [0;36m(APIServer pid=135)[0;0m INFO:     10.0.0.200:48186 - "POST /v1/chat/completions HTTP/1.1" 200 OK
2026-02-02T01:04:04.3543234Z [0;36m(APIServer pid=135)[0;0m INFO:     10.0.0.200:48170 - "POST /v1/chat/completions HTTP/1.1" 200 OK
2026-02-02T01:04:04.3554175Z [0;36m(APIServer pid=135)[0;0m INFO:     10.0.0.200:48196 - "POST /v1/chat/completions HTTP/1.1" 200 OK
2026-02-02T01:04:04.3563211Z [0;36m(APIServer pid=135)[0;0m INFO:     10.0.0.200:48202 - "POST /v1/chat/completions HTTP/1.1" 200 OK
2026-02-02T01:04:04.3572665Z [0;36m(APIServer pid=135)[0;0m INFO:     10.0.0.200:48212 - "POST /v1/chat/completions HTTP/1.1" 200 OK
2026-02-02T01:04:04.3582688Z [0;36m(APIServer pid=135)[0;0m INFO:     10.0.0.200:48226 - "POST /v1/chat/completions HTTP/1.1" 200 OK
2026-02-02T01:04:04.3592491Z [0;36m(APIServer pid=135)[0;0m INFO:     10.0.0.200:48230 - "POST /v1/chat/completions HTTP/1.1" 200 OK
2026-02-02T01:04:04.3602233Z [0;36m(APIServer pid=135)[0;0m INFO:     10.0.0.200:48246 - "POST /v1/chat/completions HTTP/1.1" 200 OK
2026-02-02T01:04:05.2004108Z [0;36m(APIServer pid=135)[0;0m INFO:     10.0.0.200:48270 - "POST /v1/chat/completions HTTP/1.1" 200 OK
2026-02-02T01:04:05.2028004Z [0;36m(APIServer pid=135)[0;0m INFO:     10.0.0.200:48276 - "POST /v1/chat/completions HTTP/1.1" 200 OK
2026-02-02T01:04:05.2312851Z [0;36m(APIServer pid=135)[0;0m INFO:     10.0.0.200:48284 - "POST /v1/chat/completions HTTP/1.1" 200 OK
2026-02-02T01:04:05.2337471Z [0;36m(APIServer pid=135)[0;0m INFO:     10.0.0.200:48254 - "POST /v1/chat/completions HTTP/1.1" 200 OK
2026-02-02T01:04:05.2347459Z [0;36m(APIServer pid=135)[0;0m INFO:     10.0.0.200:48286 - "POST /v1/chat/completions HTTP/1.1" 200 OK
2026-02-02T01:04:05.2644928Z [0;36m(APIServer pid=135)[0;0m INFO:     10.0.0.200:48288 - "POST /v1/chat/completions HTTP/1.1" 200 OK
2026-02-02T01:04:05.2672230Z [0;36m(APIServer pid=135)[0;0m INFO:     10.0.0.200:48300 - "POST /v1/chat/completions HTTP/1.1" 200 OK
2026-02-02T01:04:05.2681639Z [0;36m(APIServer pid=135)[0;0m INFO:     10.0.0.200:48312 - "POST /v1/chat/completions HTTP/1.1" 200 OK
2026-02-02T01:04:05.3806394Z [0;36m(APIServer pid=135)[0;0m INFO:     10.0.0.183:45232 - "GET /health HTTP/1.1" 200 OK
2026-02-02T01:04:05.5521202Z [0;36m(APIServer pid=135)[0;0m INFO 02-02 01:04:05 [loggers.py:248] Engine 000: Avg prompt throughput: 2463.4 tokens/s, Avg generation throughput: 91.7 tokens/s, Running: 12 reqs, Waiting: 0 reqs, GPU KV cache usage: 16.2%, Prefix cache hit rate: 0.0%
2026-02-02T01:04:05.5530551Z [0;36m(APIServer pid=135)[0;0m INFO 02-02 01:04:05 [loggers.py:248] Engine 001: Avg prompt throughput: 2452.3 tokens/s, Avg generation throughput: 91.8 tokens/s, Running: 11 reqs, Waiting: 0 reqs, GPU KV cache usage: 14.9%, Prefix cache hit rate: 0.0%
2026-02-02T01:04:05.5540723Z [0;36m(APIServer pid=135)[0;0m INFO 02-02 01:04:05 [loggers.py:248] Engine 002: Avg prompt throughput: 1726.6 tokens/s, Avg generation throughput: 96.9 tokens/s, Running: 11 reqs, Waiting: 0 reqs, GPU KV cache usage: 14.0%, Prefix cache hit rate: 0.0%
2026-02-02T01:04:05.5551093Z [0;36m(APIServer pid=135)[0;0m INFO 02-02 01:04:05 [loggers.py:248] Engine 003: Avg prompt throughput: 2124.4 tokens/s, Avg generation throughput: 86.2 tokens/s, Running: 11 reqs, Waiting: 0 reqs, GPU KV cache usage: 14.1%, Prefix cache hit rate: 0.0%
2026-02-02T01:04:06.1464538Z [0;36m(APIServer pid=135)[0;0m INFO:     10.0.0.200:48338 - "POST /v1/chat/completions HTTP/1.1" 200 OK
2026-02-02T01:04:06.1491021Z [0;36m(APIServer pid=135)[0;0m INFO:     10.0.0.200:48322 - "POST /v1/chat/completions HTTP/1.1" 200 OK
2026-02-02T01:04:06.2178181Z [0;36m(APIServer pid=135)[0;0m INFO:     10.0.0.200:48354 - "POST /v1/chat/completions HTTP/1.1" 200 OK
2026-02-02T01:04:06.2206285Z [0;36m(APIServer pid=135)[0;0m INFO:     10.0.0.200:48346 - "POST /v1/chat/completions HTTP/1.1" 200 OK
2026-02-02T01:04:06.2215306Z [0;36m(APIServer pid=135)[0;0m INFO:     10.0.0.200:48358 - "POST /v1/chat/completions HTTP/1.1" 200 OK
2026-02-02T01:04:06.2224759Z [0;36m(APIServer pid=135)[0;0m INFO:     10.0.0.200:48366 - "POST /v1/chat/completions HTTP/1.1" 200 OK
2026-02-02T01:04:06.2233504Z [0;36m(APIServer pid=135)[0;0m INFO:     10.0.0.200:48370 - "POST /v1/chat/completions HTTP/1.1" 200 OK
2026-02-02T01:04:06.2243208Z [0;36m(APIServer pid=135)[0;0m INFO:     10.0.0.200:48386 - "POST /v1/chat/completions HTTP/1.1" 200 OK
2026-02-02T01:04:06.2253073Z [0;36m(APIServer pid=135)[0;0m INFO:     10.0.0.200:48392 - "POST /v1/chat/completions HTTP/1.1" 200 OK
2026-02-02T01:04:08.6955681Z [0;36m(APIServer pid=135)[0;0m INFO:     10.0.0.200:48400 - "POST /v1/chat/completions HTTP/1.1" 200 OK
2026-02-02T01:04:08.6965951Z [0;36m(APIServer pid=135)[0;0m INFO:     10.0.0.200:48402 - "POST /v1/chat/completions HTTP/1.1" 200 OK
2026-02-02T01:04:08.7568249Z [0;36m(APIServer pid=135)[0;0m INFO:     10.0.0.200:48412 - "POST /v1/chat/completions HTTP/1.1" 200 OK
2026-02-02T01:04:08.7592707Z [0;36m(APIServer pid=135)[0;0m INFO:     10.0.0.200:48420 - "POST /v1/chat/completions HTTP/1.1" 200 OK
2026-02-02T01:04:08.7602361Z [0;36m(APIServer pid=135)[0;0m INFO:     10.0.0.200:48430 - "POST /v1/chat/completions HTTP/1.1" 200 OK
2026-02-02T01:04:08.7612338Z [0;36m(APIServer pid=135)[0;0m INFO:     10.0.0.200:48442 - "POST /v1/chat/completions HTTP/1.1" 200 OK
2026-02-02T01:04:08.7621707Z [0;36m(APIServer pid=135)[0;0m INFO:     10.0.0.200:48444 - "POST /v1/chat/completions HTTP/1.1" 200 OK
2026-02-02T01:04:08.7631331Z [0;36m(APIServer pid=135)[0;0m INFO:     10.0.0.200:48446 - "POST /v1/chat/completions HTTP/1.1" 200 OK
2026-02-02T01:04:10.3832855Z [0;36m(APIServer pid=135)[0;0m INFO:     10.0.0.183:56990 - "GET /health HTTP/1.1" 200 OK
2026-02-02T01:04:15.3882823Z [0;36m(APIServer pid=135)[0;0m INFO:     10.0.0.183:56996 - "GET /health HTTP/1.1" 200 OK
2026-02-02T01:04:15.5523241Z [0;36m(APIServer pid=135)[0;0m INFO 02-02 01:04:15 [loggers.py:248] Engine 000: Avg prompt throughput: 3897.7 tokens/s, Avg generation throughput: 36.3 tokens/s, Running: 18 reqs, Waiting: 0 reqs, GPU KV cache usage: 24.2%, Prefix cache hit rate: 0.0%
2026-02-02T01:04:15.5531769Z [0;36m(APIServer pid=135)[0;0m INFO 02-02 01:04:15 [loggers.py:248] Engine 001: Avg prompt throughput: 3187.7 tokens/s, Avg generation throughput: 32.7 tokens/s, Running: 16 reqs, Waiting: 0 reqs, GPU KV cache usage: 21.5%, Prefix cache hit rate: 0.0%
2026-02-02T01:04:15.5542247Z [0;36m(APIServer pid=135)[0;0m INFO 02-02 01:04:15 [loggers.py:248] Engine 002: Avg prompt throughput: 3185.8 tokens/s, Avg generation throughput: 28.8 tokens/s, Running: 14 reqs, Waiting: 0 reqs, GPU KV cache usage: 18.6%, Prefix cache hit rate: 0.0%
2026-02-02T01:04:15.5553074Z [0;36m(APIServer pid=135)[0;0m INFO 02-02 01:04:15 [loggers.py:248] Engine 003: Avg prompt throughput: 3427.0 tokens/s, Avg generation throughput: 32.5 tokens/s, Running: 16 reqs, Waiting: 0 reqs, GPU KV cache usage: 21.1%, Prefix cache hit rate: 0.0%
2026-02-02T01:04:20.3901871Z [0;36m(APIServer pid=135)[0;0m INFO:     10.0.0.183:46146 - "GET /health HTTP/1.1" 200 OK
2026-02-02T01:04:25.3933341Z [0;36m(APIServer pid=135)[0;0m INFO:     10.0.0.183:46158 - "GET /health HTTP/1.1" 200 OK
2026-02-02T01:04:25.5522440Z [0;36m(APIServer pid=135)[0;0m INFO 02-02 01:04:25 [loggers.py:248] Engine 000: Avg prompt throughput: 0.0 tokens/s, Avg generation throughput: 72.0 tokens/s, Running: 18 reqs, Waiting: 0 reqs, GPU KV cache usage: 24.5%, Prefix cache hit rate: 0.0%
2026-02-02T01:04:25.5530934Z [0;36m(APIServer pid=135)[0;0m INFO 02-02 01:04:25 [loggers.py:248] Engine 001: Avg prompt throughput: 0.0 tokens/s, Avg generation throughput: 64.0 tokens/s, Running: 16 reqs, Waiting: 0 reqs, GPU KV cache usage: 21.7%, Prefix cache hit rate: 0.0%
2026-02-02T01:04:25.5541291Z [0;36m(APIServer pid=135)[0;0m INFO 02-02 01:04:25 [loggers.py:248] Engine 002: Avg prompt throughput: 0.0 tokens/s, Avg generation throughput: 56.0 tokens/s, Running: 14 reqs, Waiting: 0 reqs, GPU KV cache usage: 18.8%, Prefix cache hit rate: 0.0%
2026-02-02T01:04:25.5551683Z [0;36m(APIServer pid=135)[0;0m INFO 02-02 01:04:25 [loggers.py:248] Engine 003: Avg prompt throughput: 0.0 tokens/s, Avg generation throughput: 64.0 tokens/s, Running: 16 reqs, Waiting: 0 reqs, GPU KV cache usage: 21.4%, Prefix cache hit rate: 0.0%
2026-02-02T01:04:30.3973008Z [0;36m(APIServer pid=135)[0;0m INFO:     10.0.0.183:46896 - "GET /health HTTP/1.1" 200 OK
2026-02-02T01:04:35.4013598Z [0;36m(APIServer pid=135)[0;0m INFO:     10.0.0.183:46904 - "GET /health HTTP/1.1" 200 OK
2026-02-02T01:04:35.5545491Z [0;36m(APIServer pid=135)[0;0m INFO 02-02 01:04:35 [loggers.py:248] Engine 000: Avg prompt throughput: 0.0 tokens/s, Avg generation throughput: 70.2 tokens/s, Running: 18 reqs, Waiting: 0 reqs, GPU KV cache usage: 24.9%, Prefix cache hit rate: 0.0%
2026-02-02T01:04:35.5547713Z [0;36m(APIServer pid=135)[0;0m INFO 02-02 01:04:35 [loggers.py:248] Engine 001: Avg prompt throughput: 0.0 tokens/s, Avg generation throughput: 62.4 tokens/s, Running: 16 reqs, Waiting: 0 reqs, GPU KV cache usage: 21.9%, Prefix cache hit rate: 0.0%
2026-02-02T01:04:35.5549274Z [0;36m(APIServer pid=135)[0;0m INFO 02-02 01:04:35 [loggers.py:248] Engine 002: Avg prompt throughput: 0.0 tokens/s, Avg generation throughput: 54.6 tokens/s, Running: 14 reqs, Waiting: 0 reqs, GPU KV cache usage: 19.2%, Prefix cache hit rate: 0.0%
2026-02-02T01:04:35.5557692Z [0;36m(APIServer pid=135)[0;0m INFO 02-02 01:04:35 [loggers.py:248] Engine 003: Avg prompt throughput: 0.0 tokens/s, Avg generation throughput: 62.4 tokens/s, Running: 16 reqs, Waiting: 0 reqs, GPU KV cache usage: 21.7%, Prefix cache hit rate: 0.0%
2026-02-02T01:04:40.4052773Z [0;36m(APIServer pid=135)[0;0m INFO:     10.0.0.183:49984 - "GET /health HTTP/1.1" 200 OK
2026-02-02T01:04:45.4121715Z [0;36m(APIServer pid=135)[0;0m INFO:     10.0.0.183:49988 - "GET /health HTTP/1.1" 200 OK
2026-02-02T01:04:45.5531773Z [0;36m(APIServer pid=135)[0;0m INFO 02-02 01:04:45 [loggers.py:248] Engine 000: Avg prompt throughput: 0.0 tokens/s, Avg generation throughput: 70.2 tokens/s, Running: 18 reqs, Waiting: 0 reqs, GPU KV cache usage: 25.0%, Prefix cache hit rate: 0.0%
2026-02-02T01:04:45.5541119Z [0;36m(APIServer pid=135)[0;0m INFO 02-02 01:04:45 [loggers.py:248] Engine 001: Avg prompt throughput: 0.0 tokens/s, Avg generation throughput: 62.4 tokens/s, Running: 16 reqs, Waiting: 0 reqs, GPU KV cache usage: 22.1%, Prefix cache hit rate: 0.0%
2026-02-02T01:04:45.5553666Z [0;36m(APIServer pid=135)[0;0m INFO 02-02 01:04:45 [loggers.py:248] Engine 002: Avg prompt throughput: 0.0 tokens/s, Avg generation throughput: 54.6 tokens/s, Running: 14 reqs, Waiting: 0 reqs, GPU KV cache usage: 19.3%, Prefix cache hit rate: 0.0%
2026-02-02T01:04:45.5564706Z [0;36m(APIServer pid=135)[0;0m INFO 02-02 01:04:45 [loggers.py:248] Engine 003: Avg prompt throughput: 0.0 tokens/s, Avg generation throughput: 62.4 tokens/s, Running: 16 reqs, Waiting: 0 reqs, GPU KV cache usage: 21.8%, Prefix cache hit rate: 0.0%
2026-02-02T01:04:50.4144180Z [0;36m(APIServer pid=135)[0;0m INFO:     10.0.0.183:48584 - "GET /health HTTP/1.1" 200 OK
2026-02-02T01:04:55.4236847Z [0;36m(APIServer pid=135)[0;0m INFO:     10.0.0.183:48594 - "GET /health HTTP/1.1" 200 OK
2026-02-02T01:04:55.5536016Z [0;36m(APIServer pid=135)[0;0m INFO 02-02 01:04:55 [loggers.py:248] Engine 000: Avg prompt throughput: 0.0 tokens/s, Avg generation throughput: 70.2 tokens/s, Running: 18 reqs, Waiting: 0 reqs, GPU KV cache usage: 25.0%, Prefix cache hit rate: 0.0%
2026-02-02T01:04:55.5545083Z [0;36m(APIServer pid=135)[0;0m INFO 02-02 01:04:55 [loggers.py:248] Engine 001: Avg prompt throughput: 0.0 tokens/s, Avg generation throughput: 62.4 tokens/s, Running: 16 reqs, Waiting: 0 reqs, GPU KV cache usage: 22.2%, Prefix cache hit rate: 0.0%
2026-02-02T01:04:55.5554702Z [0;36m(APIServer pid=135)[0;0m INFO 02-02 01:04:55 [loggers.py:248] Engine 002: Avg prompt throughput: 0.0 tokens/s, Avg generation throughput: 54.6 tokens/s, Running: 14 reqs, Waiting: 0 reqs, GPU KV cache usage: 19.3%, Prefix cache hit rate: 0.0%
2026-02-02T01:04:55.5564456Z [0;36m(APIServer pid=135)[0;0m INFO 02-02 01:04:55 [loggers.py:248] Engine 003: Avg prompt throughput: 0.0 tokens/s, Avg generation throughput: 62.4 tokens/s, Running: 16 reqs, Waiting: 0 reqs, GPU KV cache usage: 21.8%, Prefix cache hit rate: 0.0%
2026-02-02T01:05:00.4222609Z [0;36m(APIServer pid=135)[0;0m INFO:     10.0.0.183:51190 - "GET /health HTTP/1.1" 200 OK
2026-02-02T01:05:05.4292381Z [0;36m(APIServer pid=135)[0;0m INFO:     10.0.0.183:51202 - "GET /health HTTP/1.1" 200 OK
2026-02-02T01:05:05.5529663Z [0;36m(APIServer pid=135)[0;0m INFO 02-02 01:05:05 [loggers.py:248] Engine 000: Avg prompt throughput: 0.0 tokens/s, Avg generation throughput: 72.0 tokens/s, Running: 18 reqs, Waiting: 0 reqs, GPU KV cache usage: 25.7%, Prefix cache hit rate: 0.0%
2026-02-02T01:05:05.5539097Z [0;36m(APIServer pid=135)[0;0m INFO 02-02 01:05:05 [loggers.py:248] Engine 001: Avg prompt throughput: 0.0 tokens/s, Avg generation throughput: 64.0 tokens/s, Running: 16 reqs, Waiting: 0 reqs, GPU KV cache usage: 22.7%, Prefix cache hit rate: 0.0%
2026-02-02T01:05:05.5550309Z [0;36m(APIServer pid=135)[0;0m INFO 02-02 01:05:05 [loggers.py:248] Engine 002: Avg prompt throughput: 0.0 tokens/s, Avg generation throughput: 56.0 tokens/s, Running: 14 reqs, Waiting: 0 reqs, GPU KV cache usage: 19.8%, Prefix cache hit rate: 0.0%
2026-02-02T01:05:05.5559740Z [0;36m(APIServer pid=135)[0;0m INFO 02-02 01:05:05 [loggers.py:248] Engine 003: Avg prompt throughput: 0.0 tokens/s, Avg generation throughput: 64.0 tokens/s, Running: 16 reqs, Waiting: 0 reqs, GPU KV cache usage: 22.5%, Prefix cache hit rate: 0.0%
2026-02-02T01:05:10.4319845Z [0;36m(APIServer pid=135)[0;0m INFO:     10.0.0.183:40912 - "GET /health HTTP/1.1" 200 OK
2026-02-02T01:05:14.1355344Z [0;36m(APIServer pid=135)[0;0m INFO:     10.0.0.200:44776 - "POST /v1/chat/completions HTTP/1.1" 200 OK
2026-02-02T01:05:14.1364500Z [0;36m(APIServer pid=135)[0;0m INFO:     10.0.0.200:44778 - "POST /v1/chat/completions HTTP/1.1" 200 OK
2026-02-02T01:05:14.1402189Z [0;36m(APIServer pid=135)[0;0m INFO:     10.0.0.200:44786 - "POST /v1/chat/completions HTTP/1.1" 200 OK
2026-02-02T01:05:14.3840955Z [0;36m(APIServer pid=135)[0;0m INFO:     10.0.0.200:44800 - "POST /v1/chat/completions HTTP/1.1" 200 OK
2026-02-02T01:05:14.3873462Z [0;36m(APIServer pid=135)[0;0m INFO:     10.0.0.200:44808 - "POST /v1/chat/completions HTTP/1.1" 200 OK
2026-02-02T01:05:14.4145743Z [0;36m(APIServer pid=135)[0;0m INFO:     10.0.0.200:44822 - "POST /v1/chat/completions HTTP/1.1" 200 OK
2026-02-02T01:05:14.4172970Z [0;36m(APIServer pid=135)[0;0m INFO:     10.0.0.200:44828 - "POST /v1/chat/completions HTTP/1.1" 200 OK
2026-02-02T01:05:14.4184436Z [0;36m(APIServer pid=135)[0;0m INFO:     10.0.0.200:44832 - "POST /v1/chat/completions HTTP/1.1" 200 OK
2026-02-02T01:05:14.4265931Z [0;36m(APIServer pid=135)[0;0m INFO:     10.0.0.200:44840 - "POST /v1/chat/completions HTTP/1.1" 200 OK
2026-02-02T01:05:15.0268827Z [0;36m(APIServer pid=135)[0;0m INFO:     10.0.0.200:44848 - "POST /v1/chat/completions HTTP/1.1" 200 OK
2026-02-02T01:05:15.0296930Z [0;36m(APIServer pid=135)[0;0m INFO:     10.0.0.200:44860 - "POST /v1/chat/completions HTTP/1.1" 200 OK
2026-02-02T01:05:15.0895902Z [0;36m(APIServer pid=135)[0;0m INFO:     10.0.0.200:44866 - "POST /v1/chat/completions HTTP/1.1" 200 OK
2026-02-02T01:05:15.0920918Z [0;36m(APIServer pid=135)[0;0m INFO:     10.0.0.200:44876 - "POST /v1/chat/completions HTTP/1.1" 200 OK
2026-02-02T01:05:15.0930517Z [0;36m(APIServer pid=135)[0;0m INFO:     10.0.0.200:44882 - "POST /v1/chat/completions HTTP/1.1" 200 OK
2026-02-02T01:05:15.0939761Z [0;36m(APIServer pid=135)[0;0m INFO:     10.0.0.200:44894 - "POST /v1/chat/completions HTTP/1.1" 200 OK
2026-02-02T01:05:15.0950396Z [0;36m(APIServer pid=135)[0;0m INFO:     10.0.0.200:44900 - "POST /v1/chat/completions HTTP/1.1" 200 OK
2026-02-02T01:05:15.0958836Z [0;36m(APIServer pid=135)[0;0m INFO:     10.0.0.200:44902 - "POST /v1/chat/completions HTTP/1.1" 200 OK
2026-02-02T01:05:15.4343924Z [0;36m(APIServer pid=135)[0;0m INFO:     10.0.0.183:40926 - "GET /health HTTP/1.1" 200 OK
2026-02-02T01:05:15.5553978Z [0;36m(APIServer pid=135)[0;0m INFO 02-02 01:05:15 [loggers.py:248] Engine 000: Avg prompt throughput: 0.0 tokens/s, Avg generation throughput: 64.4 tokens/s, Running: 13 reqs, Waiting: 0 reqs, GPU KV cache usage: 18.6%, Prefix cache hit rate: 0.0%
2026-02-02T01:05:15.5563506Z [0;36m(APIServer pid=135)[0;0m INFO 02-02 01:05:15 [loggers.py:248] Engine 001: Avg prompt throughput: 348.2 tokens/s, Avg generation throughput: 57.3 tokens/s, Running: 12 reqs, Waiting: 0 reqs, GPU KV cache usage: 17.1%, Prefix cache hit rate: 0.0%
2026-02-02T01:05:15.5573552Z [0;36m(APIServer pid=135)[0;0m INFO 02-02 01:05:15 [loggers.py:248] Engine 002: Avg prompt throughput: 379.4 tokens/s, Avg generation throughput: 50.4 tokens/s, Running: 12 reqs, Waiting: 0 reqs, GPU KV cache usage: 17.1%, Prefix cache hit rate: 0.0%
2026-02-02T01:05:15.5584178Z [0;36m(APIServer pid=135)[0;0m INFO 02-02 01:05:15 [loggers.py:248] Engine 003: Avg prompt throughput: 352.5 tokens/s, Avg generation throughput: 57.4 tokens/s, Running: 13 reqs, Waiting: 0 reqs, GPU KV cache usage: 18.1%, Prefix cache hit rate: 0.0%
2026-02-02T01:05:15.9947398Z [0;36m(APIServer pid=135)[0;0m INFO:     10.0.0.200:44934 - "POST /v1/chat/completions HTTP/1.1" 200 OK
2026-02-02T01:05:15.9953967Z [0;36m(APIServer pid=135)[0;0m INFO:     10.0.0.200:44916 - "POST /v1/chat/completions HTTP/1.1" 200 OK
2026-02-02T01:05:15.9980615Z [0;36m(APIServer pid=135)[0;0m INFO:     10.0.0.200:44904 - "POST /v1/chat/completions HTTP/1.1" 200 OK
2026-02-02T01:05:15.9989599Z [0;36m(APIServer pid=135)[0;0m INFO:     10.0.0.200:44922 - "POST /v1/chat/completions HTTP/1.1" 200 OK
2026-02-02T01:05:15.9999325Z [0;36m(APIServer pid=135)[0;0m INFO:     10.0.0.200:44926 - "POST /v1/chat/completions HTTP/1.1" 200 OK
2026-02-02T01:05:16.0009196Z [0;36m(APIServer pid=135)[0;0m INFO:     10.0.0.200:44936 - "POST /v1/chat/completions HTTP/1.1" 200 OK
2026-02-02T01:05:16.0019487Z [0;36m(APIServer pid=135)[0;0m INFO:     10.0.0.200:44944 - "POST /v1/chat/completions HTTP/1.1" 200 OK
2026-02-02T01:05:16.0027295Z [0;36m(APIServer pid=135)[0;0m INFO:     10.0.0.200:44958 - "POST /v1/chat/completions HTTP/1.1" 200 OK
2026-02-02T01:05:16.8595320Z [0;36m(APIServer pid=135)[0;0m INFO:     10.0.0.200:44964 - "POST /v1/chat/completions HTTP/1.1" 200 OK
2026-02-02T01:05:16.8606471Z [0;36m(APIServer pid=135)[0;0m INFO:     10.0.0.200:44996 - "POST /v1/chat/completions HTTP/1.1" 200 OK
2026-02-02T01:05:16.9261288Z [0;36m(APIServer pid=135)[0;0m INFO:     10.0.0.200:44980 - "POST /v1/chat/completions HTTP/1.1" 200 OK
2026-02-02T01:05:16.9296467Z [0;36m(APIServer pid=135)[0;0m INFO:     10.0.0.200:44984 - "POST /v1/chat/completions HTTP/1.1" 200 OK
2026-02-02T01:05:16.9305659Z [0;36m(APIServer pid=135)[0;0m INFO:     10.0.0.200:45010 - "POST /v1/chat/completions HTTP/1.1" 200 OK
2026-02-02T01:05:16.9314607Z [0;36m(APIServer pid=135)[0;0m INFO:     10.0.0.200:45016 - "POST /v1/chat/completions HTTP/1.1" 200 OK
2026-02-02T01:05:16.9324146Z [0;36m(APIServer pid=135)[0;0m INFO:     10.0.0.200:45030 - "POST /v1/chat/completions HTTP/1.1" 200 OK
2026-02-02T01:05:16.9333920Z [0;36m(APIServer pid=135)[0;0m INFO:     10.0.0.200:45040 - "POST /v1/chat/completions HTTP/1.1" 200 OK
2026-02-02T01:05:16.9343315Z [0;36m(APIServer pid=135)[0;0m INFO:     10.0.0.200:45050 - "POST /v1/chat/completions HTTP/1.1" 200 OK
2026-02-02T01:05:17.8095148Z [0;36m(APIServer pid=135)[0;0m INFO:     10.0.0.200:45060 - "POST /v1/chat/completions HTTP/1.1" 200 OK
2026-02-02T01:05:17.8102507Z [0;36m(APIServer pid=135)[0;0m INFO:     10.0.0.200:45066 - "POST /v1/chat/completions HTTP/1.1" 200 OK
2026-02-02T01:05:17.8796351Z [0;36m(APIServer pid=135)[0;0m INFO:     10.0.0.200:45062 - "POST /v1/chat/completions HTTP/1.1" 200 OK
2026-02-02T01:05:17.8828413Z [0;36m(APIServer pid=135)[0;0m INFO:     10.0.0.200:45076 - "POST /v1/chat/completions HTTP/1.1" 200 OK
2026-02-02T01:05:17.8837394Z [0;36m(APIServer pid=135)[0;0m INFO:     10.0.0.200:45092 - "POST /v1/chat/completions HTTP/1.1" 200 OK
2026-02-02T01:05:17.8847613Z [0;36m(APIServer pid=135)[0;0m INFO:     10.0.0.200:45106 - "POST /v1/chat/completions HTTP/1.1" 200 OK
2026-02-02T01:05:17.8857363Z [0;36m(APIServer pid=135)[0;0m INFO:     10.0.0.200:45122 - "POST /v1/chat/completions HTTP/1.1" 200 OK
2026-02-02T01:05:17.8866669Z [0;36m(APIServer pid=135)[0;0m INFO:     10.0.0.200:45130 - "POST /v1/chat/completions HTTP/1.1" 200 OK
2026-02-02T01:05:17.8876149Z [0;36m(APIServer pid=135)[0;0m INFO:     10.0.0.200:45136 - "POST /v1/chat/completions HTTP/1.1" 200 OK
2026-02-02T01:05:18.7503008Z [0;36m(APIServer pid=135)[0;0m INFO:     10.0.0.200:45150 - "POST /v1/chat/completions HTTP/1.1" 200 OK
2026-02-02T01:05:18.7534684Z [0;36m(APIServer pid=135)[0;0m INFO:     10.0.0.200:45158 - "POST /v1/chat/completions HTTP/1.1" 200 OK
2026-02-02T01:05:18.7806815Z [0;36m(APIServer pid=135)[0;0m INFO:     10.0.0.200:45164 - "POST /v1/chat/completions HTTP/1.1" 200 OK
2026-02-02T01:05:18.7832909Z [0;36m(APIServer pid=135)[0;0m INFO:     10.0.0.200:45166 - "POST /v1/chat/completions HTTP/1.1" 200 OK
2026-02-02T01:05:18.7843198Z [0;36m(APIServer pid=135)[0;0m INFO:     10.0.0.200:45174 - "POST /v1/chat/completions HTTP/1.1" 200 OK
2026-02-02T01:05:18.8121195Z [0;36m(APIServer pid=135)[0;0m INFO:     10.0.0.200:45178 - "POST /v1/chat/completions HTTP/1.1" 200 OK
2026-02-02T01:05:18.8144307Z [0;36m(APIServer pid=135)[0;0m INFO:     10.0.0.200:45188 - "POST /v1/chat/completions HTTP/1.1" 200 OK
2026-02-02T01:05:18.8152636Z [0;36m(APIServer pid=135)[0;0m INFO:     10.0.0.200:45190 - "POST /v1/chat/completions HTTP/1.1" 200 OK
2026-02-02T01:05:18.8237381Z [0;36m(APIServer pid=135)[0;0m INFO:     10.0.0.200:45198 - "POST /v1/chat/completions HTTP/1.1" 200 OK
2026-02-02T01:05:19.7044729Z [0;36m(APIServer pid=135)[0;0m INFO:     10.0.0.200:45202 - "POST /v1/chat/completions HTTP/1.1" 200 OK
2026-02-02T01:05:19.7077113Z [0;36m(APIServer pid=135)[0;0m INFO:     10.0.0.200:45216 - "POST /v1/chat/completions HTTP/1.1" 200 OK
2026-02-02T01:05:19.7365569Z [0;36m(APIServer pid=135)[0;0m INFO:     10.0.0.200:45210 - "POST /v1/chat/completions HTTP/1.1" 200 OK
2026-02-02T01:05:19.7387640Z [0;36m(APIServer pid=135)[0;0m INFO:     10.0.0.200:45228 - "POST /v1/chat/completions HTTP/1.1" 200 OK
2026-02-02T01:05:19.7397027Z [0;36m(APIServer pid=135)[0;0m INFO:     10.0.0.200:45244 - "POST /v1/chat/completions HTTP/1.1" 200 OK
2026-02-02T01:05:19.7776136Z [0;36m(APIServer pid=135)[0;0m INFO:     10.0.0.200:45248 - "POST /v1/chat/completions HTTP/1.1" 200 OK
2026-02-02T01:05:19.7796889Z [0;36m(APIServer pid=135)[0;0m INFO:     10.0.0.200:45262 - "POST /v1/chat/completions HTTP/1.1" 200 OK
2026-02-02T01:05:19.7805741Z [0;36m(APIServer pid=135)[0;0m INFO:     10.0.0.200:45276 - "POST /v1/chat/completions HTTP/1.1" 200 OK
2026-02-02T01:05:19.7814638Z [0;36m(APIServer pid=135)[0;0m INFO:     10.0.0.200:45278 - "POST /v1/chat/completions HTTP/1.1" 200 OK
2026-02-02T01:05:20.4376188Z [0;36m(APIServer pid=135)[0;0m INFO:     10.0.0.183:38450 - "GET /health HTTP/1.1" 200 OK
2026-02-02T01:05:20.6540953Z [0;36m(APIServer pid=135)[0;0m INFO:     10.0.0.200:45294 - "POST /v1/chat/completions HTTP/1.1" 200 OK
2026-02-02T01:05:20.6577029Z [0;36m(APIServer pid=135)[0;0m INFO:     10.0.0.200:45312 - "POST /v1/chat/completions HTTP/1.1" 200 OK
2026-02-02T01:05:20.6586320Z [0;36m(APIServer pid=135)[0;0m INFO:     10.0.0.200:45310 - "POST /v1/chat/completions HTTP/1.1" 200 OK
2026-02-02T01:05:25.4409186Z [0;36m(APIServer pid=135)[0;0m INFO:     10.0.0.183:38456 - "GET /health HTTP/1.1" 200 OK
2026-02-02T01:05:25.5533593Z [0;36m(APIServer pid=135)[0;0m INFO 02-02 01:05:25 [loggers.py:248] Engine 000: Avg prompt throughput: 5267.9 tokens/s, Avg generation throughput: 28.3 tokens/s, Running: 15 reqs, Waiting: 0 reqs, GPU KV cache usage: 20.1%, Prefix cache hit rate: 0.0%
2026-02-02T01:05:25.5540883Z [0;36m(APIServer pid=135)[0;0m INFO 02-02 01:05:25 [loggers.py:248] Engine 001: Avg prompt throughput: 5609.1 tokens/s, Avg generation throughput: 32.3 tokens/s, Running: 17 reqs, Waiting: 0 reqs, GPU KV cache usage: 22.6%, Prefix cache hit rate: 0.0%
2026-02-02T01:05:25.5551186Z [0;36m(APIServer pid=135)[0;0m INFO 02-02 01:05:25 [loggers.py:248] Engine 002: Avg prompt throughput: 5692.7 tokens/s, Avg generation throughput: 31.8 tokens/s, Running: 17 reqs, Waiting: 0 reqs, GPU KV cache usage: 23.0%, Prefix cache hit rate: 0.0%
2026-02-02T01:05:25.5562495Z [0;36m(APIServer pid=135)[0;0m INFO 02-02 01:05:25 [loggers.py:248] Engine 003: Avg prompt throughput: 4920.3 tokens/s, Avg generation throughput: 28.4 tokens/s, Running: 15 reqs, Waiting: 0 reqs, GPU KV cache usage: 20.0%, Prefix cache hit rate: 0.0%
2026-02-02T01:05:30.4441183Z [0;36m(APIServer pid=135)[0;0m INFO:     10.0.0.183:55574 - "GET /health HTTP/1.1" 200 OK
2026-02-02T01:05:35.4465430Z [0;36m(APIServer pid=135)[0;0m INFO:     10.0.0.183:55580 - "GET /health HTTP/1.1" 200 OK
2026-02-02T01:05:35.5529318Z [0;36m(APIServer pid=135)[0;0m INFO 02-02 01:05:35 [loggers.py:248] Engine 000: Avg prompt throughput: 0.0 tokens/s, Avg generation throughput: 58.5 tokens/s, Running: 15 reqs, Waiting: 0 reqs, GPU KV cache usage: 20.1%, Prefix cache hit rate: 0.0%
2026-02-02T01:05:35.5539675Z [0;36m(APIServer pid=135)[0;0m INFO 02-02 01:05:35 [loggers.py:248] Engine 001: Avg prompt throughput: 0.0 tokens/s, Avg generation throughput: 66.3 tokens/s, Running: 17 reqs, Waiting: 0 reqs, GPU KV cache usage: 22.7%, Prefix cache hit rate: 0.0%
2026-02-02T01:05:35.5550137Z [0;36m(APIServer pid=135)[0;0m INFO 02-02 01:05:35 [loggers.py:248] Engine 002: Avg prompt throughput: 0.0 tokens/s, Avg generation throughput: 66.3 tokens/s, Running: 17 reqs, Waiting: 0 reqs, GPU KV cache usage: 23.2%, Prefix cache hit rate: 0.0%
2026-02-02T01:05:35.5560403Z [0;36m(APIServer pid=135)[0;0m INFO 02-02 01:05:35 [loggers.py:248] Engine 003: Avg prompt throughput: 0.0 tokens/s, Avg generation throughput: 58.5 tokens/s, Running: 15 reqs, Waiting: 0 reqs, GPU KV cache usage: 20.0%, Prefix cache hit rate: 0.0%
2026-02-02T01:05:40.4517402Z [0;36m(APIServer pid=135)[0;0m INFO:     10.0.0.183:38146 - "GET /health HTTP/1.1" 200 OK
2026-02-02T01:05:45.4523153Z [0;36m(APIServer pid=135)[0;0m INFO:     10.0.0.183:38158 - "GET /health HTTP/1.1" 200 OK
2026-02-02T01:05:45.5534991Z [0;36m(APIServer pid=135)[0;0m INFO 02-02 01:05:45 [loggers.py:248] Engine 000: Avg prompt throughput: 0.0 tokens/s, Avg generation throughput: 58.5 tokens/s, Running: 15 reqs, Waiting: 0 reqs, GPU KV cache usage: 20.5%, Prefix cache hit rate: 0.0%
2026-02-02T01:05:45.5544311Z [0;36m(APIServer pid=135)[0;0m INFO 02-02 01:05:45 [loggers.py:248] Engine 001: Avg prompt throughput: 0.0 tokens/s, Avg generation throughput: 66.3 tokens/s, Running: 17 reqs, Waiting: 0 reqs, GPU KV cache usage: 23.1%, Prefix cache hit rate: 0.0%
2026-02-02T01:05:45.5553887Z [0;36m(APIServer pid=135)[0;0m INFO 02-02 01:05:45 [loggers.py:248] Engine 002: Avg prompt throughput: 0.0 tokens/s, Avg generation throughput: 66.3 tokens/s, Running: 17 reqs, Waiting: 0 reqs, GPU KV cache usage: 23.6%, Prefix cache hit rate: 0.0%
2026-02-02T01:05:45.5564522Z [0;36m(APIServer pid=135)[0;0m INFO 02-02 01:05:45 [loggers.py:248] Engine 003: Avg prompt throughput: 0.0 tokens/s, Avg generation throughput: 58.5 tokens/s, Running: 15 reqs, Waiting: 0 reqs, GPU KV cache usage: 20.5%, Prefix cache hit rate: 0.0%
2026-02-02T01:05:50.4552205Z [0;36m(APIServer pid=135)[0;0m INFO:     10.0.0.183:39456 - "GET /health HTTP/1.1" 200 OK
2026-02-02T01:05:55.4586475Z [0;36m(APIServer pid=135)[0;0m INFO:     10.0.0.183:39462 - "GET /health HTTP/1.1" 200 OK
2026-02-02T01:05:55.5538588Z [0;36m(APIServer pid=135)[0;0m INFO 02-02 01:05:55 [loggers.py:248] Engine 000: Avg prompt throughput: 0.0 tokens/s, Avg generation throughput: 58.5 tokens/s, Running: 15 reqs, Waiting: 0 reqs, GPU KV cache usage: 20.7%, Prefix cache hit rate: 0.0%
2026-02-02T01:05:55.5546578Z [0;36m(APIServer pid=135)[0;0m INFO 02-02 01:05:55 [loggers.py:248] Engine 001: Avg prompt throughput: 0.0 tokens/s, Avg generation throughput: 66.3 tokens/s, Running: 17 reqs, Waiting: 0 reqs, GPU KV cache usage: 23.4%, Prefix cache hit rate: 0.0%
2026-02-02T01:05:55.5555726Z [0;36m(APIServer pid=135)[0;0m INFO 02-02 01:05:55 [loggers.py:248] Engine 002: Avg prompt throughput: 0.0 tokens/s, Avg generation throughput: 66.3 tokens/s, Running: 17 reqs, Waiting: 0 reqs, GPU KV cache usage: 23.8%, Prefix cache hit rate: 0.0%
2026-02-02T01:05:55.5567002Z [0;36m(APIServer pid=135)[0;0m INFO 02-02 01:05:55 [loggers.py:248] Engine 003: Avg prompt throughput: 0.0 tokens/s, Avg generation throughput: 58.5 tokens/s, Running: 15 reqs, Waiting: 0 reqs, GPU KV cache usage: 20.7%, Prefix cache hit rate: 0.0%
2026-02-02T01:06:00.4623885Z [0;36m(APIServer pid=135)[0;0m INFO:     10.0.0.183:49118 - "GET /health HTTP/1.1" 200 OK
2026-02-02T01:06:05.4653094Z [0;36m(APIServer pid=135)[0;0m INFO:     10.0.0.183:49134 - "GET /health HTTP/1.1" 200 OK
2026-02-02T01:06:05.5564147Z [0;36m(APIServer pid=135)[0;0m INFO 02-02 01:06:05 [loggers.py:248] Engine 000: Avg prompt throughput: 0.0 tokens/s, Avg generation throughput: 60.0 tokens/s, Running: 15 reqs, Waiting: 0 reqs, GPU KV cache usage: 20.8%, Prefix cache hit rate: 0.0%
2026-02-02T01:06:05.5593537Z [0;36m(APIServer pid=135)[0;0m INFO 02-02 01:06:05 [loggers.py:248] Engine 001: Avg prompt throughput: 0.0 tokens/s, Avg generation throughput: 68.0 tokens/s, Running: 17 reqs, Waiting: 0 reqs, GPU KV cache usage: 23.5%, Prefix cache hit rate: 0.0%
2026-02-02T01:06:05.5603598Z [0;36m(APIServer pid=135)[0;0m INFO 02-02 01:06:05 [loggers.py:248] Engine 002: Avg prompt throughput: 0.0 tokens/s, Avg generation throughput: 68.0 tokens/s, Running: 17 reqs, Waiting: 0 reqs, GPU KV cache usage: 24.0%, Prefix cache hit rate: 0.0%
2026-02-02T01:06:05.5612882Z [0;36m(APIServer pid=135)[0;0m INFO 02-02 01:06:05 [loggers.py:248] Engine 003: Avg prompt throughput: 0.0 tokens/s, Avg generation throughput: 60.0 tokens/s, Running: 15 reqs, Waiting: 0 reqs, GPU KV cache usage: 20.7%, Prefix cache hit rate: 0.0%
2026-02-02T01:06:10.4690590Z [0;36m(APIServer pid=135)[0;0m INFO:     10.0.0.183:45652 - "GET /health HTTP/1.1" 200 OK
2026-02-02T01:06:15.4736445Z [0;36m(APIServer pid=135)[0;0m INFO:     10.0.0.183:45660 - "GET /health HTTP/1.1" 200 OK
2026-02-02T01:06:15.5585493Z [0;36m(APIServer pid=135)[0;0m INFO 02-02 01:06:15 [loggers.py:248] Engine 000: Avg prompt throughput: 0.0 tokens/s, Avg generation throughput: 58.5 tokens/s, Running: 15 reqs, Waiting: 0 reqs, GPU KV cache usage: 21.2%, Prefix cache hit rate: 0.0%
2026-02-02T01:06:15.5600830Z [0;36m(APIServer pid=135)[0;0m INFO 02-02 01:06:15 [loggers.py:248] Engine 001: Avg prompt throughput: 0.0 tokens/s, Avg generation throughput: 66.3 tokens/s, Running: 17 reqs, Waiting: 0 reqs, GPU KV cache usage: 23.9%, Prefix cache hit rate: 0.0%
2026-02-02T01:06:15.5611556Z [0;36m(APIServer pid=135)[0;0m INFO 02-02 01:06:15 [loggers.py:248] Engine 002: Avg prompt throughput: 0.0 tokens/s, Avg generation throughput: 66.3 tokens/s, Running: 17 reqs, Waiting: 0 reqs, GPU KV cache usage: 24.4%, Prefix cache hit rate: 0.0%
2026-02-02T01:06:15.5621449Z [0;36m(APIServer pid=135)[0;0m INFO 02-02 01:06:15 [loggers.py:248] Engine 003: Avg prompt throughput: 0.0 tokens/s, Avg generation throughput: 58.5 tokens/s, Running: 15 reqs, Waiting: 0 reqs, GPU KV cache usage: 21.2%, Prefix cache hit rate: 0.0%
2026-02-02T01:06:20.4749214Z [0;36m(APIServer pid=135)[0;0m INFO:     10.0.0.183:39462 - "GET /health HTTP/1.1" 200 OK
2026-02-02T01:06:25.2648130Z [0;36m(APIServer pid=135)[0;0m INFO:     10.0.0.200:48412 - "POST /v1/chat/completions HTTP/1.1" 200 OK
2026-02-02T01:06:25.2680075Z [0;36m(APIServer pid=135)[0;0m INFO:     10.0.0.200:48408 - "POST /v1/chat/completions HTTP/1.1" 200 OK
2026-02-02T01:06:25.2694563Z [0;36m(APIServer pid=135)[0;0m INFO:     10.0.0.200:48420 - "POST /v1/chat/completions HTTP/1.1" 200 OK
2026-02-02T01:06:25.3708925Z [0;36m(APIServer pid=135)[0;0m INFO:     10.0.0.200:48452 - "POST /v1/chat/completions HTTP/1.1" 200 OK
2026-02-02T01:06:25.3733070Z [0;36m(APIServer pid=135)[0;0m INFO:     10.0.0.200:48436 - "POST /v1/chat/completions HTTP/1.1" 200 OK
2026-02-02T01:06:25.4144485Z [0;36m(APIServer pid=135)[0;0m INFO:     10.0.0.200:48462 - "POST /v1/chat/completions HTTP/1.1" 200 OK
2026-02-02T01:06:25.4197241Z [0;36m(APIServer pid=135)[0;0m INFO:     10.0.0.200:48472 - "POST /v1/chat/completions HTTP/1.1" 200 OK
2026-02-02T01:06:25.4209383Z [0;36m(APIServer pid=135)[0;0m INFO:     10.0.0.200:48488 - "POST /v1/chat/completions HTTP/1.1" 200 OK
2026-02-02T01:06:25.4218235Z [0;36m(APIServer pid=135)[0;0m INFO:     10.0.0.200:48494 - "POST /v1/chat/completions HTTP/1.1" 200 OK
2026-02-02T01:06:25.4777090Z [0;36m(APIServer pid=135)[0;0m INFO:     10.0.0.183:39474 - "GET /health HTTP/1.1" 200 OK
2026-02-02T01:06:25.5592172Z [0;36m(APIServer pid=135)[0;0m INFO 02-02 01:06:25 [loggers.py:248] Engine 000: Avg prompt throughput: 0.0 tokens/s, Avg generation throughput: 60.0 tokens/s, Running: 14 reqs, Waiting: 0 reqs, GPU KV cache usage: 19.9%, Prefix cache hit rate: 0.0%
2026-02-02T01:06:25.5603412Z [0;36m(APIServer pid=135)[0;0m INFO 02-02 01:06:25 [loggers.py:248] Engine 001: Avg prompt throughput: 0.0 tokens/s, Avg generation throughput: 67.9 tokens/s, Running: 14 reqs, Waiting: 0 reqs, GPU KV cache usage: 19.9%, Prefix cache hit rate: 0.0%
2026-02-02T01:06:25.5614455Z [0;36m(APIServer pid=135)[0;0m INFO 02-02 01:06:25 [loggers.py:248] Engine 002: Avg prompt throughput: 0.0 tokens/s, Avg generation throughput: 67.9 tokens/s, Running: 14 reqs, Waiting: 0 reqs, GPU KV cache usage: 20.2%, Prefix cache hit rate: 0.0%
2026-02-02T01:06:25.5624169Z [0;36m(APIServer pid=135)[0;0m INFO 02-02 01:06:25 [loggers.py:248] Engine 003: Avg prompt throughput: 0.0 tokens/s, Avg generation throughput: 59.9 tokens/s, Running: 13 reqs, Waiting: 0 reqs, GPU KV cache usage: 18.6%, Prefix cache hit rate: 0.0%
2026-02-02T01:06:25.9868033Z [0;36m(APIServer pid=135)[0;0m INFO:     10.0.0.200:48502 - "POST /v1/chat/completions HTTP/1.1" 200 OK
2026-02-02T01:06:25.9901853Z [0;36m(APIServer pid=135)[0;0m INFO:     10.0.0.200:48506 - "POST /v1/chat/completions HTTP/1.1" 200 OK
2026-02-02T01:06:26.0283126Z [0;36m(APIServer pid=135)[0;0m INFO:     10.0.0.200:48510 - "POST /v1/chat/completions HTTP/1.1" 200 OK
2026-02-02T01:06:26.0313220Z [0;36m(APIServer pid=135)[0;0m INFO:     10.0.0.200:48516 - "POST /v1/chat/completions HTTP/1.1" 200 OK
2026-02-02T01:06:26.0322399Z [0;36m(APIServer pid=135)[0;0m INFO:     10.0.0.200:48524 - "POST /v1/chat/completions HTTP/1.1" 200 OK
2026-02-02T01:06:26.0332253Z [0;36m(APIServer pid=135)[0;0m INFO:     10.0.0.200:48536 - "POST /v1/chat/completions HTTP/1.1" 200 OK
2026-02-02T01:06:26.8886454Z [0;36m(APIServer pid=135)[0;0m INFO:     10.0.0.200:48552 - "POST /v1/chat/completions HTTP/1.1" 200 OK
2026-02-02T01:06:26.8919694Z [0;36m(APIServer pid=135)[0;0m INFO:     10.0.0.200:48568 - "POST /v1/chat/completions HTTP/1.1" 200 OK
2026-02-02T01:06:26.9536891Z [0;36m(APIServer pid=135)[0;0m INFO:     10.0.0.200:48576 - "POST /v1/chat/completions HTTP/1.1" 200 OK
2026-02-02T01:06:26.9563824Z [0;36m(APIServer pid=135)[0;0m INFO:     10.0.0.200:48582 - "POST /v1/chat/completions HTTP/1.1" 200 OK
2026-02-02T01:06:26.9573256Z [0;36m(APIServer pid=135)[0;0m INFO:     10.0.0.200:48584 - "POST /v1/chat/completions HTTP/1.1" 200 OK
2026-02-02T01:06:26.9582159Z [0;36m(APIServer pid=135)[0;0m INFO:     10.0.0.200:48590 - "POST /v1/chat/completions HTTP/1.1" 200 OK
2026-02-02T01:06:26.9591603Z [0;36m(APIServer pid=135)[0;0m INFO:     10.0.0.200:48592 - "POST /v1/chat/completions HTTP/1.1" 200 OK
2026-02-02T01:06:26.9601632Z [0;36m(APIServer pid=135)[0;0m INFO:     10.0.0.200:48594 - "POST /v1/chat/completions HTTP/1.1" 200 OK
2026-02-02T01:06:27.7637113Z [0;36m(APIServer pid=135)[0;0m INFO:     10.0.0.200:48596 - "POST /v1/chat/completions HTTP/1.1" 200 OK
2026-02-02T01:06:27.7667690Z [0;36m(APIServer pid=135)[0;0m INFO:     10.0.0.200:48602 - "POST /v1/chat/completions HTTP/1.1" 200 OK
2026-02-02T01:06:27.8386791Z [0;36m(APIServer pid=135)[0;0m INFO:     10.0.0.200:48616 - "POST /v1/chat/completions HTTP/1.1" 200 OK
2026-02-02T01:06:27.8413559Z [0;36m(APIServer pid=135)[0;0m INFO:     10.0.0.200:48630 - "POST /v1/chat/completions HTTP/1.1" 200 OK
2026-02-02T01:06:27.8422403Z [0;36m(APIServer pid=135)[0;0m INFO:     10.0.0.200:48642 - "POST /v1/chat/completions HTTP/1.1" 200 OK
2026-02-02T01:06:27.8432961Z [0;36m(APIServer pid=135)[0;0m INFO:     10.0.0.200:48650 - "POST /v1/chat/completions HTTP/1.1" 200 OK
2026-02-02T01:06:27.8442975Z [0;36m(APIServer pid=135)[0;0m INFO:     10.0.0.200:48664 - "POST /v1/chat/completions HTTP/1.1" 200 OK
2026-02-02T01:06:27.8453659Z [0;36m(APIServer pid=135)[0;0m INFO:     10.0.0.200:48678 - "POST /v1/chat/completions HTTP/1.1" 200 OK
2026-02-02T01:06:27.8463065Z [0;36m(APIServer pid=135)[0;0m INFO:     10.0.0.200:48692 - "POST /v1/chat/completions HTTP/1.1" 200 OK
2026-02-02T01:06:28.6891075Z [0;36m(APIServer pid=135)[0;0m INFO:     10.0.0.200:48696 - "POST /v1/chat/completions HTTP/1.1" 200 OK
2026-02-02T01:06:28.6917378Z [0;36m(APIServer pid=135)[0;0m INFO:     10.0.0.200:48704 - "POST /v1/chat/completions HTTP/1.1" 200 OK
2026-02-02T01:06:28.7291647Z [0;36m(APIServer pid=135)[0;0m INFO:     10.0.0.200:48720 - "POST /v1/chat/completions HTTP/1.1" 200 OK
2026-02-02T01:06:28.7309547Z [0;36m(APIServer pid=135)[0;0m INFO:     10.0.0.200:48736 - "POST /v1/chat/completions HTTP/1.1" 200 OK
2026-02-02T01:06:28.7318878Z [0;36m(APIServer pid=135)[0;0m INFO:     10.0.0.200:48742 - "POST /v1/chat/completions HTTP/1.1" 200 OK
2026-02-02T01:06:28.7328726Z [0;36m(APIServer pid=135)[0;0m INFO:     10.0.0.200:48756 - "POST /v1/chat/completions HTTP/1.1" 200 OK
2026-02-02T01:06:28.7523400Z [0;36m(APIServer pid=135)[0;0m INFO:     10.0.0.200:48770 - "POST /v1/chat/completions HTTP/1.1" 200 OK
2026-02-02T01:06:28.7544830Z [0;36m(APIServer pid=135)[0;0m INFO:     10.0.0.200:48778 - "POST /v1/chat/completions HTTP/1.1" 200 OK
2026-02-02T01:06:29.6452830Z [0;36m(APIServer pid=135)[0;0m INFO:     10.0.0.200:48810 - "POST /v1/chat/completions HTTP/1.1" 200 OK
2026-02-02T01:06:29.6489878Z [0;36m(APIServer pid=135)[0;0m INFO:     10.0.0.200:48812 - "POST /v1/chat/completions HTTP/1.1" 200 OK
2026-02-02T01:06:29.6758093Z [0;36m(APIServer pid=135)[0;0m INFO:     10.0.0.200:48816 - "POST /v1/chat/completions HTTP/1.1" 200 OK
2026-02-02T01:06:29.6782439Z [0;36m(APIServer pid=135)[0;0m INFO:     10.0.0.200:48794 - "POST /v1/chat/completions HTTP/1.1" 200 OK
2026-02-02T01:06:29.6792673Z [0;36m(APIServer pid=135)[0;0m INFO:     10.0.0.200:48818 - "POST /v1/chat/completions HTTP/1.1" 200 OK
2026-02-02T01:06:29.7064017Z [0;36m(APIServer pid=135)[0;0m INFO:     10.0.0.200:48830 - "POST /v1/chat/completions HTTP/1.1" 200 OK
2026-02-02T01:06:29.7086768Z [0;36m(APIServer pid=135)[0;0m INFO:     10.0.0.200:48846 - "POST /v1/chat/completions HTTP/1.1" 200 OK
2026-02-02T01:06:29.7099642Z [0;36m(APIServer pid=135)[0;0m INFO:     10.0.0.200:48858 - "POST /v1/chat/completions HTTP/1.1" 200 OK
2026-02-02T01:06:30.4824817Z [0;36m(APIServer pid=135)[0;0m INFO:     10.0.0.183:42678 - "GET /health HTTP/1.1" 200 OK
2026-02-02T01:06:30.5943464Z [0;36m(APIServer pid=135)[0;0m INFO:     10.0.0.200:48866 - "POST /v1/chat/completions HTTP/1.1" 200 OK
2026-02-02T01:06:30.5973001Z [0;36m(APIServer pid=135)[0;0m INFO:     10.0.0.200:48864 - "POST /v1/chat/completions HTTP/1.1" 200 OK
2026-02-02T01:06:30.6661182Z [0;36m(APIServer pid=135)[0;0m INFO:     10.0.0.200:48884 - "POST /v1/chat/completions HTTP/1.1" 200 OK
2026-02-02T01:06:30.6684141Z [0;36m(APIServer pid=135)[0;0m INFO:     10.0.0.200:48878 - "POST /v1/chat/completions HTTP/1.1" 200 OK
2026-02-02T01:06:30.6695089Z [0;36m(APIServer pid=135)[0;0m INFO:     10.0.0.200:48892 - "POST /v1/chat/completions HTTP/1.1" 200 OK
2026-02-02T01:06:30.6704364Z [0;36m(APIServer pid=135)[0;0m INFO:     10.0.0.200:48908 - "POST /v1/chat/completions HTTP/1.1" 200 OK
2026-02-02T01:06:30.6714036Z [0;36m(APIServer pid=135)[0;0m INFO:     10.0.0.200:48918 - "POST /v1/chat/completions HTTP/1.1" 200 OK
2026-02-02T01:06:30.6724923Z [0;36m(APIServer pid=135)[0;0m INFO:     10.0.0.200:48934 - "POST /v1/chat/completions HTTP/1.1" 200 OK
2026-02-02T01:06:30.6734761Z [0;36m(APIServer pid=135)[0;0m INFO:     10.0.0.200:48938 - "POST /v1/chat/completions HTTP/1.1" 200 OK
2026-02-02T01:06:31.5287110Z [0;36m(APIServer pid=135)[0;0m INFO:     10.0.0.200:48942 - "POST /v1/chat/completions HTTP/1.1" 200 OK
2026-02-02T01:06:31.5902657Z [0;36m(APIServer pid=135)[0;0m INFO:     10.0.0.200:48948 - "POST /v1/chat/completions HTTP/1.1" 200 OK
2026-02-02T01:06:31.5935434Z [0;36m(APIServer pid=135)[0;0m INFO:     10.0.0.200:48960 - "POST /v1/chat/completions HTTP/1.1" 200 OK
2026-02-02T01:06:31.5946031Z [0;36m(APIServer pid=135)[0;0m INFO:     10.0.0.200:48974 - "POST /v1/chat/completions HTTP/1.1" 200 OK
2026-02-02T01:06:31.5955602Z [0;36m(APIServer pid=135)[0;0m INFO:     10.0.0.200:48988 - "POST /v1/chat/completions HTTP/1.1" 200 OK
2026-02-02T01:06:31.5967292Z [0;36m(APIServer pid=135)[0;0m INFO:     10.0.0.200:48980 - "POST /v1/chat/completions HTTP/1.1" 200 OK
2026-02-02T01:06:31.5977330Z [0;36m(APIServer pid=135)[0;0m INFO:     10.0.0.200:49000 - "POST /v1/chat/completions HTTP/1.1" 200 OK
2026-02-02T01:06:35.4863869Z [0;36m(APIServer pid=135)[0;0m INFO:     10.0.0.183:42682 - "GET /health HTTP/1.1" 200 OK
2026-02-02T01:06:35.5595252Z [0;36m(APIServer pid=135)[0;0m INFO 02-02 01:06:35 [loggers.py:248] Engine 000: Avg prompt throughput: 5978.4 tokens/s, Avg generation throughput: 25.5 tokens/s, Running: 17 reqs, Waiting: 0 reqs, GPU KV cache usage: 22.7%, Prefix cache hit rate: 0.0%
2026-02-02T01:06:35.5604093Z [0;36m(APIServer pid=135)[0;0m INFO 02-02 01:06:35 [loggers.py:248] Engine 001: Avg prompt throughput: 5651.4 tokens/s, Avg generation throughput: 23.3 tokens/s, Running: 16 reqs, Waiting: 0 reqs, GPU KV cache usage: 21.4%, Prefix cache hit rate: 0.0%
2026-02-02T01:06:35.5614076Z [0;36m(APIServer pid=135)[0;0m INFO 02-02 01:06:35 [loggers.py:248] Engine 002: Avg prompt throughput: 5216.4 tokens/s, Avg generation throughput: 22.1 tokens/s, Running: 15 reqs, Waiting: 0 reqs, GPU KV cache usage: 19.7%, Prefix cache hit rate: 0.0%
2026-02-02T01:06:35.5624333Z [0;36m(APIServer pid=135)[0;0m INFO 02-02 01:06:35 [loggers.py:248] Engine 003: Avg prompt throughput: 5635.9 tokens/s, Avg generation throughput: 24.2 tokens/s, Running: 16 reqs, Waiting: 0 reqs, GPU KV cache usage: 21.4%, Prefix cache hit rate: 0.0%
2026-02-02T01:06:40.4903091Z [0;36m(APIServer pid=135)[0;0m INFO:     10.0.0.183:33668 - "GET /health HTTP/1.1" 200 OK
2026-02-02T01:06:45.4931648Z [0;36m(APIServer pid=135)[0;0m INFO:     10.0.0.183:33676 - "GET /health HTTP/1.1" 200 OK
2026-02-02T01:06:45.5601759Z [0;36m(APIServer pid=135)[0;0m INFO 02-02 01:06:45 [loggers.py:248] Engine 000: Avg prompt throughput: 0.0 tokens/s, Avg generation throughput: 66.3 tokens/s, Running: 17 reqs, Waiting: 0 reqs, GPU KV cache usage: 22.8%, Prefix cache hit rate: 0.0%
2026-02-02T01:06:45.5611521Z [0;36m(APIServer pid=135)[0;0m INFO 02-02 01:06:45 [loggers.py:248] Engine 001: Avg prompt throughput: 0.0 tokens/s, Avg generation throughput: 62.4 tokens/s, Running: 16 reqs, Waiting: 0 reqs, GPU KV cache usage: 21.5%, Prefix cache hit rate: 0.0%
2026-02-02T01:06:45.5620952Z [0;36m(APIServer pid=135)[0;0m INFO 02-02 01:06:45 [loggers.py:248] Engine 002: Avg prompt throughput: 0.0 tokens/s, Avg generation throughput: 58.5 tokens/s, Running: 15 reqs, Waiting: 0 reqs, GPU KV cache usage: 19.9%, Prefix cache hit rate: 0.0%
2026-02-02T01:06:45.5631446Z [0;36m(APIServer pid=135)[0;0m INFO 02-02 01:06:45 [loggers.py:248] Engine 003: Avg prompt throughput: 0.0 tokens/s, Avg generation throughput: 62.4 tokens/s, Running: 16 reqs, Waiting: 0 reqs, GPU KV cache usage: 21.4%, Prefix cache hit rate: 0.0%
2026-02-02T01:06:50.4968721Z [0;36m(APIServer pid=135)[0;0m INFO:     10.0.0.183:42098 - "GET /health HTTP/1.1" 200 OK
2026-02-02T01:06:55.5006106Z [0;36m(APIServer pid=135)[0;0m INFO:     10.0.0.183:42114 - "GET /health HTTP/1.1" 200 OK
2026-02-02T01:06:55.5606559Z [0;36m(APIServer pid=135)[0;0m INFO 02-02 01:06:55 [loggers.py:248] Engine 000: Avg prompt throughput: 0.0 tokens/s, Avg generation throughput: 68.0 tokens/s, Running: 17 reqs, Waiting: 0 reqs, GPU KV cache usage: 23.3%, Prefix cache hit rate: 0.0%
2026-02-02T01:06:55.5615091Z [0;36m(APIServer pid=135)[0;0m INFO 02-02 01:06:55 [loggers.py:248] Engine 001: Avg prompt throughput: 0.0 tokens/s, Avg generation throughput: 64.0 tokens/s, Running: 16 reqs, Waiting: 0 reqs, GPU KV cache usage: 22.0%, Prefix cache hit rate: 0.0%
2026-02-02T01:06:55.5625601Z [0;36m(APIServer pid=135)[0;0m INFO 02-02 01:06:55 [loggers.py:248] Engine 002: Avg prompt throughput: 0.0 tokens/s, Avg generation throughput: 60.0 tokens/s, Running: 15 reqs, Waiting: 0 reqs, GPU KV cache usage: 20.3%, Prefix cache hit rate: 0.0%
2026-02-02T01:06:55.5638226Z [0;36m(APIServer pid=135)[0;0m INFO 02-02 01:06:55 [loggers.py:248] Engine 003: Avg prompt throughput: 0.0 tokens/s, Avg generation throughput: 64.0 tokens/s, Running: 16 reqs, Waiting: 0 reqs, GPU KV cache usage: 22.0%, Prefix cache hit rate: 0.0%
2026-02-02T01:07:00.5040081Z [0;36m(APIServer pid=135)[0;0m INFO:     10.0.0.183:50790 - "GET /health HTTP/1.1" 200 OK
2026-02-02T01:07:05.5070055Z [0;36m(APIServer pid=135)[0;0m INFO:     10.0.0.183:50796 - "GET /health HTTP/1.1" 200 OK
2026-02-02T01:07:05.5612175Z [0;36m(APIServer pid=135)[0;0m INFO 02-02 01:07:05 [loggers.py:248] Engine 000: Avg prompt throughput: 0.0 tokens/s, Avg generation throughput: 66.3 tokens/s, Running: 17 reqs, Waiting: 0 reqs, GPU KV cache usage: 23.5%, Prefix cache hit rate: 0.0%
2026-02-02T01:07:05.5620755Z [0;36m(APIServer pid=135)[0;0m INFO 02-02 01:07:05 [loggers.py:248] Engine 001: Avg prompt throughput: 0.0 tokens/s, Avg generation throughput: 62.4 tokens/s, Running: 16 reqs, Waiting: 0 reqs, GPU KV cache usage: 22.2%, Prefix cache hit rate: 0.0%
2026-02-02T01:07:05.5632046Z [0;36m(APIServer pid=135)[0;0m INFO 02-02 01:07:05 [loggers.py:248] Engine 002: Avg prompt throughput: 0.0 tokens/s, Avg generation throughput: 58.5 tokens/s, Running: 15 reqs, Waiting: 0 reqs, GPU KV cache usage: 20.4%, Prefix cache hit rate: 0.0%
2026-02-02T01:07:05.5641577Z [0;36m(APIServer pid=135)[0;0m INFO 02-02 01:07:05 [loggers.py:248] Engine 003: Avg prompt throughput: 0.0 tokens/s, Avg generation throughput: 62.4 tokens/s, Running: 16 reqs, Waiting: 0 reqs, GPU KV cache usage: 22.1%, Prefix cache hit rate: 0.0%
2026-02-02T01:07:10.5097175Z [0;36m(APIServer pid=135)[0;0m INFO:     10.0.0.183:36314 - "GET /health HTTP/1.1" 200 OK
2026-02-02T01:07:15.5150685Z [0;36m(APIServer pid=135)[0;0m INFO:     10.0.0.183:36322 - "GET /health HTTP/1.1" 200 OK
2026-02-02T01:07:15.5625372Z [0;36m(APIServer pid=135)[0;0m INFO 02-02 01:07:15 [loggers.py:248] Engine 000: Avg prompt throughput: 0.0 tokens/s, Avg generation throughput: 68.0 tokens/s, Running: 17 reqs, Waiting: 0 reqs, GPU KV cache usage: 23.6%, Prefix cache hit rate: 0.0%
2026-02-02T01:07:15.5633620Z [0;36m(APIServer pid=135)[0;0m INFO 02-02 01:07:15 [loggers.py:248] Engine 001: Avg prompt throughput: 0.0 tokens/s, Avg generation throughput: 64.0 tokens/s, Running: 16 reqs, Waiting: 0 reqs, GPU KV cache usage: 22.3%, Prefix cache hit rate: 0.0%
2026-02-02T01:07:15.5644238Z [0;36m(APIServer pid=135)[0;0m INFO 02-02 01:07:15 [loggers.py:248] Engine 002: Avg prompt throughput: 0.0 tokens/s, Avg generation throughput: 60.0 tokens/s, Running: 15 reqs, Waiting: 0 reqs, GPU KV cache usage: 20.6%, Prefix cache hit rate: 0.0%
2026-02-02T01:07:15.5654293Z [0;36m(APIServer pid=135)[0;0m INFO 02-02 01:07:15 [loggers.py:248] Engine 003: Avg prompt throughput: 0.0 tokens/s, Avg generation throughput: 64.0 tokens/s, Running: 16 reqs, Waiting: 0 reqs, GPU KV cache usage: 22.1%, Prefix cache hit rate: 0.0%
2026-02-02T01:07:20.5166505Z [0;36m(APIServer pid=135)[0;0m INFO:     10.0.0.183:43490 - "GET /health HTTP/1.1" 200 OK
2026-02-02T01:07:25.5207080Z [0;36m(APIServer pid=135)[0;0m INFO:     10.0.0.183:43494 - "GET /health HTTP/1.1" 200 OK
2026-02-02T01:07:25.5633093Z [0;36m(APIServer pid=135)[0;0m INFO 02-02 01:07:25 [loggers.py:248] Engine 000: Avg prompt throughput: 0.0 tokens/s, Avg generation throughput: 68.0 tokens/s, Running: 17 reqs, Waiting: 0 reqs, GPU KV cache usage: 24.1%, Prefix cache hit rate: 0.0%
2026-02-02T01:07:25.5643958Z [0;36m(APIServer pid=135)[0;0m INFO 02-02 01:07:25 [loggers.py:248] Engine 001: Avg prompt throughput: 0.0 tokens/s, Avg generation throughput: 64.0 tokens/s, Running: 16 reqs, Waiting: 0 reqs, GPU KV cache usage: 22.7%, Prefix cache hit rate: 0.0%
2026-02-02T01:07:25.5653624Z [0;36m(APIServer pid=135)[0;0m INFO 02-02 01:07:25 [loggers.py:248] Engine 002: Avg prompt throughput: 0.0 tokens/s, Avg generation throughput: 60.0 tokens/s, Running: 15 reqs, Waiting: 0 reqs, GPU KV cache usage: 21.0%, Prefix cache hit rate: 0.0%
2026-02-02T01:07:25.5664728Z [0;36m(APIServer pid=135)[0;0m INFO 02-02 01:07:25 [loggers.py:248] Engine 003: Avg prompt throughput: 0.0 tokens/s, Avg generation throughput: 64.0 tokens/s, Running: 16 reqs, Waiting: 0 reqs, GPU KV cache usage: 22.8%, Prefix cache hit rate: 0.0%
2026-02-02T01:07:30.5235195Z [0;36m(APIServer pid=135)[0;0m INFO:     10.0.0.183:37392 - "GET /health HTTP/1.1" 200 OK
2026-02-02T01:07:35.5264277Z [0;36m(APIServer pid=135)[0;0m INFO:     10.0.0.183:37394 - "GET /health HTTP/1.1" 200 OK
2026-02-02T01:07:35.5632090Z [0;36m(APIServer pid=135)[0;0m INFO 02-02 01:07:35 [loggers.py:248] Engine 000: Avg prompt throughput: 0.0 tokens/s, Avg generation throughput: 66.3 tokens/s, Running: 17 reqs, Waiting: 0 reqs, GPU KV cache usage: 24.2%, Prefix cache hit rate: 0.0%
2026-02-02T01:07:35.5643041Z [0;36m(APIServer pid=135)[0;0m INFO 02-02 01:07:35 [loggers.py:248] Engine 001: Avg prompt throughput: 0.0 tokens/s, Avg generation throughput: 62.4 tokens/s, Running: 16 reqs, Waiting: 0 reqs, GPU KV cache usage: 22.9%, Prefix cache hit rate: 0.0%
2026-02-02T01:07:35.5652068Z [0;36m(APIServer pid=135)[0;0m INFO 02-02 01:07:35 [loggers.py:248] Engine 002: Avg prompt throughput: 0.0 tokens/s, Avg generation throughput: 58.5 tokens/s, Running: 15 reqs, Waiting: 0 reqs, GPU KV cache usage: 21.1%, Prefix cache hit rate: 0.0%
2026-02-02T01:07:35.5661858Z [0;36m(APIServer pid=135)[0;0m INFO 02-02 01:07:35 [loggers.py:248] Engine 003: Avg prompt throughput: 0.0 tokens/s, Avg generation throughput: 62.4 tokens/s, Running: 16 reqs, Waiting: 0 reqs, GPU KV cache usage: 22.8%, Prefix cache hit rate: 0.0%
2026-02-02T01:07:36.2989294Z [0;36m(APIServer pid=135)[0;0m INFO:     10.0.0.200:42860 - "POST /v1/chat/completions HTTP/1.1" 200 OK
2026-02-02T01:07:36.3019489Z [0;36m(APIServer pid=135)[0;0m INFO:     10.0.0.200:42872 - "POST /v1/chat/completions HTTP/1.1" 200 OK
2026-02-02T01:07:36.3031241Z [0;36m(APIServer pid=135)[0;0m INFO:     10.0.0.200:42862 - "POST /v1/chat/completions HTTP/1.1" 200 OK
2026-02-02T01:07:36.4087074Z [0;36m(APIServer pid=135)[0;0m INFO:     10.0.0.200:42884 - "POST /v1/chat/completions HTTP/1.1" 200 OK
2026-02-02T01:07:36.4116248Z [0;36m(APIServer pid=135)[0;0m INFO:     10.0.0.200:42880 - "POST /v1/chat/completions HTTP/1.1" 200 OK
2026-02-02T01:07:36.4521409Z [0;36m(APIServer pid=135)[0;0m INFO:     10.0.0.200:42888 - "POST /v1/chat/completions HTTP/1.1" 200 OK
2026-02-02T01:07:36.4550896Z [0;36m(APIServer pid=135)[0;0m INFO:     10.0.0.200:42890 - "POST /v1/chat/completions HTTP/1.1" 200 OK
2026-02-02T01:07:36.4560284Z [0;36m(APIServer pid=135)[0;0m INFO:     10.0.0.200:42894 - "POST /v1/chat/completions HTTP/1.1" 200 OK
2026-02-02T01:07:36.4569880Z [0;36m(APIServer pid=135)[0;0m INFO:     10.0.0.200:42900 - "POST /v1/chat/completions HTTP/1.1" 200 OK
2026-02-02T01:07:36.9912834Z [0;36m(APIServer pid=135)[0;0m INFO:     10.0.0.200:42906 - "POST /v1/chat/completions HTTP/1.1" 200 OK
2026-02-02T01:07:36.9944341Z [0;36m(APIServer pid=135)[0;0m INFO:     10.0.0.200:42912 - "POST /v1/chat/completions HTTP/1.1" 200 OK
2026-02-02T01:07:37.0324500Z [0;36m(APIServer pid=135)[0;0m INFO:     10.0.0.200:42924 - "POST /v1/chat/completions HTTP/1.1" 200 OK
2026-02-02T01:07:37.0350544Z [0;36m(APIServer pid=135)[0;0m INFO:     10.0.0.200:42926 - "POST /v1/chat/completions HTTP/1.1" 200 OK
2026-02-02T01:07:37.0359687Z [0;36m(APIServer pid=135)[0;0m INFO:     10.0.0.200:42940 - "POST /v1/chat/completions HTTP/1.1" 200 OK
2026-02-02T01:07:37.0369275Z [0;36m(APIServer pid=135)[0;0m INFO:     10.0.0.200:42948 - "POST /v1/chat/completions HTTP/1.1" 200 OK
2026-02-02T01:07:37.9036551Z [0;36m(APIServer pid=135)[0;0m INFO:     10.0.0.200:42966 - "POST /v1/chat/completions HTTP/1.1" 200 OK
2026-02-02T01:07:37.9063786Z [0;36m(APIServer pid=135)[0;0m INFO:     10.0.0.200:42960 - "POST /v1/chat/completions HTTP/1.1" 200 OK
2026-02-02T01:07:37.9453722Z [0;36m(APIServer pid=135)[0;0m INFO:     10.0.0.200:42984 - "POST /v1/chat/completions HTTP/1.1" 200 OK
2026-02-02T01:07:37.9475292Z [0;36m(APIServer pid=135)[0;0m INFO:     10.0.0.200:42978 - "POST /v1/chat/completions HTTP/1.1" 200 OK
2026-02-02T01:07:37.9487909Z [0;36m(APIServer pid=135)[0;0m INFO:     10.0.0.200:42996 - "POST /v1/chat/completions HTTP/1.1" 200 OK
2026-02-02T01:07:37.9497416Z [0;36m(APIServer pid=135)[0;0m INFO:     10.0.0.200:42998 - "POST /v1/chat/completions HTTP/1.1" 200 OK
2026-02-02T01:07:38.7876599Z [0;36m(APIServer pid=135)[0;0m INFO:     10.0.0.200:43012 - "POST /v1/chat/completions HTTP/1.1" 200 OK
2026-02-02T01:07:38.7898973Z [0;36m(APIServer pid=135)[0;0m INFO:     10.0.0.200:43022 - "POST /v1/chat/completions HTTP/1.1" 200 OK
2026-02-02T01:07:38.7908436Z [0;36m(APIServer pid=135)[0;0m INFO:     10.0.0.200:43034 - "POST /v1/chat/completions HTTP/1.1" 200 OK
2026-02-02T01:07:38.8392715Z [0;36m(APIServer pid=135)[0;0m INFO:     10.0.0.200:43058 - "POST /v1/chat/completions HTTP/1.1" 200 OK
2026-02-02T01:07:38.8410811Z [0;36m(APIServer pid=135)[0;0m INFO:     10.0.0.200:43050 - "POST /v1/chat/completions HTTP/1.1" 200 OK
2026-02-02T01:07:38.8420688Z [0;36m(APIServer pid=135)[0;0m INFO:     10.0.0.200:43068 - "POST /v1/chat/completions HTTP/1.1" 200 OK
2026-02-02T01:07:38.8429241Z [0;36m(APIServer pid=135)[0;0m INFO:     10.0.0.200:43070 - "POST /v1/chat/completions HTTP/1.1" 200 OK
2026-02-02T01:07:38.8439337Z [0;36m(APIServer pid=135)[0;0m INFO:     10.0.0.200:43076 - "POST /v1/chat/completions HTTP/1.1" 200 OK
2026-02-02T01:07:39.6567549Z [0;36m(APIServer pid=135)[0;0m INFO:     10.0.0.200:43092 - "POST /v1/chat/completions HTTP/1.1" 200 OK
2026-02-02T01:07:39.6577882Z [0;36m(APIServer pid=135)[0;0m INFO:     10.0.0.200:43106 - "POST /v1/chat/completions HTTP/1.1" 200 OK
2026-02-02T01:07:39.7023476Z [0;36m(APIServer pid=135)[0;0m INFO:     10.0.0.200:43110 - "POST /v1/chat/completions HTTP/1.1" 200 OK
2026-02-02T01:07:39.7061039Z [0;36m(APIServer pid=135)[0;0m INFO:     10.0.0.200:43114 - "POST /v1/chat/completions HTTP/1.1" 200 OK
2026-02-02T01:07:39.7070447Z [0;36m(APIServer pid=135)[0;0m INFO:     10.0.0.200:43134 - "POST /v1/chat/completions HTTP/1.1" 200 OK
2026-02-02T01:07:39.7079273Z [0;36m(APIServer pid=135)[0;0m INFO:     10.0.0.200:43124 - "POST /v1/chat/completions HTTP/1.1" 200 OK
2026-02-02T01:07:39.7184315Z [0;36m(APIServer pid=135)[0;0m INFO:     10.0.0.200:43144 - "POST /v1/chat/completions HTTP/1.1" 200 OK
2026-02-02T01:07:39.7192832Z [0;36m(APIServer pid=135)[0;0m INFO:     10.0.0.200:43152 - "POST /v1/chat/completions HTTP/1.1" 200 OK
2026-02-02T01:07:40.5294244Z [0;36m(APIServer pid=135)[0;0m INFO:     10.0.0.183:53834 - "GET /health HTTP/1.1" 200 OK
2026-02-02T01:07:40.5800756Z [0;36m(APIServer pid=135)[0;0m INFO:     10.0.0.200:43160 - "POST /v1/chat/completions HTTP/1.1" 200 OK
2026-02-02T01:07:40.5812335Z [0;36m(APIServer pid=135)[0;0m INFO:     10.0.0.200:43162 - "POST /v1/chat/completions HTTP/1.1" 200 OK
2026-02-02T01:07:40.6613618Z [0;36m(APIServer pid=135)[0;0m INFO:     10.0.0.200:43164 - "POST /v1/chat/completions HTTP/1.1" 200 OK
2026-02-02T01:07:40.6642726Z [0;36m(APIServer pid=135)[0;0m INFO:     10.0.0.200:43178 - "POST /v1/chat/completions HTTP/1.1" 200 OK
2026-02-02T01:07:40.6652725Z [0;36m(APIServer pid=135)[0;0m INFO:     10.0.0.200:43194 - "POST /v1/chat/completions HTTP/1.1" 200 OK
2026-02-02T01:07:40.6661123Z [0;36m(APIServer pid=135)[0;0m INFO:     10.0.0.200:43210 - "POST /v1/chat/completions HTTP/1.1" 200 OK
2026-02-02T01:07:40.6670999Z [0;36m(APIServer pid=135)[0;0m INFO:     10.0.0.200:43226 - "POST /v1/chat/completions HTTP/1.1" 200 OK
2026-02-02T01:07:40.6681411Z [0;36m(APIServer pid=135)[0;0m INFO:     10.0.0.200:43240 - "POST /v1/chat/completions HTTP/1.1" 200 OK
2026-02-02T01:07:40.6690767Z [0;36m(APIServer pid=135)[0;0m INFO:     10.0.0.200:43256 - "POST /v1/chat/completions HTTP/1.1" 200 OK
2026-02-02T01:07:40.6700970Z [0;36m(APIServer pid=135)[0;0m INFO:     10.0.0.200:43272 - "POST /v1/chat/completions HTTP/1.1" 200 OK
2026-02-02T01:07:41.5169706Z [0;36m(APIServer pid=135)[0;0m INFO:     10.0.0.200:43294 - "POST /v1/chat/completions HTTP/1.1" 200 OK
2026-02-02T01:07:41.5194034Z [0;36m(APIServer pid=135)[0;0m INFO:     10.0.0.200:43280 - "POST /v1/chat/completions HTTP/1.1" 200 OK
2026-02-02T01:07:41.5789162Z [0;36m(APIServer pid=135)[0;0m INFO:     10.0.0.200:43304 - "POST /v1/chat/completions HTTP/1.1" 200 OK
2026-02-02T01:07:41.5815190Z [0;36m(APIServer pid=135)[0;0m INFO:     10.0.0.200:43320 - "POST /v1/chat/completions HTTP/1.1" 200 OK
2026-02-02T01:07:41.5823909Z [0;36m(APIServer pid=135)[0;0m INFO:     10.0.0.200:43334 - "POST /v1/chat/completions HTTP/1.1" 200 OK
2026-02-02T01:07:41.5832966Z [0;36m(APIServer pid=135)[0;0m INFO:     10.0.0.200:43350 - "POST /v1/chat/completions HTTP/1.1" 200 OK
2026-02-02T01:07:41.5841904Z [0;36m(APIServer pid=135)[0;0m INFO:     10.0.0.200:43356 - "POST /v1/chat/completions HTTP/1.1" 200 OK
2026-02-02T01:07:41.5853585Z [0;36m(APIServer pid=135)[0;0m INFO:     10.0.0.200:43370 - "POST /v1/chat/completions HTTP/1.1" 200 OK
2026-02-02T01:07:45.5080736Z [0;36m(APIServer pid=135)[0;0m INFO:     10.0.0.200:48248 - "POST /v1/chat/completions HTTP/1.1" 200 OK
2026-02-02T01:07:45.5101156Z [0;36m(APIServer pid=135)[0;0m INFO:     10.0.0.200:48250 - "POST /v1/chat/completions HTTP/1.1" 200 OK
2026-02-02T01:07:45.5376606Z [0;36m(APIServer pid=135)[0;0m INFO:     10.0.0.183:53846 - "GET /health HTTP/1.1" 200 OK
2026-02-02T01:07:45.5413661Z [0;36m(APIServer pid=135)[0;0m INFO:     10.0.0.200:48262 - "POST /v1/chat/completions HTTP/1.1" 200 OK
2026-02-02T01:07:45.5471512Z [0;36m(APIServer pid=135)[0;0m INFO:     10.0.0.200:48270 - "POST /v1/chat/completions HTTP/1.1" 200 OK
2026-02-02T01:07:45.5482522Z [0;36m(APIServer pid=135)[0;0m INFO:     10.0.0.200:48280 - "POST /v1/chat/completions HTTP/1.1" 200 OK
2026-02-02T01:07:45.5662701Z [0;36m(APIServer pid=135)[0;0m INFO 02-02 01:07:45 [loggers.py:248] Engine 000: Avg prompt throughput: 4235.7 tokens/s, Avg generation throughput: 16.5 tokens/s, Running: 13 reqs, Waiting: 0 reqs, GPU KV cache usage: 17.5%, Prefix cache hit rate: 0.0%
2026-02-02T01:07:45.5687916Z [0;36m(APIServer pid=135)[0;0m INFO 02-02 01:07:45 [loggers.py:248] Engine 001: Avg prompt throughput: 3889.8 tokens/s, Avg generation throughput: 16.3 tokens/s, Running: 12 reqs, Waiting: 0 reqs, GPU KV cache usage: 15.6%, Prefix cache hit rate: 0.0%
2026-02-02T01:07:45.5697233Z [0;36m(APIServer pid=135)[0;0m INFO 02-02 01:07:45 [loggers.py:248] Engine 002: Avg prompt throughput: 3491.4 tokens/s, Avg generation throughput: 15.8 tokens/s, Running: 11 reqs, Waiting: 0 reqs, GPU KV cache usage: 13.8%, Prefix cache hit rate: 0.0%
2026-02-02T01:07:45.5708272Z [0;36m(APIServer pid=135)[0;0m INFO 02-02 01:07:45 [loggers.py:248] Engine 003: Avg prompt throughput: 3853.3 tokens/s, Avg generation throughput: 15.7 tokens/s, Running: 12 reqs, Waiting: 0 reqs, GPU KV cache usage: 15.1%, Prefix cache hit rate: 0.0%
2026-02-02T01:07:45.5733335Z [0;36m(APIServer pid=135)[0;0m INFO:     10.0.0.200:48292 - "POST /v1/chat/completions HTTP/1.1" 200 OK
2026-02-02T01:07:45.5746288Z [0;36m(APIServer pid=135)[0;0m INFO:     10.0.0.200:48296 - "POST /v1/chat/completions HTTP/1.1" 200 OK
2026-02-02T01:07:45.5756738Z [0;36m(APIServer pid=135)[0;0m INFO:     10.0.0.200:48310 - "POST /v1/chat/completions HTTP/1.1" 200 OK
2026-02-02T01:07:46.4415541Z [0;36m(APIServer pid=135)[0;0m INFO:     10.0.0.200:48326 - "POST /v1/chat/completions HTTP/1.1" 200 OK
2026-02-02T01:07:50.5415824Z [0;36m(APIServer pid=135)[0;0m INFO:     10.0.0.183:56512 - "GET /health HTTP/1.1" 200 OK
2026-02-02T01:07:55.5446648Z [0;36m(APIServer pid=135)[0;0m INFO:     10.0.0.183:56516 - "GET /health HTTP/1.1" 200 OK
2026-02-02T01:07:55.5676056Z [0;36m(APIServer pid=135)[0;0m INFO 02-02 01:07:55 [loggers.py:248] Engine 000: Avg prompt throughput: 1050.7 tokens/s, Avg generation throughput: 47.9 tokens/s, Running: 15 reqs, Waiting: 0 reqs, GPU KV cache usage: 20.1%, Prefix cache hit rate: 0.0%
2026-02-02T01:07:55.5686107Z [0;36m(APIServer pid=135)[0;0m INFO 02-02 01:07:55 [loggers.py:248] Engine 001: Avg prompt throughput: 2122.0 tokens/s, Avg generation throughput: 53.9 tokens/s, Running: 17 reqs, Waiting: 0 reqs, GPU KV cache usage: 22.8%, Prefix cache hit rate: 0.0%
2026-02-02T01:07:55.5696527Z [0;36m(APIServer pid=135)[0;0m INFO 02-02 01:07:55 [loggers.py:248] Engine 002: Avg prompt throughput: 2109.9 tokens/s, Avg generation throughput: 50.7 tokens/s, Running: 16 reqs, Waiting: 0 reqs, GPU KV cache usage: 21.4%, Prefix cache hit rate: 0.0%
2026-02-02T01:07:55.5707185Z [0;36m(APIServer pid=135)[0;0m INFO 02-02 01:07:55 [loggers.py:248] Engine 003: Avg prompt throughput: 1765.5 tokens/s, Avg generation throughput: 50.8 tokens/s, Running: 16 reqs, Waiting: 0 reqs, GPU KV cache usage: 21.4%, Prefix cache hit rate: 0.0%
2026-02-02T01:08:00.5487823Z [0;36m(APIServer pid=135)[0;0m INFO:     10.0.0.183:44202 - "GET /health HTTP/1.1" 200 OK
2026-02-02T01:08:05.5527528Z [0;36m(APIServer pid=135)[0;0m INFO:     10.0.0.183:44218 - "GET /health HTTP/1.1" 200 OK
2026-02-02T01:08:05.5685968Z [0;36m(APIServer pid=135)[0;0m INFO 02-02 01:08:05 [loggers.py:248] Engine 000: Avg prompt throughput: 0.0 tokens/s, Avg generation throughput: 60.0 tokens/s, Running: 15 reqs, Waiting: 0 reqs, GPU KV cache usage: 20.6%, Prefix cache hit rate: 0.0%
2026-02-02T01:08:05.5697575Z [0;36m(APIServer pid=135)[0;0m INFO 02-02 01:08:05 [loggers.py:248] Engine 001: Avg prompt throughput: 0.0 tokens/s, Avg generation throughput: 68.0 tokens/s, Running: 17 reqs, Waiting: 0 reqs, GPU KV cache usage: 23.4%, Prefix cache hit rate: 0.0%
2026-02-02T01:08:05.5706905Z [0;36m(APIServer pid=135)[0;0m INFO 02-02 01:08:05 [loggers.py:248] Engine 002: Avg prompt throughput: 0.0 tokens/s, Avg generation throughput: 64.0 tokens/s, Running: 16 reqs, Waiting: 0 reqs, GPU KV cache usage: 21.6%, Prefix cache hit rate: 0.0%
2026-02-02T01:08:05.5716690Z [0;36m(APIServer pid=135)[0;0m INFO 02-02 01:08:05 [loggers.py:248] Engine 003: Avg prompt throughput: 0.0 tokens/s, Avg generation throughput: 64.0 tokens/s, Running: 16 reqs, Waiting: 0 reqs, GPU KV cache usage: 21.9%, Prefix cache hit rate: 0.0%
2026-02-02T01:08:10.5558545Z [0;36m(APIServer pid=135)[0;0m INFO:     10.0.0.183:46608 - "GET /health HTTP/1.1" 200 OK
2026-02-02T01:08:15.5610947Z [0;36m(APIServer pid=135)[0;0m INFO:     10.0.0.183:46620 - "GET /health HTTP/1.1" 200 OK
2026-02-02T01:08:15.5693973Z [0;36m(APIServer pid=135)[0;0m INFO 02-02 01:08:15 [loggers.py:248] Engine 000: Avg prompt throughput: 0.0 tokens/s, Avg generation throughput: 58.5 tokens/s, Running: 15 reqs, Waiting: 0 reqs, GPU KV cache usage: 20.6%, Prefix cache hit rate: 0.0%
2026-02-02T01:08:15.5708990Z [0;36m(APIServer pid=135)[0;0m INFO 02-02 01:08:15 [loggers.py:248] Engine 001: Avg prompt throughput: 0.0 tokens/s, Avg generation throughput: 66.3 tokens/s, Running: 17 reqs, Waiting: 0 reqs, GPU KV cache usage: 23.5%, Prefix cache hit rate: 0.0%
2026-02-02T01:08:15.5719671Z [0;36m(APIServer pid=135)[0;0m INFO 02-02 01:08:15 [loggers.py:248] Engine 002: Avg prompt throughput: 0.0 tokens/s, Avg generation throughput: 62.4 tokens/s, Running: 16 reqs, Waiting: 0 reqs, GPU KV cache usage: 21.9%, Prefix cache hit rate: 0.0%
2026-02-02T01:08:15.5729599Z [0;36m(APIServer pid=135)[0;0m INFO 02-02 01:08:15 [loggers.py:248] Engine 003: Avg prompt throughput: 0.0 tokens/s, Avg generation throughput: 62.4 tokens/s, Running: 16 reqs, Waiting: 0 reqs, GPU KV cache usage: 21.9%, Prefix cache hit rate: 0.0%
2026-02-02T01:08:20.5623441Z [0;36m(APIServer pid=135)[0;0m INFO:     10.0.0.183:39136 - "GET /health HTTP/1.1" 200 OK
2026-02-02T01:08:25.5658434Z [0;36m(APIServer pid=135)[0;0m INFO:     10.0.0.183:39146 - "GET /health HTTP/1.1" 200 OK
2026-02-02T01:08:25.5698459Z [0;36m(APIServer pid=135)[0;0m INFO 02-02 01:08:25 [loggers.py:248] Engine 000: Avg prompt throughput: 0.0 tokens/s, Avg generation throughput: 60.0 tokens/s, Running: 15 reqs, Waiting: 0 reqs, GPU KV cache usage: 20.8%, Prefix cache hit rate: 0.0%
2026-02-02T01:08:25.5716316Z [0;36m(APIServer pid=135)[0;0m INFO 02-02 01:08:25 [loggers.py:248] Engine 001: Avg prompt throughput: 0.0 tokens/s, Avg generation throughput: 68.0 tokens/s, Running: 17 reqs, Waiting: 0 reqs, GPU KV cache usage: 23.6%, Prefix cache hit rate: 0.0%
2026-02-02T01:08:25.5725069Z [0;36m(APIServer pid=135)[0;0m INFO 02-02 01:08:25 [loggers.py:248] Engine 002: Avg prompt throughput: 0.0 tokens/s, Avg generation throughput: 64.0 tokens/s, Running: 16 reqs, Waiting: 0 reqs, GPU KV cache usage: 22.1%, Prefix cache hit rate: 0.0%
2026-02-02T01:08:25.5735416Z [0;36m(APIServer pid=135)[0;0m INFO 02-02 01:08:25 [loggers.py:248] Engine 003: Avg prompt throughput: 0.0 tokens/s, Avg generation throughput: 64.0 tokens/s, Running: 16 reqs, Waiting: 0 reqs, GPU KV cache usage: 22.1%, Prefix cache hit rate: 0.0%
2026-02-02T01:08:30.5684627Z [0;36m(APIServer pid=135)[0;0m INFO:     10.0.0.183:52320 - "GET /health HTTP/1.1" 200 OK
2026-02-02T01:08:35.5706894Z [0;36m(APIServer pid=135)[0;0m INFO 02-02 01:08:35 [loggers.py:248] Engine 000: Avg prompt throughput: 0.0 tokens/s, Avg generation throughput: 58.5 tokens/s, Running: 15 reqs, Waiting: 0 reqs, GPU KV cache usage: 21.3%, Prefix cache hit rate: 0.0%
2026-02-02T01:08:35.5716170Z [0;36m(APIServer pid=135)[0;0m INFO 02-02 01:08:35 [loggers.py:248] Engine 001: Avg prompt throughput: 0.0 tokens/s, Avg generation throughput: 66.3 tokens/s, Running: 17 reqs, Waiting: 0 reqs, GPU KV cache usage: 24.2%, Prefix cache hit rate: 0.0%
2026-02-02T01:08:35.5726563Z [0;36m(APIServer pid=135)[0;0m INFO 02-02 01:08:35 [loggers.py:248] Engine 002: Avg prompt throughput: 0.0 tokens/s, Avg generation throughput: 62.4 tokens/s, Running: 16 reqs, Waiting: 0 reqs, GPU KV cache usage: 22.4%, Prefix cache hit rate: 0.0%
2026-02-02T01:08:35.5736733Z [0;36m(APIServer pid=135)[0;0m INFO 02-02 01:08:35 [loggers.py:248] Engine 003: Avg prompt throughput: 0.0 tokens/s, Avg generation throughput: 62.4 tokens/s, Running: 16 reqs, Waiting: 0 reqs, GPU KV cache usage: 22.7%, Prefix cache hit rate: 0.0%
2026-02-02T01:08:35.5745437Z [0;36m(APIServer pid=135)[0;0m INFO:     10.0.0.183:52334 - "GET /health HTTP/1.1" 200 OK
2026-02-02T01:08:40.5759402Z [0;36m(APIServer pid=135)[0;0m INFO:     10.0.0.183:51514 - "GET /health HTTP/1.1" 200 OK
2026-02-02T01:08:45.5701870Z [0;36m(APIServer pid=135)[0;0m INFO 02-02 01:08:45 [loggers.py:248] Engine 000: Avg prompt throughput: 0.0 tokens/s, Avg generation throughput: 60.0 tokens/s, Running: 15 reqs, Waiting: 0 reqs, GPU KV cache usage: 21.3%, Prefix cache hit rate: 0.0%
2026-02-02T01:08:45.5718301Z [0;36m(APIServer pid=135)[0;0m INFO 02-02 01:08:45 [loggers.py:248] Engine 001: Avg prompt throughput: 0.0 tokens/s, Avg generation throughput: 68.0 tokens/s, Running: 17 reqs, Waiting: 0 reqs, GPU KV cache usage: 24.3%, Prefix cache hit rate: 0.0%
2026-02-02T01:08:45.5724538Z [0;36m(APIServer pid=135)[0;0m INFO 02-02 01:08:45 [loggers.py:248] Engine 002: Avg prompt throughput: 0.0 tokens/s, Avg generation throughput: 64.0 tokens/s, Running: 16 reqs, Waiting: 0 reqs, GPU KV cache usage: 22.5%, Prefix cache hit rate: 0.0%
2026-02-02T01:08:45.5733882Z [0;36m(APIServer pid=135)[0;0m INFO 02-02 01:08:45 [loggers.py:248] Engine 003: Avg prompt throughput: 0.0 tokens/s, Avg generation throughput: 64.0 tokens/s, Running: 16 reqs, Waiting: 0 reqs, GPU KV cache usage: 22.7%, Prefix cache hit rate: 0.0%
2026-02-02T01:08:45.5801085Z [0;36m(APIServer pid=135)[0;0m INFO:     10.0.0.183:51522 - "GET /health HTTP/1.1" 200 OK
2026-02-02T01:08:50.2293537Z [0;36m(APIServer pid=135)[0;0m INFO:     10.0.0.200:45972 - "POST /v1/chat/completions HTTP/1.1" 200 OK
2026-02-02T01:08:50.2303869Z [0;36m(APIServer pid=135)[0;0m INFO:     10.0.0.200:45984 - "POST /v1/chat/completions HTTP/1.1" 200 OK
2026-02-02T01:08:50.2325547Z [0;36m(APIServer pid=135)[0;0m INFO:     10.0.0.200:45986 - "POST /v1/chat/completions HTTP/1.1" 200 OK
2026-02-02T01:08:50.3378274Z [0;36m(APIServer pid=135)[0;0m INFO:     10.0.0.200:46016 - "POST /v1/chat/completions HTTP/1.1" 200 OK
2026-02-02T01:08:50.3403247Z [0;36m(APIServer pid=135)[0;0m INFO:     10.0.0.200:46002 - "POST /v1/chat/completions HTTP/1.1" 200 OK
2026-02-02T01:08:50.3693279Z [0;36m(APIServer pid=135)[0;0m INFO:     10.0.0.200:46026 - "POST /v1/chat/completions HTTP/1.1" 200 OK
2026-02-02T01:08:50.3718758Z [0;36m(APIServer pid=135)[0;0m INFO:     10.0.0.200:46028 - "POST /v1/chat/completions HTTP/1.1" 200 OK
2026-02-02T01:08:50.3728585Z [0;36m(APIServer pid=135)[0;0m INFO:     10.0.0.200:46032 - "POST /v1/chat/completions HTTP/1.1" 200 OK
2026-02-02T01:08:50.3825856Z [0;36m(APIServer pid=135)[0;0m INFO:     10.0.0.200:46044 - "POST /v1/chat/completions HTTP/1.1" 200 OK
2026-02-02T01:08:50.5830995Z [0;36m(APIServer pid=135)[0;0m INFO:     10.0.0.183:46318 - "GET /health HTTP/1.1" 200 OK
2026-02-02T01:08:50.8795925Z [0;36m(APIServer pid=135)[0;0m INFO:     10.0.0.200:46052 - "POST /v1/chat/completions HTTP/1.1" 200 OK
2026-02-02T01:08:50.8822192Z [0;36m(APIServer pid=135)[0;0m INFO:     10.0.0.200:46066 - "POST /v1/chat/completions HTTP/1.1" 200 OK
2026-02-02T01:08:50.9218481Z [0;36m(APIServer pid=135)[0;0m INFO:     10.0.0.200:46070 - "POST /v1/chat/completions HTTP/1.1" 200 OK
2026-02-02T01:08:50.9247556Z [0;36m(APIServer pid=135)[0;0m INFO:     10.0.0.200:46084 - "POST /v1/chat/completions HTTP/1.1" 200 OK
2026-02-02T01:08:50.9257853Z [0;36m(APIServer pid=135)[0;0m INFO:     10.0.0.200:46100 - "POST /v1/chat/completions HTTP/1.1" 200 OK
2026-02-02T01:08:50.9267355Z [0;36m(APIServer pid=135)[0;0m INFO:     10.0.0.200:46114 - "POST /v1/chat/completions HTTP/1.1" 200 OK
2026-02-02T01:08:51.7722842Z [0;36m(APIServer pid=135)[0;0m INFO:     10.0.0.200:46126 - "POST /v1/chat/completions HTTP/1.1" 200 OK
2026-02-02T01:08:51.7749267Z [0;36m(APIServer pid=135)[0;0m INFO:     10.0.0.200:46132 - "POST /v1/chat/completions HTTP/1.1" 200 OK
2026-02-02T01:08:51.8023441Z [0;36m(APIServer pid=135)[0;0m INFO:     10.0.0.200:46136 - "POST /v1/chat/completions HTTP/1.1" 200 OK
2026-02-02T01:08:51.8062990Z [0;36m(APIServer pid=135)[0;0m INFO:     10.0.0.200:46150 - "POST /v1/chat/completions HTTP/1.1" 200 OK
2026-02-02T01:08:51.8070548Z [0;36m(APIServer pid=135)[0;0m INFO:     10.0.0.200:46160 - "POST /v1/chat/completions HTTP/1.1" 200 OK
2026-02-02T01:08:51.8161284Z [0;36m(APIServer pid=135)[0;0m INFO:     10.0.0.200:46154 - "POST /v1/chat/completions HTTP/1.1" 200 OK
2026-02-02T01:08:52.5879118Z [0;36m(APIServer pid=135)[0;0m INFO:     10.0.0.200:40512 - "POST /v1/chat/completions HTTP/1.1" 200 OK
2026-02-02T01:08:52.5907154Z [0;36m(APIServer pid=135)[0;0m INFO:     10.0.0.200:40504 - "POST /v1/chat/completions HTTP/1.1" 200 OK
2026-02-02T01:08:52.6378302Z [0;36m(APIServer pid=135)[0;0m INFO:     10.0.0.200:40520 - "POST /v1/chat/completions HTTP/1.1" 200 OK
2026-02-02T01:08:52.6408381Z [0;36m(APIServer pid=135)[0;0m INFO:     10.0.0.200:40524 - "POST /v1/chat/completions HTTP/1.1" 200 OK
2026-02-02T01:08:52.6418159Z [0;36m(APIServer pid=135)[0;0m INFO:     10.0.0.200:40530 - "POST /v1/chat/completions HTTP/1.1" 200 OK
2026-02-02T01:08:52.6427580Z [0;36m(APIServer pid=135)[0;0m INFO:     10.0.0.200:40540 - "POST /v1/chat/completions HTTP/1.1" 200 OK
2026-02-02T01:08:52.6437561Z [0;36m(APIServer pid=135)[0;0m INFO:     10.0.0.200:40550 - "POST /v1/chat/completions HTTP/1.1" 200 OK
2026-02-02T01:08:53.4632809Z [0;36m(APIServer pid=135)[0;0m INFO:     10.0.0.200:40554 - "POST /v1/chat/completions HTTP/1.1" 200 OK
2026-02-02T01:08:53.4640096Z [0;36m(APIServer pid=135)[0;0m INFO:     10.0.0.200:40572 - "POST /v1/chat/completions HTTP/1.1" 200 OK
2026-02-02T01:08:53.5150006Z [0;36m(APIServer pid=135)[0;0m INFO:     10.0.0.200:40558 - "POST /v1/chat/completions HTTP/1.1" 200 OK
2026-02-02T01:08:53.5173898Z [0;36m(APIServer pid=135)[0;0m INFO:     10.0.0.200:40586 - "POST /v1/chat/completions HTTP/1.1" 200 OK
2026-02-02T01:08:53.5183625Z [0;36m(APIServer pid=135)[0;0m INFO:     10.0.0.200:40596 - "POST /v1/chat/completions HTTP/1.1" 200 OK
2026-02-02T01:08:53.5193173Z [0;36m(APIServer pid=135)[0;0m INFO:     10.0.0.200:40600 - "POST /v1/chat/completions HTTP/1.1" 200 OK
2026-02-02T01:08:53.5202275Z [0;36m(APIServer pid=135)[0;0m INFO:     10.0.0.200:40610 - "POST /v1/chat/completions HTTP/1.1" 200 OK
2026-02-02T01:08:54.3468911Z [0;36m(APIServer pid=135)[0;0m INFO:     10.0.0.200:40622 - "POST /v1/chat/completions HTTP/1.1" 200 OK
2026-02-02T01:08:54.3496871Z [0;36m(APIServer pid=135)[0;0m INFO:     10.0.0.200:40624 - "POST /v1/chat/completions HTTP/1.1" 200 OK
2026-02-02T01:08:54.4163384Z [0;36m(APIServer pid=135)[0;0m INFO:     10.0.0.200:40628 - "POST /v1/chat/completions HTTP/1.1" 200 OK
2026-02-02T01:08:54.4190114Z [0;36m(APIServer pid=135)[0;0m INFO:     10.0.0.200:40646 - "POST /v1/chat/completions HTTP/1.1" 200 OK
2026-02-02T01:08:54.4199863Z [0;36m(APIServer pid=135)[0;0m INFO:     10.0.0.200:40626 - "POST /v1/chat/completions HTTP/1.1" 200 OK
2026-02-02T01:08:54.4209269Z [0;36m(APIServer pid=135)[0;0m INFO:     10.0.0.200:40652 - "POST /v1/chat/completions HTTP/1.1" 200 OK
2026-02-02T01:08:54.4218617Z [0;36m(APIServer pid=135)[0;0m INFO:     10.0.0.200:40664 - "POST /v1/chat/completions HTTP/1.1" 200 OK
2026-02-02T01:08:54.4228123Z [0;36m(APIServer pid=135)[0;0m INFO:     10.0.0.200:40678 - "POST /v1/chat/completions HTTP/1.1" 200 OK
2026-02-02T01:08:54.4237151Z [0;36m(APIServer pid=135)[0;0m INFO:     10.0.0.200:40686 - "POST /v1/chat/completions HTTP/1.1" 200 OK
2026-02-02T01:08:55.2608742Z [0;36m(APIServer pid=135)[0;0m INFO:     10.0.0.200:40694 - "POST /v1/chat/completions HTTP/1.1" 200 OK
2026-02-02T01:08:55.2615223Z [0;36m(APIServer pid=135)[0;0m INFO:     10.0.0.200:40704 - "POST /v1/chat/completions HTTP/1.1" 200 OK
2026-02-02T01:08:55.3161527Z [0;36m(APIServer pid=135)[0;0m INFO:     10.0.0.200:40718 - "POST /v1/chat/completions HTTP/1.1" 200 OK
2026-02-02T01:08:55.3163946Z [0;36m(APIServer pid=135)[0;0m INFO:     10.0.0.200:40728 - "POST /v1/chat/completions HTTP/1.1" 200 OK
2026-02-02T01:08:55.3170142Z [0;36m(APIServer pid=135)[0;0m INFO:     10.0.0.200:40734 - "POST /v1/chat/completions HTTP/1.1" 200 OK
2026-02-02T01:08:55.3189543Z [0;36m(APIServer pid=135)[0;0m INFO:     10.0.0.200:40742 - "POST /v1/chat/completions HTTP/1.1" 200 OK
2026-02-02T01:08:55.3190125Z [0;36m(APIServer pid=135)[0;0m INFO:     10.0.0.200:40752 - "POST /v1/chat/completions HTTP/1.1" 200 OK
2026-02-02T01:08:55.5699875Z [0;36m(APIServer pid=135)[0;0m INFO 02-02 01:08:55 [loggers.py:248] Engine 000: Avg prompt throughput: 3859.1 tokens/s, Avg generation throughput: 38.9 tokens/s, Running: 13 reqs, Waiting: 0 reqs, GPU KV cache usage: 17.5%, Prefix cache hit rate: 0.0%
2026-02-02T01:08:55.5707192Z [0;36m(APIServer pid=135)[0;0m INFO 02-02 01:08:55 [loggers.py:248] Engine 001: Avg prompt throughput: 2426.6 tokens/s, Avg generation throughput: 42.2 tokens/s, Running: 11 reqs, Waiting: 0 reqs, GPU KV cache usage: 14.9%, Prefix cache hit rate: 0.0%
2026-02-02T01:08:55.5717411Z [0;36m(APIServer pid=135)[0;0m INFO 02-02 01:08:55 [loggers.py:248] Engine 002: Avg prompt throughput: 2784.2 tokens/s, Avg generation throughput: 40.8 tokens/s, Running: 12 reqs, Waiting: 0 reqs, GPU KV cache usage: 16.3%, Prefix cache hit rate: 0.0%
2026-02-02T01:08:55.5727112Z [0;36m(APIServer pid=135)[0;0m INFO 02-02 01:08:55 [loggers.py:248] Engine 003: Avg prompt throughput: 2803.3 tokens/s, Avg generation throughput: 40.0 tokens/s, Running: 12 reqs, Waiting: 0 reqs, GPU KV cache usage: 15.5%, Prefix cache hit rate: 0.0%
2026-02-02T01:08:55.5906422Z [0;36m(APIServer pid=135)[0;0m INFO:     10.0.0.183:46328 - "GET /health HTTP/1.1" 200 OK
2026-02-02T01:08:56.2096279Z [0;36m(APIServer pid=135)[0;0m INFO:     10.0.0.200:40774 - "POST /v1/chat/completions HTTP/1.1" 200 OK
2026-02-02T01:08:56.2149103Z [0;36m(APIServer pid=135)[0;0m INFO:     10.0.0.200:40786 - "POST /v1/chat/completions HTTP/1.1" 200 OK
2026-02-02T01:08:56.2934988Z [0;36m(APIServer pid=135)[0;0m INFO:     10.0.0.200:40790 - "POST /v1/chat/completions HTTP/1.1" 200 OK
2026-02-02T01:08:56.2944246Z [0;36m(APIServer pid=135)[0;0m INFO:     10.0.0.200:40768 - "POST /v1/chat/completions HTTP/1.1" 200 OK
2026-02-02T01:08:56.2954053Z [0;36m(APIServer pid=135)[0;0m INFO:     10.0.0.200:40788 - "POST /v1/chat/completions HTTP/1.1" 200 OK
2026-02-02T01:08:56.2964155Z [0;36m(APIServer pid=135)[0;0m INFO:     10.0.0.200:40802 - "POST /v1/chat/completions HTTP/1.1" 200 OK
2026-02-02T01:08:56.2974271Z [0;36m(APIServer pid=135)[0;0m INFO:     10.0.0.200:40806 - "POST /v1/chat/completions HTTP/1.1" 200 OK
2026-02-02T01:08:56.2984411Z [0;36m(APIServer pid=135)[0;0m INFO:     10.0.0.200:40822 - "POST /v1/chat/completions HTTP/1.1" 200 OK
2026-02-02T01:08:56.2994477Z [0;36m(APIServer pid=135)[0;0m INFO:     10.0.0.200:40838 - "POST /v1/chat/completions HTTP/1.1" 200 OK
2026-02-02T01:08:56.3004834Z [0;36m(APIServer pid=135)[0;0m INFO:     10.0.0.200:40846 - "POST /v1/chat/completions HTTP/1.1" 200 OK
2026-02-02T01:08:57.1564948Z [0;36m(APIServer pid=135)[0;0m INFO:     10.0.0.200:40862 - "POST /v1/chat/completions HTTP/1.1" 200 OK
2026-02-02T01:08:57.1588563Z [0;36m(APIServer pid=135)[0;0m INFO:     10.0.0.200:40868 - "POST /v1/chat/completions HTTP/1.1" 200 OK
2026-02-02T01:08:57.1598292Z [0;36m(APIServer pid=135)[0;0m INFO:     10.0.0.200:40880 - "POST /v1/chat/completions HTTP/1.1" 200 OK
2026-02-02T01:09:00.5948988Z [0;36m(APIServer pid=135)[0;0m INFO:     10.0.0.183:55704 - "GET /health HTTP/1.1" 200 OK
2026-02-02T01:09:05.5711194Z [0;36m(APIServer pid=135)[0;0m INFO 02-02 01:09:05 [loggers.py:248] Engine 000: Avg prompt throughput: 2117.7 tokens/s, Avg generation throughput: 48.9 tokens/s, Running: 17 reqs, Waiting: 0 reqs, GPU KV cache usage: 22.8%, Prefix cache hit rate: 0.0%
2026-02-02T01:09:05.5721016Z [0;36m(APIServer pid=135)[0;0m INFO 02-02 01:09:05 [loggers.py:248] Engine 001: Avg prompt throughput: 2823.9 tokens/s, Avg generation throughput: 42.9 tokens/s, Running: 15 reqs, Waiting: 0 reqs, GPU KV cache usage: 19.9%, Prefix cache hit rate: 0.0%
2026-02-02T01:09:05.5730633Z [0;36m(APIServer pid=135)[0;0m INFO 02-02 01:09:05 [loggers.py:248] Engine 002: Avg prompt throughput: 2440.9 tokens/s, Avg generation throughput: 42.8 tokens/s, Running: 15 reqs, Waiting: 0 reqs, GPU KV cache usage: 19.8%, Prefix cache hit rate: 0.0%
2026-02-02T01:09:05.5741123Z [0;36m(APIServer pid=135)[0;0m INFO 02-02 01:09:05 [loggers.py:248] Engine 003: Avg prompt throughput: 3163.0 tokens/s, Avg generation throughput: 48.3 tokens/s, Running: 17 reqs, Waiting: 0 reqs, GPU KV cache usage: 22.7%, Prefix cache hit rate: 0.0%
2026-02-02T01:09:05.5975935Z [0;36m(APIServer pid=135)[0;0m INFO:     10.0.0.183:55716 - "GET /health HTTP/1.1" 200 OK
2026-02-02T01:09:10.6085974Z [0;36m(APIServer pid=135)[0;0m INFO:     10.0.0.183:59606 - "GET /health HTTP/1.1" 200 OK
2026-02-02T01:09:15.5721102Z [0;36m(APIServer pid=135)[0;0m INFO 02-02 01:09:15 [loggers.py:248] Engine 000: Avg prompt throughput: 0.0 tokens/s, Avg generation throughput: 62.9 tokens/s, Running: 17 reqs, Waiting: 0 reqs, GPU KV cache usage: 23.2%, Prefix cache hit rate: 0.0%
2026-02-02T01:09:15.5732388Z [0;36m(APIServer pid=135)[0;0m INFO 02-02 01:09:15 [loggers.py:248] Engine 001: Avg prompt throughput: 0.0 tokens/s, Avg generation throughput: 55.5 tokens/s, Running: 15 reqs, Waiting: 0 reqs, GPU KV cache usage: 20.4%, Prefix cache hit rate: 0.0%
2026-02-02T01:09:15.5742484Z [0;36m(APIServer pid=135)[0;0m INFO 02-02 01:09:15 [loggers.py:248] Engine 002: Avg prompt throughput: 0.0 tokens/s, Avg generation throughput: 55.5 tokens/s, Running: 15 reqs, Waiting: 0 reqs, GPU KV cache usage: 20.3%, Prefix cache hit rate: 0.0%
2026-02-02T01:09:15.5752526Z [0;36m(APIServer pid=135)[0;0m INFO 02-02 01:09:15 [loggers.py:248] Engine 003: Avg prompt throughput: 0.0 tokens/s, Avg generation throughput: 62.9 tokens/s, Running: 17 reqs, Waiting: 0 reqs, GPU KV cache usage: 23.1%, Prefix cache hit rate: 0.0%
2026-02-02T01:09:15.6052973Z [0;36m(APIServer pid=135)[0;0m INFO:     10.0.0.183:59620 - "GET /health HTTP/1.1" 200 OK
2026-02-02T01:09:20.6090322Z [0;36m(APIServer pid=135)[0;0m INFO:     10.0.0.183:54340 - "GET /health HTTP/1.1" 200 OK
2026-02-02T01:09:25.5728094Z [0;36m(APIServer pid=135)[0;0m INFO 02-02 01:09:25 [loggers.py:248] Engine 000: Avg prompt throughput: 0.0 tokens/s, Avg generation throughput: 61.2 tokens/s, Running: 17 reqs, Waiting: 0 reqs, GPU KV cache usage: 23.2%, Prefix cache hit rate: 0.0%
2026-02-02T01:09:25.5738266Z [0;36m(APIServer pid=135)[0;0m INFO 02-02 01:09:25 [loggers.py:248] Engine 001: Avg prompt throughput: 0.0 tokens/s, Avg generation throughput: 54.0 tokens/s, Running: 15 reqs, Waiting: 0 reqs, GPU KV cache usage: 20.5%, Prefix cache hit rate: 0.0%
2026-02-02T01:09:25.5748070Z [0;36m(APIServer pid=135)[0;0m INFO 02-02 01:09:25 [loggers.py:248] Engine 002: Avg prompt throughput: 0.0 tokens/s, Avg generation throughput: 54.0 tokens/s, Running: 15 reqs, Waiting: 0 reqs, GPU KV cache usage: 20.5%, Prefix cache hit rate: 0.0%
2026-02-02T01:09:25.5758119Z [0;36m(APIServer pid=135)[0;0m INFO 02-02 01:09:25 [loggers.py:248] Engine 003: Avg prompt throughput: 0.0 tokens/s, Avg generation throughput: 61.2 tokens/s, Running: 17 reqs, Waiting: 0 reqs, GPU KV cache usage: 23.4%, Prefix cache hit rate: 0.0%
2026-02-02T01:09:25.6125731Z [0;36m(APIServer pid=135)[0;0m INFO:     10.0.0.183:54356 - "GET /health HTTP/1.1" 200 OK
2026-02-02T01:09:30.6168067Z [0;36m(APIServer pid=135)[0;0m INFO:     10.0.0.183:50998 - "GET /health HTTP/1.1" 200 OK
2026-02-02T01:09:35.5742970Z [0;36m(APIServer pid=135)[0;0m INFO 02-02 01:09:35 [loggers.py:248] Engine 000: Avg prompt throughput: 0.0 tokens/s, Avg generation throughput: 62.9 tokens/s, Running: 17 reqs, Waiting: 0 reqs, GPU KV cache usage: 23.5%, Prefix cache hit rate: 0.0%
2026-02-02T01:09:35.5752922Z [0;36m(APIServer pid=135)[0;0m INFO 02-02 01:09:35 [loggers.py:248] Engine 001: Avg prompt throughput: 0.0 tokens/s, Avg generation throughput: 55.5 tokens/s, Running: 15 reqs, Waiting: 0 reqs, GPU KV cache usage: 20.6%, Prefix cache hit rate: 0.0%
2026-02-02T01:09:35.5764595Z [0;36m(APIServer pid=135)[0;0m INFO 02-02 01:09:35 [loggers.py:248] Engine 002: Avg prompt throughput: 0.0 tokens/s, Avg generation throughput: 55.5 tokens/s, Running: 15 reqs, Waiting: 0 reqs, GPU KV cache usage: 20.5%, Prefix cache hit rate: 0.0%
2026-02-02T01:09:35.5774249Z [0;36m(APIServer pid=135)[0;0m INFO 02-02 01:09:35 [loggers.py:248] Engine 003: Avg prompt throughput: 0.0 tokens/s, Avg generation throughput: 62.9 tokens/s, Running: 17 reqs, Waiting: 0 reqs, GPU KV cache usage: 23.4%, Prefix cache hit rate: 0.0%
2026-02-02T01:09:35.6187889Z [0;36m(APIServer pid=135)[0;0m INFO:     10.0.0.183:51000 - "GET /health HTTP/1.1" 200 OK
2026-02-02T01:09:40.6236092Z [0;36m(APIServer pid=135)[0;0m INFO:     10.0.0.183:47296 - "GET /health HTTP/1.1" 200 OK
2026-02-02T01:09:45.5750550Z [0;36m(APIServer pid=135)[0;0m INFO 02-02 01:09:45 [loggers.py:248] Engine 000: Avg prompt throughput: 0.0 tokens/s, Avg generation throughput: 59.5 tokens/s, Running: 17 reqs, Waiting: 0 reqs, GPU KV cache usage: 23.6%, Prefix cache hit rate: 0.0%
2026-02-02T01:09:45.5760424Z [0;36m(APIServer pid=135)[0;0m INFO 02-02 01:09:45 [loggers.py:248] Engine 001: Avg prompt throughput: 0.0 tokens/s, Avg generation throughput: 52.5 tokens/s, Running: 15 reqs, Waiting: 0 reqs, GPU KV cache usage: 20.7%, Prefix cache hit rate: 0.0%
2026-02-02T01:09:45.5770668Z [0;36m(APIServer pid=135)[0;0m INFO 02-02 01:09:45 [loggers.py:248] Engine 002: Avg prompt throughput: 0.0 tokens/s, Avg generation throughput: 52.5 tokens/s, Running: 15 reqs, Waiting: 0 reqs, GPU KV cache usage: 20.6%, Prefix cache hit rate: 0.0%
2026-02-02T01:09:45.5781938Z [0;36m(APIServer pid=135)[0;0m INFO 02-02 01:09:45 [loggers.py:248] Engine 003: Avg prompt throughput: 0.0 tokens/s, Avg generation throughput: 59.5 tokens/s, Running: 17 reqs, Waiting: 0 reqs, GPU KV cache usage: 23.5%, Prefix cache hit rate: 0.0%
2026-02-02T01:09:45.6266282Z [0;36m(APIServer pid=135)[0;0m INFO:     10.0.0.183:47298 - "GET /health HTTP/1.1" 200 OK
2026-02-02T01:09:50.6338876Z [0;36m(APIServer pid=135)[0;0m INFO:     10.0.0.183:58722 - "GET /health HTTP/1.1" 200 OK
2026-02-02T01:09:55.5756180Z [0;36m(APIServer pid=135)[0;0m INFO 02-02 01:09:55 [loggers.py:248] Engine 000: Avg prompt throughput: 0.0 tokens/s, Avg generation throughput: 61.2 tokens/s, Running: 17 reqs, Waiting: 0 reqs, GPU KV cache usage: 24.1%, Prefix cache hit rate: 0.0%
2026-02-02T01:09:55.5766512Z [0;36m(APIServer pid=135)[0;0m INFO 02-02 01:09:55 [loggers.py:248] Engine 001: Avg prompt throughput: 0.0 tokens/s, Avg generation throughput: 54.0 tokens/s, Running: 15 reqs, Waiting: 0 reqs, GPU KV cache usage: 21.1%, Prefix cache hit rate: 0.0%
2026-02-02T01:09:55.5776782Z [0;36m(APIServer pid=135)[0;0m INFO 02-02 01:09:55 [loggers.py:248] Engine 002: Avg prompt throughput: 0.0 tokens/s, Avg generation throughput: 54.0 tokens/s, Running: 15 reqs, Waiting: 0 reqs, GPU KV cache usage: 21.1%, Prefix cache hit rate: 0.0%
2026-02-02T01:09:55.5787813Z [0;36m(APIServer pid=135)[0;0m INFO 02-02 01:09:55 [loggers.py:248] Engine 003: Avg prompt throughput: 0.0 tokens/s, Avg generation throughput: 61.2 tokens/s, Running: 17 reqs, Waiting: 0 reqs, GPU KV cache usage: 24.0%, Prefix cache hit rate: 0.0%
2026-02-02T01:09:55.6360943Z [0;36m(APIServer pid=135)[0;0m INFO:     10.0.0.183:58734 - "GET /health HTTP/1.1" 200 OK
2026-02-02T01:10:00.6402701Z [0;36m(APIServer pid=135)[0;0m INFO:     10.0.0.183:54146 - "GET /health HTTP/1.1" 200 OK
2026-02-02T01:10:05.5760965Z [0;36m(APIServer pid=135)[0;0m INFO 02-02 01:10:05 [loggers.py:248] Engine 000: Avg prompt throughput: 0.0 tokens/s, Avg generation throughput: 61.2 tokens/s, Running: 17 reqs, Waiting: 0 reqs, GPU KV cache usage: 24.2%, Prefix cache hit rate: 0.0%
2026-02-02T01:10:05.5977296Z [0;36m(APIServer pid=135)[0;0m INFO 02-02 01:10:05 [loggers.py:248] Engine 001: Avg prompt throughput: 0.0 tokens/s, Avg generation throughput: 54.0 tokens/s, Running: 15 reqs, Waiting: 0 reqs, GPU KV cache usage: 21.3%, Prefix cache hit rate: 0.0%
2026-02-02T01:10:05.5988574Z [0;36m(APIServer pid=135)[0;0m INFO 02-02 01:10:05 [loggers.py:248] Engine 002: Avg prompt throughput: 0.0 tokens/s, Avg generation throughput: 54.0 tokens/s, Running: 15 reqs, Waiting: 0 reqs, GPU KV cache usage: 21.2%, Prefix cache hit rate: 0.0%
2026-02-02T01:10:05.5998688Z [0;36m(APIServer pid=135)[0;0m INFO 02-02 01:10:05 [loggers.py:248] Engine 003: Avg prompt throughput: 0.0 tokens/s, Avg generation throughput: 61.2 tokens/s, Running: 17 reqs, Waiting: 0 reqs, GPU KV cache usage: 24.2%, Prefix cache hit rate: 0.0%
2026-02-02T01:10:05.6468198Z [0;36m(APIServer pid=135)[0;0m INFO:     10.0.0.183:54150 - "GET /health HTTP/1.1" 200 OK
2026-02-02T01:10:06.5151214Z [0;36m(APIServer pid=135)[0;0m INFO:     10.0.0.200:55676 - "POST /v1/chat/completions HTTP/1.1" 200 OK
2026-02-02T01:10:06.5175495Z [0;36m(APIServer pid=135)[0;0m INFO:     10.0.0.200:55660 - "POST /v1/chat/completions HTTP/1.1" 200 OK
2026-02-02T01:10:06.5185036Z [0;36m(APIServer pid=135)[0;0m INFO:     10.0.0.200:55692 - "POST /v1/chat/completions HTTP/1.1" 200 OK
2026-02-02T01:10:06.6088012Z [0;36m(APIServer pid=135)[0;0m INFO:     10.0.0.200:55698 - "POST /v1/chat/completions HTTP/1.1" 200 OK
2026-02-02T01:10:06.6615596Z [0;36m(APIServer pid=135)[0;0m INFO:     10.0.0.200:55712 - "POST /v1/chat/completions HTTP/1.1" 200 OK
2026-02-02T01:10:06.6679217Z [0;36m(APIServer pid=135)[0;0m INFO:     10.0.0.200:55716 - "POST /v1/chat/completions HTTP/1.1" 200 OK
2026-02-02T01:10:06.6691861Z [0;36m(APIServer pid=135)[0;0m INFO:     10.0.0.200:55722 - "POST /v1/chat/completions HTTP/1.1" 200 OK
2026-02-02T01:10:06.6701628Z [0;36m(APIServer pid=135)[0;0m INFO:     10.0.0.200:55738 - "POST /v1/chat/completions HTTP/1.1" 200 OK
2026-02-02T01:10:06.6711915Z [0;36m(APIServer pid=135)[0;0m INFO:     10.0.0.200:55746 - "POST /v1/chat/completions HTTP/1.1" 200 OK
2026-02-02T01:10:07.2160570Z [0;36m(APIServer pid=135)[0;0m INFO:     10.0.0.200:55772 - "POST /v1/chat/completions HTTP/1.1" 200 OK
2026-02-02T01:10:07.2187581Z [0;36m(APIServer pid=135)[0;0m INFO:     10.0.0.200:55760 - "POST /v1/chat/completions HTTP/1.1" 200 OK
2026-02-02T01:10:07.2196774Z [0;36m(APIServer pid=135)[0;0m INFO:     10.0.0.200:55788 - "POST /v1/chat/completions HTTP/1.1" 200 OK
2026-02-02T01:10:07.2450115Z [0;36m(APIServer pid=135)[0;0m INFO:     10.0.0.200:55830 - "POST /v1/chat/completions HTTP/1.1" 200 OK
2026-02-02T01:10:07.2476546Z [0;36m(APIServer pid=135)[0;0m INFO:     10.0.0.200:55816 - "POST /v1/chat/completions HTTP/1.1" 200 OK
2026-02-02T01:10:07.2488685Z [0;36m(APIServer pid=135)[0;0m INFO:     10.0.0.200:55800 - "POST /v1/chat/completions HTTP/1.1" 200 OK
2026-02-02T01:10:08.1128846Z [0;36m(APIServer pid=135)[0;0m INFO:     10.0.0.200:55832 - "POST /v1/chat/completions HTTP/1.1" 200 OK
2026-02-02T01:10:08.1136297Z [0;36m(APIServer pid=135)[0;0m INFO:     10.0.0.200:55848 - "POST /v1/chat/completions HTTP/1.1" 200 OK
2026-02-02T01:10:08.1515920Z [0;36m(APIServer pid=135)[0;0m INFO:     10.0.0.200:55856 - "POST /v1/chat/completions HTTP/1.1" 200 OK
2026-02-02T01:10:08.1547745Z [0;36m(APIServer pid=135)[0;0m INFO:     10.0.0.200:55858 - "POST /v1/chat/completions HTTP/1.1" 200 OK
2026-02-02T01:10:08.1557647Z [0;36m(APIServer pid=135)[0;0m INFO:     10.0.0.200:55872 - "POST /v1/chat/completions HTTP/1.1" 200 OK
2026-02-02T01:10:08.1567423Z [0;36m(APIServer pid=135)[0;0m INFO:     10.0.0.200:55874 - "POST /v1/chat/completions HTTP/1.1" 200 OK
2026-02-02T01:10:09.0214592Z [0;36m(APIServer pid=135)[0;0m INFO:     10.0.0.200:55876 - "POST /v1/chat/completions HTTP/1.1" 200 OK
2026-02-02T01:10:09.0222603Z [0;36m(APIServer pid=135)[0;0m INFO:     10.0.0.200:55878 - "POST /v1/chat/completions HTTP/1.1" 200 OK
2026-02-02T01:10:09.0244640Z [0;36m(APIServer pid=135)[0;0m INFO:     10.0.0.200:55892 - "POST /v1/chat/completions HTTP/1.1" 200 OK
2026-02-02T01:10:09.0515592Z [0;36m(APIServer pid=135)[0;0m INFO:     10.0.0.200:55906 - "POST /v1/chat/completions HTTP/1.1" 200 OK
2026-02-02T01:10:09.0545029Z [0;36m(APIServer pid=135)[0;0m INFO:     10.0.0.200:55910 - "POST /v1/chat/completions HTTP/1.1" 200 OK
2026-02-02T01:10:09.0555240Z [0;36m(APIServer pid=135)[0;0m INFO:     10.0.0.200:55926 - "POST /v1/chat/completions HTTP/1.1" 200 OK
2026-02-02T01:10:09.0639971Z [0;36m(APIServer pid=135)[0;0m INFO:     10.0.0.200:55938 - "POST /v1/chat/completions HTTP/1.1" 200 OK
2026-02-02T01:10:09.8833986Z [0;36m(APIServer pid=135)[0;0m INFO:     10.0.0.200:55942 - "POST /v1/chat/completions HTTP/1.1" 200 OK
2026-02-02T01:10:09.9340561Z [0;36m(APIServer pid=135)[0;0m INFO:     10.0.0.200:55948 - "POST /v1/chat/completions HTTP/1.1" 200 OK
2026-02-02T01:10:09.9367970Z [0;36m(APIServer pid=135)[0;0m INFO:     10.0.0.200:55960 - "POST /v1/chat/completions HTTP/1.1" 200 OK
2026-02-02T01:10:09.9377859Z [0;36m(APIServer pid=135)[0;0m INFO:     10.0.0.200:55968 - "POST /v1/chat/completions HTTP/1.1" 200 OK
2026-02-02T01:10:09.9386829Z [0;36m(APIServer pid=135)[0;0m INFO:     10.0.0.200:55978 - "POST /v1/chat/completions HTTP/1.1" 200 OK
2026-02-02T01:10:09.9397208Z [0;36m(APIServer pid=135)[0;0m INFO:     10.0.0.200:55984 - "POST /v1/chat/completions HTTP/1.1" 200 OK
2026-02-02T01:10:10.6500997Z [0;36m(APIServer pid=135)[0;0m INFO:     10.0.0.183:57028 - "GET /health HTTP/1.1" 200 OK
2026-02-02T01:10:10.7871615Z [0;36m(APIServer pid=135)[0;0m INFO:     10.0.0.200:55990 - "POST /v1/chat/completions HTTP/1.1" 200 OK
2026-02-02T01:10:10.7879513Z [0;36m(APIServer pid=135)[0;0m INFO:     10.0.0.200:55994 - "POST /v1/chat/completions HTTP/1.1" 200 OK
2026-02-02T01:10:10.8179170Z [0;36m(APIServer pid=135)[0;0m INFO:     10.0.0.200:55996 - "POST /v1/chat/completions HTTP/1.1" 200 OK
2026-02-02T01:10:10.8205330Z [0;36m(APIServer pid=135)[0;0m INFO:     10.0.0.200:56012 - "POST /v1/chat/completions HTTP/1.1" 200 OK
2026-02-02T01:10:10.8215116Z [0;36m(APIServer pid=135)[0;0m INFO:     10.0.0.200:56026 - "POST /v1/chat/completions HTTP/1.1" 200 OK
2026-02-02T01:10:10.8406778Z [0;36m(APIServer pid=135)[0;0m INFO:     10.0.0.200:56042 - "POST /v1/chat/completions HTTP/1.1" 200 OK
2026-02-02T01:10:10.8415419Z [0;36m(APIServer pid=135)[0;0m INFO:     10.0.0.200:56050 - "POST /v1/chat/completions HTTP/1.1" 200 OK
2026-02-02T01:10:12.8838717Z [0;36m(APIServer pid=135)[0;0m INFO:     10.0.0.200:43206 - "POST /v1/chat/completions HTTP/1.1" 200 OK
2026-02-02T01:10:12.8848449Z [0;36m(APIServer pid=135)[0;0m INFO:     10.0.0.200:43220 - "POST /v1/chat/completions HTTP/1.1" 200 OK
2026-02-02T01:10:12.9444922Z [0;36m(APIServer pid=135)[0;0m INFO:     10.0.0.200:43230 - "POST /v1/chat/completions HTTP/1.1" 200 OK
2026-02-02T01:10:12.9454014Z [0;36m(APIServer pid=135)[0;0m INFO:     10.0.0.200:43240 - "POST /v1/chat/completions HTTP/1.1" 200 OK
2026-02-02T01:10:12.9485816Z [0;36m(APIServer pid=135)[0;0m INFO:     10.0.0.200:43248 - "POST /v1/chat/completions HTTP/1.1" 200 OK
2026-02-02T01:10:12.9494658Z [0;36m(APIServer pid=135)[0;0m INFO:     10.0.0.200:43250 - "POST /v1/chat/completions HTTP/1.1" 200 OK
2026-02-02T01:10:12.9504452Z [0;36m(APIServer pid=135)[0;0m INFO:     10.0.0.200:43254 - "POST /v1/chat/completions HTTP/1.1" 200 OK
2026-02-02T01:10:12.9514244Z [0;36m(APIServer pid=135)[0;0m INFO:     10.0.0.200:43256 - "POST /v1/chat/completions HTTP/1.1" 200 OK
2026-02-02T01:10:13.8044977Z [0;36m(APIServer pid=135)[0;0m INFO:     10.0.0.200:43266 - "POST /v1/chat/completions HTTP/1.1" 200 OK
2026-02-02T01:10:13.8072424Z [0;36m(APIServer pid=135)[0;0m INFO:     10.0.0.200:43260 - "POST /v1/chat/completions HTTP/1.1" 200 OK
2026-02-02T01:10:13.8867341Z [0;36m(APIServer pid=135)[0;0m INFO:     10.0.0.200:43264 - "POST /v1/chat/completions HTTP/1.1" 200 OK
2026-02-02T01:10:13.8892754Z [0;36m(APIServer pid=135)[0;0m INFO:     10.0.0.200:43282 - "POST /v1/chat/completions HTTP/1.1" 200 OK
2026-02-02T01:10:13.8902463Z [0;36m(APIServer pid=135)[0;0m INFO:     10.0.0.200:43308 - "POST /v1/chat/completions HTTP/1.1" 200 OK
2026-02-02T01:10:13.8913101Z [0;36m(APIServer pid=135)[0;0m INFO:     10.0.0.200:43296 - "POST /v1/chat/completions HTTP/1.1" 200 OK
2026-02-02T01:10:13.8922796Z [0;36m(APIServer pid=135)[0;0m INFO:     10.0.0.200:43314 - "POST /v1/chat/completions HTTP/1.1" 200 OK
2026-02-02T01:10:13.8932370Z [0;36m(APIServer pid=135)[0;0m INFO:     10.0.0.200:43316 - "POST /v1/chat/completions HTTP/1.1" 200 OK
2026-02-02T01:10:13.8941367Z [0;36m(APIServer pid=135)[0;0m INFO:     10.0.0.200:43326 - "POST /v1/chat/completions HTTP/1.1" 200 OK
2026-02-02T01:10:13.8952512Z [0;36m(APIServer pid=135)[0;0m INFO:     10.0.0.200:43332 - "POST /v1/chat/completions HTTP/1.1" 200 OK
2026-02-02T01:10:14.7266021Z [0;36m(APIServer pid=135)[0;0m INFO:     10.0.0.200:43342 - "POST /v1/chat/completions HTTP/1.1" 200 OK
2026-02-02T01:10:14.7682920Z [0;36m(APIServer pid=135)[0;0m INFO:     10.0.0.200:43348 - "POST /v1/chat/completions HTTP/1.1" 200 OK
2026-02-02T01:10:14.7712940Z [0;36m(APIServer pid=135)[0;0m INFO:     10.0.0.200:43356 - "POST /v1/chat/completions HTTP/1.1" 200 OK
2026-02-02T01:10:14.7723608Z [0;36m(APIServer pid=135)[0;0m INFO:     10.0.0.200:43352 - "POST /v1/chat/completions HTTP/1.1" 200 OK
2026-02-02T01:10:14.7732379Z [0;36m(APIServer pid=135)[0;0m INFO:     10.0.0.200:43366 - "POST /v1/chat/completions HTTP/1.1" 200 OK
2026-02-02T01:10:15.5768534Z [0;36m(APIServer pid=135)[0;0m INFO 02-02 01:10:15 [loggers.py:248] Engine 000: Avg prompt throughput: 4621.9 tokens/s, Avg generation throughput: 19.2 tokens/s, Running: 14 reqs, Waiting: 0 reqs, GPU KV cache usage: 18.8%, Prefix cache hit rate: 0.0%
2026-02-02T01:10:15.5779626Z [0;36m(APIServer pid=135)[0;0m INFO 02-02 01:10:15 [loggers.py:248] Engine 001: Avg prompt throughput: 4218.1 tokens/s, Avg generation throughput: 19.0 tokens/s, Running: 12 reqs, Waiting: 0 reqs, GPU KV cache usage: 15.9%, Prefix cache hit rate: 0.0%
2026-02-02T01:10:15.5793852Z [0;36m(APIServer pid=135)[0;0m INFO 02-02 01:10:15 [loggers.py:248] Engine 002: Avg prompt throughput: 4210.8 tokens/s, Avg generation throughput: 19.0 tokens/s, Running: 12 reqs, Waiting: 0 reqs, GPU KV cache usage: 15.9%, Prefix cache hit rate: 0.0%
2026-02-02T01:10:15.5803982Z [0;36m(APIServer pid=135)[0;0m INFO 02-02 01:10:15 [loggers.py:248] Engine 003: Avg prompt throughput: 3492.7 tokens/s, Avg generation throughput: 19.6 tokens/s, Running: 11 reqs, Waiting: 0 reqs, GPU KV cache usage: 13.7%, Prefix cache hit rate: 0.0%
2026-02-02T01:10:15.6525050Z [0;36m(APIServer pid=135)[0;0m INFO:     10.0.0.183:57036 - "GET /health HTTP/1.1" 200 OK
2026-02-02T01:10:20.6558879Z [0;36m(APIServer pid=135)[0;0m INFO:     10.0.0.183:45414 - "GET /health HTTP/1.1" 200 OK
2026-02-02T01:10:25.5783801Z [0;36m(APIServer pid=135)[0;0m INFO 02-02 01:10:25 [loggers.py:248] Engine 000: Avg prompt throughput: 1425.3 tokens/s, Avg generation throughput: 59.4 tokens/s, Running: 17 reqs, Waiting: 0 reqs, GPU KV cache usage: 23.0%, Prefix cache hit rate: 0.0%
2026-02-02T01:10:25.5817203Z [0;36m(APIServer pid=135)[0;0m INFO 02-02 01:10:25 [loggers.py:248] Engine 001: Avg prompt throughput: 1373.6 tokens/s, Avg generation throughput: 55.8 tokens/s, Running: 16 reqs, Waiting: 0 reqs, GPU KV cache usage: 21.3%, Prefix cache hit rate: 0.0%
2026-02-02T01:10:25.5828137Z [0;36m(APIServer pid=135)[0;0m INFO 02-02 01:10:25 [loggers.py:248] Engine 002: Avg prompt throughput: 1428.9 tokens/s, Avg generation throughput: 55.8 tokens/s, Running: 16 reqs, Waiting: 0 reqs, GPU KV cache usage: 21.5%, Prefix cache hit rate: 0.0%
2026-02-02T01:10:25.5838264Z [0;36m(APIServer pid=135)[0;0m INFO 02-02 01:10:25 [loggers.py:248] Engine 003: Avg prompt throughput: 1763.8 tokens/s, Avg generation throughput: 52.1 tokens/s, Running: 15 reqs, Waiting: 0 reqs, GPU KV cache usage: 20.0%, Prefix cache hit rate: 0.0%
2026-02-02T01:10:25.6583219Z [0;36m(APIServer pid=135)[0;0m INFO:     10.0.0.183:45416 - "GET /health HTTP/1.1" 200 OK
2026-02-02T01:10:30.6622958Z [0;36m(APIServer pid=135)[0;0m INFO:     10.0.0.183:35530 - "GET /health HTTP/1.1" 200 OK
2026-02-02T01:10:35.5791835Z [0;36m(APIServer pid=135)[0;0m INFO 02-02 01:10:35 [loggers.py:248] Engine 000: Avg prompt throughput: 0.0 tokens/s, Avg generation throughput: 66.3 tokens/s, Running: 17 reqs, Waiting: 0 reqs, GPU KV cache usage: 23.5%, Prefix cache hit rate: 0.0%
2026-02-02T01:10:35.5802265Z [0;36m(APIServer pid=135)[0;0m INFO 02-02 01:10:35 [loggers.py:248] Engine 001: Avg prompt throughput: 0.0 tokens/s, Avg generation throughput: 62.4 tokens/s, Running: 16 reqs, Waiting: 0 reqs, GPU KV cache usage: 21.8%, Prefix cache hit rate: 0.0%
2026-02-02T01:10:35.5811454Z [0;36m(APIServer pid=135)[0;0m INFO 02-02 01:10:35 [loggers.py:248] Engine 002: Avg prompt throughput: 0.0 tokens/s, Avg generation throughput: 62.4 tokens/s, Running: 16 reqs, Waiting: 0 reqs, GPU KV cache usage: 21.9%, Prefix cache hit rate: 0.0%
2026-02-02T01:10:35.5822689Z [0;36m(APIServer pid=135)[0;0m INFO 02-02 01:10:35 [loggers.py:248] Engine 003: Avg prompt throughput: 0.0 tokens/s, Avg generation throughput: 58.5 tokens/s, Running: 15 reqs, Waiting: 0 reqs, GPU KV cache usage: 20.5%, Prefix cache hit rate: 0.0%
2026-02-02T01:10:35.6653049Z [0;36m(APIServer pid=135)[0;0m INFO:     10.0.0.183:35534 - "GET /health HTTP/1.1" 200 OK
2026-02-02T01:10:40.6690688Z [0;36m(APIServer pid=135)[0;0m INFO:     10.0.0.183:58904 - "GET /health HTTP/1.1" 200 OK
2026-02-02T01:10:45.5799743Z [0;36m(APIServer pid=135)[0;0m INFO 02-02 01:10:45 [loggers.py:248] Engine 000: Avg prompt throughput: 0.0 tokens/s, Avg generation throughput: 66.3 tokens/s, Running: 17 reqs, Waiting: 0 reqs, GPU KV cache usage: 23.7%, Prefix cache hit rate: 0.0%
2026-02-02T01:10:45.5812673Z [0;36m(APIServer pid=135)[0;0m INFO 02-02 01:10:45 [loggers.py:248] Engine 001: Avg prompt throughput: 0.0 tokens/s, Avg generation throughput: 62.4 tokens/s, Running: 16 reqs, Waiting: 0 reqs, GPU KV cache usage: 21.8%, Prefix cache hit rate: 0.0%
2026-02-02T01:10:45.5824105Z [0;36m(APIServer pid=135)[0;0m INFO 02-02 01:10:45 [loggers.py:248] Engine 002: Avg prompt throughput: 0.0 tokens/s, Avg generation throughput: 62.4 tokens/s, Running: 16 reqs, Waiting: 0 reqs, GPU KV cache usage: 22.0%, Prefix cache hit rate: 0.0%
2026-02-02T01:10:45.5835130Z [0;36m(APIServer pid=135)[0;0m INFO 02-02 01:10:45 [loggers.py:248] Engine 003: Avg prompt throughput: 0.0 tokens/s, Avg generation throughput: 58.5 tokens/s, Running: 15 reqs, Waiting: 0 reqs, GPU KV cache usage: 20.6%, Prefix cache hit rate: 0.0%
2026-02-02T01:10:45.6726443Z [0;36m(APIServer pid=135)[0;0m INFO:     10.0.0.183:58910 - "GET /health HTTP/1.1" 200 OK
2026-02-02T01:10:50.6764060Z [0;36m(APIServer pid=135)[0;0m INFO:     10.0.0.183:46914 - "GET /health HTTP/1.1" 200 OK
2026-02-02T01:10:55.5808841Z [0;36m(APIServer pid=135)[0;0m INFO 02-02 01:10:55 [loggers.py:248] Engine 000: Avg prompt throughput: 0.0 tokens/s, Avg generation throughput: 68.0 tokens/s, Running: 17 reqs, Waiting: 0 reqs, GPU KV cache usage: 23.8%, Prefix cache hit rate: 0.0%
2026-02-02T01:10:55.5819113Z [0;36m(APIServer pid=135)[0;0m INFO 02-02 01:10:55 [loggers.py:248] Engine 001: Avg prompt throughput: 0.0 tokens/s, Avg generation throughput: 64.0 tokens/s, Running: 16 reqs, Waiting: 0 reqs, GPU KV cache usage: 21.9%, Prefix cache hit rate: 0.0%
2026-02-02T01:10:55.5829669Z [0;36m(APIServer pid=135)[0;0m INFO 02-02 01:10:55 [loggers.py:248] Engine 002: Avg prompt throughput: 0.0 tokens/s, Avg generation throughput: 64.0 tokens/s, Running: 16 reqs, Waiting: 0 reqs, GPU KV cache usage: 22.3%, Prefix cache hit rate: 0.0%
2026-02-02T01:10:55.5839853Z [0;36m(APIServer pid=135)[0;0m INFO 02-02 01:10:55 [loggers.py:248] Engine 003: Avg prompt throughput: 0.0 tokens/s, Avg generation throughput: 60.0 tokens/s, Running: 15 reqs, Waiting: 0 reqs, GPU KV cache usage: 20.7%, Prefix cache hit rate: 0.0%
2026-02-02T01:10:55.6789948Z [0;36m(APIServer pid=135)[0;0m INFO:     10.0.0.183:46928 - "GET /health HTTP/1.1" 200 OK
2026-02-02T01:11:00.6841619Z [0;36m(APIServer pid=135)[0;0m INFO:     10.0.0.183:40470 - "GET /health HTTP/1.1" 200 OK
2026-02-02T01:11:05.5814415Z [0;36m(APIServer pid=135)[0;0m INFO 02-02 01:11:05 [loggers.py:248] Engine 000: Avg prompt throughput: 0.0 tokens/s, Avg generation throughput: 66.3 tokens/s, Running: 17 reqs, Waiting: 0 reqs, GPU KV cache usage: 24.3%, Prefix cache hit rate: 0.0%
2026-02-02T01:11:05.5823812Z [0;36m(APIServer pid=135)[0;0m INFO 02-02 01:11:05 [loggers.py:248] Engine 001: Avg prompt throughput: 0.0 tokens/s, Avg generation throughput: 62.4 tokens/s, Running: 16 reqs, Waiting: 0 reqs, GPU KV cache usage: 22.5%, Prefix cache hit rate: 0.0%
2026-02-02T01:11:05.5834072Z [0;36m(APIServer pid=135)[0;0m INFO 02-02 01:11:05 [loggers.py:248] Engine 002: Avg prompt throughput: 0.0 tokens/s, Avg generation throughput: 62.4 tokens/s, Running: 16 reqs, Waiting: 0 reqs, GPU KV cache usage: 22.6%, Prefix cache hit rate: 0.0%
2026-02-02T01:11:05.5844614Z [0;36m(APIServer pid=135)[0;0m INFO 02-02 01:11:05 [loggers.py:248] Engine 003: Avg prompt throughput: 0.0 tokens/s, Avg generation throughput: 58.5 tokens/s, Running: 15 reqs, Waiting: 0 reqs, GPU KV cache usage: 21.2%, Prefix cache hit rate: 0.0%
2026-02-02T01:11:05.6856618Z [0;36m(APIServer pid=135)[0;0m INFO:     10.0.0.183:40480 - "GET /health HTTP/1.1" 200 OK
2026-02-02T01:11:10.6894058Z [0;36m(APIServer pid=135)[0;0m INFO:     10.0.0.183:49922 - "GET /health HTTP/1.1" 200 OK
2026-02-02T01:11:15.5816554Z [0;36m(APIServer pid=135)[0;0m INFO 02-02 01:11:15 [loggers.py:248] Engine 000: Avg prompt throughput: 0.0 tokens/s, Avg generation throughput: 68.0 tokens/s, Running: 17 reqs, Waiting: 0 reqs, GPU KV cache usage: 24.5%, Prefix cache hit rate: 0.0%
2026-02-02T01:11:15.5828244Z [0;36m(APIServer pid=135)[0;0m INFO 02-02 01:11:15 [loggers.py:248] Engine 001: Avg prompt throughput: 0.0 tokens/s, Avg generation throughput: 64.0 tokens/s, Running: 16 reqs, Waiting: 0 reqs, GPU KV cache usage: 22.6%, Prefix cache hit rate: 0.0%
2026-02-02T01:11:15.5838683Z [0;36m(APIServer pid=135)[0;0m INFO 02-02 01:11:15 [loggers.py:248] Engine 002: Avg prompt throughput: 0.0 tokens/s, Avg generation throughput: 64.0 tokens/s, Running: 16 reqs, Waiting: 0 reqs, GPU KV cache usage: 22.7%, Prefix cache hit rate: 0.0%
2026-02-02T01:11:15.5853055Z [0;36m(APIServer pid=135)[0;0m INFO 02-02 01:11:15 [loggers.py:248] Engine 003: Avg prompt throughput: 0.0 tokens/s, Avg generation throughput: 60.0 tokens/s, Running: 15 reqs, Waiting: 0 reqs, GPU KV cache usage: 21.3%, Prefix cache hit rate: 0.0%
2026-02-02T01:11:15.6917649Z [0;36m(APIServer pid=135)[0;0m INFO:     10.0.0.183:49928 - "GET /health HTTP/1.1" 200 OK
2026-02-02T01:11:19.5070600Z [0;36m(APIServer pid=135)[0;0m INFO:     10.0.0.200:53192 - "POST /v1/chat/completions HTTP/1.1" 200 OK
2026-02-02T01:11:19.5093006Z [0;36m(APIServer pid=135)[0;0m INFO:     10.0.0.200:53182 - "POST /v1/chat/completions HTTP/1.1" 200 OK
2026-02-02T01:11:19.5292994Z [0;36m(APIServer pid=135)[0;0m INFO:     10.0.0.200:53196 - "POST /v1/chat/completions HTTP/1.1" 200 OK
2026-02-02T01:11:19.5971673Z [0;36m(APIServer pid=135)[0;0m INFO:     10.0.0.200:53212 - "POST /v1/chat/completions HTTP/1.1" 200 OK
2026-02-02T01:11:19.6352904Z [0;36m(APIServer pid=135)[0;0m INFO:     10.0.0.200:53222 - "POST /v1/chat/completions HTTP/1.1" 200 OK
2026-02-02T01:11:19.6377559Z [0;36m(APIServer pid=135)[0;0m INFO:     10.0.0.200:53218 - "POST /v1/chat/completions HTTP/1.1" 200 OK
2026-02-02T01:11:19.6386272Z [0;36m(APIServer pid=135)[0;0m INFO:     10.0.0.200:53228 - "POST /v1/chat/completions HTTP/1.1" 200 OK
2026-02-02T01:11:19.6397513Z [0;36m(APIServer pid=135)[0;0m INFO:     10.0.0.200:53240 - "POST /v1/chat/completions HTTP/1.1" 200 OK
2026-02-02T01:11:20.3029576Z [0;36m(APIServer pid=135)[0;0m INFO:     10.0.0.200:53254 - "POST /v1/chat/completions HTTP/1.1" 200 OK
2026-02-02T01:11:20.3639954Z [0;36m(APIServer pid=135)[0;0m INFO:     10.0.0.200:53258 - "POST /v1/chat/completions HTTP/1.1" 200 OK
2026-02-02T01:11:20.3663185Z [0;36m(APIServer pid=135)[0;0m INFO:     10.0.0.200:53274 - "POST /v1/chat/completions HTTP/1.1" 200 OK
2026-02-02T01:11:20.3674015Z [0;36m(APIServer pid=135)[0;0m INFO:     10.0.0.200:53284 - "POST /v1/chat/completions HTTP/1.1" 200 OK
2026-02-02T01:11:20.3683455Z [0;36m(APIServer pid=135)[0;0m INFO:     10.0.0.200:53294 - "POST /v1/chat/completions HTTP/1.1" 200 OK
2026-02-02T01:11:20.3693331Z [0;36m(APIServer pid=135)[0;0m INFO:     10.0.0.200:53308 - "POST /v1/chat/completions HTTP/1.1" 200 OK
2026-02-02T01:11:20.3702426Z [0;36m(APIServer pid=135)[0;0m INFO:     10.0.0.200:53312 - "POST /v1/chat/completions HTTP/1.1" 200 OK
2026-02-02T01:11:20.6956939Z [0;36m(APIServer pid=135)[0;0m INFO:     10.0.0.183:54154 - "GET /health HTTP/1.1" 200 OK
2026-02-02T01:11:21.1897517Z [0;36m(APIServer pid=135)[0;0m INFO:     10.0.0.200:53322 - "POST /v1/chat/completions HTTP/1.1" 200 OK
2026-02-02T01:11:21.1924883Z [0;36m(APIServer pid=135)[0;0m INFO:     10.0.0.200:53318 - "POST /v1/chat/completions HTTP/1.1" 200 OK
2026-02-02T01:11:21.2327850Z [0;36m(APIServer pid=135)[0;0m INFO:     10.0.0.200:53336 - "POST /v1/chat/completions HTTP/1.1" 200 OK
2026-02-02T01:11:21.2349771Z [0;36m(APIServer pid=135)[0;0m INFO:     10.0.0.200:53352 - "POST /v1/chat/completions HTTP/1.1" 200 OK
2026-02-02T01:11:21.2358967Z [0;36m(APIServer pid=135)[0;0m INFO:     10.0.0.200:53364 - "POST /v1/chat/completions HTTP/1.1" 200 OK
2026-02-02T01:11:21.2369714Z [0;36m(APIServer pid=135)[0;0m INFO:     10.0.0.200:53366 - "POST /v1/chat/completions HTTP/1.1" 200 OK
2026-02-02T01:11:22.1004875Z [0;36m(APIServer pid=135)[0;0m INFO:     10.0.0.200:37456 - "POST /v1/chat/completions HTTP/1.1" 200 OK
2026-02-02T01:11:22.1029603Z [0;36m(APIServer pid=135)[0;0m INFO:     10.0.0.200:37466 - "POST /v1/chat/completions HTTP/1.1" 200 OK
2026-02-02T01:11:22.1329043Z [0;36m(APIServer pid=135)[0;0m INFO:     10.0.0.200:37472 - "POST /v1/chat/completions HTTP/1.1" 200 OK
2026-02-02T01:11:22.1344658Z [0;36m(APIServer pid=135)[0;0m INFO:     10.0.0.200:37482 - "POST /v1/chat/completions HTTP/1.1" 200 OK
2026-02-02T01:11:22.1358051Z [0;36m(APIServer pid=135)[0;0m INFO:     10.0.0.200:37486 - "POST /v1/chat/completions HTTP/1.1" 200 OK
2026-02-02T01:11:22.1534104Z [0;36m(APIServer pid=135)[0;0m INFO:     10.0.0.200:37500 - "POST /v1/chat/completions HTTP/1.1" 200 OK
2026-02-02T01:11:22.1551691Z [0;36m(APIServer pid=135)[0;0m INFO:     10.0.0.200:37506 - "POST /v1/chat/completions HTTP/1.1" 200 OK
2026-02-02T01:11:22.9856669Z [0;36m(APIServer pid=135)[0;0m INFO:     10.0.0.200:37522 - "POST /v1/chat/completions HTTP/1.1" 200 OK
2026-02-02T01:11:22.9882450Z [0;36m(APIServer pid=135)[0;0m INFO:     10.0.0.200:37532 - "POST /v1/chat/completions HTTP/1.1" 200 OK
2026-02-02T01:11:22.9891789Z [0;36m(APIServer pid=135)[0;0m INFO:     10.0.0.200:37510 - "POST /v1/chat/completions HTTP/1.1" 200 OK
2026-02-02T01:11:23.0094454Z [0;36m(APIServer pid=135)[0;0m INFO:     10.0.0.200:37548 - "POST /v1/chat/completions HTTP/1.1" 200 OK
2026-02-02T01:11:23.0113768Z [0;36m(APIServer pid=135)[0;0m INFO:     10.0.0.200:37546 - "POST /v1/chat/completions HTTP/1.1" 200 OK
2026-02-02T01:11:23.8887118Z [0;36m(APIServer pid=135)[0;0m INFO:     10.0.0.200:37574 - "POST /v1/chat/completions HTTP/1.1" 200 OK
2026-02-02T01:11:23.8911871Z [0;36m(APIServer pid=135)[0;0m INFO:     10.0.0.200:37558 - "POST /v1/chat/completions HTTP/1.1" 200 OK
2026-02-02T01:11:23.9369761Z [0;36m(APIServer pid=135)[0;0m INFO:     10.0.0.200:37598 - "POST /v1/chat/completions HTTP/1.1" 200 OK
2026-02-02T01:11:23.9400760Z [0;36m(APIServer pid=135)[0;0m INFO:     10.0.0.200:37588 - "POST /v1/chat/completions HTTP/1.1" 200 OK
2026-02-02T01:11:23.9410171Z [0;36m(APIServer pid=135)[0;0m INFO:     10.0.0.200:37572 - "POST /v1/chat/completions HTTP/1.1" 200 OK
2026-02-02T01:11:23.9419880Z [0;36m(APIServer pid=135)[0;0m INFO:     10.0.0.200:37604 - "POST /v1/chat/completions HTTP/1.1" 200 OK
2026-02-02T01:11:23.9431562Z [0;36m(APIServer pid=135)[0;0m INFO:     10.0.0.200:37612 - "POST /v1/chat/completions HTTP/1.1" 200 OK
2026-02-02T01:11:24.7597842Z [0;36m(APIServer pid=135)[0;0m INFO:     10.0.0.200:37618 - "POST /v1/chat/completions HTTP/1.1" 200 OK
2026-02-02T01:11:24.7627208Z [0;36m(APIServer pid=135)[0;0m INFO:     10.0.0.200:37634 - "POST /v1/chat/completions HTTP/1.1" 200 OK
2026-02-02T01:11:24.8104372Z [0;36m(APIServer pid=135)[0;0m INFO:     10.0.0.200:37626 - "POST /v1/chat/completions HTTP/1.1" 200 OK
2026-02-02T01:11:24.8113028Z [0;36m(APIServer pid=135)[0;0m INFO:     10.0.0.200:37636 - "POST /v1/chat/completions HTTP/1.1" 200 OK
2026-02-02T01:11:24.8129772Z [0;36m(APIServer pid=135)[0;0m INFO:     10.0.0.200:37642 - "POST /v1/chat/completions HTTP/1.1" 200 OK
2026-02-02T01:11:24.8139426Z [0;36m(APIServer pid=135)[0;0m INFO:     10.0.0.200:37656 - "POST /v1/chat/completions HTTP/1.1" 200 OK
2026-02-02T01:11:24.8148345Z [0;36m(APIServer pid=135)[0;0m INFO:     10.0.0.200:37664 - "POST /v1/chat/completions HTTP/1.1" 200 OK
2026-02-02T01:11:25.5820335Z [0;36m(APIServer pid=135)[0;0m INFO 02-02 01:11:25 [loggers.py:248] Engine 000: Avg prompt throughput: 2813.5 tokens/s, Avg generation throughput: 37.4 tokens/s, Running: 12 reqs, Waiting: 0 reqs, GPU KV cache usage: 16.4%, Prefix cache hit rate: 0.0%
2026-02-02T01:11:25.5828024Z [0;36m(APIServer pid=135)[0;0m INFO 02-02 01:11:25 [loggers.py:248] Engine 001: Avg prompt throughput: 2814.2 tokens/s, Avg generation throughput: 36.0 tokens/s, Running: 12 reqs, Waiting: 0 reqs, GPU KV cache usage: 16.2%, Prefix cache hit rate: 0.0%
2026-02-02T01:11:25.5837519Z [0;36m(APIServer pid=135)[0;0m INFO 02-02 01:11:25 [loggers.py:248] Engine 002: Avg prompt throughput: 3553.6 tokens/s, Avg generation throughput: 35.3 tokens/s, Running: 14 reqs, Waiting: 0 reqs, GPU KV cache usage: 19.2%, Prefix cache hit rate: 0.0%
2026-02-02T01:11:25.5848384Z [0;36m(APIServer pid=135)[0;0m INFO 02-02 01:11:25 [loggers.py:248] Engine 003: Avg prompt throughput: 2450.7 tokens/s, Avg generation throughput: 34.3 tokens/s, Running: 12 reqs, Waiting: 0 reqs, GPU KV cache usage: 16.4%, Prefix cache hit rate: 0.0%
2026-02-02T01:11:25.6558137Z [0;36m(APIServer pid=135)[0;0m INFO:     10.0.0.200:37666 - "POST /v1/chat/completions HTTP/1.1" 200 OK
2026-02-02T01:11:25.6583025Z [0;36m(APIServer pid=135)[0;0m INFO:     10.0.0.200:37684 - "POST /v1/chat/completions HTTP/1.1" 200 OK
2026-02-02T01:11:25.6885020Z [0;36m(APIServer pid=135)[0;0m INFO:     10.0.0.200:37668 - "POST /v1/chat/completions HTTP/1.1" 200 OK
2026-02-02T01:11:25.6913847Z [0;36m(APIServer pid=135)[0;0m INFO:     10.0.0.200:37698 - "POST /v1/chat/completions HTTP/1.1" 200 OK
2026-02-02T01:11:25.6923856Z [0;36m(APIServer pid=135)[0;0m INFO:     10.0.0.200:37688 - "POST /v1/chat/completions HTTP/1.1" 200 OK
2026-02-02T01:11:25.7049734Z [0;36m(APIServer pid=135)[0;0m INFO:     10.0.0.183:54166 - "GET /health HTTP/1.1" 200 OK
2026-02-02T01:11:25.7305426Z [0;36m(APIServer pid=135)[0;0m INFO:     10.0.0.200:37704 - "POST /v1/chat/completions HTTP/1.1" 200 OK
2026-02-02T01:11:25.7328319Z [0;36m(APIServer pid=135)[0;0m INFO:     10.0.0.200:37712 - "POST /v1/chat/completions HTTP/1.1" 200 OK
2026-02-02T01:11:25.7337094Z [0;36m(APIServer pid=135)[0;0m INFO:     10.0.0.200:37716 - "POST /v1/chat/completions HTTP/1.1" 200 OK
2026-02-02T01:11:25.7347407Z [0;36m(APIServer pid=135)[0;0m INFO:     10.0.0.200:37724 - "POST /v1/chat/completions HTTP/1.1" 200 OK
2026-02-02T01:11:26.5897005Z [0;36m(APIServer pid=135)[0;0m INFO:     10.0.0.200:37734 - "POST /v1/chat/completions HTTP/1.1" 200 OK
2026-02-02T01:11:26.5925793Z [0;36m(APIServer pid=135)[0;0m INFO:     10.0.0.200:37744 - "POST /v1/chat/completions HTTP/1.1" 200 OK
2026-02-02T01:11:26.6399470Z [0;36m(APIServer pid=135)[0;0m INFO:     10.0.0.200:37750 - "POST /v1/chat/completions HTTP/1.1" 200 OK
2026-02-02T01:11:26.6432660Z [0;36m(APIServer pid=135)[0;0m INFO:     10.0.0.200:37766 - "POST /v1/chat/completions HTTP/1.1" 200 OK
2026-02-02T01:11:26.6443341Z [0;36m(APIServer pid=135)[0;0m INFO:     10.0.0.200:37770 - "POST /v1/chat/completions HTTP/1.1" 200 OK
2026-02-02T01:11:26.6451858Z [0;36m(APIServer pid=135)[0;0m INFO:     10.0.0.200:37778 - "POST /v1/chat/completions HTTP/1.1" 200 OK
2026-02-02T01:11:26.6461428Z [0;36m(APIServer pid=135)[0;0m INFO:     10.0.0.200:37780 - "POST /v1/chat/completions HTTP/1.1" 200 OK
2026-02-02T01:11:27.5069435Z [0;36m(APIServer pid=135)[0;0m INFO:     10.0.0.200:37786 - "POST /v1/chat/completions HTTP/1.1" 200 OK
2026-02-02T01:11:30.7096066Z [0;36m(APIServer pid=135)[0;0m INFO:     10.0.0.183:46508 - "GET /health HTTP/1.1" 200 OK
2026-02-02T01:11:35.5824948Z [0;36m(APIServer pid=135)[0;0m INFO 02-02 01:11:35 [loggers.py:248] Engine 000: Avg prompt throughput: 3171.0 tokens/s, Avg generation throughput: 49.9 tokens/s, Running: 17 reqs, Waiting: 0 reqs, GPU KV cache usage: 22.8%, Prefix cache hit rate: 0.0%
2026-02-02T01:11:35.5835201Z [0;36m(APIServer pid=135)[0;0m INFO 02-02 01:11:35 [loggers.py:248] Engine 001: Avg prompt throughput: 3192.7 tokens/s, Avg generation throughput: 50.0 tokens/s, Running: 17 reqs, Waiting: 0 reqs, GPU KV cache usage: 22.8%, Prefix cache hit rate: 0.0%
2026-02-02T01:11:35.5845930Z [0;36m(APIServer pid=135)[0;0m INFO 02-02 01:11:35 [loggers.py:248] Engine 002: Avg prompt throughput: 1762.9 tokens/s, Avg generation throughput: 44.7 tokens/s, Running: 15 reqs, Waiting: 0 reqs, GPU KV cache usage: 20.2%, Prefix cache hit rate: 0.0%
2026-02-02T01:11:35.5856513Z [0;36m(APIServer pid=135)[0;0m INFO 02-02 01:11:35 [loggers.py:248] Engine 003: Avg prompt throughput: 2820.0 tokens/s, Avg generation throughput: 44.7 tokens/s, Running: 15 reqs, Waiting: 0 reqs, GPU KV cache usage: 20.1%, Prefix cache hit rate: 0.0%
2026-02-02T01:11:35.7127740Z [0;36m(APIServer pid=135)[0;0m INFO:     10.0.0.183:46510 - "GET /health HTTP/1.1" 200 OK
2026-02-02T01:11:40.7189208Z [0;36m(APIServer pid=135)[0;0m INFO:     10.0.0.183:57444 - "GET /health HTTP/1.1" 200 OK
2026-02-02T01:11:45.5823843Z [0;36m(APIServer pid=135)[0;0m INFO 02-02 01:11:45 [loggers.py:248] Engine 000: Avg prompt throughput: 0.0 tokens/s, Avg generation throughput: 68.0 tokens/s, Running: 17 reqs, Waiting: 0 reqs, GPU KV cache usage: 23.3%, Prefix cache hit rate: 0.0%
2026-02-02T01:11:45.5835220Z [0;36m(APIServer pid=135)[0;0m INFO 02-02 01:11:45 [loggers.py:248] Engine 001: Avg prompt throughput: 0.0 tokens/s, Avg generation throughput: 68.0 tokens/s, Running: 17 reqs, Waiting: 0 reqs, GPU KV cache usage: 23.4%, Prefix cache hit rate: 0.0%
2026-02-02T01:11:45.5846473Z [0;36m(APIServer pid=135)[0;0m INFO 02-02 01:11:45 [loggers.py:248] Engine 002: Avg prompt throughput: 0.0 tokens/s, Avg generation throughput: 60.0 tokens/s, Running: 15 reqs, Waiting: 0 reqs, GPU KV cache usage: 20.7%, Prefix cache hit rate: 0.0%
2026-02-02T01:11:45.5858395Z [0;36m(APIServer pid=135)[0;0m INFO 02-02 01:11:45 [loggers.py:248] Engine 003: Avg prompt throughput: 0.0 tokens/s, Avg generation throughput: 60.0 tokens/s, Running: 15 reqs, Waiting: 0 reqs, GPU KV cache usage: 20.5%, Prefix cache hit rate: 0.0%
2026-02-02T01:11:45.7263619Z [0;36m(APIServer pid=135)[0;0m INFO:     10.0.0.183:57456 - "GET /health HTTP/1.1" 200 OK
2026-02-02T01:11:50.7301690Z [0;36m(APIServer pid=135)[0;0m INFO:     10.0.0.183:36168 - "GET /health HTTP/1.1" 200 OK
2026-02-02T01:11:55.5841480Z [0;36m(APIServer pid=135)[0;0m INFO 02-02 01:11:55 [loggers.py:248] Engine 000: Avg prompt throughput: 0.0 tokens/s, Avg generation throughput: 68.0 tokens/s, Running: 17 reqs, Waiting: 0 reqs, GPU KV cache usage: 23.3%, Prefix cache hit rate: 0.0%
2026-02-02T01:11:55.5852291Z [0;36m(APIServer pid=135)[0;0m INFO 02-02 01:11:55 [loggers.py:248] Engine 001: Avg prompt throughput: 0.0 tokens/s, Avg generation throughput: 68.0 tokens/s, Running: 17 reqs, Waiting: 0 reqs, GPU KV cache usage: 23.4%, Prefix cache hit rate: 0.0%
2026-02-02T01:11:55.5862821Z [0;36m(APIServer pid=135)[0;0m INFO 02-02 01:11:55 [loggers.py:248] Engine 002: Avg prompt throughput: 0.0 tokens/s, Avg generation throughput: 60.0 tokens/s, Running: 15 reqs, Waiting: 0 reqs, GPU KV cache usage: 20.8%, Prefix cache hit rate: 0.0%
2026-02-02T01:11:55.5873164Z [0;36m(APIServer pid=135)[0;0m INFO 02-02 01:11:55 [loggers.py:248] Engine 003: Avg prompt throughput: 0.0 tokens/s, Avg generation throughput: 60.0 tokens/s, Running: 15 reqs, Waiting: 0 reqs, GPU KV cache usage: 20.5%, Prefix cache hit rate: 0.0%
2026-02-02T01:11:55.7330524Z [0;36m(APIServer pid=135)[0;0m INFO:     10.0.0.183:36170 - "GET /health HTTP/1.1" 200 OK
2026-02-02T01:12:00.7366347Z [0;36m(APIServer pid=135)[0;0m INFO:     10.0.0.183:54136 - "GET /health HTTP/1.1" 200 OK
2026-02-02T01:12:05.5842374Z [0;36m(APIServer pid=135)[0;0m INFO 02-02 01:12:05 [loggers.py:248] Engine 000: Avg prompt throughput: 0.0 tokens/s, Avg generation throughput: 66.3 tokens/s, Running: 17 reqs, Waiting: 0 reqs, GPU KV cache usage: 23.5%, Prefix cache hit rate: 0.0%
2026-02-02T01:12:05.5854169Z [0;36m(APIServer pid=135)[0;0m INFO 02-02 01:12:05 [loggers.py:248] Engine 001: Avg prompt throughput: 0.0 tokens/s, Avg generation throughput: 66.3 tokens/s, Running: 17 reqs, Waiting: 0 reqs, GPU KV cache usage: 23.6%, Prefix cache hit rate: 0.0%
2026-02-02T01:12:05.5866581Z [0;36m(APIServer pid=135)[0;0m INFO 02-02 01:12:05 [loggers.py:248] Engine 002: Avg prompt throughput: 0.0 tokens/s, Avg generation throughput: 58.5 tokens/s, Running: 15 reqs, Waiting: 0 reqs, GPU KV cache usage: 20.9%, Prefix cache hit rate: 0.0%
2026-02-02T01:12:05.5877649Z [0;36m(APIServer pid=135)[0;0m INFO 02-02 01:12:05 [loggers.py:248] Engine 003: Avg prompt throughput: 0.0 tokens/s, Avg generation throughput: 58.5 tokens/s, Running: 15 reqs, Waiting: 0 reqs, GPU KV cache usage: 20.8%, Prefix cache hit rate: 0.0%
2026-02-02T01:12:05.7391590Z [0;36m(APIServer pid=135)[0;0m INFO:     10.0.0.183:54140 - "GET /health HTTP/1.1" 200 OK
2026-02-02T01:12:10.7430096Z [0;36m(APIServer pid=135)[0;0m INFO:     10.0.0.183:41586 - "GET /health HTTP/1.1" 200 OK
2026-02-02T01:12:15.5860905Z [0;36m(APIServer pid=135)[0;0m INFO 02-02 01:12:15 [loggers.py:248] Engine 000: Avg prompt throughput: 0.0 tokens/s, Avg generation throughput: 68.0 tokens/s, Running: 17 reqs, Waiting: 0 reqs, GPU KV cache usage: 23.9%, Prefix cache hit rate: 0.0%
2026-02-02T01:12:15.5873821Z [0;36m(APIServer pid=135)[0;0m INFO 02-02 01:12:15 [loggers.py:248] Engine 001: Avg prompt throughput: 0.0 tokens/s, Avg generation throughput: 68.0 tokens/s, Running: 17 reqs, Waiting: 0 reqs, GPU KV cache usage: 24.0%, Prefix cache hit rate: 0.0%
2026-02-02T01:12:15.5883915Z [0;36m(APIServer pid=135)[0;0m INFO 02-02 01:12:15 [loggers.py:248] Engine 002: Avg prompt throughput: 0.0 tokens/s, Avg generation throughput: 60.0 tokens/s, Running: 15 reqs, Waiting: 0 reqs, GPU KV cache usage: 21.3%, Prefix cache hit rate: 0.0%
2026-02-02T01:12:15.5898182Z [0;36m(APIServer pid=135)[0;0m INFO 02-02 01:12:15 [loggers.py:248] Engine 003: Avg prompt throughput: 0.0 tokens/s, Avg generation throughput: 60.0 tokens/s, Running: 15 reqs, Waiting: 0 reqs, GPU KV cache usage: 20.9%, Prefix cache hit rate: 0.0%
2026-02-02T01:12:15.7458643Z [0;36m(APIServer pid=135)[0;0m INFO:     10.0.0.183:41592 - "GET /health HTTP/1.1" 200 OK
2026-02-02T01:12:20.7495133Z [0;36m(APIServer pid=135)[0;0m INFO:     10.0.0.183:49290 - "GET /health HTTP/1.1" 200 OK
2026-02-02T01:12:25.5878148Z [0;36m(APIServer pid=135)[0;0m INFO 02-02 01:12:25 [loggers.py:248] Engine 000: Avg prompt throughput: 0.0 tokens/s, Avg generation throughput: 69.7 tokens/s, Running: 17 reqs, Waiting: 0 reqs, GPU KV cache usage: 24.2%, Prefix cache hit rate: 0.0%
2026-02-02T01:12:25.5888230Z [0;36m(APIServer pid=135)[0;0m INFO 02-02 01:12:25 [loggers.py:248] Engine 001: Avg prompt throughput: 0.0 tokens/s, Avg generation throughput: 69.7 tokens/s, Running: 17 reqs, Waiting: 0 reqs, GPU KV cache usage: 24.2%, Prefix cache hit rate: 0.0%
2026-02-02T01:12:25.5898898Z [0;36m(APIServer pid=135)[0;0m INFO 02-02 01:12:25 [loggers.py:248] Engine 002: Avg prompt throughput: 0.0 tokens/s, Avg generation throughput: 61.5 tokens/s, Running: 15 reqs, Waiting: 0 reqs, GPU KV cache usage: 21.5%, Prefix cache hit rate: 0.0%
2026-02-02T01:12:25.5909715Z [0;36m(APIServer pid=135)[0;0m INFO 02-02 01:12:25 [loggers.py:248] Engine 003: Avg prompt throughput: 0.0 tokens/s, Avg generation throughput: 61.5 tokens/s, Running: 15 reqs, Waiting: 0 reqs, GPU KV cache usage: 21.2%, Prefix cache hit rate: 0.0%
2026-02-02T01:12:25.7544448Z [0;36m(APIServer pid=135)[0;0m INFO:     10.0.0.183:49302 - "GET /health HTTP/1.1" 200 OK
2026-02-02T01:12:30.7566929Z [0;36m(APIServer pid=135)[0;0m INFO:     10.0.0.183:43736 - "GET /health HTTP/1.1" 200 OK
2026-02-02T01:12:35.5892781Z [0;36m(APIServer pid=135)[0;0m INFO 02-02 01:12:35 [loggers.py:248] Engine 000: Avg prompt throughput: 0.0 tokens/s, Avg generation throughput: 43.6 tokens/s, Running: 0 reqs, Waiting: 0 reqs, GPU KV cache usage: 0.0%, Prefix cache hit rate: 0.0%
2026-02-02T01:12:35.5903393Z [0;36m(APIServer pid=135)[0;0m INFO 02-02 01:12:35 [loggers.py:248] Engine 001: Avg prompt throughput: 0.0 tokens/s, Avg generation throughput: 42.9 tokens/s, Running: 0 reqs, Waiting: 0 reqs, GPU KV cache usage: 0.0%, Prefix cache hit rate: 0.0%
2026-02-02T01:12:35.5913914Z [0;36m(APIServer pid=135)[0;0m INFO 02-02 01:12:35 [loggers.py:248] Engine 002: Avg prompt throughput: 0.0 tokens/s, Avg generation throughput: 36.8 tokens/s, Running: 0 reqs, Waiting: 0 reqs, GPU KV cache usage: 0.0%, Prefix cache hit rate: 0.0%
2026-02-02T01:12:35.5925097Z [0;36m(APIServer pid=135)[0;0m INFO 02-02 01:12:35 [loggers.py:248] Engine 003: Avg prompt throughput: 0.0 tokens/s, Avg generation throughput: 37.8 tokens/s, Running: 0 reqs, Waiting: 0 reqs, GPU KV cache usage: 0.0%, Prefix cache hit rate: 0.0%
2026-02-02T01:12:35.7596031Z [0;36m(APIServer pid=135)[0;0m INFO:     10.0.0.183:43744 - "GET /health HTTP/1.1" 200 OK
2026-02-02T01:12:40.7641135Z [0;36m(APIServer pid=135)[0;0m INFO:     10.0.0.183:52954 - "GET /health HTTP/1.1" 200 OK
2026-02-02T01:12:43.6256942Z The request config is
2026-02-02T01:12:43.6265735Z  from ais_bench.benchmark.models import VLLMCustomAPIChat
2026-02-02T01:12:43.6275075Z from ais_bench.benchmark.utils.model_postprocessors import extract_non_reasoning_content
2026-02-02T01:12:43.6283820Z 
2026-02-02T01:12:43.6293070Z models = [
2026-02-02T01:12:43.6301258Z     dict(
2026-02-02T01:12:43.6310935Z         attr="service",
2026-02-02T01:12:43.6319976Z         type=VLLMCustomAPIChat,
2026-02-02T01:12:43.6330898Z         abbr='vllm-api-general-chat',
2026-02-02T01:12:43.6340752Z         path="",
2026-02-02T01:12:43.6351264Z         model="vllm-ascend/Kimi-K2-Instruct-W8A8",
2026-02-02T01:12:43.6375400Z         request_rate = 0,
2026-02-02T01:12:43.6482527Z         retry = 2,
2026-02-02T01:12:43.6494658Z         host_ip = "10.0.0.200",
2026-02-02T01:12:43.6501649Z         host_port = 8080,
2026-02-02T01:12:43.6511006Z         max_out_len = 7680,
2026-02-02T01:12:43.6520692Z         batch_size = 64,
2026-02-02T01:12:43.6530063Z         trust_remote_code=False,
2026-02-02T01:12:43.6540097Z         generation_kwargs = dict(
2026-02-02T01:12:43.6549925Z             temperature = 0.6,
2026-02-02T01:12:43.6559469Z             ignore_eos = False,
2026-02-02T01:12:43.6568255Z             #top_k = 10,
2026-02-02T01:12:43.6578223Z             top_p = 0.95,
2026-02-02T01:12:43.6588765Z             #seed = None,
2026-02-02T01:12:43.6598644Z             #repetition_penalty = 1.03,
2026-02-02T01:12:43.6608258Z         ),
2026-02-02T01:12:43.6617764Z         pred_postprocessor=dict(type=extract_non_reasoning_content)
2026-02-02T01:12:43.6628247Z     )
2026-02-02T01:12:43.6639199Z ]
2026-02-02T01:12:43.6648050Z 
2026-02-02T01:12:43.6658130Z running aisbench cmd: ais_bench --models vllm_api_general_chat_custom --datasets gsm8k_gen_0_shot_cot_chat_prompt
2026-02-02T01:12:43.6669213Z 02/02 01:02:12 - AISBench - INFO - Loading gsm8k_gen_0_shot_cot_chat_prompt: /vllm-workspace/vllm-ascend/benchmark/ais_bench/benchmark/configs/./datasets/gsm8k/gsm8k_gen_0_shot_cot_chat_prompt.py
2026-02-02T01:12:43.6678518Z 02/02 01:02:12 - AISBench - INFO - Loading vllm_api_general_chat_custom: /vllm-workspace/vllm-ascend/benchmark/ais_bench/benchmark/configs/./models/vllm_api/vllm_api_general_chat_custom.py
2026-02-02T01:12:43.6696289Z 02/02 01:02:12 - AISBench - INFO - Loading example: /vllm-workspace/vllm-ascend/benchmark/ais_bench/benchmark/configs/./summarizers/example.py
2026-02-02T01:12:43.6706515Z 02/02 01:02:12 - AISBench - INFO - Current exp folder: outputs/default/20260202_010212
2026-02-02T01:12:43.6715881Z 02/02 01:02:14 - AISBench - INFO - Starting inference tasks...
2026-02-02T01:12:43.6725974Z 02/02 01:02:14 - AISBench - INFO - Partitioned into 1 tasks.
2026-02-02T01:12:43.6735984Z 02/02 01:02:14 - AISBench - INFO - Continuous batch enable! All the logs and processes for each task should be checked in each infer/.out file.
2026-02-02T01:12:43.6744892Z Launch OpenICLInfer[vllm-api-general-chat/gsm8k] on CPU
2026-02-02T01:12:43.6777740Z Launch OpenICLInfer[vllm-api-general-chat/gsm8k] on CPU
2026-02-02T01:12:43.6783624Z 02/02 01:03:02 - AISBench - INFO - Inference tasks completed.
2026-02-02T01:12:43.6831181Z 02/02 01:03:04 - AISBench - INFO - Starting evaluation tasks...
2026-02-02T01:12:43.6833018Z 02/02 01:03:04 - AISBench - INFO - Partitioned into 1 tasks.
2026-02-02T01:12:43.6840940Z launch OpenICLEval[vllm-api-general-chat/gsm8k] on CPU
2026-02-02T01:12:43.6849690Z 02/02 01:03:15 - AISBench - INFO - Evaluation tasks completed.
2026-02-02T01:12:43.6860000Z 02/02 01:03:15 - AISBench - INFO - Summarizing evaluation results...
2026-02-02T01:12:43.6869556Z dataset    version    metric    mode      vllm-api-general-chat
2026-02-02T01:12:43.6880233Z ---------  ---------  --------  ------  -----------------------
2026-02-02T01:12:43.6889166Z gsm8k      7cd45e     accuracy  gen                       96.88
2026-02-02T01:12:43.6899616Z 02/02 01:03:15 - AISBench - INFO - write summary to /vllm-workspace/vllm-ascend/outputs/default/20260202_010212/summary/summary_20260202_010212.txt
2026-02-02T01:12:43.6908739Z 02/02 01:03:15 - AISBench - INFO - write csv to /vllm-workspace/vllm-ascend/outputs/default/20260202_010212/summary/summary_20260202_010212.csv
2026-02-02T01:12:43.6919225Z The request config is
2026-02-02T01:12:43.6928080Z  from ais_bench.benchmark.models import VLLMCustomAPIChatStream
2026-02-02T01:12:43.6937613Z from ais_bench.benchmark.utils.model_postprocessors import extract_non_reasoning_content
2026-02-02T01:12:43.6947114Z 
2026-02-02T01:12:43.6956354Z models = [
2026-02-02T01:12:43.6966356Z     dict(
2026-02-02T01:12:43.6976491Z         attr="service",
2026-02-02T01:12:43.6986446Z         type=VLLMCustomAPIChatStream,
2026-02-02T01:12:43.6995352Z         abbr='vllm-api-stream-chat',
2026-02-02T01:12:43.7006291Z         path="/root/.cache/modelscope/hub/models/vllm-ascend/Kimi-K2-Instruct-W8A8",
2026-02-02T01:12:43.7015801Z         model="vllm-ascend/Kimi-K2-Instruct-W8A8",
2026-02-02T01:12:43.7031339Z         request_rate = 11.2,
2026-02-02T01:12:43.7035956Z         retry = 2,
2026-02-02T01:12:43.7059116Z         host_ip = "10.0.0.200",
2026-02-02T01:12:43.7069327Z         host_port = 8080,
2026-02-02T01:12:43.7082660Z         max_out_len = 256,
2026-02-02T01:12:43.7093151Z         batch_size = 64,
2026-02-02T01:12:43.7107135Z         trust_remote_code=True,
2026-02-02T01:12:43.7121035Z         generation_kwargs = dict(
2026-02-02T01:12:43.7135672Z             temperature = 0,
2026-02-02T01:12:43.7148032Z             ignore_eos = True,
2026-02-02T01:12:43.7159153Z             #top_k = 10,
2026-02-02T01:12:43.7172835Z             #top_p = 0.95,
2026-02-02T01:12:43.7183200Z             #seed = None,
2026-02-02T01:12:43.7192526Z             #repetition_penalty = 1.03,
2026-02-02T01:12:43.7202773Z         ),
2026-02-02T01:12:43.7212464Z         pred_postprocessor=dict(type=extract_non_reasoning_content)
2026-02-02T01:12:43.7222220Z     )
2026-02-02T01:12:43.7231592Z ]
2026-02-02T01:12:43.7241275Z 
2026-02-02T01:12:43.7251272Z running aisbench cmd: ais_bench --models vllm_api_stream_chat_custom --datasets gsm8k_gen_0_shot_cot_str_perf_custom --mode perf --num-prompts 512
2026-02-02T01:12:43.7261477Z 02/02 01:03:23 - AISBench - INFO - Loading gsm8k_gen_0_shot_cot_str_perf_custom: /vllm-workspace/vllm-ascend/benchmark/ais_bench/benchmark/configs/./datasets/gsm8k/gsm8k_gen_0_shot_cot_str_perf_custom.py
2026-02-02T01:12:43.7271523Z 02/02 01:03:23 - AISBench - INFO - Loading vllm_api_stream_chat_custom: /vllm-workspace/vllm-ascend/benchmark/ais_bench/benchmark/configs/./models/vllm_api/vllm_api_stream_chat_custom.py
2026-02-02T01:12:43.7281329Z 02/02 01:03:23 - AISBench - INFO - Loading example: /vllm-workspace/vllm-ascend/benchmark/ais_bench/benchmark/configs/./summarizers/example.py
2026-02-02T01:12:43.7291692Z 02/02 01:03:23 - AISBench - INFO - Current exp folder: outputs/default/20260202_010323
2026-02-02T01:12:43.7301346Z 02/02 01:03:23 - AISBench - INFO - Starting performance evaluation tasks...
2026-02-02T01:12:43.7311747Z 02/02 01:03:23 - AISBench - INFO - Partitioned into 1 tasks.
2026-02-02T01:12:43.7322441Z 02/02 01:03:23 - AISBench - INFO - Continuous batch enable! All the logs and processes for each task should be checked in each infer/.out file.
2026-02-02T01:12:43.7332561Z Launch OpenICLPerf[vllm-api-stream-chat/gsm8k] on CPU
2026-02-02T01:12:43.7341505Z Launch OpenICLPerf[vllm-api-stream-chat/gsm8k] on CPU
2026-02-02T01:12:43.7351308Z 02/02 01:12:43 - AISBench - INFO - Performance evaluation tasks completed.
2026-02-02T01:12:43.7361764Z 02/02 01:12:43 - AISBench - INFO - Loading detail perf data of model='vllm-api-stream-chat' dataset='gsm8kdataset' ...
2026-02-02T01:12:43.7371586Z 02/02 01:12:43 - AISBench - INFO - Starting request timeline processing...
2026-02-02T01:12:43.7380525Z 02/02 01:12:43 - AISBench - INFO - Data preprocessing completed in 0.0010s
2026-02-02T01:12:43.7390626Z 02/02 01:12:43 - AISBench - INFO - Generating timeline traces for 512 requests...
2026-02-02T01:12:43.7400296Z 02/02 01:12:43 - AISBench - INFO - Generated timeline trace chunks in 0.0076s
2026-02-02T01:12:43.7409155Z 02/02 01:12:43 - AISBench - INFO - Generating concurrency traces...
2026-02-02T01:12:43.7418460Z 02/02 01:12:43 - AISBench - INFO - Generated concurrency trace chunks in 0.0028s
2026-02-02T01:12:43.7427573Z 02/02 01:12:43 - AISBench - INFO - Creating figure layout...
2026-02-02T01:12:43.7437157Z 02/02 01:12:43 - AISBench - INFO - Figure layout created in 0.0374s
2026-02-02T01:12:43.7447989Z 02/02 01:12:43 - AISBench - INFO - Writing to outputs/default/20260202_010323/performances/vllm-api-stream-chat/gsm8kdataset_plot.html...
2026-02-02T01:12:43.7457311Z 02/02 01:12:43 - AISBench - INFO - HTML written in 0.0189s
2026-02-02T01:12:43.7466694Z 02/02 01:12:43 - AISBench - INFO - Completed! Total execution time: 0.0682s
2026-02-02T01:12:43.7476457Z 02/02 01:12:43 - AISBench - INFO - The gsm8kdataset_plot has been saved in outputs/default/20260202_010323/performances/vllm-api-stream-chat/gsm8kdataset_plot.html
2026-02-02T01:12:43.7485673Z 02/02 01:12:43 - AISBench - INFO - Converting perf results of stage ...
2026-02-02T01:12:43.7494885Z 02/02 01:12:43 - AISBench - INFO - Finish Converting!
2026-02-02T01:12:43.7503651Z 02/02 01:12:43 - AISBench - INFO - Start calculating metrics ...
2026-02-02T01:12:43.7512978Z 02/02 01:12:43 - AISBench - INFO - Start calculating common metrics ...
2026-02-02T01:12:43.7522316Z 02/02 01:12:43 - AISBench - INFO - Start calculating add units ...
2026-02-02T01:12:43.7531819Z 02/02 01:12:43 - AISBench - INFO - Finish calculating perf data!
2026-02-02T01:12:43.7541559Z 02/02 01:12:43 - AISBench - INFO - Summarizing performance results...
2026-02-02T01:12:43.7551871Z 02/02 01:12:43 - AISBench - INFO - Performance Results of task: vllm-api-stream-chat/gsm8kdataset:
2026-02-02T01:12:43.7562328Z ╒══════════════════════════╤═════════╤════════════════╤════════════════╤════════════════╤═══════════════╤════════════════╤════════════════╤════════════════╤═════╕
2026-02-02T01:12:43.7571395Z │ Performance Parameters   │ Stage   │ Average        │ Min            │ Max            │ Median        │ P75            │ P90            │ P99            │  N  │
2026-02-02T01:12:43.7581112Z ╞══════════════════════════╪═════════╪════════════════╪════════════════╪════════════════╪═══════════════╪════════════════╪════════════════╪════════════════╪═════╡
2026-02-02T01:12:43.7591158Z │ E2EL                     │ total   │ 67753.0531 ms  │ 34128.1227 ms  │ 78545.9223 ms  │ 71851.4433 ms │ 73743.4649 ms  │ 76326.2042 ms  │ 78525.3036 ms  │ 512 │
2026-02-02T01:12:44.2431872Z ├──────────────────────────┼─────────┼────────────────┼────────────────┼────────────────┼───────────────┼────────────────┼────────────────┼────────────────┼─────┤[0;36m(APIServer pid=135)[0;0m INFO 02-02 01:12:44 [launcher.py:110] Shutting down FastAPI HTTP server.
2026-02-02T01:12:44.2454547Z [0;36m(Worker_DP1_TP2_EP10 pid=2118)[0;0m INFO 02-02 01:12:44 [multiproc_executor.py:709] Parent process exited, terminating worker
2026-02-02T01:12:44.2470881Z [0;36m(Worker_DP1_TP4_EP12 pid=3227)[0;0m INFO 02-02 01:12:44 [multiproc_executor.py:709] Parent process exited, terminating worker
2026-02-02T01:12:44.2482286Z [0;36m(Worker_DP0_TP2_EP2 pid=2121)[0;0m INFO 02-02 01:12:44 [multiproc_executor.py:709] Parent process exited, terminating worker
2026-02-02T01:12:44.2493629Z [0;36m(Worker_DP0_TP4_EP4 pid=3226)[0;0m INFO 02-02 01:12:44 [multiproc_executor.py:709] Parent process exited, terminating worker
2026-02-02T01:12:44.2503757Z [0;36m(Worker_DP0_TP7_EP7 pid=4888)[0;0m INFO 02-02 01:12:44 [multiproc_executor.py:709] Parent process exited, terminating worker
2026-02-02T01:12:44.2514316Z [0;36m(Worker_DP0_TP0_EP0 pid=1105)[0;0m INFO 02-02 01:12:44 [multiproc_executor.py:709] Parent process exited, terminating worker
2026-02-02T01:12:44.2525425Z [0;36m(Worker_DP1_TP5_EP13 pid=3784)[0;0m INFO 02-02 01:12:44 [multiproc_executor.py:709] Parent process exited, terminating worker
2026-02-02T01:12:44.2535428Z [0;36m(Worker_DP1_TP1_EP9 pid=1574)[0;0m INFO 02-02 01:12:44 [multiproc_executor.py:709] Parent process exited, terminating worker
2026-02-02T01:12:44.2545438Z [0;36m(Worker_DP0_TP1_EP1 pid=1575)[0;0m INFO 02-02 01:12:44 [multiproc_executor.py:709] Parent process exited, terminating worker
2026-02-02T01:12:44.2555791Z [0;36m(Worker_DP1_TP7_EP15 pid=4891)[0;0m INFO 02-02 01:12:44 [multiproc_executor.py:709] Parent process exited, terminating worker
2026-02-02T01:12:44.2566193Z [0;36m(Worker_DP1_TP0_EP8 pid=1104)[0;0m INFO 02-02 01:12:44 [multiproc_executor.py:709] Parent process exited, terminating worker
2026-02-02T01:12:44.2575442Z [0;36m(Worker_DP0_TP3_EP3 pid=2672)[0;0m INFO 02-02 01:12:44 [multiproc_executor.py:709] Parent process exited, terminating worker
2026-02-02T01:12:44.2585682Z [0;36m(Worker_DP0_TP5_EP5 pid=3780)[0;0m INFO 02-02 01:12:44 [multiproc_executor.py:709] Parent process exited, terminating worker
2026-02-02T01:12:44.2595420Z [0;36m(Worker_DP1_TP6_EP14 pid=4337)[0;0m INFO 02-02 01:12:44 [multiproc_executor.py:709] Parent process exited, terminating worker
2026-02-02T01:12:44.2606106Z [0;36m(Worker_DP1_TP3_EP11 pid=2673)[0;0m INFO 02-02 01:12:44 [multiproc_executor.py:709] Parent process exited, terminating worker
2026-02-02T01:12:44.2616544Z [0;36m(Worker_DP0_TP6_EP6 pid=4334)[0;0m INFO 02-02 01:12:44 [multiproc_executor.py:709] Parent process exited, terminating worker
2026-02-02T01:12:49.6794126Z [0;36m(APIServer pid=135)[0;0m INFO:     Shutting down
2026-02-02T01:12:49.6822207Z [0;36m(APIServer pid=135)[0;0m INFO 02-02 01:12:49 [loggers.py:248] Engine 000: Avg prompt throughput: 0.0 tokens/s, Avg generation throughput: 0.0 tokens/s, Running: 0 reqs, Waiting: 0 reqs, GPU KV cache usage: 0.0%, Prefix cache hit rate: 0.0%
2026-02-02T01:12:49.6832758Z [0;36m(APIServer pid=135)[0;0m INFO 02-02 01:12:49 [loggers.py:248] Engine 001: Avg prompt throughput: 0.0 tokens/s, Avg generation throughput: 0.0 tokens/s, Running: 0 reqs, Waiting: 0 reqs, GPU KV cache usage: 0.0%, Prefix cache hit rate: 0.0%
2026-02-02T01:12:49.6842863Z [0;36m(APIServer pid=135)[0;0m INFO 02-02 01:12:49 [loggers.py:248] Engine 002: Avg prompt throughput: 0.0 tokens/s, Avg generation throughput: 0.0 tokens/s, Running: 0 reqs, Waiting: 0 reqs, GPU KV cache usage: 0.0%, Prefix cache hit rate: 0.0%
2026-02-02T01:12:49.6852832Z [0;36m(APIServer pid=135)[0;0m INFO 02-02 01:12:49 [loggers.py:248] Engine 003: Avg prompt throughput: 0.0 tokens/s, Avg generation throughput: 0.0 tokens/s, Running: 0 reqs, Waiting: 0 reqs, GPU KV cache usage: 0.0%, Prefix cache hit rate: 0.0%
2026-02-02T01:12:49.7787367Z [0;36m(APIServer pid=135)[0;0m INFO:     Waiting for application shutdown.
2026-02-02T01:12:49.7808723Z [0;36m(APIServer pid=135)[0;0m INFO:     Application shutdown complete.
2026-02-02T01:12:49.8494089Z [0;36m(APIServer pid=135)[0;0m sys:1: DeprecationWarning: builtin type swigvarlink has no __module__ attribute
2026-02-02T01:12:50.6216537Z 
2026-02-02T01:12:50.6226564Z │ TTFT                     │ total   │ 2175.218 ms    │ 657.3851 ms    │ 5879.2865 ms   │ 1879.5336 ms  │ 2473.2328 ms   │ 2983.3318 ms   │ 5871.5265 ms   │ 512 │
2026-02-02T01:12:50.6236381Z ├──────────────────────────┼─────────┼────────────────┼────────────────┼────────────────┼───────────────┼────────────────┼────────────────┼────────────────┼─────┤
2026-02-02T01:12:50.6246227Z │ TPOT                     │ total   │ 257.168 ms     │ 127.891 ms     │ 297.5339 ms    │ 271.3049 ms   │ 279.6261 ms    │ 292.6359 ms    │ 296.9894 ms    │ 512 │
2026-02-02T01:12:50.6256893Z ├──────────────────────────┼─────────┼────────────────┼────────────────┼────────────────┼───────────────┼────────────────┼────────────────┼────────────────┼─────┤
2026-02-02T01:12:50.6267907Z │ ITL                      │ total   │ 255.1545 ms    │ 0.0094 ms      │ 3992.3682 ms   │ 252.3264 ms   │ 259.952 ms     │ 273.9119 ms    │ 935.2496 ms    │ 512 │
2026-02-02T01:12:50.6277556Z ├──────────────────────────┼─────────┼────────────────┼────────────────┼────────────────┼───────────────┼────────────────┼────────────────┼────────────────┼─────┤
2026-02-02T01:12:50.6288245Z │ InputTokens              │ total   │ 3516.6055      │ 3014.0         │ 3985.0         │ 3525.0        │ 3525.0         │ 3586.8         │ 3800.67        │ 512 │
2026-02-02T01:12:50.6298959Z ├──────────────────────────┼─────────┼────────────────┼────────────────┼────────────────┼───────────────┼────────────────┼────────────────┼────────────────┼─────┤
2026-02-02T01:12:50.6309255Z │ OutputTokens             │ total   │ 256.0          │ 256.0          │ 256.0          │ 256.0         │ 256.0          │ 256.0          │ 256.0          │ 512 │
2026-02-02T01:12:50.6319408Z ├──────────────────────────┼─────────┼────────────────┼────────────────┼────────────────┼───────────────┼────────────────┼────────────────┼────────────────┼─────┤
2026-02-02T01:12:50.6329695Z │ OutputTokenThroughput    │ total   │ 4.0098 token/s │ 3.2592 token/s │ 7.5011 token/s │ 3.563 token/s │ 3.6117 token/s │ 7.2498 token/s │ 7.4446 token/s │ 512 │
2026-02-02T01:12:50.6340204Z ╘══════════════════════════╧═════════╧════════════════╧════════════════╧════════════════╧═══════════════╧════════════════╧════════════════╧════════════════╧═════╛
2026-02-02T01:12:50.6350085Z ╒══════════════════════════╤═════════╤═══════════════════╕
2026-02-02T01:12:50.6359800Z │ Common Metric            │ Stage   │ Value             │
2026-02-02T01:12:50.6369557Z ╞══════════════════════════╪═════════╪═══════════════════╡
2026-02-02T01:12:50.6378510Z │ Benchmark Duration       │ total   │ 544931.971 ms     │
2026-02-02T01:12:50.6388365Z ├──────────────────────────┼─────────┼───────────────────┤
2026-02-02T01:12:50.6397976Z │ Total Requests           │ total   │ 512               │
2026-02-02T01:12:50.6408701Z ├──────────────────────────┼─────────┼───────────────────┤
2026-02-02T01:12:50.6417661Z │ Failed Requests          │ total   │ 0                 │
2026-02-02T01:12:50.6427841Z ├──────────────────────────┼─────────┼───────────────────┤
2026-02-02T01:12:50.6437966Z │ Success Requests         │ total   │ 512               │
2026-02-02T01:12:50.6448149Z ├──────────────────────────┼─────────┼───────────────────┤
2026-02-02T01:12:50.6457686Z │ Concurrency              │ total   │ 63.6585           │
2026-02-02T01:12:50.6467496Z ├──────────────────────────┼─────────┼───────────────────┤
2026-02-02T01:12:50.6477703Z │ Max Concurrency          │ total   │ 64                │
2026-02-02T01:12:50.6487820Z ├──────────────────────────┼─────────┼───────────────────┤
2026-02-02T01:12:50.6497383Z │ Request Throughput       │ total   │ 0.9396 req/s      │
2026-02-02T01:12:50.6509786Z ├──────────────────────────┼─────────┼───────────────────┤
2026-02-02T01:12:50.6517200Z │ Total Input Tokens       │ total   │ 1800502           │
2026-02-02T01:12:50.6527208Z ├──────────────────────────┼─────────┼───────────────────┤
2026-02-02T01:12:50.6536520Z │ Prefill Token Throughput │ total   │ 1616.668 token/s  │
2026-02-02T01:12:50.6546578Z ├──────────────────────────┼─────────┼───────────────────┤
2026-02-02T01:12:50.6556171Z │ Total generated tokens   │ total   │ 131072            │
2026-02-02T01:12:50.6567330Z ├──────────────────────────┼─────────┼───────────────────┤
2026-02-02T01:12:50.6576775Z │ Input Token Throughput   │ total   │ 3304.0858 token/s │
2026-02-02T01:12:50.6586102Z ├──────────────────────────┼─────────┼───────────────────┤
2026-02-02T01:12:50.6594837Z │ Output Token Throughput  │ total   │ 240.5291 token/s  │
2026-02-02T01:12:50.6605992Z ├──────────────────────────┼─────────┼───────────────────┤
2026-02-02T01:12:50.6614777Z │ Total Token Throughput   │ total   │ 3544.6149 token/s │
2026-02-02T01:12:50.6624113Z ╘══════════════════════════╧═════════╧═══════════════════╛
2026-02-02T01:12:50.6634090Z 02/02 01:12:43 - AISBench - INFO - Performance Result files locate in outputs/default/20260202_010323/performances/vllm-api-stream-chat.
2026-02-02T01:12:50.6643976Z Getting performance results from file:  outputs/default/20260202_010323/performances/vllm-api-stream-chat/gsm8kdataset.json
2026-02-02T01:12:51.8042434Z PASSED
2026-02-02T01:12:51.8049231Z 
2026-02-02T01:12:51.8058882Z =============================== warnings summary ===============================
2026-02-02T01:12:51.8068671Z <frozen importlib._bootstrap>:241
2026-02-02T01:12:51.8078380Z   <frozen importlib._bootstrap>:241: DeprecationWarning: builtin type SwigPyPacked has no __module__ attribute
2026-02-02T01:12:51.8087481Z 
2026-02-02T01:12:51.8095703Z <frozen importlib._bootstrap>:241
2026-02-02T01:12:51.8105666Z   <frozen importlib._bootstrap>:241: DeprecationWarning: builtin type SwigPyObject has no __module__ attribute
2026-02-02T01:12:51.8114870Z 
2026-02-02T01:12:51.8125997Z tests/e2e/nightly/multi_node/scripts/test_multi_node.py::test_multi_node
2026-02-02T01:12:51.8135240Z   /usr/local/python3.11.14/lib/python3.11/site-packages/pandas/core/dtypes/cast.py:1641: DeprecationWarning: np.find_common_type is deprecated.  Please use `np.result_type` or `np.promote_types`.
2026-02-02T01:12:51.8143912Z   See https://numpy.org/devdocs/release/1.25.0-notes.html and the docs for more information.  (Deprecated NumPy 1.25)
2026-02-02T01:12:51.8152940Z     return np.find_common_type(types, [])
2026-02-02T01:12:51.8162848Z 
2026-02-02T01:12:51.8171682Z -- Docs: https://docs.pytest.org/en/stable/how-to/capture-warnings.html
2026-02-02T01:12:51.8181281Z ================== 1 passed, 3 warnings in 1272.07s (0:21:12) ==================
2026-02-02T01:12:52.7398429Z sys:1: DeprecationWarning: builtin type swigvarlink has no __module__ attribute
2026-02-02T01:12:54.5003545Z [0;32m✓ All tests passed![0m
2026-02-02T01:12:54.6447655Z Cleaning up background log streams...
2026-02-02T01:13:12.8257294Z ##[group]Run actions/upload-artifact@v6
2026-02-02T01:13:12.8257503Z with:
2026-02-02T01:13:12.8257674Z   name: Kimi-K2-Instruct-W8A8.yaml-pod-logs
2026-02-02T01:13:12.8257898Z   path: /tmp/vllm*_logs.txt
2026-02-02T01:13:12.8258071Z   retention-days: 7
2026-02-02T01:13:12.8258228Z   if-no-files-found: warn
2026-02-02T01:13:12.8258392Z   compression-level: 6
2026-02-02T01:13:12.8258553Z   overwrite: false
2026-02-02T01:13:12.8258710Z   include-hidden-files: false
2026-02-02T01:13:12.8258872Z env:
2026-02-02T01:13:12.8259033Z   FAIL_TAG: FAIL_TAG_Kimi-K2-Instruct-W8A8.yaml
2026-02-02T01:13:12.8259234Z ##[endgroup]
2026-02-02T01:13:12.8282421Z ##[group]Run '/home/runner/k8s/index.js'
2026-02-02T01:13:12.8283062Z shell: /home/runner/externals/node20/bin/node {0}
2026-02-02T01:13:12.8283283Z ##[endgroup]
2026-02-02T01:13:13.1769430Z (node:12516) [DEP0005] DeprecationWarning: Buffer() is deprecated due to security and usability issues. Please use the Buffer.alloc(), Buffer.allocUnsafe(), or Buffer.from() methods instead.
2026-02-02T01:13:13.1770134Z (Use `node --trace-deprecation ...` to show where the warning was created)
2026-02-02T01:13:31.9824994Z With the provided path, there will be 1 file uploaded
2026-02-02T01:13:31.9829933Z Artifact name is valid!
2026-02-02T01:13:31.9830169Z Root directory input is valid!
2026-02-02T01:13:32.9453907Z Beginning upload of artifact content to blob storage
2026-02-02T01:13:34.2305636Z Uploaded bytes 10642
2026-02-02T01:13:34.5078777Z Finished uploading artifact content to blob storage!
2026-02-02T01:13:34.5079262Z SHA256 digest of uploaded artifact zip is 484c43972d12bb32c133f30adc9e7b761866ae3f354d23dd88ac3aff77fe97c7
2026-02-02T01:13:34.5079627Z Finalizing artifact upload
2026-02-02T01:13:35.6426727Z Artifact Kimi-K2-Instruct-W8A8.yaml-pod-logs.zip successfully finalized. Artifact ID 5337067695
2026-02-02T01:13:35.6427398Z Artifact Kimi-K2-Instruct-W8A8.yaml-pod-logs has been successfully uploaded! Final size is 10642 bytes. Artifact ID is 5337067695
2026-02-02T01:13:35.6428024Z Artifact download URL: https://github.com/vllm-project/vllm-ascend/actions/runs/21566092124/artifacts/5337067695
2026-02-02T01:13:54.1236976Z ##[group]Run kubectl get pods -n $NAMESPACE --ignore-not-found=true
2026-02-02T01:13:54.1237535Z [36;1mkubectl get pods -n $NAMESPACE --ignore-not-found=true[0m
2026-02-02T01:13:54.1237869Z [36;1mkubectl delete -f ./lws.yaml --ignore-not-found=true || true[0m
2026-02-02T01:13:54.1238203Z shell: bash -el {0}
2026-02-02T01:13:54.1238392Z env:
2026-02-02T01:13:54.1238567Z   FAIL_TAG: FAIL_TAG_Kimi-K2-Instruct-W8A8.yaml
2026-02-02T01:13:54.1238775Z ##[endgroup]
2026-02-02T01:13:54.1413006Z ##[group]Run '/home/runner/k8s/index.js'
2026-02-02T01:13:54.1413706Z shell: /home/runner/externals/node20/bin/node {0}
2026-02-02T01:13:54.1413916Z ##[endgroup]
2026-02-02T01:13:54.4927795Z (node:14168) [DEP0005] DeprecationWarning: Buffer() is deprecated due to security and usability issues. Please use the Buffer.alloc(), Buffer.allocUnsafe(), or Buffer.from() methods instead.
2026-02-02T01:13:54.4928502Z (Use `node --trace-deprecation ...` to show where the warning was created)
2026-02-02T01:14:13.2198628Z NAME                                             READY   STATUS    RESTARTS      AGE
2026-02-02T01:14:13.2199038Z linux-aarch64-a3-0-wgt9d-runner-x7vk6            1/1     Running   0             27m
2026-02-02T01:14:13.2199516Z linux-aarch64-a3-0-wgt9d-runner-x7vk6-workflow   1/1     Running   0             26m
2026-02-02T01:14:13.2199877Z vllm-0                                           1/1     Running   1 (79s ago)   23m
2026-02-02T01:14:13.2798336Z vllm-0-1                                         1/1     Running   1 (73s ago)   23m
2026-02-02T01:14:13.2798723Z leaderworkerset.leaderworkerset.x-k8s.io "vllm" deleted from vllm-project namespace
2026-02-02T01:14:13.2995921Z service "vllm-leader" deleted from vllm-project namespace
2026-02-02T01:14:31.7659331Z Post job cleanup.
2026-02-02T01:14:31.7680805Z ##[group]Run '/home/runner/k8s/index.js'
2026-02-02T01:14:31.7681523Z shell: /home/runner/externals/node20/bin/node {0}
2026-02-02T01:14:31.7681753Z ##[endgroup]
2026-02-02T01:14:32.1177046Z (node:16008) [DEP0005] DeprecationWarning: Buffer() is deprecated due to security and usability issues. Please use the Buffer.alloc(), Buffer.allocUnsafe(), or Buffer.from() methods instead.
2026-02-02T01:14:32.1177813Z (Use `node --trace-deprecation ...` to show where the warning was created)
2026-02-02T01:14:50.8948595Z [command]/usr/bin/git version
2026-02-02T01:14:50.9148550Z git version 2.34.1
2026-02-02T01:14:50.9159538Z Copying '/root/.gitconfig' to '/__w/_temp/f5df6ed6-b968-4523-a134-7a1a21f4cc14/.gitconfig'
2026-02-02T01:14:50.9166687Z Temporarily overriding HOME='/__w/_temp/f5df6ed6-b968-4523-a134-7a1a21f4cc14' before making global git config changes
2026-02-02T01:14:50.9167254Z Adding repository directory to the temporary git global config as a safe directory
2026-02-02T01:14:50.9170516Z [command]/usr/bin/git config --global --add safe.directory /__w/vllm-ascend/vllm-ascend
2026-02-02T01:14:50.9206367Z Removing SSH command configuration
2026-02-02T01:14:50.9211333Z [command]/usr/bin/git config --local --name-only --get-regexp core\.sshCommand
2026-02-02T01:14:50.9293932Z [command]/usr/bin/git submodule foreach --recursive sh -c "git config --local --name-only --get-regexp 'core\.sshCommand' && git config --local --unset-all 'core.sshCommand' || :"
2026-02-02T01:14:50.9832541Z Removing HTTP extra header
2026-02-02T01:14:50.9835593Z [command]/usr/bin/git config --local --name-only --get-regexp http\.https\:\/\/github\.com\/\.extraheader
2026-02-02T01:14:50.9896196Z [command]/usr/bin/git submodule foreach --recursive sh -c "git config --local --name-only --get-regexp 'http\.https\:\/\/github\.com\/\.extraheader' && git config --local --unset-all 'http.https://github.com/.extraheader' || :"
2026-02-02T01:14:51.0048843Z Removing includeIf entries pointing to credentials config files
2026-02-02T01:14:51.0052926Z [command]/usr/bin/git config --local --name-only --get-regexp ^includeIf\.gitdir:
2026-02-02T01:14:51.0071819Z includeif.gitdir:/__w/vllm-ascend/vllm-ascend/.git.path
2026-02-02T01:14:51.0072241Z includeif.gitdir:/__w/vllm-ascend/vllm-ascend/.git/worktrees/*.path
2026-02-02T01:14:51.0072810Z includeif.gitdir:/github/workspace/.git.path
2026-02-02T01:14:51.0073084Z includeif.gitdir:/github/workspace/.git/worktrees/*.path
2026-02-02T01:14:51.0079987Z [command]/usr/bin/git config --local --get-all includeif.gitdir:/__w/vllm-ascend/vllm-ascend/.git.path
2026-02-02T01:14:51.0098698Z /__w/_temp/git-credentials-e7de93fc-7944-41dd-befa-f5346e4b0650.config
2026-02-02T01:14:51.0106738Z [command]/usr/bin/git config --local --unset includeif.gitdir:/__w/vllm-ascend/vllm-ascend/.git.path /__w/_temp/git-credentials-e7de93fc-7944-41dd-befa-f5346e4b0650.config
2026-02-02T01:14:51.0140554Z [command]/usr/bin/git config --local --get-all includeif.gitdir:/__w/vllm-ascend/vllm-ascend/.git/worktrees/*.path
2026-02-02T01:14:51.0159790Z /__w/_temp/git-credentials-e7de93fc-7944-41dd-befa-f5346e4b0650.config
2026-02-02T01:14:51.0166823Z [command]/usr/bin/git config --local --unset includeif.gitdir:/__w/vllm-ascend/vllm-ascend/.git/worktrees/*.path /__w/_temp/git-credentials-e7de93fc-7944-41dd-befa-f5346e4b0650.config
2026-02-02T01:14:51.0197597Z [command]/usr/bin/git config --local --get-all includeif.gitdir:/github/workspace/.git.path
2026-02-02T01:14:51.0215901Z /github/runner_temp/git-credentials-e7de93fc-7944-41dd-befa-f5346e4b0650.config
2026-02-02T01:14:51.0222500Z [command]/usr/bin/git config --local --unset includeif.gitdir:/github/workspace/.git.path /github/runner_temp/git-credentials-e7de93fc-7944-41dd-befa-f5346e4b0650.config
2026-02-02T01:14:51.0254496Z [command]/usr/bin/git config --local --get-all includeif.gitdir:/github/workspace/.git/worktrees/*.path
2026-02-02T01:14:51.0272706Z /github/runner_temp/git-credentials-e7de93fc-7944-41dd-befa-f5346e4b0650.config
2026-02-02T01:14:51.0278452Z [command]/usr/bin/git config --local --unset includeif.gitdir:/github/workspace/.git/worktrees/*.path /github/runner_temp/git-credentials-e7de93fc-7944-41dd-befa-f5346e4b0650.config
2026-02-02T01:14:51.0307168Z [command]/usr/bin/git submodule foreach --recursive git config --local --show-origin --name-only --get-regexp remote.origin.url
2026-02-02T01:14:51.0480525Z Removing credentials config '/__w/_temp/git-credentials-e7de93fc-7944-41dd-befa-f5346e4b0650.config'
2026-02-02T01:15:10.0625207Z ##[group]Run '/home/runner/k8s/index.js'
2026-02-02T01:15:10.0625883Z shell: /home/runner/externals/node20/bin/node {0}
2026-02-02T01:15:10.0626196Z ##[endgroup]
2026-02-02T01:15:10.4763478Z Cleaning up orphan processes
