# Run ID: 22148925734
# Commit: f0caeeadcb37261beebd4a6e32934fa9f460db98
# Job: multi-node (multi-node-kimi-k2-instruct-w8a8, Kimi-K2-Instruct-W8A8.yaml, 2) / Kimi-K2-Instruct-W8A8.yaml
# Date: 2026-02-18
============================================================

﻿2026-02-18T19:34:33.0987789Z Current runner version: '2.330.0'
2026-02-18T19:34:33.0992706Z Runner name: 'linux-aarch64-a3-0-n4cwm-runner-vrg99'
2026-02-18T19:34:33.0993414Z Runner group name: 'Default'
2026-02-18T19:34:33.0994169Z Machine name: 'linux-aarch64-a3-0-n4cwm-runner-vrg99'
2026-02-18T19:34:33.0997481Z ##[group]GITHUB_TOKEN Permissions
2026-02-18T19:34:33.0999570Z Actions: write
2026-02-18T19:34:33.1000016Z ArtifactMetadata: write
2026-02-18T19:34:33.1000404Z Attestations: write
2026-02-18T19:34:33.1000921Z Checks: write
2026-02-18T19:34:33.1001284Z Contents: write
2026-02-18T19:34:33.1001625Z Deployments: write
2026-02-18T19:34:33.1002191Z Discussions: write
2026-02-18T19:34:33.1002599Z Issues: write
2026-02-18T19:34:33.1002924Z Metadata: read
2026-02-18T19:34:33.1003316Z Models: read
2026-02-18T19:34:33.1003653Z Packages: write
2026-02-18T19:34:33.1004012Z Pages: write
2026-02-18T19:34:33.1004402Z PullRequests: write
2026-02-18T19:34:33.1004775Z RepositoryProjects: write
2026-02-18T19:34:33.1005420Z SecurityEvents: write
2026-02-18T19:34:33.1005853Z Statuses: write
2026-02-18T19:34:33.1006227Z ##[endgroup]
2026-02-18T19:34:33.1008080Z Secret source: Actions
2026-02-18T19:34:33.1008629Z Prepare workflow directory
2026-02-18T19:34:33.1625489Z Prepare all required actions
2026-02-18T19:34:33.1657353Z Getting action download info
2026-02-18T19:34:34.2213871Z Download action repository 'actions/checkout@v6' (SHA:de0fac2e4500dabe0009e67214ff5f5447ce83dd)
2026-02-18T19:34:38.6930326Z Download action repository 'actions/upload-artifact@v6' (SHA:b7c566a772e6b6bfb58ed0dc250532a479d7789f)
2026-02-18T19:34:46.5218497Z Uses: vllm-project/vllm-ascend/.github/workflows/_e2e_nightly_multi_node.yaml@refs/heads/main (f0caeeadcb37261beebd4a6e32934fa9f460db98)
2026-02-18T19:34:46.5221404Z ##[group] Inputs
2026-02-18T19:34:46.5221917Z   soc_version: a3
2026-02-18T19:34:46.5222339Z   runner: linux-aarch64-a3-0
2026-02-18T19:34:46.5222770Z   image: swr.cn-southwest-2.myhuaweicloud.com/base_image/ascend-ci/vllm-ascend:nightly-a3
2026-02-18T19:34:46.5223250Z   config_file_path: Kimi-K2-Instruct-W8A8.yaml
2026-02-18T19:34:46.5223542Z   replicas: 1
2026-02-18T19:34:46.5223779Z   size: 2
2026-02-18T19:34:46.5223982Z   vllm_version: v0.15.0
2026-02-18T19:34:46.5224350Z   vllm_ascend_remote_url: https://github.com/vllm-project/vllm-ascend.git
2026-02-18T19:34:46.5224774Z   vllm_ascend_ref: main
2026-02-18T19:34:46.5225009Z ##[endgroup]
2026-02-18T19:34:46.5225495Z Complete job name: multi-node (multi-node-kimi-k2-instruct-w8a8, Kimi-K2-Instruct-W8A8.yaml, 2) / Kimi-K2-Instruct-W8A8.yaml
2026-02-18T19:34:46.5718767Z ##[group]Run '/home/runner/k8s/index.js'
2026-02-18T19:34:46.5721010Z shell: /home/runner/externals/node20/bin/node {0}
2026-02-18T19:34:46.5721466Z ##[endgroup]
2026-02-18T19:35:02.1334380Z (node:70) [DEP0005] DeprecationWarning: Buffer() is deprecated due to security and usability issues. Please use the Buffer.alloc(), Buffer.allocUnsafe(), or Buffer.from() methods instead.
2026-02-18T19:35:02.1335226Z (Use `node --trace-deprecation ...` to show where the warning was created)
2026-02-18T19:35:04.9396807Z ##[group]Run # Decode and save kubeconfig
2026-02-18T19:35:04.9397245Z [36;1m# Decode and save kubeconfig[0m
2026-02-18T19:35:04.9429707Z [36;1mecho "***" | base64 -d > "$KUBECONFIG"[0m
2026-02-18T19:35:04.9430332Z shell: bash -el {0}
2026-02-18T19:35:04.9430633Z ##[endgroup]
2026-02-18T19:35:04.9555759Z ##[group]Run '/home/runner/k8s/index.js'
2026-02-18T19:35:04.9556863Z shell: /home/runner/externals/node20/bin/node {0}
2026-02-18T19:35:04.9557175Z ##[endgroup]
2026-02-18T19:35:05.3036252Z (node:400) [DEP0005] DeprecationWarning: Buffer() is deprecated due to security and usability issues. Please use the Buffer.alloc(), Buffer.allocUnsafe(), or Buffer.from() methods instead.
2026-02-18T19:35:05.3037149Z (Use `node --trace-deprecation ...` to show where the warning was created)
2026-02-18T19:35:06.1966365Z ##[group]Run actions/checkout@v6
2026-02-18T19:35:06.1966706Z with:
2026-02-18T19:35:06.1967093Z   repository: vllm-project/vllm-ascend
2026-02-18T19:35:06.1967771Z   token: ***
2026-02-18T19:35:06.1968007Z   ssh-strict: true
2026-02-18T19:35:06.1968281Z   ssh-user: git
2026-02-18T19:35:06.1968520Z   persist-credentials: true
2026-02-18T19:35:06.1968758Z   clean: true
2026-02-18T19:35:06.1968985Z   sparse-checkout-cone-mode: true
2026-02-18T19:35:06.1969260Z   fetch-depth: 1
2026-02-18T19:35:06.1969483Z   fetch-tags: false
2026-02-18T19:35:06.1969690Z   show-progress: true
2026-02-18T19:35:06.1969912Z   lfs: false
2026-02-18T19:35:06.1970080Z   submodules: false
2026-02-18T19:35:06.1970336Z   set-safe-directory: true
2026-02-18T19:35:06.1970584Z ##[endgroup]
2026-02-18T19:35:06.2011513Z ##[group]Run '/home/runner/k8s/index.js'
2026-02-18T19:35:06.2012489Z shell: /home/runner/externals/node20/bin/node {0}
2026-02-18T19:35:06.2012824Z ##[endgroup]
2026-02-18T19:35:06.5597364Z (node:431) [DEP0005] DeprecationWarning: Buffer() is deprecated due to security and usability issues. Please use the Buffer.alloc(), Buffer.allocUnsafe(), or Buffer.from() methods instead.
2026-02-18T19:35:06.5598246Z (Use `node --trace-deprecation ...` to show where the warning was created)
2026-02-18T19:35:07.3896522Z Syncing repository: vllm-project/vllm-ascend
2026-02-18T19:35:07.3897670Z ##[group]Getting Git version info
2026-02-18T19:35:07.3897931Z Working directory is '/__w/vllm-ascend/vllm-ascend'
2026-02-18T19:35:07.3898309Z [command]/usr/bin/git version
2026-02-18T19:35:07.4027052Z git version 2.34.1
2026-02-18T19:35:07.4043855Z ##[endgroup]
2026-02-18T19:35:07.4051039Z Copying '/root/.gitconfig' to '/__w/_temp/fb3fe5d0-7e46-490b-8605-cc486af455f5/.gitconfig'
2026-02-18T19:35:07.4058042Z Temporarily overriding HOME='/__w/_temp/fb3fe5d0-7e46-490b-8605-cc486af455f5' before making global git config changes
2026-02-18T19:35:07.4058578Z Adding repository directory to the temporary git global config as a safe directory
2026-02-18T19:35:07.4061568Z [command]/usr/bin/git config --global --add safe.directory /__w/vllm-ascend/vllm-ascend
2026-02-18T19:35:07.4097864Z Deleting the contents of '/__w/vllm-ascend/vllm-ascend'
2026-02-18T19:35:07.4100600Z ##[group]Initializing the repository
2026-02-18T19:35:07.4102945Z [command]/usr/bin/git init /__w/vllm-ascend/vllm-ascend
2026-02-18T19:35:07.4224722Z hint: Using 'master' as the name for the initial branch. This default branch name
2026-02-18T19:35:07.4225108Z hint: is subject to change. To configure the initial branch name to use in all
2026-02-18T19:35:07.4225462Z hint: of your new repositories, which will suppress this warning, call:
2026-02-18T19:35:07.4225708Z hint: 
2026-02-18T19:35:07.4225943Z hint: 	git config --global init.defaultBranch <name>
2026-02-18T19:35:07.4226163Z hint: 
2026-02-18T19:35:07.4226365Z hint: Names commonly chosen instead of 'master' are 'main', 'trunk' and
2026-02-18T19:35:07.4226728Z hint: 'development'. The just-created branch can be renamed via this command:
2026-02-18T19:35:07.4227000Z hint: 
2026-02-18T19:35:07.4227211Z hint: 	git branch -m <name>
2026-02-18T19:35:07.4234257Z Initialized empty Git repository in /__w/vllm-ascend/vllm-ascend/.git/
2026-02-18T19:35:07.4241360Z [command]/usr/bin/git remote add origin https://github.com/vllm-project/vllm-ascend
2026-02-18T19:35:07.4292583Z ##[endgroup]
2026-02-18T19:35:07.4292859Z ##[group]Disabling automatic garbage collection
2026-02-18T19:35:07.4295720Z [command]/usr/bin/git config --local gc.auto 0
2026-02-18T19:35:07.4318188Z ##[endgroup]
2026-02-18T19:35:07.4318430Z ##[group]Setting up auth
2026-02-18T19:35:07.4319673Z Removing SSH command configuration
2026-02-18T19:35:07.4324642Z [command]/usr/bin/git config --local --name-only --get-regexp core\.sshCommand
2026-02-18T19:35:07.4349632Z [command]/usr/bin/git submodule foreach --recursive sh -c "git config --local --name-only --get-regexp 'core\.sshCommand' && git config --local --unset-all 'core.sshCommand' || :"
2026-02-18T19:35:07.4743527Z Removing HTTP extra header
2026-02-18T19:35:07.4746342Z [command]/usr/bin/git config --local --name-only --get-regexp http\.https\:\/\/github\.com\/\.extraheader
2026-02-18T19:35:07.4770605Z [command]/usr/bin/git submodule foreach --recursive sh -c "git config --local --name-only --get-regexp 'http\.https\:\/\/github\.com\/\.extraheader' && git config --local --unset-all 'http.https://github.com/.extraheader' || :"
2026-02-18T19:35:07.4940286Z Removing includeIf entries pointing to credentials config files
2026-02-18T19:35:07.4945035Z [command]/usr/bin/git config --local --name-only --get-regexp ^includeIf\.gitdir:
2026-02-18T19:35:07.4968107Z [command]/usr/bin/git submodule foreach --recursive git config --local --show-origin --name-only --get-regexp remote.origin.url
2026-02-18T19:35:07.5144343Z [command]/usr/bin/git config --file /__w/_temp/git-credentials-79efbb64-3625-41d9-829a-432cf3c44b1d.config http.https://github.com/.extraheader AUTHORIZATION: basic ***
2026-02-18T19:35:07.5173962Z [command]/usr/bin/git config --local includeIf.gitdir:/__w/vllm-ascend/vllm-ascend/.git.path /__w/_temp/git-credentials-79efbb64-3625-41d9-829a-432cf3c44b1d.config
2026-02-18T19:35:07.5198406Z [command]/usr/bin/git config --local includeIf.gitdir:/__w/vllm-ascend/vllm-ascend/.git/worktrees/*.path /__w/_temp/git-credentials-79efbb64-3625-41d9-829a-432cf3c44b1d.config
2026-02-18T19:35:07.5222683Z [command]/usr/bin/git config --local includeIf.gitdir:/github/workspace/.git.path /github/runner_temp/git-credentials-79efbb64-3625-41d9-829a-432cf3c44b1d.config
2026-02-18T19:35:07.5245943Z [command]/usr/bin/git config --local includeIf.gitdir:/github/workspace/.git/worktrees/*.path /github/runner_temp/git-credentials-79efbb64-3625-41d9-829a-432cf3c44b1d.config
2026-02-18T19:35:07.5266810Z ##[endgroup]
2026-02-18T19:35:07.5267067Z ##[group]Fetching the repository
2026-02-18T19:35:07.5273751Z [command]/usr/bin/git -c protocol.version=2 fetch --no-tags --prune --no-recurse-submodules --depth=1 origin +f0caeeadcb37261beebd4a6e32934fa9f460db98:refs/remotes/origin/main
2026-02-18T19:35:10.6211817Z From https://gh-proxy.test.osinfra.cn/https://github.com/vllm-project/vllm-ascend
2026-02-18T19:35:10.6212422Z  * [new ref]         f0caeeadcb37261beebd4a6e32934fa9f460db98 -> origin/main
2026-02-18T19:35:10.6234439Z [command]/usr/bin/git branch --list --remote origin/main
2026-02-18T19:35:10.6257390Z   origin/main
2026-02-18T19:35:10.6264889Z [command]/usr/bin/git rev-parse refs/remotes/origin/main
2026-02-18T19:35:10.6281359Z f0caeeadcb37261beebd4a6e32934fa9f460db98
2026-02-18T19:35:10.6285657Z ##[endgroup]
2026-02-18T19:35:10.6285950Z ##[group]Determining the checkout info
2026-02-18T19:35:10.6286581Z ##[endgroup]
2026-02-18T19:35:10.6290017Z [command]/usr/bin/git sparse-checkout disable
2026-02-18T19:35:10.6322596Z [command]/usr/bin/git config --local --unset-all extensions.worktreeConfig
2026-02-18T19:35:10.6343329Z ##[group]Checking out the ref
2026-02-18T19:35:10.6346777Z [command]/usr/bin/git checkout --progress --force -B main refs/remotes/origin/main
2026-02-18T19:35:10.7210101Z Switched to a new branch 'main'
2026-02-18T19:35:10.7210377Z Branch 'main' set up to track remote branch 'main' from 'origin'.
2026-02-18T19:35:10.7219407Z ##[endgroup]
2026-02-18T19:35:10.7248198Z [command]/usr/bin/git log -1 --format=%H
2026-02-18T19:35:10.7266562Z f0caeeadcb37261beebd4a6e32934fa9f460db98
2026-02-18T19:35:11.1467857Z ##[group]Run # prepare for lws entrypoint scripts
2026-02-18T19:35:11.1468348Z [36;1m# prepare for lws entrypoint scripts[0m
2026-02-18T19:35:11.1468688Z [36;1minstall -D tests/e2e/nightly/multi_node/scripts/run.sh /root/.cache/tests/run.sh[0m
2026-02-18T19:35:11.1469120Z shell: bash -el {0}
2026-02-18T19:35:11.1469277Z ##[endgroup]
2026-02-18T19:35:11.1579234Z ##[group]Run '/home/runner/k8s/index.js'
2026-02-18T19:35:11.1579996Z shell: /home/runner/externals/node20/bin/node {0}
2026-02-18T19:35:11.1580204Z ##[endgroup]
2026-02-18T19:35:11.5228417Z (node:472) [DEP0005] DeprecationWarning: Buffer() is deprecated due to security and usability issues. Please use the Buffer.alloc(), Buffer.allocUnsafe(), or Buffer.from() methods instead.
2026-02-18T19:35:11.5229422Z (Use `node --trace-deprecation ...` to show where the warning was created)
2026-02-18T19:35:12.4935568Z ##[group]Run set -euo pipefail
2026-02-18T19:35:12.4935865Z [36;1mset -euo pipefail[0m
2026-02-18T19:35:12.4936032Z [36;1m[0m
2026-02-18T19:35:12.4936175Z [36;1mCRD_NAME="${CRD_NAME:-vllm}"[0m
2026-02-18T19:35:12.4936381Z [36;1mTIMEOUT=${TIMEOUT:-120}[0m
2026-02-18T19:35:12.4936692Z [36;1mSLEEP_INTERVAL=2[0m
2026-02-18T19:35:12.4936904Z [36;1m[0m
2026-02-18T19:35:12.4937321Z [36;1mecho "Deleting leaderworkerset [$CRD_NAME] in namespace [$NAMESPACE]..."[0m
2026-02-18T19:35:12.4937832Z [36;1mkubectl delete leaderworkerset "$CRD_NAME" -n "$NAMESPACE" --ignore-not-found[0m
2026-02-18T19:35:12.4938219Z [36;1m[0m
2026-02-18T19:35:12.4938634Z [36;1mecho "Waiting for all pods starting with 'vllm' to be deleted..."[0m
2026-02-18T19:35:12.4939044Z [36;1mSTART_TIME=$(date +%s)[0m
2026-02-18T19:35:12.4939262Z [36;1m[0m
2026-02-18T19:35:12.4939499Z [36;1mwhile true; do[0m
2026-02-18T19:35:12.4939755Z [36;1m  NOW=$(date +%s)[0m
2026-02-18T19:35:12.4940065Z [36;1m  ELAPSED=$((NOW - START_TIME))[0m
2026-02-18T19:35:12.4940385Z [36;1m[0m
2026-02-18T19:35:12.4940591Z [36;1m  if [[ $ELAPSED -ge $TIMEOUT ]]; then[0m
2026-02-18T19:35:12.4940975Z [36;1m    echo "Timeout reached ($TIMEOUT seconds), some pods still exist:"[0m
2026-02-18T19:35:12.4941408Z [36;1m    kubectl get pods -n "$NAMESPACE" | grep '^vllm' || true[0m
2026-02-18T19:35:12.4941719Z [36;1m    exit 1[0m
2026-02-18T19:35:12.4942098Z [36;1m  fi[0m
2026-02-18T19:35:12.4942365Z [36;1m[0m
2026-02-18T19:35:12.4942802Z [36;1m  PODS_EXIST=$(kubectl get pods -n "$NAMESPACE" -o jsonpath='{.items[*].metadata.name}' 2>/dev/null | tr ' ' '\n' | grep '^vllm' || true)[0m
2026-02-18T19:35:12.4943380Z [36;1m[0m
2026-02-18T19:35:12.4943643Z [36;1m  if [[ -z "$PODS_EXIST" ]]; then[0m
2026-02-18T19:35:12.4943912Z [36;1m    echo "All vllm pods deleted."[0m
2026-02-18T19:35:12.4944163Z [36;1m    break[0m
2026-02-18T19:35:12.4944423Z [36;1m  else[0m
2026-02-18T19:35:12.4944683Z [36;1m    echo "Waiting for pods to be deleted: $PODS_EXIST"[0m
2026-02-18T19:35:12.4944990Z [36;1m    sleep $SLEEP_INTERVAL[0m
2026-02-18T19:35:12.4945292Z [36;1m  fi[0m
2026-02-18T19:35:12.4945467Z [36;1mdone[0m
2026-02-18T19:35:12.4945799Z shell: bash -el {0}
2026-02-18T19:35:12.4946049Z ##[endgroup]
2026-02-18T19:35:12.5056550Z ##[group]Run '/home/runner/k8s/index.js'
2026-02-18T19:35:12.5057484Z shell: /home/runner/externals/node20/bin/node {0}
2026-02-18T19:35:12.5057834Z ##[endgroup]
2026-02-18T19:35:12.8562580Z (node:526) [DEP0005] DeprecationWarning: Buffer() is deprecated due to security and usability issues. Please use the Buffer.alloc(), Buffer.allocUnsafe(), or Buffer.from() methods instead.
2026-02-18T19:35:12.8563408Z (Use `node --trace-deprecation ...` to show where the warning was created)
2026-02-18T19:35:13.4420144Z Deleting leaderworkerset [vllm] in namespace [vllm-project]...
2026-02-18T19:35:13.7492601Z Waiting for all pods starting with 'vllm' to be deleted...
2026-02-18T19:35:13.8146736Z All vllm pods deleted.
2026-02-18T19:35:14.2201631Z ##[group]Run set -e
2026-02-18T19:35:14.2201856Z [36;1mset -e[0m
2026-02-18T19:35:14.2202121Z [36;1m[0m
2026-02-18T19:35:14.2202271Z [36;1msize="2"[0m
2026-02-18T19:35:14.2202424Z [36;1mreplicas="1"[0m
2026-02-18T19:35:14.2202758Z [36;1mimage="swr.cn-southwest-2.myhuaweicloud.com/base_image/ascend-ci/vllm-ascend:nightly-a3"[0m
2026-02-18T19:35:14.2203154Z [36;1mconfig_file_path="Kimi-K2-Instruct-W8A8.yaml"[0m
2026-02-18T19:35:14.2203425Z [36;1mfail_tag=FAIL_TAG_"Kimi-K2-Instruct-W8A8.yaml"[0m
2026-02-18T19:35:14.2203682Z [36;1mecho "FAIL_TAG=${fail_tag}" >> "$GITHUB_ENV"[0m
2026-02-18T19:35:14.2203888Z [36;1m[0m
2026-02-18T19:35:14.2204106Z [36;1mrequired_params=("size" "replicas" "image" "config_file_path")[0m
2026-02-18T19:35:14.2204397Z [36;1mfor param in "${required_params[@]}"; do[0m
2026-02-18T19:35:14.2204615Z [36;1m  if [ -z "${!param}" ]; then[0m
2026-02-18T19:35:14.2204866Z [36;1m    echo "Error: Parameter '$param' is required but empty"[0m
2026-02-18T19:35:14.2205280Z [36;1m    exit 1[0m
2026-02-18T19:35:14.2205425Z [36;1m  fi[0m
2026-02-18T19:35:14.2205566Z [36;1mdone[0m
2026-02-18T19:35:14.2205700Z [36;1m[0m
2026-02-18T19:35:14.2205834Z [36;1mif [ "a3" = "a3" ]; then[0m
2026-02-18T19:35:14.2206025Z [36;1m  npu_per_node=16[0m
2026-02-18T19:35:14.2206292Z [36;1m  TEMPLATE_FILE="tests/e2e/nightly/multi_node/scripts/lws.yaml.jinja2"[0m
2026-02-18T19:35:14.2206561Z [36;1melse[0m
2026-02-18T19:35:14.2206705Z [36;1m  npu_per_node=8[0m
2026-02-18T19:35:14.2206963Z [36;1m  TEMPLATE_FILE="tests/e2e/nightly/multi_node/scripts/lws-a2.yaml.jinja2"[0m
2026-02-18T19:35:14.2207241Z [36;1mfi[0m
2026-02-18T19:35:14.2207376Z [36;1m[0m
2026-02-18T19:35:14.2207516Z [36;1mjinja2 $TEMPLATE_FILE \[0m
2026-02-18T19:35:14.2207705Z [36;1m  -D size="$size" \[0m
2026-02-18T19:35:14.2207886Z [36;1m  -D replicas="$replicas" \[0m
2026-02-18T19:35:14.2208072Z [36;1m  -D image="$image" \[0m
2026-02-18T19:35:14.2208291Z [36;1m  -D config_file_path="$config_file_path" \[0m
2026-02-18T19:35:14.2208524Z [36;1m  -D npu_per_node="$npu_per_node" \[0m
2026-02-18T19:35:14.2208725Z [36;1m  -D fail_tag="$fail_tag" \[0m
2026-02-18T19:35:14.2208988Z [36;1m  --outfile lws.yaml[0m
2026-02-18T19:35:14.2209161Z [36;1m[0m
2026-02-18T19:35:14.2209305Z [36;1mkubectl apply -f ./lws.yaml[0m
2026-02-18T19:35:14.2209624Z shell: bash -el {0}
2026-02-18T19:35:14.2209779Z ##[endgroup]
2026-02-18T19:35:14.2321223Z ##[group]Run '/home/runner/k8s/index.js'
2026-02-18T19:35:14.2322667Z shell: /home/runner/externals/node20/bin/node {0}
2026-02-18T19:35:14.2322888Z ##[endgroup]
2026-02-18T19:35:14.5818113Z (node:592) [DEP0005] DeprecationWarning: Buffer() is deprecated due to security and usability issues. Please use the Buffer.alloc(), Buffer.allocUnsafe(), or Buffer.from() methods instead.
2026-02-18T19:35:14.5819221Z (Use `node --trace-deprecation ...` to show where the warning was created)
2026-02-18T19:35:15.5453401Z leaderworkerset.leaderworkerset.x-k8s.io/vllm created
2026-02-18T19:35:15.5745840Z service/vllm-leader created
2026-02-18T19:35:16.0197576Z ##[group]Run POD_PREFIX="${POD_PREFIX:-vllm-0}"
2026-02-18T19:35:16.0197968Z [36;1mPOD_PREFIX="${POD_PREFIX:-vllm-0}"[0m
2026-02-18T19:35:16.0198176Z [36;1mSIZE="2"[0m
2026-02-18T19:35:16.0198353Z [36;1mTIMEOUT=1200  # default timeout 20 minutes[0m
2026-02-18T19:35:16.0198564Z [36;1m[0m
2026-02-18T19:35:16.0198875Z [36;1mecho "Waiting for Pods in namespace [$NAMESPACE] to become Running and Ready (timeout ${TIMEOUT}s)..."[0m
2026-02-18T19:35:16.0199217Z [36;1m[0m
2026-02-18T19:35:16.0199361Z [36;1mSTART_TIME=$(date +%s)[0m
2026-02-18T19:35:16.0199664Z [36;1m[0m
2026-02-18T19:35:16.0199805Z [36;1mwhile true; do[0m
2026-02-18T19:35:16.0200014Z [36;1m  NOW=$(date +%s)[0m
2026-02-18T19:35:16.0200208Z [36;1m  ELAPSED=$((NOW - START_TIME))[0m
2026-02-18T19:35:16.0200435Z [36;1m  if [[ $ELAPSED -ge $TIMEOUT ]]; then[0m
2026-02-18T19:35:16.0200678Z [36;1m    echo "Timeout reached after ${ELAPSED}s"[0m
2026-02-18T19:35:16.0200961Z [36;1m    echo "Dumping pod status for debugging:"[0m
2026-02-18T19:35:16.0201192Z [36;1m    kubectl get pods -n "$NAMESPACE"[0m
2026-02-18T19:35:16.0201451Z [36;1m    kubectl describe pod "$LEADER_POD" -n "$NAMESPACE"[0m
2026-02-18T19:35:16.0201687Z [36;1m    exit 1[0m
2026-02-18T19:35:16.0201829Z [36;1m  fi[0m
2026-02-18T19:35:16.0201963Z [36;1m[0m
2026-02-18T19:35:16.0202240Z [36;1m  # 1) check follower pods[0m
2026-02-18T19:35:16.0202435Z [36;1m  ALL_FOLLOWERS_READY=true[0m
2026-02-18T19:35:16.0202631Z [36;1m  for ((i=1; i<SIZE; i++)); do[0m
2026-02-18T19:35:16.0202822Z [36;1m    POD="${POD_PREFIX}-${i}"[0m
2026-02-18T19:35:16.0203198Z [36;1m    PHASE=$(kubectl get pod "$POD" -n "$NAMESPACE" -o jsonpath='{.status.phase}' 2>/dev/null || echo "NotFound")[0m
2026-02-18T19:35:16.0203743Z [36;1m    READY=$(kubectl get pod "$POD" -n "$NAMESPACE" -o jsonpath='{.status.containerStatuses[*].ready}' 2>/dev/null)[0m
2026-02-18T19:35:16.0204273Z [36;1m[0m
2026-02-18T19:35:16.0204458Z [36;1m    echo "Follower [$POD] phase=$PHASE ready=$READY"[0m
2026-02-18T19:35:16.0204683Z [36;1m[0m
2026-02-18T19:35:16.0204860Z [36;1m    if [[ "$PHASE" != "Running" || "$READY" != "true" ]]; then[0m
2026-02-18T19:35:16.0205132Z [36;1m      echo "Follower [$POD] not Ready yet..."[0m
2026-02-18T19:35:16.0205356Z [36;1m      ALL_FOLLOWERS_READY=false[0m
2026-02-18T19:35:16.0205539Z [36;1m      break[0m
2026-02-18T19:35:16.0205688Z [36;1m    fi[0m
2026-02-18T19:35:16.0205828Z [36;1m  done[0m
2026-02-18T19:35:16.0205956Z [36;1m[0m
2026-02-18T19:35:16.0206096Z [36;1m  # 2) check leader pod[0m
2026-02-18T19:35:16.0206479Z [36;1m  LEADER_PHASE=$(kubectl get pod "$LEADER_POD" -n "$NAMESPACE" -o jsonpath='{.status.phase}' 2>/dev/null || echo "NotFound")[0m
2026-02-18T19:35:16.0207068Z [36;1m  LEADER_READY=$(kubectl get pod "$LEADER_POD" -n "$NAMESPACE" -o jsonpath='{.status.containerStatuses[*].ready}' 2>/dev/null)[0m
2026-02-18T19:35:16.0207460Z [36;1m[0m
2026-02-18T19:35:16.0207681Z [36;1m  echo "Leader [$LEADER_POD] phase=$LEADER_PHASE ready=$LEADER_READY"[0m
2026-02-18T19:35:16.0207941Z [36;1m[0m
2026-02-18T19:35:16.0208148Z [36;1m  if [[ "$LEADER_PHASE" != "Running" || "$LEADER_READY" != "true" ]]; then[0m
2026-02-18T19:35:16.0208428Z [36;1m    echo "Leader not Ready yet..."[0m
2026-02-18T19:35:16.0208626Z [36;1m    ALL_FOLLOWERS_READY=false[0m
2026-02-18T19:35:16.0208809Z [36;1m  fi[0m
2026-02-18T19:35:16.0208939Z [36;1m[0m
2026-02-18T19:35:16.0209108Z [36;1m  if [[ "$ALL_FOLLOWERS_READY" == "true" ]]; then[0m
2026-02-18T19:35:16.0209565Z [36;1m    echo "All follower pods and leader pod are Running and Ready — continuing."[0m
2026-02-18T19:35:16.0209855Z [36;1m    break[0m
2026-02-18T19:35:16.0210004Z [36;1m  fi[0m
2026-02-18T19:35:16.0210142Z [36;1m[0m
2026-02-18T19:35:16.0210266Z [36;1m  sleep 2[0m
2026-02-18T19:35:16.0210412Z [36;1mdone[0m
2026-02-18T19:35:16.0210697Z shell: bash -el {0}
2026-02-18T19:35:16.0210854Z env:
2026-02-18T19:35:16.0211027Z   FAIL_TAG: FAIL_TAG_Kimi-K2-Instruct-W8A8.yaml
2026-02-18T19:35:16.0211366Z ##[endgroup]
2026-02-18T19:35:16.0288498Z ##[group]Run '/home/runner/k8s/index.js'
2026-02-18T19:35:16.0289297Z shell: /home/runner/externals/node20/bin/node {0}
2026-02-18T19:35:16.0289589Z ##[endgroup]
2026-02-18T19:35:16.4368597Z (node:671) [DEP0005] DeprecationWarning: Buffer() is deprecated due to security and usability issues. Please use the Buffer.alloc(), Buffer.allocUnsafe(), or Buffer.from() methods instead.
2026-02-18T19:35:16.4369264Z (Use `node --trace-deprecation ...` to show where the warning was created)
2026-02-18T19:35:16.9731502Z Waiting for Pods in namespace [vllm-project] to become Running and Ready (timeout 1200s)...
2026-02-18T19:35:17.0947024Z Follower [vllm-0-1] phase=Pending ready=
2026-02-18T19:35:17.0947282Z Follower [vllm-0-1] not Ready yet...
2026-02-18T19:35:17.2196353Z Leader [vllm-0] phase=Pending ready=
2026-02-18T19:35:17.2196696Z Leader not Ready yet...
2026-02-18T19:35:19.3541581Z Follower [vllm-0-1] phase=Pending ready=
2026-02-18T19:35:19.3541887Z Follower [vllm-0-1] not Ready yet...
2026-02-18T19:35:19.4740527Z Leader [vllm-0] phase=Pending ready=
2026-02-18T19:35:19.4740775Z Leader not Ready yet...
2026-02-18T19:35:21.5855807Z Follower [vllm-0-1] phase=Pending ready=
2026-02-18T19:35:21.5856078Z Follower [vllm-0-1] not Ready yet...
2026-02-18T19:35:21.6970685Z Leader [vllm-0] phase=Pending ready=
2026-02-18T19:35:21.6971011Z Leader not Ready yet...
2026-02-18T19:35:23.8202254Z Follower [vllm-0-1] phase=Pending ready=
2026-02-18T19:35:23.8202538Z Follower [vllm-0-1] not Ready yet...
2026-02-18T19:35:23.9407220Z Leader [vllm-0] phase=Pending ready=
2026-02-18T19:35:23.9407486Z Leader not Ready yet...
2026-02-18T19:35:26.0677418Z Follower [vllm-0-1] phase=Pending ready=
2026-02-18T19:35:26.0677713Z Follower [vllm-0-1] not Ready yet...
2026-02-18T19:35:26.1810577Z Leader [vllm-0] phase=Pending ready=
2026-02-18T19:35:26.1810826Z Leader not Ready yet...
2026-02-18T19:35:28.2987585Z Follower [vllm-0-1] phase=Pending ready=false
2026-02-18T19:35:28.2987899Z Follower [vllm-0-1] not Ready yet...
2026-02-18T19:35:28.4134494Z Leader [vllm-0] phase=Pending ready=
2026-02-18T19:35:28.4134739Z Leader not Ready yet...
2026-02-18T19:35:30.5476806Z Follower [vllm-0-1] phase=Running ready=true
2026-02-18T19:35:30.6715598Z Leader [vllm-0] phase=Pending ready=
2026-02-18T19:35:30.6715843Z Leader not Ready yet...
2026-02-18T19:35:32.8059231Z Follower [vllm-0-1] phase=Running ready=true
2026-02-18T19:35:32.9298797Z Leader [vllm-0] phase=Pending ready=false
2026-02-18T19:35:32.9299037Z Leader not Ready yet...
2026-02-18T19:35:35.0551527Z Follower [vllm-0-1] phase=Running ready=true
2026-02-18T19:35:35.1751465Z Leader [vllm-0] phase=Running ready=true
2026-02-18T19:35:35.1752163Z All follower pods and leader pod are Running and Ready — continuing.
2026-02-18T19:35:35.5889104Z ##[group]Run set -euo pipefail
2026-02-18T19:35:35.5889354Z [36;1mset -euo pipefail[0m
2026-02-18T19:35:35.5889536Z [36;1m[0m
2026-02-18T19:35:35.5889674Z [36;1msize="2"[0m
2026-02-18T19:35:35.5889819Z [36;1mpids=()[0m
2026-02-18T19:35:35.5889951Z [36;1m[0m
2026-02-18T19:35:35.5890086Z [36;1mcleanup() {[0m
2026-02-18T19:35:35.5890281Z [36;1m  echo "Cleaning up background log streams..."[0m
2026-02-18T19:35:35.5890569Z [36;1m  for pid in "${pids[@]}"; do[0m
2026-02-18T19:35:35.5890834Z [36;1m    kill "$pid" 2>/dev/null || true[0m
2026-02-18T19:35:35.5891025Z [36;1m  done[0m
2026-02-18T19:35:35.5891184Z [36;1m}[0m
2026-02-18T19:35:35.5891340Z [36;1mtrap cleanup EXIT[0m
2026-02-18T19:35:35.5891501Z [36;1m[0m
2026-02-18T19:35:35.5891710Z [36;1mfor i in $(seq 1 $((size - 1))); do[0m
2026-02-18T19:35:35.5891910Z [36;1m  POD="vllm-0-${i}"[0m
2026-02-18T19:35:35.5892189Z [36;1m[0m
2026-02-18T19:35:35.5892418Z [36;1m  echo "==== Collecting logs from worker pod: $POD ===="[0m
2026-02-18T19:35:35.5892697Z [36;1m  kubectl logs -f "$POD" -n "$NAMESPACE" \[0m
2026-02-18T19:35:35.5892939Z [36;1m    > "/tmp/${POD}_logs.txt" 2>&1 &[0m
2026-02-18T19:35:35.5893121Z [36;1m[0m
2026-02-18T19:35:35.5893255Z [36;1m  pids+=($!)[0m
2026-02-18T19:35:35.5893406Z [36;1mdone[0m
2026-02-18T19:35:35.5893534Z [36;1m[0m
2026-02-18T19:35:35.5893735Z [36;1mecho "==== Streaming logs from leader pod: $LEADER_POD ===="[0m
2026-02-18T19:35:35.5894029Z [36;1mecho "Looking for logs containing: $FAIL_TAG"[0m
2026-02-18T19:35:35.5894234Z [36;1m[0m
2026-02-18T19:35:35.5894472Z [36;1mkubectl logs -f "$LEADER_POD" -n "$NAMESPACE" | while IFS= read -r line; do[0m
2026-02-18T19:35:35.5894839Z [36;1m  echo "$line"[0m
2026-02-18T19:35:35.5895035Z [36;1m  if echo "$line" | grep -q "$FAIL_TAG"; then[0m
2026-02-18T19:35:35.5895250Z [36;1m    exit 1[0m
2026-02-18T19:35:35.5895391Z [36;1m  fi[0m
2026-02-18T19:35:35.5895531Z [36;1mdone[0m
2026-02-18T19:35:35.5895853Z shell: bash -el {0}
2026-02-18T19:35:35.5896001Z env:
2026-02-18T19:35:35.5896172Z   FAIL_TAG: FAIL_TAG_Kimi-K2-Instruct-W8A8.yaml
2026-02-18T19:35:35.5896387Z ##[endgroup]
2026-02-18T19:35:35.6017109Z ##[group]Run '/home/runner/k8s/index.js'
2026-02-18T19:35:35.6017723Z shell: /home/runner/externals/node20/bin/node {0}
2026-02-18T19:35:35.6017938Z ##[endgroup]
2026-02-18T19:35:35.9501420Z (node:764) [DEP0005] DeprecationWarning: Buffer() is deprecated due to security and usability issues. Please use the Buffer.alloc(), Buffer.allocUnsafe(), or Buffer.from() methods instead.
2026-02-18T19:35:35.9502192Z (Use `node --trace-deprecation ...` to show where the warning was created)
2026-02-18T19:35:36.5120275Z ==== Collecting logs from worker pod: vllm-0-1 ====
2026-02-18T19:35:36.5120635Z ==== Streaming logs from leader pod: vllm-0 ====
2026-02-18T19:35:36.5120955Z Looking for logs containing: FAIL_TAG_Kimi-K2-Instruct-W8A8.yaml
2026-02-18T19:35:36.5911262Z /usr/local/Ascend/ascend-toolkit/set_env.sh: line 31: CMAKE_PREFIX_PATH: unbound variable
2026-02-18T19:35:36.5921638Z ====> Check NPU info
2026-02-18T19:35:36.5931036Z +------------------------------------------------------------------------------------------------+
2026-02-18T19:35:36.5942912Z | npu-smi 25.5.0                   Version: 25.5.0                                               |
2026-02-18T19:35:36.5952367Z +---------------------------+---------------+----------------------------------------------------+
2026-02-18T19:35:36.5963557Z | NPU   Name                | Health        | Power(W)    Temp(C)           Hugepages-Usage(page)|
2026-02-18T19:35:36.5973335Z | Chip  Phy-ID              | Bus-Id        | AICore(%)   Memory-Usage(MB)  HBM-Usage(MB)        |
2026-02-18T19:35:36.5982536Z +===========================+===============+====================================================+
2026-02-18T19:35:36.5992198Z | 0     Ascend910           | OK            | 162.3       36                0    / 0             |
2026-02-18T19:35:36.6001376Z | 0     0                   | 0000:9D:00.0  | 0           0    / 0          3142 / 65536         |
2026-02-18T19:35:36.6009515Z +------------------------------------------------------------------------------------------------+
2026-02-18T19:35:36.6035452Z | 0     Ascend910           | OK            | -           36                0    / 0             |
2026-02-18T19:35:36.6035850Z | 1     1                   | 0000:9F:00.0  | 0           0    / 0          2888 / 65536         |
2026-02-18T19:35:36.6042641Z +===========================+===============+====================================================+
2026-02-18T19:35:36.6047212Z | 1     Ascend910           | OK            | 163.8       36                0    / 0             |
2026-02-18T19:35:36.6057400Z | 0     2                   | 0000:99:00.0  | 0           0    / 0          3157 / 65536         |
2026-02-18T19:35:36.6066537Z +------------------------------------------------------------------------------------------------+
2026-02-18T19:35:36.6075484Z | 1     Ascend910           | OK            | -           37                0    / 0             |
2026-02-18T19:35:36.6085240Z | 1     3                   | 0000:9B:00.0  | 0           0    / 0          2877 / 65536         |
2026-02-18T19:35:36.6095391Z +===========================+===============+====================================================+
2026-02-18T19:35:36.6103885Z | 2     Ascend910           | OK            | 162.9       37                0    / 0             |
2026-02-18T19:35:36.6113850Z | 0     4                   | 0000:95:00.0  | 0           0    / 0          3160 / 65536         |
2026-02-18T19:35:36.6122387Z +------------------------------------------------------------------------------------------------+
2026-02-18T19:35:36.6132762Z | 2     Ascend910           | OK            | -           37                0    / 0             |
2026-02-18T19:35:36.6141203Z | 1     5                   | 0000:97:00.0  | 0           0    / 0          2879 / 65536         |
2026-02-18T19:35:36.6150530Z +===========================+===============+====================================================+
2026-02-18T19:35:36.6160054Z | 3     Ascend910           | OK            | 167.9       37                0    / 0             |
2026-02-18T19:35:36.6169435Z | 0     6                   | 0000:91:00.0  | 0           0    / 0          3157 / 65536         |
2026-02-18T19:35:36.6178686Z +------------------------------------------------------------------------------------------------+
2026-02-18T19:35:36.6188841Z | 3     Ascend910           | OK            | -           37                0    / 0             |
2026-02-18T19:35:36.6198979Z | 1     7                   | 0000:93:00.0  | 0           0    / 0          2876 / 65536         |
2026-02-18T19:35:36.6207851Z +===========================+===============+====================================================+
2026-02-18T19:35:36.6217513Z | 4     Ascend910           | OK            | 161.5       37                0    / 0             |
2026-02-18T19:35:36.6226656Z | 0     8                   | 0000:8D:00.0  | 0           0    / 0          3156 / 65536         |
2026-02-18T19:35:36.6236163Z +------------------------------------------------------------------------------------------------+
2026-02-18T19:35:36.6245916Z | 4     Ascend910           | OK            | -           37                0    / 0             |
2026-02-18T19:35:36.6254572Z | 1     9                   | 0000:8F:00.0  | 0           0    / 0          2877 / 65536         |
2026-02-18T19:35:36.6263564Z +===========================+===============+====================================================+
2026-02-18T19:35:36.6273467Z | 5     Ascend910           | OK            | 162.2       37                0    / 0             |
2026-02-18T19:35:36.6289761Z | 0     10                  | 0000:89:00.0  | 0           0    / 0          3144 / 65536         |
2026-02-18T19:35:36.6300088Z +------------------------------------------------------------------------------------------------+
2026-02-18T19:35:36.6310328Z | 5     Ascend910           | OK            | -           37                0    / 0             |
2026-02-18T19:35:36.6320315Z | 1     11                  | 0000:8B:00.0  | 0           0    / 0          2889 / 65536         |
2026-02-18T19:35:36.6330905Z +===========================+===============+====================================================+
2026-02-18T19:35:36.6340601Z | 6     Ascend910           | OK            | 159.4       36                0    / 0             |
2026-02-18T19:35:36.6351077Z | 0     12                  | 0000:85:00.0  | 0           0    / 0          3143 / 65536         |
2026-02-18T19:35:36.6360018Z +------------------------------------------------------------------------------------------------+
2026-02-18T19:35:36.6370045Z | 6     Ascend910           | OK            | -           36                0    / 0             |
2026-02-18T19:35:36.6379646Z | 1     13                  | 0000:87:00.0  | 0           0    / 0          2887 / 65536         |
2026-02-18T19:35:36.6388996Z +===========================+===============+====================================================+
2026-02-18T19:35:36.6398107Z | 7     Ascend910           | OK            | 165.1       37                0    / 0             |
2026-02-18T19:35:36.6408462Z | 0     14                  | 0000:81:00.0  | 0           0    / 0          3149 / 65536         |
2026-02-18T19:35:36.6417666Z +------------------------------------------------------------------------------------------------+
2026-02-18T19:35:36.6426889Z | 7     Ascend910           | OK            | -           37                0    / 0             |
2026-02-18T19:35:36.6435933Z | 1     15                  | 0000:83:00.0  | 0           0    / 0          2872 / 65536         |
2026-02-18T19:35:36.6446649Z +===========================+===============+====================================================+
2026-02-18T19:35:36.6456320Z +---------------------------+---------------+----------------------------------------------------+
2026-02-18T19:35:36.6465531Z | NPU     Chip              | Process id    | Process name             | Process memory(MB)      |
2026-02-18T19:35:36.6473904Z +===========================+===============+====================================================+
2026-02-18T19:35:36.6485138Z | No running processes found in NPU 0                                                            |
2026-02-18T19:35:36.6492803Z +===========================+===============+====================================================+
2026-02-18T19:35:36.6503270Z | No running processes found in NPU 1                                                            |
2026-02-18T19:35:36.6511712Z +===========================+===============+====================================================+
2026-02-18T19:35:36.6520197Z | No running processes found in NPU 2                                                            |
2026-02-18T19:35:36.6530537Z +===========================+===============+====================================================+
2026-02-18T19:35:36.6539022Z | No running processes found in NPU 3                                                            |
2026-02-18T19:35:36.6548719Z +===========================+===============+====================================================+
2026-02-18T19:35:36.6557382Z | No running processes found in NPU 4                                                            |
2026-02-18T19:35:36.6567684Z +===========================+===============+====================================================+
2026-02-18T19:35:36.6576913Z | No running processes found in NPU 5                                                            |
2026-02-18T19:35:36.6585906Z +===========================+===============+====================================================+
2026-02-18T19:35:36.6595021Z | No running processes found in NPU 6                                                            |
2026-02-18T19:35:36.6603965Z +===========================+===============+====================================================+
2026-02-18T19:35:36.6615106Z | No running processes found in NPU 7                                                            |
2026-02-18T19:35:36.6624013Z +===========================+===============+====================================================+
2026-02-18T19:35:36.6633435Z package_name=Ascend-cann-toolkit
2026-02-18T19:35:36.6643359Z version=8.5.0
2026-02-18T19:35:36.6652784Z innerversion=V100R001C25SPC001B232
2026-02-18T19:35:36.6661700Z compatible_version=[V100R001C15],[V100R001C18],[V100R001C19],[V100R001C20],[V100R001C21],[V100R001C23]
2026-02-18T19:35:36.6671773Z arch=aarch64
2026-02-18T19:35:36.6680812Z os=linux
2026-02-18T19:35:36.6690883Z path=/usr/local/Ascend/cann-8.5.0
2026-02-18T19:35:36.6698244Z ====> Configure mirrors and git proxy
2026-02-18T19:35:36.6708312Z Writing to /root/.config/pip/pip.conf
2026-02-18T19:35:36.6717848Z Installed vLLM-related Python packages:
2026-02-18T19:35:36.6727981Z ais_bench_benchmark               3.0.20250930                /vllm-workspace/vllm-ascend/benchmark
2026-02-18T19:35:36.6736202Z vllm                              0.15.0+empty                /vllm-workspace/vllm
2026-02-18T19:35:36.6746534Z vllm_ascend                       0.14.0rc2.dev171+gf0caeeadc /vllm-workspace/vllm-ascend
2026-02-18T19:35:36.6754214Z 
2026-02-18T19:35:36.6763832Z ============================
2026-02-18T19:35:36.6772792Z vLLM Git information
2026-02-18T19:35:36.6783300Z ============================
2026-02-18T19:35:36.6792668Z Branch:      HEAD
2026-02-18T19:35:36.6803765Z Commit hash: f176443446f659dbab5315e056e605d8984fd976
2026-02-18T19:35:36.6812580Z Author:      TJian <tunjian.tan@embeddedllm.com>
2026-02-18T19:35:36.6821323Z Date:        2026-01-29 14:45:42 +0800
2026-02-18T19:35:36.6831260Z Message:     [Release] [CI] Optim release pipeline (#33156)
2026-02-18T19:35:36.6840634Z Tags:        v0.15.0
2026-02-18T19:35:36.6850518Z Remote:      origin	https://ghfast.top/https://github.com/vllm-project/vllm.git (fetch)
2026-02-18T19:35:36.6858894Z 
2026-02-18T19:35:36.6871666Z 
2026-02-18T19:35:36.6875671Z ============================
2026-02-18T19:35:36.6886033Z vLLM-Ascend Git information
2026-02-18T19:35:36.6896040Z ============================
2026-02-18T19:35:36.6905659Z Branch:      main
2026-02-18T19:35:36.6913158Z Commit hash: f0caeeadcb37261beebd4a6e32934fa9f460db98
2026-02-18T19:35:36.6924181Z Author:      Nengjun Ma <nengjunma@outlook.com>
2026-02-18T19:35:36.6936255Z Date:        2026-02-14 18:54:04 +0800
2026-02-18T19:35:36.6941043Z Message:     [CI] unlock when load model (#6771)
2026-02-18T19:35:36.6952651Z Tags:        
2026-02-18T19:35:36.6959976Z Remote:      origin	https://ghfast.top/https://github.com/vllm-project/vllm-ascend (fetch)
2026-02-18T19:35:36.6969854Z 
2026-02-18T19:35:36.6978777Z ====> Check triton ascend info
2026-02-18T19:35:37.0176507Z Ubuntu clang version 15.0.7
2026-02-18T19:35:37.0189836Z Target: aarch64-unknown-linux-gnu
2026-02-18T19:35:37.0200410Z Thread model: posix
2026-02-18T19:35:37.0210308Z InstalledDir: /usr/bin
2026-02-18T19:35:37.0221424Z Found candidate GCC installation: /usr/bin/../lib/gcc/aarch64-linux-gnu/11
2026-02-18T19:35:37.0230941Z Selected GCC installation: /usr/bin/../lib/gcc/aarch64-linux-gnu/11
2026-02-18T19:35:37.0241503Z Candidate multilib: .;@m64
2026-02-18T19:35:37.0250459Z Selected multilib: .;@m64
2026-02-18T19:35:37.0300344Z /usr/local/Ascend/cann-8.5.0/tools/bishengir/bin/bishengir-compile
2026-02-18T19:35:37.6451756Z Name: triton-ascend
2026-02-18T19:35:37.6460834Z Version: 3.2.0
2026-02-18T19:35:37.6471406Z Summary: A language and compiler for custom Deep Learning operations on Ascend hardwares
2026-02-18T19:35:37.6480669Z Home-page: https://gitcode.com/Ascend/triton-ascend/
2026-02-18T19:35:37.6489074Z Author: 
2026-02-18T19:35:37.6498620Z Author-email: 
2026-02-18T19:35:37.6507811Z License: 
2026-02-18T19:35:37.6518283Z Location: /usr/local/python3.11.14/lib/python3.11/site-packages
2026-02-18T19:35:37.6528135Z Requires: 
2026-02-18T19:35:37.6537496Z Required-by: vllm_ascend
2026-02-18T19:35:55.1128578Z INFO 02-18 19:35:55 [__init__.py:43] Available plugins for group vllm.platform_plugins:
2026-02-18T19:35:55.1137415Z INFO 02-18 19:35:55 [__init__.py:45] - ascend -> vllm_ascend:register
2026-02-18T19:35:55.1149284Z INFO 02-18 19:35:55 [__init__.py:48] All plugins in this group will be loaded. Set `VLLM_PLUGINS` to control which plugins to load.
2026-02-18T19:35:55.1604532Z INFO 02-18 19:35:55 [__init__.py:217] Platform plugin ascend is activated
2026-02-18T19:36:01.3381150Z ============================= test session starts ==============================
2026-02-18T19:36:01.3392855Z platform linux -- Python 3.11.14, pytest-8.4.2, pluggy-1.6.0 -- /usr/local/python3.11.14/bin/python3
2026-02-18T19:36:01.3402517Z cachedir: .pytest_cache
2026-02-18T19:36:01.3413003Z rootdir: /vllm-workspace/vllm-ascend
2026-02-18T19:36:01.3423633Z configfile: pyproject.toml
2026-02-18T19:36:01.3432400Z plugins: cov-7.0.0, mock-3.15.1, asyncio-1.3.0, anyio-4.12.1
2026-02-18T19:36:01.3443609Z asyncio: mode=Mode.STRICT, debug=False, asyncio_default_fixture_loop_scope=None, asyncio_default_test_loop_scope=function
2026-02-18T19:36:02.1203532Z collecting ... collected 1 item
2026-02-18T19:36:02.1210976Z 
2026-02-18T19:36:02.1222285Z [2026-02-18 19:36:02] INFO multi_node_config.py:294: Loading config yaml: tests/e2e/nightly/multi_node/config/Kimi-K2-Instruct-W8A8.yaml
2026-02-18T19:36:02.1265857Z [2026-02-18 19:36:02] INFO multi_node_config.py:351: Resolving cluster IPs via DNS...
2026-02-18T19:36:02.1302833Z [2026-02-18 19:36:02] INFO multi_node_config.py:212: Node 0 envs: {'VLLM_USE_MODELSCOPE': 'True', 'HCCL_BUFFSIZE': '1024', 'SERVER_PORT': '8080', 'OMP_PROC_BIND': 'False', 'OMP_NUM_THREADS': '100', 'NUMEXPR_MAX_THREADS': '128', 'HCCL_IF_IP': '10.0.0.167', 'HCCL_SOCKET_IFNAME': 'eth0', 'GLOO_SOCKET_IFNAME': 'eth0', 'TP_SOCKET_IFNAME': 'eth0', 'LOCAL_IP': '10.0.0.167', 'NIC_NAME': 'eth0', 'MASTER_IP': '10.0.0.167'}
2026-02-18T19:36:02.1363685Z [2026-02-18 19:36:02] INFO multi_node_config.py:137: Not launching proxy on non-master node
2026-02-18T19:36:02.1365421Z [2026-02-18 19:36:02] INFO conftest.py:241: Starting server with command: vllm serve vllm-ascend/Kimi-K2-Instruct-W8A8 --host 0.0.0.0 --port 8080 --data-parallel-size 4 --data-parallel-size-local 2 --data-parallel-start-rank 0 --data-parallel-address 10.0.0.167 --data-parallel-rpc-port 13389 --tensor-parallel-size 8 --seed 1024 --enable-expert-parallel --max-num-seqs 32 --max-model-len 8192 --max-num-batched-tokens 8192 --quantization ascend --trust-remote-code --no-enable-prefix-caching --gpu-memory-utilization 0.9 --additional-config {"torchair_graph_config":{"enabled":true}}
2026-02-18T19:36:06.5860436Z tests/e2e/nightly/multi_node/scripts/test_multi_node.py::test_multi_node INFO 02-18 19:36:06 [__init__.py:43] Available plugins for group vllm.platform_plugins:
2026-02-18T19:36:06.5866717Z INFO 02-18 19:36:06 [__init__.py:45] - ascend -> vllm_ascend:register
2026-02-18T19:36:06.5888085Z INFO 02-18 19:36:06 [__init__.py:48] All plugins in this group will be loaded. Set `VLLM_PLUGINS` to control which plugins to load.
2026-02-18T19:36:06.5931263Z INFO 02-18 19:36:06 [__init__.py:217] Platform plugin ascend is activated
2026-02-18T19:36:12.9134991Z 2026-02-18 19:36:12,910 - 138 - vllmProfiler - INFO - VLLM_USE_V1 not set, auto-detected via vLLM 0.15.0+empty: default 1
2026-02-18T19:36:12.9423871Z INFO 02-18 19:36:12 [__init__.py:108] Registered model loader `<class 'vllm_ascend.model_loader.netloader.netloader.ModelNetLoaderElastic'>` with load format `netloader`
2026-02-18T19:36:13.0815026Z INFO 02-18 19:36:13 [serve.py:92] Defaulting api_server_count to data_parallel_size_local (2) for hybrid LB mode.
2026-02-18T19:36:13.0835594Z INFO 02-18 19:36:13 [utils.py:325] 
2026-02-18T19:36:13.0846968Z INFO 02-18 19:36:13 [utils.py:325]        █     █     █▄   ▄█
2026-02-18T19:36:13.0858069Z INFO 02-18 19:36:13 [utils.py:325]  ▄▄ ▄█ █     █     █ ▀▄▀ █  version 0.15.0
2026-02-18T19:36:13.0868143Z INFO 02-18 19:36:13 [utils.py:325]   █▄█▀ █     █     █     █  model   vllm-ascend/Kimi-K2-Instruct-W8A8
2026-02-18T19:36:13.0879321Z INFO 02-18 19:36:13 [utils.py:325]    ▀▀  ▀▀▀▀▀ ▀▀▀▀▀ ▀     ▀
2026-02-18T19:36:13.0888793Z INFO 02-18 19:36:13 [utils.py:325] 
2026-02-18T19:36:13.0901710Z INFO 02-18 19:36:13 [utils.py:261] non-default args: {'model_tag': 'vllm-ascend/Kimi-K2-Instruct-W8A8', 'api_server_count': 2, 'host': '0.0.0.0', 'port': 8080, 'model': 'vllm-ascend/Kimi-K2-Instruct-W8A8', 'trust_remote_code': True, 'seed': 1024, 'max_model_len': 8192, 'quantization': 'ascend', 'tensor_parallel_size': 8, 'data_parallel_size': 4, 'data_parallel_start_rank': 0, 'data_parallel_size_local': 2, 'data_parallel_address': '10.0.0.167', 'data_parallel_rpc_port': 13389, 'enable_expert_parallel': True, 'enable_prefix_caching': False, 'max_num_batched_tokens': 8192, 'max_num_seqs': 32, 'additional_config': {'torchair_graph_config': {'enabled': True}}}
2026-02-18T19:36:13.1257357Z 2026-02-18 19:36:13,123 - modelscope - WARNING - We can not confirm the cached file is for revision: master
2026-02-18T19:36:13.1318315Z INFO 02-18 19:36:13 [arg_utils.py:602] HF_HUB_OFFLINE is True, replace model_id [vllm-ascend/Kimi-K2-Instruct-W8A8] to model_path [/root/.cache/modelscope/hub/models/vllm-ascend/Kimi-K2-Instruct-W8A8]
2026-02-18T19:36:13.1363417Z The argument `trust_remote_code` is to be used with Auto classes. It has no effect here and is ignored.
2026-02-18T19:36:13.1373314Z The argument `trust_remote_code` is to be used with Auto classes. It has no effect here and is ignored.
2026-02-18T19:36:13.1628526Z You are using a model of type kimi_k2 to instantiate a model of type deepseek_v3. This is not supported for all configurations of models and can yield errors.
2026-02-18T19:36:13.1659908Z INFO 02-18 19:36:13 [config.py:389] Replacing legacy 'type' key with 'rope_type'
2026-02-18T19:36:13.4401613Z INFO 02-18 19:36:13 [model.py:541] Resolved architecture: DeepseekV3ForCausalLM
2026-02-18T19:36:13.4424365Z INFO 02-18 19:36:13 [model.py:1561] Using max model len 8192
2026-02-18T19:36:13.4433912Z INFO 02-18 19:36:13 [scheduler.py:226] Chunked prefill is enabled with max_num_batched_tokens=8192.
2026-02-18T19:36:14.0869058Z INFO 02-18 19:36:14 [vllm.py:624] Asynchronous scheduling is enabled.
2026-02-18T19:36:14.0878374Z INFO 02-18 19:36:14 [vllm.py:634] Disabling NCCL for DP synchronization when using async scheduling.
2026-02-18T19:36:14.0890819Z WARNING 02-18 19:36:14 [platform.py:771] Ignored parameter 'use_trtllm_ragged_deepseek_prefill'. This is a GPU-specific feature not supported on Ascend. Resetting to False.
2026-02-18T19:36:14.0899421Z INFO 02-18 19:36:14 [ascend_config.py:412] Dynamic EPLB is False
2026-02-18T19:36:14.0910361Z INFO 02-18 19:36:14 [ascend_config.py:413] The number of redundant experts is 0
2026-02-18T19:36:14.0920619Z INFO 02-18 19:36:14 [ascend_config.py:54] Linear layer sharding enabled with config: None. Note: This feature works optimally with FLASHCOMM2 and DSA-CP enabled; using it without these features may result in significant performance degradation.
2026-02-18T19:36:14.0929988Z INFO 02-18 19:36:14 [platform.py:295] PIECEWISE compilation enabled on NPU. use_inductor not supported - using only ACL Graph mode
2026-02-18T19:36:14.0939644Z INFO 02-18 19:36:14 [utils.py:519] Calculated maximum supported batch sizes for ACL graph: 5
2026-02-18T19:36:14.0951599Z WARNING 02-18 19:36:14 [utils.py:520] Currently, communication is performed using FFTS+ method, which reduces the number of available streams and, as a result, limits the range of runtime shapes that can be handled. To both improve communication performance and increase the number of supported shapes, set HCCL_OP_EXPANSION_MODE=AIV.
2026-02-18T19:36:14.0961471Z INFO 02-18 19:36:14 [utils.py:539] Adjusted ACL graph batch sizes for DeepseekV3ForCausalLM model (layers: 61): 11 → 5 sizes
2026-02-18T19:36:14.0971366Z INFO 02-18 19:36:14 [platform.py:443] Set PYTORCH_NPU_ALLOC_CONF=expandable_segments:True
2026-02-18T19:36:14.0980627Z INFO 02-18 19:36:14 [utils.py:851] Started DP Coordinator process (PID: 377)
2026-02-18T19:36:18.4876578Z INFO 02-18 19:36:18 [__init__.py:43] Available plugins for group vllm.platform_plugins:
2026-02-18T19:36:18.4892525Z INFO 02-18 19:36:18 [__init__.py:45] - ascend -> vllm_ascend:register
2026-02-18T19:36:18.4904083Z INFO 02-18 19:36:18 [__init__.py:48] All plugins in this group will be loaded. Set `VLLM_PLUGINS` to control which plugins to load.
2026-02-18T19:36:18.4946110Z INFO 02-18 19:36:18 [__init__.py:217] Platform plugin ascend is activated
2026-02-18T19:36:18.7474303Z INFO 02-18 19:36:18 [__init__.py:43] Available plugins for group vllm.platform_plugins:
2026-02-18T19:36:18.7486046Z INFO 02-18 19:36:18 [__init__.py:45] - ascend -> vllm_ascend:register
2026-02-18T19:36:18.7497153Z INFO 02-18 19:36:18 [__init__.py:48] All plugins in this group will be loaded. Set `VLLM_PLUGINS` to control which plugins to load.
2026-02-18T19:36:18.7554888Z INFO 02-18 19:36:18 [__init__.py:217] Platform plugin ascend is activated
2026-02-18T19:36:28.3810634Z INFO 02-18 19:36:28 [__init__.py:43] Available plugins for group vllm.platform_plugins:
2026-02-18T19:36:28.3822325Z INFO 02-18 19:36:28 [__init__.py:45] - ascend -> vllm_ascend:register
2026-02-18T19:36:28.3834810Z INFO 02-18 19:36:28 [__init__.py:48] All plugins in this group will be loaded. Set `VLLM_PLUGINS` to control which plugins to load.
2026-02-18T19:36:28.3888749Z INFO 02-18 19:36:28 [__init__.py:217] Platform plugin ascend is activated
2026-02-18T19:36:33.6244620Z INFO 02-18 19:36:33 [utils.py:218] Started 2 API server processes
2026-02-18T19:36:33.9423620Z [0;36m(EngineCore_DP0 pid=380)[0;0m 2026-02-18 19:36:33,939 - 380 - vllmProfiler - INFO - VLLM_USE_V1 not set, auto-detected via vLLM 0.15.0+empty: default 1
2026-02-18T19:36:33.9444178Z [0;36m(EngineCore_DP1 pid=851)[0;0m 2026-02-18 19:36:33,942 - 851 - vllmProfiler - INFO - VLLM_USE_V1 not set, auto-detected via vLLM 0.15.0+empty: default 1
2026-02-18T19:36:33.9464899Z [0;36m(EngineCore_DP0 pid=380)[0;0m INFO 02-18 19:36:33 [__init__.py:108] Registered model loader `<class 'vllm_ascend.model_loader.netloader.netloader.ModelNetLoaderElastic'>` with load format `netloader`
2026-02-18T19:36:33.9498842Z [0;36m(EngineCore_DP0 pid=380)[0;0m INFO 02-18 19:36:33 [core.py:96] Initializing a V1 LLM engine (v0.15.0) with config: model='/root/.cache/modelscope/hub/models/vllm-ascend/Kimi-K2-Instruct-W8A8', speculative_config=None, tokenizer='/root/.cache/modelscope/hub/models/vllm-ascend/Kimi-K2-Instruct-W8A8', skip_tokenizer_init=False, tokenizer_mode=auto, revision=None, tokenizer_revision=None, trust_remote_code=True, dtype=torch.bfloat16, max_seq_len=8192, download_dir=None, load_format=auto, tensor_parallel_size=8, pipeline_parallel_size=1, data_parallel_size=4, disable_custom_all_reduce=True, quantization=ascend, enforce_eager=False, enable_return_routed_experts=False, kv_cache_dtype=auto, device_config=npu, structured_outputs_config=StructuredOutputsConfig(backend='auto', disable_fallback=False, disable_any_whitespace=False, disable_additional_properties=False, reasoning_parser='', reasoning_parser_plugin='', enable_in_reasoning=False), observability_config=ObservabilityConfig(show_hidden_metrics_for_version=None, otlp_traces_endpoint=None, collect_detailed_traces=None, kv_cache_metrics=False, kv_cache_metrics_sample=0.01, cudagraph_metrics=False, enable_layerwise_nvtx_tracing=False, enable_mfu_metrics=False, enable_mm_processor_stats=False, enable_logging_iteration_details=False), seed=1024, served_model_name=/root/.cache/modelscope/hub/models/vllm-ascend/Kimi-K2-Instruct-W8A8, enable_prefix_caching=False, enable_chunked_prefill=True, pooler_config=None, compilation_config={'level': None, 'mode': <CompilationMode.VLLM_COMPILE: 3>, 'debug_dump_path': None, 'cache_dir': '', 'compile_cache_save_format': 'binary', 'backend': 'vllm_ascend.compilation.compiler_interface.AscendCompiler', 'custom_ops': ['all'], 'splitting_ops': ['vllm::unified_attention', 'vllm::unified_attention_with_output', 'vllm::unified_mla_attention', 'vllm::unified_mla_attention_with_output', 'vllm::mamba_mixer2', 'vllm::mamba_mixer', 'vllm::short_conv', 'vllm::linear_attention', 'vllm::plamo2_mamba_mixer', 'vllm::gdn_attention_core', 'vllm::kda_attention', 'vllm::sparse_attn_indexer', 'vllm::rocm_aiter_sparse_attn_indexer', 'vllm::mla_forward'], 'compile_mm_encoder': False, 'compile_sizes': [], 'compile_ranges_split_points': [8192], 'inductor_compile_config': {'enable_auto_functionalized_v2': False, 'combo_kernels': True, 'benchmark_combo_kernel': True}, 'inductor_passes': {}, 'cudagraph_mode': <CUDAGraphMode.PIECEWISE: 1>, 'cudagraph_num_of_warmups': 1, 'cudagraph_capture_sizes': [1, 4, 24, 48, 64], 'cudagraph_copy_inputs': False, 'cudagraph_specialize_lora': True, 'use_inductor_graph_partition': False, 'pass_config': {'fuse_norm_quant': True, 'fuse_act_quant': True, 'fuse_attn_quant': False, 'eliminate_noops': True, 'enable_sp': False, 'fuse_gemm_comms': False, 'fuse_allreduce_rms': False}, 'max_cudagraph_capture_size': 64, 'dynamic_shapes_config': {'type': <DynamicShapesType.BACKED: 'backed'>, 'evaluate_guards': False, 'assume_32_bit_indexing': True}, 'local_cache_dir': None}
2026-02-18T19:36:33.9507021Z [0;36m(EngineCore_DP1 pid=851)[0;0m INFO 02-18 19:36:33 [__init__.py:108] Registered model loader `<class 'vllm_ascend.model_loader.netloader.netloader.ModelNetLoaderElastic'>` with load format `netloader`
2026-02-18T19:36:38.3750494Z INFO 02-18 19:36:38 [__init__.py:43] Available plugins for group vllm.platform_plugins:
2026-02-18T19:36:38.3759797Z INFO 02-18 19:36:38 [__init__.py:45] - ascend -> vllm_ascend:register
2026-02-18T19:36:38.3771518Z INFO 02-18 19:36:38 [__init__.py:48] All plugins in this group will be loaded. Set `VLLM_PLUGINS` to control which plugins to load.
2026-02-18T19:36:38.3828621Z INFO 02-18 19:36:38 [__init__.py:217] Platform plugin ascend is activated
2026-02-18T19:36:38.4713475Z INFO 02-18 19:36:38 [__init__.py:43] Available plugins for group vllm.platform_plugins:
2026-02-18T19:36:38.4720903Z INFO 02-18 19:36:38 [__init__.py:45] - ascend -> vllm_ascend:register
2026-02-18T19:36:38.4731322Z INFO 02-18 19:36:38 [__init__.py:48] All plugins in this group will be loaded. Set `VLLM_PLUGINS` to control which plugins to load.
2026-02-18T19:36:38.4795957Z INFO 02-18 19:36:38 [__init__.py:217] Platform plugin ascend is activated
2026-02-18T19:36:38.6162574Z INFO 02-18 19:36:38 [__init__.py:43] Available plugins for group vllm.platform_plugins:
2026-02-18T19:36:38.6169501Z INFO 02-18 19:36:38 [__init__.py:43] Available plugins for group vllm.platform_plugins:
2026-02-18T19:36:38.6179053Z INFO 02-18 19:36:38 [__init__.py:45] - ascend -> vllm_ascend:register
2026-02-18T19:36:38.6187923Z INFO 02-18 19:36:38 [__init__.py:45] - ascend -> vllm_ascend:register
2026-02-18T19:36:38.6197981Z INFO 02-18 19:36:38 [__init__.py:48] All plugins in this group will be loaded. Set `VLLM_PLUGINS` to control which plugins to load.
2026-02-18T19:36:38.6208070Z INFO 02-18 19:36:38 [__init__.py:48] All plugins in this group will be loaded. Set `VLLM_PLUGINS` to control which plugins to load.
2026-02-18T19:36:38.6236104Z INFO 02-18 19:36:38 [__init__.py:217] Platform plugin ascend is activated
2026-02-18T19:36:38.6260545Z INFO 02-18 19:36:38 [__init__.py:217] Platform plugin ascend is activated
2026-02-18T19:36:43.7378297Z 2026-02-18 19:36:43,733 - 1236 - vllmProfiler - INFO - VLLM_USE_V1 not set, auto-detected via vLLM 0.15.0+empty: default 1
2026-02-18T19:36:43.7404086Z INFO 02-18 19:36:43 [__init__.py:108] Registered model loader `<class 'vllm_ascend.model_loader.netloader.netloader.ModelNetLoaderElastic'>` with load format `netloader`
2026-02-18T19:36:43.8831933Z 2026-02-18 19:36:43,880 - 1235 - vllmProfiler - INFO - VLLM_USE_V1 not set, auto-detected via vLLM 0.15.0+empty: default 1
2026-02-18T19:36:43.8884711Z INFO 02-18 19:36:43 [__init__.py:108] Registered model loader `<class 'vllm_ascend.model_loader.netloader.netloader.ModelNetLoaderElastic'>` with load format `netloader`
2026-02-18T19:36:44.2755664Z [0;36m(ApiServer_0 pid=1091)[0;0m 2026-02-18 19:36:44,273 - 1091 - vllmProfiler - INFO - VLLM_USE_V1 not set, auto-detected via vLLM 0.15.0+empty: default 1
2026-02-18T19:36:44.2904051Z [0;36m(ApiServer_0 pid=1091)[0;0m INFO 02-18 19:36:44 [__init__.py:108] Registered model loader `<class 'vllm_ascend.model_loader.netloader.netloader.ModelNetLoaderElastic'>` with load format `netloader`
2026-02-18T19:36:44.3154188Z [0;36m(ApiServer_0 pid=1091)[0;0m 2026-02-18 19:36:44,313 - modelscope - WARNING - We can not confirm the cached file is for revision: master
2026-02-18T19:36:44.3207222Z [0;36m(ApiServer_0 pid=1091)[0;0m INFO 02-18 19:36:44 [arg_utils.py:602] HF_HUB_OFFLINE is True, replace model_id [vllm-ascend/Kimi-K2-Instruct-W8A8] to model_path [/root/.cache/modelscope/hub/models/vllm-ascend/Kimi-K2-Instruct-W8A8]
2026-02-18T19:36:44.4203064Z [0;36m(ApiServer_0 pid=1091)[0;0m The argument `trust_remote_code` is to be used with Auto classes. It has no effect here and is ignored.
2026-02-18T19:36:44.4230826Z [0;36m(ApiServer_0 pid=1091)[0;0m The argument `trust_remote_code` is to be used with Auto classes. It has no effect here and is ignored.
2026-02-18T19:36:44.4367329Z [0;36m(ApiServer_0 pid=1091)[0;0m You are using a model of type kimi_k2 to instantiate a model of type deepseek_v3. This is not supported for all configurations of models and can yield errors.
2026-02-18T19:36:44.4396914Z [0;36m(ApiServer_0 pid=1091)[0;0m INFO 02-18 19:36:44 [config.py:389] Replacing legacy 'type' key with 'rope_type'
2026-02-18T19:36:44.5560690Z [0;36m(ApiServer_0 pid=1091)[0;0m INFO 02-18 19:36:44 [model.py:541] Resolved architecture: DeepseekV3ForCausalLM
2026-02-18T19:36:44.5576552Z [0;36m(ApiServer_0 pid=1091)[0;0m INFO 02-18 19:36:44 [model.py:1561] Using max model len 8192
2026-02-18T19:36:44.5586515Z [0;36m(ApiServer_0 pid=1091)[0;0m INFO 02-18 19:36:44 [scheduler.py:226] Chunked prefill is enabled with max_num_batched_tokens=8192.
2026-02-18T19:36:44.7180551Z [0;36m(ApiServer_0 pid=1091)[0;0m INFO 02-18 19:36:44 [vllm.py:624] Asynchronous scheduling is enabled.
2026-02-18T19:36:44.7189299Z [0;36m(ApiServer_0 pid=1091)[0;0m INFO 02-18 19:36:44 [vllm.py:634] Disabling NCCL for DP synchronization when using async scheduling.
2026-02-18T19:36:44.7202471Z [0;36m(ApiServer_0 pid=1091)[0;0m WARNING 02-18 19:36:44 [platform.py:771] Ignored parameter 'use_trtllm_ragged_deepseek_prefill'. This is a GPU-specific feature not supported on Ascend. Resetting to False.
2026-02-18T19:36:44.7211931Z [0;36m(ApiServer_0 pid=1091)[0;0m INFO 02-18 19:36:44 [ascend_config.py:412] Dynamic EPLB is False
2026-02-18T19:36:44.7221743Z [0;36m(ApiServer_0 pid=1091)[0;0m INFO 02-18 19:36:44 [ascend_config.py:413] The number of redundant experts is 0
2026-02-18T19:36:44.7232493Z [0;36m(ApiServer_0 pid=1091)[0;0m INFO 02-18 19:36:44 [ascend_config.py:54] Linear layer sharding enabled with config: None. Note: This feature works optimally with FLASHCOMM2 and DSA-CP enabled; using it without these features may result in significant performance degradation.
2026-02-18T19:36:44.7242218Z [0;36m(ApiServer_0 pid=1091)[0;0m INFO 02-18 19:36:44 [platform.py:295] PIECEWISE compilation enabled on NPU. use_inductor not supported - using only ACL Graph mode
2026-02-18T19:36:44.7252165Z [0;36m(ApiServer_0 pid=1091)[0;0m INFO 02-18 19:36:44 [utils.py:519] Calculated maximum supported batch sizes for ACL graph: 5
2026-02-18T19:36:44.7264053Z [0;36m(ApiServer_0 pid=1091)[0;0m WARNING 02-18 19:36:44 [utils.py:520] Currently, communication is performed using FFTS+ method, which reduces the number of available streams and, as a result, limits the range of runtime shapes that can be handled. To both improve communication performance and increase the number of supported shapes, set HCCL_OP_EXPANSION_MODE=AIV.
2026-02-18T19:36:44.7274223Z [0;36m(ApiServer_0 pid=1091)[0;0m INFO 02-18 19:36:44 [utils.py:539] Adjusted ACL graph batch sizes for DeepseekV3ForCausalLM model (layers: 61): 11 → 5 sizes
2026-02-18T19:36:44.7284818Z [0;36m(ApiServer_0 pid=1091)[0;0m INFO 02-18 19:36:44 [platform.py:443] Set PYTORCH_NPU_ALLOC_CONF=expandable_segments:True
2026-02-18T19:36:44.8268242Z [0;36m(ApiServer_1 pid=1092)[0;0m 2026-02-18 19:36:44,824 - 1092 - vllmProfiler - INFO - VLLM_USE_V1 not set, auto-detected via vLLM 0.15.0+empty: default 1
2026-02-18T19:36:44.8418875Z [0;36m(ApiServer_1 pid=1092)[0;0m INFO 02-18 19:36:44 [__init__.py:108] Registered model loader `<class 'vllm_ascend.model_loader.netloader.netloader.ModelNetLoaderElastic'>` with load format `netloader`
2026-02-18T19:36:44.8580586Z [0;36m(ApiServer_1 pid=1092)[0;0m 2026-02-18 19:36:44,854 - modelscope - WARNING - We can not confirm the cached file is for revision: master
2026-02-18T19:36:44.8618986Z [0;36m(ApiServer_1 pid=1092)[0;0m INFO 02-18 19:36:44 [arg_utils.py:602] HF_HUB_OFFLINE is True, replace model_id [vllm-ascend/Kimi-K2-Instruct-W8A8] to model_path [/root/.cache/modelscope/hub/models/vllm-ascend/Kimi-K2-Instruct-W8A8]
2026-02-18T19:36:44.9604089Z [0;36m(ApiServer_1 pid=1092)[0;0m The argument `trust_remote_code` is to be used with Auto classes. It has no effect here and is ignored.
2026-02-18T19:36:44.9671292Z [0;36m(ApiServer_1 pid=1092)[0;0m The argument `trust_remote_code` is to be used with Auto classes. It has no effect here and is ignored.
2026-02-18T19:36:44.9706423Z [0;36m(ApiServer_1 pid=1092)[0;0m You are using a model of type kimi_k2 to instantiate a model of type deepseek_v3. This is not supported for all configurations of models and can yield errors.
2026-02-18T19:36:44.9732152Z [0;36m(ApiServer_1 pid=1092)[0;0m INFO 02-18 19:36:44 [config.py:389] Replacing legacy 'type' key with 'rope_type'
2026-02-18T19:36:45.0891556Z [0;36m(ApiServer_1 pid=1092)[0;0m INFO 02-18 19:36:45 [model.py:541] Resolved architecture: DeepseekV3ForCausalLM
2026-02-18T19:36:45.0900086Z [0;36m(ApiServer_1 pid=1092)[0;0m INFO 02-18 19:36:45 [model.py:1561] Using max model len 8192
2026-02-18T19:36:45.0921293Z [0;36m(ApiServer_1 pid=1092)[0;0m INFO 02-18 19:36:45 [scheduler.py:226] Chunked prefill is enabled with max_num_batched_tokens=8192.
2026-02-18T19:36:45.2518958Z [0;36m(ApiServer_1 pid=1092)[0;0m INFO 02-18 19:36:45 [vllm.py:624] Asynchronous scheduling is enabled.
2026-02-18T19:36:45.2528345Z [0;36m(ApiServer_1 pid=1092)[0;0m INFO 02-18 19:36:45 [vllm.py:634] Disabling NCCL for DP synchronization when using async scheduling.
2026-02-18T19:36:45.2544598Z [0;36m(ApiServer_1 pid=1092)[0;0m WARNING 02-18 19:36:45 [platform.py:771] Ignored parameter 'use_trtllm_ragged_deepseek_prefill'. This is a GPU-specific feature not supported on Ascend. Resetting to False.
2026-02-18T19:36:45.2554589Z [0;36m(ApiServer_1 pid=1092)[0;0m INFO 02-18 19:36:45 [ascend_config.py:412] Dynamic EPLB is False
2026-02-18T19:36:45.2564725Z [0;36m(ApiServer_1 pid=1092)[0;0m INFO 02-18 19:36:45 [ascend_config.py:413] The number of redundant experts is 0
2026-02-18T19:36:45.2575436Z [0;36m(ApiServer_1 pid=1092)[0;0m INFO 02-18 19:36:45 [ascend_config.py:54] Linear layer sharding enabled with config: None. Note: This feature works optimally with FLASHCOMM2 and DSA-CP enabled; using it without these features may result in significant performance degradation.
2026-02-18T19:36:45.2585704Z [0;36m(ApiServer_1 pid=1092)[0;0m INFO 02-18 19:36:45 [platform.py:295] PIECEWISE compilation enabled on NPU. use_inductor not supported - using only ACL Graph mode
2026-02-18T19:36:45.2596099Z [0;36m(ApiServer_1 pid=1092)[0;0m INFO 02-18 19:36:45 [utils.py:519] Calculated maximum supported batch sizes for ACL graph: 5
2026-02-18T19:36:45.2608907Z [0;36m(ApiServer_1 pid=1092)[0;0m WARNING 02-18 19:36:45 [utils.py:520] Currently, communication is performed using FFTS+ method, which reduces the number of available streams and, as a result, limits the range of runtime shapes that can be handled. To both improve communication performance and increase the number of supported shapes, set HCCL_OP_EXPANSION_MODE=AIV.
2026-02-18T19:36:45.2618725Z [0;36m(ApiServer_1 pid=1092)[0;0m INFO 02-18 19:36:45 [utils.py:539] Adjusted ACL graph batch sizes for DeepseekV3ForCausalLM model (layers: 61): 11 → 5 sizes
2026-02-18T19:36:45.2632115Z [0;36m(ApiServer_1 pid=1092)[0;0m INFO 02-18 19:36:45 [platform.py:443] Set PYTORCH_NPU_ALLOC_CONF=expandable_segments:True
2026-02-18T19:36:45.2673299Z [0;36m(ApiServer_0 pid=1091)[0;0m [2026-02-18 19:36:45] INFO tokenization_kimi.py:118: Reloaded tiktoken model from /root/.cache/modelscope/hub/models/vllm-ascend/Kimi-K2-Instruct-W8A8/tiktoken.model
2026-02-18T19:36:45.2685006Z [0;36m(ApiServer_0 pid=1091)[0;0m [2026-02-18 19:36:45] INFO tokenization_kimi.py:124: #words: 163842 - BOS ID: 163584 - EOS ID: 163585
2026-02-18T19:36:45.5653732Z [0;36m(ApiServer_1 pid=1092)[0;0m [2026-02-18 19:36:45] INFO tokenization_kimi.py:118: Reloaded tiktoken model from /root/.cache/modelscope/hub/models/vllm-ascend/Kimi-K2-Instruct-W8A8/tiktoken.model
2026-02-18T19:36:45.5665104Z [0;36m(ApiServer_1 pid=1092)[0;0m [2026-02-18 19:36:45] INFO tokenization_kimi.py:124: #words: 163842 - BOS ID: 163584 - EOS ID: 163585
2026-02-18T19:36:45.5775350Z /usr/local/python3.11.14/lib/python3.11/site-packages/transformers/models/auto/image_processing_auto.py:647: FutureWarning: The image_processor_class argument is deprecated and will be removed in v4.42. Please use `slow_image_processor_class`, or `fast_image_processor_class` instead
2026-02-18T19:36:45.5785983Z   warnings.warn(
2026-02-18T19:36:45.5799867Z /usr/local/python3.11.14/lib/python3.11/site-packages/transformers/models/auto/image_processing_auto.py:647: FutureWarning: The image_processor_class argument is deprecated and will be removed in v4.42. Please use `slow_image_processor_class`, or `fast_image_processor_class` instead
2026-02-18T19:36:45.5809728Z   warnings.warn(
2026-02-18T19:36:45.6156587Z [0;36m(ApiServer_0 pid=1091)[0;0m WARNING 02-18 19:36:45 [registry.py:216] Using a slow tokenizer. This might cause a significant slowdown. Consider using a fast tokenizer instead.
2026-02-18T19:36:45.9195504Z [0;36m(ApiServer_1 pid=1092)[0;0m WARNING 02-18 19:36:45 [registry.py:216] Using a slow tokenizer. This might cause a significant slowdown. Consider using a fast tokenizer instead.
2026-02-18T19:36:48.3762417Z INFO 02-18 19:36:48 [__init__.py:43] Available plugins for group vllm.platform_plugins:
2026-02-18T19:36:48.3772892Z INFO 02-18 19:36:48 [__init__.py:45] - ascend -> vllm_ascend:register
2026-02-18T19:36:48.3783707Z INFO 02-18 19:36:48 [__init__.py:48] All plugins in this group will be loaded. Set `VLLM_PLUGINS` to control which plugins to load.
2026-02-18T19:36:48.3841649Z INFO 02-18 19:36:48 [__init__.py:217] Platform plugin ascend is activated
2026-02-18T19:36:48.5060174Z INFO 02-18 19:36:48 [__init__.py:43] Available plugins for group vllm.platform_plugins:
2026-02-18T19:36:48.5068526Z INFO 02-18 19:36:48 [__init__.py:45] - ascend -> vllm_ascend:register
2026-02-18T19:36:48.5078084Z INFO 02-18 19:36:48 [__init__.py:48] All plugins in this group will be loaded. Set `VLLM_PLUGINS` to control which plugins to load.
2026-02-18T19:36:48.5220725Z INFO 02-18 19:36:48 [__init__.py:217] Platform plugin ascend is activated
2026-02-18T19:36:48.8920996Z INFO 02-18 19:36:48 [ascend_config.py:412] Dynamic EPLB is False
2026-02-18T19:36:48.8929528Z INFO 02-18 19:36:48 [ascend_config.py:413] The number of redundant experts is 0
2026-02-18T19:36:48.8938469Z INFO 02-18 19:36:48 [ascend_config.py:412] Dynamic EPLB is False
2026-02-18T19:36:48.8947698Z INFO 02-18 19:36:48 [ascend_config.py:413] The number of redundant experts is 0
2026-02-18T19:36:48.8958007Z INFO 02-18 19:36:48 [ascend_config.py:54] Linear layer sharding enabled with config: None. Note: This feature works optimally with FLASHCOMM2 and DSA-CP enabled; using it without these features may result in significant performance degradation.
2026-02-18T19:36:48.8967875Z INFO 02-18 19:36:48 [ascend_config.py:54] Linear layer sharding enabled with config: None. Note: This feature works optimally with FLASHCOMM2 and DSA-CP enabled; using it without these features may result in significant performance degradation.
2026-02-18T19:36:48.9809172Z INFO 02-18 19:36:48 [parallel_state.py:1212] world_size=32 rank=0 local_rank=0 distributed_init_method=tcp://10.0.0.167:35019 backend=hccl
2026-02-18T19:36:48.9835485Z INFO 02-18 19:36:48 [parallel_state.py:1212] world_size=32 rank=8 local_rank=0 distributed_init_method=tcp://10.0.0.167:35019 backend=hccl
2026-02-18T19:36:53.4613131Z 2026-02-18 19:36:53,458 - 2047 - vllmProfiler - INFO - VLLM_USE_V1 not set, auto-detected via vLLM 0.15.0+empty: default 1
2026-02-18T19:36:53.4655775Z INFO 02-18 19:36:53 [__init__.py:108] Registered model loader `<class 'vllm_ascend.model_loader.netloader.netloader.ModelNetLoaderElastic'>` with load format `netloader`
2026-02-18T19:36:53.5306215Z 2026-02-18 19:36:53,528 - 2049 - vllmProfiler - INFO - VLLM_USE_V1 not set, auto-detected via vLLM 0.15.0+empty: default 1
2026-02-18T19:36:53.5371688Z INFO 02-18 19:36:53 [__init__.py:108] Registered model loader `<class 'vllm_ascend.model_loader.netloader.netloader.ModelNetLoaderElastic'>` with load format `netloader`
2026-02-18T19:36:54.7791112Z /usr/local/python3.11.14/lib/python3.11/site-packages/transformers/models/auto/image_processing_auto.py:647: FutureWarning: The image_processor_class argument is deprecated and will be removed in v4.42. Please use `slow_image_processor_class`, or `fast_image_processor_class` instead
2026-02-18T19:36:54.7798432Z   warnings.warn(
2026-02-18T19:36:54.8651872Z /usr/local/python3.11.14/lib/python3.11/site-packages/transformers/models/auto/image_processing_auto.py:647: FutureWarning: The image_processor_class argument is deprecated and will be removed in v4.42. Please use `slow_image_processor_class`, or `fast_image_processor_class` instead
2026-02-18T19:36:54.8658319Z   warnings.warn(
2026-02-18T19:36:56.8293490Z INFO 02-18 19:36:56 [ascend_config.py:412] Dynamic EPLB is False
2026-02-18T19:36:56.8300886Z INFO 02-18 19:36:56 [ascend_config.py:413] The number of redundant experts is 0
2026-02-18T19:36:56.8310999Z INFO 02-18 19:36:56 [ascend_config.py:54] Linear layer sharding enabled with config: None. Note: This feature works optimally with FLASHCOMM2 and DSA-CP enabled; using it without these features may result in significant performance degradation.
2026-02-18T19:36:56.8845446Z INFO 02-18 19:36:56 [ascend_config.py:412] Dynamic EPLB is False
2026-02-18T19:36:56.8853036Z INFO 02-18 19:36:56 [ascend_config.py:413] The number of redundant experts is 0
2026-02-18T19:36:56.8862697Z INFO 02-18 19:36:56 [ascend_config.py:54] Linear layer sharding enabled with config: None. Note: This feature works optimally with FLASHCOMM2 and DSA-CP enabled; using it without these features may result in significant performance degradation.
2026-02-18T19:36:57.2594389Z INFO 02-18 19:36:57 [parallel_state.py:1212] world_size=32 rank=9 local_rank=1 distributed_init_method=tcp://10.0.0.167:35019 backend=hccl
2026-02-18T19:36:57.3220187Z INFO 02-18 19:36:57 [parallel_state.py:1212] world_size=32 rank=1 local_rank=1 distributed_init_method=tcp://10.0.0.167:35019 backend=hccl
2026-02-18T19:36:57.9720874Z INFO 02-18 19:36:57 [__init__.py:43] Available plugins for group vllm.platform_plugins:
2026-02-18T19:36:57.9728259Z INFO 02-18 19:36:57 [__init__.py:45] - ascend -> vllm_ascend:register
2026-02-18T19:36:57.9738237Z INFO 02-18 19:36:57 [__init__.py:48] All plugins in this group will be loaded. Set `VLLM_PLUGINS` to control which plugins to load.
2026-02-18T19:36:57.9803043Z INFO 02-18 19:36:57 [__init__.py:217] Platform plugin ascend is activated
2026-02-18T19:36:58.2389175Z INFO 02-18 19:36:58 [__init__.py:43] Available plugins for group vllm.platform_plugins:
2026-02-18T19:36:58.2397795Z INFO 02-18 19:36:58 [__init__.py:45] - ascend -> vllm_ascend:register
2026-02-18T19:36:58.2408905Z INFO 02-18 19:36:58 [__init__.py:48] All plugins in this group will be loaded. Set `VLLM_PLUGINS` to control which plugins to load.
2026-02-18T19:36:58.2470179Z INFO 02-18 19:36:58 [__init__.py:217] Platform plugin ascend is activated
2026-02-18T19:37:02.9226826Z 2026-02-18 19:37:02,920 - 2605 - vllmProfiler - INFO - VLLM_USE_V1 not set, auto-detected via vLLM 0.15.0+empty: default 1
2026-02-18T19:37:02.9267651Z INFO 02-18 19:37:02 [__init__.py:108] Registered model loader `<class 'vllm_ascend.model_loader.netloader.netloader.ModelNetLoaderElastic'>` with load format `netloader`
2026-02-18T19:37:03.3617848Z 2026-02-18 19:37:03,359 - 2607 - vllmProfiler - INFO - VLLM_USE_V1 not set, auto-detected via vLLM 0.15.0+empty: default 1
2026-02-18T19:37:03.3661601Z INFO 02-18 19:37:03 [__init__.py:108] Registered model loader `<class 'vllm_ascend.model_loader.netloader.netloader.ModelNetLoaderElastic'>` with load format `netloader`
2026-02-18T19:37:04.3985538Z /usr/local/python3.11.14/lib/python3.11/site-packages/transformers/models/auto/image_processing_auto.py:647: FutureWarning: The image_processor_class argument is deprecated and will be removed in v4.42. Please use `slow_image_processor_class`, or `fast_image_processor_class` instead
2026-02-18T19:37:04.3993923Z   warnings.warn(
2026-02-18T19:37:04.6712973Z /usr/local/python3.11.14/lib/python3.11/site-packages/transformers/models/auto/image_processing_auto.py:647: FutureWarning: The image_processor_class argument is deprecated and will be removed in v4.42. Please use `slow_image_processor_class`, or `fast_image_processor_class` instead
2026-02-18T19:37:04.6718989Z   warnings.warn(
2026-02-18T19:37:06.4405364Z INFO 02-18 19:37:06 [ascend_config.py:412] Dynamic EPLB is False
2026-02-18T19:37:06.4413975Z INFO 02-18 19:37:06 [ascend_config.py:413] The number of redundant experts is 0
2026-02-18T19:37:06.4425425Z INFO 02-18 19:37:06 [ascend_config.py:54] Linear layer sharding enabled with config: None. Note: This feature works optimally with FLASHCOMM2 and DSA-CP enabled; using it without these features may result in significant performance degradation.
2026-02-18T19:37:06.6916110Z INFO 02-18 19:37:06 [ascend_config.py:412] Dynamic EPLB is False
2026-02-18T19:37:06.6924307Z INFO 02-18 19:37:06 [ascend_config.py:413] The number of redundant experts is 0
2026-02-18T19:37:06.6936333Z INFO 02-18 19:37:06 [ascend_config.py:54] Linear layer sharding enabled with config: None. Note: This feature works optimally with FLASHCOMM2 and DSA-CP enabled; using it without these features may result in significant performance degradation.
2026-02-18T19:37:06.8668427Z INFO 02-18 19:37:06 [parallel_state.py:1212] world_size=32 rank=10 local_rank=2 distributed_init_method=tcp://10.0.0.167:35019 backend=hccl
2026-02-18T19:37:07.1218794Z INFO 02-18 19:37:07 [parallel_state.py:1212] world_size=32 rank=2 local_rank=2 distributed_init_method=tcp://10.0.0.167:35019 backend=hccl
2026-02-18T19:37:07.6753336Z INFO 02-18 19:37:07 [__init__.py:43] Available plugins for group vllm.platform_plugins:
2026-02-18T19:37:07.6761765Z INFO 02-18 19:37:07 [__init__.py:45] - ascend -> vllm_ascend:register
2026-02-18T19:37:07.6771768Z INFO 02-18 19:37:07 [__init__.py:48] All plugins in this group will be loaded. Set `VLLM_PLUGINS` to control which plugins to load.
2026-02-18T19:37:07.6836996Z INFO 02-18 19:37:07 [__init__.py:217] Platform plugin ascend is activated
2026-02-18T19:37:07.8693789Z INFO 02-18 19:37:07 [__init__.py:43] Available plugins for group vllm.platform_plugins:
2026-02-18T19:37:07.8703132Z INFO 02-18 19:37:07 [__init__.py:45] - ascend -> vllm_ascend:register
2026-02-18T19:37:07.8713848Z INFO 02-18 19:37:07 [__init__.py:48] All plugins in this group will be loaded. Set `VLLM_PLUGINS` to control which plugins to load.
2026-02-18T19:37:07.8761142Z INFO 02-18 19:37:07 [__init__.py:217] Platform plugin ascend is activated
2026-02-18T19:37:12.9872475Z 2026-02-18 19:37:12,983 - 3164 - vllmProfiler - INFO - VLLM_USE_V1 not set, auto-detected via vLLM 0.15.0+empty: default 1
2026-02-18T19:37:12.9888883Z 2026-02-18 19:37:12,985 - 3161 - vllmProfiler - INFO - VLLM_USE_V1 not set, auto-detected via vLLM 0.15.0+empty: default 1
2026-02-18T19:37:12.9903989Z INFO 02-18 19:37:12 [__init__.py:108] Registered model loader `<class 'vllm_ascend.model_loader.netloader.netloader.ModelNetLoaderElastic'>` with load format `netloader`
2026-02-18T19:37:12.9941381Z INFO 02-18 19:37:12 [__init__.py:108] Registered model loader `<class 'vllm_ascend.model_loader.netloader.netloader.ModelNetLoaderElastic'>` with load format `netloader`
2026-02-18T19:37:14.3695364Z /usr/local/python3.11.14/lib/python3.11/site-packages/transformers/models/auto/image_processing_auto.py:647: FutureWarning: The image_processor_class argument is deprecated and will be removed in v4.42. Please use `slow_image_processor_class`, or `fast_image_processor_class` instead
2026-02-18T19:37:14.3696258Z   warnings.warn(
2026-02-18T19:37:14.3838886Z /usr/local/python3.11.14/lib/python3.11/site-packages/transformers/models/auto/image_processing_auto.py:647: FutureWarning: The image_processor_class argument is deprecated and will be removed in v4.42. Please use `slow_image_processor_class`, or `fast_image_processor_class` instead
2026-02-18T19:37:14.3849514Z   warnings.warn(
2026-02-18T19:37:16.3711185Z INFO 02-18 19:37:16 [ascend_config.py:412] Dynamic EPLB is False
2026-02-18T19:37:16.3718380Z INFO 02-18 19:37:16 [ascend_config.py:413] The number of redundant experts is 0
2026-02-18T19:37:16.3728944Z INFO 02-18 19:37:16 [ascend_config.py:54] Linear layer sharding enabled with config: None. Note: This feature works optimally with FLASHCOMM2 and DSA-CP enabled; using it without these features may result in significant performance degradation.
2026-02-18T19:37:16.5249404Z INFO 02-18 19:37:16 [ascend_config.py:412] Dynamic EPLB is False
2026-02-18T19:37:16.5256431Z INFO 02-18 19:37:16 [ascend_config.py:413] The number of redundant experts is 0
2026-02-18T19:37:16.5270352Z INFO 02-18 19:37:16 [ascend_config.py:54] Linear layer sharding enabled with config: None. Note: This feature works optimally with FLASHCOMM2 and DSA-CP enabled; using it without these features may result in significant performance degradation.
2026-02-18T19:37:16.7900711Z INFO 02-18 19:37:16 [parallel_state.py:1212] world_size=32 rank=3 local_rank=3 distributed_init_method=tcp://10.0.0.167:35019 backend=hccl
2026-02-18T19:37:16.9603930Z INFO 02-18 19:37:16 [parallel_state.py:1212] world_size=32 rank=11 local_rank=3 distributed_init_method=tcp://10.0.0.167:35019 backend=hccl
2026-02-18T19:37:17.6174497Z INFO 02-18 19:37:17 [__init__.py:43] Available plugins for group vllm.platform_plugins:
2026-02-18T19:37:17.6182198Z INFO 02-18 19:37:17 [__init__.py:45] - ascend -> vllm_ascend:register
2026-02-18T19:37:17.6191118Z INFO 02-18 19:37:17 [__init__.py:48] All plugins in this group will be loaded. Set `VLLM_PLUGINS` to control which plugins to load.
2026-02-18T19:37:17.6203420Z INFO 02-18 19:37:17 [__init__.py:43] Available plugins for group vllm.platform_plugins:
2026-02-18T19:37:17.6212410Z INFO 02-18 19:37:17 [__init__.py:45] - ascend -> vllm_ascend:register
2026-02-18T19:37:17.6221496Z INFO 02-18 19:37:17 [__init__.py:48] All plugins in this group will be loaded. Set `VLLM_PLUGINS` to control which plugins to load.
2026-02-18T19:37:17.6253099Z INFO 02-18 19:37:17 [__init__.py:217] Platform plugin ascend is activated
2026-02-18T19:37:17.6279900Z INFO 02-18 19:37:17 [__init__.py:217] Platform plugin ascend is activated
2026-02-18T19:37:22.7196975Z 2026-02-18 19:37:22,715 - 3718 - vllmProfiler - INFO - VLLM_USE_V1 not set, auto-detected via vLLM 0.15.0+empty: default 1
2026-02-18T19:37:22.7225232Z INFO 02-18 19:37:22 [__init__.py:108] Registered model loader `<class 'vllm_ascend.model_loader.netloader.netloader.ModelNetLoaderElastic'>` with load format `netloader`
2026-02-18T19:37:22.7548954Z 2026-02-18 19:37:22,752 - 3717 - vllmProfiler - INFO - VLLM_USE_V1 not set, auto-detected via vLLM 0.15.0+empty: default 1
2026-02-18T19:37:22.7595715Z INFO 02-18 19:37:22 [__init__.py:108] Registered model loader `<class 'vllm_ascend.model_loader.netloader.netloader.ModelNetLoaderElastic'>` with load format `netloader`
2026-02-18T19:37:24.0575791Z /usr/local/python3.11.14/lib/python3.11/site-packages/transformers/models/auto/image_processing_auto.py:647: FutureWarning: The image_processor_class argument is deprecated and will be removed in v4.42. Please use `slow_image_processor_class`, or `fast_image_processor_class` instead
2026-02-18T19:37:24.0576764Z   warnings.warn(
2026-02-18T19:37:24.0915515Z /usr/local/python3.11.14/lib/python3.11/site-packages/transformers/models/auto/image_processing_auto.py:647: FutureWarning: The image_processor_class argument is deprecated and will be removed in v4.42. Please use `slow_image_processor_class`, or `fast_image_processor_class` instead
2026-02-18T19:37:24.0923586Z   warnings.warn(
2026-02-18T19:37:26.1647883Z INFO 02-18 19:37:26 [ascend_config.py:412] Dynamic EPLB is False
2026-02-18T19:37:26.1655263Z INFO 02-18 19:37:26 [ascend_config.py:413] The number of redundant experts is 0
2026-02-18T19:37:26.1667189Z INFO 02-18 19:37:26 [ascend_config.py:54] Linear layer sharding enabled with config: None. Note: This feature works optimally with FLASHCOMM2 and DSA-CP enabled; using it without these features may result in significant performance degradation.
2026-02-18T19:37:26.1698329Z INFO 02-18 19:37:26 [ascend_config.py:412] Dynamic EPLB is False
2026-02-18T19:37:26.1708525Z INFO 02-18 19:37:26 [ascend_config.py:413] The number of redundant experts is 0
2026-02-18T19:37:26.1720857Z INFO 02-18 19:37:26 [ascend_config.py:54] Linear layer sharding enabled with config: None. Note: This feature works optimally with FLASHCOMM2 and DSA-CP enabled; using it without these features may result in significant performance degradation.
2026-02-18T19:37:26.5875866Z INFO 02-18 19:37:26 [parallel_state.py:1212] world_size=32 rank=12 local_rank=4 distributed_init_method=tcp://10.0.0.167:35019 backend=hccl
2026-02-18T19:37:26.5980313Z INFO 02-18 19:37:26 [parallel_state.py:1212] world_size=32 rank=4 local_rank=4 distributed_init_method=tcp://10.0.0.167:35019 backend=hccl
2026-02-18T19:37:27.2514935Z INFO 02-18 19:37:27 [__init__.py:43] Available plugins for group vllm.platform_plugins:
2026-02-18T19:37:27.2522367Z INFO 02-18 19:37:27 [__init__.py:45] - ascend -> vllm_ascend:register
2026-02-18T19:37:27.2534158Z INFO 02-18 19:37:27 [__init__.py:48] All plugins in this group will be loaded. Set `VLLM_PLUGINS` to control which plugins to load.
2026-02-18T19:37:27.2588271Z INFO 02-18 19:37:27 [__init__.py:217] Platform plugin ascend is activated
2026-02-18T19:37:27.4915889Z INFO 02-18 19:37:27 [__init__.py:43] Available plugins for group vllm.platform_plugins:
2026-02-18T19:37:27.4924142Z INFO 02-18 19:37:27 [__init__.py:45] - ascend -> vllm_ascend:register
2026-02-18T19:37:27.4933566Z INFO 02-18 19:37:27 [__init__.py:48] All plugins in this group will be loaded. Set `VLLM_PLUGINS` to control which plugins to load.
2026-02-18T19:37:27.5004165Z INFO 02-18 19:37:27 [__init__.py:217] Platform plugin ascend is activated
2026-02-18T19:37:32.2981233Z 2026-02-18 19:37:32,295 - 4273 - vllmProfiler - INFO - VLLM_USE_V1 not set, auto-detected via vLLM 0.15.0+empty: default 1
2026-02-18T19:37:32.3021560Z INFO 02-18 19:37:32 [__init__.py:108] Registered model loader `<class 'vllm_ascend.model_loader.netloader.netloader.ModelNetLoaderElastic'>` with load format `netloader`
2026-02-18T19:37:32.6944830Z 2026-02-18 19:37:32,692 - 4274 - vllmProfiler - INFO - VLLM_USE_V1 not set, auto-detected via vLLM 0.15.0+empty: default 1
2026-02-18T19:37:32.6989601Z INFO 02-18 19:37:32 [__init__.py:108] Registered model loader `<class 'vllm_ascend.model_loader.netloader.netloader.ModelNetLoaderElastic'>` with load format `netloader`
2026-02-18T19:37:33.6309873Z /usr/local/python3.11.14/lib/python3.11/site-packages/transformers/models/auto/image_processing_auto.py:647: FutureWarning: The image_processor_class argument is deprecated and will be removed in v4.42. Please use `slow_image_processor_class`, or `fast_image_processor_class` instead
2026-02-18T19:37:33.6316502Z   warnings.warn(
2026-02-18T19:37:34.0396999Z /usr/local/python3.11.14/lib/python3.11/site-packages/transformers/models/auto/image_processing_auto.py:647: FutureWarning: The image_processor_class argument is deprecated and will be removed in v4.42. Please use `slow_image_processor_class`, or `fast_image_processor_class` instead
2026-02-18T19:37:34.0403450Z   warnings.warn(
2026-02-18T19:37:35.6216724Z INFO 02-18 19:37:35 [ascend_config.py:412] Dynamic EPLB is False
2026-02-18T19:37:35.6225939Z INFO 02-18 19:37:35 [ascend_config.py:413] The number of redundant experts is 0
2026-02-18T19:37:35.6236705Z INFO 02-18 19:37:35 [ascend_config.py:54] Linear layer sharding enabled with config: None. Note: This feature works optimally with FLASHCOMM2 and DSA-CP enabled; using it without these features may result in significant performance degradation.
2026-02-18T19:37:36.0497997Z INFO 02-18 19:37:36 [parallel_state.py:1212] world_size=32 rank=5 local_rank=5 distributed_init_method=tcp://10.0.0.167:35019 backend=hccl
2026-02-18T19:37:36.1461099Z INFO 02-18 19:37:36 [ascend_config.py:412] Dynamic EPLB is False
2026-02-18T19:37:36.1469244Z INFO 02-18 19:37:36 [ascend_config.py:413] The number of redundant experts is 0
2026-02-18T19:37:36.1481044Z INFO 02-18 19:37:36 [ascend_config.py:54] Linear layer sharding enabled with config: None. Note: This feature works optimally with FLASHCOMM2 and DSA-CP enabled; using it without these features may result in significant performance degradation.
2026-02-18T19:37:36.5829372Z INFO 02-18 19:37:36 [parallel_state.py:1212] world_size=32 rank=13 local_rank=5 distributed_init_method=tcp://10.0.0.167:35019 backend=hccl
2026-02-18T19:37:36.9248609Z INFO 02-18 19:37:36 [__init__.py:43] Available plugins for group vllm.platform_plugins:
2026-02-18T19:37:36.9258479Z INFO 02-18 19:37:36 [__init__.py:45] - ascend -> vllm_ascend:register
2026-02-18T19:37:36.9267562Z INFO 02-18 19:37:36 [__init__.py:48] All plugins in this group will be loaded. Set `VLLM_PLUGINS` to control which plugins to load.
2026-02-18T19:37:36.9329591Z INFO 02-18 19:37:36 [__init__.py:217] Platform plugin ascend is activated
2026-02-18T19:37:37.2750017Z INFO 02-18 19:37:37 [__init__.py:43] Available plugins for group vllm.platform_plugins:
2026-02-18T19:37:37.2757533Z INFO 02-18 19:37:37 [__init__.py:45] - ascend -> vllm_ascend:register
2026-02-18T19:37:37.2769186Z INFO 02-18 19:37:37 [__init__.py:48] All plugins in this group will be loaded. Set `VLLM_PLUGINS` to control which plugins to load.
2026-02-18T19:37:37.2832335Z INFO 02-18 19:37:37 [__init__.py:217] Platform plugin ascend is activated
2026-02-18T19:37:41.9185834Z 2026-02-18 19:37:41,916 - 4829 - vllmProfiler - INFO - VLLM_USE_V1 not set, auto-detected via vLLM 0.15.0+empty: default 1
2026-02-18T19:37:41.9227476Z INFO 02-18 19:37:41 [__init__.py:108] Registered model loader `<class 'vllm_ascend.model_loader.netloader.netloader.ModelNetLoaderElastic'>` with load format `netloader`
2026-02-18T19:37:42.2858126Z 2026-02-18 19:37:42,283 - 4895 - vllmProfiler - INFO - VLLM_USE_V1 not set, auto-detected via vLLM 0.15.0+empty: default 1
2026-02-18T19:37:42.2903347Z INFO 02-18 19:37:42 [__init__.py:108] Registered model loader `<class 'vllm_ascend.model_loader.netloader.netloader.ModelNetLoaderElastic'>` with load format `netloader`
2026-02-18T19:37:43.2566052Z /usr/local/python3.11.14/lib/python3.11/site-packages/transformers/models/auto/image_processing_auto.py:647: FutureWarning: The image_processor_class argument is deprecated and will be removed in v4.42. Please use `slow_image_processor_class`, or `fast_image_processor_class` instead
2026-02-18T19:37:43.2577324Z   warnings.warn(
2026-02-18T19:37:43.5765301Z /usr/local/python3.11.14/lib/python3.11/site-packages/transformers/models/auto/image_processing_auto.py:647: FutureWarning: The image_processor_class argument is deprecated and will be removed in v4.42. Please use `slow_image_processor_class`, or `fast_image_processor_class` instead
2026-02-18T19:37:43.5773840Z   warnings.warn(
2026-02-18T19:37:45.2711527Z INFO 02-18 19:37:45 [ascend_config.py:412] Dynamic EPLB is False
2026-02-18T19:37:45.2718904Z INFO 02-18 19:37:45 [ascend_config.py:413] The number of redundant experts is 0
2026-02-18T19:37:45.2729014Z INFO 02-18 19:37:45 [ascend_config.py:54] Linear layer sharding enabled with config: None. Note: This feature works optimally with FLASHCOMM2 and DSA-CP enabled; using it without these features may result in significant performance degradation.
2026-02-18T19:37:45.6237019Z INFO 02-18 19:37:45 [ascend_config.py:412] Dynamic EPLB is False
2026-02-18T19:37:45.6265437Z INFO 02-18 19:37:45 [ascend_config.py:413] The number of redundant experts is 0
2026-02-18T19:37:45.6275512Z INFO 02-18 19:37:45 [ascend_config.py:54] Linear layer sharding enabled with config: None. Note: This feature works optimally with FLASHCOMM2 and DSA-CP enabled; using it without these features may result in significant performance degradation.
2026-02-18T19:37:45.7194709Z INFO 02-18 19:37:45 [parallel_state.py:1212] world_size=32 rank=6 local_rank=6 distributed_init_method=tcp://10.0.0.167:35019 backend=hccl
2026-02-18T19:37:46.0598462Z INFO 02-18 19:37:46 [parallel_state.py:1212] world_size=32 rank=14 local_rank=6 distributed_init_method=tcp://10.0.0.167:35019 backend=hccl
2026-02-18T19:37:46.4885599Z INFO 02-18 19:37:46 [__init__.py:43] Available plugins for group vllm.platform_plugins:
2026-02-18T19:37:46.4893071Z INFO 02-18 19:37:46 [__init__.py:45] - ascend -> vllm_ascend:register
2026-02-18T19:37:46.4904893Z INFO 02-18 19:37:46 [__init__.py:48] All plugins in this group will be loaded. Set `VLLM_PLUGINS` to control which plugins to load.
2026-02-18T19:37:46.5010094Z INFO 02-18 19:37:46 [__init__.py:217] Platform plugin ascend is activated
2026-02-18T19:37:47.0072466Z INFO 02-18 19:37:47 [__init__.py:43] Available plugins for group vllm.platform_plugins:
2026-02-18T19:37:47.0081324Z INFO 02-18 19:37:47 [__init__.py:45] - ascend -> vllm_ascend:register
2026-02-18T19:37:47.0091294Z INFO 02-18 19:37:47 [__init__.py:48] All plugins in this group will be loaded. Set `VLLM_PLUGINS` to control which plugins to load.
2026-02-18T19:37:47.0160276Z INFO 02-18 19:37:47 [__init__.py:217] Platform plugin ascend is activated
2026-02-18T19:37:51.5168552Z 2026-02-18 19:37:51,514 - 5385 - vllmProfiler - INFO - VLLM_USE_V1 not set, auto-detected via vLLM 0.15.0+empty: default 1
2026-02-18T19:37:51.5210687Z INFO 02-18 19:37:51 [__init__.py:108] Registered model loader `<class 'vllm_ascend.model_loader.netloader.netloader.ModelNetLoaderElastic'>` with load format `netloader`
2026-02-18T19:37:52.2011064Z 2026-02-18 19:37:52,198 - 5388 - vllmProfiler - INFO - VLLM_USE_V1 not set, auto-detected via vLLM 0.15.0+empty: default 1
2026-02-18T19:37:52.2054044Z INFO 02-18 19:37:52 [__init__.py:108] Registered model loader `<class 'vllm_ascend.model_loader.netloader.netloader.ModelNetLoaderElastic'>` with load format `netloader`
2026-02-18T19:37:52.7974008Z /usr/local/python3.11.14/lib/python3.11/site-packages/transformers/models/auto/image_processing_auto.py:647: FutureWarning: The image_processor_class argument is deprecated and will be removed in v4.42. Please use `slow_image_processor_class`, or `fast_image_processor_class` instead
2026-02-18T19:37:52.7982257Z   warnings.warn(
2026-02-18T19:37:53.4857097Z /usr/local/python3.11.14/lib/python3.11/site-packages/transformers/models/auto/image_processing_auto.py:647: FutureWarning: The image_processor_class argument is deprecated and will be removed in v4.42. Please use `slow_image_processor_class`, or `fast_image_processor_class` instead
2026-02-18T19:37:53.4865446Z   warnings.warn(
2026-02-18T19:37:54.7776074Z INFO 02-18 19:37:54 [ascend_config.py:412] Dynamic EPLB is False
2026-02-18T19:37:54.7786856Z INFO 02-18 19:37:54 [ascend_config.py:413] The number of redundant experts is 0
2026-02-18T19:37:54.7798572Z INFO 02-18 19:37:54 [ascend_config.py:54] Linear layer sharding enabled with config: None. Note: This feature works optimally with FLASHCOMM2 and DSA-CP enabled; using it without these features may result in significant performance degradation.
2026-02-18T19:37:55.2205690Z INFO 02-18 19:37:55 [parallel_state.py:1212] world_size=32 rank=7 local_rank=7 distributed_init_method=tcp://10.0.0.167:35019 backend=hccl
2026-02-18T19:37:55.5136645Z INFO 02-18 19:37:55 [ascend_config.py:412] Dynamic EPLB is False
2026-02-18T19:37:55.5145947Z INFO 02-18 19:37:55 [ascend_config.py:413] The number of redundant experts is 0
2026-02-18T19:37:55.5158752Z INFO 02-18 19:37:55 [ascend_config.py:54] Linear layer sharding enabled with config: None. Note: This feature works optimally with FLASHCOMM2 and DSA-CP enabled; using it without these features may result in significant performance degradation.
2026-02-18T19:37:55.9592600Z INFO 02-18 19:37:55 [parallel_state.py:1212] world_size=32 rank=15 local_rank=7 distributed_init_method=tcp://10.0.0.167:35019 backend=hccl
2026-02-18T19:37:56.0036170Z [Gloo] Rank 0 is connected to 31 peer ranks. Expected number of connected peer ranks is : 31
2026-02-18T19:37:56.0070783Z [Gloo] Rank 4 is connected to 31 peer ranks. Expected number of connected peer ranks is : 31
2026-02-18T19:37:56.0490170Z [Gloo] Rank 2 is connected to 31 peer ranks. Expected number of connected peer ranks is : 31
2026-02-18T19:37:56.0501631Z [Gloo] Rank 5 is connected to 31 peer ranks. Expected number of connected peer ranks is : 31
2026-02-18T19:37:56.0512125Z [Gloo] Rank 1 is connected to 31 peer ranks. Expected number of connected peer ranks is : 31
2026-02-18T19:37:56.0531935Z [Gloo] Rank 6 is connected to 31 peer ranks. Expected number of connected peer ranks is : 31
2026-02-18T19:37:56.0712611Z [Gloo] Rank 9 is connected to 31 peer ranks. Expected number of connected peer ranks is : 31
2026-02-18T19:37:56.0733505Z [Gloo] Rank 10 is connected to 31 peer ranks. Expected number of connected peer ranks is : 31
2026-02-18T19:37:56.0761643Z [Gloo] Rank 8 is connected to 31 peer ranks. Expected number of connected peer ranks is : 31
2026-02-18T19:37:56.0783260Z [Gloo] Rank 3 is connected to 31 peer ranks. Expected number of connected peer ranks is : 31
2026-02-18T19:37:56.0794808Z [Gloo] Rank 7 is connected to 31 peer ranks. Expected number of connected peer ranks is : 31
2026-02-18T19:37:56.0856284Z [Gloo] Rank 11 is connected to 31 peer ranks. Expected number of connected peer ranks is : 31
2026-02-18T19:37:56.0867216Z [Gloo] Rank 12 is connected to 31 peer ranks. Expected number of connected peer ranks is : 31
2026-02-18T19:37:56.0877627Z [Gloo] Rank 13 is connected to 31 peer ranks. Expected number of connected peer ranks is : 31
2026-02-18T19:37:56.0888851Z [Gloo] Rank 14 is connected to 31 peer ranks. Expected number of connected peer ranks is : 31
2026-02-18T19:37:56.0933088Z [Gloo] Rank 15 is connected to 31 peer ranks. Expected number of connected peer ranks is : 31
2026-02-18T19:37:56.1200313Z [Gloo] Rank 0 is connected to 7 peer ranks. Expected number of connected peer ranks is : 7
2026-02-18T19:37:56.1209423Z [Gloo] Rank 4 is connected to 7 peer ranks. Expected number of connected peer ranks is : 7
2026-02-18T19:37:56.1218754Z [Gloo] Rank 2 is connected to 7 peer ranks. Expected number of connected peer ranks is : 7
2026-02-18T19:37:56.1228156Z [Gloo] Rank 3 is connected to 7 peer ranks. Expected number of connected peer ranks is : 7
2026-02-18T19:37:56.1238453Z [Gloo] Rank 1 is connected to 7 peer ranks. Expected number of connected peer ranks is : 7
2026-02-18T19:37:56.1248766Z [Gloo] Rank 5 is connected to 7 peer ranks. Expected number of connected peer ranks is : 7
2026-02-18T19:37:56.1259313Z [Gloo] Rank 6 is connected to 7 peer ranks. Expected number of connected peer ranks is : 7
2026-02-18T19:37:56.1269481Z [Gloo] Rank 0 is connected to 7 peer ranks. Expected number of connected peer ranks is : 7
2026-02-18T19:37:56.1279407Z [Gloo] Rank 4 is connected to 7 peer ranks. Expected number of connected peer ranks is : 7
2026-02-18T19:37:56.1289063Z [Gloo] Rank 1 is connected to 7 peer ranks. Expected number of connected peer ranks is : 7
2026-02-18T19:37:56.1298621Z [Gloo] Rank 7 is connected to 7 peer ranks. Expected number of connected peer ranks is : 7
2026-02-18T19:37:56.1308501Z [Gloo] Rank 7 is connected to 7 peer ranks. Expected number of connected peer ranks is : 7
2026-02-18T19:37:56.1318071Z [Gloo] Rank 6 is connected to 7 peer ranks. Expected number of connected peer ranks is : 7
2026-02-18T19:37:56.1328269Z [Gloo] Rank 5 is connected to 7 peer ranks. Expected number of connected peer ranks is : 7
2026-02-18T19:37:56.1338672Z [Gloo] Rank 3 is connected to 7 peer ranks. Expected number of connected peer ranks is : 7
2026-02-18T19:37:56.1348355Z [Gloo] Rank 2 is connected to 7 peer ranks. Expected number of connected peer ranks is : 7
2026-02-18T19:37:56.1358354Z [Gloo] Rank 0 is connected to 0 peer ranks. Expected number of connected peer ranks is : 0
2026-02-18T19:37:56.1367901Z [Gloo] Rank 0 is connected to 0 peer ranks. Expected number of connected peer ranks is : 0
2026-02-18T19:37:56.1377846Z [Gloo] Rank 0 is connected to 0 peer ranks. Expected number of connected peer ranks is : 0
2026-02-18T19:37:56.1387397Z [Gloo] Rank 0 is connected to 0 peer ranks. Expected number of connected peer ranks is : 0
2026-02-18T19:37:56.1396665Z [Gloo] Rank 0 is connected to 0 peer ranks. Expected number of connected peer ranks is : 0
2026-02-18T19:37:56.1407122Z [Gloo] Rank 0 is connected to 0 peer ranks. Expected number of connected peer ranks is : 0
2026-02-18T19:37:56.1416487Z [Gloo] Rank 0 is connected to 0 peer ranks. Expected number of connected peer ranks is : 0
2026-02-18T19:37:56.1426382Z [Gloo] Rank 0 is connected to 0 peer ranks. Expected number of connected peer ranks is : 0
2026-02-18T19:37:56.1436140Z [Gloo] Rank 0 is connected to 0 peer ranks. Expected number of connected peer ranks is : 0
2026-02-18T19:37:56.1445698Z [Gloo] Rank 0 is connected to 0 peer ranks. Expected number of connected peer ranks is : 0
2026-02-18T19:37:56.1455148Z [Gloo] Rank 0 is connected to 0 peer ranks. Expected number of connected peer ranks is : 0
2026-02-18T19:37:56.1464870Z [Gloo] Rank 0 is connected to 0 peer ranks. Expected number of connected peer ranks is : 0
2026-02-18T19:37:56.1474974Z [Gloo] Rank 0 is connected to 0 peer ranks. Expected number of connected peer ranks is : 0
2026-02-18T19:37:56.1485731Z [Gloo] Rank 0 is connected to 0 peer ranks. Expected number of connected peer ranks is : 0
2026-02-18T19:37:56.1494801Z [Gloo] Rank 0 is connected to 0 peer ranks. Expected number of connected peer ranks is : 0
2026-02-18T19:37:56.1503954Z [Gloo] Rank 0 is connected to 0 peer ranks. Expected number of connected peer ranks is : 0
2026-02-18T19:37:56.1516270Z [Gloo] Rank 0 is connected to 0 peer ranks. Expected number of connected peer ranks is : 0
2026-02-18T19:37:56.1524705Z [Gloo] Rank 0 is connected to 0 peer ranks. Expected number of connected peer ranks is : 0
2026-02-18T19:37:56.1533994Z [Gloo] Rank 0 is connected to 0 peer ranks. Expected number of connected peer ranks is : 0
2026-02-18T19:37:56.1543801Z [Gloo] Rank 0 is connected to 0 peer ranks. Expected number of connected peer ranks is : 0
2026-02-18T19:37:56.1553194Z [Gloo] Rank 0 is connected to 0 peer ranks. Expected number of connected peer ranks is : 0
2026-02-18T19:37:56.1562974Z [Gloo] Rank 0 is connected to 0 peer ranks. Expected number of connected peer ranks is : 0
2026-02-18T19:37:56.1572674Z [Gloo] Rank 0 is connected to 0 peer ranks. Expected number of connected peer ranks is : 0
2026-02-18T19:37:56.1582096Z [Gloo] Rank 0 is connected to 0 peer ranks. Expected number of connected peer ranks is : 0
2026-02-18T19:37:56.1921015Z [Gloo] Rank 0 is connected to 0 peer ranks. Expected number of connected peer ranks is : 0
2026-02-18T19:37:56.1940279Z [Gloo] Rank 0 is connected to 0 peer ranks. Expected number of connected peer ranks is : 0
2026-02-18T19:37:56.1949497Z [Gloo] Rank 0 is connected to 0 peer ranks. Expected number of connected peer ranks is : 0
2026-02-18T19:37:56.1958482Z [Gloo] Rank 0 is connected to 0 peer ranks. Expected number of connected peer ranks is : 0
2026-02-18T19:37:56.1968573Z [Gloo] Rank 0 is connected to 0 peer ranks. Expected number of connected peer ranks is : 0
2026-02-18T19:37:56.1977659Z [Gloo] Rank 0 is connected to 0 peer ranks. Expected number of connected peer ranks is : 0
2026-02-18T19:37:56.1987440Z [Gloo] Rank 0 is connected to 0 peer ranks. Expected number of connected peer ranks is : 0
2026-02-18T19:37:56.1996646Z [Gloo] Rank 0 is connected to 0 peer ranks. Expected number of connected peer ranks is : 0
2026-02-18T19:37:56.2006534Z [Gloo] Rank 0 is connected to 0 peer ranks. Expected number of connected peer ranks is : 0
2026-02-18T19:37:56.2016424Z [Gloo] Rank 0 is connected to 0 peer ranks. Expected number of connected peer ranks is : 0
2026-02-18T19:37:56.2026240Z [Gloo] Rank 0 is connected to 0 peer ranks. Expected number of connected peer ranks is : 0
2026-02-18T19:37:56.2035347Z [Gloo] Rank 0 is connected to 0 peer ranks. Expected number of connected peer ranks is : 0
2026-02-18T19:37:56.2045125Z [Gloo] Rank 0 is connected to 0 peer ranks. Expected number of connected peer ranks is : 0
2026-02-18T19:37:56.2056100Z [Gloo] Rank 0 is connected to 0 peer ranks. Expected number of connected peer ranks is : 0
2026-02-18T19:37:56.2064172Z [Gloo] Rank 0 is connected to 0 peer ranks. Expected number of connected peer ranks is : 0
2026-02-18T19:37:56.2073406Z [Gloo] Rank 0 is connected to 0 peer ranks. Expected number of connected peer ranks is : 0
2026-02-18T19:37:56.2084013Z [Gloo] Rank 0 is connected to 0 peer ranks. Expected number of connected peer ranks is : 0
2026-02-18T19:37:56.2092956Z [Gloo] Rank 0 is connected to 0 peer ranks. Expected number of connected peer ranks is : 0
2026-02-18T19:37:56.2101874Z [Gloo] Rank 0 is connected to 0 peer ranks. Expected number of connected peer ranks is : 0
2026-02-18T19:37:56.2112272Z [Gloo] Rank 0 is connected to 0 peer ranks. Expected number of connected peer ranks is : 0
2026-02-18T19:37:56.2121277Z [Gloo] Rank 0 is connected to 0 peer ranks. Expected number of connected peer ranks is : 0
2026-02-18T19:37:56.2130945Z [Gloo] Rank 0 is connected to 0 peer ranks. Expected number of connected peer ranks is : 0
2026-02-18T19:37:56.2140589Z [Gloo] Rank 0 is connected to 0 peer ranks. Expected number of connected peer ranks is : 0
2026-02-18T19:37:56.2149645Z [Gloo] Rank 0 is connected to 0 peer ranks. Expected number of connected peer ranks is : 0
2026-02-18T19:37:56.2158574Z [Gloo] Rank 0 is connected to 3 peer ranks. Expected number of connected peer ranks is : 3
2026-02-18T19:37:56.2168519Z [Gloo] Rank 1 is connected to 3 peer ranks. Expected number of connected peer ranks is : 3
2026-02-18T19:37:56.2178128Z [Gloo] Rank 0 is connected to 3 peer ranks. Expected number of connected peer ranks is : 3
2026-02-18T19:37:56.2186947Z [Gloo] Rank 0 is connected to 3 peer ranks. Expected number of connected peer ranks is : 3
2026-02-18T19:37:56.2196554Z [Gloo] Rank 0 is connected to 3 peer ranks. Expected number of connected peer ranks is : 3
2026-02-18T19:37:56.2207438Z [Gloo] Rank 1 is connected to 3 peer ranks. Expected number of connected peer ranks is : 3
2026-02-18T19:37:56.2217321Z [Gloo] Rank 1 is connected to 3 peer ranks. Expected number of connected peer ranks is : 3
2026-02-18T19:37:56.2226459Z [Gloo] Rank 1 is connected to 3 peer ranks. Expected number of connected peer ranks is : 3
2026-02-18T19:37:56.2234822Z [Gloo] Rank 0 is connected to 3 peer ranks. Expected number of connected peer ranks is : 3
2026-02-18T19:37:56.2244243Z [Gloo] Rank 0 is connected to 3 peer ranks. Expected number of connected peer ranks is : 3
2026-02-18T19:37:56.2253910Z [Gloo] Rank 0 is connected to 3 peer ranks. Expected number of connected peer ranks is : 3
2026-02-18T19:37:56.2264174Z [Gloo] Rank 1 is connected to 3 peer ranks. Expected number of connected peer ranks is : 3
2026-02-18T19:37:56.2273843Z [Gloo] Rank 1 is connected to 3 peer ranks. Expected number of connected peer ranks is : 3
2026-02-18T19:37:56.2283872Z [Gloo] Rank 1 is connected to 3 peer ranks. Expected number of connected peer ranks is : 3
2026-02-18T19:37:56.2293442Z [Gloo] Rank 0 is connected to 3 peer ranks. Expected number of connected peer ranks is : 3
2026-02-18T19:37:56.2303263Z [Gloo] Rank 1 is connected to 3 peer ranks. Expected number of connected peer ranks is : 3
2026-02-18T19:37:56.2417307Z [Gloo] Rank 0 is connected to 31 peer ranks. Expected number of connected peer ranks is : 31
2026-02-18T19:37:56.2436327Z INFO 02-18 19:37:56 [parallel_state.py:1423] rank 0 in world size 32 is assigned as DP rank 0, PP rank 0, PCP rank 0, TP rank 0, EP rank 0
2026-02-18T19:37:56.3217914Z [Gloo] Rank 1 is connected to 31 peer ranks. Expected number of connected peer ranks is : 31
2026-02-18T19:37:56.3226878Z [Gloo] Rank 5 is connected to 31 peer ranks. Expected number of connected peer ranks is : 31
2026-02-18T19:37:56.3237475Z [Gloo] Rank 7 is connected to 31 peer ranks. Expected number of connected peer ranks is : 31
2026-02-18T19:37:56.3247051Z INFO 02-18 19:37:56 [parallel_state.py:1423] rank 5 in world size 32 is assigned as DP rank 0, PP rank 0, PCP rank 0, TP rank 5, EP rank 5
2026-02-18T19:37:56.3256382Z [Gloo] Rank 8 is connected to 31 peer ranks. Expected number of connected peer ranks is : 31
2026-02-18T19:37:56.3265713Z INFO 02-18 19:37:56 [parallel_state.py:1423] rank 1 in world size 32 is assigned as DP rank 0, PP rank 0, PCP rank 0, TP rank 1, EP rank 1
2026-02-18T19:37:56.3275492Z INFO 02-18 19:37:56 [parallel_state.py:1423] rank 7 in world size 32 is assigned as DP rank 0, PP rank 0, PCP rank 0, TP rank 7, EP rank 7
2026-02-18T19:37:56.3285737Z INFO 02-18 19:37:56 [parallel_state.py:1423] rank 8 in world size 32 is assigned as DP rank 1, PP rank 0, PCP rank 0, TP rank 0, EP rank 8
2026-02-18T19:37:56.3295080Z [Gloo] Rank 13 is connected to 31 peer ranks. Expected number of connected peer ranks is : 31
2026-02-18T19:37:56.3304972Z INFO 02-18 19:37:56 [parallel_state.py:1423] rank 13 in world size 32 is assigned as DP rank 1, PP rank 0, PCP rank 0, TP rank 5, EP rank 13
2026-02-18T19:37:56.3768847Z [Gloo] Rank 4 is connected to 31 peer ranks. Expected number of connected peer ranks is : 31
2026-02-18T19:37:56.3781142Z [Gloo] Rank 6 is connected to 31 peer ranks. Expected number of connected peer ranks is : 31
2026-02-18T19:37:56.3796832Z [Gloo] Rank 10 is connected to 31 peer ranks. Expected number of connected peer ranks is : 31
2026-02-18T19:37:56.3808079Z INFO 02-18 19:37:56 [parallel_state.py:1423] rank 4 in world size 32 is assigned as DP rank 0, PP rank 0, PCP rank 0, TP rank 4, EP rank 4
2026-02-18T19:37:56.3817571Z [Gloo] Rank 9 is connected to 31 peer ranks. Expected number of connected peer ranks is : 31
2026-02-18T19:37:56.3827455Z INFO 02-18 19:37:56 [parallel_state.py:1423] rank 6 in world size 32 is assigned as DP rank 0, PP rank 0, PCP rank 0, TP rank 6, EP rank 6
2026-02-18T19:37:56.3836483Z INFO 02-18 19:37:56 [parallel_state.py:1423] rank 10 in world size 32 is assigned as DP rank 1, PP rank 0, PCP rank 0, TP rank 2, EP rank 10
2026-02-18T19:37:56.3846044Z INFO 02-18 19:37:56 [parallel_state.py:1423] rank 9 in world size 32 is assigned as DP rank 1, PP rank 0, PCP rank 0, TP rank 1, EP rank 9
2026-02-18T19:37:56.3855553Z [Gloo] Rank 11 is connected to 31 peer ranks. Expected number of connected peer ranks is : 31
2026-02-18T19:37:56.3866403Z [Gloo] Rank 12 is connected to 31 peer ranks. Expected number of connected peer ranks is : 31
2026-02-18T19:37:56.3875449Z [Gloo] Rank 14 is connected to 31 peer ranks. Expected number of connected peer ranks is : 31
2026-02-18T19:37:56.3885578Z INFO 02-18 19:37:56 [parallel_state.py:1423] rank 14 in world size 32 is assigned as DP rank 1, PP rank 0, PCP rank 0, TP rank 6, EP rank 14
2026-02-18T19:37:56.3895694Z INFO 02-18 19:37:56 [parallel_state.py:1423] rank 12 in world size 32 is assigned as DP rank 1, PP rank 0, PCP rank 0, TP rank 4, EP rank 12
2026-02-18T19:37:56.3905592Z INFO 02-18 19:37:56 [parallel_state.py:1423] rank 11 in world size 32 is assigned as DP rank 1, PP rank 0, PCP rank 0, TP rank 3, EP rank 11
2026-02-18T19:37:56.3915177Z [Gloo] Rank 2 is connected to 31 peer ranks. Expected number of connected peer ranks is : 31
2026-02-18T19:37:56.3924510Z [Gloo] Rank 3 is connected to 31 peer ranks. Expected number of connected peer ranks is : 31
2026-02-18T19:37:56.3934622Z [Gloo] Rank 15 is connected to 31 peer ranks. Expected number of connected peer ranks is : 31
2026-02-18T19:37:56.3943898Z INFO 02-18 19:37:56 [parallel_state.py:1423] rank 3 in world size 32 is assigned as DP rank 0, PP rank 0, PCP rank 0, TP rank 3, EP rank 3
2026-02-18T19:37:56.3953603Z INFO 02-18 19:37:56 [parallel_state.py:1423] rank 2 in world size 32 is assigned as DP rank 0, PP rank 0, PCP rank 0, TP rank 2, EP rank 2
2026-02-18T19:37:56.3964042Z INFO 02-18 19:37:56 [parallel_state.py:1423] rank 15 in world size 32 is assigned as DP rank 1, PP rank 0, PCP rank 0, TP rank 7, EP rank 15
2026-02-18T19:37:56.4302072Z [Gloo] Rank 0 is connected to 31 peer ranks. Expected number of connected peer ranks is : 31
2026-02-18T19:37:56.4330172Z [Gloo] Rank 2 is connected to 31 peer ranks. Expected number of connected peer ranks is : 31
2026-02-18T19:37:56.4339364Z [Gloo] Rank 1 is connected to 31 peer ranks. Expected number of connected peer ranks is : 31
2026-02-18T19:37:56.4348750Z [Gloo] Rank 3 is connected to 31 peer ranks. Expected number of connected peer ranks is : 31
2026-02-18T19:37:56.4358042Z [Gloo] Rank 4 is connected to 31 peer ranks. Expected number of connected peer ranks is : 31
2026-02-18T19:37:56.4368213Z [Gloo] Rank 5 is connected to 31 peer ranks. Expected number of connected peer ranks is : 31
2026-02-18T19:37:56.4377597Z [Gloo] Rank 6 is connected to 31 peer ranks. Expected number of connected peer ranks is : 31
2026-02-18T19:37:56.4387216Z [Gloo] Rank 7 is connected to 31 peer ranks. Expected number of connected peer ranks is : 31
2026-02-18T19:37:56.4396630Z [Gloo] Rank 8 is connected to 31 peer ranks. Expected number of connected peer ranks is : 31
2026-02-18T19:37:56.4406251Z [Gloo] Rank 9 is connected to 31 peer ranks. Expected number of connected peer ranks is : 31
2026-02-18T19:37:56.4415836Z [Gloo] Rank 10 is connected to 31 peer ranks. Expected number of connected peer ranks is : 31
2026-02-18T19:37:56.4425285Z [Gloo] Rank 11 is connected to 31 peer ranks. Expected number of connected peer ranks is : 31
2026-02-18T19:37:56.4434513Z [Gloo] Rank 12 is connected to 31 peer ranks. Expected number of connected peer ranks is : 31
2026-02-18T19:37:56.4444114Z [Gloo] Rank 13 is connected to 31 peer ranks. Expected number of connected peer ranks is : 31
2026-02-18T19:37:56.4453462Z [Gloo] Rank 14 is connected to 31 peer ranks. Expected number of connected peer ranks is : 31
2026-02-18T19:37:56.4463044Z [Gloo] Rank 15 is connected to 31 peer ranks. Expected number of connected peer ranks is : 31
2026-02-18T19:37:56.5803077Z [0;36m(Worker_DP1_TP1_EP9 pid=2047)[0;0m INFO 02-18 19:37:56 [model_runner_v1.py:2308] Starting to load model /root/.cache/modelscope/hub/models/vllm-ascend/Kimi-K2-Instruct-W8A8...
2026-02-18T19:37:56.5833434Z [0;36m(Worker_DP0_TP5_EP5 pid=4273)[0;0m INFO 02-18 19:37:56 [model_runner_v1.py:2308] Starting to load model /root/.cache/modelscope/hub/models/vllm-ascend/Kimi-K2-Instruct-W8A8...
2026-02-18T19:37:56.5843602Z [0;36m(Worker_DP0_TP7_EP7 pid=5385)[0;0m INFO 02-18 19:37:56 [model_runner_v1.py:2308] Starting to load model /root/.cache/modelscope/hub/models/vllm-ascend/Kimi-K2-Instruct-W8A8...
2026-02-18T19:37:56.5867981Z [0;36m(Worker_DP0_TP3_EP3 pid=3164)[0;0m INFO 02-18 19:37:56 [model_runner_v1.py:2308] Starting to load model /root/.cache/modelscope/hub/models/vllm-ascend/Kimi-K2-Instruct-W8A8...
2026-02-18T19:37:56.5878675Z [0;36m(Worker_DP0_TP1_EP1 pid=2049)[0;0m INFO 02-18 19:37:56 [model_runner_v1.py:2308] Starting to load model /root/.cache/modelscope/hub/models/vllm-ascend/Kimi-K2-Instruct-W8A8...
2026-02-18T19:37:56.5889298Z [0;36m(Worker_DP1_TP4_EP12 pid=3717)[0;0m INFO 02-18 19:37:56 [model_runner_v1.py:2308] Starting to load model /root/.cache/modelscope/hub/models/vllm-ascend/Kimi-K2-Instruct-W8A8...
2026-02-18T19:37:56.5916599Z [0;36m(Worker_DP1_TP5_EP13 pid=4274)[0;0m INFO 02-18 19:37:56 [model_runner_v1.py:2308] Starting to load model /root/.cache/modelscope/hub/models/vllm-ascend/Kimi-K2-Instruct-W8A8...
2026-02-18T19:37:56.6029622Z [0;36m(Worker_DP1_TP3_EP11 pid=3161)[0;0m INFO 02-18 19:37:56 [model_runner_v1.py:2308] Starting to load model /root/.cache/modelscope/hub/models/vllm-ascend/Kimi-K2-Instruct-W8A8...
2026-02-18T19:37:56.6085096Z [0;36m(Worker_DP1_TP6_EP14 pid=4895)[0;0m INFO 02-18 19:37:56 [model_runner_v1.py:2308] Starting to load model /root/.cache/modelscope/hub/models/vllm-ascend/Kimi-K2-Instruct-W8A8...
2026-02-18T19:37:56.6112256Z [0;36m(Worker_DP1_TP0_EP8 pid=1236)[0;0m INFO 02-18 19:37:56 [model_runner_v1.py:2308] Starting to load model /root/.cache/modelscope/hub/models/vllm-ascend/Kimi-K2-Instruct-W8A8...
2026-02-18T19:37:56.6168769Z [0;36m(Worker_DP0_TP4_EP4 pid=3718)[0;0m INFO 02-18 19:37:56 [model_runner_v1.py:2308] Starting to load model /root/.cache/modelscope/hub/models/vllm-ascend/Kimi-K2-Instruct-W8A8...
2026-02-18T19:37:56.6235128Z [0;36m(Worker_DP1_TP2_EP10 pid=2605)[0;0m INFO 02-18 19:37:56 [model_runner_v1.py:2308] Starting to load model /root/.cache/modelscope/hub/models/vllm-ascend/Kimi-K2-Instruct-W8A8...
2026-02-18T19:37:56.6326137Z [0;36m(Worker_DP0_TP6_EP6 pid=4829)[0;0m INFO 02-18 19:37:56 [model_runner_v1.py:2308] Starting to load model /root/.cache/modelscope/hub/models/vllm-ascend/Kimi-K2-Instruct-W8A8...
2026-02-18T19:37:56.6392857Z [0;36m(Worker_DP0_TP2_EP2 pid=2607)[0;0m INFO 02-18 19:37:56 [model_runner_v1.py:2308] Starting to load model /root/.cache/modelscope/hub/models/vllm-ascend/Kimi-K2-Instruct-W8A8...
2026-02-18T19:37:56.6452245Z [0;36m(Worker_DP1_TP7_EP15 pid=5388)[0;0m INFO 02-18 19:37:56 [model_runner_v1.py:2308] Starting to load model /root/.cache/modelscope/hub/models/vllm-ascend/Kimi-K2-Instruct-W8A8...
2026-02-18T19:37:56.6583950Z [0;36m(Worker_DP0_TP0_EP0 pid=1235)[0;0m INFO 02-18 19:37:56 [model_runner_v1.py:2308] Starting to load model /root/.cache/modelscope/hub/models/vllm-ascend/Kimi-K2-Instruct-W8A8...
2026-02-18T19:37:56.9473032Z [0;36m(Worker_DP1_TP5_EP13 pid=4274)[0;0m [2026-02-18 19:37:56] INFO modelslim_config.py:286: Using the vLLM Ascend modelslim Quantization now!
2026-02-18T19:37:56.9648102Z [0;36m(Worker_DP1_TP1_EP9 pid=2047)[0;0m [2026-02-18 19:37:56] INFO modelslim_config.py:286: Using the vLLM Ascend modelslim Quantization now!
2026-02-18T19:37:56.9731606Z [0;36m(Worker_DP0_TP5_EP5 pid=4273)[0;0m [2026-02-18 19:37:56] INFO modelslim_config.py:286: Using the vLLM Ascend modelslim Quantization now!
2026-02-18T19:37:57.0118872Z [0;36m(Worker_DP0_TP7_EP7 pid=5385)[0;0m [2026-02-18 19:37:57] INFO modelslim_config.py:286: Using the vLLM Ascend modelslim Quantization now!
2026-02-18T19:37:57.1106635Z [0;36m(Worker_DP1_TP1_EP9 pid=2047)[0;0m INFO 02-18 19:37:57 [layer.py:475] [EP Rank 9/32] Expert parallelism is enabled. Expert placement strategy: linear. Local/global number of experts: 12/384. Experts local to global index map: 0->108, 1->109, 2->110, 3->111, 4->112, 5->113, 6->114, 7->115, 8->116, 9->117, 10->118, 11->119.
2026-02-18T19:37:57.1140537Z [0;36m(Worker_DP0_TP7_EP7 pid=5385)[0;0m INFO 02-18 19:37:57 [layer.py:475] [EP Rank 7/32] Expert parallelism is enabled. Expert placement strategy: linear. Local/global number of experts: 12/384. Experts local to global index map: 0->84, 1->85, 2->86, 3->87, 4->88, 5->89, 6->90, 7->91, 8->92, 9->93, 10->94, 11->95.
2026-02-18T19:37:57.1152700Z [0;36m(Worker_DP0_TP5_EP5 pid=4273)[0;0m INFO 02-18 19:37:57 [layer.py:475] [EP Rank 5/32] Expert parallelism is enabled. Expert placement strategy: linear. Local/global number of experts: 12/384. Experts local to global index map: 0->60, 1->61, 2->62, 3->63, 4->64, 5->65, 6->66, 7->67, 8->68, 9->69, 10->70, 11->71.
2026-02-18T19:37:57.1163052Z [0;36m(Worker_DP1_TP5_EP13 pid=4274)[0;0m INFO 02-18 19:37:57 [layer.py:475] [EP Rank 13/32] Expert parallelism is enabled. Expert placement strategy: linear. Local/global number of experts: 12/384. Experts local to global index map: 0->156, 1->157, 2->158, 3->159, 4->160, 5->161, 6->162, 7->163, 8->164, 9->165, 10->166, 11->167.
2026-02-18T19:37:57.1821512Z [0;36m(Worker_DP0_TP6_EP6 pid=4829)[0;0m [2026-02-18 19:37:57] INFO modelslim_config.py:286: Using the vLLM Ascend modelslim Quantization now!
2026-02-18T19:37:57.1981436Z [0;36m(Worker_DP1_TP3_EP11 pid=3161)[0;0m [2026-02-18 19:37:57] INFO modelslim_config.py:286: Using the vLLM Ascend modelslim Quantization now!
2026-02-18T19:37:57.2741031Z [0;36m(Worker_DP0_TP6_EP6 pid=4829)[0;0m INFO 02-18 19:37:57 [layer.py:475] [EP Rank 6/32] Expert parallelism is enabled. Expert placement strategy: linear. Local/global number of experts: 12/384. Experts local to global index map: 0->72, 1->73, 2->74, 3->75, 4->76, 5->77, 6->78, 7->79, 8->80, 9->81, 10->82, 11->83.
2026-02-18T19:37:57.2807789Z [0;36m(Worker_DP1_TP6_EP14 pid=4895)[0;0m [2026-02-18 19:37:57] INFO modelslim_config.py:286: Using the vLLM Ascend modelslim Quantization now!
2026-02-18T19:37:57.2949882Z [0;36m(Worker_DP1_TP3_EP11 pid=3161)[0;0m INFO 02-18 19:37:57 [layer.py:475] [EP Rank 11/32] Expert parallelism is enabled. Expert placement strategy: linear. Local/global number of experts: 12/384. Experts local to global index map: 0->132, 1->133, 2->134, 3->135, 4->136, 5->137, 6->138, 7->139, 8->140, 9->141, 10->142, 11->143.
2026-02-18T19:37:57.3682949Z [0;36m(Worker_DP1_TP6_EP14 pid=4895)[0;0m INFO 02-18 19:37:57 [layer.py:475] [EP Rank 14/32] Expert parallelism is enabled. Expert placement strategy: linear. Local/global number of experts: 12/384. Experts local to global index map: 0->168, 1->169, 2->170, 3->171, 4->172, 5->173, 6->174, 7->175, 8->176, 9->177, 10->178, 11->179.
2026-02-18T19:37:57.4008183Z [0;36m(Worker_DP1_TP4_EP12 pid=3717)[0;0m [2026-02-18 19:37:57] INFO modelslim_config.py:286: Using the vLLM Ascend modelslim Quantization now!
2026-02-18T19:37:57.5381413Z [0;36m(Worker_DP1_TP4_EP12 pid=3717)[0;0m INFO 02-18 19:37:57 [layer.py:475] [EP Rank 12/32] Expert parallelism is enabled. Expert placement strategy: linear. Local/global number of experts: 12/384. Experts local to global index map: 0->144, 1->145, 2->146, 3->147, 4->148, 5->149, 6->150, 7->151, 8->152, 9->153, 10->154, 11->155.
2026-02-18T19:37:57.5731443Z [0;36m(Worker_DP0_TP4_EP4 pid=3718)[0;0m [2026-02-18 19:37:57] INFO modelslim_config.py:286: Using the vLLM Ascend modelslim Quantization now!
2026-02-18T19:37:57.5779925Z [0;36m(Worker_DP0_TP1_EP1 pid=2049)[0;0m [2026-02-18 19:37:57] INFO modelslim_config.py:286: Using the vLLM Ascend modelslim Quantization now!
2026-02-18T19:37:57.6121918Z [0;36m(Worker_DP0_TP0_EP0 pid=1235)[0;0m [2026-02-18 19:37:57] INFO modelslim_config.py:286: Using the vLLM Ascend modelslim Quantization now!
2026-02-18T19:37:57.6707560Z [0;36m(Worker_DP0_TP4_EP4 pid=3718)[0;0m INFO 02-18 19:37:57 [layer.py:475] [EP Rank 4/32] Expert parallelism is enabled. Expert placement strategy: linear. Local/global number of experts: 12/384. Experts local to global index map: 0->48, 1->49, 2->50, 3->51, 4->52, 5->53, 6->54, 7->55, 8->56, 9->57, 10->58, 11->59.
2026-02-18T19:37:57.6791214Z [0;36m(Worker_DP0_TP1_EP1 pid=2049)[0;0m INFO 02-18 19:37:57 [layer.py:475] [EP Rank 1/32] Expert parallelism is enabled. Expert placement strategy: linear. Local/global number of experts: 12/384. Experts local to global index map: 0->12, 1->13, 2->14, 3->15, 4->16, 5->17, 6->18, 7->19, 8->20, 9->21, 10->22, 11->23.
2026-02-18T19:37:57.7039916Z [0;36m(Worker_DP0_TP0_EP0 pid=1235)[0;0m INFO 02-18 19:37:57 [layer.py:475] [EP Rank 0/32] Expert parallelism is enabled. Expert placement strategy: linear. Local/global number of experts: 12/384. Experts local to global index map: 0->0, 1->1, 2->2, 3->3, 4->4, 5->5, 6->6, 7->7, 8->8, 9->9, 10->10, 11->11.
2026-02-18T19:37:57.7065624Z [0;36m(Worker_DP0_TP3_EP3 pid=3164)[0;0m [2026-02-18 19:37:57] INFO modelslim_config.py:286: Using the vLLM Ascend modelslim Quantization now!
2026-02-18T19:37:57.7594651Z [0;36m(Worker_DP1_TP7_EP15 pid=5388)[0;0m [2026-02-18 19:37:57] INFO modelslim_config.py:286: Using the vLLM Ascend modelslim Quantization now!
2026-02-18T19:37:57.8067507Z [0;36m(Worker_DP0_TP3_EP3 pid=3164)[0;0m INFO 02-18 19:37:57 [layer.py:475] [EP Rank 3/32] Expert parallelism is enabled. Expert placement strategy: linear. Local/global number of experts: 12/384. Experts local to global index map: 0->36, 1->37, 2->38, 3->39, 4->40, 5->41, 6->42, 7->43, 8->44, 9->45, 10->46, 11->47.
2026-02-18T19:37:57.8510730Z [0;36m(Worker_DP1_TP7_EP15 pid=5388)[0;0m INFO 02-18 19:37:57 [layer.py:475] [EP Rank 15/32] Expert parallelism is enabled. Expert placement strategy: linear. Local/global number of experts: 12/384. Experts local to global index map: 0->180, 1->181, 2->182, 3->183, 4->184, 5->185, 6->186, 7->187, 8->188, 9->189, 10->190, 11->191.
2026-02-18T19:37:58.3103747Z [0;36m(Worker_DP1_TP0_EP8 pid=1236)[0;0m [2026-02-18 19:37:58] INFO modelslim_config.py:286: Using the vLLM Ascend modelslim Quantization now!
2026-02-18T19:37:58.3166417Z [0;36m(Worker_DP1_TP2_EP10 pid=2605)[0;0m [2026-02-18 19:37:58] INFO modelslim_config.py:286: Using the vLLM Ascend modelslim Quantization now!
2026-02-18T19:37:58.4125860Z [0;36m(Worker_DP1_TP0_EP8 pid=1236)[0;0m INFO 02-18 19:37:58 [layer.py:475] [EP Rank 8/32] Expert parallelism is enabled. Expert placement strategy: linear. Local/global number of experts: 12/384. Experts local to global index map: 0->96, 1->97, 2->98, 3->99, 4->100, 5->101, 6->102, 7->103, 8->104, 9->105, 10->106, 11->107.
2026-02-18T19:37:58.4274819Z [0;36m(Worker_DP1_TP2_EP10 pid=2605)[0;0m INFO 02-18 19:37:58 [layer.py:475] [EP Rank 10/32] Expert parallelism is enabled. Expert placement strategy: linear. Local/global number of experts: 12/384. Experts local to global index map: 0->120, 1->121, 2->122, 3->123, 4->124, 5->125, 6->126, 7->127, 8->128, 9->129, 10->130, 11->131.
2026-02-18T19:37:58.4644852Z [0;36m(Worker_DP0_TP2_EP2 pid=2607)[0;0m [2026-02-18 19:37:58] INFO modelslim_config.py:286: Using the vLLM Ascend modelslim Quantization now!
2026-02-18T19:37:58.5758185Z [0;36m(Worker_DP0_TP2_EP2 pid=2607)[0;0m INFO 02-18 19:37:58 [layer.py:475] [EP Rank 2/32] Expert parallelism is enabled. Expert placement strategy: linear. Local/global number of experts: 12/384. Experts local to global index map: 0->24, 1->25, 2->26, 3->27, 4->28, 5->29, 6->30, 7->31, 8->32, 9->33, 10->34, 11->35.
2026-02-18T19:38:00.0334532Z [0;36m(Worker_DP0_TP5_EP5 pid=4273)[0;0m ERROR 02-18 19:38:00 [multiproc_executor.py:772] WorkerProc failed to start.
2026-02-18T19:38:00.0342974Z [0;36m(Worker_DP0_TP5_EP5 pid=4273)[0;0m ERROR 02-18 19:38:00 [multiproc_executor.py:772] Traceback (most recent call last):
2026-02-18T19:38:00.0355109Z [0;36m(Worker_DP0_TP5_EP5 pid=4273)[0;0m ERROR 02-18 19:38:00 [multiproc_executor.py:772]   File "/vllm-workspace/vllm/vllm/v1/executor/multiproc_executor.py", line 743, in worker_main
2026-02-18T19:38:00.0365612Z [0;36m(Worker_DP0_TP5_EP5 pid=4273)[0;0m ERROR 02-18 19:38:00 [multiproc_executor.py:772]     worker = WorkerProc(*args, **kwargs)
2026-02-18T19:38:00.0378029Z [0;36m(Worker_DP0_TP5_EP5 pid=4273)[0;0m ERROR 02-18 19:38:00 [multiproc_executor.py:772]              ^^^^^^^^^^^^^^^^^^^^^^^^^^^
2026-02-18T19:38:00.0389582Z [0;36m(Worker_DP0_TP5_EP5 pid=4273)[0;0m ERROR 02-18 19:38:00 [multiproc_executor.py:772]   File "/vllm-workspace/vllm/vllm/v1/executor/multiproc_executor.py", line 578, in __init__
2026-02-18T19:38:00.0401828Z [0;36m(Worker_DP0_TP5_EP5 pid=4273)[0;0m ERROR 02-18 19:38:00 [multiproc_executor.py:772]     self.worker.load_model()
2026-02-18T19:38:00.0412262Z [0;36m(Worker_DP0_TP5_EP5 pid=4273)[0;0m ERROR 02-18 19:38:00 [multiproc_executor.py:772]   File "/vllm-workspace/vllm-ascend/vllm_ascend/worker/worker.py", line 404, in load_model
2026-02-18T19:38:00.0422567Z [0;36m(Worker_DP0_TP5_EP5 pid=4273)[0;0m ERROR 02-18 19:38:00 [multiproc_executor.py:772]     self.model_runner.load_model()
2026-02-18T19:38:00.0433522Z [0;36m(Worker_DP0_TP5_EP5 pid=4273)[0;0m ERROR 02-18 19:38:00 [multiproc_executor.py:772]   File "/vllm-workspace/vllm-ascend/vllm_ascend/worker/model_runner_v1.py", line 2311, in load_model
2026-02-18T19:38:00.0442679Z [0;36m(Worker_DP0_TP5_EP5 pid=4273)[0;0m ERROR 02-18 19:38:00 [multiproc_executor.py:772]     self.model = get_model(vllm_config=self.vllm_config)
2026-02-18T19:38:00.0452367Z [0;36m(Worker_DP0_TP5_EP5 pid=4273)[0;0m ERROR 02-18 19:38:00 [multiproc_executor.py:772]                  ^^^^^^^^^^^^^^^^^^^^^^^^^^^^^^^^^^^^^^^
2026-02-18T19:38:00.0462573Z [0;36m(Worker_DP0_TP5_EP5 pid=4273)[0;0m ERROR 02-18 19:38:00 [multiproc_executor.py:772]   File "/vllm-workspace/vllm/vllm/model_executor/model_loader/__init__.py", line 135, in get_model
2026-02-18T19:38:00.0472136Z [0;36m(Worker_DP0_TP5_EP5 pid=4273)[0;0m ERROR 02-18 19:38:00 [multiproc_executor.py:772]     return loader.load_model(
2026-02-18T19:38:00.0481203Z [0;36m(Worker_DP0_TP5_EP5 pid=4273)[0;0m ERROR 02-18 19:38:00 [multiproc_executor.py:772]            ^^^^^^^^^^^^^^^^^^
2026-02-18T19:38:00.0491957Z [0;36m(Worker_DP0_TP5_EP5 pid=4273)[0;0m ERROR 02-18 19:38:00 [multiproc_executor.py:772]   File "/vllm-workspace/vllm/vllm/model_executor/model_loader/base_loader.py", line 50, in load_model
2026-02-18T19:38:00.0501357Z [0;36m(Worker_DP0_TP5_EP5 pid=4273)[0;0m ERROR 02-18 19:38:00 [multiproc_executor.py:772]     model = initialize_model(
2026-02-18T19:38:00.0511309Z [0;36m(Worker_DP0_TP5_EP5 pid=4273)[0;0m ERROR 02-18 19:38:00 [multiproc_executor.py:772]             ^^^^^^^^^^^^^^^^^
2026-02-18T19:38:00.0521546Z [0;36m(Worker_DP0_TP5_EP5 pid=4273)[0;0m ERROR 02-18 19:38:00 [multiproc_executor.py:772]   File "/vllm-workspace/vllm/vllm/model_executor/model_loader/utils.py", line 48, in initialize_model
2026-02-18T19:38:00.0538127Z [0;36m(Worker_DP0_TP5_EP5 pid=4273)[0;0m ERROR 02-18 19:38:00 [multiproc_executor.py:772]     return model_class(vllm_config=vllm_config, prefix=prefix)
2026-02-18T19:38:00.0540861Z [0;36m(Worker_DP0_TP5_EP5 pid=4273)[0;0m ERROR 02-18 19:38:00 [multiproc_executor.py:772]            ^^^^^^^^^^^^^^^^^^^^^^^^^^^^^^^^^^^^^^^^^^^^^^^^^^^
2026-02-18T19:38:00.0550829Z [0;36m(Worker_DP0_TP5_EP5 pid=4273)[0;0m ERROR 02-18 19:38:00 [multiproc_executor.py:772]   File "/vllm-workspace/vllm/vllm/model_executor/models/deepseek_v2.py", line 1210, in __init__
2026-02-18T19:38:00.0561174Z [0;36m(Worker_DP0_TP5_EP5 pid=4273)[0;0m ERROR 02-18 19:38:00 [multiproc_executor.py:772]     self.model = self.model_cls(
2026-02-18T19:38:00.0570877Z [0;36m(Worker_DP0_TP5_EP5 pid=4273)[0;0m ERROR 02-18 19:38:00 [multiproc_executor.py:772]                  ^^^^^^^^^^^^^^^
2026-02-18T19:38:00.0580373Z [0;36m(Worker_DP0_TP5_EP5 pid=4273)[0;0m ERROR 02-18 19:38:00 [multiproc_executor.py:772]   File "/vllm-workspace/vllm/vllm/compilation/decorators.py", line 306, in __init__
2026-02-18T19:38:00.0589544Z [0;36m(Worker_DP0_TP5_EP5 pid=4273)[0;0m ERROR 02-18 19:38:00 [multiproc_executor.py:772]     old_init(self, **kwargs)
2026-02-18T19:38:00.0600513Z [0;36m(Worker_DP0_TP5_EP5 pid=4273)[0;0m ERROR 02-18 19:38:00 [multiproc_executor.py:772]   File "/vllm-workspace/vllm/vllm/model_executor/models/deepseek_v2.py", line 1067, in __init__
2026-02-18T19:38:00.0609486Z [0;36m(Worker_DP0_TP5_EP5 pid=4273)[0;0m ERROR 02-18 19:38:00 [multiproc_executor.py:772]     self.start_layer, self.end_layer, self.layers = make_layers(
2026-02-18T19:38:00.0620955Z [0;36m(Worker_DP0_TP5_EP5 pid=4273)[0;0m ERROR 02-18 19:38:00 [multiproc_executor.py:772]                                                     ^^^^^^^^^^^^
2026-02-18T19:38:00.0628861Z [0;36m(Worker_DP0_TP5_EP5 pid=4273)[0;0m ERROR 02-18 19:38:00 [multiproc_executor.py:772]   File "/vllm-workspace/vllm/vllm/model_executor/models/utils.py", line 706, in make_layers
2026-02-18T19:38:00.0638523Z [0;36m(Worker_DP0_TP5_EP5 pid=4273)[0;0m ERROR 02-18 19:38:00 [multiproc_executor.py:772]     + [
2026-02-18T19:38:00.0648134Z [0;36m(Worker_DP0_TP5_EP5 pid=4273)[0;0m ERROR 02-18 19:38:00 [multiproc_executor.py:772]       ^
2026-02-18T19:38:00.0658355Z [0;36m(Worker_DP0_TP5_EP5 pid=4273)[0;0m ERROR 02-18 19:38:00 [multiproc_executor.py:772]   File "/vllm-workspace/vllm/vllm/model_executor/models/utils.py", line 707, in <listcomp>
2026-02-18T19:38:00.0668015Z [0;36m(Worker_DP0_TP5_EP5 pid=4273)[0;0m ERROR 02-18 19:38:00 [multiproc_executor.py:772]     maybe_offload_to_cpu(layer_fn(prefix=f"{prefix}.{idx}"))
2026-02-18T19:38:00.0677431Z [0;36m(Worker_DP0_TP5_EP5 pid=4273)[0;0m ERROR 02-18 19:38:00 [multiproc_executor.py:772]                          ^^^^^^^^^^^^^^^^^^^^^^^^^^^^^^^^^^
2026-02-18T19:38:00.0687880Z [0;36m(Worker_DP0_TP5_EP5 pid=4273)[0;0m ERROR 02-18 19:38:00 [multiproc_executor.py:772]   File "/vllm-workspace/vllm/vllm/model_executor/models/deepseek_v2.py", line 1069, in <lambda>
2026-02-18T19:38:00.0697616Z [0;36m(Worker_DP0_TP5_EP5 pid=4273)[0;0m ERROR 02-18 19:38:00 [multiproc_executor.py:772]     lambda prefix: DeepseekV2DecoderLayer(
2026-02-18T19:38:00.0707175Z [0;36m(Worker_DP0_TP5_EP5 pid=4273)[0;0m ERROR 02-18 19:38:00 [multiproc_executor.py:772]                    ^^^^^^^^^^^^^^^^^^^^^^^
2026-02-18T19:38:00.0717134Z [0;36m(Worker_DP0_TP5_EP5 pid=4273)[0;0m ERROR 02-18 19:38:00 [multiproc_executor.py:772]   File "/vllm-workspace/vllm/vllm/model_executor/models/deepseek_v2.py", line 963, in __init__
2026-02-18T19:38:00.0728428Z [0;36m(Worker_DP0_TP5_EP5 pid=4273)[0;0m ERROR 02-18 19:38:00 [multiproc_executor.py:772]     self.mlp = DeepseekV2MoE(
2026-02-18T19:38:00.0738284Z [0;36m(Worker_DP0_TP5_EP5 pid=4273)[0;0m ERROR 02-18 19:38:00 [multiproc_executor.py:772]                ^^^^^^^^^^^^^^
2026-02-18T19:38:00.0748293Z [0;36m(Worker_DP0_TP5_EP5 pid=4273)[0;0m ERROR 02-18 19:38:00 [multiproc_executor.py:772]   File "/vllm-workspace/vllm/vllm/model_executor/models/deepseek_v2.py", line 298, in __init__
2026-02-18T19:38:00.0757872Z [0;36m(Worker_DP0_TP5_EP5 pid=4273)[0;0m ERROR 02-18 19:38:00 [multiproc_executor.py:772]     self.experts = SharedFusedMoE(
2026-02-18T19:38:00.0769761Z [0;36m(Worker_DP0_TP5_EP5 pid=4273)[0;0m ERROR 02-18 19:38:00 [multiproc_executor.py:772]                    ^^^^^^^^^^^^^^^
2026-02-18T19:38:00.0781085Z [0;36m(Worker_DP0_TP5_EP5 pid=4273)[0;0m ERROR 02-18 19:38:00 [multiproc_executor.py:772]   File "/vllm-workspace/vllm-ascend/vllm_ascend/ops/fused_moe/fused_moe.py", line 401, in __init__
2026-02-18T19:38:00.0792273Z [0;36m(Worker_DP0_TP5_EP5 pid=4273)[0;0m ERROR 02-18 19:38:00 [multiproc_executor.py:772]     AscendFusedMoE.__init__(self, **kwargs)
2026-02-18T19:38:00.0804326Z [0;36m(Worker_DP0_TP5_EP5 pid=4273)[0;0m ERROR 02-18 19:38:00 [multiproc_executor.py:772]   File "/vllm-workspace/vllm-ascend/vllm_ascend/ops/fused_moe/fused_moe.py", line 162, in __init__
2026-02-18T19:38:00.0814968Z [0;36m(Worker_DP0_TP5_EP5 pid=4273)[0;0m ERROR 02-18 19:38:00 [multiproc_executor.py:772]     super().__init__(*args, **kwargs)
2026-02-18T19:38:00.0824635Z [0;36m(Worker_DP0_TP5_EP5 pid=4273)[0;0m ERROR 02-18 19:38:00 [multiproc_executor.py:772]   File "/vllm-workspace/vllm/vllm/model_executor/layers/fused_moe/layer.py", line 603, in __init__
2026-02-18T19:38:00.0834014Z [0;36m(Worker_DP0_TP5_EP5 pid=4273)[0;0m ERROR 02-18 19:38:00 [multiproc_executor.py:772]     self.quant_method: FusedMoEMethodBase = _get_quant_method()
2026-02-18T19:38:00.0844190Z [0;36m(Worker_DP0_TP5_EP5 pid=4273)[0;0m ERROR 02-18 19:38:00 [multiproc_executor.py:772]                                             ^^^^^^^^^^^^^^^^^^^
2026-02-18T19:38:00.0855497Z [0;36m(Worker_DP0_TP5_EP5 pid=4273)[0;0m ERROR 02-18 19:38:00 [multiproc_executor.py:772]   File "/vllm-workspace/vllm/vllm/model_executor/layers/fused_moe/layer.py", line 595, in _get_quant_method
2026-02-18T19:38:00.0865579Z [0;36m(Worker_DP0_TP5_EP5 pid=4273)[0;0m ERROR 02-18 19:38:00 [multiproc_executor.py:772]     quant_method = self.quant_config.get_quant_method(self, prefix)
2026-02-18T19:38:00.0875433Z [0;36m(Worker_DP0_TP5_EP5 pid=4273)[0;0m ERROR 02-18 19:38:00 [multiproc_executor.py:772]                    ^^^^^^^^^^^^^^^^^^^^^^^^^^^^^^^^^^^^^^^^^^^^^^^^
2026-02-18T19:38:00.0885537Z [0;36m(Worker_DP0_TP5_EP5 pid=4273)[0;0m ERROR 02-18 19:38:00 [multiproc_executor.py:772]   File "/vllm-workspace/vllm-ascend/vllm_ascend/quantization/modelslim_config.py", line 419, in get_quant_method
2026-02-18T19:38:00.0895821Z [0;36m(Worker_DP0_TP5_EP5 pid=4273)[0;0m ERROR 02-18 19:38:00 [multiproc_executor.py:772]     scheme = create_scheme_for_layer(self.quant_description, prefix, "moe", self.packed_modules_mapping)
2026-02-18T19:38:00.0905691Z [0;36m(Worker_DP0_TP5_EP5 pid=4273)[0;0m ERROR 02-18 19:38:00 [multiproc_executor.py:772]              ^^^^^^^^^^^^^^^^^^^^^^^^^^^^^^^^^^^^^^^^^^^^^^^^^^^^^^^^^^^^^^^^^^^^^^^^^^^^^^^^^^^^^^^^^^^
2026-02-18T19:38:00.0915871Z [0;36m(Worker_DP0_TP5_EP5 pid=4273)[0;0m ERROR 02-18 19:38:00 [multiproc_executor.py:772]   File "/vllm-workspace/vllm-ascend/vllm_ascend/quantization/modelslim_config.py", line 295, in create_scheme_for_layer
2026-02-18T19:38:00.0925407Z [0;36m(Worker_DP0_TP5_EP5 pid=4273)[0;0m ERROR 02-18 19:38:00 [multiproc_executor.py:772]     return scheme_cls()
2026-02-18T19:38:00.0935293Z [0;36m(Worker_DP0_TP5_EP5 pid=4273)[0;0m ERROR 02-18 19:38:00 [multiproc_executor.py:772]            ^^^^^^^^^^^^
2026-02-18T19:38:00.0945216Z [0;36m(Worker_DP0_TP5_EP5 pid=4273)[0;0m ERROR 02-18 19:38:00 [multiproc_executor.py:772]   File "/vllm-workspace/vllm-ascend/vllm_ascend/quantization/methods/w8a8_dynamic.py", line 128, in __init__
2026-02-18T19:38:00.0954894Z [0;36m(Worker_DP0_TP5_EP5 pid=4273)[0;0m ERROR 02-18 19:38:00 [multiproc_executor.py:772]     self.moe_all_to_all_group_name = backend.get_hccl_comm_name(local_rank)
2026-02-18T19:38:00.0964200Z [0;36m(Worker_DP0_TP5_EP5 pid=4273)[0;0m ERROR 02-18 19:38:00 [multiproc_executor.py:772]                                      ^^^^^^^^^^^^^^^^^^^^^^^^^^^^^^^^^^^^^^
2026-02-18T19:38:00.0974891Z [0;36m(Worker_DP0_TP5_EP5 pid=4273)[0;0m ERROR 02-18 19:38:00 [multiproc_executor.py:772] RuntimeError: create_config:build/CMakeFiles/torch_npu.dir/compiler_depend.ts:130 HCCL function error: hcclCommInitRootInfoConfig(numRanks, &rootInfo, rank, config, &(comm->hcclComm_)), error code is 7
2026-02-18T19:38:00.0984093Z [0;36m(Worker_DP0_TP5_EP5 pid=4273)[0;0m ERROR 02-18 19:38:00 [multiproc_executor.py:772] [ERROR] 2026-02-18-19:37:59 (PID:4273, Device:5, RankID:-1) ERR02200 DIST call hccl api failed.
2026-02-18T19:38:00.0993449Z [0;36m(Worker_DP0_TP5_EP5 pid=4273)[0;0m ERROR 02-18 19:38:00 [multiproc_executor.py:772] 
2026-02-18T19:38:00.1003146Z [0;36m(Worker_DP0_TP5_EP5 pid=4273)[0;0m INFO 02-18 19:38:00 [multiproc_executor.py:730] Parent process exited, terminating worker
2026-02-18T19:38:00.1013018Z [0;36m(Worker_DP0_TP7_EP7 pid=5385)[0;0m INFO 02-18 19:38:00 [multiproc_executor.py:730] Parent process exited, terminating worker
2026-02-18T19:38:00.1022308Z [0;36m(Worker_DP0_TP0_EP0 pid=1235)[0;0m INFO 02-18 19:38:00 [multiproc_executor.py:730] Parent process exited, terminating worker
2026-02-18T19:38:00.1254739Z [0;36m(Worker_DP0_TP3_EP3 pid=3164)[0;0m INFO 02-18 19:38:00 [multiproc_executor.py:730] Parent process exited, terminating worker
2026-02-18T19:38:00.1649067Z [0;36m(Worker_DP0_TP4_EP4 pid=3718)[0;0m INFO 02-18 19:38:00 [multiproc_executor.py:730] Parent process exited, terminating worker
2026-02-18T19:38:00.1937691Z [0;36m(Worker_DP1_TP7_EP15 pid=5388)[0;0m ERROR 02-18 19:38:00 [multiproc_executor.py:772] WorkerProc failed to start.
2026-02-18T19:38:00.1947300Z [0;36m(Worker_DP1_TP7_EP15 pid=5388)[0;0m ERROR 02-18 19:38:00 [multiproc_executor.py:772] Traceback (most recent call last):
2026-02-18T19:38:00.1958278Z [0;36m(Worker_DP1_TP7_EP15 pid=5388)[0;0m ERROR 02-18 19:38:00 [multiproc_executor.py:772]   File "/vllm-workspace/vllm/vllm/v1/executor/multiproc_executor.py", line 743, in worker_main
2026-02-18T19:38:00.1968384Z [0;36m(Worker_DP1_TP7_EP15 pid=5388)[0;0m ERROR 02-18 19:38:00 [multiproc_executor.py:772]     worker = WorkerProc(*args, **kwargs)
2026-02-18T19:38:00.1979058Z [0;36m(Worker_DP1_TP7_EP15 pid=5388)[0;0m ERROR 02-18 19:38:00 [multiproc_executor.py:772]              ^^^^^^^^^^^^^^^^^^^^^^^^^^^
2026-02-18T19:38:00.1988730Z [0;36m(Worker_DP1_TP7_EP15 pid=5388)[0;0m ERROR 02-18 19:38:00 [multiproc_executor.py:772]   File "/vllm-workspace/vllm/vllm/v1/executor/multiproc_executor.py", line 578, in __init__
2026-02-18T19:38:00.1998218Z [0;36m(Worker_DP1_TP7_EP15 pid=5388)[0;0m ERROR 02-18 19:38:00 [multiproc_executor.py:772]     self.worker.load_model()
2026-02-18T19:38:00.2008368Z [0;36m(Worker_DP1_TP7_EP15 pid=5388)[0;0m ERROR 02-18 19:38:00 [multiproc_executor.py:772]   File "/vllm-workspace/vllm-ascend/vllm_ascend/worker/worker.py", line 404, in load_model
2026-02-18T19:38:00.2017853Z [0;36m(Worker_DP1_TP7_EP15 pid=5388)[0;0m ERROR 02-18 19:38:00 [multiproc_executor.py:772]     self.model_runner.load_model()
2026-02-18T19:38:00.2028312Z [0;36m(Worker_DP1_TP7_EP15 pid=5388)[0;0m ERROR 02-18 19:38:00 [multiproc_executor.py:772]   File "/vllm-workspace/vllm-ascend/vllm_ascend/worker/model_runner_v1.py", line 2311, in load_model
2026-02-18T19:38:00.2037074Z [0;36m(Worker_DP1_TP7_EP15 pid=5388)[0;0m ERROR 02-18 19:38:00 [multiproc_executor.py:772]     self.model = get_model(vllm_config=self.vllm_config)
2026-02-18T19:38:00.2047390Z [0;36m(Worker_DP1_TP7_EP15 pid=5388)[0;0m ERROR 02-18 19:38:00 [multiproc_executor.py:772]                  ^^^^^^^^^^^^^^^^^^^^^^^^^^^^^^^^^^^^^^^
2026-02-18T19:38:00.2057178Z [0;36m(Worker_DP1_TP7_EP15 pid=5388)[0;0m ERROR 02-18 19:38:00 [multiproc_executor.py:772]   File "/vllm-workspace/vllm/vllm/model_executor/model_loader/__init__.py", line 135, in get_model
2026-02-18T19:38:00.2066615Z [0;36m(Worker_DP1_TP7_EP15 pid=5388)[0;0m ERROR 02-18 19:38:00 [multiproc_executor.py:772]     return loader.load_model(
2026-02-18T19:38:00.2075751Z [0;36m(Worker_DP1_TP7_EP15 pid=5388)[0;0m ERROR 02-18 19:38:00 [multiproc_executor.py:772]            ^^^^^^^^^^^^^^^^^^
2026-02-18T19:38:00.2085728Z [0;36m(Worker_DP1_TP7_EP15 pid=5388)[0;0m ERROR 02-18 19:38:00 [multiproc_executor.py:772]   File "/vllm-workspace/vllm/vllm/model_executor/model_loader/base_loader.py", line 50, in load_model
2026-02-18T19:38:00.2095464Z [0;36m(Worker_DP1_TP7_EP15 pid=5388)[0;0m ERROR 02-18 19:38:00 [multiproc_executor.py:772]     model = initialize_model(
2026-02-18T19:38:00.2104816Z [0;36m(Worker_DP1_TP7_EP15 pid=5388)[0;0m ERROR 02-18 19:38:00 [multiproc_executor.py:772]             ^^^^^^^^^^^^^^^^^
2026-02-18T19:38:00.2116290Z [0;36m(Worker_DP1_TP7_EP15 pid=5388)[0;0m ERROR 02-18 19:38:00 [multiproc_executor.py:772]   File "/vllm-workspace/vllm/vllm/model_executor/model_loader/utils.py", line 48, in initialize_model
2026-02-18T19:38:00.2124910Z [0;36m(Worker_DP1_TP7_EP15 pid=5388)[0;0m ERROR 02-18 19:38:00 [multiproc_executor.py:772]     return model_class(vllm_config=vllm_config, prefix=prefix)
2026-02-18T19:38:00.2134759Z [0;36m(Worker_DP1_TP7_EP15 pid=5388)[0;0m ERROR 02-18 19:38:00 [multiproc_executor.py:772]            ^^^^^^^^^^^^^^^^^^^^^^^^^^^^^^^^^^^^^^^^^^^^^^^^^^^
2026-02-18T19:38:00.2144566Z [0;36m(Worker_DP1_TP7_EP15 pid=5388)[0;0m ERROR 02-18 19:38:00 [multiproc_executor.py:772]   File "/vllm-workspace/vllm/vllm/model_executor/models/deepseek_v2.py", line 1210, in __init__
2026-02-18T19:38:00.2153914Z [0;36m(Worker_DP1_TP7_EP15 pid=5388)[0;0m ERROR 02-18 19:38:00 [multiproc_executor.py:772]     self.model = self.model_cls(
2026-02-18T19:38:00.2163382Z [0;36m(Worker_DP1_TP7_EP15 pid=5388)[0;0m ERROR 02-18 19:38:00 [multiproc_executor.py:772]                  ^^^^^^^^^^^^^^^
2026-02-18T19:38:00.2173196Z [0;36m(Worker_DP1_TP7_EP15 pid=5388)[0;0m ERROR 02-18 19:38:00 [multiproc_executor.py:772]   File "/vllm-workspace/vllm/vllm/compilation/decorators.py", line 306, in __init__
2026-02-18T19:38:00.2182231Z [0;36m(Worker_DP1_TP7_EP15 pid=5388)[0;0m ERROR 02-18 19:38:00 [multiproc_executor.py:772]     old_init(self, **kwargs)
2026-02-18T19:38:00.2191657Z [0;36m(Worker_DP1_TP7_EP15 pid=5388)[0;0m ERROR 02-18 19:38:00 [multiproc_executor.py:772]   File "/vllm-workspace/vllm/vllm/model_executor/models/deepseek_v2.py", line 1067, in __init__
2026-02-18T19:38:00.2201741Z [0;36m(Worker_DP1_TP7_EP15 pid=5388)[0;0m ERROR 02-18 19:38:00 [multiproc_executor.py:772]     self.start_layer, self.end_layer, self.layers = make_layers(
2026-02-18T19:38:00.2212733Z [0;36m(Worker_DP1_TP7_EP15 pid=5388)[0;0m ERROR 02-18 19:38:00 [multiproc_executor.py:772]                                                     ^^^^^^^^^^^^
2026-02-18T19:38:00.2221832Z [0;36m(Worker_DP1_TP7_EP15 pid=5388)[0;0m ERROR 02-18 19:38:00 [multiproc_executor.py:772]   File "/vllm-workspace/vllm/vllm/model_executor/models/utils.py", line 706, in make_layers
2026-02-18T19:38:00.2231564Z [0;36m(Worker_DP1_TP7_EP15 pid=5388)[0;0m ERROR 02-18 19:38:00 [multiproc_executor.py:772]     + [
2026-02-18T19:38:00.2241120Z [0;36m(Worker_DP1_TP7_EP15 pid=5388)[0;0m ERROR 02-18 19:38:00 [multiproc_executor.py:772]       ^
2026-02-18T19:38:00.2251450Z [0;36m(Worker_DP1_TP7_EP15 pid=5388)[0;0m ERROR 02-18 19:38:00 [multiproc_executor.py:772]   File "/vllm-workspace/vllm/vllm/model_executor/models/utils.py", line 707, in <listcomp>
2026-02-18T19:38:00.2260377Z [0;36m(Worker_DP1_TP7_EP15 pid=5388)[0;0m ERROR 02-18 19:38:00 [multiproc_executor.py:772]     maybe_offload_to_cpu(layer_fn(prefix=f"{prefix}.{idx}"))
2026-02-18T19:38:00.2270108Z [0;36m(Worker_DP1_TP7_EP15 pid=5388)[0;0m ERROR 02-18 19:38:00 [multiproc_executor.py:772]                          ^^^^^^^^^^^^^^^^^^^^^^^^^^^^^^^^^^
2026-02-18T19:38:00.2280665Z [0;36m(Worker_DP1_TP7_EP15 pid=5388)[0;0m ERROR 02-18 19:38:00 [multiproc_executor.py:772]   File "/vllm-workspace/vllm/vllm/model_executor/models/deepseek_v2.py", line 1069, in <lambda>
2026-02-18T19:38:00.2290206Z [0;36m(Worker_DP1_TP7_EP15 pid=5388)[0;0m ERROR 02-18 19:38:00 [multiproc_executor.py:772]     lambda prefix: DeepseekV2DecoderLayer(
2026-02-18T19:38:00.2299450Z [0;36m(Worker_DP1_TP7_EP15 pid=5388)[0;0m ERROR 02-18 19:38:00 [multiproc_executor.py:772]                    ^^^^^^^^^^^^^^^^^^^^^^^
2026-02-18T19:38:00.2309119Z [0;36m(Worker_DP1_TP7_EP15 pid=5388)[0;0m ERROR 02-18 19:38:00 [multiproc_executor.py:772]   File "/vllm-workspace/vllm/vllm/model_executor/models/deepseek_v2.py", line 963, in __init__
2026-02-18T19:38:00.2318535Z [0;36m(Worker_DP1_TP7_EP15 pid=5388)[0;0m ERROR 02-18 19:38:00 [multiproc_executor.py:772]     self.mlp = DeepseekV2MoE(
2026-02-18T19:38:00.2328559Z [0;36m(Worker_DP1_TP7_EP15 pid=5388)[0;0m ERROR 02-18 19:38:00 [multiproc_executor.py:772]                ^^^^^^^^^^^^^^
2026-02-18T19:38:00.2338796Z [0;36m(Worker_DP1_TP7_EP15 pid=5388)[0;0m ERROR 02-18 19:38:00 [multiproc_executor.py:772]   File "/vllm-workspace/vllm/vllm/model_executor/models/deepseek_v2.py", line 298, in __init__
2026-02-18T19:38:00.2348074Z [0;36m(Worker_DP1_TP7_EP15 pid=5388)[0;0m ERROR 02-18 19:38:00 [multiproc_executor.py:772]     self.experts = SharedFusedMoE(
2026-02-18T19:38:00.2357548Z [0;36m(Worker_DP1_TP7_EP15 pid=5388)[0;0m ERROR 02-18 19:38:00 [multiproc_executor.py:772]                    ^^^^^^^^^^^^^^^
2026-02-18T19:38:00.2369015Z [0;36m(Worker_DP1_TP7_EP15 pid=5388)[0;0m ERROR 02-18 19:38:00 [multiproc_executor.py:772]   File "/vllm-workspace/vllm-ascend/vllm_ascend/ops/fused_moe/fused_moe.py", line 401, in __init__
2026-02-18T19:38:00.2377965Z [0;36m(Worker_DP1_TP7_EP15 pid=5388)[0;0m ERROR 02-18 19:38:00 [multiproc_executor.py:772]     AscendFusedMoE.__init__(self, **kwargs)
2026-02-18T19:38:00.2387763Z [0;36m(Worker_DP1_TP7_EP15 pid=5388)[0;0m ERROR 02-18 19:38:00 [multiproc_executor.py:772]   File "/vllm-workspace/vllm-ascend/vllm_ascend/ops/fused_moe/fused_moe.py", line 162, in __init__
2026-02-18T19:38:00.2396937Z [0;36m(Worker_DP1_TP7_EP15 pid=5388)[0;0m ERROR 02-18 19:38:00 [multiproc_executor.py:772]     super().__init__(*args, **kwargs)
2026-02-18T19:38:00.2407214Z [0;36m(Worker_DP1_TP7_EP15 pid=5388)[0;0m ERROR 02-18 19:38:00 [multiproc_executor.py:772]   File "/vllm-workspace/vllm/vllm/model_executor/layers/fused_moe/layer.py", line 603, in __init__
2026-02-18T19:38:00.2417130Z [0;36m(Worker_DP1_TP7_EP15 pid=5388)[0;0m ERROR 02-18 19:38:00 [multiproc_executor.py:772]     self.quant_method: FusedMoEMethodBase = _get_quant_method()
2026-02-18T19:38:00.2426120Z [0;36m(Worker_DP1_TP7_EP15 pid=5388)[0;0m ERROR 02-18 19:38:00 [multiproc_executor.py:772]                                             ^^^^^^^^^^^^^^^^^^^
2026-02-18T19:38:00.2435688Z [0;36m(Worker_DP1_TP7_EP15 pid=5388)[0;0m ERROR 02-18 19:38:00 [multiproc_executor.py:772]   File "/vllm-workspace/vllm/vllm/model_executor/layers/fused_moe/layer.py", line 595, in _get_quant_method
2026-02-18T19:38:00.2444989Z [0;36m(Worker_DP1_TP7_EP15 pid=5388)[0;0m ERROR 02-18 19:38:00 [multiproc_executor.py:772]     quant_method = self.quant_config.get_quant_method(self, prefix)
2026-02-18T19:38:00.2455552Z [0;36m(Worker_DP1_TP7_EP15 pid=5388)[0;0m ERROR 02-18 19:38:00 [multiproc_executor.py:772]                    ^^^^^^^^^^^^^^^^^^^^^^^^^^^^^^^^^^^^^^^^^^^^^^^^
2026-02-18T19:38:00.2465588Z [0;36m(Worker_DP1_TP7_EP15 pid=5388)[0;0m ERROR 02-18 19:38:00 [multiproc_executor.py:772]   File "/vllm-workspace/vllm-ascend/vllm_ascend/quantization/modelslim_config.py", line 419, in get_quant_method
2026-02-18T19:38:00.2474856Z [0;36m(Worker_DP1_TP7_EP15 pid=5388)[0;0m ERROR 02-18 19:38:00 [multiproc_executor.py:772]     scheme = create_scheme_for_layer(self.quant_description, prefix, "moe", self.packed_modules_mapping)
2026-02-18T19:38:00.2484753Z [0;36m(Worker_DP1_TP7_EP15 pid=5388)[0;0m ERROR 02-18 19:38:00 [multiproc_executor.py:772]              ^^^^^^^^^^^^^^^^^^^^^^^^^^^^^^^^^^^^^^^^^^^^^^^^^^^^^^^^^^^^^^^^^^^^^^^^^^^^^^^^^^^^^^^^^^^
2026-02-18T19:38:00.2494862Z [0;36m(Worker_DP1_TP7_EP15 pid=5388)[0;0m ERROR 02-18 19:38:00 [multiproc_executor.py:772]   File "/vllm-workspace/vllm-ascend/vllm_ascend/quantization/modelslim_config.py", line 295, in create_scheme_for_layer
2026-02-18T19:38:00.2504022Z [0;36m(Worker_DP1_TP7_EP15 pid=5388)[0;0m ERROR 02-18 19:38:00 [multiproc_executor.py:772]     return scheme_cls()
2026-02-18T19:38:00.2513148Z [0;36m(Worker_DP1_TP7_EP15 pid=5388)[0;0m ERROR 02-18 19:38:00 [multiproc_executor.py:772]            ^^^^^^^^^^^^
2026-02-18T19:38:00.2523480Z [0;36m(Worker_DP1_TP7_EP15 pid=5388)[0;0m ERROR 02-18 19:38:00 [multiproc_executor.py:772]   File "/vllm-workspace/vllm-ascend/vllm_ascend/quantization/methods/w8a8_dynamic.py", line 128, in __init__
2026-02-18T19:38:00.2533601Z [0;36m(Worker_DP1_TP7_EP15 pid=5388)[0;0m ERROR 02-18 19:38:00 [multiproc_executor.py:772]     self.moe_all_to_all_group_name = backend.get_hccl_comm_name(local_rank)
2026-02-18T19:38:00.2542715Z [0;36m(Worker_DP1_TP7_EP15 pid=5388)[0;0m ERROR 02-18 19:38:00 [multiproc_executor.py:772]                                      ^^^^^^^^^^^^^^^^^^^^^^^^^^^^^^^^^^^^^^
2026-02-18T19:38:00.2553125Z [0;36m(Worker_DP1_TP7_EP15 pid=5388)[0;0m ERROR 02-18 19:38:00 [multiproc_executor.py:772] RuntimeError: create_config:build/CMakeFiles/torch_npu.dir/compiler_depend.ts:130 HCCL function error: hcclCommInitRootInfoConfig(numRanks, &rootInfo, rank, config, &(comm->hcclComm_)), error code is 7
2026-02-18T19:38:00.2563271Z [0;36m(Worker_DP1_TP7_EP15 pid=5388)[0;0m ERROR 02-18 19:38:00 [multiproc_executor.py:772] [ERROR] 2026-02-18-19:37:59 (PID:5388, Device:7, RankID:-1) ERR02200 DIST call hccl api failed.
2026-02-18T19:38:00.2572355Z [0;36m(Worker_DP1_TP7_EP15 pid=5388)[0;0m ERROR 02-18 19:38:00 [multiproc_executor.py:772] 
2026-02-18T19:38:00.2582547Z [0;36m(Worker_DP1_TP7_EP15 pid=5388)[0;0m INFO 02-18 19:38:00 [multiproc_executor.py:730] Parent process exited, terminating worker
2026-02-18T19:38:00.2592451Z [0;36m(Worker_DP0_TP2_EP2 pid=2607)[0;0m INFO 02-18 19:38:00 [multiproc_executor.py:730] Parent process exited, terminating worker
2026-02-18T19:38:00.2602358Z [0;36m(Worker_DP1_TP2_EP10 pid=2605)[0;0m INFO 02-18 19:38:00 [multiproc_executor.py:730] Parent process exited, terminating worker
2026-02-18T19:38:00.2612209Z [0;36m(Worker_DP1_TP3_EP11 pid=3161)[0;0m INFO 02-18 19:38:00 [multiproc_executor.py:730] Parent process exited, terminating worker
2026-02-18T19:38:00.2621783Z [0;36m(Worker_DP1_TP3_EP11 pid=3161)[0;0m ERROR 02-18 19:38:00 [multiproc_executor.py:772] WorkerProc failed to start.
2026-02-18T19:38:00.2631416Z [0;36m(Worker_DP1_TP3_EP11 pid=3161)[0;0m ERROR 02-18 19:38:00 [multiproc_executor.py:772] Traceback (most recent call last):
2026-02-18T19:38:00.2641209Z [0;36m(Worker_DP1_TP3_EP11 pid=3161)[0;0m ERROR 02-18 19:38:00 [multiproc_executor.py:772]   File "/vllm-workspace/vllm/vllm/v1/executor/multiproc_executor.py", line 743, in worker_main
2026-02-18T19:38:00.2650095Z [0;36m(Worker_DP1_TP3_EP11 pid=3161)[0;0m ERROR 02-18 19:38:00 [multiproc_executor.py:772]     worker = WorkerProc(*args, **kwargs)
2026-02-18T19:38:00.2659938Z [0;36m(Worker_DP1_TP3_EP11 pid=3161)[0;0m ERROR 02-18 19:38:00 [multiproc_executor.py:772]              ^^^^^^^^^^^^^^^^^^^^^^^^^^^
2026-02-18T19:38:00.2681252Z [0;36m(Worker_DP1_TP3_EP11 pid=3161)[0;0m ERROR 02-18 19:38:00 [multiproc_executor.py:772]   File "/vllm-workspace/vllm/vllm/v1/executor/multiproc_executor.py", line 578, in __init__
2026-02-18T19:38:00.2682109Z [0;36m(Worker_DP1_TP3_EP11 pid=3161)[0;0m ERROR 02-18 19:38:00 [multiproc_executor.py:772]     self.worker.load_model()
2026-02-18T19:38:00.2688833Z [0;36m(Worker_DP1_TP3_EP11 pid=3161)[0;0m ERROR 02-18 19:38:00 [multiproc_executor.py:772]   File "/vllm-workspace/vllm-ascend/vllm_ascend/worker/worker.py", line 404, in load_model
2026-02-18T19:38:00.2698143Z [0;36m(Worker_DP1_TP3_EP11 pid=3161)[0;0m ERROR 02-18 19:38:00 [multiproc_executor.py:772]     self.model_runner.load_model()
2026-02-18T19:38:00.2708280Z [0;36m(Worker_DP1_TP3_EP11 pid=3161)[0;0m ERROR 02-18 19:38:00 [multiproc_executor.py:772]   File "/vllm-workspace/vllm-ascend/vllm_ascend/worker/model_runner_v1.py", line 2311, in load_model
2026-02-18T19:38:00.2717623Z [0;36m(Worker_DP1_TP3_EP11 pid=3161)[0;0m ERROR 02-18 19:38:00 [multiproc_executor.py:772]     self.model = get_model(vllm_config=self.vllm_config)
2026-02-18T19:38:00.2738932Z [0;36m(Worker_DP1_TP3_EP11 pid=3161)[0;0m ERROR 02-18 19:38:00 [multiproc_executor.py:772]                  ^^^^^^^^^^^^^^^^^^^^^^^^^^^^^^^^^^^^^^^
2026-02-18T19:38:00.2739849Z [0;36m(Worker_DP1_TP3_EP11 pid=3161)[0;0m ERROR 02-18 19:38:00 [multiproc_executor.py:772]   File "/vllm-workspace/vllm/vllm/model_executor/model_loader/__init__.py", line 135, in get_model
2026-02-18T19:38:00.2747069Z [0;36m(Worker_DP1_TP3_EP11 pid=3161)[0;0m ERROR 02-18 19:38:00 [multiproc_executor.py:772]     return loader.load_model(
2026-02-18T19:38:00.2756246Z [0;36m(Worker_DP1_TP3_EP11 pid=3161)[0;0m ERROR 02-18 19:38:00 [multiproc_executor.py:772]            ^^^^^^^^^^^^^^^^^^
2026-02-18T19:38:00.2767956Z [0;36m(Worker_DP1_TP3_EP11 pid=3161)[0;0m ERROR 02-18 19:38:00 [multiproc_executor.py:772]   File "/vllm-workspace/vllm/vllm/model_executor/model_loader/base_loader.py", line 50, in load_model
2026-02-18T19:38:00.2778645Z [0;36m(Worker_DP1_TP3_EP11 pid=3161)[0;0m ERROR 02-18 19:38:00 [multiproc_executor.py:772]     model = initialize_model(
2026-02-18T19:38:00.2790358Z [0;36m(Worker_DP1_TP3_EP11 pid=3161)[0;0m ERROR 02-18 19:38:00 [multiproc_executor.py:772]             ^^^^^^^^^^^^^^^^^
2026-02-18T19:38:00.2801933Z [0;36m(Worker_DP1_TP3_EP11 pid=3161)[0;0m ERROR 02-18 19:38:00 [multiproc_executor.py:772]   File "/vllm-workspace/vllm/vllm/model_executor/model_loader/utils.py", line 48, in initialize_model
2026-02-18T19:38:00.2811503Z [0;36m(Worker_DP1_TP3_EP11 pid=3161)[0;0m ERROR 02-18 19:38:00 [multiproc_executor.py:772]     return model_class(vllm_config=vllm_config, prefix=prefix)
2026-02-18T19:38:00.2820895Z [0;36m(Worker_DP1_TP3_EP11 pid=3161)[0;0m ERROR 02-18 19:38:00 [multiproc_executor.py:772]            ^^^^^^^^^^^^^^^^^^^^^^^^^^^^^^^^^^^^^^^^^^^^^^^^^^^
2026-02-18T19:38:00.2830314Z [0;36m(Worker_DP1_TP3_EP11 pid=3161)[0;0m ERROR 02-18 19:38:00 [multiproc_executor.py:772]   File "/vllm-workspace/vllm/vllm/model_executor/models/deepseek_v2.py", line 1210, in __init__
2026-02-18T19:38:00.2839784Z [0;36m(Worker_DP1_TP3_EP11 pid=3161)[0;0m ERROR 02-18 19:38:00 [multiproc_executor.py:772]     self.model = self.model_cls(
2026-02-18T19:38:00.2849557Z [0;36m(Worker_DP1_TP3_EP11 pid=3161)[0;0m ERROR 02-18 19:38:00 [multiproc_executor.py:772]                  ^^^^^^^^^^^^^^^
2026-02-18T19:38:00.2859505Z [0;36m(Worker_DP1_TP3_EP11 pid=3161)[0;0m ERROR 02-18 19:38:00 [multiproc_executor.py:772]   File "/vllm-workspace/vllm/vllm/compilation/decorators.py", line 306, in __init__
2026-02-18T19:38:00.2868622Z [0;36m(Worker_DP1_TP3_EP11 pid=3161)[0;0m ERROR 02-18 19:38:00 [multiproc_executor.py:772]     old_init(self, **kwargs)
2026-02-18T19:38:00.2878211Z [0;36m(Worker_DP1_TP3_EP11 pid=3161)[0;0m ERROR 02-18 19:38:00 [multiproc_executor.py:772]   File "/vllm-workspace/vllm/vllm/model_executor/models/deepseek_v2.py", line 1067, in __init__
2026-02-18T19:38:00.2890227Z [0;36m(Worker_DP1_TP3_EP11 pid=3161)[0;0m ERROR 02-18 19:38:00 [multiproc_executor.py:772]     self.start_layer, self.end_layer, self.layers = make_layers(
2026-02-18T19:38:00.2899186Z [0;36m(Worker_DP1_TP3_EP11 pid=3161)[0;0m ERROR 02-18 19:38:00 [multiproc_executor.py:772]                                                     ^^^^^^^^^^^^
2026-02-18T19:38:00.2909154Z [0;36m(Worker_DP1_TP3_EP11 pid=3161)[0;0m ERROR 02-18 19:38:00 [multiproc_executor.py:772]   File "/vllm-workspace/vllm/vllm/model_executor/models/utils.py", line 706, in make_layers
2026-02-18T19:38:00.2918175Z [0;36m(Worker_DP1_TP3_EP11 pid=3161)[0;0m ERROR 02-18 19:38:00 [multiproc_executor.py:772]     + [
2026-02-18T19:38:00.2928039Z [0;36m(Worker_DP1_TP3_EP11 pid=3161)[0;0m ERROR 02-18 19:38:00 [multiproc_executor.py:772]       ^
2026-02-18T19:38:00.2937909Z [0;36m(Worker_DP1_TP3_EP11 pid=3161)[0;0m ERROR 02-18 19:38:00 [multiproc_executor.py:772]   File "/vllm-workspace/vllm/vllm/model_executor/models/utils.py", line 707, in <listcomp>
2026-02-18T19:38:00.2947859Z [0;36m(Worker_DP1_TP3_EP11 pid=3161)[0;0m ERROR 02-18 19:38:00 [multiproc_executor.py:772]     maybe_offload_to_cpu(layer_fn(prefix=f"{prefix}.{idx}"))
2026-02-18T19:38:00.2957770Z [0;36m(Worker_DP1_TP3_EP11 pid=3161)[0;0m ERROR 02-18 19:38:00 [multiproc_executor.py:772]                          ^^^^^^^^^^^^^^^^^^^^^^^^^^^^^^^^^^
2026-02-18T19:38:00.2968343Z [0;36m(Worker_DP1_TP3_EP11 pid=3161)[0;0m ERROR 02-18 19:38:00 [multiproc_executor.py:772]   File "/vllm-workspace/vllm/vllm/model_executor/models/deepseek_v2.py", line 1069, in <lambda>
2026-02-18T19:38:00.2978015Z [0;36m(Worker_DP1_TP3_EP11 pid=3161)[0;0m ERROR 02-18 19:38:00 [multiproc_executor.py:772]     lambda prefix: DeepseekV2DecoderLayer(
2026-02-18T19:38:00.2987011Z [0;36m(Worker_DP1_TP3_EP11 pid=3161)[0;0m ERROR 02-18 19:38:00 [multiproc_executor.py:772]                    ^^^^^^^^^^^^^^^^^^^^^^^
2026-02-18T19:38:00.2996789Z [0;36m(Worker_DP1_TP3_EP11 pid=3161)[0;0m ERROR 02-18 19:38:00 [multiproc_executor.py:772]   File "/vllm-workspace/vllm/vllm/model_executor/models/deepseek_v2.py", line 963, in __init__
2026-02-18T19:38:00.3007663Z [0;36m(Worker_DP1_TP3_EP11 pid=3161)[0;0m ERROR 02-18 19:38:00 [multiproc_executor.py:772]     self.mlp = DeepseekV2MoE(
2026-02-18T19:38:00.3016471Z [0;36m(Worker_DP1_TP3_EP11 pid=3161)[0;0m ERROR 02-18 19:38:00 [multiproc_executor.py:772]                ^^^^^^^^^^^^^^
2026-02-18T19:38:00.3026259Z [0;36m(Worker_DP1_TP3_EP11 pid=3161)[0;0m ERROR 02-18 19:38:00 [multiproc_executor.py:772]   File "/vllm-workspace/vllm/vllm/model_executor/models/deepseek_v2.py", line 298, in __init__
2026-02-18T19:38:00.3035771Z [0;36m(Worker_DP1_TP3_EP11 pid=3161)[0;0m ERROR 02-18 19:38:00 [multiproc_executor.py:772]     self.experts = SharedFusedMoE(
2026-02-18T19:38:00.3045260Z [0;36m(Worker_DP1_TP3_EP11 pid=3161)[0;0m ERROR 02-18 19:38:00 [multiproc_executor.py:772]                    ^^^^^^^^^^^^^^^
2026-02-18T19:38:00.3056139Z [0;36m(Worker_DP1_TP3_EP11 pid=3161)[0;0m ERROR 02-18 19:38:00 [multiproc_executor.py:772]   File "/vllm-workspace/vllm-ascend/vllm_ascend/ops/fused_moe/fused_moe.py", line 401, in __init__
2026-02-18T19:38:00.3065197Z [0;36m(Worker_DP1_TP3_EP11 pid=3161)[0;0m ERROR 02-18 19:38:00 [multiproc_executor.py:772]     AscendFusedMoE.__init__(self, **kwargs)
2026-02-18T19:38:00.3075350Z [0;36m(Worker_DP1_TP3_EP11 pid=3161)[0;0m ERROR 02-18 19:38:00 [multiproc_executor.py:772]   File "/vllm-workspace/vllm-ascend/vllm_ascend/ops/fused_moe/fused_moe.py", line 162, in __init__
2026-02-18T19:38:00.3084009Z [0;36m(Worker_DP1_TP3_EP11 pid=3161)[0;0m ERROR 02-18 19:38:00 [multiproc_executor.py:772]     super().__init__(*args, **kwargs)
2026-02-18T19:38:00.3094392Z [0;36m(Worker_DP1_TP3_EP11 pid=3161)[0;0m ERROR 02-18 19:38:00 [multiproc_executor.py:772]   File "/vllm-workspace/vllm/vllm/model_executor/layers/fused_moe/layer.py", line 603, in __init__
2026-02-18T19:38:00.3103817Z [0;36m(Worker_DP1_TP3_EP11 pid=3161)[0;0m ERROR 02-18 19:38:00 [multiproc_executor.py:772]     self.quant_method: FusedMoEMethodBase = _get_quant_method()
2026-02-18T19:38:00.3113024Z [0;36m(Worker_DP1_TP3_EP11 pid=3161)[0;0m ERROR 02-18 19:38:00 [multiproc_executor.py:772]                                             ^^^^^^^^^^^^^^^^^^^
2026-02-18T19:38:00.3123389Z [0;36m(Worker_DP1_TP3_EP11 pid=3161)[0;0m ERROR 02-18 19:38:00 [multiproc_executor.py:772]   File "/vllm-workspace/vllm/vllm/model_executor/layers/fused_moe/layer.py", line 595, in _get_quant_method
2026-02-18T19:38:00.3132821Z [0;36m(Worker_DP1_TP3_EP11 pid=3161)[0;0m ERROR 02-18 19:38:00 [multiproc_executor.py:772]     quant_method = self.quant_config.get_quant_method(self, prefix)
2026-02-18T19:38:00.3142597Z [0;36m(Worker_DP1_TP3_EP11 pid=3161)[0;0m ERROR 02-18 19:38:00 [multiproc_executor.py:772]                    ^^^^^^^^^^^^^^^^^^^^^^^^^^^^^^^^^^^^^^^^^^^^^^^^
2026-02-18T19:38:00.3152693Z [0;36m(Worker_DP1_TP3_EP11 pid=3161)[0;0m ERROR 02-18 19:38:00 [multiproc_executor.py:772]   File "/vllm-workspace/vllm-ascend/vllm_ascend/quantization/modelslim_config.py", line 419, in get_quant_method
2026-02-18T19:38:00.3162361Z [0;36m(Worker_DP1_TP3_EP11 pid=3161)[0;0m ERROR 02-18 19:38:00 [multiproc_executor.py:772]     scheme = create_scheme_for_layer(self.quant_description, prefix, "moe", self.packed_modules_mapping)
2026-02-18T19:38:00.3171873Z [0;36m(Worker_DP1_TP3_EP11 pid=3161)[0;0m ERROR 02-18 19:38:00 [multiproc_executor.py:772]              ^^^^^^^^^^^^^^^^^^^^^^^^^^^^^^^^^^^^^^^^^^^^^^^^^^^^^^^^^^^^^^^^^^^^^^^^^^^^^^^^^^^^^^^^^^^
2026-02-18T19:38:00.3181751Z [0;36m(Worker_DP1_TP3_EP11 pid=3161)[0;0m ERROR 02-18 19:38:00 [multiproc_executor.py:772]   File "/vllm-workspace/vllm-ascend/vllm_ascend/quantization/modelslim_config.py", line 295, in create_scheme_for_layer
2026-02-18T19:38:00.3190140Z [0;36m(Worker_DP1_TP3_EP11 pid=3161)[0;0m ERROR 02-18 19:38:00 [multiproc_executor.py:772]     return scheme_cls()
2026-02-18T19:38:00.3199326Z [0;36m(Worker_DP1_TP3_EP11 pid=3161)[0;0m ERROR 02-18 19:38:00 [multiproc_executor.py:772]            ^^^^^^^^^^^^
2026-02-18T19:38:00.3209988Z [0;36m(Worker_DP1_TP3_EP11 pid=3161)[0;0m ERROR 02-18 19:38:00 [multiproc_executor.py:772]   File "/vllm-workspace/vllm-ascend/vllm_ascend/quantization/methods/w8a8_dynamic.py", line 128, in __init__
2026-02-18T19:38:00.3219500Z [0;36m(Worker_DP1_TP3_EP11 pid=3161)[0;0m ERROR 02-18 19:38:00 [multiproc_executor.py:772]     self.moe_all_to_all_group_name = backend.get_hccl_comm_name(local_rank)
2026-02-18T19:38:00.3229001Z [0;36m(Worker_DP1_TP3_EP11 pid=3161)[0;0m ERROR 02-18 19:38:00 [multiproc_executor.py:772]                                      ^^^^^^^^^^^^^^^^^^^^^^^^^^^^^^^^^^^^^^
2026-02-18T19:38:00.3239575Z [0;36m(Worker_DP1_TP3_EP11 pid=3161)[0;0m ERROR 02-18 19:38:00 [multiproc_executor.py:772] RuntimeError: create_config:build/CMakeFiles/torch_npu.dir/compiler_depend.ts:130 HCCL function error: hcclCommInitRootInfoConfig(numRanks, &rootInfo, rank, config, &(comm->hcclComm_)), error code is 7
2026-02-18T19:38:00.3249217Z [0;36m(Worker_DP1_TP3_EP11 pid=3161)[0;0m ERROR 02-18 19:38:00 [multiproc_executor.py:772] [ERROR] 2026-02-18-19:37:59 (PID:3161, Device:3, RankID:-1) ERR02200 DIST call hccl api failed.
2026-02-18T19:38:00.3258306Z [0;36m(Worker_DP1_TP3_EP11 pid=3161)[0;0m ERROR 02-18 19:38:00 [multiproc_executor.py:772] 
2026-02-18T19:38:00.3269203Z [0;36m(Worker_DP1_TP5_EP13 pid=4274)[0;0m INFO 02-18 19:38:00 [multiproc_executor.py:730] Parent process exited, terminating worker
2026-02-18T19:38:00.3279112Z [0;36m(Worker_DP1_TP1_EP9 pid=2047)[0;0m INFO 02-18 19:38:00 [multiproc_executor.py:730] Parent process exited, terminating worker
2026-02-18T19:38:00.3289281Z [0;36m(Worker_DP0_TP6_EP6 pid=4829)[0;0m INFO 02-18 19:38:00 [multiproc_executor.py:730] Parent process exited, terminating worker
2026-02-18T19:38:00.3299232Z [0;36m(Worker_DP1_TP1_EP9 pid=2047)[0;0m ERROR 02-18 19:38:00 [multiproc_executor.py:772] WorkerProc failed to start.
2026-02-18T19:38:00.3309287Z [0;36m(Worker_DP1_TP1_EP9 pid=2047)[0;0m ERROR 02-18 19:38:00 [multiproc_executor.py:772] Traceback (most recent call last):
2026-02-18T19:38:00.3318534Z [0;36m(Worker_DP1_TP1_EP9 pid=2047)[0;0m ERROR 02-18 19:38:00 [multiproc_executor.py:772]   File "/vllm-workspace/vllm/vllm/v1/executor/multiproc_executor.py", line 743, in worker_main
2026-02-18T19:38:00.3329071Z [0;36m(Worker_DP1_TP1_EP9 pid=2047)[0;0m ERROR 02-18 19:38:00 [multiproc_executor.py:772]     worker = WorkerProc(*args, **kwargs)
2026-02-18T19:38:00.3338571Z [0;36m(Worker_DP1_TP1_EP9 pid=2047)[0;0m ERROR 02-18 19:38:00 [multiproc_executor.py:772]              ^^^^^^^^^^^^^^^^^^^^^^^^^^^
2026-02-18T19:38:00.3348991Z [0;36m(Worker_DP1_TP1_EP9 pid=2047)[0;0m ERROR 02-18 19:38:00 [multiproc_executor.py:772]   File "/vllm-workspace/vllm/vllm/v1/executor/multiproc_executor.py", line 578, in __init__
2026-02-18T19:38:00.3357336Z [0;36m(Worker_DP1_TP1_EP9 pid=2047)[0;0m ERROR 02-18 19:38:00 [multiproc_executor.py:772]     self.worker.load_model()
2026-02-18T19:38:00.3370185Z [0;36m(Worker_DP1_TP1_EP9 pid=2047)[0;0m ERROR 02-18 19:38:00 [multiproc_executor.py:772]   File "/vllm-workspace/vllm-ascend/vllm_ascend/worker/worker.py", line 404, in load_model
2026-02-18T19:38:00.3377882Z [0;36m(Worker_DP1_TP1_EP9 pid=2047)[0;0m ERROR 02-18 19:38:00 [multiproc_executor.py:772]     self.model_runner.load_model()
2026-02-18T19:38:00.3386492Z [0;36m(Worker_DP1_TP1_EP9 pid=2047)[0;0m ERROR 02-18 19:38:00 [multiproc_executor.py:772]   File "/vllm-workspace/vllm-ascend/vllm_ascend/worker/model_runner_v1.py", line 2311, in load_model
2026-02-18T19:38:00.3395637Z [0;36m(Worker_DP1_TP1_EP9 pid=2047)[0;0m ERROR 02-18 19:38:00 [multiproc_executor.py:772]     self.model = get_model(vllm_config=self.vllm_config)
2026-02-18T19:38:00.3405130Z [0;36m(Worker_DP1_TP1_EP9 pid=2047)[0;0m ERROR 02-18 19:38:00 [multiproc_executor.py:772]                  ^^^^^^^^^^^^^^^^^^^^^^^^^^^^^^^^^^^^^^^
2026-02-18T19:38:00.3415443Z [0;36m(Worker_DP1_TP1_EP9 pid=2047)[0;0m ERROR 02-18 19:38:00 [multiproc_executor.py:772]   File "/vllm-workspace/vllm/vllm/model_executor/model_loader/__init__.py", line 135, in get_model
2026-02-18T19:38:00.3424682Z [0;36m(Worker_DP1_TP1_EP9 pid=2047)[0;0m ERROR 02-18 19:38:00 [multiproc_executor.py:772]     return loader.load_model(
2026-02-18T19:38:00.3434687Z [0;36m(Worker_DP1_TP1_EP9 pid=2047)[0;0m ERROR 02-18 19:38:00 [multiproc_executor.py:772]            ^^^^^^^^^^^^^^^^^^
2026-02-18T19:38:00.3448815Z [0;36m(Worker_DP1_TP1_EP9 pid=2047)[0;0m ERROR 02-18 19:38:00 [multiproc_executor.py:772]   File "/vllm-workspace/vllm/vllm/model_executor/model_loader/base_loader.py", line 50, in load_model
2026-02-18T19:38:00.3475405Z [0;36m(Worker_DP1_TP1_EP9 pid=2047)[0;0m ERROR 02-18 19:38:00 [multiproc_executor.py:772]     model = initialize_model(
2026-02-18T19:38:00.3476018Z [0;36m(Worker_DP1_TP1_EP9 pid=2047)[0;0m ERROR 02-18 19:38:00 [multiproc_executor.py:772]             ^^^^^^^^^^^^^^^^^
2026-02-18T19:38:00.3477496Z [0;36m(Worker_DP1_TP1_EP9 pid=2047)[0;0m ERROR 02-18 19:38:00 [multiproc_executor.py:772]   File "/vllm-workspace/vllm/vllm/model_executor/model_loader/utils.py", line 48, in initialize_model
2026-02-18T19:38:00.3487929Z [0;36m(Worker_DP1_TP1_EP9 pid=2047)[0;0m ERROR 02-18 19:38:00 [multiproc_executor.py:772]     return model_class(vllm_config=vllm_config, prefix=prefix)
2026-02-18T19:38:00.3497848Z [0;36m(Worker_DP1_TP1_EP9 pid=2047)[0;0m ERROR 02-18 19:38:00 [multiproc_executor.py:772]            ^^^^^^^^^^^^^^^^^^^^^^^^^^^^^^^^^^^^^^^^^^^^^^^^^^^
2026-02-18T19:38:00.3508477Z [0;36m(Worker_DP1_TP1_EP9 pid=2047)[0;0m ERROR 02-18 19:38:00 [multiproc_executor.py:772]   File "/vllm-workspace/vllm/vllm/model_executor/models/deepseek_v2.py", line 1210, in __init__
2026-02-18T19:38:00.3518617Z [0;36m(Worker_DP1_TP1_EP9 pid=2047)[0;0m ERROR 02-18 19:38:00 [multiproc_executor.py:772]     self.model = self.model_cls(
2026-02-18T19:38:00.3529456Z [0;36m(Worker_DP1_TP1_EP9 pid=2047)[0;0m ERROR 02-18 19:38:00 [multiproc_executor.py:772]                  ^^^^^^^^^^^^^^^
2026-02-18T19:38:00.3540981Z [0;36m(Worker_DP1_TP1_EP9 pid=2047)[0;0m ERROR 02-18 19:38:00 [multiproc_executor.py:772]   File "/vllm-workspace/vllm/vllm/compilation/decorators.py", line 306, in __init__
2026-02-18T19:38:00.3549357Z [0;36m(Worker_DP1_TP1_EP9 pid=2047)[0;0m ERROR 02-18 19:38:00 [multiproc_executor.py:772]     old_init(self, **kwargs)
2026-02-18T19:38:00.3559561Z [0;36m(Worker_DP1_TP1_EP9 pid=2047)[0;0m ERROR 02-18 19:38:00 [multiproc_executor.py:772]   File "/vllm-workspace/vllm/vllm/model_executor/models/deepseek_v2.py", line 1067, in __init__
2026-02-18T19:38:00.3569783Z [0;36m(Worker_DP1_TP1_EP9 pid=2047)[0;0m ERROR 02-18 19:38:00 [multiproc_executor.py:772]     self.start_layer, self.end_layer, self.layers = make_layers(
2026-02-18T19:38:00.3579666Z [0;36m(Worker_DP1_TP1_EP9 pid=2047)[0;0m ERROR 02-18 19:38:00 [multiproc_executor.py:772]                                                     ^^^^^^^^^^^^
2026-02-18T19:38:00.3588970Z [0;36m(Worker_DP1_TP1_EP9 pid=2047)[0;0m ERROR 02-18 19:38:00 [multiproc_executor.py:772]   File "/vllm-workspace/vllm/vllm/model_executor/models/utils.py", line 706, in make_layers
2026-02-18T19:38:00.3597750Z [0;36m(Worker_DP1_TP1_EP9 pid=2047)[0;0m ERROR 02-18 19:38:00 [multiproc_executor.py:772]     + [
2026-02-18T19:38:00.3606879Z [0;36m(Worker_DP1_TP1_EP9 pid=2047)[0;0m ERROR 02-18 19:38:00 [multiproc_executor.py:772]       ^
2026-02-18T19:38:00.3617179Z [0;36m(Worker_DP1_TP1_EP9 pid=2047)[0;0m ERROR 02-18 19:38:00 [multiproc_executor.py:772]   File "/vllm-workspace/vllm/vllm/model_executor/models/utils.py", line 707, in <listcomp>
2026-02-18T19:38:00.3626021Z [0;36m(Worker_DP1_TP1_EP9 pid=2047)[0;0m ERROR 02-18 19:38:00 [multiproc_executor.py:772]     maybe_offload_to_cpu(layer_fn(prefix=f"{prefix}.{idx}"))
2026-02-18T19:38:00.3635763Z [0;36m(Worker_DP1_TP1_EP9 pid=2047)[0;0m ERROR 02-18 19:38:00 [multiproc_executor.py:772]                          ^^^^^^^^^^^^^^^^^^^^^^^^^^^^^^^^^^
2026-02-18T19:38:00.3646408Z [0;36m(Worker_DP1_TP1_EP9 pid=2047)[0;0m ERROR 02-18 19:38:00 [multiproc_executor.py:772]   File "/vllm-workspace/vllm/vllm/model_executor/models/deepseek_v2.py", line 1069, in <lambda>
2026-02-18T19:38:00.3655370Z [0;36m(Worker_DP1_TP1_EP9 pid=2047)[0;0m ERROR 02-18 19:38:00 [multiproc_executor.py:772]     lambda prefix: DeepseekV2DecoderLayer(
2026-02-18T19:38:00.3664514Z [0;36m(Worker_DP1_TP1_EP9 pid=2047)[0;0m ERROR 02-18 19:38:00 [multiproc_executor.py:772]                    ^^^^^^^^^^^^^^^^^^^^^^^
2026-02-18T19:38:00.3678692Z [0;36m(Worker_DP1_TP1_EP9 pid=2047)[0;0m ERROR 02-18 19:38:00 [multiproc_executor.py:772]   File "/vllm-workspace/vllm/vllm/model_executor/models/deepseek_v2.py", line 963, in __init__
2026-02-18T19:38:00.3683687Z [0;36m(Worker_DP1_TP1_EP9 pid=2047)[0;0m ERROR 02-18 19:38:00 [multiproc_executor.py:772]     self.mlp = DeepseekV2MoE(
2026-02-18T19:38:00.3693148Z [0;36m(Worker_DP1_TP1_EP9 pid=2047)[0;0m ERROR 02-18 19:38:00 [multiproc_executor.py:772]                ^^^^^^^^^^^^^^
2026-02-18T19:38:00.3703196Z [0;36m(Worker_DP1_TP1_EP9 pid=2047)[0;0m ERROR 02-18 19:38:00 [multiproc_executor.py:772]   File "/vllm-workspace/vllm/vllm/model_executor/models/deepseek_v2.py", line 298, in __init__
2026-02-18T19:38:00.3712491Z [0;36m(Worker_DP1_TP1_EP9 pid=2047)[0;0m ERROR 02-18 19:38:00 [multiproc_executor.py:772]     self.experts = SharedFusedMoE(
2026-02-18T19:38:00.3722269Z [0;36m(Worker_DP1_TP1_EP9 pid=2047)[0;0m ERROR 02-18 19:38:00 [multiproc_executor.py:772]                    ^^^^^^^^^^^^^^^
2026-02-18T19:38:00.3732389Z [0;36m(Worker_DP1_TP1_EP9 pid=2047)[0;0m ERROR 02-18 19:38:00 [multiproc_executor.py:772]   File "/vllm-workspace/vllm-ascend/vllm_ascend/ops/fused_moe/fused_moe.py", line 401, in __init__
2026-02-18T19:38:00.3741224Z [0;36m(Worker_DP1_TP1_EP9 pid=2047)[0;0m ERROR 02-18 19:38:00 [multiproc_executor.py:772]     AscendFusedMoE.__init__(self, **kwargs)
2026-02-18T19:38:00.3751326Z [0;36m(Worker_DP1_TP1_EP9 pid=2047)[0;0m ERROR 02-18 19:38:00 [multiproc_executor.py:772]   File "/vllm-workspace/vllm-ascend/vllm_ascend/ops/fused_moe/fused_moe.py", line 162, in __init__
2026-02-18T19:38:00.3760480Z [0;36m(Worker_DP1_TP1_EP9 pid=2047)[0;0m ERROR 02-18 19:38:00 [multiproc_executor.py:772]     super().__init__(*args, **kwargs)
2026-02-18T19:38:00.3772090Z [0;36m(Worker_DP1_TP1_EP9 pid=2047)[0;0m ERROR 02-18 19:38:00 [multiproc_executor.py:772]   File "/vllm-workspace/vllm/vllm/model_executor/layers/fused_moe/layer.py", line 603, in __init__
2026-02-18T19:38:00.3786681Z [0;36m(Worker_DP1_TP1_EP9 pid=2047)[0;0m ERROR 02-18 19:38:00 [multiproc_executor.py:772]     self.quant_method: FusedMoEMethodBase = _get_quant_method()
2026-02-18T19:38:00.3798208Z [0;36m(Worker_DP1_TP1_EP9 pid=2047)[0;0m ERROR 02-18 19:38:00 [multiproc_executor.py:772]                                             ^^^^^^^^^^^^^^^^^^^
2026-02-18T19:38:00.3811731Z [0;36m(Worker_DP1_TP1_EP9 pid=2047)[0;0m ERROR 02-18 19:38:00 [multiproc_executor.py:772]   File "/vllm-workspace/vllm/vllm/model_executor/layers/fused_moe/layer.py", line 595, in _get_quant_method
2026-02-18T19:38:00.3821921Z [0;36m(Worker_DP1_TP1_EP9 pid=2047)[0;0m ERROR 02-18 19:38:00 [multiproc_executor.py:772]     quant_method = self.quant_config.get_quant_method(self, prefix)
2026-02-18T19:38:00.3831803Z [0;36m(Worker_DP1_TP1_EP9 pid=2047)[0;0m ERROR 02-18 19:38:00 [multiproc_executor.py:772]                    ^^^^^^^^^^^^^^^^^^^^^^^^^^^^^^^^^^^^^^^^^^^^^^^^
2026-02-18T19:38:00.3842587Z [0;36m(Worker_DP1_TP1_EP9 pid=2047)[0;0m ERROR 02-18 19:38:00 [multiproc_executor.py:772]   File "/vllm-workspace/vllm-ascend/vllm_ascend/quantization/modelslim_config.py", line 419, in get_quant_method
2026-02-18T19:38:00.3852445Z [0;36m(Worker_DP1_TP1_EP9 pid=2047)[0;0m ERROR 02-18 19:38:00 [multiproc_executor.py:772]     scheme = create_scheme_for_layer(self.quant_description, prefix, "moe", self.packed_modules_mapping)
2026-02-18T19:38:00.3861843Z [0;36m(Worker_DP1_TP1_EP9 pid=2047)[0;0m ERROR 02-18 19:38:00 [multiproc_executor.py:772]              ^^^^^^^^^^^^^^^^^^^^^^^^^^^^^^^^^^^^^^^^^^^^^^^^^^^^^^^^^^^^^^^^^^^^^^^^^^^^^^^^^^^^^^^^^^^
2026-02-18T19:38:00.3871743Z [0;36m(Worker_DP1_TP1_EP9 pid=2047)[0;0m ERROR 02-18 19:38:00 [multiproc_executor.py:772]   File "/vllm-workspace/vllm-ascend/vllm_ascend/quantization/modelslim_config.py", line 295, in create_scheme_for_layer
2026-02-18T19:38:00.3881052Z [0;36m(Worker_DP1_TP1_EP9 pid=2047)[0;0m ERROR 02-18 19:38:00 [multiproc_executor.py:772]     return scheme_cls()
2026-02-18T19:38:00.3891637Z [0;36m(Worker_DP1_TP1_EP9 pid=2047)[0;0m ERROR 02-18 19:38:00 [multiproc_executor.py:772]            ^^^^^^^^^^^^
2026-02-18T19:38:00.3901818Z [0;36m(Worker_DP1_TP1_EP9 pid=2047)[0;0m ERROR 02-18 19:38:00 [multiproc_executor.py:772]   File "/vllm-workspace/vllm-ascend/vllm_ascend/quantization/methods/w8a8_dynamic.py", line 128, in __init__
2026-02-18T19:38:00.3911391Z [0;36m(Worker_DP1_TP1_EP9 pid=2047)[0;0m ERROR 02-18 19:38:00 [multiproc_executor.py:772]     self.moe_all_to_all_group_name = backend.get_hccl_comm_name(local_rank)
2026-02-18T19:38:00.3920593Z [0;36m(Worker_DP1_TP1_EP9 pid=2047)[0;0m ERROR 02-18 19:38:00 [multiproc_executor.py:772]                                      ^^^^^^^^^^^^^^^^^^^^^^^^^^^^^^^^^^^^^^
2026-02-18T19:38:00.3931592Z [0;36m(Worker_DP1_TP1_EP9 pid=2047)[0;0m ERROR 02-18 19:38:00 [multiproc_executor.py:772] RuntimeError: create_config:build/CMakeFiles/torch_npu.dir/compiler_depend.ts:130 HCCL function error: hcclCommInitRootInfoConfig(numRanks, &rootInfo, rank, config, &(comm->hcclComm_)), error code is 7
2026-02-18T19:38:00.3941308Z [0;36m(Worker_DP1_TP1_EP9 pid=2047)[0;0m ERROR 02-18 19:38:00 [multiproc_executor.py:772] [ERROR] 2026-02-18-19:37:59 (PID:2047, Device:1, RankID:-1) ERR02200 DIST call hccl api failed.
2026-02-18T19:38:00.3951176Z [0;36m(Worker_DP1_TP1_EP9 pid=2047)[0;0m ERROR 02-18 19:38:00 [multiproc_executor.py:772] 
2026-02-18T19:38:00.3960983Z [0;36m(Worker_DP0_TP7_EP7 pid=5385)[0;0m ERROR 02-18 19:38:00 [multiproc_executor.py:772] WorkerProc failed to start.
2026-02-18T19:38:00.3970244Z [0;36m(Worker_DP0_TP7_EP7 pid=5385)[0;0m ERROR 02-18 19:38:00 [multiproc_executor.py:772] Traceback (most recent call last):
2026-02-18T19:38:00.3980473Z [0;36m(Worker_DP0_TP7_EP7 pid=5385)[0;0m ERROR 02-18 19:38:00 [multiproc_executor.py:772]   File "/vllm-workspace/vllm/vllm/v1/executor/multiproc_executor.py", line 743, in worker_main
2026-02-18T19:38:00.3989734Z [0;36m(Worker_DP0_TP7_EP7 pid=5385)[0;0m ERROR 02-18 19:38:00 [multiproc_executor.py:772]     worker = WorkerProc(*args, **kwargs)
2026-02-18T19:38:00.3999788Z [0;36m(Worker_DP0_TP7_EP7 pid=5385)[0;0m ERROR 02-18 19:38:00 [multiproc_executor.py:772]              ^^^^^^^^^^^^^^^^^^^^^^^^^^^
2026-02-18T19:38:00.4009678Z [0;36m(Worker_DP0_TP7_EP7 pid=5385)[0;0m ERROR 02-18 19:38:00 [multiproc_executor.py:772]   File "/vllm-workspace/vllm/vllm/v1/executor/multiproc_executor.py", line 578, in __init__
2026-02-18T19:38:00.4018844Z [0;36m(Worker_DP0_TP7_EP7 pid=5385)[0;0m ERROR 02-18 19:38:00 [multiproc_executor.py:772]     self.worker.load_model()
2026-02-18T19:38:00.4028857Z [0;36m(Worker_DP0_TP7_EP7 pid=5385)[0;0m ERROR 02-18 19:38:00 [multiproc_executor.py:772]   File "/vllm-workspace/vllm-ascend/vllm_ascend/worker/worker.py", line 404, in load_model
2026-02-18T19:38:00.4038188Z [0;36m(Worker_DP0_TP7_EP7 pid=5385)[0;0m ERROR 02-18 19:38:00 [multiproc_executor.py:772]     self.model_runner.load_model()
2026-02-18T19:38:00.4048928Z [0;36m(Worker_DP0_TP7_EP7 pid=5385)[0;0m ERROR 02-18 19:38:00 [multiproc_executor.py:772]   File "/vllm-workspace/vllm-ascend/vllm_ascend/worker/model_runner_v1.py", line 2311, in load_model
2026-02-18T19:38:00.4058283Z [0;36m(Worker_DP0_TP7_EP7 pid=5385)[0;0m ERROR 02-18 19:38:00 [multiproc_executor.py:772]     self.model = get_model(vllm_config=self.vllm_config)
2026-02-18T19:38:00.4067781Z [0;36m(Worker_DP0_TP7_EP7 pid=5385)[0;0m ERROR 02-18 19:38:00 [multiproc_executor.py:772]                  ^^^^^^^^^^^^^^^^^^^^^^^^^^^^^^^^^^^^^^^
2026-02-18T19:38:00.4077496Z [0;36m(Worker_DP0_TP7_EP7 pid=5385)[0;0m ERROR 02-18 19:38:00 [multiproc_executor.py:772]   File "/vllm-workspace/vllm/vllm/model_executor/model_loader/__init__.py", line 135, in get_model
2026-02-18T19:38:00.4087584Z [0;36m(Worker_DP0_TP7_EP7 pid=5385)[0;0m ERROR 02-18 19:38:00 [multiproc_executor.py:772]     return loader.load_model(
2026-02-18T19:38:00.4096520Z [0;36m(Worker_DP0_TP7_EP7 pid=5385)[0;0m ERROR 02-18 19:38:00 [multiproc_executor.py:772]            ^^^^^^^^^^^^^^^^^^
2026-02-18T19:38:00.4106548Z [0;36m(Worker_DP0_TP7_EP7 pid=5385)[0;0m ERROR 02-18 19:38:00 [multiproc_executor.py:772]   File "/vllm-workspace/vllm/vllm/model_executor/model_loader/base_loader.py", line 50, in load_model
2026-02-18T19:38:00.4117160Z [0;36m(Worker_DP0_TP7_EP7 pid=5385)[0;0m ERROR 02-18 19:38:00 [multiproc_executor.py:772]     model = initialize_model(
2026-02-18T19:38:00.4125271Z [0;36m(Worker_DP0_TP7_EP7 pid=5385)[0;0m ERROR 02-18 19:38:00 [multiproc_executor.py:772]             ^^^^^^^^^^^^^^^^^
2026-02-18T19:38:00.4135731Z [0;36m(Worker_DP0_TP7_EP7 pid=5385)[0;0m ERROR 02-18 19:38:00 [multiproc_executor.py:772]   File "/vllm-workspace/vllm/vllm/model_executor/model_loader/utils.py", line 48, in initialize_model
2026-02-18T19:38:00.4144488Z [0;36m(Worker_DP0_TP7_EP7 pid=5385)[0;0m ERROR 02-18 19:38:00 [multiproc_executor.py:772]     return model_class(vllm_config=vllm_config, prefix=prefix)
2026-02-18T19:38:00.4154023Z [0;36m(Worker_DP0_TP7_EP7 pid=5385)[0;0m ERROR 02-18 19:38:00 [multiproc_executor.py:772]            ^^^^^^^^^^^^^^^^^^^^^^^^^^^^^^^^^^^^^^^^^^^^^^^^^^^
2026-02-18T19:38:00.4164045Z [0;36m(Worker_DP0_TP7_EP7 pid=5385)[0;0m ERROR 02-18 19:38:00 [multiproc_executor.py:772]   File "/vllm-workspace/vllm/vllm/model_executor/models/deepseek_v2.py", line 1210, in __init__
2026-02-18T19:38:00.4174019Z [0;36m(Worker_DP0_TP7_EP7 pid=5385)[0;0m ERROR 02-18 19:38:00 [multiproc_executor.py:772]     self.model = self.model_cls(
2026-02-18T19:38:00.4183213Z [0;36m(Worker_DP0_TP7_EP7 pid=5385)[0;0m ERROR 02-18 19:38:00 [multiproc_executor.py:772]                  ^^^^^^^^^^^^^^^
2026-02-18T19:38:00.4192528Z [0;36m(Worker_DP0_TP7_EP7 pid=5385)[0;0m ERROR 02-18 19:38:00 [multiproc_executor.py:772]   File "/vllm-workspace/vllm/vllm/compilation/decorators.py", line 306, in __init__
2026-02-18T19:38:00.4201884Z [0;36m(Worker_DP0_TP7_EP7 pid=5385)[0;0m ERROR 02-18 19:38:00 [multiproc_executor.py:772]     old_init(self, **kwargs)
2026-02-18T19:38:00.4212125Z [0;36m(Worker_DP0_TP7_EP7 pid=5385)[0;0m ERROR 02-18 19:38:00 [multiproc_executor.py:772]   File "/vllm-workspace/vllm/vllm/model_executor/models/deepseek_v2.py", line 1067, in __init__
2026-02-18T19:38:00.4222848Z [0;36m(Worker_DP0_TP7_EP7 pid=5385)[0;0m ERROR 02-18 19:38:00 [multiproc_executor.py:772]     self.start_layer, self.end_layer, self.layers = make_layers(
2026-02-18T19:38:00.4231319Z [0;36m(Worker_DP0_TP7_EP7 pid=5385)[0;0m ERROR 02-18 19:38:00 [multiproc_executor.py:772]                                                     ^^^^^^^^^^^^
2026-02-18T19:38:00.4241299Z [0;36m(Worker_DP0_TP7_EP7 pid=5385)[0;0m ERROR 02-18 19:38:00 [multiproc_executor.py:772]   File "/vllm-workspace/vllm/vllm/model_executor/models/utils.py", line 706, in make_layers
2026-02-18T19:38:00.4251058Z [0;36m(Worker_DP0_TP7_EP7 pid=5385)[0;0m ERROR 02-18 19:38:00 [multiproc_executor.py:772]     + [
2026-02-18T19:38:00.4260420Z [0;36m(Worker_DP0_TP7_EP7 pid=5385)[0;0m ERROR 02-18 19:38:00 [multiproc_executor.py:772]       ^
2026-02-18T19:38:00.4271003Z [0;36m(Worker_DP0_TP7_EP7 pid=5385)[0;0m ERROR 02-18 19:38:00 [multiproc_executor.py:772]   File "/vllm-workspace/vllm/vllm/model_executor/models/utils.py", line 707, in <listcomp>
2026-02-18T19:38:00.4280482Z [0;36m(Worker_DP0_TP7_EP7 pid=5385)[0;0m ERROR 02-18 19:38:00 [multiproc_executor.py:772]     maybe_offload_to_cpu(layer_fn(prefix=f"{prefix}.{idx}"))
2026-02-18T19:38:00.4289696Z [0;36m(Worker_DP0_TP7_EP7 pid=5385)[0;0m ERROR 02-18 19:38:00 [multiproc_executor.py:772]                          ^^^^^^^^^^^^^^^^^^^^^^^^^^^^^^^^^^
2026-02-18T19:38:00.4299485Z [0;36m(Worker_DP0_TP7_EP7 pid=5385)[0;0m ERROR 02-18 19:38:00 [multiproc_executor.py:772]   File "/vllm-workspace/vllm/vllm/model_executor/models/deepseek_v2.py", line 1069, in <lambda>
2026-02-18T19:38:00.4308442Z [0;36m(Worker_DP0_TP7_EP7 pid=5385)[0;0m ERROR 02-18 19:38:00 [multiproc_executor.py:772]     lambda prefix: DeepseekV2DecoderLayer(
2026-02-18T19:38:00.4317983Z [0;36m(Worker_DP0_TP7_EP7 pid=5385)[0;0m ERROR 02-18 19:38:00 [multiproc_executor.py:772]                    ^^^^^^^^^^^^^^^^^^^^^^^
2026-02-18T19:38:00.4328099Z [0;36m(Worker_DP0_TP7_EP7 pid=5385)[0;0m ERROR 02-18 19:38:00 [multiproc_executor.py:772]   File "/vllm-workspace/vllm/vllm/model_executor/models/deepseek_v2.py", line 963, in __init__
2026-02-18T19:38:00.4337446Z [0;36m(Worker_DP0_TP7_EP7 pid=5385)[0;0m ERROR 02-18 19:38:00 [multiproc_executor.py:772]     self.mlp = DeepseekV2MoE(
2026-02-18T19:38:00.4346942Z [0;36m(Worker_DP0_TP7_EP7 pid=5385)[0;0m ERROR 02-18 19:38:00 [multiproc_executor.py:772]                ^^^^^^^^^^^^^^
2026-02-18T19:38:00.4356583Z [0;36m(Worker_DP0_TP7_EP7 pid=5385)[0;0m ERROR 02-18 19:38:00 [multiproc_executor.py:772]   File "/vllm-workspace/vllm/vllm/model_executor/models/deepseek_v2.py", line 298, in __init__
2026-02-18T19:38:00.4365899Z [0;36m(Worker_DP0_TP7_EP7 pid=5385)[0;0m ERROR 02-18 19:38:00 [multiproc_executor.py:772]     self.experts = SharedFusedMoE(
2026-02-18T19:38:00.4375424Z [0;36m(Worker_DP0_TP7_EP7 pid=5385)[0;0m ERROR 02-18 19:38:00 [multiproc_executor.py:772]                    ^^^^^^^^^^^^^^^
2026-02-18T19:38:00.4385527Z [0;36m(Worker_DP0_TP7_EP7 pid=5385)[0;0m ERROR 02-18 19:38:00 [multiproc_executor.py:772]   File "/vllm-workspace/vllm-ascend/vllm_ascend/ops/fused_moe/fused_moe.py", line 401, in __init__
2026-02-18T19:38:00.4395352Z [0;36m(Worker_DP0_TP7_EP7 pid=5385)[0;0m ERROR 02-18 19:38:00 [multiproc_executor.py:772]     AscendFusedMoE.__init__(self, **kwargs)
2026-02-18T19:38:00.4405153Z [0;36m(Worker_DP0_TP7_EP7 pid=5385)[0;0m ERROR 02-18 19:38:00 [multiproc_executor.py:772]   File "/vllm-workspace/vllm-ascend/vllm_ascend/ops/fused_moe/fused_moe.py", line 162, in __init__
2026-02-18T19:38:00.4414891Z [0;36m(Worker_DP0_TP7_EP7 pid=5385)[0;0m ERROR 02-18 19:38:00 [multiproc_executor.py:772]     super().__init__(*args, **kwargs)
2026-02-18T19:38:00.4424753Z [0;36m(Worker_DP0_TP7_EP7 pid=5385)[0;0m ERROR 02-18 19:38:00 [multiproc_executor.py:772]   File "/vllm-workspace/vllm/vllm/model_executor/layers/fused_moe/layer.py", line 603, in __init__
2026-02-18T19:38:00.4434149Z [0;36m(Worker_DP0_TP7_EP7 pid=5385)[0;0m ERROR 02-18 19:38:00 [multiproc_executor.py:772]     self.quant_method: FusedMoEMethodBase = _get_quant_method()
2026-02-18T19:38:00.4444645Z [0;36m(Worker_DP0_TP7_EP7 pid=5385)[0;0m ERROR 02-18 19:38:00 [multiproc_executor.py:772]                                             ^^^^^^^^^^^^^^^^^^^
2026-02-18T19:38:00.4454848Z [0;36m(Worker_DP0_TP7_EP7 pid=5385)[0;0m ERROR 02-18 19:38:00 [multiproc_executor.py:772]   File "/vllm-workspace/vllm/vllm/model_executor/layers/fused_moe/layer.py", line 595, in _get_quant_method
2026-02-18T19:38:00.4464545Z [0;36m(Worker_DP0_TP7_EP7 pid=5385)[0;0m ERROR 02-18 19:38:00 [multiproc_executor.py:772]     quant_method = self.quant_config.get_quant_method(self, prefix)
2026-02-18T19:38:00.4474565Z [0;36m(Worker_DP0_TP7_EP7 pid=5385)[0;0m ERROR 02-18 19:38:00 [multiproc_executor.py:772]                    ^^^^^^^^^^^^^^^^^^^^^^^^^^^^^^^^^^^^^^^^^^^^^^^^
2026-02-18T19:38:00.4485002Z [0;36m(Worker_DP0_TP7_EP7 pid=5385)[0;0m ERROR 02-18 19:38:00 [multiproc_executor.py:772]   File "/vllm-workspace/vllm-ascend/vllm_ascend/quantization/modelslim_config.py", line 419, in get_quant_method
2026-02-18T19:38:00.4495006Z [0;36m(Worker_DP0_TP7_EP7 pid=5385)[0;0m ERROR 02-18 19:38:00 [multiproc_executor.py:772]     scheme = create_scheme_for_layer(self.quant_description, prefix, "moe", self.packed_modules_mapping)
2026-02-18T19:38:00.4505762Z [0;36m(Worker_DP0_TP7_EP7 pid=5385)[0;0m ERROR 02-18 19:38:00 [multiproc_executor.py:772]              ^^^^^^^^^^^^^^^^^^^^^^^^^^^^^^^^^^^^^^^^^^^^^^^^^^^^^^^^^^^^^^^^^^^^^^^^^^^^^^^^^^^^^^^^^^^
2026-02-18T19:38:00.4514304Z [0;36m(Worker_DP0_TP7_EP7 pid=5385)[0;0m ERROR 02-18 19:38:00 [multiproc_executor.py:772]   File "/vllm-workspace/vllm-ascend/vllm_ascend/quantization/modelslim_config.py", line 295, in create_scheme_for_layer
2026-02-18T19:38:00.4524022Z [0;36m(Worker_DP0_TP7_EP7 pid=5385)[0;0m ERROR 02-18 19:38:00 [multiproc_executor.py:772]     return scheme_cls()
2026-02-18T19:38:00.4534026Z [0;36m(Worker_DP0_TP7_EP7 pid=5385)[0;0m ERROR 02-18 19:38:00 [multiproc_executor.py:772]            ^^^^^^^^^^^^
2026-02-18T19:38:00.4544302Z [0;36m(Worker_DP0_TP7_EP7 pid=5385)[0;0m ERROR 02-18 19:38:00 [multiproc_executor.py:772]   File "/vllm-workspace/vllm-ascend/vllm_ascend/quantization/methods/w8a8_dynamic.py", line 128, in __init__
2026-02-18T19:38:00.4553336Z [0;36m(Worker_DP0_TP7_EP7 pid=5385)[0;0m ERROR 02-18 19:38:00 [multiproc_executor.py:772]     self.moe_all_to_all_group_name = backend.get_hccl_comm_name(local_rank)
2026-02-18T19:38:00.4563858Z [0;36m(Worker_DP0_TP7_EP7 pid=5385)[0;0m ERROR 02-18 19:38:00 [multiproc_executor.py:772]                                      ^^^^^^^^^^^^^^^^^^^^^^^^^^^^^^^^^^^^^^
2026-02-18T19:38:00.4573804Z [0;36m(Worker_DP0_TP7_EP7 pid=5385)[0;0m ERROR 02-18 19:38:00 [multiproc_executor.py:772] RuntimeError: create_config:build/CMakeFiles/torch_npu.dir/compiler_depend.ts:130 HCCL function error: hcclCommInitRootInfoConfig(numRanks, &rootInfo, rank, config, &(comm->hcclComm_)), error code is 7
2026-02-18T19:38:00.4582372Z [0;36m(Worker_DP0_TP7_EP7 pid=5385)[0;0m ERROR 02-18 19:38:00 [multiproc_executor.py:772] [ERROR] 2026-02-18-19:37:59 (PID:5385, Device:7, RankID:-1) ERR02200 DIST call hccl api failed.
2026-02-18T19:38:00.4591776Z [0;36m(Worker_DP0_TP7_EP7 pid=5385)[0;0m ERROR 02-18 19:38:00 [multiproc_executor.py:772] 
2026-02-18T19:38:00.4602614Z [0;36m(Worker_DP1_TP6_EP14 pid=4895)[0;0m INFO 02-18 19:38:00 [multiproc_executor.py:730] Parent process exited, terminating worker
2026-02-18T19:38:00.5068908Z [0;36m(Worker_DP1_TP6_EP14 pid=4895)[0;0m ERROR 02-18 19:38:00 [multiproc_executor.py:772] WorkerProc failed to start.
2026-02-18T19:38:00.5079332Z [0;36m(Worker_DP1_TP6_EP14 pid=4895)[0;0m ERROR 02-18 19:38:00 [multiproc_executor.py:772] Traceback (most recent call last):
2026-02-18T19:38:00.5090752Z [0;36m(Worker_DP1_TP6_EP14 pid=4895)[0;0m ERROR 02-18 19:38:00 [multiproc_executor.py:772]   File "/vllm-workspace/vllm/vllm/v1/executor/multiproc_executor.py", line 743, in worker_main
2026-02-18T19:38:00.5101464Z [0;36m(Worker_DP1_TP6_EP14 pid=4895)[0;0m ERROR 02-18 19:38:00 [multiproc_executor.py:772]     worker = WorkerProc(*args, **kwargs)
2026-02-18T19:38:00.5112408Z [0;36m(Worker_DP1_TP6_EP14 pid=4895)[0;0m ERROR 02-18 19:38:00 [multiproc_executor.py:772]              ^^^^^^^^^^^^^^^^^^^^^^^^^^^
2026-02-18T19:38:00.5123403Z [0;36m(Worker_DP1_TP6_EP14 pid=4895)[0;0m ERROR 02-18 19:38:00 [multiproc_executor.py:772]   File "/vllm-workspace/vllm/vllm/v1/executor/multiproc_executor.py", line 578, in __init__
2026-02-18T19:38:00.5133585Z [0;36m(Worker_DP1_TP6_EP14 pid=4895)[0;0m ERROR 02-18 19:38:00 [multiproc_executor.py:772]     self.worker.load_model()
2026-02-18T19:38:00.5143388Z [0;36m(Worker_DP1_TP6_EP14 pid=4895)[0;0m ERROR 02-18 19:38:00 [multiproc_executor.py:772]   File "/vllm-workspace/vllm-ascend/vllm_ascend/worker/worker.py", line 404, in load_model
2026-02-18T19:38:00.5152532Z [0;36m(Worker_DP1_TP6_EP14 pid=4895)[0;0m ERROR 02-18 19:38:00 [multiproc_executor.py:772]     self.model_runner.load_model()
2026-02-18T19:38:00.5162748Z [0;36m(Worker_DP1_TP6_EP14 pid=4895)[0;0m ERROR 02-18 19:38:00 [multiproc_executor.py:772]   File "/vllm-workspace/vllm-ascend/vllm_ascend/worker/model_runner_v1.py", line 2311, in load_model
2026-02-18T19:38:00.5172590Z [0;36m(Worker_DP1_TP6_EP14 pid=4895)[0;0m ERROR 02-18 19:38:00 [multiproc_executor.py:772]     self.model = get_model(vllm_config=self.vllm_config)
2026-02-18T19:38:00.5182158Z [0;36m(Worker_DP1_TP6_EP14 pid=4895)[0;0m ERROR 02-18 19:38:00 [multiproc_executor.py:772]                  ^^^^^^^^^^^^^^^^^^^^^^^^^^^^^^^^^^^^^^^
2026-02-18T19:38:00.5191839Z [0;36m(Worker_DP1_TP6_EP14 pid=4895)[0;0m ERROR 02-18 19:38:00 [multiproc_executor.py:772]   File "/vllm-workspace/vllm/vllm/model_executor/model_loader/__init__.py", line 135, in get_model
2026-02-18T19:38:00.5200946Z [0;36m(Worker_DP1_TP6_EP14 pid=4895)[0;0m ERROR 02-18 19:38:00 [multiproc_executor.py:772]     return loader.load_model(
2026-02-18T19:38:00.5210246Z [0;36m(Worker_DP1_TP6_EP14 pid=4895)[0;0m ERROR 02-18 19:38:00 [multiproc_executor.py:772]            ^^^^^^^^^^^^^^^^^^
2026-02-18T19:38:00.5220285Z [0;36m(Worker_DP1_TP6_EP14 pid=4895)[0;0m ERROR 02-18 19:38:00 [multiproc_executor.py:772]   File "/vllm-workspace/vllm/vllm/model_executor/model_loader/base_loader.py", line 50, in load_model
2026-02-18T19:38:00.5229415Z [0;36m(Worker_DP1_TP6_EP14 pid=4895)[0;0m ERROR 02-18 19:38:00 [multiproc_executor.py:772]     model = initialize_model(
2026-02-18T19:38:00.5238726Z [0;36m(Worker_DP1_TP6_EP14 pid=4895)[0;0m ERROR 02-18 19:38:00 [multiproc_executor.py:772]             ^^^^^^^^^^^^^^^^^
2026-02-18T19:38:00.5249602Z [0;36m(Worker_DP1_TP6_EP14 pid=4895)[0;0m ERROR 02-18 19:38:00 [multiproc_executor.py:772]   File "/vllm-workspace/vllm/vllm/model_executor/model_loader/utils.py", line 48, in initialize_model
2026-02-18T19:38:00.5258669Z [0;36m(Worker_DP1_TP6_EP14 pid=4895)[0;0m ERROR 02-18 19:38:00 [multiproc_executor.py:772]     return model_class(vllm_config=vllm_config, prefix=prefix)
2026-02-18T19:38:00.5267726Z [0;36m(Worker_DP1_TP6_EP14 pid=4895)[0;0m ERROR 02-18 19:38:00 [multiproc_executor.py:772]            ^^^^^^^^^^^^^^^^^^^^^^^^^^^^^^^^^^^^^^^^^^^^^^^^^^^
2026-02-18T19:38:00.5277129Z [0;36m(Worker_DP1_TP6_EP14 pid=4895)[0;0m ERROR 02-18 19:38:00 [multiproc_executor.py:772]   File "/vllm-workspace/vllm/vllm/model_executor/models/deepseek_v2.py", line 1210, in __init__
2026-02-18T19:38:00.5286992Z [0;36m(Worker_DP1_TP6_EP14 pid=4895)[0;0m ERROR 02-18 19:38:00 [multiproc_executor.py:772]     self.model = self.model_cls(
2026-02-18T19:38:00.5296319Z [0;36m(Worker_DP1_TP6_EP14 pid=4895)[0;0m ERROR 02-18 19:38:00 [multiproc_executor.py:772]                  ^^^^^^^^^^^^^^^
2026-02-18T19:38:00.5306313Z [0;36m(Worker_DP1_TP6_EP14 pid=4895)[0;0m ERROR 02-18 19:38:00 [multiproc_executor.py:772]   File "/vllm-workspace/vllm/vllm/compilation/decorators.py", line 306, in __init__
2026-02-18T19:38:00.5315293Z [0;36m(Worker_DP1_TP6_EP14 pid=4895)[0;0m ERROR 02-18 19:38:00 [multiproc_executor.py:772]     old_init(self, **kwargs)
2026-02-18T19:38:00.5325253Z [0;36m(Worker_DP1_TP6_EP14 pid=4895)[0;0m ERROR 02-18 19:38:00 [multiproc_executor.py:772]   File "/vllm-workspace/vllm/vllm/model_executor/models/deepseek_v2.py", line 1067, in __init__
2026-02-18T19:38:00.5335407Z [0;36m(Worker_DP1_TP6_EP14 pid=4895)[0;0m ERROR 02-18 19:38:00 [multiproc_executor.py:772]     self.start_layer, self.end_layer, self.layers = make_layers(
2026-02-18T19:38:00.5344835Z [0;36m(Worker_DP1_TP6_EP14 pid=4895)[0;0m ERROR 02-18 19:38:00 [multiproc_executor.py:772]                                                     ^^^^^^^^^^^^
2026-02-18T19:38:00.5354200Z [0;36m(Worker_DP1_TP6_EP14 pid=4895)[0;0m ERROR 02-18 19:38:00 [multiproc_executor.py:772]   File "/vllm-workspace/vllm/vllm/model_executor/models/utils.py", line 706, in make_layers
2026-02-18T19:38:00.5363339Z [0;36m(Worker_DP1_TP6_EP14 pid=4895)[0;0m ERROR 02-18 19:38:00 [multiproc_executor.py:772]     + [
2026-02-18T19:38:00.5372985Z [0;36m(Worker_DP1_TP6_EP14 pid=4895)[0;0m ERROR 02-18 19:38:00 [multiproc_executor.py:772]       ^
2026-02-18T19:38:00.5382652Z [0;36m(Worker_DP1_TP6_EP14 pid=4895)[0;0m ERROR 02-18 19:38:00 [multiproc_executor.py:772]   File "/vllm-workspace/vllm/vllm/model_executor/models/utils.py", line 707, in <listcomp>
2026-02-18T19:38:00.5392412Z [0;36m(Worker_DP1_TP6_EP14 pid=4895)[0;0m ERROR 02-18 19:38:00 [multiproc_executor.py:772]     maybe_offload_to_cpu(layer_fn(prefix=f"{prefix}.{idx}"))
2026-02-18T19:38:00.5401688Z [0;36m(Worker_DP1_TP6_EP14 pid=4895)[0;0m ERROR 02-18 19:38:00 [multiproc_executor.py:772]                          ^^^^^^^^^^^^^^^^^^^^^^^^^^^^^^^^^^
2026-02-18T19:38:00.5411743Z [0;36m(Worker_DP1_TP6_EP14 pid=4895)[0;0m ERROR 02-18 19:38:00 [multiproc_executor.py:772]   File "/vllm-workspace/vllm/vllm/model_executor/models/deepseek_v2.py", line 1069, in <lambda>
2026-02-18T19:38:00.5420839Z [0;36m(Worker_DP1_TP6_EP14 pid=4895)[0;0m ERROR 02-18 19:38:00 [multiproc_executor.py:772]     lambda prefix: DeepseekV2DecoderLayer(
2026-02-18T19:38:00.5430060Z [0;36m(Worker_DP1_TP6_EP14 pid=4895)[0;0m ERROR 02-18 19:38:00 [multiproc_executor.py:772]                    ^^^^^^^^^^^^^^^^^^^^^^^
2026-02-18T19:38:00.5440476Z [0;36m(Worker_DP1_TP6_EP14 pid=4895)[0;0m ERROR 02-18 19:38:00 [multiproc_executor.py:772]   File "/vllm-workspace/vllm/vllm/model_executor/models/deepseek_v2.py", line 963, in __init__
2026-02-18T19:38:00.5449959Z [0;36m(Worker_DP1_TP6_EP14 pid=4895)[0;0m ERROR 02-18 19:38:00 [multiproc_executor.py:772]     self.mlp = DeepseekV2MoE(
2026-02-18T19:38:00.5459456Z [0;36m(Worker_DP1_TP6_EP14 pid=4895)[0;0m ERROR 02-18 19:38:00 [multiproc_executor.py:772]                ^^^^^^^^^^^^^^
2026-02-18T19:38:00.5469123Z [0;36m(Worker_DP1_TP6_EP14 pid=4895)[0;0m ERROR 02-18 19:38:00 [multiproc_executor.py:772]   File "/vllm-workspace/vllm/vllm/model_executor/models/deepseek_v2.py", line 298, in __init__
2026-02-18T19:38:00.5481093Z [0;36m(Worker_DP1_TP6_EP14 pid=4895)[0;0m ERROR 02-18 19:38:00 [multiproc_executor.py:772]     self.experts = SharedFusedMoE(
2026-02-18T19:38:00.5489982Z [0;36m(Worker_DP1_TP6_EP14 pid=4895)[0;0m ERROR 02-18 19:38:00 [multiproc_executor.py:772]                    ^^^^^^^^^^^^^^^
2026-02-18T19:38:00.5499202Z [0;36m(Worker_DP1_TP6_EP14 pid=4895)[0;0m ERROR 02-18 19:38:00 [multiproc_executor.py:772]   File "/vllm-workspace/vllm-ascend/vllm_ascend/ops/fused_moe/fused_moe.py", line 401, in __init__
2026-02-18T19:38:00.5507746Z [0;36m(Worker_DP1_TP6_EP14 pid=4895)[0;0m ERROR 02-18 19:38:00 [multiproc_executor.py:772]     AscendFusedMoE.__init__(self, **kwargs)
2026-02-18T19:38:00.5517650Z [0;36m(Worker_DP1_TP6_EP14 pid=4895)[0;0m ERROR 02-18 19:38:00 [multiproc_executor.py:772]   File "/vllm-workspace/vllm-ascend/vllm_ascend/ops/fused_moe/fused_moe.py", line 162, in __init__
2026-02-18T19:38:00.5527776Z [0;36m(Worker_DP1_TP6_EP14 pid=4895)[0;0m ERROR 02-18 19:38:00 [multiproc_executor.py:772]     super().__init__(*args, **kwargs)
2026-02-18T19:38:00.5537126Z [0;36m(Worker_DP1_TP6_EP14 pid=4895)[0;0m ERROR 02-18 19:38:00 [multiproc_executor.py:772]   File "/vllm-workspace/vllm/vllm/model_executor/layers/fused_moe/layer.py", line 603, in __init__
2026-02-18T19:38:00.5546236Z [0;36m(Worker_DP1_TP6_EP14 pid=4895)[0;0m ERROR 02-18 19:38:00 [multiproc_executor.py:772]     self.quant_method: FusedMoEMethodBase = _get_quant_method()
2026-02-18T19:38:00.5555854Z [0;36m(Worker_DP1_TP6_EP14 pid=4895)[0;0m ERROR 02-18 19:38:00 [multiproc_executor.py:772]                                             ^^^^^^^^^^^^^^^^^^^
2026-02-18T19:38:00.5584147Z [0;36m(Worker_DP1_TP6_EP14 pid=4895)[0;0m ERROR 02-18 19:38:00 [multiproc_executor.py:772]   File "/vllm-workspace/vllm/vllm/model_executor/layers/fused_moe/layer.py", line 595, in _get_quant_method
2026-02-18T19:38:00.5585087Z [0;36m(Worker_DP1_TP6_EP14 pid=4895)[0;0m ERROR 02-18 19:38:00 [multiproc_executor.py:772]     quant_method = self.quant_config.get_quant_method(self, prefix)
2026-02-18T19:38:00.5586636Z [0;36m(Worker_DP1_TP6_EP14 pid=4895)[0;0m ERROR 02-18 19:38:00 [multiproc_executor.py:772]                    ^^^^^^^^^^^^^^^^^^^^^^^^^^^^^^^^^^^^^^^^^^^^^^^^
2026-02-18T19:38:00.5594984Z [0;36m(Worker_DP1_TP6_EP14 pid=4895)[0;0m ERROR 02-18 19:38:00 [multiproc_executor.py:772]   File "/vllm-workspace/vllm-ascend/vllm_ascend/quantization/modelslim_config.py", line 419, in get_quant_method
2026-02-18T19:38:00.5604666Z [0;36m(Worker_DP1_TP6_EP14 pid=4895)[0;0m ERROR 02-18 19:38:00 [multiproc_executor.py:772]     scheme = create_scheme_for_layer(self.quant_description, prefix, "moe", self.packed_modules_mapping)
2026-02-18T19:38:00.5614864Z [0;36m(Worker_DP1_TP6_EP14 pid=4895)[0;0m ERROR 02-18 19:38:00 [multiproc_executor.py:772]              ^^^^^^^^^^^^^^^^^^^^^^^^^^^^^^^^^^^^^^^^^^^^^^^^^^^^^^^^^^^^^^^^^^^^^^^^^^^^^^^^^^^^^^^^^^^
2026-02-18T19:38:00.5624254Z [0;36m(Worker_DP1_TP6_EP14 pid=4895)[0;0m ERROR 02-18 19:38:00 [multiproc_executor.py:772]   File "/vllm-workspace/vllm-ascend/vllm_ascend/quantization/modelslim_config.py", line 295, in create_scheme_for_layer
2026-02-18T19:38:00.5633383Z [0;36m(Worker_DP1_TP6_EP14 pid=4895)[0;0m ERROR 02-18 19:38:00 [multiproc_executor.py:772]     return scheme_cls()
2026-02-18T19:38:00.5643147Z [0;36m(Worker_DP1_TP6_EP14 pid=4895)[0;0m ERROR 02-18 19:38:00 [multiproc_executor.py:772]            ^^^^^^^^^^^^
2026-02-18T19:38:00.5653457Z [0;36m(Worker_DP1_TP6_EP14 pid=4895)[0;0m ERROR 02-18 19:38:00 [multiproc_executor.py:772]   File "/vllm-workspace/vllm-ascend/vllm_ascend/quantization/methods/w8a8_dynamic.py", line 128, in __init__
2026-02-18T19:38:00.5663173Z [0;36m(Worker_DP1_TP6_EP14 pid=4895)[0;0m ERROR 02-18 19:38:00 [multiproc_executor.py:772]     self.moe_all_to_all_group_name = backend.get_hccl_comm_name(local_rank)
2026-02-18T19:38:00.5672992Z [0;36m(Worker_DP1_TP6_EP14 pid=4895)[0;0m ERROR 02-18 19:38:00 [multiproc_executor.py:772]                                      ^^^^^^^^^^^^^^^^^^^^^^^^^^^^^^^^^^^^^^
2026-02-18T19:38:00.5683744Z [0;36m(Worker_DP1_TP6_EP14 pid=4895)[0;0m ERROR 02-18 19:38:00 [multiproc_executor.py:772] RuntimeError: create_config:build/CMakeFiles/torch_npu.dir/compiler_depend.ts:130 HCCL function error: hcclCommInitRootInfoConfig(numRanks, &rootInfo, rank, config, &(comm->hcclComm_)), error code is 7
2026-02-18T19:38:00.5693905Z [0;36m(Worker_DP1_TP6_EP14 pid=4895)[0;0m ERROR 02-18 19:38:00 [multiproc_executor.py:772] [ERROR] 2026-02-18-19:37:59 (PID:4895, Device:6, RankID:-1) ERR02200 DIST call hccl api failed.
2026-02-18T19:38:00.5703333Z [0;36m(Worker_DP1_TP6_EP14 pid=4895)[0;0m ERROR 02-18 19:38:00 [multiproc_executor.py:772] 
2026-02-18T19:38:00.5712535Z [0;36m(Worker_DP0_TP0_EP0 pid=1235)[0;0m ERROR 02-18 19:38:00 [multiproc_executor.py:772] WorkerProc failed to start.
2026-02-18T19:38:00.5722563Z [0;36m(Worker_DP0_TP0_EP0 pid=1235)[0;0m ERROR 02-18 19:38:00 [multiproc_executor.py:772] Traceback (most recent call last):
2026-02-18T19:38:00.5732309Z [0;36m(Worker_DP0_TP0_EP0 pid=1235)[0;0m ERROR 02-18 19:38:00 [multiproc_executor.py:772]   File "/vllm-workspace/vllm/vllm/v1/executor/multiproc_executor.py", line 743, in worker_main
2026-02-18T19:38:00.5741567Z [0;36m(Worker_DP0_TP0_EP0 pid=1235)[0;0m ERROR 02-18 19:38:00 [multiproc_executor.py:772]     worker = WorkerProc(*args, **kwargs)
2026-02-18T19:38:00.5751141Z [0;36m(Worker_DP0_TP0_EP0 pid=1235)[0;0m ERROR 02-18 19:38:00 [multiproc_executor.py:772]              ^^^^^^^^^^^^^^^^^^^^^^^^^^^
2026-02-18T19:38:00.5762454Z [0;36m(Worker_DP0_TP0_EP0 pid=1235)[0;0m ERROR 02-18 19:38:00 [multiproc_executor.py:772]   File "/vllm-workspace/vllm/vllm/v1/executor/multiproc_executor.py", line 578, in __init__
2026-02-18T19:38:00.5773660Z [0;36m(Worker_DP0_TP0_EP0 pid=1235)[0;0m ERROR 02-18 19:38:00 [multiproc_executor.py:772]     self.worker.load_model()
2026-02-18T19:38:00.5784904Z [0;36m(Worker_DP0_TP0_EP0 pid=1235)[0;0m ERROR 02-18 19:38:00 [multiproc_executor.py:772]   File "/vllm-workspace/vllm-ascend/vllm_ascend/worker/worker.py", line 404, in load_model
2026-02-18T19:38:00.5795744Z [0;36m(Worker_DP0_TP0_EP0 pid=1235)[0;0m ERROR 02-18 19:38:00 [multiproc_executor.py:772]     self.model_runner.load_model()
2026-02-18T19:38:00.5806289Z [0;36m(Worker_DP0_TP0_EP0 pid=1235)[0;0m ERROR 02-18 19:38:00 [multiproc_executor.py:772]   File "/vllm-workspace/vllm-ascend/vllm_ascend/worker/model_runner_v1.py", line 2311, in load_model
2026-02-18T19:38:00.5816454Z [0;36m(Worker_DP0_TP0_EP0 pid=1235)[0;0m ERROR 02-18 19:38:00 [multiproc_executor.py:772]     self.model = get_model(vllm_config=self.vllm_config)
2026-02-18T19:38:00.5825889Z [0;36m(Worker_DP0_TP0_EP0 pid=1235)[0;0m ERROR 02-18 19:38:00 [multiproc_executor.py:772]                  ^^^^^^^^^^^^^^^^^^^^^^^^^^^^^^^^^^^^^^^
2026-02-18T19:38:00.5836700Z [0;36m(Worker_DP0_TP0_EP0 pid=1235)[0;0m ERROR 02-18 19:38:00 [multiproc_executor.py:772]   File "/vllm-workspace/vllm/vllm/model_executor/model_loader/__init__.py", line 135, in get_model
2026-02-18T19:38:00.5845916Z [0;36m(Worker_DP0_TP0_EP0 pid=1235)[0;0m ERROR 02-18 19:38:00 [multiproc_executor.py:772]     return loader.load_model(
2026-02-18T19:38:00.5856036Z [0;36m(Worker_DP0_TP0_EP0 pid=1235)[0;0m ERROR 02-18 19:38:00 [multiproc_executor.py:772]            ^^^^^^^^^^^^^^^^^^
2026-02-18T19:38:00.5866120Z [0;36m(Worker_DP0_TP0_EP0 pid=1235)[0;0m ERROR 02-18 19:38:00 [multiproc_executor.py:772]   File "/vllm-workspace/vllm/vllm/model_executor/model_loader/base_loader.py", line 50, in load_model
2026-02-18T19:38:00.5875459Z [0;36m(Worker_DP0_TP0_EP0 pid=1235)[0;0m ERROR 02-18 19:38:00 [multiproc_executor.py:772]     model = initialize_model(
2026-02-18T19:38:00.5885027Z [0;36m(Worker_DP0_TP0_EP0 pid=1235)[0;0m ERROR 02-18 19:38:00 [multiproc_executor.py:772]             ^^^^^^^^^^^^^^^^^
2026-02-18T19:38:00.5895313Z [0;36m(Worker_DP0_TP0_EP0 pid=1235)[0;0m ERROR 02-18 19:38:00 [multiproc_executor.py:772]   File "/vllm-workspace/vllm/vllm/model_executor/model_loader/utils.py", line 48, in initialize_model
2026-02-18T19:38:00.5904594Z [0;36m(Worker_DP0_TP0_EP0 pid=1235)[0;0m ERROR 02-18 19:38:00 [multiproc_executor.py:772]     return model_class(vllm_config=vllm_config, prefix=prefix)
2026-02-18T19:38:00.5914324Z [0;36m(Worker_DP0_TP0_EP0 pid=1235)[0;0m ERROR 02-18 19:38:00 [multiproc_executor.py:772]            ^^^^^^^^^^^^^^^^^^^^^^^^^^^^^^^^^^^^^^^^^^^^^^^^^^^
2026-02-18T19:38:00.5924664Z [0;36m(Worker_DP0_TP0_EP0 pid=1235)[0;0m ERROR 02-18 19:38:00 [multiproc_executor.py:772]   File "/vllm-workspace/vllm/vllm/model_executor/models/deepseek_v2.py", line 1210, in __init__
2026-02-18T19:38:00.5933924Z [0;36m(Worker_DP0_TP0_EP0 pid=1235)[0;0m ERROR 02-18 19:38:00 [multiproc_executor.py:772]     self.model = self.model_cls(
2026-02-18T19:38:00.5943806Z [0;36m(Worker_DP0_TP0_EP0 pid=1235)[0;0m ERROR 02-18 19:38:00 [multiproc_executor.py:772]                  ^^^^^^^^^^^^^^^
2026-02-18T19:38:00.5954072Z [0;36m(Worker_DP0_TP0_EP0 pid=1235)[0;0m ERROR 02-18 19:38:00 [multiproc_executor.py:772]   File "/vllm-workspace/vllm/vllm/compilation/decorators.py", line 306, in __init__
2026-02-18T19:38:00.5964012Z [0;36m(Worker_DP0_TP0_EP0 pid=1235)[0;0m ERROR 02-18 19:38:00 [multiproc_executor.py:772]     old_init(self, **kwargs)
2026-02-18T19:38:00.5974158Z [0;36m(Worker_DP0_TP0_EP0 pid=1235)[0;0m ERROR 02-18 19:38:00 [multiproc_executor.py:772]   File "/vllm-workspace/vllm/vllm/model_executor/models/deepseek_v2.py", line 1067, in __init__
2026-02-18T19:38:00.5983820Z [0;36m(Worker_DP0_TP0_EP0 pid=1235)[0;0m ERROR 02-18 19:38:00 [multiproc_executor.py:772]     self.start_layer, self.end_layer, self.layers = make_layers(
2026-02-18T19:38:00.5993035Z [0;36m(Worker_DP0_TP0_EP0 pid=1235)[0;0m ERROR 02-18 19:38:00 [multiproc_executor.py:772]                                                     ^^^^^^^^^^^^
2026-02-18T19:38:00.6003132Z [0;36m(Worker_DP0_TP0_EP0 pid=1235)[0;0m ERROR 02-18 19:38:00 [multiproc_executor.py:772]   File "/vllm-workspace/vllm/vllm/model_executor/models/utils.py", line 706, in make_layers
2026-02-18T19:38:00.6012920Z [0;36m(Worker_DP0_TP0_EP0 pid=1235)[0;0m ERROR 02-18 19:38:00 [multiproc_executor.py:772]     + [
2026-02-18T19:38:00.6022317Z [0;36m(Worker_DP0_TP0_EP0 pid=1235)[0;0m ERROR 02-18 19:38:00 [multiproc_executor.py:772]       ^
2026-02-18T19:38:00.6032323Z [0;36m(Worker_DP0_TP0_EP0 pid=1235)[0;0m ERROR 02-18 19:38:00 [multiproc_executor.py:772]   File "/vllm-workspace/vllm/vllm/model_executor/models/utils.py", line 707, in <listcomp>
2026-02-18T19:38:00.6042296Z [0;36m(Worker_DP0_TP0_EP0 pid=1235)[0;0m ERROR 02-18 19:38:00 [multiproc_executor.py:772]     maybe_offload_to_cpu(layer_fn(prefix=f"{prefix}.{idx}"))
2026-02-18T19:38:00.6051568Z [0;36m(Worker_DP0_TP0_EP0 pid=1235)[0;0m ERROR 02-18 19:38:00 [multiproc_executor.py:772]                          ^^^^^^^^^^^^^^^^^^^^^^^^^^^^^^^^^^
2026-02-18T19:38:00.6061272Z [0;36m(Worker_DP0_TP0_EP0 pid=1235)[0;0m ERROR 02-18 19:38:00 [multiproc_executor.py:772]   File "/vllm-workspace/vllm/vllm/model_executor/models/deepseek_v2.py", line 1069, in <lambda>
2026-02-18T19:38:00.6070583Z [0;36m(Worker_DP0_TP0_EP0 pid=1235)[0;0m ERROR 02-18 19:38:00 [multiproc_executor.py:772]     lambda prefix: DeepseekV2DecoderLayer(
2026-02-18T19:38:00.6080372Z [0;36m(Worker_DP0_TP0_EP0 pid=1235)[0;0m ERROR 02-18 19:38:00 [multiproc_executor.py:772]                    ^^^^^^^^^^^^^^^^^^^^^^^
2026-02-18T19:38:00.6090420Z [0;36m(Worker_DP0_TP0_EP0 pid=1235)[0;0m ERROR 02-18 19:38:00 [multiproc_executor.py:772]   File "/vllm-workspace/vllm/vllm/model_executor/models/deepseek_v2.py", line 963, in __init__
2026-02-18T19:38:00.6099748Z [0;36m(Worker_DP0_TP0_EP0 pid=1235)[0;0m ERROR 02-18 19:38:00 [multiproc_executor.py:772]     self.mlp = DeepseekV2MoE(
2026-02-18T19:38:00.6109381Z [0;36m(Worker_DP0_TP0_EP0 pid=1235)[0;0m ERROR 02-18 19:38:00 [multiproc_executor.py:772]                ^^^^^^^^^^^^^^
2026-02-18T19:38:00.6119355Z [0;36m(Worker_DP0_TP0_EP0 pid=1235)[0;0m ERROR 02-18 19:38:00 [multiproc_executor.py:772]   File "/vllm-workspace/vllm/vllm/model_executor/models/deepseek_v2.py", line 298, in __init__
2026-02-18T19:38:00.6130888Z [0;36m(Worker_DP0_TP0_EP0 pid=1235)[0;0m ERROR 02-18 19:38:00 [multiproc_executor.py:772]     self.experts = SharedFusedMoE(
2026-02-18T19:38:00.6140473Z [0;36m(Worker_DP0_TP0_EP0 pid=1235)[0;0m ERROR 02-18 19:38:00 [multiproc_executor.py:772]                    ^^^^^^^^^^^^^^^
2026-02-18T19:38:00.6150331Z [0;36m(Worker_DP0_TP0_EP0 pid=1235)[0;0m ERROR 02-18 19:38:00 [multiproc_executor.py:772]   File "/vllm-workspace/vllm-ascend/vllm_ascend/ops/fused_moe/fused_moe.py", line 401, in __init__
2026-02-18T19:38:00.6160159Z [0;36m(Worker_DP0_TP0_EP0 pid=1235)[0;0m ERROR 02-18 19:38:00 [multiproc_executor.py:772]     AscendFusedMoE.__init__(self, **kwargs)
2026-02-18T19:38:00.6170124Z [0;36m(Worker_DP0_TP0_EP0 pid=1235)[0;0m ERROR 02-18 19:38:00 [multiproc_executor.py:772]   File "/vllm-workspace/vllm-ascend/vllm_ascend/ops/fused_moe/fused_moe.py", line 162, in __init__
2026-02-18T19:38:00.6179884Z [0;36m(Worker_DP0_TP0_EP0 pid=1235)[0;0m ERROR 02-18 19:38:00 [multiproc_executor.py:772]     super().__init__(*args, **kwargs)
2026-02-18T19:38:00.6188937Z [0;36m(Worker_DP0_TP0_EP0 pid=1235)[0;0m ERROR 02-18 19:38:00 [multiproc_executor.py:772]   File "/vllm-workspace/vllm/vllm/model_executor/layers/fused_moe/layer.py", line 603, in __init__
2026-02-18T19:38:00.6198325Z [0;36m(Worker_DP0_TP0_EP0 pid=1235)[0;0m ERROR 02-18 19:38:00 [multiproc_executor.py:772]     self.quant_method: FusedMoEMethodBase = _get_quant_method()
2026-02-18T19:38:00.6208474Z [0;36m(Worker_DP0_TP0_EP0 pid=1235)[0;0m ERROR 02-18 19:38:00 [multiproc_executor.py:772]                                             ^^^^^^^^^^^^^^^^^^^
2026-02-18T19:38:00.6218055Z [0;36m(Worker_DP0_TP0_EP0 pid=1235)[0;0m ERROR 02-18 19:38:00 [multiproc_executor.py:772]   File "/vllm-workspace/vllm/vllm/model_executor/layers/fused_moe/layer.py", line 595, in _get_quant_method
2026-02-18T19:38:00.6227527Z [0;36m(Worker_DP0_TP0_EP0 pid=1235)[0;0m ERROR 02-18 19:38:00 [multiproc_executor.py:772]     quant_method = self.quant_config.get_quant_method(self, prefix)
2026-02-18T19:38:00.6236669Z [0;36m(Worker_DP0_TP0_EP0 pid=1235)[0;0m ERROR 02-18 19:38:00 [multiproc_executor.py:772]                    ^^^^^^^^^^^^^^^^^^^^^^^^^^^^^^^^^^^^^^^^^^^^^^^^
2026-02-18T19:38:00.6247431Z [0;36m(Worker_DP0_TP0_EP0 pid=1235)[0;0m ERROR 02-18 19:38:00 [multiproc_executor.py:772]   File "/vllm-workspace/vllm-ascend/vllm_ascend/quantization/modelslim_config.py", line 419, in get_quant_method
2026-02-18T19:38:00.6257106Z [0;36m(Worker_DP0_TP0_EP0 pid=1235)[0;0m ERROR 02-18 19:38:00 [multiproc_executor.py:772]     scheme = create_scheme_for_layer(self.quant_description, prefix, "moe", self.packed_modules_mapping)
2026-02-18T19:38:00.6266501Z [0;36m(Worker_DP0_TP0_EP0 pid=1235)[0;0m ERROR 02-18 19:38:00 [multiproc_executor.py:772]              ^^^^^^^^^^^^^^^^^^^^^^^^^^^^^^^^^^^^^^^^^^^^^^^^^^^^^^^^^^^^^^^^^^^^^^^^^^^^^^^^^^^^^^^^^^^
2026-02-18T19:38:00.6276492Z [0;36m(Worker_DP0_TP0_EP0 pid=1235)[0;0m ERROR 02-18 19:38:00 [multiproc_executor.py:772]   File "/vllm-workspace/vllm-ascend/vllm_ascend/quantization/modelslim_config.py", line 295, in create_scheme_for_layer
2026-02-18T19:38:00.6285780Z [0;36m(Worker_DP0_TP0_EP0 pid=1235)[0;0m ERROR 02-18 19:38:00 [multiproc_executor.py:772]     return scheme_cls()
2026-02-18T19:38:00.6295278Z [0;36m(Worker_DP0_TP0_EP0 pid=1235)[0;0m ERROR 02-18 19:38:00 [multiproc_executor.py:772]            ^^^^^^^^^^^^
2026-02-18T19:38:00.6305253Z [0;36m(Worker_DP0_TP0_EP0 pid=1235)[0;0m ERROR 02-18 19:38:00 [multiproc_executor.py:772]   File "/vllm-workspace/vllm-ascend/vllm_ascend/quantization/methods/w8a8_dynamic.py", line 128, in __init__
2026-02-18T19:38:00.6314235Z [0;36m(Worker_DP0_TP0_EP0 pid=1235)[0;0m ERROR 02-18 19:38:00 [multiproc_executor.py:772]     self.moe_all_to_all_group_name = backend.get_hccl_comm_name(local_rank)
2026-02-18T19:38:00.6324545Z [0;36m(Worker_DP0_TP0_EP0 pid=1235)[0;0m ERROR 02-18 19:38:00 [multiproc_executor.py:772]                                      ^^^^^^^^^^^^^^^^^^^^^^^^^^^^^^^^^^^^^^
2026-02-18T19:38:00.6335326Z [0;36m(Worker_DP0_TP0_EP0 pid=1235)[0;0m ERROR 02-18 19:38:00 [multiproc_executor.py:772] RuntimeError: create_config:build/CMakeFiles/torch_npu.dir/compiler_depend.ts:130 HCCL function error: hcclCommInitRootInfoConfig(numRanks, &rootInfo, rank, config, &(comm->hcclComm_)), error code is 7
2026-02-18T19:38:00.6344413Z [0;36m(Worker_DP0_TP0_EP0 pid=1235)[0;0m ERROR 02-18 19:38:00 [multiproc_executor.py:772] [ERROR] 2026-02-18-19:37:59 (PID:1235, Device:0, RankID:-1) ERR02200 DIST call hccl api failed.
2026-02-18T19:38:00.6353311Z [0;36m(Worker_DP0_TP0_EP0 pid=1235)[0;0m ERROR 02-18 19:38:00 [multiproc_executor.py:772] 
2026-02-18T19:38:00.6363061Z [0;36m(Worker_DP1_TP0_EP8 pid=1236)[0;0m INFO 02-18 19:38:00 [multiproc_executor.py:730] Parent process exited, terminating worker
2026-02-18T19:38:00.6372402Z [0;36m(Worker_DP0_TP1_EP1 pid=2049)[0;0m INFO 02-18 19:38:00 [multiproc_executor.py:730] Parent process exited, terminating worker
2026-02-18T19:38:00.6381924Z [0;36m(Worker_DP1_TP2_EP10 pid=2605)[0;0m ERROR 02-18 19:38:00 [multiproc_executor.py:772] WorkerProc failed to start.
2026-02-18T19:38:00.6391183Z [0;36m(Worker_DP1_TP2_EP10 pid=2605)[0;0m ERROR 02-18 19:38:00 [multiproc_executor.py:772] Traceback (most recent call last):
2026-02-18T19:38:00.6401693Z [0;36m(Worker_DP1_TP2_EP10 pid=2605)[0;0m ERROR 02-18 19:38:00 [multiproc_executor.py:772]   File "/vllm-workspace/vllm/vllm/v1/executor/multiproc_executor.py", line 743, in worker_main
2026-02-18T19:38:00.6412774Z [0;36m(Worker_DP1_TP2_EP10 pid=2605)[0;0m ERROR 02-18 19:38:00 [multiproc_executor.py:772]     worker = WorkerProc(*args, **kwargs)
2026-02-18T19:38:00.6420874Z [0;36m(Worker_DP1_TP2_EP10 pid=2605)[0;0m ERROR 02-18 19:38:00 [multiproc_executor.py:772]              ^^^^^^^^^^^^^^^^^^^^^^^^^^^
2026-02-18T19:38:00.6430084Z [0;36m(Worker_DP1_TP2_EP10 pid=2605)[0;0m ERROR 02-18 19:38:00 [multiproc_executor.py:772]   File "/vllm-workspace/vllm/vllm/v1/executor/multiproc_executor.py", line 578, in __init__
2026-02-18T19:38:00.6439834Z [0;36m(Worker_DP1_TP2_EP10 pid=2605)[0;0m ERROR 02-18 19:38:00 [multiproc_executor.py:772]     self.worker.load_model()
2026-02-18T19:38:00.6449943Z [0;36m(Worker_DP1_TP2_EP10 pid=2605)[0;0m ERROR 02-18 19:38:00 [multiproc_executor.py:772]   File "/vllm-workspace/vllm-ascend/vllm_ascend/worker/worker.py", line 404, in load_model
2026-02-18T19:38:00.6459528Z [0;36m(Worker_DP1_TP2_EP10 pid=2605)[0;0m ERROR 02-18 19:38:00 [multiproc_executor.py:772]     self.model_runner.load_model()
2026-02-18T19:38:00.6468869Z [0;36m(Worker_DP1_TP2_EP10 pid=2605)[0;0m ERROR 02-18 19:38:00 [multiproc_executor.py:772]   File "/vllm-workspace/vllm-ascend/vllm_ascend/worker/model_runner_v1.py", line 2311, in load_model
2026-02-18T19:38:00.6477910Z [0;36m(Worker_DP1_TP2_EP10 pid=2605)[0;0m ERROR 02-18 19:38:00 [multiproc_executor.py:772]     self.model = get_model(vllm_config=self.vllm_config)
2026-02-18T19:38:00.6488300Z [0;36m(Worker_DP1_TP2_EP10 pid=2605)[0;0m ERROR 02-18 19:38:00 [multiproc_executor.py:772]                  ^^^^^^^^^^^^^^^^^^^^^^^^^^^^^^^^^^^^^^^
2026-02-18T19:38:00.6497826Z [0;36m(Worker_DP1_TP2_EP10 pid=2605)[0;0m ERROR 02-18 19:38:00 [multiproc_executor.py:772]   File "/vllm-workspace/vllm/vllm/model_executor/model_loader/__init__.py", line 135, in get_model
2026-02-18T19:38:00.6507153Z [0;36m(Worker_DP1_TP2_EP10 pid=2605)[0;0m ERROR 02-18 19:38:00 [multiproc_executor.py:772]     return loader.load_model(
2026-02-18T19:38:00.6516652Z [0;36m(Worker_DP1_TP2_EP10 pid=2605)[0;0m ERROR 02-18 19:38:00 [multiproc_executor.py:772]            ^^^^^^^^^^^^^^^^^^
2026-02-18T19:38:00.6530510Z [0;36m(Worker_DP1_TP2_EP10 pid=2605)[0;0m ERROR 02-18 19:38:00 [multiproc_executor.py:772]   File "/vllm-workspace/vllm/vllm/model_executor/model_loader/base_loader.py", line 50, in load_model
2026-02-18T19:38:00.6539608Z [0;36m(Worker_DP1_TP2_EP10 pid=2605)[0;0m ERROR 02-18 19:38:00 [multiproc_executor.py:772]     model = initialize_model(
2026-02-18T19:38:00.6549351Z [0;36m(Worker_DP1_TP2_EP10 pid=2605)[0;0m ERROR 02-18 19:38:00 [multiproc_executor.py:772]             ^^^^^^^^^^^^^^^^^
2026-02-18T19:38:00.6559454Z [0;36m(Worker_DP1_TP2_EP10 pid=2605)[0;0m ERROR 02-18 19:38:00 [multiproc_executor.py:772]   File "/vllm-workspace/vllm/vllm/model_executor/model_loader/utils.py", line 48, in initialize_model
2026-02-18T19:38:00.6569968Z [0;36m(Worker_DP1_TP2_EP10 pid=2605)[0;0m ERROR 02-18 19:38:00 [multiproc_executor.py:772]     return model_class(vllm_config=vllm_config, prefix=prefix)
2026-02-18T19:38:00.6581957Z [0;36m(Worker_DP1_TP2_EP10 pid=2605)[0;0m ERROR 02-18 19:38:00 [multiproc_executor.py:772]            ^^^^^^^^^^^^^^^^^^^^^^^^^^^^^^^^^^^^^^^^^^^^^^^^^^^
2026-02-18T19:38:00.6594455Z [0;36m(Worker_DP1_TP2_EP10 pid=2605)[0;0m ERROR 02-18 19:38:00 [multiproc_executor.py:772]   File "/vllm-workspace/vllm/vllm/model_executor/models/deepseek_v2.py", line 1210, in __init__
2026-02-18T19:38:00.6605176Z [0;36m(Worker_DP1_TP2_EP10 pid=2605)[0;0m ERROR 02-18 19:38:00 [multiproc_executor.py:772]     self.model = self.model_cls(
2026-02-18T19:38:00.6615759Z [0;36m(Worker_DP1_TP2_EP10 pid=2605)[0;0m ERROR 02-18 19:38:00 [multiproc_executor.py:772]                  ^^^^^^^^^^^^^^^
2026-02-18T19:38:00.6625434Z [0;36m(Worker_DP1_TP2_EP10 pid=2605)[0;0m ERROR 02-18 19:38:00 [multiproc_executor.py:772]   File "/vllm-workspace/vllm/vllm/compilation/decorators.py", line 306, in __init__
2026-02-18T19:38:00.6635558Z [0;36m(Worker_DP1_TP2_EP10 pid=2605)[0;0m ERROR 02-18 19:38:00 [multiproc_executor.py:772]     old_init(self, **kwargs)
2026-02-18T19:38:00.6645514Z [0;36m(Worker_DP1_TP2_EP10 pid=2605)[0;0m ERROR 02-18 19:38:00 [multiproc_executor.py:772]   File "/vllm-workspace/vllm/vllm/model_executor/models/deepseek_v2.py", line 1067, in __init__
2026-02-18T19:38:00.6655056Z [0;36m(Worker_DP1_TP2_EP10 pid=2605)[0;0m ERROR 02-18 19:38:00 [multiproc_executor.py:772]     self.start_layer, self.end_layer, self.layers = make_layers(
2026-02-18T19:38:00.6664522Z [0;36m(Worker_DP1_TP2_EP10 pid=2605)[0;0m ERROR 02-18 19:38:00 [multiproc_executor.py:772]                                                     ^^^^^^^^^^^^
2026-02-18T19:38:00.6674467Z [0;36m(Worker_DP1_TP2_EP10 pid=2605)[0;0m ERROR 02-18 19:38:00 [multiproc_executor.py:772]   File "/vllm-workspace/vllm/vllm/model_executor/models/utils.py", line 706, in make_layers
2026-02-18T19:38:00.6683752Z [0;36m(Worker_DP1_TP2_EP10 pid=2605)[0;0m ERROR 02-18 19:38:00 [multiproc_executor.py:772]     + [
2026-02-18T19:38:00.6692986Z [0;36m(Worker_DP1_TP2_EP10 pid=2605)[0;0m ERROR 02-18 19:38:00 [multiproc_executor.py:772]       ^
2026-02-18T19:38:00.6702671Z [0;36m(Worker_DP1_TP2_EP10 pid=2605)[0;0m ERROR 02-18 19:38:00 [multiproc_executor.py:772]   File "/vllm-workspace/vllm/vllm/model_executor/models/utils.py", line 707, in <listcomp>
2026-02-18T19:38:00.6712336Z [0;36m(Worker_DP1_TP2_EP10 pid=2605)[0;0m ERROR 02-18 19:38:00 [multiproc_executor.py:772]     maybe_offload_to_cpu(layer_fn(prefix=f"{prefix}.{idx}"))
2026-02-18T19:38:00.6722820Z [0;36m(Worker_DP1_TP2_EP10 pid=2605)[0;0m ERROR 02-18 19:38:00 [multiproc_executor.py:772]                          ^^^^^^^^^^^^^^^^^^^^^^^^^^^^^^^^^^
2026-02-18T19:38:00.6732670Z [0;36m(Worker_DP1_TP2_EP10 pid=2605)[0;0m ERROR 02-18 19:38:00 [multiproc_executor.py:772]   File "/vllm-workspace/vllm/vllm/model_executor/models/deepseek_v2.py", line 1069, in <lambda>
2026-02-18T19:38:00.6741852Z [0;36m(Worker_DP1_TP2_EP10 pid=2605)[0;0m ERROR 02-18 19:38:00 [multiproc_executor.py:772]     lambda prefix: DeepseekV2DecoderLayer(
2026-02-18T19:38:00.6751276Z [0;36m(Worker_DP1_TP2_EP10 pid=2605)[0;0m ERROR 02-18 19:38:00 [multiproc_executor.py:772]                    ^^^^^^^^^^^^^^^^^^^^^^^
2026-02-18T19:38:00.6763477Z [0;36m(Worker_DP1_TP2_EP10 pid=2605)[0;0m ERROR 02-18 19:38:00 [multiproc_executor.py:772]   File "/vllm-workspace/vllm/vllm/model_executor/models/deepseek_v2.py", line 963, in __init__
2026-02-18T19:38:00.6774082Z [0;36m(Worker_DP1_TP2_EP10 pid=2605)[0;0m ERROR 02-18 19:38:00 [multiproc_executor.py:772]     self.mlp = DeepseekV2MoE(
2026-02-18T19:38:00.6786202Z [0;36m(Worker_DP1_TP2_EP10 pid=2605)[0;0m ERROR 02-18 19:38:00 [multiproc_executor.py:772]                ^^^^^^^^^^^^^^
2026-02-18T19:38:00.6798532Z [0;36m(Worker_DP1_TP2_EP10 pid=2605)[0;0m ERROR 02-18 19:38:00 [multiproc_executor.py:772]   File "/vllm-workspace/vllm/vllm/model_executor/models/deepseek_v2.py", line 298, in __init__
2026-02-18T19:38:00.6810554Z [0;36m(Worker_DP1_TP2_EP10 pid=2605)[0;0m ERROR 02-18 19:38:00 [multiproc_executor.py:772]     self.experts = SharedFusedMoE(
2026-02-18T19:38:00.6820300Z [0;36m(Worker_DP1_TP2_EP10 pid=2605)[0;0m ERROR 02-18 19:38:00 [multiproc_executor.py:772]                    ^^^^^^^^^^^^^^^
2026-02-18T19:38:00.6831206Z [0;36m(Worker_DP1_TP2_EP10 pid=2605)[0;0m ERROR 02-18 19:38:00 [multiproc_executor.py:772]   File "/vllm-workspace/vllm-ascend/vllm_ascend/ops/fused_moe/fused_moe.py", line 401, in __init__
2026-02-18T19:38:00.6841619Z [0;36m(Worker_DP1_TP2_EP10 pid=2605)[0;0m ERROR 02-18 19:38:00 [multiproc_executor.py:772]     AscendFusedMoE.__init__(self, **kwargs)
2026-02-18T19:38:00.6851740Z [0;36m(Worker_DP1_TP2_EP10 pid=2605)[0;0m ERROR 02-18 19:38:00 [multiproc_executor.py:772]   File "/vllm-workspace/vllm-ascend/vllm_ascend/ops/fused_moe/fused_moe.py", line 162, in __init__
2026-02-18T19:38:00.6861725Z [0;36m(Worker_DP1_TP2_EP10 pid=2605)[0;0m ERROR 02-18 19:38:00 [multiproc_executor.py:772]     super().__init__(*args, **kwargs)
2026-02-18T19:38:00.6871894Z [0;36m(Worker_DP1_TP2_EP10 pid=2605)[0;0m ERROR 02-18 19:38:00 [multiproc_executor.py:772]   File "/vllm-workspace/vllm/vllm/model_executor/layers/fused_moe/layer.py", line 603, in __init__
2026-02-18T19:38:00.6881710Z [0;36m(Worker_DP1_TP2_EP10 pid=2605)[0;0m ERROR 02-18 19:38:00 [multiproc_executor.py:772]     self.quant_method: FusedMoEMethodBase = _get_quant_method()
2026-02-18T19:38:00.6891251Z [0;36m(Worker_DP1_TP2_EP10 pid=2605)[0;0m ERROR 02-18 19:38:00 [multiproc_executor.py:772]                                             ^^^^^^^^^^^^^^^^^^^
2026-02-18T19:38:00.6902404Z [0;36m(Worker_DP1_TP2_EP10 pid=2605)[0;0m ERROR 02-18 19:38:00 [multiproc_executor.py:772]   File "/vllm-workspace/vllm/vllm/model_executor/layers/fused_moe/layer.py", line 595, in _get_quant_method
2026-02-18T19:38:00.6911037Z [0;36m(Worker_DP1_TP2_EP10 pid=2605)[0;0m ERROR 02-18 19:38:00 [multiproc_executor.py:772]     quant_method = self.quant_config.get_quant_method(self, prefix)
2026-02-18T19:38:00.6920716Z [0;36m(Worker_DP1_TP2_EP10 pid=2605)[0;0m ERROR 02-18 19:38:00 [multiproc_executor.py:772]                    ^^^^^^^^^^^^^^^^^^^^^^^^^^^^^^^^^^^^^^^^^^^^^^^^
2026-02-18T19:38:00.6930943Z [0;36m(Worker_DP1_TP2_EP10 pid=2605)[0;0m ERROR 02-18 19:38:00 [multiproc_executor.py:772]   File "/vllm-workspace/vllm-ascend/vllm_ascend/quantization/modelslim_config.py", line 419, in get_quant_method
2026-02-18T19:38:00.6940796Z [0;36m(Worker_DP1_TP2_EP10 pid=2605)[0;0m ERROR 02-18 19:38:00 [multiproc_executor.py:772]     scheme = create_scheme_for_layer(self.quant_description, prefix, "moe", self.packed_modules_mapping)
2026-02-18T19:38:00.6951622Z [0;36m(Worker_DP1_TP2_EP10 pid=2605)[0;0m ERROR 02-18 19:38:00 [multiproc_executor.py:772]              ^^^^^^^^^^^^^^^^^^^^^^^^^^^^^^^^^^^^^^^^^^^^^^^^^^^^^^^^^^^^^^^^^^^^^^^^^^^^^^^^^^^^^^^^^^^
2026-02-18T19:38:00.6961230Z [0;36m(Worker_DP1_TP2_EP10 pid=2605)[0;0m ERROR 02-18 19:38:00 [multiproc_executor.py:772]   File "/vllm-workspace/vllm-ascend/vllm_ascend/quantization/modelslim_config.py", line 295, in create_scheme_for_layer
2026-02-18T19:38:00.6970436Z [0;36m(Worker_DP1_TP2_EP10 pid=2605)[0;0m ERROR 02-18 19:38:00 [multiproc_executor.py:772]     return scheme_cls()
2026-02-18T19:38:00.6980027Z [0;36m(Worker_DP1_TP2_EP10 pid=2605)[0;0m ERROR 02-18 19:38:00 [multiproc_executor.py:772]            ^^^^^^^^^^^^
2026-02-18T19:38:00.6990491Z [0;36m(Worker_DP1_TP2_EP10 pid=2605)[0;0m ERROR 02-18 19:38:00 [multiproc_executor.py:772]   File "/vllm-workspace/vllm-ascend/vllm_ascend/quantization/methods/w8a8_dynamic.py", line 128, in __init__
2026-02-18T19:38:00.7000345Z [0;36m(Worker_DP1_TP2_EP10 pid=2605)[0;0m ERROR 02-18 19:38:00 [multiproc_executor.py:772]     self.moe_all_to_all_group_name = backend.get_hccl_comm_name(local_rank)
2026-02-18T19:38:00.7010630Z [0;36m(Worker_DP1_TP2_EP10 pid=2605)[0;0m ERROR 02-18 19:38:00 [multiproc_executor.py:772]                                      ^^^^^^^^^^^^^^^^^^^^^^^^^^^^^^^^^^^^^^
2026-02-18T19:38:00.7021288Z [0;36m(Worker_DP1_TP2_EP10 pid=2605)[0;0m ERROR 02-18 19:38:00 [multiproc_executor.py:772] RuntimeError: create_config:build/CMakeFiles/torch_npu.dir/compiler_depend.ts:130 HCCL function error: hcclCommInitRootInfoConfig(numRanks, &rootInfo, rank, config, &(comm->hcclComm_)), error code is 7
2026-02-18T19:38:00.7030403Z [0;36m(Worker_DP1_TP2_EP10 pid=2605)[0;0m ERROR 02-18 19:38:00 [multiproc_executor.py:772] [ERROR] 2026-02-18-19:37:59 (PID:2605, Device:2, RankID:-1) ERR02200 DIST call hccl api failed.
2026-02-18T19:38:00.7040545Z [0;36m(Worker_DP1_TP2_EP10 pid=2605)[0;0m ERROR 02-18 19:38:00 [multiproc_executor.py:772] 
2026-02-18T19:38:00.7051351Z [0;36m(Worker_DP0_TP4_EP4 pid=3718)[0;0m ERROR 02-18 19:38:00 [multiproc_executor.py:772] WorkerProc failed to start.
2026-02-18T19:38:00.7060635Z [0;36m(Worker_DP0_TP4_EP4 pid=3718)[0;0m ERROR 02-18 19:38:00 [multiproc_executor.py:772] Traceback (most recent call last):
2026-02-18T19:38:00.7070525Z [0;36m(Worker_DP0_TP4_EP4 pid=3718)[0;0m ERROR 02-18 19:38:00 [multiproc_executor.py:772]   File "/vllm-workspace/vllm/vllm/v1/executor/multiproc_executor.py", line 743, in worker_main
2026-02-18T19:38:00.7082318Z [0;36m(Worker_DP0_TP4_EP4 pid=3718)[0;0m ERROR 02-18 19:38:00 [multiproc_executor.py:772]     worker = WorkerProc(*args, **kwargs)
2026-02-18T19:38:00.7091839Z [0;36m(Worker_DP0_TP4_EP4 pid=3718)[0;0m ERROR 02-18 19:38:00 [multiproc_executor.py:772]              ^^^^^^^^^^^^^^^^^^^^^^^^^^^
2026-02-18T19:38:00.7101458Z [0;36m(Worker_DP0_TP4_EP4 pid=3718)[0;0m ERROR 02-18 19:38:00 [multiproc_executor.py:772]   File "/vllm-workspace/vllm/vllm/v1/executor/multiproc_executor.py", line 578, in __init__
2026-02-18T19:38:00.7110734Z [0;36m(Worker_DP0_TP4_EP4 pid=3718)[0;0m ERROR 02-18 19:38:00 [multiproc_executor.py:772]     self.worker.load_model()
2026-02-18T19:38:00.7120427Z [0;36m(Worker_DP0_TP4_EP4 pid=3718)[0;0m ERROR 02-18 19:38:00 [multiproc_executor.py:772]   File "/vllm-workspace/vllm-ascend/vllm_ascend/worker/worker.py", line 404, in load_model
2026-02-18T19:38:00.7130050Z [0;36m(Worker_DP0_TP4_EP4 pid=3718)[0;0m ERROR 02-18 19:38:00 [multiproc_executor.py:772]     self.model_runner.load_model()
2026-02-18T19:38:00.7139764Z [0;36m(Worker_DP0_TP4_EP4 pid=3718)[0;0m ERROR 02-18 19:38:00 [multiproc_executor.py:772]   File "/vllm-workspace/vllm-ascend/vllm_ascend/worker/model_runner_v1.py", line 2311, in load_model
2026-02-18T19:38:00.7149151Z [0;36m(Worker_DP0_TP4_EP4 pid=3718)[0;0m ERROR 02-18 19:38:00 [multiproc_executor.py:772]     self.model = get_model(vllm_config=self.vllm_config)
2026-02-18T19:38:00.7158718Z [0;36m(Worker_DP0_TP4_EP4 pid=3718)[0;0m ERROR 02-18 19:38:00 [multiproc_executor.py:772]                  ^^^^^^^^^^^^^^^^^^^^^^^^^^^^^^^^^^^^^^^
2026-02-18T19:38:00.7168811Z [0;36m(Worker_DP0_TP4_EP4 pid=3718)[0;0m ERROR 02-18 19:38:00 [multiproc_executor.py:772]   File "/vllm-workspace/vllm/vllm/model_executor/model_loader/__init__.py", line 135, in get_model
2026-02-18T19:38:00.7178080Z [0;36m(Worker_DP0_TP4_EP4 pid=3718)[0;0m ERROR 02-18 19:38:00 [multiproc_executor.py:772]     return loader.load_model(
2026-02-18T19:38:00.7187551Z [0;36m(Worker_DP0_TP4_EP4 pid=3718)[0;0m ERROR 02-18 19:38:00 [multiproc_executor.py:772]            ^^^^^^^^^^^^^^^^^^
2026-02-18T19:38:00.7197840Z [0;36m(Worker_DP0_TP4_EP4 pid=3718)[0;0m ERROR 02-18 19:38:00 [multiproc_executor.py:772]   File "/vllm-workspace/vllm/vllm/model_executor/model_loader/base_loader.py", line 50, in load_model
2026-02-18T19:38:00.7206912Z [0;36m(Worker_DP0_TP4_EP4 pid=3718)[0;0m ERROR 02-18 19:38:00 [multiproc_executor.py:772]     model = initialize_model(
2026-02-18T19:38:00.7216635Z [0;36m(Worker_DP0_TP4_EP4 pid=3718)[0;0m ERROR 02-18 19:38:00 [multiproc_executor.py:772]             ^^^^^^^^^^^^^^^^^
2026-02-18T19:38:00.7226550Z [0;36m(Worker_DP0_TP4_EP4 pid=3718)[0;0m ERROR 02-18 19:38:00 [multiproc_executor.py:772]   File "/vllm-workspace/vllm/vllm/model_executor/model_loader/utils.py", line 48, in initialize_model
2026-02-18T19:38:00.7236106Z [0;36m(Worker_DP0_TP4_EP4 pid=3718)[0;0m ERROR 02-18 19:38:00 [multiproc_executor.py:772]     return model_class(vllm_config=vllm_config, prefix=prefix)
2026-02-18T19:38:00.7246064Z [0;36m(Worker_DP0_TP4_EP4 pid=3718)[0;0m ERROR 02-18 19:38:00 [multiproc_executor.py:772]            ^^^^^^^^^^^^^^^^^^^^^^^^^^^^^^^^^^^^^^^^^^^^^^^^^^^
2026-02-18T19:38:00.7256196Z [0;36m(Worker_DP0_TP4_EP4 pid=3718)[0;0m ERROR 02-18 19:38:00 [multiproc_executor.py:772]   File "/vllm-workspace/vllm/vllm/model_executor/models/deepseek_v2.py", line 1210, in __init__
2026-02-18T19:38:00.7265302Z [0;36m(Worker_DP0_TP4_EP4 pid=3718)[0;0m ERROR 02-18 19:38:00 [multiproc_executor.py:772]     self.model = self.model_cls(
2026-02-18T19:38:00.7274628Z [0;36m(Worker_DP0_TP4_EP4 pid=3718)[0;0m ERROR 02-18 19:38:00 [multiproc_executor.py:772]                  ^^^^^^^^^^^^^^^
2026-02-18T19:38:00.7285049Z [0;36m(Worker_DP0_TP4_EP4 pid=3718)[0;0m ERROR 02-18 19:38:00 [multiproc_executor.py:772]   File "/vllm-workspace/vllm/vllm/compilation/decorators.py", line 306, in __init__
2026-02-18T19:38:00.7294153Z [0;36m(Worker_DP0_TP4_EP4 pid=3718)[0;0m ERROR 02-18 19:38:00 [multiproc_executor.py:772]     old_init(self, **kwargs)
2026-02-18T19:38:00.7304262Z [0;36m(Worker_DP0_TP4_EP4 pid=3718)[0;0m ERROR 02-18 19:38:00 [multiproc_executor.py:772]   File "/vllm-workspace/vllm/vllm/model_executor/models/deepseek_v2.py", line 1067, in __init__
2026-02-18T19:38:00.7314076Z [0;36m(Worker_DP0_TP4_EP4 pid=3718)[0;0m ERROR 02-18 19:38:00 [multiproc_executor.py:772]     self.start_layer, self.end_layer, self.layers = make_layers(
2026-02-18T19:38:00.7323741Z [0;36m(Worker_DP0_TP4_EP4 pid=3718)[0;0m ERROR 02-18 19:38:00 [multiproc_executor.py:772]                                                     ^^^^^^^^^^^^
2026-02-18T19:38:00.7333776Z [0;36m(Worker_DP0_TP4_EP4 pid=3718)[0;0m ERROR 02-18 19:38:00 [multiproc_executor.py:772]   File "/vllm-workspace/vllm/vllm/model_executor/models/utils.py", line 706, in make_layers
2026-02-18T19:38:00.7342915Z [0;36m(Worker_DP0_TP4_EP4 pid=3718)[0;0m ERROR 02-18 19:38:00 [multiproc_executor.py:772]     + [
2026-02-18T19:38:00.7352464Z [0;36m(Worker_DP0_TP4_EP4 pid=3718)[0;0m ERROR 02-18 19:38:00 [multiproc_executor.py:772]       ^
2026-02-18T19:38:00.7362294Z [0;36m(Worker_DP0_TP4_EP4 pid=3718)[0;0m ERROR 02-18 19:38:00 [multiproc_executor.py:772]   File "/vllm-workspace/vllm/vllm/model_executor/models/utils.py", line 707, in <listcomp>
2026-02-18T19:38:00.7372861Z [0;36m(Worker_DP0_TP4_EP4 pid=3718)[0;0m ERROR 02-18 19:38:00 [multiproc_executor.py:772]     maybe_offload_to_cpu(layer_fn(prefix=f"{prefix}.{idx}"))
2026-02-18T19:38:00.7381712Z [0;36m(Worker_DP0_TP4_EP4 pid=3718)[0;0m ERROR 02-18 19:38:00 [multiproc_executor.py:772]                          ^^^^^^^^^^^^^^^^^^^^^^^^^^^^^^^^^^
2026-02-18T19:38:00.7390919Z [0;36m(Worker_DP0_TP4_EP4 pid=3718)[0;0m ERROR 02-18 19:38:00 [multiproc_executor.py:772]   File "/vllm-workspace/vllm/vllm/model_executor/models/deepseek_v2.py", line 1069, in <lambda>
2026-02-18T19:38:00.7400423Z [0;36m(Worker_DP0_TP4_EP4 pid=3718)[0;0m ERROR 02-18 19:38:00 [multiproc_executor.py:772]     lambda prefix: DeepseekV2DecoderLayer(
2026-02-18T19:38:00.7410050Z [0;36m(Worker_DP0_TP4_EP4 pid=3718)[0;0m ERROR 02-18 19:38:00 [multiproc_executor.py:772]                    ^^^^^^^^^^^^^^^^^^^^^^^
2026-02-18T19:38:00.7419237Z [0;36m(Worker_DP0_TP4_EP4 pid=3718)[0;0m ERROR 02-18 19:38:00 [multiproc_executor.py:772]   File "/vllm-workspace/vllm/vllm/model_executor/models/deepseek_v2.py", line 963, in __init__
2026-02-18T19:38:00.7428714Z [0;36m(Worker_DP0_TP4_EP4 pid=3718)[0;0m ERROR 02-18 19:38:00 [multiproc_executor.py:772]     self.mlp = DeepseekV2MoE(
2026-02-18T19:38:00.7438073Z [0;36m(Worker_DP0_TP4_EP4 pid=3718)[0;0m ERROR 02-18 19:38:00 [multiproc_executor.py:772]                ^^^^^^^^^^^^^^
2026-02-18T19:38:00.7447666Z [0;36m(Worker_DP0_TP4_EP4 pid=3718)[0;0m ERROR 02-18 19:38:00 [multiproc_executor.py:772]   File "/vllm-workspace/vllm/vllm/model_executor/models/deepseek_v2.py", line 298, in __init__
2026-02-18T19:38:00.7456987Z [0;36m(Worker_DP0_TP4_EP4 pid=3718)[0;0m ERROR 02-18 19:38:00 [multiproc_executor.py:772]     self.experts = SharedFusedMoE(
2026-02-18T19:38:00.7466463Z [0;36m(Worker_DP0_TP4_EP4 pid=3718)[0;0m ERROR 02-18 19:38:00 [multiproc_executor.py:772]                    ^^^^^^^^^^^^^^^
2026-02-18T19:38:00.7475939Z [0;36m(Worker_DP0_TP4_EP4 pid=3718)[0;0m ERROR 02-18 19:38:00 [multiproc_executor.py:772]   File "/vllm-workspace/vllm-ascend/vllm_ascend/ops/fused_moe/fused_moe.py", line 401, in __init__
2026-02-18T19:38:00.7485762Z [0;36m(Worker_DP0_TP4_EP4 pid=3718)[0;0m ERROR 02-18 19:38:00 [multiproc_executor.py:772]     AscendFusedMoE.__init__(self, **kwargs)
2026-02-18T19:38:00.7495723Z [0;36m(Worker_DP0_TP4_EP4 pid=3718)[0;0m ERROR 02-18 19:38:00 [multiproc_executor.py:772]   File "/vllm-workspace/vllm-ascend/vllm_ascend/ops/fused_moe/fused_moe.py", line 162, in __init__
2026-02-18T19:38:00.7504337Z [0;36m(Worker_DP0_TP4_EP4 pid=3718)[0;0m ERROR 02-18 19:38:00 [multiproc_executor.py:772]     super().__init__(*args, **kwargs)
2026-02-18T19:38:00.7514038Z [0;36m(Worker_DP0_TP4_EP4 pid=3718)[0;0m ERROR 02-18 19:38:00 [multiproc_executor.py:772]   File "/vllm-workspace/vllm/vllm/model_executor/layers/fused_moe/layer.py", line 603, in __init__
2026-02-18T19:38:00.7523078Z [0;36m(Worker_DP0_TP4_EP4 pid=3718)[0;0m ERROR 02-18 19:38:00 [multiproc_executor.py:772]     self.quant_method: FusedMoEMethodBase = _get_quant_method()
2026-02-18T19:38:00.7533085Z [0;36m(Worker_DP0_TP4_EP4 pid=3718)[0;0m ERROR 02-18 19:38:00 [multiproc_executor.py:772]                                             ^^^^^^^^^^^^^^^^^^^
2026-02-18T19:38:00.7543047Z [0;36m(Worker_DP0_TP4_EP4 pid=3718)[0;0m ERROR 02-18 19:38:00 [multiproc_executor.py:772]   File "/vllm-workspace/vllm/vllm/model_executor/layers/fused_moe/layer.py", line 595, in _get_quant_method
2026-02-18T19:38:00.7552202Z [0;36m(Worker_DP0_TP4_EP4 pid=3718)[0;0m ERROR 02-18 19:38:00 [multiproc_executor.py:772]     quant_method = self.quant_config.get_quant_method(self, prefix)
2026-02-18T19:38:00.7563193Z [0;36m(Worker_DP0_TP4_EP4 pid=3718)[0;0m ERROR 02-18 19:38:00 [multiproc_executor.py:772]                    ^^^^^^^^^^^^^^^^^^^^^^^^^^^^^^^^^^^^^^^^^^^^^^^^
2026-02-18T19:38:00.7573589Z [0;36m(Worker_DP0_TP4_EP4 pid=3718)[0;0m ERROR 02-18 19:38:00 [multiproc_executor.py:772]   File "/vllm-workspace/vllm-ascend/vllm_ascend/quantization/modelslim_config.py", line 419, in get_quant_method
2026-02-18T19:38:00.7582947Z [0;36m(Worker_DP0_TP4_EP4 pid=3718)[0;0m ERROR 02-18 19:38:00 [multiproc_executor.py:772]     scheme = create_scheme_for_layer(self.quant_description, prefix, "moe", self.packed_modules_mapping)
2026-02-18T19:38:00.7591976Z [0;36m(Worker_DP0_TP4_EP4 pid=3718)[0;0m ERROR 02-18 19:38:00 [multiproc_executor.py:772]              ^^^^^^^^^^^^^^^^^^^^^^^^^^^^^^^^^^^^^^^^^^^^^^^^^^^^^^^^^^^^^^^^^^^^^^^^^^^^^^^^^^^^^^^^^^^
2026-02-18T19:38:00.7602194Z [0;36m(Worker_DP0_TP4_EP4 pid=3718)[0;0m ERROR 02-18 19:38:00 [multiproc_executor.py:772]   File "/vllm-workspace/vllm-ascend/vllm_ascend/quantization/modelslim_config.py", line 295, in create_scheme_for_layer
2026-02-18T19:38:00.7611628Z [0;36m(Worker_DP0_TP4_EP4 pid=3718)[0;0m ERROR 02-18 19:38:00 [multiproc_executor.py:772]     return scheme_cls()
2026-02-18T19:38:00.7621178Z [0;36m(Worker_DP0_TP4_EP4 pid=3718)[0;0m ERROR 02-18 19:38:00 [multiproc_executor.py:772]            ^^^^^^^^^^^^
2026-02-18T19:38:00.7631378Z [0;36m(Worker_DP0_TP4_EP4 pid=3718)[0;0m ERROR 02-18 19:38:00 [multiproc_executor.py:772]   File "/vllm-workspace/vllm-ascend/vllm_ascend/quantization/methods/w8a8_dynamic.py", line 128, in __init__
2026-02-18T19:38:00.7641088Z [0;36m(Worker_DP0_TP4_EP4 pid=3718)[0;0m ERROR 02-18 19:38:00 [multiproc_executor.py:772]     self.moe_all_to_all_group_name = backend.get_hccl_comm_name(local_rank)
2026-02-18T19:38:00.7651439Z [0;36m(Worker_DP0_TP4_EP4 pid=3718)[0;0m ERROR 02-18 19:38:00 [multiproc_executor.py:772]                                      ^^^^^^^^^^^^^^^^^^^^^^^^^^^^^^^^^^^^^^
2026-02-18T19:38:00.7664223Z [0;36m(Worker_DP0_TP4_EP4 pid=3718)[0;0m ERROR 02-18 19:38:00 [multiproc_executor.py:772] RuntimeError: create_config:build/CMakeFiles/torch_npu.dir/compiler_depend.ts:130 HCCL function error: hcclCommInitRootInfoConfig(numRanks, &rootInfo, rank, config, &(comm->hcclComm_)), error code is 7
2026-02-18T19:38:00.7671561Z [0;36m(Worker_DP0_TP4_EP4 pid=3718)[0;0m ERROR 02-18 19:38:00 [multiproc_executor.py:772] [ERROR] 2026-02-18-19:37:59 (PID:3718, Device:4, RankID:-1) ERR02200 DIST call hccl api failed.
2026-02-18T19:38:00.7678704Z [0;36m(Worker_DP0_TP4_EP4 pid=3718)[0;0m ERROR 02-18 19:38:00 [multiproc_executor.py:772] 
2026-02-18T19:38:00.7688720Z [0;36m(Worker_DP1_TP4_EP12 pid=3717)[0;0m INFO 02-18 19:38:00 [multiproc_executor.py:730] Parent process exited, terminating worker
2026-02-18T19:38:00.7698523Z [0;36m(Worker_DP1_TP5_EP13 pid=4274)[0;0m ERROR 02-18 19:38:00 [multiproc_executor.py:772] WorkerProc failed to start.
2026-02-18T19:38:00.7707839Z [0;36m(Worker_DP1_TP5_EP13 pid=4274)[0;0m ERROR 02-18 19:38:00 [multiproc_executor.py:772] Traceback (most recent call last):
2026-02-18T19:38:00.7717351Z [0;36m(Worker_DP1_TP5_EP13 pid=4274)[0;0m ERROR 02-18 19:38:00 [multiproc_executor.py:772]   File "/vllm-workspace/vllm/vllm/v1/executor/multiproc_executor.py", line 743, in worker_main
2026-02-18T19:38:00.7726854Z [0;36m(Worker_DP1_TP5_EP13 pid=4274)[0;0m ERROR 02-18 19:38:00 [multiproc_executor.py:772]     worker = WorkerProc(*args, **kwargs)
2026-02-18T19:38:00.7736750Z [0;36m(Worker_DP1_TP5_EP13 pid=4274)[0;0m ERROR 02-18 19:38:00 [multiproc_executor.py:772]              ^^^^^^^^^^^^^^^^^^^^^^^^^^^
2026-02-18T19:38:00.7746605Z [0;36m(Worker_DP1_TP5_EP13 pid=4274)[0;0m ERROR 02-18 19:38:00 [multiproc_executor.py:772]   File "/vllm-workspace/vllm/vllm/v1/executor/multiproc_executor.py", line 578, in __init__
2026-02-18T19:38:00.7755108Z [0;36m(Worker_DP1_TP5_EP13 pid=4274)[0;0m ERROR 02-18 19:38:00 [multiproc_executor.py:772]     self.worker.load_model()
2026-02-18T19:38:00.7766799Z [0;36m(Worker_DP1_TP5_EP13 pid=4274)[0;0m ERROR 02-18 19:38:00 [multiproc_executor.py:772]   File "/vllm-workspace/vllm-ascend/vllm_ascend/worker/worker.py", line 404, in load_model
2026-02-18T19:38:00.7777497Z [0;36m(Worker_DP1_TP5_EP13 pid=4274)[0;0m ERROR 02-18 19:38:00 [multiproc_executor.py:772]     self.model_runner.load_model()
2026-02-18T19:38:00.7788408Z [0;36m(Worker_DP1_TP5_EP13 pid=4274)[0;0m ERROR 02-18 19:38:00 [multiproc_executor.py:772]   File "/vllm-workspace/vllm-ascend/vllm_ascend/worker/model_runner_v1.py", line 2311, in load_model
2026-02-18T19:38:00.7798961Z [0;36m(Worker_DP1_TP5_EP13 pid=4274)[0;0m ERROR 02-18 19:38:00 [multiproc_executor.py:772]     self.model = get_model(vllm_config=self.vllm_config)
2026-02-18T19:38:00.7810456Z [0;36m(Worker_DP1_TP5_EP13 pid=4274)[0;0m ERROR 02-18 19:38:00 [multiproc_executor.py:772]                  ^^^^^^^^^^^^^^^^^^^^^^^^^^^^^^^^^^^^^^^
2026-02-18T19:38:00.7821846Z [0;36m(Worker_DP1_TP5_EP13 pid=4274)[0;0m ERROR 02-18 19:38:00 [multiproc_executor.py:772]   File "/vllm-workspace/vllm/vllm/model_executor/model_loader/__init__.py", line 135, in get_model
2026-02-18T19:38:00.7832118Z [0;36m(Worker_DP1_TP5_EP13 pid=4274)[0;0m ERROR 02-18 19:38:00 [multiproc_executor.py:772]     return loader.load_model(
2026-02-18T19:38:00.7841873Z [0;36m(Worker_DP1_TP5_EP13 pid=4274)[0;0m ERROR 02-18 19:38:00 [multiproc_executor.py:772]            ^^^^^^^^^^^^^^^^^^
2026-02-18T19:38:00.7852342Z [0;36m(Worker_DP1_TP5_EP13 pid=4274)[0;0m ERROR 02-18 19:38:00 [multiproc_executor.py:772]   File "/vllm-workspace/vllm/vllm/model_executor/model_loader/base_loader.py", line 50, in load_model
2026-02-18T19:38:00.7862091Z [0;36m(Worker_DP1_TP5_EP13 pid=4274)[0;0m ERROR 02-18 19:38:00 [multiproc_executor.py:772]     model = initialize_model(
2026-02-18T19:38:00.7871278Z [0;36m(Worker_DP1_TP5_EP13 pid=4274)[0;0m ERROR 02-18 19:38:00 [multiproc_executor.py:772]             ^^^^^^^^^^^^^^^^^
2026-02-18T19:38:00.7882307Z [0;36m(Worker_DP1_TP5_EP13 pid=4274)[0;0m ERROR 02-18 19:38:00 [multiproc_executor.py:772]   File "/vllm-workspace/vllm/vllm/model_executor/model_loader/utils.py", line 48, in initialize_model
2026-02-18T19:38:00.7892741Z [0;36m(Worker_DP1_TP5_EP13 pid=4274)[0;0m ERROR 02-18 19:38:00 [multiproc_executor.py:772]     return model_class(vllm_config=vllm_config, prefix=prefix)
2026-02-18T19:38:00.7901815Z [0;36m(Worker_DP1_TP5_EP13 pid=4274)[0;0m ERROR 02-18 19:38:00 [multiproc_executor.py:772]            ^^^^^^^^^^^^^^^^^^^^^^^^^^^^^^^^^^^^^^^^^^^^^^^^^^^
2026-02-18T19:38:00.7912182Z [0;36m(Worker_DP1_TP5_EP13 pid=4274)[0;0m ERROR 02-18 19:38:00 [multiproc_executor.py:772]   File "/vllm-workspace/vllm/vllm/model_executor/models/deepseek_v2.py", line 1210, in __init__
2026-02-18T19:38:00.7921324Z [0;36m(Worker_DP1_TP5_EP13 pid=4274)[0;0m ERROR 02-18 19:38:00 [multiproc_executor.py:772]     self.model = self.model_cls(
2026-02-18T19:38:00.7931942Z [0;36m(Worker_DP1_TP5_EP13 pid=4274)[0;0m ERROR 02-18 19:38:00 [multiproc_executor.py:772]                  ^^^^^^^^^^^^^^^
2026-02-18T19:38:00.7941039Z [0;36m(Worker_DP1_TP5_EP13 pid=4274)[0;0m ERROR 02-18 19:38:00 [multiproc_executor.py:772]   File "/vllm-workspace/vllm/vllm/compilation/decorators.py", line 306, in __init__
2026-02-18T19:38:00.7951542Z [0;36m(Worker_DP1_TP5_EP13 pid=4274)[0;0m ERROR 02-18 19:38:00 [multiproc_executor.py:772]     old_init(self, **kwargs)
2026-02-18T19:38:00.7961080Z [0;36m(Worker_DP1_TP5_EP13 pid=4274)[0;0m ERROR 02-18 19:38:00 [multiproc_executor.py:772]   File "/vllm-workspace/vllm/vllm/model_executor/models/deepseek_v2.py", line 1067, in __init__
2026-02-18T19:38:00.7970247Z [0;36m(Worker_DP1_TP5_EP13 pid=4274)[0;0m ERROR 02-18 19:38:00 [multiproc_executor.py:772]     self.start_layer, self.end_layer, self.layers = make_layers(
2026-02-18T19:38:00.7980158Z [0;36m(Worker_DP1_TP5_EP13 pid=4274)[0;0m ERROR 02-18 19:38:00 [multiproc_executor.py:772]                                                     ^^^^^^^^^^^^
2026-02-18T19:38:00.7990011Z [0;36m(Worker_DP1_TP5_EP13 pid=4274)[0;0m ERROR 02-18 19:38:00 [multiproc_executor.py:772]   File "/vllm-workspace/vllm/vllm/model_executor/models/utils.py", line 706, in make_layers
2026-02-18T19:38:00.7998807Z [0;36m(Worker_DP1_TP5_EP13 pid=4274)[0;0m ERROR 02-18 19:38:00 [multiproc_executor.py:772]     + [
2026-02-18T19:38:00.8009355Z [0;36m(Worker_DP1_TP5_EP13 pid=4274)[0;0m ERROR 02-18 19:38:00 [multiproc_executor.py:772]       ^
2026-02-18T19:38:00.8018657Z [0;36m(Worker_DP1_TP5_EP13 pid=4274)[0;0m ERROR 02-18 19:38:00 [multiproc_executor.py:772]   File "/vllm-workspace/vllm/vllm/model_executor/models/utils.py", line 707, in <listcomp>
2026-02-18T19:38:00.8028045Z [0;36m(Worker_DP1_TP5_EP13 pid=4274)[0;0m ERROR 02-18 19:38:00 [multiproc_executor.py:772]     maybe_offload_to_cpu(layer_fn(prefix=f"{prefix}.{idx}"))
2026-02-18T19:38:00.8037580Z [0;36m(Worker_DP1_TP5_EP13 pid=4274)[0;0m ERROR 02-18 19:38:00 [multiproc_executor.py:772]                          ^^^^^^^^^^^^^^^^^^^^^^^^^^^^^^^^^^
2026-02-18T19:38:00.8047589Z [0;36m(Worker_DP1_TP5_EP13 pid=4274)[0;0m ERROR 02-18 19:38:00 [multiproc_executor.py:772]   File "/vllm-workspace/vllm/vllm/model_executor/models/deepseek_v2.py", line 1069, in <lambda>
2026-02-18T19:38:00.8056740Z [0;36m(Worker_DP1_TP5_EP13 pid=4274)[0;0m ERROR 02-18 19:38:00 [multiproc_executor.py:772]     lambda prefix: DeepseekV2DecoderLayer(
2026-02-18T19:38:00.8065735Z [0;36m(Worker_DP1_TP5_EP13 pid=4274)[0;0m ERROR 02-18 19:38:00 [multiproc_executor.py:772]                    ^^^^^^^^^^^^^^^^^^^^^^^
2026-02-18T19:38:00.8076011Z [0;36m(Worker_DP1_TP5_EP13 pid=4274)[0;0m ERROR 02-18 19:38:00 [multiproc_executor.py:772]   File "/vllm-workspace/vllm/vllm/model_executor/models/deepseek_v2.py", line 963, in __init__
2026-02-18T19:38:00.8085310Z [0;36m(Worker_DP1_TP5_EP13 pid=4274)[0;0m ERROR 02-18 19:38:00 [multiproc_executor.py:772]     self.mlp = DeepseekV2MoE(
2026-02-18T19:38:00.8094362Z [0;36m(Worker_DP1_TP5_EP13 pid=4274)[0;0m ERROR 02-18 19:38:00 [multiproc_executor.py:772]                ^^^^^^^^^^^^^^
2026-02-18T19:38:00.8104831Z [0;36m(Worker_DP1_TP5_EP13 pid=4274)[0;0m ERROR 02-18 19:38:00 [multiproc_executor.py:772]   File "/vllm-workspace/vllm/vllm/model_executor/models/deepseek_v2.py", line 298, in __init__
2026-02-18T19:38:00.8113670Z [0;36m(Worker_DP1_TP5_EP13 pid=4274)[0;0m ERROR 02-18 19:38:00 [multiproc_executor.py:772]     self.experts = SharedFusedMoE(
2026-02-18T19:38:00.8123451Z [0;36m(Worker_DP1_TP5_EP13 pid=4274)[0;0m ERROR 02-18 19:38:00 [multiproc_executor.py:772]                    ^^^^^^^^^^^^^^^
2026-02-18T19:38:00.8133463Z [0;36m(Worker_DP1_TP5_EP13 pid=4274)[0;0m ERROR 02-18 19:38:00 [multiproc_executor.py:772]   File "/vllm-workspace/vllm-ascend/vllm_ascend/ops/fused_moe/fused_moe.py", line 401, in __init__
2026-02-18T19:38:00.8142796Z [0;36m(Worker_DP1_TP5_EP13 pid=4274)[0;0m ERROR 02-18 19:38:00 [multiproc_executor.py:772]     AscendFusedMoE.__init__(self, **kwargs)
2026-02-18T19:38:00.8153007Z [0;36m(Worker_DP1_TP5_EP13 pid=4274)[0;0m ERROR 02-18 19:38:00 [multiproc_executor.py:772]   File "/vllm-workspace/vllm-ascend/vllm_ascend/ops/fused_moe/fused_moe.py", line 162, in __init__
2026-02-18T19:38:00.8163841Z [0;36m(Worker_DP1_TP5_EP13 pid=4274)[0;0m ERROR 02-18 19:38:00 [multiproc_executor.py:772]     super().__init__(*args, **kwargs)
2026-02-18T19:38:00.8175714Z [0;36m(Worker_DP1_TP5_EP13 pid=4274)[0;0m ERROR 02-18 19:38:00 [multiproc_executor.py:772]   File "/vllm-workspace/vllm/vllm/model_executor/layers/fused_moe/layer.py", line 603, in __init__
2026-02-18T19:38:00.8185621Z [0;36m(Worker_DP1_TP5_EP13 pid=4274)[0;0m ERROR 02-18 19:38:00 [multiproc_executor.py:772]     self.quant_method: FusedMoEMethodBase = _get_quant_method()
2026-02-18T19:38:00.8195587Z [0;36m(Worker_DP1_TP5_EP13 pid=4274)[0;0m ERROR 02-18 19:38:00 [multiproc_executor.py:772]                                             ^^^^^^^^^^^^^^^^^^^
2026-02-18T19:38:00.8205758Z [0;36m(Worker_DP1_TP5_EP13 pid=4274)[0;0m ERROR 02-18 19:38:00 [multiproc_executor.py:772]   File "/vllm-workspace/vllm/vllm/model_executor/layers/fused_moe/layer.py", line 595, in _get_quant_method
2026-02-18T19:38:00.8215826Z [0;36m(Worker_DP1_TP5_EP13 pid=4274)[0;0m ERROR 02-18 19:38:00 [multiproc_executor.py:772]     quant_method = self.quant_config.get_quant_method(self, prefix)
2026-02-18T19:38:00.8225249Z [0;36m(Worker_DP1_TP5_EP13 pid=4274)[0;0m ERROR 02-18 19:38:00 [multiproc_executor.py:772]                    ^^^^^^^^^^^^^^^^^^^^^^^^^^^^^^^^^^^^^^^^^^^^^^^^
2026-02-18T19:38:00.8235060Z [0;36m(Worker_DP1_TP5_EP13 pid=4274)[0;0m ERROR 02-18 19:38:00 [multiproc_executor.py:772]   File "/vllm-workspace/vllm-ascend/vllm_ascend/quantization/modelslim_config.py", line 419, in get_quant_method
2026-02-18T19:38:00.8244558Z [0;36m(Worker_DP1_TP5_EP13 pid=4274)[0;0m ERROR 02-18 19:38:00 [multiproc_executor.py:772]     scheme = create_scheme_for_layer(self.quant_description, prefix, "moe", self.packed_modules_mapping)
2026-02-18T19:38:00.8254238Z [0;36m(Worker_DP1_TP5_EP13 pid=4274)[0;0m ERROR 02-18 19:38:00 [multiproc_executor.py:772]              ^^^^^^^^^^^^^^^^^^^^^^^^^^^^^^^^^^^^^^^^^^^^^^^^^^^^^^^^^^^^^^^^^^^^^^^^^^^^^^^^^^^^^^^^^^^
2026-02-18T19:38:00.8264093Z [0;36m(Worker_DP1_TP5_EP13 pid=4274)[0;0m ERROR 02-18 19:38:00 [multiproc_executor.py:772]   File "/vllm-workspace/vllm-ascend/vllm_ascend/quantization/modelslim_config.py", line 295, in create_scheme_for_layer
2026-02-18T19:38:00.8273169Z [0;36m(Worker_DP1_TP5_EP13 pid=4274)[0;0m ERROR 02-18 19:38:00 [multiproc_executor.py:772]     return scheme_cls()
2026-02-18T19:38:00.8282795Z [0;36m(Worker_DP1_TP5_EP13 pid=4274)[0;0m ERROR 02-18 19:38:00 [multiproc_executor.py:772]            ^^^^^^^^^^^^
2026-02-18T19:38:00.8293408Z [0;36m(Worker_DP1_TP5_EP13 pid=4274)[0;0m ERROR 02-18 19:38:00 [multiproc_executor.py:772]   File "/vllm-workspace/vllm-ascend/vllm_ascend/quantization/methods/w8a8_dynamic.py", line 128, in __init__
2026-02-18T19:38:00.8302595Z [0;36m(Worker_DP1_TP5_EP13 pid=4274)[0;0m ERROR 02-18 19:38:00 [multiproc_executor.py:772]     self.moe_all_to_all_group_name = backend.get_hccl_comm_name(local_rank)
2026-02-18T19:38:00.8312552Z [0;36m(Worker_DP1_TP5_EP13 pid=4274)[0;0m ERROR 02-18 19:38:00 [multiproc_executor.py:772]                                      ^^^^^^^^^^^^^^^^^^^^^^^^^^^^^^^^^^^^^^
2026-02-18T19:38:00.8323417Z [0;36m(Worker_DP1_TP5_EP13 pid=4274)[0;0m ERROR 02-18 19:38:00 [multiproc_executor.py:772] RuntimeError: create_config:build/CMakeFiles/torch_npu.dir/compiler_depend.ts:130 HCCL function error: hcclCommInitRootInfoConfig(numRanks, &rootInfo, rank, config, &(comm->hcclComm_)), error code is 7
2026-02-18T19:38:00.8332754Z [0;36m(Worker_DP1_TP5_EP13 pid=4274)[0;0m ERROR 02-18 19:38:00 [multiproc_executor.py:772] [ERROR] 2026-02-18-19:37:59 (PID:4274, Device:5, RankID:-1) ERR02200 DIST call hccl api failed.
2026-02-18T19:38:00.8341490Z [0;36m(Worker_DP1_TP5_EP13 pid=4274)[0;0m ERROR 02-18 19:38:00 [multiproc_executor.py:772] 
2026-02-18T19:38:00.8350711Z [0;36m(Worker_DP0_TP2_EP2 pid=2607)[0;0m ERROR 02-18 19:38:00 [multiproc_executor.py:772] WorkerProc failed to start.
2026-02-18T19:38:00.8361045Z [0;36m(Worker_DP0_TP2_EP2 pid=2607)[0;0m ERROR 02-18 19:38:00 [multiproc_executor.py:772] Traceback (most recent call last):
2026-02-18T19:38:00.8370855Z [0;36m(Worker_DP0_TP2_EP2 pid=2607)[0;0m ERROR 02-18 19:38:00 [multiproc_executor.py:772]   File "/vllm-workspace/vllm/vllm/v1/executor/multiproc_executor.py", line 743, in worker_main
2026-02-18T19:38:00.8380136Z [0;36m(Worker_DP0_TP2_EP2 pid=2607)[0;0m ERROR 02-18 19:38:00 [multiproc_executor.py:772]     worker = WorkerProc(*args, **kwargs)
2026-02-18T19:38:00.8389739Z [0;36m(Worker_DP0_TP2_EP2 pid=2607)[0;0m ERROR 02-18 19:38:00 [multiproc_executor.py:772]              ^^^^^^^^^^^^^^^^^^^^^^^^^^^
2026-02-18T19:38:00.8399167Z [0;36m(Worker_DP0_TP2_EP2 pid=2607)[0;0m ERROR 02-18 19:38:00 [multiproc_executor.py:772]   File "/vllm-workspace/vllm/vllm/v1/executor/multiproc_executor.py", line 578, in __init__
2026-02-18T19:38:00.8409174Z [0;36m(Worker_DP0_TP2_EP2 pid=2607)[0;0m ERROR 02-18 19:38:00 [multiproc_executor.py:772]     self.worker.load_model()
2026-02-18T19:38:00.8419534Z [0;36m(Worker_DP0_TP2_EP2 pid=2607)[0;0m ERROR 02-18 19:38:00 [multiproc_executor.py:772]   File "/vllm-workspace/vllm-ascend/vllm_ascend/worker/worker.py", line 404, in load_model
2026-02-18T19:38:00.8428772Z [0;36m(Worker_DP0_TP2_EP2 pid=2607)[0;0m ERROR 02-18 19:38:00 [multiproc_executor.py:772]     self.model_runner.load_model()
2026-02-18T19:38:00.8438370Z [0;36m(Worker_DP0_TP2_EP2 pid=2607)[0;0m ERROR 02-18 19:38:00 [multiproc_executor.py:772]   File "/vllm-workspace/vllm-ascend/vllm_ascend/worker/model_runner_v1.py", line 2311, in load_model
2026-02-18T19:38:00.8448573Z [0;36m(Worker_DP0_TP2_EP2 pid=2607)[0;0m ERROR 02-18 19:38:00 [multiproc_executor.py:772]     self.model = get_model(vllm_config=self.vllm_config)
2026-02-18T19:38:00.8457855Z [0;36m(Worker_DP0_TP2_EP2 pid=2607)[0;0m ERROR 02-18 19:38:00 [multiproc_executor.py:772]                  ^^^^^^^^^^^^^^^^^^^^^^^^^^^^^^^^^^^^^^^
2026-02-18T19:38:00.8468425Z [0;36m(Worker_DP0_TP2_EP2 pid=2607)[0;0m ERROR 02-18 19:38:00 [multiproc_executor.py:772]   File "/vllm-workspace/vllm/vllm/model_executor/model_loader/__init__.py", line 135, in get_model
2026-02-18T19:38:00.8476622Z [0;36m(Worker_DP0_TP2_EP2 pid=2607)[0;0m ERROR 02-18 19:38:00 [multiproc_executor.py:772]     return loader.load_model(
2026-02-18T19:38:00.8486620Z [0;36m(Worker_DP0_TP2_EP2 pid=2607)[0;0m ERROR 02-18 19:38:00 [multiproc_executor.py:772]            ^^^^^^^^^^^^^^^^^^
2026-02-18T19:38:00.8496582Z [0;36m(Worker_DP0_TP2_EP2 pid=2607)[0;0m ERROR 02-18 19:38:00 [multiproc_executor.py:772]   File "/vllm-workspace/vllm/vllm/model_executor/model_loader/base_loader.py", line 50, in load_model
2026-02-18T19:38:00.8505409Z [0;36m(Worker_DP0_TP2_EP2 pid=2607)[0;0m ERROR 02-18 19:38:00 [multiproc_executor.py:772]     model = initialize_model(
2026-02-18T19:38:00.8514357Z [0;36m(Worker_DP0_TP2_EP2 pid=2607)[0;0m ERROR 02-18 19:38:00 [multiproc_executor.py:772]             ^^^^^^^^^^^^^^^^^
2026-02-18T19:38:00.8524316Z [0;36m(Worker_DP0_TP2_EP2 pid=2607)[0;0m ERROR 02-18 19:38:00 [multiproc_executor.py:772]   File "/vllm-workspace/vllm/vllm/model_executor/model_loader/utils.py", line 48, in initialize_model
2026-02-18T19:38:00.8534468Z [0;36m(Worker_DP0_TP2_EP2 pid=2607)[0;0m ERROR 02-18 19:38:00 [multiproc_executor.py:772]     return model_class(vllm_config=vllm_config, prefix=prefix)
2026-02-18T19:38:00.8544089Z [0;36m(Worker_DP0_TP2_EP2 pid=2607)[0;0m ERROR 02-18 19:38:00 [multiproc_executor.py:772]            ^^^^^^^^^^^^^^^^^^^^^^^^^^^^^^^^^^^^^^^^^^^^^^^^^^^
2026-02-18T19:38:00.8554166Z [0;36m(Worker_DP0_TP2_EP2 pid=2607)[0;0m ERROR 02-18 19:38:00 [multiproc_executor.py:772]   File "/vllm-workspace/vllm/vllm/model_executor/models/deepseek_v2.py", line 1210, in __init__
2026-02-18T19:38:00.8563462Z [0;36m(Worker_DP0_TP2_EP2 pid=2607)[0;0m ERROR 02-18 19:38:00 [multiproc_executor.py:772]     self.model = self.model_cls(
2026-02-18T19:38:00.8573256Z [0;36m(Worker_DP0_TP2_EP2 pid=2607)[0;0m ERROR 02-18 19:38:00 [multiproc_executor.py:772]                  ^^^^^^^^^^^^^^^
2026-02-18T19:38:00.8582668Z [0;36m(Worker_DP0_TP2_EP2 pid=2607)[0;0m ERROR 02-18 19:38:00 [multiproc_executor.py:772]   File "/vllm-workspace/vllm/vllm/compilation/decorators.py", line 306, in __init__
2026-02-18T19:38:00.8592068Z [0;36m(Worker_DP0_TP2_EP2 pid=2607)[0;0m ERROR 02-18 19:38:00 [multiproc_executor.py:772]     old_init(self, **kwargs)
2026-02-18T19:38:00.8602171Z [0;36m(Worker_DP0_TP2_EP2 pid=2607)[0;0m ERROR 02-18 19:38:00 [multiproc_executor.py:772]   File "/vllm-workspace/vllm/vllm/model_executor/models/deepseek_v2.py", line 1067, in __init__
2026-02-18T19:38:00.8618221Z [0;36m(Worker_DP0_TP2_EP2 pid=2607)[0;0m ERROR 02-18 19:38:00 [multiproc_executor.py:772]     self.start_layer, self.end_layer, self.layers = make_layers(
2026-02-18T19:38:00.8621512Z [0;36m(Worker_DP0_TP2_EP2 pid=2607)[0;0m ERROR 02-18 19:38:00 [multiproc_executor.py:772]                                                     ^^^^^^^^^^^^
2026-02-18T19:38:00.8630515Z [0;36m(Worker_DP0_TP2_EP2 pid=2607)[0;0m ERROR 02-18 19:38:00 [multiproc_executor.py:772]   File "/vllm-workspace/vllm/vllm/model_executor/models/utils.py", line 706, in make_layers
2026-02-18T19:38:00.8640134Z [0;36m(Worker_DP0_TP2_EP2 pid=2607)[0;0m ERROR 02-18 19:38:00 [multiproc_executor.py:772]     + [
2026-02-18T19:38:00.8651905Z [0;36m(Worker_DP0_TP2_EP2 pid=2607)[0;0m ERROR 02-18 19:38:00 [multiproc_executor.py:772]       ^
2026-02-18T19:38:00.8664764Z [0;36m(Worker_DP0_TP2_EP2 pid=2607)[0;0m ERROR 02-18 19:38:00 [multiproc_executor.py:772]   File "/vllm-workspace/vllm/vllm/model_executor/models/utils.py", line 707, in <listcomp>
2026-02-18T19:38:00.8670792Z [0;36m(Worker_DP0_TP2_EP2 pid=2607)[0;0m ERROR 02-18 19:38:00 [multiproc_executor.py:772]     maybe_offload_to_cpu(layer_fn(prefix=f"{prefix}.{idx}"))
2026-02-18T19:38:00.8681337Z [0;36m(Worker_DP0_TP2_EP2 pid=2607)[0;0m ERROR 02-18 19:38:00 [multiproc_executor.py:772]                          ^^^^^^^^^^^^^^^^^^^^^^^^^^^^^^^^^^
2026-02-18T19:38:00.8691162Z [0;36m(Worker_DP0_TP2_EP2 pid=2607)[0;0m ERROR 02-18 19:38:00 [multiproc_executor.py:772]   File "/vllm-workspace/vllm/vllm/model_executor/models/deepseek_v2.py", line 1069, in <lambda>
2026-02-18T19:38:00.8700763Z [0;36m(Worker_DP0_TP2_EP2 pid=2607)[0;0m ERROR 02-18 19:38:00 [multiproc_executor.py:772]     lambda prefix: DeepseekV2DecoderLayer(
2026-02-18T19:38:00.8710382Z [0;36m(Worker_DP0_TP2_EP2 pid=2607)[0;0m ERROR 02-18 19:38:00 [multiproc_executor.py:772]                    ^^^^^^^^^^^^^^^^^^^^^^^
2026-02-18T19:38:00.8724926Z [0;36m(Worker_DP0_TP2_EP2 pid=2607)[0;0m ERROR 02-18 19:38:00 [multiproc_executor.py:772]   File "/vllm-workspace/vllm/vllm/model_executor/models/deepseek_v2.py", line 963, in __init__
2026-02-18T19:38:00.8729399Z [0;36m(Worker_DP0_TP2_EP2 pid=2607)[0;0m ERROR 02-18 19:38:00 [multiproc_executor.py:772]     self.mlp = DeepseekV2MoE(
2026-02-18T19:38:00.8738116Z [0;36m(Worker_DP0_TP2_EP2 pid=2607)[0;0m ERROR 02-18 19:38:00 [multiproc_executor.py:772]                ^^^^^^^^^^^^^^
2026-02-18T19:38:00.8748036Z [0;36m(Worker_DP0_TP2_EP2 pid=2607)[0;0m ERROR 02-18 19:38:00 [multiproc_executor.py:772]   File "/vllm-workspace/vllm/vllm/model_executor/models/deepseek_v2.py", line 298, in __init__
2026-02-18T19:38:00.8756730Z [0;36m(Worker_DP0_TP2_EP2 pid=2607)[0;0m ERROR 02-18 19:38:00 [multiproc_executor.py:772]     self.experts = SharedFusedMoE(
2026-02-18T19:38:00.8768520Z [0;36m(Worker_DP0_TP2_EP2 pid=2607)[0;0m ERROR 02-18 19:38:00 [multiproc_executor.py:772]                    ^^^^^^^^^^^^^^^
2026-02-18T19:38:00.8781554Z [0;36m(Worker_DP0_TP2_EP2 pid=2607)[0;0m ERROR 02-18 19:38:00 [multiproc_executor.py:772]   File "/vllm-workspace/vllm-ascend/vllm_ascend/ops/fused_moe/fused_moe.py", line 401, in __init__
2026-02-18T19:38:00.8791490Z [0;36m(Worker_DP0_TP2_EP2 pid=2607)[0;0m ERROR 02-18 19:38:00 [multiproc_executor.py:772]     AscendFusedMoE.__init__(self, **kwargs)
2026-02-18T19:38:00.8803105Z [0;36m(Worker_DP0_TP2_EP2 pid=2607)[0;0m ERROR 02-18 19:38:00 [multiproc_executor.py:772]   File "/vllm-workspace/vllm-ascend/vllm_ascend/ops/fused_moe/fused_moe.py", line 162, in __init__
2026-02-18T19:38:00.8813327Z [0;36m(Worker_DP0_TP2_EP2 pid=2607)[0;0m ERROR 02-18 19:38:00 [multiproc_executor.py:772]     super().__init__(*args, **kwargs)
2026-02-18T19:38:00.8823225Z [0;36m(Worker_DP0_TP2_EP2 pid=2607)[0;0m ERROR 02-18 19:38:00 [multiproc_executor.py:772]   File "/vllm-workspace/vllm/vllm/model_executor/layers/fused_moe/layer.py", line 603, in __init__
2026-02-18T19:38:00.8833295Z [0;36m(Worker_DP0_TP2_EP2 pid=2607)[0;0m ERROR 02-18 19:38:00 [multiproc_executor.py:772]     self.quant_method: FusedMoEMethodBase = _get_quant_method()
2026-02-18T19:38:00.8844165Z [0;36m(Worker_DP0_TP2_EP2 pid=2607)[0;0m ERROR 02-18 19:38:00 [multiproc_executor.py:772]                                             ^^^^^^^^^^^^^^^^^^^
2026-02-18T19:38:00.8854571Z [0;36m(Worker_DP0_TP2_EP2 pid=2607)[0;0m ERROR 02-18 19:38:00 [multiproc_executor.py:772]   File "/vllm-workspace/vllm/vllm/model_executor/layers/fused_moe/layer.py", line 595, in _get_quant_method
2026-02-18T19:38:00.8864853Z [0;36m(Worker_DP0_TP2_EP2 pid=2607)[0;0m ERROR 02-18 19:38:00 [multiproc_executor.py:772]     quant_method = self.quant_config.get_quant_method(self, prefix)
2026-02-18T19:38:00.8875024Z [0;36m(Worker_DP0_TP2_EP2 pid=2607)[0;0m ERROR 02-18 19:38:00 [multiproc_executor.py:772]                    ^^^^^^^^^^^^^^^^^^^^^^^^^^^^^^^^^^^^^^^^^^^^^^^^
2026-02-18T19:38:00.8884824Z [0;36m(Worker_DP0_TP2_EP2 pid=2607)[0;0m ERROR 02-18 19:38:00 [multiproc_executor.py:772]   File "/vllm-workspace/vllm-ascend/vllm_ascend/quantization/modelslim_config.py", line 419, in get_quant_method
2026-02-18T19:38:00.8895283Z [0;36m(Worker_DP0_TP2_EP2 pid=2607)[0;0m ERROR 02-18 19:38:00 [multiproc_executor.py:772]     scheme = create_scheme_for_layer(self.quant_description, prefix, "moe", self.packed_modules_mapping)
2026-02-18T19:38:00.8905450Z [0;36m(Worker_DP0_TP2_EP2 pid=2607)[0;0m ERROR 02-18 19:38:00 [multiproc_executor.py:772]              ^^^^^^^^^^^^^^^^^^^^^^^^^^^^^^^^^^^^^^^^^^^^^^^^^^^^^^^^^^^^^^^^^^^^^^^^^^^^^^^^^^^^^^^^^^^
2026-02-18T19:38:00.8915607Z [0;36m(Worker_DP0_TP2_EP2 pid=2607)[0;0m ERROR 02-18 19:38:00 [multiproc_executor.py:772]   File "/vllm-workspace/vllm-ascend/vllm_ascend/quantization/modelslim_config.py", line 295, in create_scheme_for_layer
2026-02-18T19:38:00.8924955Z [0;36m(Worker_DP0_TP2_EP2 pid=2607)[0;0m ERROR 02-18 19:38:00 [multiproc_executor.py:772]     return scheme_cls()
2026-02-18T19:38:00.8934668Z [0;36m(Worker_DP0_TP2_EP2 pid=2607)[0;0m ERROR 02-18 19:38:00 [multiproc_executor.py:772]            ^^^^^^^^^^^^
2026-02-18T19:38:00.8944787Z [0;36m(Worker_DP0_TP2_EP2 pid=2607)[0;0m ERROR 02-18 19:38:00 [multiproc_executor.py:772]   File "/vllm-workspace/vllm-ascend/vllm_ascend/quantization/methods/w8a8_dynamic.py", line 128, in __init__
2026-02-18T19:38:00.8954414Z [0;36m(Worker_DP0_TP2_EP2 pid=2607)[0;0m ERROR 02-18 19:38:00 [multiproc_executor.py:772]     self.moe_all_to_all_group_name = backend.get_hccl_comm_name(local_rank)
2026-02-18T19:38:00.8964120Z [0;36m(Worker_DP0_TP2_EP2 pid=2607)[0;0m ERROR 02-18 19:38:00 [multiproc_executor.py:772]                                      ^^^^^^^^^^^^^^^^^^^^^^^^^^^^^^^^^^^^^^
2026-02-18T19:38:00.8974595Z [0;36m(Worker_DP0_TP2_EP2 pid=2607)[0;0m ERROR 02-18 19:38:00 [multiproc_executor.py:772] RuntimeError: create_config:build/CMakeFiles/torch_npu.dir/compiler_depend.ts:130 HCCL function error: hcclCommInitRootInfoConfig(numRanks, &rootInfo, rank, config, &(comm->hcclComm_)), error code is 7
2026-02-18T19:38:00.8983978Z [0;36m(Worker_DP0_TP2_EP2 pid=2607)[0;0m ERROR 02-18 19:38:00 [multiproc_executor.py:772] [ERROR] 2026-02-18-19:37:59 (PID:2607, Device:2, RankID:-1) ERR02200 DIST call hccl api failed.
2026-02-18T19:38:00.8993102Z [0;36m(Worker_DP0_TP2_EP2 pid=2607)[0;0m ERROR 02-18 19:38:00 [multiproc_executor.py:772] 
2026-02-18T19:38:00.9002774Z [0;36m(Worker_DP0_TP3_EP3 pid=3164)[0;0m ERROR 02-18 19:38:00 [multiproc_executor.py:772] WorkerProc failed to start.
2026-02-18T19:38:00.9012769Z [0;36m(Worker_DP0_TP3_EP3 pid=3164)[0;0m ERROR 02-18 19:38:00 [multiproc_executor.py:772] Traceback (most recent call last):
2026-02-18T19:38:00.9022158Z [0;36m(Worker_DP0_TP3_EP3 pid=3164)[0;0m ERROR 02-18 19:38:00 [multiproc_executor.py:772]   File "/vllm-workspace/vllm/vllm/v1/executor/multiproc_executor.py", line 743, in worker_main
2026-02-18T19:38:00.9031921Z [0;36m(Worker_DP0_TP3_EP3 pid=3164)[0;0m ERROR 02-18 19:38:00 [multiproc_executor.py:772]     worker = WorkerProc(*args, **kwargs)
2026-02-18T19:38:00.9041403Z [0;36m(Worker_DP0_TP3_EP3 pid=3164)[0;0m ERROR 02-18 19:38:00 [multiproc_executor.py:772]              ^^^^^^^^^^^^^^^^^^^^^^^^^^^
2026-02-18T19:38:00.9051392Z [0;36m(Worker_DP0_TP3_EP3 pid=3164)[0;0m ERROR 02-18 19:38:00 [multiproc_executor.py:772]   File "/vllm-workspace/vllm/vllm/v1/executor/multiproc_executor.py", line 578, in __init__
2026-02-18T19:38:00.9060777Z [0;36m(Worker_DP0_TP3_EP3 pid=3164)[0;0m ERROR 02-18 19:38:00 [multiproc_executor.py:772]     self.worker.load_model()
2026-02-18T19:38:00.9070160Z [0;36m(Worker_DP0_TP3_EP3 pid=3164)[0;0m ERROR 02-18 19:38:00 [multiproc_executor.py:772]   File "/vllm-workspace/vllm-ascend/vllm_ascend/worker/worker.py", line 404, in load_model
2026-02-18T19:38:00.9079128Z [0;36m(Worker_DP0_TP3_EP3 pid=3164)[0;0m ERROR 02-18 19:38:00 [multiproc_executor.py:772]     self.model_runner.load_model()
2026-02-18T19:38:00.9089859Z [0;36m(Worker_DP0_TP3_EP3 pid=3164)[0;0m ERROR 02-18 19:38:00 [multiproc_executor.py:772]   File "/vllm-workspace/vllm-ascend/vllm_ascend/worker/model_runner_v1.py", line 2311, in load_model
2026-02-18T19:38:00.9099051Z [0;36m(Worker_DP0_TP3_EP3 pid=3164)[0;0m ERROR 02-18 19:38:00 [multiproc_executor.py:772]     self.model = get_model(vllm_config=self.vllm_config)
2026-02-18T19:38:00.9108013Z [0;36m(Worker_DP0_TP3_EP3 pid=3164)[0;0m ERROR 02-18 19:38:00 [multiproc_executor.py:772]                  ^^^^^^^^^^^^^^^^^^^^^^^^^^^^^^^^^^^^^^^
2026-02-18T19:38:00.9117857Z [0;36m(Worker_DP0_TP3_EP3 pid=3164)[0;0m ERROR 02-18 19:38:00 [multiproc_executor.py:772]   File "/vllm-workspace/vllm/vllm/model_executor/model_loader/__init__.py", line 135, in get_model
2026-02-18T19:38:00.9127951Z [0;36m(Worker_DP0_TP3_EP3 pid=3164)[0;0m ERROR 02-18 19:38:00 [multiproc_executor.py:772]     return loader.load_model(
2026-02-18T19:38:00.9137492Z [0;36m(Worker_DP0_TP3_EP3 pid=3164)[0;0m ERROR 02-18 19:38:00 [multiproc_executor.py:772]            ^^^^^^^^^^^^^^^^^^
2026-02-18T19:38:00.9147748Z [0;36m(Worker_DP0_TP3_EP3 pid=3164)[0;0m ERROR 02-18 19:38:00 [multiproc_executor.py:772]   File "/vllm-workspace/vllm/vllm/model_executor/model_loader/base_loader.py", line 50, in load_model
2026-02-18T19:38:00.9156569Z [0;36m(Worker_DP0_TP3_EP3 pid=3164)[0;0m ERROR 02-18 19:38:00 [multiproc_executor.py:772]     model = initialize_model(
2026-02-18T19:38:00.9166555Z [0;36m(Worker_DP0_TP3_EP3 pid=3164)[0;0m ERROR 02-18 19:38:00 [multiproc_executor.py:772]             ^^^^^^^^^^^^^^^^^
2026-02-18T19:38:00.9176813Z [0;36m(Worker_DP0_TP3_EP3 pid=3164)[0;0m ERROR 02-18 19:38:00 [multiproc_executor.py:772]   File "/vllm-workspace/vllm/vllm/model_executor/model_loader/utils.py", line 48, in initialize_model
2026-02-18T19:38:00.9185793Z [0;36m(Worker_DP0_TP3_EP3 pid=3164)[0;0m ERROR 02-18 19:38:00 [multiproc_executor.py:772]     return model_class(vllm_config=vllm_config, prefix=prefix)
2026-02-18T19:38:00.9195526Z [0;36m(Worker_DP0_TP3_EP3 pid=3164)[0;0m ERROR 02-18 19:38:00 [multiproc_executor.py:772]            ^^^^^^^^^^^^^^^^^^^^^^^^^^^^^^^^^^^^^^^^^^^^^^^^^^^
2026-02-18T19:38:00.9205457Z [0;36m(Worker_DP0_TP3_EP3 pid=3164)[0;0m ERROR 02-18 19:38:00 [multiproc_executor.py:772]   File "/vllm-workspace/vllm/vllm/model_executor/models/deepseek_v2.py", line 1210, in __init__
2026-02-18T19:38:00.9215040Z [0;36m(Worker_DP0_TP3_EP3 pid=3164)[0;0m ERROR 02-18 19:38:00 [multiproc_executor.py:772]     self.model = self.model_cls(
2026-02-18T19:38:00.9224841Z [0;36m(Worker_DP0_TP3_EP3 pid=3164)[0;0m ERROR 02-18 19:38:00 [multiproc_executor.py:772]                  ^^^^^^^^^^^^^^^
2026-02-18T19:38:00.9234160Z [0;36m(Worker_DP0_TP3_EP3 pid=3164)[0;0m ERROR 02-18 19:38:00 [multiproc_executor.py:772]   File "/vllm-workspace/vllm/vllm/compilation/decorators.py", line 306, in __init__
2026-02-18T19:38:00.9243573Z [0;36m(Worker_DP0_TP3_EP3 pid=3164)[0;0m ERROR 02-18 19:38:00 [multiproc_executor.py:772]     old_init(self, **kwargs)
2026-02-18T19:38:00.9253782Z [0;36m(Worker_DP0_TP3_EP3 pid=3164)[0;0m ERROR 02-18 19:38:00 [multiproc_executor.py:772]   File "/vllm-workspace/vllm/vllm/model_executor/models/deepseek_v2.py", line 1067, in __init__
2026-02-18T19:38:00.9263194Z [0;36m(Worker_DP0_TP3_EP3 pid=3164)[0;0m ERROR 02-18 19:38:00 [multiproc_executor.py:772]     self.start_layer, self.end_layer, self.layers = make_layers(
2026-02-18T19:38:00.9272211Z [0;36m(Worker_DP0_TP3_EP3 pid=3164)[0;0m ERROR 02-18 19:38:00 [multiproc_executor.py:772]                                                     ^^^^^^^^^^^^
2026-02-18T19:38:00.9282990Z [0;36m(Worker_DP0_TP3_EP3 pid=3164)[0;0m ERROR 02-18 19:38:00 [multiproc_executor.py:772]   File "/vllm-workspace/vllm/vllm/model_executor/models/utils.py", line 706, in make_layers
2026-02-18T19:38:00.9291582Z [0;36m(Worker_DP0_TP3_EP3 pid=3164)[0;0m ERROR 02-18 19:38:00 [multiproc_executor.py:772]     + [
2026-02-18T19:38:00.9301806Z [0;36m(Worker_DP0_TP3_EP3 pid=3164)[0;0m ERROR 02-18 19:38:00 [multiproc_executor.py:772]       ^
2026-02-18T19:38:00.9310622Z [0;36m(Worker_DP0_TP3_EP3 pid=3164)[0;0m ERROR 02-18 19:38:00 [multiproc_executor.py:772]   File "/vllm-workspace/vllm/vllm/model_executor/models/utils.py", line 707, in <listcomp>
2026-02-18T19:38:00.9320383Z [0;36m(Worker_DP0_TP3_EP3 pid=3164)[0;0m ERROR 02-18 19:38:00 [multiproc_executor.py:772]     maybe_offload_to_cpu(layer_fn(prefix=f"{prefix}.{idx}"))
2026-02-18T19:38:00.9330124Z [0;36m(Worker_DP0_TP3_EP3 pid=3164)[0;0m ERROR 02-18 19:38:00 [multiproc_executor.py:772]                          ^^^^^^^^^^^^^^^^^^^^^^^^^^^^^^^^^^
2026-02-18T19:38:00.9340555Z [0;36m(Worker_DP0_TP3_EP3 pid=3164)[0;0m ERROR 02-18 19:38:00 [multiproc_executor.py:772]   File "/vllm-workspace/vllm/vllm/model_executor/models/deepseek_v2.py", line 1069, in <lambda>
2026-02-18T19:38:00.9349558Z [0;36m(Worker_DP0_TP3_EP3 pid=3164)[0;0m ERROR 02-18 19:38:00 [multiproc_executor.py:772]     lambda prefix: DeepseekV2DecoderLayer(
2026-02-18T19:38:00.9358715Z [0;36m(Worker_DP0_TP3_EP3 pid=3164)[0;0m ERROR 02-18 19:38:00 [multiproc_executor.py:772]                    ^^^^^^^^^^^^^^^^^^^^^^^
2026-02-18T19:38:00.9371299Z [0;36m(Worker_DP0_TP3_EP3 pid=3164)[0;0m ERROR 02-18 19:38:00 [multiproc_executor.py:772]   File "/vllm-workspace/vllm/vllm/model_executor/models/deepseek_v2.py", line 963, in __init__
2026-02-18T19:38:00.9378520Z [0;36m(Worker_DP0_TP3_EP3 pid=3164)[0;0m ERROR 02-18 19:38:00 [multiproc_executor.py:772]     self.mlp = DeepseekV2MoE(
2026-02-18T19:38:00.9387871Z [0;36m(Worker_DP0_TP3_EP3 pid=3164)[0;0m ERROR 02-18 19:38:00 [multiproc_executor.py:772]                ^^^^^^^^^^^^^^
2026-02-18T19:38:00.9397776Z [0;36m(Worker_DP0_TP3_EP3 pid=3164)[0;0m ERROR 02-18 19:38:00 [multiproc_executor.py:772]   File "/vllm-workspace/vllm/vllm/model_executor/models/deepseek_v2.py", line 298, in __init__
2026-02-18T19:38:00.9407626Z [0;36m(Worker_DP0_TP3_EP3 pid=3164)[0;0m ERROR 02-18 19:38:00 [multiproc_executor.py:772]     self.experts = SharedFusedMoE(
2026-02-18T19:38:00.9416781Z [0;36m(Worker_DP0_TP3_EP3 pid=3164)[0;0m ERROR 02-18 19:38:00 [multiproc_executor.py:772]                    ^^^^^^^^^^^^^^^
2026-02-18T19:38:00.9426792Z [0;36m(Worker_DP0_TP3_EP3 pid=3164)[0;0m ERROR 02-18 19:38:00 [multiproc_executor.py:772]   File "/vllm-workspace/vllm-ascend/vllm_ascend/ops/fused_moe/fused_moe.py", line 401, in __init__
2026-02-18T19:38:00.9435617Z [0;36m(Worker_DP0_TP3_EP3 pid=3164)[0;0m ERROR 02-18 19:38:00 [multiproc_executor.py:772]     AscendFusedMoE.__init__(self, **kwargs)
2026-02-18T19:38:00.9446004Z [0;36m(Worker_DP0_TP3_EP3 pid=3164)[0;0m ERROR 02-18 19:38:00 [multiproc_executor.py:772]   File "/vllm-workspace/vllm-ascend/vllm_ascend/ops/fused_moe/fused_moe.py", line 162, in __init__
2026-02-18T19:38:00.9455617Z [0;36m(Worker_DP0_TP3_EP3 pid=3164)[0;0m ERROR 02-18 19:38:00 [multiproc_executor.py:772]     super().__init__(*args, **kwargs)
2026-02-18T19:38:00.9465219Z [0;36m(Worker_DP0_TP3_EP3 pid=3164)[0;0m ERROR 02-18 19:38:00 [multiproc_executor.py:772]   File "/vllm-workspace/vllm/vllm/model_executor/layers/fused_moe/layer.py", line 603, in __init__
2026-02-18T19:38:00.9475123Z [0;36m(Worker_DP0_TP3_EP3 pid=3164)[0;0m ERROR 02-18 19:38:00 [multiproc_executor.py:772]     self.quant_method: FusedMoEMethodBase = _get_quant_method()
2026-02-18T19:38:00.9484965Z [0;36m(Worker_DP0_TP3_EP3 pid=3164)[0;0m ERROR 02-18 19:38:00 [multiproc_executor.py:772]                                             ^^^^^^^^^^^^^^^^^^^
2026-02-18T19:38:00.9494715Z [0;36m(Worker_DP0_TP3_EP3 pid=3164)[0;0m ERROR 02-18 19:38:00 [multiproc_executor.py:772]   File "/vllm-workspace/vllm/vllm/model_executor/layers/fused_moe/layer.py", line 595, in _get_quant_method
2026-02-18T19:38:00.9504207Z [0;36m(Worker_DP0_TP3_EP3 pid=3164)[0;0m ERROR 02-18 19:38:00 [multiproc_executor.py:772]     quant_method = self.quant_config.get_quant_method(self, prefix)
2026-02-18T19:38:00.9513560Z [0;36m(Worker_DP0_TP3_EP3 pid=3164)[0;0m ERROR 02-18 19:38:00 [multiproc_executor.py:772]                    ^^^^^^^^^^^^^^^^^^^^^^^^^^^^^^^^^^^^^^^^^^^^^^^^
2026-02-18T19:38:00.9524617Z [0;36m(Worker_DP0_TP3_EP3 pid=3164)[0;0m ERROR 02-18 19:38:00 [multiproc_executor.py:772]   File "/vllm-workspace/vllm-ascend/vllm_ascend/quantization/modelslim_config.py", line 419, in get_quant_method
2026-02-18T19:38:00.9533491Z [0;36m(Worker_DP0_TP3_EP3 pid=3164)[0;0m ERROR 02-18 19:38:00 [multiproc_executor.py:772]     scheme = create_scheme_for_layer(self.quant_description, prefix, "moe", self.packed_modules_mapping)
2026-02-18T19:38:00.9543212Z [0;36m(Worker_DP0_TP3_EP3 pid=3164)[0;0m ERROR 02-18 19:38:00 [multiproc_executor.py:772]              ^^^^^^^^^^^^^^^^^^^^^^^^^^^^^^^^^^^^^^^^^^^^^^^^^^^^^^^^^^^^^^^^^^^^^^^^^^^^^^^^^^^^^^^^^^^
2026-02-18T19:38:00.9554865Z [0;36m(Worker_DP0_TP3_EP3 pid=3164)[0;0m ERROR 02-18 19:38:00 [multiproc_executor.py:772]   File "/vllm-workspace/vllm-ascend/vllm_ascend/quantization/modelslim_config.py", line 295, in create_scheme_for_layer
2026-02-18T19:38:00.9563696Z [0;36m(Worker_DP0_TP3_EP3 pid=3164)[0;0m ERROR 02-18 19:38:00 [multiproc_executor.py:772]     return scheme_cls()
2026-02-18T19:38:00.9573519Z [0;36m(Worker_DP0_TP3_EP3 pid=3164)[0;0m ERROR 02-18 19:38:00 [multiproc_executor.py:772]            ^^^^^^^^^^^^
2026-02-18T19:38:00.9582966Z [0;36m(Worker_DP0_TP3_EP3 pid=3164)[0;0m ERROR 02-18 19:38:00 [multiproc_executor.py:772]   File "/vllm-workspace/vllm-ascend/vllm_ascend/quantization/methods/w8a8_dynamic.py", line 128, in __init__
2026-02-18T19:38:00.9592843Z [0;36m(Worker_DP0_TP3_EP3 pid=3164)[0;0m ERROR 02-18 19:38:00 [multiproc_executor.py:772]     self.moe_all_to_all_group_name = backend.get_hccl_comm_name(local_rank)
2026-02-18T19:38:00.9603995Z [0;36m(Worker_DP0_TP3_EP3 pid=3164)[0;0m ERROR 02-18 19:38:00 [multiproc_executor.py:772]                                      ^^^^^^^^^^^^^^^^^^^^^^^^^^^^^^^^^^^^^^
2026-02-18T19:38:00.9614819Z [0;36m(Worker_DP0_TP3_EP3 pid=3164)[0;0m ERROR 02-18 19:38:00 [multiproc_executor.py:772] RuntimeError: create_config:build/CMakeFiles/torch_npu.dir/compiler_depend.ts:130 HCCL function error: hcclCommInitRootInfoConfig(numRanks, &rootInfo, rank, config, &(comm->hcclComm_)), error code is 7
2026-02-18T19:38:00.9624326Z [0;36m(Worker_DP0_TP3_EP3 pid=3164)[0;0m ERROR 02-18 19:38:00 [multiproc_executor.py:772] [ERROR] 2026-02-18-19:37:59 (PID:3164, Device:3, RankID:-1) ERR02200 DIST call hccl api failed.
2026-02-18T19:38:00.9633121Z [0;36m(Worker_DP0_TP3_EP3 pid=3164)[0;0m ERROR 02-18 19:38:00 [multiproc_executor.py:772] 
2026-02-18T19:38:00.9643765Z [0;36m(Worker_DP0_TP6_EP6 pid=4829)[0;0m ERROR 02-18 19:38:00 [multiproc_executor.py:772] WorkerProc failed to start.
2026-02-18T19:38:00.9655682Z [0;36m(Worker_DP0_TP6_EP6 pid=4829)[0;0m ERROR 02-18 19:38:00 [multiproc_executor.py:772] Traceback (most recent call last):
2026-02-18T19:38:00.9668711Z [0;36m(Worker_DP0_TP6_EP6 pid=4829)[0;0m ERROR 02-18 19:38:00 [multiproc_executor.py:772]   File "/vllm-workspace/vllm/vllm/v1/executor/multiproc_executor.py", line 743, in worker_main
2026-02-18T19:38:00.9683052Z [0;36m(Worker_DP0_TP6_EP6 pid=4829)[0;0m ERROR 02-18 19:38:00 [multiproc_executor.py:772]     worker = WorkerProc(*args, **kwargs)
2026-02-18T19:38:00.9696770Z [0;36m(Worker_DP0_TP6_EP6 pid=4829)[0;0m ERROR 02-18 19:38:00 [multiproc_executor.py:772]              ^^^^^^^^^^^^^^^^^^^^^^^^^^^
2026-02-18T19:38:00.9706789Z [0;36m(Worker_DP0_TP6_EP6 pid=4829)[0;0m ERROR 02-18 19:38:00 [multiproc_executor.py:772]   File "/vllm-workspace/vllm/vllm/v1/executor/multiproc_executor.py", line 578, in __init__
2026-02-18T19:38:00.9716955Z [0;36m(Worker_DP0_TP6_EP6 pid=4829)[0;0m ERROR 02-18 19:38:00 [multiproc_executor.py:772]     self.worker.load_model()
2026-02-18T19:38:00.9728537Z [0;36m(Worker_DP0_TP6_EP6 pid=4829)[0;0m ERROR 02-18 19:38:00 [multiproc_executor.py:772]   File "/vllm-workspace/vllm-ascend/vllm_ascend/worker/worker.py", line 404, in load_model
2026-02-18T19:38:00.9738493Z [0;36m(Worker_DP0_TP6_EP6 pid=4829)[0;0m ERROR 02-18 19:38:00 [multiproc_executor.py:772]     self.model_runner.load_model()
2026-02-18T19:38:00.9748759Z [0;36m(Worker_DP0_TP6_EP6 pid=4829)[0;0m ERROR 02-18 19:38:00 [multiproc_executor.py:772]   File "/vllm-workspace/vllm-ascend/vllm_ascend/worker/model_runner_v1.py", line 2311, in load_model
2026-02-18T19:38:00.9758122Z [0;36m(Worker_DP0_TP6_EP6 pid=4829)[0;0m ERROR 02-18 19:38:00 [multiproc_executor.py:772]     self.model = get_model(vllm_config=self.vllm_config)
2026-02-18T19:38:00.9769251Z [0;36m(Worker_DP0_TP6_EP6 pid=4829)[0;0m ERROR 02-18 19:38:00 [multiproc_executor.py:772]                  ^^^^^^^^^^^^^^^^^^^^^^^^^^^^^^^^^^^^^^^
2026-02-18T19:38:00.9781154Z [0;36m(Worker_DP0_TP6_EP6 pid=4829)[0;0m ERROR 02-18 19:38:00 [multiproc_executor.py:772]   File "/vllm-workspace/vllm/vllm/model_executor/model_loader/__init__.py", line 135, in get_model
2026-02-18T19:38:00.9794481Z [0;36m(Worker_DP0_TP6_EP6 pid=4829)[0;0m ERROR 02-18 19:38:00 [multiproc_executor.py:772]     return loader.load_model(
2026-02-18T19:38:00.9821587Z [0;36m(Worker_DP0_TP6_EP6 pid=4829)[0;0m ERROR 02-18 19:38:00 [multiproc_executor.py:772]            ^^^^^^^^^^^^^^^^^^
2026-02-18T19:38:00.9832698Z [0;36m(Worker_DP0_TP6_EP6 pid=4829)[0;0m ERROR 02-18 19:38:00 [multiproc_executor.py:772]   File "/vllm-workspace/vllm/vllm/model_executor/model_loader/base_loader.py", line 50, in load_model
2026-02-18T19:38:00.9842574Z [0;36m(Worker_DP0_TP6_EP6 pid=4829)[0;0m ERROR 02-18 19:38:00 [multiproc_executor.py:772]     model = initialize_model(
2026-02-18T19:38:00.9852775Z [0;36m(Worker_DP0_TP6_EP6 pid=4829)[0;0m ERROR 02-18 19:38:00 [multiproc_executor.py:772]             ^^^^^^^^^^^^^^^^^
2026-02-18T19:38:00.9862120Z [0;36m(Worker_DP0_TP6_EP6 pid=4829)[0;0m ERROR 02-18 19:38:00 [multiproc_executor.py:772]   File "/vllm-workspace/vllm/vllm/model_executor/model_loader/utils.py", line 48, in initialize_model
2026-02-18T19:38:00.9871979Z [0;36m(Worker_DP0_TP6_EP6 pid=4829)[0;0m ERROR 02-18 19:38:00 [multiproc_executor.py:772]     return model_class(vllm_config=vllm_config, prefix=prefix)
2026-02-18T19:38:00.9882300Z [0;36m(Worker_DP0_TP6_EP6 pid=4829)[0;0m ERROR 02-18 19:38:00 [multiproc_executor.py:772]            ^^^^^^^^^^^^^^^^^^^^^^^^^^^^^^^^^^^^^^^^^^^^^^^^^^^
2026-02-18T19:38:00.9892548Z [0;36m(Worker_DP0_TP6_EP6 pid=4829)[0;0m ERROR 02-18 19:38:00 [multiproc_executor.py:772]   File "/vllm-workspace/vllm/vllm/model_executor/models/deepseek_v2.py", line 1210, in __init__
2026-02-18T19:38:00.9902414Z [0;36m(Worker_DP0_TP6_EP6 pid=4829)[0;0m ERROR 02-18 19:38:00 [multiproc_executor.py:772]     self.model = self.model_cls(
2026-02-18T19:38:00.9911924Z [0;36m(Worker_DP0_TP6_EP6 pid=4829)[0;0m ERROR 02-18 19:38:00 [multiproc_executor.py:772]                  ^^^^^^^^^^^^^^^
2026-02-18T19:38:00.9921838Z [0;36m(Worker_DP0_TP6_EP6 pid=4829)[0;0m ERROR 02-18 19:38:00 [multiproc_executor.py:772]   File "/vllm-workspace/vllm/vllm/compilation/decorators.py", line 306, in __init__
2026-02-18T19:38:00.9931573Z [0;36m(Worker_DP0_TP6_EP6 pid=4829)[0;0m ERROR 02-18 19:38:00 [multiproc_executor.py:772]     old_init(self, **kwargs)
2026-02-18T19:38:00.9941636Z [0;36m(Worker_DP0_TP6_EP6 pid=4829)[0;0m ERROR 02-18 19:38:00 [multiproc_executor.py:772]   File "/vllm-workspace/vllm/vllm/model_executor/models/deepseek_v2.py", line 1067, in __init__
2026-02-18T19:38:00.9951403Z [0;36m(Worker_DP0_TP6_EP6 pid=4829)[0;0m ERROR 02-18 19:38:00 [multiproc_executor.py:772]     self.start_layer, self.end_layer, self.layers = make_layers(
2026-02-18T19:38:00.9961484Z [0;36m(Worker_DP0_TP6_EP6 pid=4829)[0;0m ERROR 02-18 19:38:00 [multiproc_executor.py:772]                                                     ^^^^^^^^^^^^
2026-02-18T19:38:00.9971903Z [0;36m(Worker_DP0_TP6_EP6 pid=4829)[0;0m ERROR 02-18 19:38:00 [multiproc_executor.py:772]   File "/vllm-workspace/vllm/vllm/model_executor/models/utils.py", line 706, in make_layers
2026-02-18T19:38:00.9981166Z [0;36m(Worker_DP0_TP6_EP6 pid=4829)[0;0m ERROR 02-18 19:38:00 [multiproc_executor.py:772]     + [
2026-02-18T19:38:00.9990965Z [0;36m(Worker_DP0_TP6_EP6 pid=4829)[0;0m ERROR 02-18 19:38:00 [multiproc_executor.py:772]       ^
2026-02-18T19:38:01.0000344Z [0;36m(Worker_DP0_TP6_EP6 pid=4829)[0;0m ERROR 02-18 19:38:00 [multiproc_executor.py:772]   File "/vllm-workspace/vllm/vllm/model_executor/models/utils.py", line 707, in <listcomp>
2026-02-18T19:38:01.0012103Z [0;36m(Worker_DP0_TP6_EP6 pid=4829)[0;0m ERROR 02-18 19:38:00 [multiproc_executor.py:772]     maybe_offload_to_cpu(layer_fn(prefix=f"{prefix}.{idx}"))
2026-02-18T19:38:01.0021464Z [0;36m(Worker_DP0_TP6_EP6 pid=4829)[0;0m ERROR 02-18 19:38:00 [multiproc_executor.py:772]                          ^^^^^^^^^^^^^^^^^^^^^^^^^^^^^^^^^^
2026-02-18T19:38:01.0030834Z [0;36m(Worker_DP0_TP6_EP6 pid=4829)[0;0m ERROR 02-18 19:38:00 [multiproc_executor.py:772]   File "/vllm-workspace/vllm/vllm/model_executor/models/deepseek_v2.py", line 1069, in <lambda>
2026-02-18T19:38:01.0040240Z [0;36m(Worker_DP0_TP6_EP6 pid=4829)[0;0m ERROR 02-18 19:38:00 [multiproc_executor.py:772]     lambda prefix: DeepseekV2DecoderLayer(
2026-02-18T19:38:01.0050136Z [0;36m(Worker_DP0_TP6_EP6 pid=4829)[0;0m ERROR 02-18 19:38:00 [multiproc_executor.py:772]                    ^^^^^^^^^^^^^^^^^^^^^^^
2026-02-18T19:38:01.0059933Z [0;36m(Worker_DP0_TP6_EP6 pid=4829)[0;0m ERROR 02-18 19:38:00 [multiproc_executor.py:772]   File "/vllm-workspace/vllm/vllm/model_executor/models/deepseek_v2.py", line 963, in __init__
2026-02-18T19:38:01.0069365Z [0;36m(Worker_DP0_TP6_EP6 pid=4829)[0;0m ERROR 02-18 19:38:00 [multiproc_executor.py:772]     self.mlp = DeepseekV2MoE(
2026-02-18T19:38:01.0085882Z [0;36m(Worker_DP0_TP6_EP6 pid=4829)[0;0m ERROR 02-18 19:38:00 [multiproc_executor.py:772]                ^^^^^^^^^^^^^^
2026-02-18T19:38:01.0089568Z [0;36m(Worker_DP0_TP6_EP6 pid=4829)[0;0m ERROR 02-18 19:38:00 [multiproc_executor.py:772]   File "/vllm-workspace/vllm/vllm/model_executor/models/deepseek_v2.py", line 298, in __init__
2026-02-18T19:38:01.0141619Z [0;36m(Worker_DP0_TP6_EP6 pid=4829)[0;0m ERROR 02-18 19:38:00 [multiproc_executor.py:772]     self.experts = SharedFusedMoE(
2026-02-18T19:38:01.0142396Z [0;36m(Worker_DP0_TP6_EP6 pid=4829)[0;0m ERROR 02-18 19:38:00 [multiproc_executor.py:772]                    ^^^^^^^^^^^^^^^
2026-02-18T19:38:01.0143178Z [0;36m(Worker_DP0_TP6_EP6 pid=4829)[0;0m ERROR 02-18 19:38:00 [multiproc_executor.py:772]   File "/vllm-workspace/vllm-ascend/vllm_ascend/ops/fused_moe/fused_moe.py", line 401, in __init__
2026-02-18T19:38:01.0147567Z [0;36m(Worker_DP0_TP6_EP6 pid=4829)[0;0m ERROR 02-18 19:38:00 [multiproc_executor.py:772]     AscendFusedMoE.__init__(self, **kwargs)
2026-02-18T19:38:01.0148430Z [0;36m(Worker_DP0_TP6_EP6 pid=4829)[0;0m ERROR 02-18 19:38:00 [multiproc_executor.py:772]   File "/vllm-workspace/vllm-ascend/vllm_ascend/ops/fused_moe/fused_moe.py", line 162, in __init__
2026-02-18T19:38:01.0149232Z [0;36m(Worker_DP0_TP6_EP6 pid=4829)[0;0m ERROR 02-18 19:38:00 [multiproc_executor.py:772]     super().__init__(*args, **kwargs)
2026-02-18T19:38:01.0156090Z [0;36m(Worker_DP0_TP6_EP6 pid=4829)[0;0m ERROR 02-18 19:38:00 [multiproc_executor.py:772]   File "/vllm-workspace/vllm/vllm/model_executor/layers/fused_moe/layer.py", line 603, in __init__
2026-02-18T19:38:01.0165479Z [0;36m(Worker_DP0_TP6_EP6 pid=4829)[0;0m ERROR 02-18 19:38:00 [multiproc_executor.py:772]     self.quant_method: FusedMoEMethodBase = _get_quant_method()
2026-02-18T19:38:01.0175418Z [0;36m(Worker_DP0_TP6_EP6 pid=4829)[0;0m ERROR 02-18 19:38:00 [multiproc_executor.py:772]                                             ^^^^^^^^^^^^^^^^^^^
2026-02-18T19:38:01.0185497Z [0;36m(Worker_DP0_TP6_EP6 pid=4829)[0;0m ERROR 02-18 19:38:00 [multiproc_executor.py:772]   File "/vllm-workspace/vllm/vllm/model_executor/layers/fused_moe/layer.py", line 595, in _get_quant_method
2026-02-18T19:38:01.0194481Z [0;36m(Worker_DP0_TP6_EP6 pid=4829)[0;0m ERROR 02-18 19:38:00 [multiproc_executor.py:772]     quant_method = self.quant_config.get_quant_method(self, prefix)
2026-02-18T19:38:01.0207313Z [0;36m(Worker_DP0_TP6_EP6 pid=4829)[0;0m ERROR 02-18 19:38:00 [multiproc_executor.py:772]                    ^^^^^^^^^^^^^^^^^^^^^^^^^^^^^^^^^^^^^^^^^^^^^^^^
2026-02-18T19:38:01.0214244Z [0;36m(Worker_DP0_TP6_EP6 pid=4829)[0;0m ERROR 02-18 19:38:00 [multiproc_executor.py:772]   File "/vllm-workspace/vllm-ascend/vllm_ascend/quantization/modelslim_config.py", line 419, in get_quant_method
2026-02-18T19:38:01.0223816Z [0;36m(Worker_DP0_TP6_EP6 pid=4829)[0;0m ERROR 02-18 19:38:00 [multiproc_executor.py:772]     scheme = create_scheme_for_layer(self.quant_description, prefix, "moe", self.packed_modules_mapping)
2026-02-18T19:38:01.0233485Z [0;36m(Worker_DP0_TP6_EP6 pid=4829)[0;0m ERROR 02-18 19:38:00 [multiproc_executor.py:772]              ^^^^^^^^^^^^^^^^^^^^^^^^^^^^^^^^^^^^^^^^^^^^^^^^^^^^^^^^^^^^^^^^^^^^^^^^^^^^^^^^^^^^^^^^^^^
2026-02-18T19:38:01.0243584Z [0;36m(Worker_DP0_TP6_EP6 pid=4829)[0;0m ERROR 02-18 19:38:00 [multiproc_executor.py:772]   File "/vllm-workspace/vllm-ascend/vllm_ascend/quantization/modelslim_config.py", line 295, in create_scheme_for_layer
2026-02-18T19:38:01.0252959Z [0;36m(Worker_DP0_TP6_EP6 pid=4829)[0;0m ERROR 02-18 19:38:00 [multiproc_executor.py:772]     return scheme_cls()
2026-02-18T19:38:01.0262259Z [0;36m(Worker_DP0_TP6_EP6 pid=4829)[0;0m ERROR 02-18 19:38:00 [multiproc_executor.py:772]            ^^^^^^^^^^^^
2026-02-18T19:38:01.0272188Z [0;36m(Worker_DP0_TP6_EP6 pid=4829)[0;0m ERROR 02-18 19:38:00 [multiproc_executor.py:772]   File "/vllm-workspace/vllm-ascend/vllm_ascend/quantization/methods/w8a8_dynamic.py", line 128, in __init__
2026-02-18T19:38:01.0282238Z [0;36m(Worker_DP0_TP6_EP6 pid=4829)[0;0m ERROR 02-18 19:38:00 [multiproc_executor.py:772]     self.moe_all_to_all_group_name = backend.get_hccl_comm_name(local_rank)
2026-02-18T19:38:01.0291416Z [0;36m(Worker_DP0_TP6_EP6 pid=4829)[0;0m ERROR 02-18 19:38:00 [multiproc_executor.py:772]                                      ^^^^^^^^^^^^^^^^^^^^^^^^^^^^^^^^^^^^^^
2026-02-18T19:38:01.0302268Z [0;36m(Worker_DP0_TP6_EP6 pid=4829)[0;0m ERROR 02-18 19:38:00 [multiproc_executor.py:772] RuntimeError: create_config:build/CMakeFiles/torch_npu.dir/compiler_depend.ts:130 HCCL function error: hcclCommInitRootInfoConfig(numRanks, &rootInfo, rank, config, &(comm->hcclComm_)), error code is 7
2026-02-18T19:38:01.0311310Z [0;36m(Worker_DP0_TP6_EP6 pid=4829)[0;0m ERROR 02-18 19:38:00 [multiproc_executor.py:772] [ERROR] 2026-02-18-19:37:59 (PID:4829, Device:6, RankID:-1) ERR02200 DIST call hccl api failed.
2026-02-18T19:38:01.0322274Z [0;36m(Worker_DP0_TP6_EP6 pid=4829)[0;0m ERROR 02-18 19:38:00 [multiproc_executor.py:772] 
2026-02-18T19:38:01.0331532Z [0;36m(Worker_DP1_TP0_EP8 pid=1236)[0;0m ERROR 02-18 19:38:00 [multiproc_executor.py:772] WorkerProc failed to start.
2026-02-18T19:38:01.0342635Z [0;36m(Worker_DP1_TP0_EP8 pid=1236)[0;0m ERROR 02-18 19:38:00 [multiproc_executor.py:772] Traceback (most recent call last):
2026-02-18T19:38:01.0351245Z [0;36m(Worker_DP1_TP0_EP8 pid=1236)[0;0m ERROR 02-18 19:38:00 [multiproc_executor.py:772]   File "/vllm-workspace/vllm/vllm/v1/executor/multiproc_executor.py", line 743, in worker_main
2026-02-18T19:38:01.0359733Z [0;36m(Worker_DP1_TP0_EP8 pid=1236)[0;0m ERROR 02-18 19:38:00 [multiproc_executor.py:772]     worker = WorkerProc(*args, **kwargs)
2026-02-18T19:38:01.0369398Z [0;36m(Worker_DP1_TP0_EP8 pid=1236)[0;0m ERROR 02-18 19:38:00 [multiproc_executor.py:772]              ^^^^^^^^^^^^^^^^^^^^^^^^^^^
2026-02-18T19:38:01.0379040Z [0;36m(Worker_DP1_TP0_EP8 pid=1236)[0;0m ERROR 02-18 19:38:00 [multiproc_executor.py:772]   File "/vllm-workspace/vllm/vllm/v1/executor/multiproc_executor.py", line 578, in __init__
2026-02-18T19:38:01.0388265Z [0;36m(Worker_DP1_TP0_EP8 pid=1236)[0;0m ERROR 02-18 19:38:00 [multiproc_executor.py:772]     self.worker.load_model()
2026-02-18T19:38:01.0398027Z [0;36m(Worker_DP1_TP0_EP8 pid=1236)[0;0m ERROR 02-18 19:38:00 [multiproc_executor.py:772]   File "/vllm-workspace/vllm-ascend/vllm_ascend/worker/worker.py", line 404, in load_model
2026-02-18T19:38:01.0408097Z [0;36m(Worker_DP1_TP0_EP8 pid=1236)[0;0m ERROR 02-18 19:38:00 [multiproc_executor.py:772]     self.model_runner.load_model()
2026-02-18T19:38:01.0417688Z [0;36m(Worker_DP1_TP0_EP8 pid=1236)[0;0m ERROR 02-18 19:38:00 [multiproc_executor.py:772]   File "/vllm-workspace/vllm-ascend/vllm_ascend/worker/model_runner_v1.py", line 2311, in load_model
2026-02-18T19:38:01.0426548Z [0;36m(Worker_DP1_TP0_EP8 pid=1236)[0;0m ERROR 02-18 19:38:00 [multiproc_executor.py:772]     self.model = get_model(vllm_config=self.vllm_config)
2026-02-18T19:38:01.0436053Z [0;36m(Worker_DP1_TP0_EP8 pid=1236)[0;0m ERROR 02-18 19:38:00 [multiproc_executor.py:772]                  ^^^^^^^^^^^^^^^^^^^^^^^^^^^^^^^^^^^^^^^
2026-02-18T19:38:01.0445861Z [0;36m(Worker_DP1_TP0_EP8 pid=1236)[0;0m ERROR 02-18 19:38:00 [multiproc_executor.py:772]   File "/vllm-workspace/vllm/vllm/model_executor/model_loader/__init__.py", line 135, in get_model
2026-02-18T19:38:01.0455671Z [0;36m(Worker_DP1_TP0_EP8 pid=1236)[0;0m ERROR 02-18 19:38:00 [multiproc_executor.py:772]     return loader.load_model(
2026-02-18T19:38:01.0464996Z [0;36m(Worker_DP1_TP0_EP8 pid=1236)[0;0m ERROR 02-18 19:38:00 [multiproc_executor.py:772]            ^^^^^^^^^^^^^^^^^^
2026-02-18T19:38:01.0474600Z [0;36m(Worker_DP1_TP0_EP8 pid=1236)[0;0m ERROR 02-18 19:38:00 [multiproc_executor.py:772]   File "/vllm-workspace/vllm/vllm/model_executor/model_loader/base_loader.py", line 50, in load_model
2026-02-18T19:38:01.0484018Z [0;36m(Worker_DP1_TP0_EP8 pid=1236)[0;0m ERROR 02-18 19:38:00 [multiproc_executor.py:772]     model = initialize_model(
2026-02-18T19:38:01.0494078Z [0;36m(Worker_DP1_TP0_EP8 pid=1236)[0;0m ERROR 02-18 19:38:00 [multiproc_executor.py:772]             ^^^^^^^^^^^^^^^^^
2026-02-18T19:38:01.0505049Z [0;36m(Worker_DP1_TP0_EP8 pid=1236)[0;0m ERROR 02-18 19:38:00 [multiproc_executor.py:772]   File "/vllm-workspace/vllm/vllm/model_executor/model_loader/utils.py", line 48, in initialize_model
2026-02-18T19:38:01.0514229Z [0;36m(Worker_DP1_TP0_EP8 pid=1236)[0;0m ERROR 02-18 19:38:00 [multiproc_executor.py:772]     return model_class(vllm_config=vllm_config, prefix=prefix)
2026-02-18T19:38:01.0524166Z [0;36m(Worker_DP1_TP0_EP8 pid=1236)[0;0m ERROR 02-18 19:38:00 [multiproc_executor.py:772]            ^^^^^^^^^^^^^^^^^^^^^^^^^^^^^^^^^^^^^^^^^^^^^^^^^^^
2026-02-18T19:38:01.0538161Z [0;36m(Worker_DP1_TP0_EP8 pid=1236)[0;0m ERROR 02-18 19:38:00 [multiproc_executor.py:772]   File "/vllm-workspace/vllm/vllm/model_executor/models/deepseek_v2.py", line 1210, in __init__
2026-02-18T19:38:01.0543707Z [0;36m(Worker_DP1_TP0_EP8 pid=1236)[0;0m ERROR 02-18 19:38:00 [multiproc_executor.py:772]     self.model = self.model_cls(
2026-02-18T19:38:01.0553046Z [0;36m(Worker_DP1_TP0_EP8 pid=1236)[0;0m ERROR 02-18 19:38:00 [multiproc_executor.py:772]                  ^^^^^^^^^^^^^^^
2026-02-18T19:38:01.0562933Z [0;36m(Worker_DP1_TP0_EP8 pid=1236)[0;0m ERROR 02-18 19:38:00 [multiproc_executor.py:772]   File "/vllm-workspace/vllm/vllm/compilation/decorators.py", line 306, in __init__
2026-02-18T19:38:01.0572790Z [0;36m(Worker_DP1_TP0_EP8 pid=1236)[0;0m ERROR 02-18 19:38:00 [multiproc_executor.py:772]     old_init(self, **kwargs)
2026-02-18T19:38:01.0582415Z [0;36m(Worker_DP1_TP0_EP8 pid=1236)[0;0m ERROR 02-18 19:38:00 [multiproc_executor.py:772]   File "/vllm-workspace/vllm/vllm/model_executor/models/deepseek_v2.py", line 1067, in __init__
2026-02-18T19:38:01.0592854Z [0;36m(Worker_DP1_TP0_EP8 pid=1236)[0;0m ERROR 02-18 19:38:00 [multiproc_executor.py:772]     self.start_layer, self.end_layer, self.layers = make_layers(
2026-02-18T19:38:01.0602451Z [0;36m(Worker_DP1_TP0_EP8 pid=1236)[0;0m ERROR 02-18 19:38:00 [multiproc_executor.py:772]                                                     ^^^^^^^^^^^^
2026-02-18T19:38:01.0611758Z [0;36m(Worker_DP1_TP0_EP8 pid=1236)[0;0m ERROR 02-18 19:38:00 [multiproc_executor.py:772]   File "/vllm-workspace/vllm/vllm/model_executor/models/utils.py", line 706, in make_layers
2026-02-18T19:38:01.0620913Z [0;36m(Worker_DP1_TP0_EP8 pid=1236)[0;0m ERROR 02-18 19:38:00 [multiproc_executor.py:772]     + [
2026-02-18T19:38:01.0629997Z [0;36m(Worker_DP1_TP0_EP8 pid=1236)[0;0m ERROR 02-18 19:38:00 [multiproc_executor.py:772]       ^
2026-02-18T19:38:01.0639885Z [0;36m(Worker_DP1_TP0_EP8 pid=1236)[0;0m ERROR 02-18 19:38:00 [multiproc_executor.py:772]   File "/vllm-workspace/vllm/vllm/model_executor/models/utils.py", line 707, in <listcomp>
2026-02-18T19:38:01.0649758Z [0;36m(Worker_DP1_TP0_EP8 pid=1236)[0;0m ERROR 02-18 19:38:00 [multiproc_executor.py:772]     maybe_offload_to_cpu(layer_fn(prefix=f"{prefix}.{idx}"))
2026-02-18T19:38:01.0659411Z [0;36m(Worker_DP1_TP0_EP8 pid=1236)[0;0m ERROR 02-18 19:38:00 [multiproc_executor.py:772]                          ^^^^^^^^^^^^^^^^^^^^^^^^^^^^^^^^^^
2026-02-18T19:38:01.0669187Z [0;36m(Worker_DP1_TP0_EP8 pid=1236)[0;0m ERROR 02-18 19:38:00 [multiproc_executor.py:772]   File "/vllm-workspace/vllm/vllm/model_executor/models/deepseek_v2.py", line 1069, in <lambda>
2026-02-18T19:38:01.0678480Z [0;36m(Worker_DP1_TP0_EP8 pid=1236)[0;0m ERROR 02-18 19:38:00 [multiproc_executor.py:772]     lambda prefix: DeepseekV2DecoderLayer(
2026-02-18T19:38:01.0688511Z [0;36m(Worker_DP1_TP0_EP8 pid=1236)[0;0m ERROR 02-18 19:38:00 [multiproc_executor.py:772]                    ^^^^^^^^^^^^^^^^^^^^^^^
2026-02-18T19:38:01.0698115Z [0;36m(Worker_DP1_TP0_EP8 pid=1236)[0;0m ERROR 02-18 19:38:00 [multiproc_executor.py:772]   File "/vllm-workspace/vllm/vllm/model_executor/models/deepseek_v2.py", line 963, in __init__
2026-02-18T19:38:01.0707856Z [0;36m(Worker_DP1_TP0_EP8 pid=1236)[0;0m ERROR 02-18 19:38:00 [multiproc_executor.py:772]     self.mlp = DeepseekV2MoE(
2026-02-18T19:38:01.0716266Z [0;36m(Worker_DP1_TP0_EP8 pid=1236)[0;0m ERROR 02-18 19:38:00 [multiproc_executor.py:772]                ^^^^^^^^^^^^^^
2026-02-18T19:38:01.0726221Z [0;36m(Worker_DP1_TP0_EP8 pid=1236)[0;0m ERROR 02-18 19:38:00 [multiproc_executor.py:772]   File "/vllm-workspace/vllm/vllm/model_executor/models/deepseek_v2.py", line 298, in __init__
2026-02-18T19:38:01.0736510Z [0;36m(Worker_DP1_TP0_EP8 pid=1236)[0;0m ERROR 02-18 19:38:00 [multiproc_executor.py:772]     self.experts = SharedFusedMoE(
2026-02-18T19:38:01.0745219Z [0;36m(Worker_DP1_TP0_EP8 pid=1236)[0;0m ERROR 02-18 19:38:00 [multiproc_executor.py:772]                    ^^^^^^^^^^^^^^^
2026-02-18T19:38:01.0754867Z [0;36m(Worker_DP1_TP0_EP8 pid=1236)[0;0m ERROR 02-18 19:38:00 [multiproc_executor.py:772]   File "/vllm-workspace/vllm-ascend/vllm_ascend/ops/fused_moe/fused_moe.py", line 401, in __init__
2026-02-18T19:38:01.0765816Z [0;36m(Worker_DP1_TP0_EP8 pid=1236)[0;0m ERROR 02-18 19:38:00 [multiproc_executor.py:772]     AscendFusedMoE.__init__(self, **kwargs)
2026-02-18T19:38:01.0779690Z [0;36m(Worker_DP1_TP0_EP8 pid=1236)[0;0m ERROR 02-18 19:38:00 [multiproc_executor.py:772]   File "/vllm-workspace/vllm-ascend/vllm_ascend/ops/fused_moe/fused_moe.py", line 162, in __init__
2026-02-18T19:38:01.0791404Z [0;36m(Worker_DP1_TP0_EP8 pid=1236)[0;0m ERROR 02-18 19:38:00 [multiproc_executor.py:772]     super().__init__(*args, **kwargs)
2026-02-18T19:38:01.0802968Z [0;36m(Worker_DP1_TP0_EP8 pid=1236)[0;0m ERROR 02-18 19:38:00 [multiproc_executor.py:772]   File "/vllm-workspace/vllm/vllm/model_executor/layers/fused_moe/layer.py", line 603, in __init__
2026-02-18T19:38:01.0815825Z [0;36m(Worker_DP1_TP0_EP8 pid=1236)[0;0m ERROR 02-18 19:38:00 [multiproc_executor.py:772]     self.quant_method: FusedMoEMethodBase = _get_quant_method()
2026-02-18T19:38:01.0826979Z [0;36m(Worker_DP1_TP0_EP8 pid=1236)[0;0m ERROR 02-18 19:38:00 [multiproc_executor.py:772]                                             ^^^^^^^^^^^^^^^^^^^
2026-02-18T19:38:01.0838522Z [0;36m(Worker_DP1_TP0_EP8 pid=1236)[0;0m ERROR 02-18 19:38:00 [multiproc_executor.py:772]   File "/vllm-workspace/vllm/vllm/model_executor/layers/fused_moe/layer.py", line 595, in _get_quant_method
2026-02-18T19:38:01.0849788Z [0;36m(Worker_DP1_TP0_EP8 pid=1236)[0;0m ERROR 02-18 19:38:00 [multiproc_executor.py:772]     quant_method = self.quant_config.get_quant_method(self, prefix)
2026-02-18T19:38:01.0858930Z [0;36m(Worker_DP1_TP0_EP8 pid=1236)[0;0m ERROR 02-18 19:38:00 [multiproc_executor.py:772]                    ^^^^^^^^^^^^^^^^^^^^^^^^^^^^^^^^^^^^^^^^^^^^^^^^
2026-02-18T19:38:01.0868653Z [0;36m(Worker_DP1_TP0_EP8 pid=1236)[0;0m ERROR 02-18 19:38:00 [multiproc_executor.py:772]   File "/vllm-workspace/vllm-ascend/vllm_ascend/quantization/modelslim_config.py", line 419, in get_quant_method
2026-02-18T19:38:01.0878395Z [0;36m(Worker_DP1_TP0_EP8 pid=1236)[0;0m ERROR 02-18 19:38:00 [multiproc_executor.py:772]     scheme = create_scheme_for_layer(self.quant_description, prefix, "moe", self.packed_modules_mapping)
2026-02-18T19:38:01.0888495Z [0;36m(Worker_DP1_TP0_EP8 pid=1236)[0;0m ERROR 02-18 19:38:00 [multiproc_executor.py:772]              ^^^^^^^^^^^^^^^^^^^^^^^^^^^^^^^^^^^^^^^^^^^^^^^^^^^^^^^^^^^^^^^^^^^^^^^^^^^^^^^^^^^^^^^^^^^
2026-02-18T19:38:01.0898634Z [0;36m(Worker_DP1_TP0_EP8 pid=1236)[0;0m ERROR 02-18 19:38:00 [multiproc_executor.py:772]   File "/vllm-workspace/vllm-ascend/vllm_ascend/quantization/modelslim_config.py", line 295, in create_scheme_for_layer
2026-02-18T19:38:01.0908021Z [0;36m(Worker_DP1_TP0_EP8 pid=1236)[0;0m ERROR 02-18 19:38:00 [multiproc_executor.py:772]     return scheme_cls()
2026-02-18T19:38:01.0916590Z [0;36m(Worker_DP1_TP0_EP8 pid=1236)[0;0m ERROR 02-18 19:38:00 [multiproc_executor.py:772]            ^^^^^^^^^^^^
2026-02-18T19:38:01.0927492Z [0;36m(Worker_DP1_TP0_EP8 pid=1236)[0;0m ERROR 02-18 19:38:00 [multiproc_executor.py:772]   File "/vllm-workspace/vllm-ascend/vllm_ascend/quantization/methods/w8a8_dynamic.py", line 128, in __init__
2026-02-18T19:38:01.0937036Z [0;36m(Worker_DP1_TP0_EP8 pid=1236)[0;0m ERROR 02-18 19:38:00 [multiproc_executor.py:772]     self.moe_all_to_all_group_name = backend.get_hccl_comm_name(local_rank)
2026-02-18T19:38:01.0946906Z [0;36m(Worker_DP1_TP0_EP8 pid=1236)[0;0m ERROR 02-18 19:38:00 [multiproc_executor.py:772]                                      ^^^^^^^^^^^^^^^^^^^^^^^^^^^^^^^^^^^^^^
2026-02-18T19:38:01.0957817Z [0;36m(Worker_DP1_TP0_EP8 pid=1236)[0;0m ERROR 02-18 19:38:00 [multiproc_executor.py:772] RuntimeError: create_config:build/CMakeFiles/torch_npu.dir/compiler_depend.ts:130 HCCL function error: hcclCommInitRootInfoConfig(numRanks, &rootInfo, rank, config, &(comm->hcclComm_)), error code is 7
2026-02-18T19:38:01.0967285Z [0;36m(Worker_DP1_TP0_EP8 pid=1236)[0;0m ERROR 02-18 19:38:00 [multiproc_executor.py:772] [ERROR] 2026-02-18-19:37:59 (PID:1236, Device:0, RankID:-1) ERR02200 DIST call hccl api failed.
2026-02-18T19:38:01.0976582Z [0;36m(Worker_DP1_TP0_EP8 pid=1236)[0;0m ERROR 02-18 19:38:00 [multiproc_executor.py:772] 
2026-02-18T19:38:01.1283603Z [0;36m(Worker_DP1_TP4_EP12 pid=3717)[0;0m ERROR 02-18 19:38:01 [multiproc_executor.py:772] WorkerProc failed to start.
2026-02-18T19:38:01.1293354Z [0;36m(Worker_DP1_TP4_EP12 pid=3717)[0;0m ERROR 02-18 19:38:01 [multiproc_executor.py:772] Traceback (most recent call last):
2026-02-18T19:38:01.1303229Z [0;36m(Worker_DP1_TP4_EP12 pid=3717)[0;0m ERROR 02-18 19:38:01 [multiproc_executor.py:772]   File "/vllm-workspace/vllm/vllm/v1/executor/multiproc_executor.py", line 743, in worker_main
2026-02-18T19:38:01.1312489Z [0;36m(Worker_DP1_TP4_EP12 pid=3717)[0;0m ERROR 02-18 19:38:01 [multiproc_executor.py:772]     worker = WorkerProc(*args, **kwargs)
2026-02-18T19:38:01.1322104Z [0;36m(Worker_DP1_TP4_EP12 pid=3717)[0;0m ERROR 02-18 19:38:01 [multiproc_executor.py:772]              ^^^^^^^^^^^^^^^^^^^^^^^^^^^
2026-02-18T19:38:01.1332206Z [0;36m(Worker_DP1_TP4_EP12 pid=3717)[0;0m ERROR 02-18 19:38:01 [multiproc_executor.py:772]   File "/vllm-workspace/vllm/vllm/v1/executor/multiproc_executor.py", line 578, in __init__
2026-02-18T19:38:01.1341440Z [0;36m(Worker_DP1_TP4_EP12 pid=3717)[0;0m ERROR 02-18 19:38:01 [multiproc_executor.py:772]     self.worker.load_model()
2026-02-18T19:38:01.1351206Z [0;36m(Worker_DP1_TP4_EP12 pid=3717)[0;0m ERROR 02-18 19:38:01 [multiproc_executor.py:772]   File "/vllm-workspace/vllm-ascend/vllm_ascend/worker/worker.py", line 404, in load_model
2026-02-18T19:38:01.1360176Z [0;36m(Worker_DP1_TP4_EP12 pid=3717)[0;0m ERROR 02-18 19:38:01 [multiproc_executor.py:772]     self.model_runner.load_model()
2026-02-18T19:38:01.1370416Z [0;36m(Worker_DP1_TP4_EP12 pid=3717)[0;0m ERROR 02-18 19:38:01 [multiproc_executor.py:772]   File "/vllm-workspace/vllm-ascend/vllm_ascend/worker/model_runner_v1.py", line 2311, in load_model
2026-02-18T19:38:01.1379176Z [0;36m(Worker_DP1_TP4_EP12 pid=3717)[0;0m ERROR 02-18 19:38:01 [multiproc_executor.py:772]     self.model = get_model(vllm_config=self.vllm_config)
2026-02-18T19:38:01.1388866Z [0;36m(Worker_DP1_TP4_EP12 pid=3717)[0;0m ERROR 02-18 19:38:01 [multiproc_executor.py:772]                  ^^^^^^^^^^^^^^^^^^^^^^^^^^^^^^^^^^^^^^^
2026-02-18T19:38:01.1398676Z [0;36m(Worker_DP1_TP4_EP12 pid=3717)[0;0m ERROR 02-18 19:38:01 [multiproc_executor.py:772]   File "/vllm-workspace/vllm/vllm/model_executor/model_loader/__init__.py", line 135, in get_model
2026-02-18T19:38:01.1408924Z [0;36m(Worker_DP1_TP4_EP12 pid=3717)[0;0m ERROR 02-18 19:38:01 [multiproc_executor.py:772]     return loader.load_model(
2026-02-18T19:38:01.1418249Z [0;36m(Worker_DP1_TP4_EP12 pid=3717)[0;0m ERROR 02-18 19:38:01 [multiproc_executor.py:772]            ^^^^^^^^^^^^^^^^^^
2026-02-18T19:38:01.1429047Z [0;36m(Worker_DP1_TP4_EP12 pid=3717)[0;0m ERROR 02-18 19:38:01 [multiproc_executor.py:772]   File "/vllm-workspace/vllm/vllm/model_executor/model_loader/base_loader.py", line 50, in load_model
2026-02-18T19:38:01.1437656Z [0;36m(Worker_DP1_TP4_EP12 pid=3717)[0;0m ERROR 02-18 19:38:01 [multiproc_executor.py:772]     model = initialize_model(
2026-02-18T19:38:01.1447415Z [0;36m(Worker_DP1_TP4_EP12 pid=3717)[0;0m ERROR 02-18 19:38:01 [multiproc_executor.py:772]             ^^^^^^^^^^^^^^^^^
2026-02-18T19:38:01.1457529Z [0;36m(Worker_DP1_TP4_EP12 pid=3717)[0;0m ERROR 02-18 19:38:01 [multiproc_executor.py:772]   File "/vllm-workspace/vllm/vllm/model_executor/model_loader/utils.py", line 48, in initialize_model
2026-02-18T19:38:01.1466602Z [0;36m(Worker_DP1_TP4_EP12 pid=3717)[0;0m ERROR 02-18 19:38:01 [multiproc_executor.py:772]     return model_class(vllm_config=vllm_config, prefix=prefix)
2026-02-18T19:38:01.1475876Z [0;36m(Worker_DP1_TP4_EP12 pid=3717)[0;0m ERROR 02-18 19:38:01 [multiproc_executor.py:772]            ^^^^^^^^^^^^^^^^^^^^^^^^^^^^^^^^^^^^^^^^^^^^^^^^^^^
2026-02-18T19:38:01.1486159Z [0;36m(Worker_DP1_TP4_EP12 pid=3717)[0;0m ERROR 02-18 19:38:01 [multiproc_executor.py:772]   File "/vllm-workspace/vllm/vllm/model_executor/models/deepseek_v2.py", line 1210, in __init__
2026-02-18T19:38:01.1495367Z [0;36m(Worker_DP1_TP4_EP12 pid=3717)[0;0m ERROR 02-18 19:38:01 [multiproc_executor.py:772]     self.model = self.model_cls(
2026-02-18T19:38:01.1504920Z [0;36m(Worker_DP1_TP4_EP12 pid=3717)[0;0m ERROR 02-18 19:38:01 [multiproc_executor.py:772]                  ^^^^^^^^^^^^^^^
2026-02-18T19:38:01.1514265Z [0;36m(Worker_DP1_TP4_EP12 pid=3717)[0;0m ERROR 02-18 19:38:01 [multiproc_executor.py:772]   File "/vllm-workspace/vllm/vllm/compilation/decorators.py", line 306, in __init__
2026-02-18T19:38:01.1523541Z [0;36m(Worker_DP1_TP4_EP12 pid=3717)[0;0m ERROR 02-18 19:38:01 [multiproc_executor.py:772]     old_init(self, **kwargs)
2026-02-18T19:38:01.1533642Z [0;36m(Worker_DP1_TP4_EP12 pid=3717)[0;0m ERROR 02-18 19:38:01 [multiproc_executor.py:772]   File "/vllm-workspace/vllm/vllm/model_executor/models/deepseek_v2.py", line 1067, in __init__
2026-02-18T19:38:01.1543256Z [0;36m(Worker_DP1_TP4_EP12 pid=3717)[0;0m ERROR 02-18 19:38:01 [multiproc_executor.py:772]     self.start_layer, self.end_layer, self.layers = make_layers(
2026-02-18T19:38:01.1554406Z [0;36m(Worker_DP1_TP4_EP12 pid=3717)[0;0m ERROR 02-18 19:38:01 [multiproc_executor.py:772]                                                     ^^^^^^^^^^^^
2026-02-18T19:38:01.1563661Z [0;36m(Worker_DP1_TP4_EP12 pid=3717)[0;0m ERROR 02-18 19:38:01 [multiproc_executor.py:772]   File "/vllm-workspace/vllm/vllm/model_executor/models/utils.py", line 706, in make_layers
2026-02-18T19:38:01.1572852Z [0;36m(Worker_DP1_TP4_EP12 pid=3717)[0;0m ERROR 02-18 19:38:01 [multiproc_executor.py:772]     + [
2026-02-18T19:38:01.1582174Z [0;36m(Worker_DP1_TP4_EP12 pid=3717)[0;0m ERROR 02-18 19:38:01 [multiproc_executor.py:772]       ^
2026-02-18T19:38:01.1592568Z [0;36m(Worker_DP1_TP4_EP12 pid=3717)[0;0m ERROR 02-18 19:38:01 [multiproc_executor.py:772]   File "/vllm-workspace/vllm/vllm/model_executor/models/utils.py", line 707, in <listcomp>
2026-02-18T19:38:01.1601847Z [0;36m(Worker_DP1_TP4_EP12 pid=3717)[0;0m ERROR 02-18 19:38:01 [multiproc_executor.py:772]     maybe_offload_to_cpu(layer_fn(prefix=f"{prefix}.{idx}"))
2026-02-18T19:38:01.1611418Z [0;36m(Worker_DP1_TP4_EP12 pid=3717)[0;0m ERROR 02-18 19:38:01 [multiproc_executor.py:772]                          ^^^^^^^^^^^^^^^^^^^^^^^^^^^^^^^^^^
2026-02-18T19:38:01.1621296Z [0;36m(Worker_DP1_TP4_EP12 pid=3717)[0;0m ERROR 02-18 19:38:01 [multiproc_executor.py:772]   File "/vllm-workspace/vllm/vllm/model_executor/models/deepseek_v2.py", line 1069, in <lambda>
2026-02-18T19:38:01.1630197Z [0;36m(Worker_DP1_TP4_EP12 pid=3717)[0;0m ERROR 02-18 19:38:01 [multiproc_executor.py:772]     lambda prefix: DeepseekV2DecoderLayer(
2026-02-18T19:38:01.1640076Z [0;36m(Worker_DP1_TP4_EP12 pid=3717)[0;0m ERROR 02-18 19:38:01 [multiproc_executor.py:772]                    ^^^^^^^^^^^^^^^^^^^^^^^
2026-02-18T19:38:01.1650157Z [0;36m(Worker_DP1_TP4_EP12 pid=3717)[0;0m ERROR 02-18 19:38:01 [multiproc_executor.py:772]   File "/vllm-workspace/vllm/vllm/model_executor/models/deepseek_v2.py", line 963, in __init__
2026-02-18T19:38:01.1659126Z [0;36m(Worker_DP1_TP4_EP12 pid=3717)[0;0m ERROR 02-18 19:38:01 [multiproc_executor.py:772]     self.mlp = DeepseekV2MoE(
2026-02-18T19:38:01.1669016Z [0;36m(Worker_DP1_TP4_EP12 pid=3717)[0;0m ERROR 02-18 19:38:01 [multiproc_executor.py:772]                ^^^^^^^^^^^^^^
2026-02-18T19:38:01.1678379Z [0;36m(Worker_DP1_TP4_EP12 pid=3717)[0;0m ERROR 02-18 19:38:01 [multiproc_executor.py:772]   File "/vllm-workspace/vllm/vllm/model_executor/models/deepseek_v2.py", line 298, in __init__
2026-02-18T19:38:01.1688318Z [0;36m(Worker_DP1_TP4_EP12 pid=3717)[0;0m ERROR 02-18 19:38:01 [multiproc_executor.py:772]     self.experts = SharedFusedMoE(
2026-02-18T19:38:01.1697561Z [0;36m(Worker_DP1_TP4_EP12 pid=3717)[0;0m ERROR 02-18 19:38:01 [multiproc_executor.py:772]                    ^^^^^^^^^^^^^^^
2026-02-18T19:38:01.1707603Z [0;36m(Worker_DP1_TP4_EP12 pid=3717)[0;0m ERROR 02-18 19:38:01 [multiproc_executor.py:772]   File "/vllm-workspace/vllm-ascend/vllm_ascend/ops/fused_moe/fused_moe.py", line 401, in __init__
2026-02-18T19:38:01.1716287Z [0;36m(Worker_DP1_TP4_EP12 pid=3717)[0;0m ERROR 02-18 19:38:01 [multiproc_executor.py:772]     AscendFusedMoE.__init__(self, **kwargs)
2026-02-18T19:38:01.1726197Z [0;36m(Worker_DP1_TP4_EP12 pid=3717)[0;0m ERROR 02-18 19:38:01 [multiproc_executor.py:772]   File "/vllm-workspace/vllm-ascend/vllm_ascend/ops/fused_moe/fused_moe.py", line 162, in __init__
2026-02-18T19:38:01.1736319Z [0;36m(Worker_DP1_TP4_EP12 pid=3717)[0;0m ERROR 02-18 19:38:01 [multiproc_executor.py:772]     super().__init__(*args, **kwargs)
2026-02-18T19:38:01.1745620Z [0;36m(Worker_DP1_TP4_EP12 pid=3717)[0;0m ERROR 02-18 19:38:01 [multiproc_executor.py:772]   File "/vllm-workspace/vllm/vllm/model_executor/layers/fused_moe/layer.py", line 603, in __init__
2026-02-18T19:38:01.1754899Z [0;36m(Worker_DP1_TP4_EP12 pid=3717)[0;0m ERROR 02-18 19:38:01 [multiproc_executor.py:772]     self.quant_method: FusedMoEMethodBase = _get_quant_method()
2026-02-18T19:38:01.1766190Z [0;36m(Worker_DP1_TP4_EP12 pid=3717)[0;0m ERROR 02-18 19:38:01 [multiproc_executor.py:772]                                             ^^^^^^^^^^^^^^^^^^^
2026-02-18T19:38:01.1777454Z [0;36m(Worker_DP1_TP4_EP12 pid=3717)[0;0m ERROR 02-18 19:38:01 [multiproc_executor.py:772]   File "/vllm-workspace/vllm/vllm/model_executor/layers/fused_moe/layer.py", line 595, in _get_quant_method
2026-02-18T19:38:01.1788311Z [0;36m(Worker_DP1_TP4_EP12 pid=3717)[0;0m ERROR 02-18 19:38:01 [multiproc_executor.py:772]     quant_method = self.quant_config.get_quant_method(self, prefix)
2026-02-18T19:38:01.1800071Z [0;36m(Worker_DP1_TP4_EP12 pid=3717)[0;0m ERROR 02-18 19:38:01 [multiproc_executor.py:772]                    ^^^^^^^^^^^^^^^^^^^^^^^^^^^^^^^^^^^^^^^^^^^^^^^^
2026-02-18T19:38:01.1812638Z [0;36m(Worker_DP1_TP4_EP12 pid=3717)[0;0m ERROR 02-18 19:38:01 [multiproc_executor.py:772]   File "/vllm-workspace/vllm-ascend/vllm_ascend/quantization/modelslim_config.py", line 419, in get_quant_method
2026-02-18T19:38:01.1822319Z [0;36m(Worker_DP1_TP4_EP12 pid=3717)[0;0m ERROR 02-18 19:38:01 [multiproc_executor.py:772]     scheme = create_scheme_for_layer(self.quant_description, prefix, "moe", self.packed_modules_mapping)
2026-02-18T19:38:01.1833155Z [0;36m(Worker_DP1_TP4_EP12 pid=3717)[0;0m ERROR 02-18 19:38:01 [multiproc_executor.py:772]              ^^^^^^^^^^^^^^^^^^^^^^^^^^^^^^^^^^^^^^^^^^^^^^^^^^^^^^^^^^^^^^^^^^^^^^^^^^^^^^^^^^^^^^^^^^^
2026-02-18T19:38:01.1843981Z [0;36m(Worker_DP1_TP4_EP12 pid=3717)[0;0m ERROR 02-18 19:38:01 [multiproc_executor.py:772]   File "/vllm-workspace/vllm-ascend/vllm_ascend/quantization/modelslim_config.py", line 295, in create_scheme_for_layer
2026-02-18T19:38:01.1854066Z [0;36m(Worker_DP1_TP4_EP12 pid=3717)[0;0m ERROR 02-18 19:38:01 [multiproc_executor.py:772]     return scheme_cls()
2026-02-18T19:38:01.1863630Z [0;36m(Worker_DP1_TP4_EP12 pid=3717)[0;0m ERROR 02-18 19:38:01 [multiproc_executor.py:772]            ^^^^^^^^^^^^
2026-02-18T19:38:01.1873186Z [0;36m(Worker_DP1_TP4_EP12 pid=3717)[0;0m ERROR 02-18 19:38:01 [multiproc_executor.py:772]   File "/vllm-workspace/vllm-ascend/vllm_ascend/quantization/methods/w8a8_dynamic.py", line 128, in __init__
2026-02-18T19:38:01.1883241Z [0;36m(Worker_DP1_TP4_EP12 pid=3717)[0;0m ERROR 02-18 19:38:01 [multiproc_executor.py:772]     self.moe_all_to_all_group_name = backend.get_hccl_comm_name(local_rank)
2026-02-18T19:38:01.1893396Z [0;36m(Worker_DP1_TP4_EP12 pid=3717)[0;0m ERROR 02-18 19:38:01 [multiproc_executor.py:772]                                      ^^^^^^^^^^^^^^^^^^^^^^^^^^^^^^^^^^^^^^
2026-02-18T19:38:01.1903979Z [0;36m(Worker_DP1_TP4_EP12 pid=3717)[0;0m ERROR 02-18 19:38:01 [multiproc_executor.py:772] RuntimeError: create_config:build/CMakeFiles/torch_npu.dir/compiler_depend.ts:130 HCCL function error: hcclCommInitRootInfoConfig(numRanks, &rootInfo, rank, config, &(comm->hcclComm_)), error code is 7
2026-02-18T19:38:01.1913197Z [0;36m(Worker_DP1_TP4_EP12 pid=3717)[0;0m ERROR 02-18 19:38:01 [multiproc_executor.py:772] [ERROR] 2026-02-18-19:37:59 (PID:3717, Device:4, RankID:-1) ERR02200 DIST call hccl api failed.
2026-02-18T19:38:01.1922941Z [0;36m(Worker_DP1_TP4_EP12 pid=3717)[0;0m ERROR 02-18 19:38:01 [multiproc_executor.py:772] 
2026-02-18T19:38:01.1932720Z [0;36m(Worker_DP0_TP1_EP1 pid=2049)[0;0m ERROR 02-18 19:38:01 [multiproc_executor.py:772] WorkerProc failed to start.
2026-02-18T19:38:01.1942560Z [0;36m(Worker_DP0_TP1_EP1 pid=2049)[0;0m ERROR 02-18 19:38:01 [multiproc_executor.py:772] Traceback (most recent call last):
2026-02-18T19:38:01.1952479Z [0;36m(Worker_DP0_TP1_EP1 pid=2049)[0;0m ERROR 02-18 19:38:01 [multiproc_executor.py:772]   File "/vllm-workspace/vllm/vllm/v1/executor/multiproc_executor.py", line 743, in worker_main
2026-02-18T19:38:01.1963040Z [0;36m(Worker_DP0_TP1_EP1 pid=2049)[0;0m ERROR 02-18 19:38:01 [multiproc_executor.py:772]     worker = WorkerProc(*args, **kwargs)
2026-02-18T19:38:01.1972143Z [0;36m(Worker_DP0_TP1_EP1 pid=2049)[0;0m ERROR 02-18 19:38:01 [multiproc_executor.py:772]              ^^^^^^^^^^^^^^^^^^^^^^^^^^^
2026-02-18T19:38:01.1982164Z [0;36m(Worker_DP0_TP1_EP1 pid=2049)[0;0m ERROR 02-18 19:38:01 [multiproc_executor.py:772]   File "/vllm-workspace/vllm/vllm/v1/executor/multiproc_executor.py", line 578, in __init__
2026-02-18T19:38:01.1991366Z [0;36m(Worker_DP0_TP1_EP1 pid=2049)[0;0m ERROR 02-18 19:38:01 [multiproc_executor.py:772]     self.worker.load_model()
2026-02-18T19:38:01.2001251Z [0;36m(Worker_DP0_TP1_EP1 pid=2049)[0;0m ERROR 02-18 19:38:01 [multiproc_executor.py:772]   File "/vllm-workspace/vllm-ascend/vllm_ascend/worker/worker.py", line 404, in load_model
2026-02-18T19:38:01.2011190Z [0;36m(Worker_DP0_TP1_EP1 pid=2049)[0;0m ERROR 02-18 19:38:01 [multiproc_executor.py:772]     self.model_runner.load_model()
2026-02-18T19:38:01.2020614Z [0;36m(Worker_DP0_TP1_EP1 pid=2049)[0;0m ERROR 02-18 19:38:01 [multiproc_executor.py:772]   File "/vllm-workspace/vllm-ascend/vllm_ascend/worker/model_runner_v1.py", line 2311, in load_model
2026-02-18T19:38:01.2030237Z [0;36m(Worker_DP0_TP1_EP1 pid=2049)[0;0m ERROR 02-18 19:38:01 [multiproc_executor.py:772]     self.model = get_model(vllm_config=self.vllm_config)
2026-02-18T19:38:01.2039907Z [0;36m(Worker_DP0_TP1_EP1 pid=2049)[0;0m ERROR 02-18 19:38:01 [multiproc_executor.py:772]                  ^^^^^^^^^^^^^^^^^^^^^^^^^^^^^^^^^^^^^^^
2026-02-18T19:38:01.2049942Z [0;36m(Worker_DP0_TP1_EP1 pid=2049)[0;0m ERROR 02-18 19:38:01 [multiproc_executor.py:772]   File "/vllm-workspace/vllm/vllm/model_executor/model_loader/__init__.py", line 135, in get_model
2026-02-18T19:38:01.2059308Z [0;36m(Worker_DP0_TP1_EP1 pid=2049)[0;0m ERROR 02-18 19:38:01 [multiproc_executor.py:772]     return loader.load_model(
2026-02-18T19:38:01.2068246Z [0;36m(Worker_DP0_TP1_EP1 pid=2049)[0;0m ERROR 02-18 19:38:01 [multiproc_executor.py:772]            ^^^^^^^^^^^^^^^^^^
2026-02-18T19:38:01.2078339Z [0;36m(Worker_DP0_TP1_EP1 pid=2049)[0;0m ERROR 02-18 19:38:01 [multiproc_executor.py:772]   File "/vllm-workspace/vllm/vllm/model_executor/model_loader/base_loader.py", line 50, in load_model
2026-02-18T19:38:01.2087700Z [0;36m(Worker_DP0_TP1_EP1 pid=2049)[0;0m ERROR 02-18 19:38:01 [multiproc_executor.py:772]     model = initialize_model(
2026-02-18T19:38:01.2097364Z [0;36m(Worker_DP0_TP1_EP1 pid=2049)[0;0m ERROR 02-18 19:38:01 [multiproc_executor.py:772]             ^^^^^^^^^^^^^^^^^
2026-02-18T19:38:01.2107003Z [0;36m(Worker_DP0_TP1_EP1 pid=2049)[0;0m ERROR 02-18 19:38:01 [multiproc_executor.py:772]   File "/vllm-workspace/vllm/vllm/model_executor/model_loader/utils.py", line 48, in initialize_model
2026-02-18T19:38:01.2116501Z [0;36m(Worker_DP0_TP1_EP1 pid=2049)[0;0m ERROR 02-18 19:38:01 [multiproc_executor.py:772]     return model_class(vllm_config=vllm_config, prefix=prefix)
2026-02-18T19:38:01.2126324Z [0;36m(Worker_DP0_TP1_EP1 pid=2049)[0;0m ERROR 02-18 19:38:01 [multiproc_executor.py:772]            ^^^^^^^^^^^^^^^^^^^^^^^^^^^^^^^^^^^^^^^^^^^^^^^^^^^
2026-02-18T19:38:01.2136347Z [0;36m(Worker_DP0_TP1_EP1 pid=2049)[0;0m ERROR 02-18 19:38:01 [multiproc_executor.py:772]   File "/vllm-workspace/vllm/vllm/model_executor/models/deepseek_v2.py", line 1210, in __init__
2026-02-18T19:38:01.2145711Z [0;36m(Worker_DP0_TP1_EP1 pid=2049)[0;0m ERROR 02-18 19:38:01 [multiproc_executor.py:772]     self.model = self.model_cls(
2026-02-18T19:38:01.2155176Z [0;36m(Worker_DP0_TP1_EP1 pid=2049)[0;0m ERROR 02-18 19:38:01 [multiproc_executor.py:772]                  ^^^^^^^^^^^^^^^
2026-02-18T19:38:01.2165315Z [0;36m(Worker_DP0_TP1_EP1 pid=2049)[0;0m ERROR 02-18 19:38:01 [multiproc_executor.py:772]   File "/vllm-workspace/vllm/vllm/compilation/decorators.py", line 306, in __init__
2026-02-18T19:38:01.2174960Z [0;36m(Worker_DP0_TP1_EP1 pid=2049)[0;0m ERROR 02-18 19:38:01 [multiproc_executor.py:772]     old_init(self, **kwargs)
2026-02-18T19:38:01.2185039Z [0;36m(Worker_DP0_TP1_EP1 pid=2049)[0;0m ERROR 02-18 19:38:01 [multiproc_executor.py:772]   File "/vllm-workspace/vllm/vllm/model_executor/models/deepseek_v2.py", line 1067, in __init__
2026-02-18T19:38:01.2194536Z [0;36m(Worker_DP0_TP1_EP1 pid=2049)[0;0m ERROR 02-18 19:38:01 [multiproc_executor.py:772]     self.start_layer, self.end_layer, self.layers = make_layers(
2026-02-18T19:38:01.2204299Z [0;36m(Worker_DP0_TP1_EP1 pid=2049)[0;0m ERROR 02-18 19:38:01 [multiproc_executor.py:772]                                                     ^^^^^^^^^^^^
2026-02-18T19:38:01.2214419Z [0;36m(Worker_DP0_TP1_EP1 pid=2049)[0;0m ERROR 02-18 19:38:01 [multiproc_executor.py:772]   File "/vllm-workspace/vllm/vllm/model_executor/models/utils.py", line 706, in make_layers
2026-02-18T19:38:01.2223544Z [0;36m(Worker_DP0_TP1_EP1 pid=2049)[0;0m ERROR 02-18 19:38:01 [multiproc_executor.py:772]     + [
2026-02-18T19:38:01.2233240Z [0;36m(Worker_DP0_TP1_EP1 pid=2049)[0;0m ERROR 02-18 19:38:01 [multiproc_executor.py:772]       ^
2026-02-18T19:38:01.2242968Z [0;36m(Worker_DP0_TP1_EP1 pid=2049)[0;0m ERROR 02-18 19:38:01 [multiproc_executor.py:772]   File "/vllm-workspace/vllm/vllm/model_executor/models/utils.py", line 707, in <listcomp>
2026-02-18T19:38:01.2252764Z [0;36m(Worker_DP0_TP1_EP1 pid=2049)[0;0m ERROR 02-18 19:38:01 [multiproc_executor.py:772]     maybe_offload_to_cpu(layer_fn(prefix=f"{prefix}.{idx}"))
2026-02-18T19:38:01.2262451Z [0;36m(Worker_DP0_TP1_EP1 pid=2049)[0;0m ERROR 02-18 19:38:01 [multiproc_executor.py:772]                          ^^^^^^^^^^^^^^^^^^^^^^^^^^^^^^^^^^
2026-02-18T19:38:01.2272114Z [0;36m(Worker_DP0_TP1_EP1 pid=2049)[0;0m ERROR 02-18 19:38:01 [multiproc_executor.py:772]   File "/vllm-workspace/vllm/vllm/model_executor/models/deepseek_v2.py", line 1069, in <lambda>
2026-02-18T19:38:01.2282267Z [0;36m(Worker_DP0_TP1_EP1 pid=2049)[0;0m ERROR 02-18 19:38:01 [multiproc_executor.py:772]     lambda prefix: DeepseekV2DecoderLayer(
2026-02-18T19:38:01.2291976Z [0;36m(Worker_DP0_TP1_EP1 pid=2049)[0;0m ERROR 02-18 19:38:01 [multiproc_executor.py:772]                    ^^^^^^^^^^^^^^^^^^^^^^^
2026-02-18T19:38:01.2301816Z [0;36m(Worker_DP0_TP1_EP1 pid=2049)[0;0m ERROR 02-18 19:38:01 [multiproc_executor.py:772]   File "/vllm-workspace/vllm/vllm/model_executor/models/deepseek_v2.py", line 963, in __init__
2026-02-18T19:38:01.2311368Z [0;36m(Worker_DP0_TP1_EP1 pid=2049)[0;0m ERROR 02-18 19:38:01 [multiproc_executor.py:772]     self.mlp = DeepseekV2MoE(
2026-02-18T19:38:01.2321207Z [0;36m(Worker_DP0_TP1_EP1 pid=2049)[0;0m ERROR 02-18 19:38:01 [multiproc_executor.py:772]                ^^^^^^^^^^^^^^
2026-02-18T19:38:01.2331148Z [0;36m(Worker_DP0_TP1_EP1 pid=2049)[0;0m ERROR 02-18 19:38:01 [multiproc_executor.py:772]   File "/vllm-workspace/vllm/vllm/model_executor/models/deepseek_v2.py", line 298, in __init__
2026-02-18T19:38:01.2340453Z [0;36m(Worker_DP0_TP1_EP1 pid=2049)[0;0m ERROR 02-18 19:38:01 [multiproc_executor.py:772]     self.experts = SharedFusedMoE(
2026-02-18T19:38:01.2350218Z [0;36m(Worker_DP0_TP1_EP1 pid=2049)[0;0m ERROR 02-18 19:38:01 [multiproc_executor.py:772]                    ^^^^^^^^^^^^^^^
2026-02-18T19:38:01.2360596Z [0;36m(Worker_DP0_TP1_EP1 pid=2049)[0;0m ERROR 02-18 19:38:01 [multiproc_executor.py:772]   File "/vllm-workspace/vllm-ascend/vllm_ascend/ops/fused_moe/fused_moe.py", line 401, in __init__
2026-02-18T19:38:01.2369469Z [0;36m(Worker_DP0_TP1_EP1 pid=2049)[0;0m ERROR 02-18 19:38:01 [multiproc_executor.py:772]     AscendFusedMoE.__init__(self, **kwargs)
2026-02-18T19:38:01.2379332Z [0;36m(Worker_DP0_TP1_EP1 pid=2049)[0;0m ERROR 02-18 19:38:01 [multiproc_executor.py:772]   File "/vllm-workspace/vllm-ascend/vllm_ascend/ops/fused_moe/fused_moe.py", line 162, in __init__
2026-02-18T19:38:01.2388807Z [0;36m(Worker_DP0_TP1_EP1 pid=2049)[0;0m ERROR 02-18 19:38:01 [multiproc_executor.py:772]     super().__init__(*args, **kwargs)
2026-02-18T19:38:01.2398488Z [0;36m(Worker_DP0_TP1_EP1 pid=2049)[0;0m ERROR 02-18 19:38:01 [multiproc_executor.py:772]   File "/vllm-workspace/vllm/vllm/model_executor/layers/fused_moe/layer.py", line 603, in __init__
2026-02-18T19:38:01.2408131Z [0;36m(Worker_DP0_TP1_EP1 pid=2049)[0;0m ERROR 02-18 19:38:01 [multiproc_executor.py:772]     self.quant_method: FusedMoEMethodBase = _get_quant_method()
2026-02-18T19:38:01.2417796Z [0;36m(Worker_DP0_TP1_EP1 pid=2049)[0;0m ERROR 02-18 19:38:01 [multiproc_executor.py:772]                                             ^^^^^^^^^^^^^^^^^^^
2026-02-18T19:38:01.2427585Z [0;36m(Worker_DP0_TP1_EP1 pid=2049)[0;0m ERROR 02-18 19:38:01 [multiproc_executor.py:772]   File "/vllm-workspace/vllm/vllm/model_executor/layers/fused_moe/layer.py", line 595, in _get_quant_method
2026-02-18T19:38:01.2436849Z [0;36m(Worker_DP0_TP1_EP1 pid=2049)[0;0m ERROR 02-18 19:38:01 [multiproc_executor.py:772]     quant_method = self.quant_config.get_quant_method(self, prefix)
2026-02-18T19:38:01.2446694Z [0;36m(Worker_DP0_TP1_EP1 pid=2049)[0;0m ERROR 02-18 19:38:01 [multiproc_executor.py:772]                    ^^^^^^^^^^^^^^^^^^^^^^^^^^^^^^^^^^^^^^^^^^^^^^^^
2026-02-18T19:38:01.2456617Z [0;36m(Worker_DP0_TP1_EP1 pid=2049)[0;0m ERROR 02-18 19:38:01 [multiproc_executor.py:772]   File "/vllm-workspace/vllm-ascend/vllm_ascend/quantization/modelslim_config.py", line 419, in get_quant_method
2026-02-18T19:38:01.2466282Z [0;36m(Worker_DP0_TP1_EP1 pid=2049)[0;0m ERROR 02-18 19:38:01 [multiproc_executor.py:772]     scheme = create_scheme_for_layer(self.quant_description, prefix, "moe", self.packed_modules_mapping)
2026-02-18T19:38:01.2475518Z [0;36m(Worker_DP0_TP1_EP1 pid=2049)[0;0m ERROR 02-18 19:38:01 [multiproc_executor.py:772]              ^^^^^^^^^^^^^^^^^^^^^^^^^^^^^^^^^^^^^^^^^^^^^^^^^^^^^^^^^^^^^^^^^^^^^^^^^^^^^^^^^^^^^^^^^^^
2026-02-18T19:38:01.2510988Z [0;36m(Worker_DP0_TP1_EP1 pid=2049)[0;0m ERROR 02-18 19:38:01 [multiproc_executor.py:772]   File "/vllm-workspace/vllm-ascend/vllm_ascend/quantization/modelslim_config.py", line 295, in create_scheme_for_layer
2026-02-18T19:38:01.2512126Z [0;36m(Worker_DP0_TP1_EP1 pid=2049)[0;0m ERROR 02-18 19:38:01 [multiproc_executor.py:772]     return scheme_cls()
2026-02-18T19:38:01.2512736Z [0;36m(Worker_DP0_TP1_EP1 pid=2049)[0;0m ERROR 02-18 19:38:01 [multiproc_executor.py:772]            ^^^^^^^^^^^^
2026-02-18T19:38:01.2513954Z [0;36m(Worker_DP0_TP1_EP1 pid=2049)[0;0m ERROR 02-18 19:38:01 [multiproc_executor.py:772]   File "/vllm-workspace/vllm-ascend/vllm_ascend/quantization/methods/w8a8_dynamic.py", line 128, in __init__
2026-02-18T19:38:01.2524075Z [0;36m(Worker_DP0_TP1_EP1 pid=2049)[0;0m ERROR 02-18 19:38:01 [multiproc_executor.py:772]     self.moe_all_to_all_group_name = backend.get_hccl_comm_name(local_rank)
2026-02-18T19:38:01.2533847Z [0;36m(Worker_DP0_TP1_EP1 pid=2049)[0;0m ERROR 02-18 19:38:01 [multiproc_executor.py:772]                                      ^^^^^^^^^^^^^^^^^^^^^^^^^^^^^^^^^^^^^^
2026-02-18T19:38:01.2543963Z [0;36m(Worker_DP0_TP1_EP1 pid=2049)[0;0m ERROR 02-18 19:38:01 [multiproc_executor.py:772] RuntimeError: create_config:build/CMakeFiles/torch_npu.dir/compiler_depend.ts:130 HCCL function error: hcclCommInitRootInfoConfig(numRanks, &rootInfo, rank, config, &(comm->hcclComm_)), error code is 7
2026-02-18T19:38:01.2553161Z [0;36m(Worker_DP0_TP1_EP1 pid=2049)[0;0m ERROR 02-18 19:38:01 [multiproc_executor.py:772] [ERROR] 2026-02-18-19:37:59 (PID:2049, Device:1, RankID:-1) ERR02200 DIST call hccl api failed.
2026-02-18T19:38:01.2562963Z [0;36m(Worker_DP0_TP1_EP1 pid=2049)[0;0m ERROR 02-18 19:38:01 [multiproc_executor.py:772] 
2026-02-18T19:38:05.0440917Z [0;36m(EngineCore_DP1 pid=851)[0;0m ERROR 02-18 19:38:05 [core.py:946] EngineCore failed to start.
2026-02-18T19:38:05.0450348Z [0;36m(EngineCore_DP1 pid=851)[0;0m ERROR 02-18 19:38:05 [core.py:946] Traceback (most recent call last):
2026-02-18T19:38:05.0460208Z [0;36m(EngineCore_DP1 pid=851)[0;0m ERROR 02-18 19:38:05 [core.py:946]   File "/vllm-workspace/vllm/vllm/v1/engine/core.py", line 929, in run_engine_core
2026-02-18T19:38:05.0469984Z [0;36m(EngineCore_DP1 pid=851)[0;0m ERROR 02-18 19:38:05 [core.py:946]     engine_core = DPEngineCoreProc(*args, **kwargs)
2026-02-18T19:38:05.0479870Z [0;36m(EngineCore_DP1 pid=851)[0;0m ERROR 02-18 19:38:05 [core.py:946]                   ^^^^^^^^^^^^^^^^^^^^^^^^^^^^^^^^^
2026-02-18T19:38:05.0489297Z [0;36m(EngineCore_DP1 pid=851)[0;0m Process EngineCore_DP1:
2026-02-18T19:38:05.0499470Z [0;36m(EngineCore_DP1 pid=851)[0;0m ERROR 02-18 19:38:05 [core.py:946]   File "/vllm-workspace/vllm/vllm/v1/engine/core.py", line 1279, in __init__
2026-02-18T19:38:05.0508591Z [0;36m(EngineCore_DP1 pid=851)[0;0m ERROR 02-18 19:38:05 [core.py:946]     super().__init__(
2026-02-18T19:38:05.0518721Z [0;36m(EngineCore_DP1 pid=851)[0;0m ERROR 02-18 19:38:05 [core.py:946]   File "/vllm-workspace/vllm/vllm/v1/engine/core.py", line 691, in __init__
2026-02-18T19:38:05.0529600Z [0;36m(EngineCore_DP1 pid=851)[0;0m ERROR 02-18 19:38:05 [core.py:946]     super().__init__(
2026-02-18T19:38:05.0539645Z [0;36m(EngineCore_DP1 pid=851)[0;0m ERROR 02-18 19:38:05 [core.py:946]   File "/vllm-workspace/vllm/vllm/v1/engine/core.py", line 105, in __init__
2026-02-18T19:38:05.0548695Z [0;36m(EngineCore_DP1 pid=851)[0;0m ERROR 02-18 19:38:05 [core.py:946]     self.model_executor = executor_class(vllm_config)
2026-02-18T19:38:05.0558579Z [0;36m(EngineCore_DP1 pid=851)[0;0m ERROR 02-18 19:38:05 [core.py:946]                           ^^^^^^^^^^^^^^^^^^^^^^^^^^^
2026-02-18T19:38:05.0569396Z [0;36m(EngineCore_DP1 pid=851)[0;0m ERROR 02-18 19:38:05 [core.py:946]   File "/vllm-workspace/vllm/vllm/v1/executor/multiproc_executor.py", line 97, in __init__
2026-02-18T19:38:05.0578795Z [0;36m(EngineCore_DP1 pid=851)[0;0m ERROR 02-18 19:38:05 [core.py:946]     super().__init__(vllm_config)
2026-02-18T19:38:05.0588971Z [0;36m(EngineCore_DP1 pid=851)[0;0m ERROR 02-18 19:38:05 [core.py:946]   File "/vllm-workspace/vllm/vllm/v1/executor/abstract.py", line 101, in __init__
2026-02-18T19:38:05.0598433Z [0;36m(EngineCore_DP1 pid=851)[0;0m ERROR 02-18 19:38:05 [core.py:946]     self._init_executor()
2026-02-18T19:38:05.0608385Z [0;36m(EngineCore_DP1 pid=851)[0;0m ERROR 02-18 19:38:05 [core.py:946]   File "/vllm-workspace/vllm/vllm/v1/executor/multiproc_executor.py", line 165, in _init_executor
2026-02-18T19:38:05.0618098Z [0;36m(EngineCore_DP1 pid=851)[0;0m ERROR 02-18 19:38:05 [core.py:946]     self.workers = WorkerProc.wait_for_ready(unready_workers)
2026-02-18T19:38:05.0628216Z [0;36m(EngineCore_DP1 pid=851)[0;0m ERROR 02-18 19:38:05 [core.py:946]                    ^^^^^^^^^^^^^^^^^^^^^^^^^^^^^^^^^^^^^^^^^^
2026-02-18T19:38:05.0657843Z [0;36m(EngineCore_DP1 pid=851)[0;0m ERROR 02-18 19:38:05 [core.py:946]   File "/vllm-workspace/vllm/vllm/v1/executor/multiproc_executor.py", line 678, in wait_for_ready
2026-02-18T19:38:05.0658583Z [0;36m(EngineCore_DP1 pid=851)[0;0m ERROR 02-18 19:38:05 [core.py:946]     raise e from None
2026-02-18T19:38:05.0659398Z [0;36m(EngineCore_DP1 pid=851)[0;0m ERROR 02-18 19:38:05 [core.py:946] Exception: WorkerProc initialization failed due to an exception in a background process. See stack trace for root cause.
2026-02-18T19:38:05.0667686Z [0;36m(EngineCore_DP1 pid=851)[0;0m Traceback (most recent call last):
2026-02-18T19:38:05.0677499Z [0;36m(EngineCore_DP1 pid=851)[0;0m   File "/usr/local/python3.11.14/lib/python3.11/multiprocessing/process.py", line 314, in _bootstrap
2026-02-18T19:38:05.0686689Z [0;36m(EngineCore_DP1 pid=851)[0;0m     self.run()
2026-02-18T19:38:05.0696673Z [0;36m(EngineCore_DP1 pid=851)[0;0m   File "/usr/local/python3.11.14/lib/python3.11/multiprocessing/process.py", line 108, in run
2026-02-18T19:38:05.0705907Z [0;36m(EngineCore_DP1 pid=851)[0;0m     self._target(*self._args, **self._kwargs)
2026-02-18T19:38:05.0715236Z [0;36m(EngineCore_DP1 pid=851)[0;0m   File "/vllm-workspace/vllm/vllm/v1/engine/core.py", line 950, in run_engine_core
2026-02-18T19:38:05.0724534Z [0;36m(EngineCore_DP1 pid=851)[0;0m     raise e
2026-02-18T19:38:05.0737054Z [0;36m(EngineCore_DP1 pid=851)[0;0m   File "/vllm-workspace/vllm/vllm/v1/engine/core.py", line 929, in run_engine_core
2026-02-18T19:38:05.0744574Z [0;36m(EngineCore_DP1 pid=851)[0;0m     engine_core = DPEngineCoreProc(*args, **kwargs)
2026-02-18T19:38:05.0753553Z [0;36m(EngineCore_DP1 pid=851)[0;0m                   ^^^^^^^^^^^^^^^^^^^^^^^^^^^^^^^^^
2026-02-18T19:38:05.0763912Z [0;36m(EngineCore_DP1 pid=851)[0;0m   File "/vllm-workspace/vllm/vllm/v1/engine/core.py", line 1279, in __init__
2026-02-18T19:38:05.0775194Z [0;36m(EngineCore_DP1 pid=851)[0;0m     super().__init__(
2026-02-18T19:38:05.0786654Z [0;36m(EngineCore_DP1 pid=851)[0;0m   File "/vllm-workspace/vllm/vllm/v1/engine/core.py", line 691, in __init__
2026-02-18T19:38:05.0797838Z [0;36m(EngineCore_DP1 pid=851)[0;0m     super().__init__(
2026-02-18T19:38:05.0809309Z [0;36m(EngineCore_DP1 pid=851)[0;0m   File "/vllm-workspace/vllm/vllm/v1/engine/core.py", line 105, in __init__
2026-02-18T19:38:05.0819848Z [0;36m(EngineCore_DP1 pid=851)[0;0m     self.model_executor = executor_class(vllm_config)
2026-02-18T19:38:05.0830497Z [0;36m(EngineCore_DP1 pid=851)[0;0m                           ^^^^^^^^^^^^^^^^^^^^^^^^^^^
2026-02-18T19:38:05.0841638Z [0;36m(EngineCore_DP1 pid=851)[0;0m   File "/vllm-workspace/vllm/vllm/v1/executor/multiproc_executor.py", line 97, in __init__
2026-02-18T19:38:05.0850923Z [0;36m(EngineCore_DP1 pid=851)[0;0m     super().__init__(vllm_config)
2026-02-18T19:38:05.0860088Z [0;36m(EngineCore_DP1 pid=851)[0;0m   File "/vllm-workspace/vllm/vllm/v1/executor/abstract.py", line 101, in __init__
2026-02-18T19:38:05.0873965Z [0;36m(EngineCore_DP1 pid=851)[0;0m     self._init_executor()
2026-02-18T19:38:05.0879330Z [0;36m(EngineCore_DP1 pid=851)[0;0m   File "/vllm-workspace/vllm/vllm/v1/executor/multiproc_executor.py", line 165, in _init_executor
2026-02-18T19:38:05.0889466Z [0;36m(EngineCore_DP1 pid=851)[0;0m     self.workers = WorkerProc.wait_for_ready(unready_workers)
2026-02-18T19:38:05.0898911Z [0;36m(EngineCore_DP1 pid=851)[0;0m                    ^^^^^^^^^^^^^^^^^^^^^^^^^^^^^^^^^^^^^^^^^^
2026-02-18T19:38:05.0908383Z [0;36m(EngineCore_DP1 pid=851)[0;0m   File "/vllm-workspace/vllm/vllm/v1/executor/multiproc_executor.py", line 678, in wait_for_ready
2026-02-18T19:38:05.0917379Z [0;36m(EngineCore_DP1 pid=851)[0;0m     raise e from None
2026-02-18T19:38:05.0928460Z [0;36m(EngineCore_DP1 pid=851)[0;0m Exception: WorkerProc initialization failed due to an exception in a background process. See stack trace for root cause.
2026-02-18T19:38:05.0937827Z [0;36m(EngineCore_DP0 pid=380)[0;0m ERROR 02-18 19:38:05 [core.py:946] EngineCore failed to start.
2026-02-18T19:38:05.0946012Z [0;36m(EngineCore_DP0 pid=380)[0;0m ERROR 02-18 19:38:05 [core.py:946] Traceback (most recent call last):
2026-02-18T19:38:05.0956387Z [0;36m(EngineCore_DP0 pid=380)[0;0m ERROR 02-18 19:38:05 [core.py:946]   File "/vllm-workspace/vllm/vllm/v1/engine/core.py", line 929, in run_engine_core
2026-02-18T19:38:05.0965633Z [0;36m(EngineCore_DP0 pid=380)[0;0m ERROR 02-18 19:38:05 [core.py:946]     engine_core = DPEngineCoreProc(*args, **kwargs)
2026-02-18T19:38:05.0975949Z [0;36m(EngineCore_DP0 pid=380)[0;0m ERROR 02-18 19:38:05 [core.py:946]                   ^^^^^^^^^^^^^^^^^^^^^^^^^^^^^^^^^
2026-02-18T19:38:05.0985142Z [0;36m(EngineCore_DP0 pid=380)[0;0m ERROR 02-18 19:38:05 [core.py:946]   File "/vllm-workspace/vllm/vllm/v1/engine/core.py", line 1279, in __init__
2026-02-18T19:38:05.0994111Z [0;36m(EngineCore_DP0 pid=380)[0;0m ERROR 02-18 19:38:05 [core.py:946]     super().__init__(
2026-02-18T19:38:05.1004217Z [0;36m(EngineCore_DP0 pid=380)[0;0m ERROR 02-18 19:38:05 [core.py:946]   File "/vllm-workspace/vllm/vllm/v1/engine/core.py", line 691, in __init__
2026-02-18T19:38:05.1013369Z [0;36m(EngineCore_DP0 pid=380)[0;0m ERROR 02-18 19:38:05 [core.py:946]     super().__init__(
2026-02-18T19:38:05.1023377Z [0;36m(EngineCore_DP0 pid=380)[0;0m ERROR 02-18 19:38:05 [core.py:946]   File "/vllm-workspace/vllm/vllm/v1/engine/core.py", line 105, in __init__
2026-02-18T19:38:05.1033049Z [0;36m(EngineCore_DP0 pid=380)[0;0m ERROR 02-18 19:38:05 [core.py:946]     self.model_executor = executor_class(vllm_config)
2026-02-18T19:38:05.1042231Z [0;36m(EngineCore_DP0 pid=380)[0;0m ERROR 02-18 19:38:05 [core.py:946]                           ^^^^^^^^^^^^^^^^^^^^^^^^^^^
2026-02-18T19:38:05.1052377Z [0;36m(EngineCore_DP0 pid=380)[0;0m ERROR 02-18 19:38:05 [core.py:946]   File "/vllm-workspace/vllm/vllm/v1/executor/multiproc_executor.py", line 97, in __init__
2026-02-18T19:38:05.1061575Z [0;36m(EngineCore_DP0 pid=380)[0;0m ERROR 02-18 19:38:05 [core.py:946]     super().__init__(vllm_config)
2026-02-18T19:38:05.1071637Z [0;36m(EngineCore_DP0 pid=380)[0;0m ERROR 02-18 19:38:05 [core.py:946]   File "/vllm-workspace/vllm/vllm/v1/executor/abstract.py", line 101, in __init__
2026-02-18T19:38:05.1080956Z [0;36m(EngineCore_DP0 pid=380)[0;0m ERROR 02-18 19:38:05 [core.py:946]     self._init_executor()
2026-02-18T19:38:05.1090173Z [0;36m(EngineCore_DP0 pid=380)[0;0m ERROR 02-18 19:38:05 [core.py:946]   File "/vllm-workspace/vllm/vllm/v1/executor/multiproc_executor.py", line 165, in _init_executor
2026-02-18T19:38:05.1099613Z [0;36m(EngineCore_DP0 pid=380)[0;0m ERROR 02-18 19:38:05 [core.py:946]     self.workers = WorkerProc.wait_for_ready(unready_workers)
2026-02-18T19:38:05.1108980Z [0;36m(EngineCore_DP0 pid=380)[0;0m ERROR 02-18 19:38:05 [core.py:946]                    ^^^^^^^^^^^^^^^^^^^^^^^^^^^^^^^^^^^^^^^^^^
2026-02-18T19:38:05.1118907Z [0;36m(EngineCore_DP0 pid=380)[0;0m ERROR 02-18 19:38:05 [core.py:946]   File "/vllm-workspace/vllm/vllm/v1/executor/multiproc_executor.py", line 678, in wait_for_ready
2026-02-18T19:38:05.1128654Z [0;36m(EngineCore_DP0 pid=380)[0;0m ERROR 02-18 19:38:05 [core.py:946]     raise e from None
2026-02-18T19:38:05.1138592Z [0;36m(EngineCore_DP0 pid=380)[0;0m ERROR 02-18 19:38:05 [core.py:946] Exception: WorkerProc initialization failed due to an exception in a background process. See stack trace for root cause.
2026-02-18T19:38:05.1147744Z [0;36m(EngineCore_DP0 pid=380)[0;0m Process EngineCore_DP0:
2026-02-18T19:38:05.1157006Z [0;36m(EngineCore_DP0 pid=380)[0;0m Traceback (most recent call last):
2026-02-18T19:38:05.1167394Z [0;36m(EngineCore_DP0 pid=380)[0;0m   File "/usr/local/python3.11.14/lib/python3.11/multiprocessing/process.py", line 314, in _bootstrap
2026-02-18T19:38:05.1176783Z [0;36m(EngineCore_DP0 pid=380)[0;0m     self.run()
2026-02-18T19:38:05.1186209Z [0;36m(EngineCore_DP0 pid=380)[0;0m   File "/usr/local/python3.11.14/lib/python3.11/multiprocessing/process.py", line 108, in run
2026-02-18T19:38:05.1195814Z [0;36m(EngineCore_DP0 pid=380)[0;0m     self._target(*self._args, **self._kwargs)
2026-02-18T19:38:05.1205293Z [0;36m(EngineCore_DP0 pid=380)[0;0m   File "/vllm-workspace/vllm/vllm/v1/engine/core.py", line 950, in run_engine_core
2026-02-18T19:38:05.1214893Z [0;36m(EngineCore_DP0 pid=380)[0;0m     raise e
2026-02-18T19:38:05.1224265Z [0;36m(EngineCore_DP0 pid=380)[0;0m   File "/vllm-workspace/vllm/vllm/v1/engine/core.py", line 929, in run_engine_core
2026-02-18T19:38:05.1233160Z [0;36m(EngineCore_DP0 pid=380)[0;0m     engine_core = DPEngineCoreProc(*args, **kwargs)
2026-02-18T19:38:05.1243002Z [0;36m(EngineCore_DP0 pid=380)[0;0m                   ^^^^^^^^^^^^^^^^^^^^^^^^^^^^^^^^^
2026-02-18T19:38:05.1252574Z [0;36m(EngineCore_DP0 pid=380)[0;0m   File "/vllm-workspace/vllm/vllm/v1/engine/core.py", line 1279, in __init__
2026-02-18T19:38:05.1261833Z [0;36m(EngineCore_DP0 pid=380)[0;0m     super().__init__(
2026-02-18T19:38:05.1271643Z [0;36m(EngineCore_DP0 pid=380)[0;0m   File "/vllm-workspace/vllm/vllm/v1/engine/core.py", line 691, in __init__
2026-02-18T19:38:05.1280968Z [0;36m(EngineCore_DP0 pid=380)[0;0m     super().__init__(
2026-02-18T19:38:05.1290850Z [0;36m(EngineCore_DP0 pid=380)[0;0m   File "/vllm-workspace/vllm/vllm/v1/engine/core.py", line 105, in __init__
2026-02-18T19:38:05.1300366Z [0;36m(EngineCore_DP0 pid=380)[0;0m     self.model_executor = executor_class(vllm_config)
2026-02-18T19:38:05.1309494Z [0;36m(EngineCore_DP0 pid=380)[0;0m                           ^^^^^^^^^^^^^^^^^^^^^^^^^^^
2026-02-18T19:38:05.1320599Z [0;36m(EngineCore_DP0 pid=380)[0;0m   File "/vllm-workspace/vllm/vllm/v1/executor/multiproc_executor.py", line 97, in __init__
2026-02-18T19:38:05.1330409Z [0;36m(EngineCore_DP0 pid=380)[0;0m     super().__init__(vllm_config)
2026-02-18T19:38:05.1339478Z [0;36m(EngineCore_DP0 pid=380)[0;0m   File "/vllm-workspace/vllm/vllm/v1/executor/abstract.py", line 101, in __init__
2026-02-18T19:38:05.1349631Z [0;36m(EngineCore_DP0 pid=380)[0;0m     self._init_executor()
2026-02-18T19:38:05.1359860Z [0;36m(EngineCore_DP0 pid=380)[0;0m   File "/vllm-workspace/vllm/vllm/v1/executor/multiproc_executor.py", line 165, in _init_executor
2026-02-18T19:38:05.1370195Z [0;36m(EngineCore_DP0 pid=380)[0;0m     self.workers = WorkerProc.wait_for_ready(unready_workers)
2026-02-18T19:38:05.1384570Z [0;36m(EngineCore_DP0 pid=380)[0;0m                    ^^^^^^^^^^^^^^^^^^^^^^^^^^^^^^^^^^^^^^^^^^
2026-02-18T19:38:05.1445108Z [0;36m(EngineCore_DP0 pid=380)[0;0m   File "/vllm-workspace/vllm/vllm/v1/executor/multiproc_executor.py", line 678, in wait_for_ready
2026-02-18T19:38:05.1454922Z [0;36m(EngineCore_DP0 pid=380)[0;0m     raise e from None
2026-02-18T19:38:05.1464150Z [0;36m(EngineCore_DP0 pid=380)[0;0m Exception: WorkerProc initialization failed due to an exception in a background process. See stack trace for root cause.
2026-02-18T19:38:07.0477877Z Traceback (most recent call last):
2026-02-18T19:38:07.0490042Z   File "/usr/local/python3.11.14/bin/vllm", line 7, in <module>
2026-02-18T19:38:07.0501185Z     sys.exit(main())
2026-02-18T19:38:07.0512193Z              ^^^^^^
2026-02-18T19:38:07.0523755Z   File "/vllm-workspace/vllm/vllm/entrypoints/cli/main.py", line 73, in main
2026-02-18T19:38:07.0537820Z     args.dispatch_function(args)
2026-02-18T19:38:07.0545893Z   File "/vllm-workspace/vllm/vllm/entrypoints/cli/serve.py", line 108, in cmd
2026-02-18T19:38:07.0555605Z     run_multi_api_server(args)
2026-02-18T19:38:07.0566164Z   File "/vllm-workspace/vllm/vllm/entrypoints/cli/serve.py", line 248, in run_multi_api_server
2026-02-18T19:38:07.0576077Z     with launch_core_engines(
2026-02-18T19:38:07.0586098Z   File "/usr/local/python3.11.14/lib/python3.11/contextlib.py", line 144, in __exit__
2026-02-18T19:38:07.0597000Z     next(self.gen)
2026-02-18T19:38:07.0605704Z   File "/vllm-workspace/vllm/vllm/v1/engine/utils.py", line 933, in launch_core_engines
2026-02-18T19:38:07.0614783Z     wait_for_engine_startup(
2026-02-18T19:38:07.0624747Z   File "/vllm-workspace/vllm/vllm/v1/engine/utils.py", line 992, in wait_for_engine_startup
2026-02-18T19:38:07.0634679Z     raise RuntimeError(
2026-02-18T19:38:07.0644880Z RuntimeError: Engine core initialization failed. See root cause above. Failed core proc(s): {}
2026-02-18T19:38:07.9109740Z [ERROR] 2026-02-18-19:38:07 (PID:138, Device:-1, RankID:-1) ERR99999 UNKNOWN applicaiton exception
2026-02-18T19:38:08.1791930Z sys:1: DeprecationWarning: builtin type swigvarlink has no __module__ attribute
2026-02-18T19:38:09.7442080Z /usr/local/python3.11.14/lib/python3.11/multiprocessing/resource_tracker.py:254: UserWarning: resource_tracker: There appear to be 18 leaked shared_memory objects to clean up at shutdown
2026-02-18T19:38:09.7449031Z   warnings.warn('resource_tracker: There appear to be %d '
2026-02-18T19:38:13.6784913Z FAILED
2026-02-18T19:38:13.6796277Z 
2026-02-18T19:38:13.6808685Z =================================== FAILURES ===================================
2026-02-18T19:38:13.6820166Z _______________________________ test_multi_node ________________________________
2026-02-18T19:38:13.6830146Z 
2026-02-18T19:38:13.6840542Z     @pytest.mark.asyncio
2026-02-18T19:38:13.6850451Z     async def test_multi_node() -> None:
2026-02-18T19:38:13.6859671Z         config = MultiNodeConfigLoader.from_yaml()
2026-02-18T19:38:13.6869599Z     
2026-02-18T19:38:13.6880254Z         with ProxyLauncher(
2026-02-18T19:38:13.6890119Z                 nodes=config.nodes,
2026-02-18T19:38:13.6899274Z                 disagg_cfg=config.disagg_cfg,
2026-02-18T19:38:13.6908849Z                 envs=config.envs,
2026-02-18T19:38:13.6919038Z                 proxy_port=config.proxy_port,
2026-02-18T19:38:13.6929505Z                 cur_index=config.cur_index,
2026-02-18T19:38:13.6941275Z         ) as proxy:
2026-02-18T19:38:13.6953772Z     
2026-02-18T19:38:13.6967372Z >           with RemoteOpenAIServer(
2026-02-18T19:38:13.6979100Z                     model=config.model,
2026-02-18T19:38:13.6988178Z                     vllm_serve_args=config.server_cmd,
2026-02-18T19:38:13.6998644Z                     server_port=config.server_port,
2026-02-18T19:38:13.7015014Z                     server_host=config.master_ip,
2026-02-18T19:38:13.7029705Z                     env_dict=config.envs,
2026-02-18T19:38:13.7040485Z                     auto_port=False,
2026-02-18T19:38:13.7051038Z                     proxy_port=proxy.proxy_port,
2026-02-18T19:38:13.7061424Z                     disaggregated_prefill=config.disagg_cfg,
2026-02-18T19:38:13.7071839Z                     nodes_info=config.nodes,
2026-02-18T19:38:13.7081836Z                     max_wait_seconds=2800,
2026-02-18T19:38:13.7093050Z             ) as server:
2026-02-18T19:38:13.7100693Z 
2026-02-18T19:38:13.7110369Z tests/e2e/nightly/multi_node/scripts/test_multi_node.py:21: 
2026-02-18T19:38:13.7120529Z _ _ _ _ _ _ _ _ _ _ _ _ _ _ _ _ _ _ _ _ _ _ _ _ _ _ _ _ _ _ _ _ _ _ _ _ _ _ _ _ 
2026-02-18T19:38:13.7130091Z tests/e2e/conftest.py:306: in __init__
2026-02-18T19:38:13.7139197Z     self._wait_for_multiple_servers(
2026-02-18T19:38:13.7148803Z _ _ _ _ _ _ _ _ _ _ _ _ _ _ _ _ _ _ _ _ _ _ _ _ _ _ _ _ _ _ _ _ _ _ _ _ _ _ _ _ 
2026-02-18T19:38:13.7158464Z 
2026-02-18T19:38:13.7168864Z self = <tests.e2e.conftest.RemoteOpenAIServer object at 0xffff167487d0>
2026-02-18T19:38:13.7178724Z targets = [('10.0.0.167', 'http://10.0.0.167:8080/health')], timeout = 2800
2026-02-18T19:38:13.7186704Z log_interval = 30.0
2026-02-18T19:38:13.7195789Z 
2026-02-18T19:38:13.7205884Z     def _wait_for_multiple_servers(self,
2026-02-18T19:38:13.7215997Z                                    targets,
2026-02-18T19:38:13.7226091Z                                    timeout: float,
2026-02-18T19:38:13.7233696Z                                    log_interval: float = 30.0):
2026-02-18T19:38:13.7242903Z         """
2026-02-18T19:38:13.7253591Z         targets: List[(node_ip, url)]
2026-02-18T19:38:13.7262495Z         log_interval
2026-02-18T19:38:13.7272633Z         """
2026-02-18T19:38:13.7281790Z         start = time.time()
2026-02-18T19:38:13.7291892Z         client = requests
2026-02-18T19:38:13.7300280Z     
2026-02-18T19:38:13.7309267Z         ready = {node_ip: False for node_ip, _ in targets}
2026-02-18T19:38:13.7318833Z     
2026-02-18T19:38:13.7328454Z         last_log_time = 0.0
2026-02-18T19:38:13.7338024Z     
2026-02-18T19:38:13.7347268Z         while True:
2026-02-18T19:38:13.7357022Z             now = time.time()
2026-02-18T19:38:13.7366740Z             all_ready = True
2026-02-18T19:38:13.7378125Z             should_log = (now - last_log_time) >= log_interval
2026-02-18T19:38:13.7386716Z     
2026-02-18T19:38:13.7396061Z             for node_ip, url in targets:
2026-02-18T19:38:13.7404400Z                 if ready[node_ip]:
2026-02-18T19:38:13.7414933Z                     continue
2026-02-18T19:38:13.7423436Z     
2026-02-18T19:38:13.7433057Z                 try:
2026-02-18T19:38:13.7442327Z                     resp = client.get(url)
2026-02-18T19:38:13.7452090Z                     if resp.status_code == 200:
2026-02-18T19:38:13.7461319Z                         ready[node_ip] = True
2026-02-18T19:38:13.7470795Z                         logger.info(f"[READY] Node {node_ip} is ready.")
2026-02-18T19:38:13.7479981Z                 except RequestException:
2026-02-18T19:38:13.7490412Z                     all_ready = False
2026-02-18T19:38:13.7499364Z                     if should_log:
2026-02-18T19:38:13.7509013Z                         logger.debug(f"[WAIT] {url}: connection failed")
2026-02-18T19:38:13.7517422Z     
2026-02-18T19:38:13.7527157Z                     # check unexpected exit
2026-02-18T19:38:13.7537130Z                     result = self._poll()
2026-02-18T19:38:13.7545768Z                     if result is not None and result != 0:
2026-02-18T19:38:13.7554858Z >                       raise RuntimeError(
2026-02-18T19:38:13.7564621Z                             f"Server at {node_ip} exited unexpectedly."
2026-02-18T19:38:13.7574021Z                         ) from None
2026-02-18T19:38:13.7583566Z E                       RuntimeError: Server at 10.0.0.167 exited unexpectedly.
2026-02-18T19:38:13.7592886Z 
2026-02-18T19:38:13.7602519Z tests/e2e/conftest.py:399: RuntimeError
2026-02-18T19:38:13.7612368Z =============================== warnings summary ===============================
2026-02-18T19:38:13.7650876Z <frozen importlib._bootstrap>:241
2026-02-18T19:38:13.7651317Z   <frozen importlib._bootstrap>:241: DeprecationWarning: builtin type SwigPyPacked has no __module__ attribute
2026-02-18T19:38:13.7651918Z 
2026-02-18T19:38:13.7652097Z <frozen importlib._bootstrap>:241
2026-02-18T19:38:13.7659936Z   <frozen importlib._bootstrap>:241: DeprecationWarning: builtin type SwigPyObject has no __module__ attribute
2026-02-18T19:38:13.7668768Z 
2026-02-18T19:38:13.7678997Z ../../usr/local/python3.11.14/lib/python3.11/site-packages/transformers/models/auto/image_processing_auto.py:647
2026-02-18T19:38:13.7690975Z   /usr/local/python3.11.14/lib/python3.11/site-packages/transformers/models/auto/image_processing_auto.py:647: FutureWarning: The image_processor_class argument is deprecated and will be removed in v4.42. Please use `slow_image_processor_class`, or `fast_image_processor_class` instead
2026-02-18T19:38:13.7699280Z     warnings.warn(
2026-02-18T19:38:13.7708826Z 
2026-02-18T19:38:13.7718847Z ../../usr/local/python3.11.14/lib/python3.11/site-packages/torch_npu/dynamo/torchair/__init__.py:8
2026-02-18T19:38:13.7729385Z   /usr/local/python3.11.14/lib/python3.11/site-packages/torch_npu/dynamo/torchair/__init__.py:8: DeprecationWarning: pkg_resources is deprecated as an API. See https://setuptools.pypa.io/en/latest/pkg_resources.html
2026-02-18T19:38:13.7738009Z     import pkg_resources
2026-02-18T19:38:13.7747318Z 
2026-02-18T19:38:13.7757125Z -- Docs: https://docs.pytest.org/en/stable/how-to/capture-warnings.html
2026-02-18T19:38:13.7822665Z =========================== short test summary info ============================
2026-02-18T19:38:13.7823141Z FAILED tests/e2e/nightly/multi_node/scripts/test_multi_node.py::test_multi_node
2026-02-18T19:38:13.7823607Z ================== 1 failed, 4 warnings in 131.02s (0:02:11) ===================
2026-02-18T19:38:15.4316903Z [0;31mFAIL_TAG_Kimi-K2-Instruct-W8A8.yaml ✗ ERROR: Some tests failed, please check the error stack above for details. If this is insufficient to pinpoint the error, please download and review the logs of all other nodes from the job's summary.[0m
2026-02-18T19:38:15.6765131Z Cleaning up background log streams...
2026-02-18T19:38:15.7664044Z ##[error]Error: failed to run script step: Error: command terminated with non-zero exit code: command terminated with exit code 1
2026-02-18T19:38:15.7704734Z ##[error]Process completed with exit code 1.
2026-02-18T19:38:15.7856625Z ##[error]Executing the custom container implementation failed. Please contact your self hosted runner administrator.
2026-02-18T19:38:15.8302148Z ##[group]Run actions/upload-artifact@v6
2026-02-18T19:38:15.8302451Z with:
2026-02-18T19:38:15.8302727Z   name: Kimi-K2-Instruct-W8A8.yaml-pod-logs
2026-02-18T19:38:15.8303016Z   path: /tmp/vllm*_logs.txt
2026-02-18T19:38:15.8303222Z   retention-days: 7
2026-02-18T19:38:15.8303474Z   if-no-files-found: warn
2026-02-18T19:38:15.8303686Z   compression-level: 6
2026-02-18T19:38:15.8303913Z   overwrite: false
2026-02-18T19:38:15.8304158Z   include-hidden-files: false
2026-02-18T19:38:15.8304367Z env:
2026-02-18T19:38:15.8304590Z   FAIL_TAG: FAIL_TAG_Kimi-K2-Instruct-W8A8.yaml
2026-02-18T19:38:15.8304876Z ##[endgroup]
2026-02-18T19:38:15.8330165Z ##[group]Run '/home/runner/k8s/index.js'
2026-02-18T19:38:15.8330956Z shell: /home/runner/externals/node20/bin/node {0}
2026-02-18T19:38:15.8331217Z ##[endgroup]
2026-02-18T19:38:16.2416361Z (node:851) [DEP0005] DeprecationWarning: Buffer() is deprecated due to security and usability issues. Please use the Buffer.alloc(), Buffer.allocUnsafe(), or Buffer.from() methods instead.
2026-02-18T19:38:16.2417133Z (Use `node --trace-deprecation ...` to show where the warning was created)
2026-02-18T19:38:16.9415984Z With the provided path, there will be 1 file uploaded
2026-02-18T19:38:16.9420524Z Artifact name is valid!
2026-02-18T19:38:16.9420848Z Root directory input is valid!
2026-02-18T19:38:17.8601107Z Beginning upload of artifact content to blob storage
2026-02-18T19:38:18.9722230Z Uploaded bytes 16253
2026-02-18T19:38:19.1950350Z Finished uploading artifact content to blob storage!
2026-02-18T19:38:19.1950972Z SHA256 digest of uploaded artifact zip is 4d6f29ed67830ec9e3aadbb3962e2af3cba75c02ea854c1aff3730a0244b78f6
2026-02-18T19:38:19.1951700Z Finalizing artifact upload
2026-02-18T19:38:20.1852518Z Artifact Kimi-K2-Instruct-W8A8.yaml-pod-logs.zip successfully finalized. Artifact ID 5561675113
2026-02-18T19:38:20.1853277Z Artifact Kimi-K2-Instruct-W8A8.yaml-pod-logs has been successfully uploaded! Final size is 16253 bytes. Artifact ID is 5561675113
2026-02-18T19:38:20.1854065Z Artifact download URL: https://github.com/vllm-project/vllm-ascend/actions/runs/22148925734/artifacts/5561675113
2026-02-18T19:38:21.8728425Z ##[group]Run kubectl get pods -n "$NAMESPACE" --ignore-not-found=true
2026-02-18T19:38:21.8729044Z [36;1mkubectl get pods -n "$NAMESPACE" --ignore-not-found=true[0m
2026-02-18T19:38:21.8729592Z [36;1mkubectl delete -f ./lws.yaml --ignore-not-found=true || true[0m
2026-02-18T19:38:21.8730025Z shell: bash -el {0}
2026-02-18T19:38:21.8730245Z env:
2026-02-18T19:38:21.8730505Z   FAIL_TAG: FAIL_TAG_Kimi-K2-Instruct-W8A8.yaml
2026-02-18T19:38:21.8730810Z ##[endgroup]
2026-02-18T19:38:21.8821404Z ##[group]Run '/home/runner/k8s/index.js'
2026-02-18T19:38:21.8822363Z shell: /home/runner/externals/node20/bin/node {0}
2026-02-18T19:38:21.8822638Z ##[endgroup]
2026-02-18T19:38:22.2313772Z (node:1015) [DEP0005] DeprecationWarning: Buffer() is deprecated due to security and usability issues. Please use the Buffer.alloc(), Buffer.allocUnsafe(), or Buffer.from() methods instead.
2026-02-18T19:38:22.2314495Z (Use `node --trace-deprecation ...` to show where the warning was created)
2026-02-18T19:38:22.8997916Z NAME                                             READY   STATUS    RESTARTS     AGE
2026-02-18T19:38:22.8998441Z linux-aarch64-a3-0-n4cwm-runner-vrg99            1/1     Running   0            4m12s
2026-02-18T19:38:22.8999038Z linux-aarch64-a3-0-n4cwm-runner-vrg99-workflow   1/1     Running   0            3m35s
2026-02-18T19:38:22.8999473Z vllm-0                                           1/1     Running   1 (7s ago)   3m7s
2026-02-18T19:38:22.8999961Z vllm-0-1                                         1/1     Running   0            3m7s
2026-02-18T19:38:22.9597183Z leaderworkerset.leaderworkerset.x-k8s.io "vllm" deleted from vllm-project namespace
2026-02-18T19:38:22.9735976Z service "vllm-leader" deleted from vllm-project namespace
2026-02-18T19:38:23.4496857Z Post job cleanup.
2026-02-18T19:38:23.4521140Z ##[group]Run '/home/runner/k8s/index.js'
2026-02-18T19:38:23.4522302Z shell: /home/runner/externals/node20/bin/node {0}
2026-02-18T19:38:23.4522670Z ##[endgroup]
2026-02-18T19:38:23.8032579Z (node:1140) [DEP0005] DeprecationWarning: Buffer() is deprecated due to security and usability issues. Please use the Buffer.alloc(), Buffer.allocUnsafe(), or Buffer.from() methods instead.
2026-02-18T19:38:23.8033363Z (Use `node --trace-deprecation ...` to show where the warning was created)
2026-02-18T19:38:24.5550746Z [command]/usr/bin/git version
2026-02-18T19:38:24.5583594Z git version 2.34.1
2026-02-18T19:38:24.5610954Z Copying '/root/.gitconfig' to '/__w/_temp/14d63d31-a3c6-4cdc-a2ad-d49506c0ce6d/.gitconfig'
2026-02-18T19:38:24.5619428Z Temporarily overriding HOME='/__w/_temp/14d63d31-a3c6-4cdc-a2ad-d49506c0ce6d' before making global git config changes
2026-02-18T19:38:24.5620272Z Adding repository directory to the temporary git global config as a safe directory
2026-02-18T19:38:24.5624060Z [command]/usr/bin/git config --global --add safe.directory /__w/vllm-ascend/vllm-ascend
2026-02-18T19:38:24.5703229Z Removing SSH command configuration
2026-02-18T19:38:24.5703629Z [command]/usr/bin/git config --local --name-only --get-regexp core\.sshCommand
2026-02-18T19:38:24.5704639Z [command]/usr/bin/git submodule foreach --recursive sh -c "git config --local --name-only --get-regexp 'core\.sshCommand' && git config --local --unset-all 'core.sshCommand' || :"
2026-02-18T19:38:24.5873500Z Removing HTTP extra header
2026-02-18T19:38:24.5877089Z [command]/usr/bin/git config --local --name-only --get-regexp http\.https\:\/\/github\.com\/\.extraheader
2026-02-18T19:38:24.5902724Z [command]/usr/bin/git submodule foreach --recursive sh -c "git config --local --name-only --get-regexp 'http\.https\:\/\/github\.com\/\.extraheader' && git config --local --unset-all 'http.https://github.com/.extraheader' || :"
2026-02-18T19:38:24.6077772Z Removing includeIf entries pointing to credentials config files
2026-02-18T19:38:24.6083565Z [command]/usr/bin/git config --local --name-only --get-regexp ^includeIf\.gitdir:
2026-02-18T19:38:24.6099626Z includeif.gitdir:/__w/vllm-ascend/vllm-ascend/.git.path
2026-02-18T19:38:24.6100095Z includeif.gitdir:/__w/vllm-ascend/vllm-ascend/.git/worktrees/*.path
2026-02-18T19:38:24.6100480Z includeif.gitdir:/github/workspace/.git.path
2026-02-18T19:38:24.6100821Z includeif.gitdir:/github/workspace/.git/worktrees/*.path
2026-02-18T19:38:24.6107597Z [command]/usr/bin/git config --local --get-all includeif.gitdir:/__w/vllm-ascend/vllm-ascend/.git.path
2026-02-18T19:38:24.6125352Z /__w/_temp/git-credentials-79efbb64-3625-41d9-829a-432cf3c44b1d.config
2026-02-18T19:38:24.6134023Z [command]/usr/bin/git config --local --unset includeif.gitdir:/__w/vllm-ascend/vllm-ascend/.git.path /__w/_temp/git-credentials-79efbb64-3625-41d9-829a-432cf3c44b1d.config
2026-02-18T19:38:24.6159842Z [command]/usr/bin/git config --local --get-all includeif.gitdir:/__w/vllm-ascend/vllm-ascend/.git/worktrees/*.path
2026-02-18T19:38:24.6178244Z /__w/_temp/git-credentials-79efbb64-3625-41d9-829a-432cf3c44b1d.config
2026-02-18T19:38:24.6184933Z [command]/usr/bin/git config --local --unset includeif.gitdir:/__w/vllm-ascend/vllm-ascend/.git/worktrees/*.path /__w/_temp/git-credentials-79efbb64-3625-41d9-829a-432cf3c44b1d.config
2026-02-18T19:38:24.6211183Z [command]/usr/bin/git config --local --get-all includeif.gitdir:/github/workspace/.git.path
2026-02-18T19:38:24.6227492Z /github/runner_temp/git-credentials-79efbb64-3625-41d9-829a-432cf3c44b1d.config
2026-02-18T19:38:24.6234045Z [command]/usr/bin/git config --local --unset includeif.gitdir:/github/workspace/.git.path /github/runner_temp/git-credentials-79efbb64-3625-41d9-829a-432cf3c44b1d.config
2026-02-18T19:38:24.6263947Z [command]/usr/bin/git config --local --get-all includeif.gitdir:/github/workspace/.git/worktrees/*.path
2026-02-18T19:38:24.6281351Z /github/runner_temp/git-credentials-79efbb64-3625-41d9-829a-432cf3c44b1d.config
2026-02-18T19:38:24.6287830Z [command]/usr/bin/git config --local --unset includeif.gitdir:/github/workspace/.git/worktrees/*.path /github/runner_temp/git-credentials-79efbb64-3625-41d9-829a-432cf3c44b1d.config
2026-02-18T19:38:24.6313964Z [command]/usr/bin/git submodule foreach --recursive git config --local --show-origin --name-only --get-regexp remote.origin.url
2026-02-18T19:38:24.6490490Z Removing credentials config '/__w/_temp/git-credentials-79efbb64-3625-41d9-829a-432cf3c44b1d.config'
2026-02-18T19:38:43.1635522Z ##[group]Run '/home/runner/k8s/index.js'
2026-02-18T19:38:43.1636392Z shell: /home/runner/externals/node20/bin/node {0}
2026-02-18T19:38:43.1636700Z ##[endgroup]
2026-02-18T19:38:43.5614280Z Cleaning up orphan processes
