# Run ID: 23256097054
# Commit: 8b79d4de52ed46f33683d50ba70faac1c82351e6
# Job: multi-node (multi-node-kimi-k2-instruct-w8a8, Kimi-K2-Instruct-W8A8.yaml, 2) / Kimi-K2-Instruct-W8A8.yaml
# Date: 2026-03-18
============================================================

﻿2026-03-19T04:04:01.2187800Z Current runner version: '2.332.0'
2026-03-19T04:04:01.2194129Z Runner name: 'linux-aarch64-a3-0-ggwx6-runner-nv7j4'
2026-03-19T04:04:01.2194901Z Runner group name: 'Default'
2026-03-19T04:04:01.2195710Z Machine name: 'linux-aarch64-a3-0-ggwx6-runner-nv7j4'
2026-03-19T04:04:01.2198371Z ##[group]GITHUB_TOKEN Permissions
2026-03-19T04:04:01.2200868Z Contents: read
2026-03-19T04:04:01.2201358Z Issues: read
2026-03-19T04:04:01.2201809Z Metadata: read
2026-03-19T04:04:01.2202394Z PullRequests: read
2026-03-19T04:04:01.2202837Z ##[endgroup]
2026-03-19T04:04:01.2205029Z Secret source: Actions
2026-03-19T04:04:01.2205797Z Prepare workflow directory
2026-03-19T04:04:01.3092176Z Prepare all required actions
2026-03-19T04:04:01.3128252Z Getting action download info
2026-03-19T04:04:02.2550823Z Download action repository 'actions/checkout@v6' (SHA:de0fac2e4500dabe0009e67214ff5f5447ce83dd)
2026-03-19T04:04:06.6245745Z Download action repository 'actions/upload-artifact@v7' (SHA:bbbca2ddaa5d8feaa63e36b76fdaad77386f024f)
2026-03-19T04:04:10.1585074Z Uses: vllm-project/vllm-ascend/.github/workflows/_e2e_nightly_multi_node.yaml@refs/heads/main (8b79d4de52ed46f33683d50ba70faac1c82351e6)
2026-03-19T04:04:10.1589636Z ##[group] Inputs
2026-03-19T04:04:10.1590236Z   soc_version: a3
2026-03-19T04:04:10.1590668Z   runner: linux-aarch64-a3-0
2026-03-19T04:04:10.1591214Z   image: swr.cn-southwest-2.myhuaweicloud.com/base_image/ascend-ci/vllm-ascend:nightly-a3
2026-03-19T04:04:10.1591847Z   config_file_path: Kimi-K2-Instruct-W8A8.yaml
2026-03-19T04:04:10.1592290Z   replicas: 1
2026-03-19T04:04:10.1592572Z   size: 2
2026-03-19T04:04:10.1592952Z   vllm_version: v0.17.0
2026-03-19T04:04:10.1593479Z   vllm_ascend_remote_url: https://github.com/vllm-project/vllm-ascend.git
2026-03-19T04:04:10.1593952Z   vllm_ascend_ref: main
2026-03-19T04:04:10.1594790Z   is_pr_test: false
2026-03-19T04:04:10.1595161Z   is_run: true
2026-03-19T04:04:10.1595484Z ##[endgroup]
2026-03-19T04:04:10.1596156Z Complete job name: multi-node (multi-node-kimi-k2-instruct-w8a8, Kimi-K2-Instruct-W8A8.yaml, 2) / Kimi-K2-Instruct-W8A8.yaml
2026-03-19T04:04:10.2294299Z ##[group]Run '/home/runner/k8s/index.js'
2026-03-19T04:04:10.2297554Z shell: /home/runner/externals/node20/bin/node {0}
2026-03-19T04:04:10.2298346Z ##[endgroup]
2026-03-19T04:04:25.8275190Z (node:120) [DEP0005] DeprecationWarning: Buffer() is deprecated due to security and usability issues. Please use the Buffer.alloc(), Buffer.allocUnsafe(), or Buffer.from() methods instead.
2026-03-19T04:04:25.8276410Z (Use `node --trace-deprecation ...` to show where the warning was created)
2026-03-19T04:04:27.0649434Z ##[group]Run # Decode and save kubeconfig
2026-03-19T04:04:27.0650386Z [36;1m# Decode and save kubeconfig[0m
2026-03-19T04:04:27.0650788Z [36;1mif [ "false" = "true" ]; then[0m
2026-03-19T04:04:27.0651147Z [36;1m  echo "PR test mode"[0m
2026-03-19T04:04:27.0651515Z [36;1m  if [ "a3" = "a3" ]; then[0m
2026-03-19T04:04:27.0651847Z [36;1m    echo "Using A3 cached kubeconfig"[0m
2026-03-19T04:04:27.0652284Z [36;1m    cp /root/.cache/.kube/kubeconfig.yaml "$KUBECONFIG"[0m
2026-03-19T04:04:27.0652737Z [36;1m  else[0m
2026-03-19T04:04:27.0653034Z [36;1m    echo "Using A2 cached kubeconfig"[0m
2026-03-19T04:04:27.0653473Z [36;1m    cp /root/.cache/.kube/hk_001_kb.yaml "$KUBECONFIG"[0m
2026-03-19T04:04:27.0653885Z [36;1m  fi[0m
2026-03-19T04:04:27.0654132Z [36;1melse[0m
2026-03-19T04:04:27.0654437Z [36;1m  echo "Decoding kubeconfig from secrets"[0m
2026-03-19T04:04:27.0696459Z [36;1m  echo "***" | base64 -d > "$KUBECONFIG"[0m
2026-03-19T04:04:27.0696975Z [36;1mfi[0m
2026-03-19T04:04:27.0697509Z shell: bash -el {0}
2026-03-19T04:04:27.0697819Z ##[endgroup]
2026-03-19T04:04:27.0831136Z ##[group]Run '/home/runner/k8s/index.js'
2026-03-19T04:04:27.0832397Z shell: /home/runner/externals/node20/bin/node {0}
2026-03-19T04:04:27.0832770Z ##[endgroup]
2026-03-19T04:04:27.5150574Z (node:300) [DEP0005] DeprecationWarning: Buffer() is deprecated due to security and usability issues. Please use the Buffer.alloc(), Buffer.allocUnsafe(), or Buffer.from() methods instead.
2026-03-19T04:04:27.5151983Z (Use `node --trace-deprecation ...` to show where the warning was created)
2026-03-19T04:04:28.0221800Z Decoding kubeconfig from secrets
2026-03-19T04:04:28.4917975Z ##[group]Run actions/checkout@v6
2026-03-19T04:04:28.4918273Z with:
2026-03-19T04:04:28.4918495Z   repository: vllm-project/vllm-ascend
2026-03-19T04:04:28.4918946Z   token: ***
2026-03-19T04:04:28.4919140Z   ssh-strict: true
2026-03-19T04:04:28.4919337Z   ssh-user: git
2026-03-19T04:04:28.4919536Z   persist-credentials: true
2026-03-19T04:04:28.4920042Z   clean: true
2026-03-19T04:04:28.4920280Z   sparse-checkout-cone-mode: true
2026-03-19T04:04:28.4920529Z   fetch-depth: 1
2026-03-19T04:04:28.4920720Z   fetch-tags: false
2026-03-19T04:04:28.4920924Z   show-progress: true
2026-03-19T04:04:28.4921128Z   lfs: false
2026-03-19T04:04:28.4921308Z   submodules: false
2026-03-19T04:04:28.4921504Z   set-safe-directory: true
2026-03-19T04:04:28.4921727Z ##[endgroup]
2026-03-19T04:04:28.4970403Z ##[group]Run '/home/runner/k8s/index.js'
2026-03-19T04:04:28.4971344Z shell: /home/runner/externals/node20/bin/node {0}
2026-03-19T04:04:28.4971642Z ##[endgroup]
2026-03-19T04:04:28.9278726Z (node:330) [DEP0005] DeprecationWarning: Buffer() is deprecated due to security and usability issues. Please use the Buffer.alloc(), Buffer.allocUnsafe(), or Buffer.from() methods instead.
2026-03-19T04:04:28.9279932Z (Use `node --trace-deprecation ...` to show where the warning was created)
2026-03-19T04:04:29.5406292Z Syncing repository: vllm-project/vllm-ascend
2026-03-19T04:04:29.5407587Z ##[group]Getting Git version info
2026-03-19T04:04:29.5407949Z Working directory is '/__w/vllm-ascend/vllm-ascend'
2026-03-19T04:04:29.5408469Z [command]/usr/bin/git version
2026-03-19T04:04:29.5524895Z git version 2.34.1
2026-03-19T04:04:29.5544767Z ##[endgroup]
2026-03-19T04:04:29.5552694Z Copying '/root/.gitconfig' to '/__w/_temp/813a4641-6fb4-425d-b874-0a3e2116257c/.gitconfig'
2026-03-19T04:04:29.5563426Z Temporarily overriding HOME='/__w/_temp/813a4641-6fb4-425d-b874-0a3e2116257c' before making global git config changes
2026-03-19T04:04:29.5564235Z Adding repository directory to the temporary git global config as a safe directory
2026-03-19T04:04:29.5567350Z [command]/usr/bin/git config --global --add safe.directory /__w/vllm-ascend/vllm-ascend
2026-03-19T04:04:29.5610981Z Deleting the contents of '/__w/vllm-ascend/vllm-ascend'
2026-03-19T04:04:29.5614343Z ##[group]Initializing the repository
2026-03-19T04:04:29.5618205Z [command]/usr/bin/git init /__w/vllm-ascend/vllm-ascend
2026-03-19T04:04:29.5731727Z hint: Using 'master' as the name for the initial branch. This default branch name
2026-03-19T04:04:29.5732281Z hint: is subject to change. To configure the initial branch name to use in all
2026-03-19T04:04:29.5732810Z hint: of your new repositories, which will suppress this warning, call:
2026-03-19T04:04:29.5733186Z hint: 
2026-03-19T04:04:29.5733466Z hint: 	git config --global init.defaultBranch <name>
2026-03-19T04:04:29.5733768Z hint: 
2026-03-19T04:04:29.5734054Z hint: Names commonly chosen instead of 'master' are 'main', 'trunk' and
2026-03-19T04:04:29.5734556Z hint: 'development'. The just-created branch can be renamed via this command:
2026-03-19T04:04:29.5734920Z hint: 
2026-03-19T04:04:29.5735117Z hint: 	git branch -m <name>
2026-03-19T04:04:29.5738702Z Initialized empty Git repository in /__w/vllm-ascend/vllm-ascend/.git/
2026-03-19T04:04:29.5747494Z [command]/usr/bin/git remote add origin https://github.com/vllm-project/vllm-ascend
2026-03-19T04:04:29.5793485Z ##[endgroup]
2026-03-19T04:04:29.5793881Z ##[group]Disabling automatic garbage collection
2026-03-19T04:04:29.5796650Z [command]/usr/bin/git config --local gc.auto 0
2026-03-19T04:04:29.5822104Z ##[endgroup]
2026-03-19T04:04:29.5822422Z ##[group]Setting up auth
2026-03-19T04:04:29.5823605Z Removing SSH command configuration
2026-03-19T04:04:29.5828569Z [command]/usr/bin/git config --local --name-only --get-regexp core\.sshCommand
2026-03-19T04:04:29.5856969Z [command]/usr/bin/git submodule foreach --recursive sh -c "git config --local --name-only --get-regexp 'core\.sshCommand' && git config --local --unset-all 'core.sshCommand' || :"
2026-03-19T04:04:29.6358856Z Removing HTTP extra header
2026-03-19T04:04:29.6361422Z [command]/usr/bin/git config --local --name-only --get-regexp http\.https\:\/\/github\.com\/\.extraheader
2026-03-19T04:04:29.6387941Z [command]/usr/bin/git submodule foreach --recursive sh -c "git config --local --name-only --get-regexp 'http\.https\:\/\/github\.com\/\.extraheader' && git config --local --unset-all 'http.https://github.com/.extraheader' || :"
2026-03-19T04:04:29.6572672Z Removing includeIf entries pointing to credentials config files
2026-03-19T04:04:29.6577696Z [command]/usr/bin/git config --local --name-only --get-regexp ^includeIf\.gitdir:
2026-03-19T04:04:29.6611050Z [command]/usr/bin/git submodule foreach --recursive git config --local --show-origin --name-only --get-regexp remote.origin.url
2026-03-19T04:04:29.6800407Z [command]/usr/bin/git config --file /__w/_temp/git-credentials-8b65d64f-fc52-4333-81cf-0a6dade48e3f.config http.https://github.com/.extraheader AUTHORIZATION: basic ***
2026-03-19T04:04:29.6829001Z [command]/usr/bin/git config --local includeIf.gitdir:/__w/vllm-ascend/vllm-ascend/.git.path /__w/_temp/git-credentials-8b65d64f-fc52-4333-81cf-0a6dade48e3f.config
2026-03-19T04:04:29.6857662Z [command]/usr/bin/git config --local includeIf.gitdir:/__w/vllm-ascend/vllm-ascend/.git/worktrees/*.path /__w/_temp/git-credentials-8b65d64f-fc52-4333-81cf-0a6dade48e3f.config
2026-03-19T04:04:29.6882287Z [command]/usr/bin/git config --local includeIf.gitdir:/github/workspace/.git.path /github/runner_temp/git-credentials-8b65d64f-fc52-4333-81cf-0a6dade48e3f.config
2026-03-19T04:04:29.6913273Z [command]/usr/bin/git config --local includeIf.gitdir:/github/workspace/.git/worktrees/*.path /github/runner_temp/git-credentials-8b65d64f-fc52-4333-81cf-0a6dade48e3f.config
2026-03-19T04:04:29.6937142Z ##[endgroup]
2026-03-19T04:04:29.6937503Z ##[group]Fetching the repository
2026-03-19T04:04:29.6945652Z [command]/usr/bin/git -c protocol.version=2 fetch --no-tags --prune --no-recurse-submodules --depth=1 origin +8b79d4de52ed46f33683d50ba70faac1c82351e6:refs/remotes/origin/main
2026-03-19T04:04:31.4373435Z From https://gh-proxy.test.osinfra.cn/https://github.com/vllm-project/vllm-ascend
2026-03-19T04:04:31.4374120Z  * [new ref]         8b79d4de52ed46f33683d50ba70faac1c82351e6 -> origin/main
2026-03-19T04:04:31.4400646Z [command]/usr/bin/git branch --list --remote origin/main
2026-03-19T04:04:31.4433446Z   origin/main
2026-03-19T04:04:31.4442523Z [command]/usr/bin/git rev-parse refs/remotes/origin/main
2026-03-19T04:04:31.4465213Z 8b79d4de52ed46f33683d50ba70faac1c82351e6
2026-03-19T04:04:31.4470058Z ##[endgroup]
2026-03-19T04:04:31.4470419Z ##[group]Determining the checkout info
2026-03-19T04:04:31.4471419Z ##[endgroup]
2026-03-19T04:04:31.4475771Z [command]/usr/bin/git sparse-checkout disable
2026-03-19T04:04:31.4524992Z [command]/usr/bin/git config --local --unset-all extensions.worktreeConfig
2026-03-19T04:04:31.4556868Z ##[group]Checking out the ref
2026-03-19T04:04:31.4560879Z [command]/usr/bin/git checkout --progress --force -B main refs/remotes/origin/main
2026-03-19T04:04:31.5544340Z Switched to a new branch 'main'
2026-03-19T04:04:31.5544734Z Branch 'main' set up to track remote branch 'main' from 'origin'.
2026-03-19T04:04:31.5556642Z ##[endgroup]
2026-03-19T04:04:31.5611990Z [command]/usr/bin/git log -1 --format=%H
2026-03-19T04:04:31.5634009Z 8b79d4de52ed46f33683d50ba70faac1c82351e6
2026-03-19T04:04:32.0007265Z ##[group]Run # Derive a unique, valid k8s resource name from config_file_path.
2026-03-19T04:04:32.0007836Z [36;1m# Derive a unique, valid k8s resource name from config_file_path.[0m
2026-03-19T04:04:32.0008394Z [36;1m# Strip .yaml extension, lowercase, replace dots/underscores with hyphens, cap at 50 chars.[0m
2026-03-19T04:04:32.0008907Z [36;1mconfig_file="Kimi-K2-Instruct-W8A8.yaml"[0m
2026-03-19T04:04:32.0009634Z [36;1mlws_suffix=$(echo "$config_file" | sed 's/\.yaml$//' | tr '[:upper:]' '[:lower:]' | tr '._' '-' | cut -c1-50)[0m
2026-03-19T04:04:32.0010386Z [36;1mLWS_NAME="vllm-${lws_suffix}"[0m
2026-03-19T04:04:32.0010686Z [36;1mecho "LWS_NAME=${LWS_NAME}" >> $GITHUB_ENV[0m
2026-03-19T04:04:32.0011025Z [36;1mecho "LEADER_POD=${LWS_NAME}-0" >> $GITHUB_ENV[0m
2026-03-19T04:04:32.0011349Z [36;1mecho "Computed LWS_NAME=${LWS_NAME}"[0m
2026-03-19T04:04:32.0011959Z shell: bash -el {0}
2026-03-19T04:04:32.0012165Z ##[endgroup]
2026-03-19T04:04:32.0128646Z ##[group]Run '/home/runner/k8s/index.js'
2026-03-19T04:04:32.0129597Z shell: /home/runner/externals/node20/bin/node {0}
2026-03-19T04:04:32.0130157Z ##[endgroup]
2026-03-19T04:04:32.4378986Z (node:371) [DEP0005] DeprecationWarning: Buffer() is deprecated due to security and usability issues. Please use the Buffer.alloc(), Buffer.allocUnsafe(), or Buffer.from() methods instead.
2026-03-19T04:04:32.4380137Z (Use `node --trace-deprecation ...` to show where the warning was created)
2026-03-19T04:04:33.0237869Z Computed LWS_NAME=vllm-kimi-k2-instruct-w8a8
2026-03-19T04:04:33.4349400Z ##[group]Run # prepare for lws entrypoint scripts
2026-03-19T04:04:33.4349982Z [36;1m# prepare for lws entrypoint scripts[0m
2026-03-19T04:04:33.4350513Z [36;1minstall -D tests/e2e/nightly/multi_node/scripts/run.sh /root/.cache/tests/run.sh[0m
2026-03-19T04:04:33.4351076Z shell: bash -el {0}
2026-03-19T04:04:33.4351275Z env:
2026-03-19T04:04:33.4351485Z   LWS_NAME: vllm-kimi-k2-instruct-w8a8
2026-03-19T04:04:33.4351795Z   LEADER_POD: vllm-kimi-k2-instruct-w8a8-0
2026-03-19T04:04:33.4352062Z ##[endgroup]
2026-03-19T04:04:33.4448531Z ##[group]Run '/home/runner/k8s/index.js'
2026-03-19T04:04:33.4449398Z shell: /home/runner/externals/node20/bin/node {0}
2026-03-19T04:04:33.4449696Z ##[endgroup]
2026-03-19T04:04:33.8677824Z (node:425) [DEP0005] DeprecationWarning: Buffer() is deprecated due to security and usability issues. Please use the Buffer.alloc(), Buffer.allocUnsafe(), or Buffer.from() methods instead.
2026-03-19T04:04:33.8678885Z (Use `node --trace-deprecation ...` to show where the warning was created)
2026-03-19T04:04:34.9181597Z ##[group]Run set -euo pipefail
2026-03-19T04:04:34.9181930Z [36;1mset -euo pipefail[0m
2026-03-19T04:04:34.9182160Z [36;1m[0m
2026-03-19T04:04:34.9182360Z [36;1mTIMEOUT=${TIMEOUT:-120}[0m
2026-03-19T04:04:34.9182607Z [36;1mSLEEP_INTERVAL=2[0m
2026-03-19T04:04:34.9182828Z [36;1m[0m
2026-03-19T04:04:34.9183158Z [36;1mecho "Deleting leaderworkerset [$LWS_NAME] in namespace [$NAMESPACE]..."[0m
2026-03-19T04:04:34.9184078Z [36;1mkubectl delete leaderworkerset "$LWS_NAME" -n "$NAMESPACE" --ignore-not-found[0m
2026-03-19T04:04:34.9184688Z [36;1mkubectl delete service "${LWS_NAME}-leader" -n "$NAMESPACE" --ignore-not-found[0m
2026-03-19T04:04:34.9185101Z [36;1m[0m
2026-03-19T04:04:34.9185418Z [36;1mecho "Waiting for pods of leaderworkerset [$LWS_NAME] to be deleted..."[0m
2026-03-19T04:04:34.9185809Z [36;1mSTART_TIME=$(date +%s)[0m
2026-03-19T04:04:34.9186062Z [36;1m[0m
2026-03-19T04:04:34.9186245Z [36;1mwhile true; do[0m
2026-03-19T04:04:34.9186518Z [36;1m  NOW=$(date +%s)[0m
2026-03-19T04:04:34.9186757Z [36;1m  ELAPSED=$((NOW - START_TIME))[0m
2026-03-19T04:04:34.9187013Z [36;1m[0m
2026-03-19T04:04:34.9187223Z [36;1m  if [[ $ELAPSED -ge $TIMEOUT ]]; then[0m
2026-03-19T04:04:34.9187608Z [36;1m    echo "Timeout reached ($TIMEOUT seconds), some pods still exist:"[0m
2026-03-19T04:04:34.9188072Z [36;1m    kubectl get pods -n "$NAMESPACE" | grep "^${LWS_NAME}-" || true[0m
2026-03-19T04:04:34.9188427Z [36;1m    exit 1[0m
2026-03-19T04:04:34.9188618Z [36;1m  fi[0m
2026-03-19T04:04:34.9188798Z [36;1m[0m
2026-03-19T04:04:34.9189324Z [36;1m  PODS_EXIST=$(kubectl get pods -n "$NAMESPACE" -o jsonpath='{.items[*].metadata.name}' 2>/dev/null | tr ' ' '\n' | grep "^${LWS_NAME}-" || true)[0m
2026-03-19T04:04:34.9190124Z [36;1m[0m
2026-03-19T04:04:34.9190332Z [36;1m  if [[ -z "$PODS_EXIST" ]]; then[0m
2026-03-19T04:04:34.9190815Z [36;1m    echo "All pods for [$LWS_NAME] deleted."[0m
2026-03-19T04:04:34.9191093Z [36;1m    break[0m
2026-03-19T04:04:34.9191297Z [36;1m  else[0m
2026-03-19T04:04:34.9191556Z [36;1m    echo "Waiting for pods to be deleted: $PODS_EXIST"[0m
2026-03-19T04:04:34.9191887Z [36;1m    sleep $SLEEP_INTERVAL[0m
2026-03-19T04:04:34.9192131Z [36;1m  fi[0m
2026-03-19T04:04:34.9192310Z [36;1mdone[0m
2026-03-19T04:04:34.9193060Z shell: bash -el {0}
2026-03-19T04:04:34.9193273Z env:
2026-03-19T04:04:34.9193478Z   LWS_NAME: vllm-kimi-k2-instruct-w8a8
2026-03-19T04:04:34.9193778Z   LEADER_POD: vllm-kimi-k2-instruct-w8a8-0
2026-03-19T04:04:34.9194047Z ##[endgroup]
2026-03-19T04:04:34.9312403Z ##[group]Run '/home/runner/k8s/index.js'
2026-03-19T04:04:34.9313402Z shell: /home/runner/externals/node20/bin/node {0}
2026-03-19T04:04:34.9313696Z ##[endgroup]
2026-03-19T04:04:35.3572708Z (node:492) [DEP0005] DeprecationWarning: Buffer() is deprecated due to security and usability issues. Please use the Buffer.alloc(), Buffer.allocUnsafe(), or Buffer.from() methods instead.
2026-03-19T04:04:35.3573782Z (Use `node --trace-deprecation ...` to show where the warning was created)
2026-03-19T04:04:35.8868537Z Deleting leaderworkerset [vllm-kimi-k2-instruct-w8a8] in namespace [vllm-project]...
2026-03-19T04:04:36.2387014Z Waiting for pods of leaderworkerset [vllm-kimi-k2-instruct-w8a8] to be deleted...
2026-03-19T04:04:36.4399427Z All pods for [vllm-kimi-k2-instruct-w8a8] deleted.
2026-03-19T04:04:36.8635382Z ##[group]Run set -e
2026-03-19T04:04:36.8635659Z [36;1mset -e[0m
2026-03-19T04:04:36.8635847Z [36;1m[0m
2026-03-19T04:04:36.8636019Z [36;1msize="2"[0m
2026-03-19T04:04:36.8636218Z [36;1mreplicas="1"[0m
2026-03-19T04:04:36.8636659Z [36;1mimage="swr.cn-southwest-2.myhuaweicloud.com/base_image/ascend-ci/vllm-ascend:nightly-a3"[0m
2026-03-19T04:04:36.8637194Z [36;1mconfig_file_path="Kimi-K2-Instruct-W8A8.yaml"[0m
2026-03-19T04:04:36.8637560Z [36;1mfail_tag=FAIL_TAG_"Kimi-K2-Instruct-W8A8.yaml"[0m
2026-03-19T04:04:36.8637887Z [36;1mis_pr_test="false"[0m
2026-03-19T04:04:36.8638119Z [36;1mvllm_version="v0.17.0"[0m
2026-03-19T04:04:36.8638366Z [36;1mvllm_ascend_ref="main"[0m
2026-03-19T04:04:36.8638767Z [36;1mvllm_ascend_remote_url="https://github.com/vllm-project/vllm-ascend.git"[0m
2026-03-19T04:04:36.8639203Z [36;1mecho "FAIL_TAG=${fail_tag}" >> $GITHUB_ENV[0m
2026-03-19T04:04:36.8639485Z [36;1m[0m
2026-03-19T04:04:36.8640317Z [36;1mrequired_params=("size" "replicas" "image" "config_file_path" "is_pr_test" "vllm_version" "vllm_ascend_ref" "vllm_ascend_remote_url")[0m
2026-03-19T04:04:36.8640933Z [36;1mfor param in "${required_params[@]}"; do[0m
2026-03-19T04:04:36.8641231Z [36;1m  if [ -z "${!param}" ]; then[0m
2026-03-19T04:04:36.8641575Z [36;1m    echo "Error: Parameter '$param' is required but empty"[0m
2026-03-19T04:04:36.8641907Z [36;1m    exit 1[0m
2026-03-19T04:04:36.8642099Z [36;1m  fi[0m
2026-03-19T04:04:36.8642284Z [36;1mdone[0m
2026-03-19T04:04:36.8642460Z [36;1m[0m
2026-03-19T04:04:36.8642648Z [36;1mif [ "a3" = "a3" ]; then[0m
2026-03-19T04:04:36.8642897Z [36;1m  npu_per_node=16[0m
2026-03-19T04:04:36.8643246Z [36;1m  TEMPLATE_FILE="tests/e2e/nightly/multi_node/scripts/lws.yaml.jinja2"[0m
2026-03-19T04:04:36.8643625Z [36;1melse[0m
2026-03-19T04:04:36.8643816Z [36;1m  npu_per_node=8[0m
2026-03-19T04:04:36.8644163Z [36;1m  TEMPLATE_FILE="tests/e2e/nightly/multi_node/scripts/lws-a2.yaml.jinja2"[0m
2026-03-19T04:04:36.8644550Z [36;1mfi[0m
2026-03-19T04:04:36.8644721Z [36;1m[0m
2026-03-19T04:04:36.8644909Z [36;1mjinja2 $TEMPLATE_FILE \[0m
2026-03-19T04:04:36.8645166Z [36;1m  -D lws_name="$LWS_NAME" \[0m
2026-03-19T04:04:36.8645420Z [36;1m  -D size="$size" \[0m
2026-03-19T04:04:36.8645667Z [36;1m  -D replicas="$replicas" \[0m
2026-03-19T04:04:36.8645927Z [36;1m  -D image="$image" \[0m
2026-03-19T04:04:36.8646225Z [36;1m  -D config_file_path="$config_file_path" \[0m
2026-03-19T04:04:36.8646543Z [36;1m  -D npu_per_node="$npu_per_node" \[0m
2026-03-19T04:04:36.8646990Z [36;1m  -D fail_tag="$fail_tag" \[0m
2026-03-19T04:04:36.8647271Z [36;1m  -D is_pr_test="$is_pr_test" \[0m
2026-03-19T04:04:36.8647570Z [36;1m  -D vllm_version="$vllm_version" \[0m
2026-03-19T04:04:36.8647871Z [36;1m  -D vllm_ascend_ref="$vllm_ascend_ref" \[0m
2026-03-19T04:04:36.8648231Z [36;1m  -D vllm_ascend_remote_url="$vllm_ascend_remote_url" \[0m
2026-03-19T04:04:36.8648564Z [36;1m  --outfile lws.yaml[0m
2026-03-19T04:04:36.8648797Z [36;1m[0m
2026-03-19T04:04:36.8648993Z [36;1mkubectl apply -f ./lws.yaml[0m
2026-03-19T04:04:36.8649373Z shell: bash -el {0}
2026-03-19T04:04:36.8649562Z env:
2026-03-19T04:04:36.8649769Z   LWS_NAME: vllm-kimi-k2-instruct-w8a8
2026-03-19T04:04:36.8650321Z   LEADER_POD: vllm-kimi-k2-instruct-w8a8-0
2026-03-19T04:04:36.8650583Z ##[endgroup]
2026-03-19T04:04:36.8772248Z ##[group]Run '/home/runner/k8s/index.js'
2026-03-19T04:04:36.8773155Z shell: /home/runner/externals/node20/bin/node {0}
2026-03-19T04:04:36.8773441Z ##[endgroup]
2026-03-19T04:04:37.3016412Z (node:570) [DEP0005] DeprecationWarning: Buffer() is deprecated due to security and usability issues. Please use the Buffer.alloc(), Buffer.allocUnsafe(), or Buffer.from() methods instead.
2026-03-19T04:04:37.3017416Z (Use `node --trace-deprecation ...` to show where the warning was created)
2026-03-19T04:04:38.2967768Z leaderworkerset.leaderworkerset.x-k8s.io/vllm-kimi-k2-instruct-w8a8 created
2026-03-19T04:04:38.3485840Z service/vllm-kimi-k2-instruct-w8a8-leader created
2026-03-19T04:04:38.8982954Z ##[group]Run POD_PREFIX="${LWS_NAME}-0"
2026-03-19T04:04:38.8983320Z [36;1mPOD_PREFIX="${LWS_NAME}-0"[0m
2026-03-19T04:04:38.8983572Z [36;1mSIZE="2"[0m
2026-03-19T04:04:38.8983811Z [36;1mTIMEOUT=1200  # default timeout 20 minutes[0m
2026-03-19T04:04:38.8984093Z [36;1m[0m
2026-03-19T04:04:38.8984503Z [36;1mecho "Waiting for Pods in namespace [$NAMESPACE] to become Running and Ready (timeout ${TIMEOUT}s)..."[0m
2026-03-19T04:04:38.8984984Z [36;1m[0m
2026-03-19T04:04:38.8985167Z [36;1mSTART_TIME=$(date +%s)[0m
2026-03-19T04:04:38.8985411Z [36;1m[0m
2026-03-19T04:04:38.8985596Z [36;1mwhile true; do[0m
2026-03-19T04:04:38.8985812Z [36;1m  NOW=$(date +%s)[0m
2026-03-19T04:04:38.8986059Z [36;1m  ELAPSED=$((NOW - START_TIME))[0m
2026-03-19T04:04:38.8986352Z [36;1m  if [[ $ELAPSED -ge $TIMEOUT ]]; then[0m
2026-03-19T04:04:38.8986668Z [36;1m    echo "Timeout reached after ${ELAPSED}s"[0m
2026-03-19T04:04:38.8987037Z [36;1m    echo "Dumping pod status for debugging:"[0m
2026-03-19T04:04:38.8987352Z [36;1m    kubectl get pods -n "$NAMESPACE"[0m
2026-03-19T04:04:38.8987694Z [36;1m    kubectl describe pod "$LEADER_POD" -n "$NAMESPACE"[0m
2026-03-19T04:04:38.8988015Z [36;1m    exit 1[0m
2026-03-19T04:04:38.8988202Z [36;1m  fi[0m
2026-03-19T04:04:38.8988380Z [36;1m[0m
2026-03-19T04:04:38.8988563Z [36;1m  # 1) check follower pods[0m
2026-03-19T04:04:38.8988821Z [36;1m  ALL_FOLLOWERS_READY=true[0m
2026-03-19T04:04:38.8989083Z [36;1m  for ((i=1; i<SIZE; i++)); do[0m
2026-03-19T04:04:38.8989345Z [36;1m    POD="${POD_PREFIX}-${i}"[0m
2026-03-19T04:04:38.8989989Z [36;1m    PHASE=$(kubectl get pod "$POD" -n "$NAMESPACE" -o jsonpath='{.status.phase}' 2>/dev/null || echo "NotFound")[0m
2026-03-19T04:04:38.8990835Z [36;1m    READY=$(kubectl get pod "$POD" -n "$NAMESPACE" -o jsonpath='{.status.containerStatuses[*].ready}' 2>/dev/null)[0m
2026-03-19T04:04:38.8991326Z [36;1m[0m
2026-03-19T04:04:38.8991574Z [36;1m    echo "Follower [$POD] phase=$PHASE ready=$READY"[0m
2026-03-19T04:04:38.8991889Z [36;1m[0m
2026-03-19T04:04:38.8992125Z [36;1m    if [[ "$PHASE" != "Running" || "$READY" != "true" ]]; then[0m
2026-03-19T04:04:38.8992494Z [36;1m      echo "Follower [$POD] not Ready yet..."[0m
2026-03-19T04:04:38.8992808Z [36;1m      ALL_FOLLOWERS_READY=false[0m
2026-03-19T04:04:38.8993054Z [36;1m      break[0m
2026-03-19T04:04:38.8993250Z [36;1m    fi[0m
2026-03-19T04:04:38.8993430Z [36;1m  done[0m
2026-03-19T04:04:38.8993600Z [36;1m[0m
2026-03-19T04:04:38.8993786Z [36;1m  # 2) check leader pod[0m
2026-03-19T04:04:38.8994477Z [36;1m  LEADER_PHASE=$(kubectl get pod "$LEADER_POD" -n "$NAMESPACE" -o jsonpath='{.status.phase}' 2>/dev/null || echo "NotFound")[0m
2026-03-19T04:04:38.8995309Z [36;1m  LEADER_READY=$(kubectl get pod "$LEADER_POD" -n "$NAMESPACE" -o jsonpath='{.status.containerStatuses[*].ready}' 2>/dev/null)[0m
2026-03-19T04:04:38.8995853Z [36;1m[0m
2026-03-19T04:04:38.8996156Z [36;1m  echo "Leader [$LEADER_POD] phase=$LEADER_PHASE ready=$LEADER_READY"[0m
2026-03-19T04:04:38.8996508Z [36;1m[0m
2026-03-19T04:04:38.8996791Z [36;1m  if [[ "$LEADER_PHASE" != "Running" || "$LEADER_READY" != "true" ]]; then[0m
2026-03-19T04:04:38.8997181Z [36;1m    echo "Leader not Ready yet..."[0m
2026-03-19T04:04:38.8997451Z [36;1m    ALL_FOLLOWERS_READY=false[0m
2026-03-19T04:04:38.8997698Z [36;1m  fi[0m
2026-03-19T04:04:38.8997868Z [36;1m[0m
2026-03-19T04:04:38.8998090Z [36;1m  if [[ "$ALL_FOLLOWERS_READY" == "true" ]]; then[0m
2026-03-19T04:04:38.8998527Z [36;1m    echo "All follower pods and leader pod are Running and Ready — continuing."[0m
2026-03-19T04:04:38.8998917Z [36;1m    break[0m
2026-03-19T04:04:38.8999112Z [36;1m  fi[0m
2026-03-19T04:04:38.8999290Z [36;1m[0m
2026-03-19T04:04:38.8999455Z [36;1m  sleep 2[0m
2026-03-19T04:04:38.8999648Z [36;1mdone[0m
2026-03-19T04:04:38.9000184Z shell: bash -el {0}
2026-03-19T04:04:38.9000382Z env:
2026-03-19T04:04:38.9000593Z   LWS_NAME: vllm-kimi-k2-instruct-w8a8
2026-03-19T04:04:38.9001039Z   LEADER_POD: vllm-kimi-k2-instruct-w8a8-0
2026-03-19T04:04:38.9001355Z   FAIL_TAG: FAIL_TAG_Kimi-K2-Instruct-W8A8.yaml
2026-03-19T04:04:38.9001638Z ##[endgroup]
2026-03-19T04:04:38.9114666Z ##[group]Run '/home/runner/k8s/index.js'
2026-03-19T04:04:38.9115529Z shell: /home/runner/externals/node20/bin/node {0}
2026-03-19T04:04:38.9115818Z ##[endgroup]
2026-03-19T04:04:39.3406974Z (node:660) [DEP0005] DeprecationWarning: Buffer() is deprecated due to security and usability issues. Please use the Buffer.alloc(), Buffer.allocUnsafe(), or Buffer.from() methods instead.
2026-03-19T04:04:39.3408011Z (Use `node --trace-deprecation ...` to show where the warning was created)
2026-03-19T04:04:39.9373191Z Waiting for Pods in namespace [vllm-project] to become Running and Ready (timeout 1200s)...
2026-03-19T04:04:40.0545775Z Follower [vllm-kimi-k2-instruct-w8a8-0-1] phase=Pending ready=
2026-03-19T04:04:40.1696114Z Follower [vllm-kimi-k2-instruct-w8a8-0-1] not Ready yet...
2026-03-19T04:04:40.1696592Z Leader [vllm-kimi-k2-instruct-w8a8-0] phase=Pending ready=
2026-03-19T04:04:40.1696941Z Leader not Ready yet...
2026-03-19T04:04:42.2970929Z Follower [vllm-kimi-k2-instruct-w8a8-0-1] phase=Pending ready=
2026-03-19T04:04:42.2971429Z Follower [vllm-kimi-k2-instruct-w8a8-0-1] not Ready yet...
2026-03-19T04:04:42.4229109Z Leader [vllm-kimi-k2-instruct-w8a8-0] phase=Pending ready=
2026-03-19T04:04:42.4229520Z Leader not Ready yet...
2026-03-19T04:04:44.5424862Z Follower [vllm-kimi-k2-instruct-w8a8-0-1] phase=Pending ready=
2026-03-19T04:04:44.5425362Z Follower [vllm-kimi-k2-instruct-w8a8-0-1] not Ready yet...
2026-03-19T04:04:44.6676159Z Leader [vllm-kimi-k2-instruct-w8a8-0] phase=Pending ready=
2026-03-19T04:04:44.6676521Z Leader not Ready yet...
2026-03-19T04:04:46.7918819Z Follower [vllm-kimi-k2-instruct-w8a8-0-1] phase=Pending ready=
2026-03-19T04:04:46.7919331Z Follower [vllm-kimi-k2-instruct-w8a8-0-1] not Ready yet...
2026-03-19T04:04:46.9151781Z Leader [vllm-kimi-k2-instruct-w8a8-0] phase=Pending ready=
2026-03-19T04:04:46.9152161Z Leader not Ready yet...
2026-03-19T04:04:49.0359929Z Follower [vllm-kimi-k2-instruct-w8a8-0-1] phase=Pending ready=
2026-03-19T04:04:49.0360506Z Follower [vllm-kimi-k2-instruct-w8a8-0-1] not Ready yet...
2026-03-19T04:04:49.1584015Z Leader [vllm-kimi-k2-instruct-w8a8-0] phase=Pending ready=
2026-03-19T04:04:49.1585299Z Leader not Ready yet...
2026-03-19T04:04:51.2725974Z Follower [vllm-kimi-k2-instruct-w8a8-0-1] phase=Pending ready=
2026-03-19T04:04:51.2726495Z Follower [vllm-kimi-k2-instruct-w8a8-0-1] not Ready yet...
2026-03-19T04:04:51.3858171Z Leader [vllm-kimi-k2-instruct-w8a8-0] phase=Pending ready=
2026-03-19T04:04:51.3858571Z Leader not Ready yet...
2026-03-19T04:04:53.5071212Z Follower [vllm-kimi-k2-instruct-w8a8-0-1] phase=Pending ready=false
2026-03-19T04:04:53.5071736Z Follower [vllm-kimi-k2-instruct-w8a8-0-1] not Ready yet...
2026-03-19T04:04:53.6410392Z Leader [vllm-kimi-k2-instruct-w8a8-0] phase=Pending ready=
2026-03-19T04:04:53.6410821Z Leader not Ready yet...
2026-03-19T04:04:55.8016021Z Follower [vllm-kimi-k2-instruct-w8a8-0-1] phase=Running ready=true
2026-03-19T04:04:55.9632628Z Leader [vllm-kimi-k2-instruct-w8a8-0] phase=Running ready=true
2026-03-19T04:04:55.9633379Z All follower pods and leader pod are Running and Ready — continuing.
2026-03-19T04:04:56.4397266Z ##[group]Run set -euo pipefail
2026-03-19T04:04:56.4397796Z [36;1mset -euo pipefail[0m
2026-03-19T04:04:56.4398182Z [36;1m[0m
2026-03-19T04:04:56.4398491Z [36;1msize="2"[0m
2026-03-19T04:04:56.4398830Z [36;1mpids=()[0m
2026-03-19T04:04:56.4399163Z [36;1m[0m
2026-03-19T04:04:56.4399468Z [36;1mcleanup() {[0m
2026-03-19T04:04:56.4400026Z [36;1m  echo "Cleaning up background log streams..."[0m
2026-03-19T04:04:56.4400582Z [36;1m  for pid in "${pids[@]}"; do[0m
2026-03-19T04:04:56.4401113Z [36;1m    kill "$pid" 2>/dev/null || true[0m
2026-03-19T04:04:56.4401568Z [36;1m  done[0m
2026-03-19T04:04:56.4401885Z [36;1m}[0m
2026-03-19T04:04:56.4402211Z [36;1mtrap cleanup EXIT[0m
2026-03-19T04:04:56.4402587Z [36;1m[0m
2026-03-19T04:04:56.4402924Z [36;1mfor i in $(seq 1 $((size - 1))); do[0m
2026-03-19T04:04:56.4403421Z [36;1m  POD="${LWS_NAME}-0-${i}"[0m
2026-03-19T04:04:56.4403841Z [36;1m[0m
2026-03-19T04:04:56.4404316Z [36;1m  echo "==== Collecting logs from worker pod: $POD ===="[0m
2026-03-19T04:04:56.4404981Z [36;1m  kubectl logs -f "$POD" -n "$NAMESPACE" \[0m
2026-03-19T04:04:56.4405562Z [36;1m    > "/tmp/${POD}_logs.txt" 2>&1 &[0m
2026-03-19T04:04:56.4406026Z [36;1m[0m
2026-03-19T04:04:56.4406322Z [36;1m  pids+=($!)[0m
2026-03-19T04:04:56.4406678Z [36;1mdone[0m
2026-03-19T04:04:56.4406983Z [36;1m[0m
2026-03-19T04:04:56.4407441Z [36;1mecho "==== Streaming logs from leader pod: $LEADER_POD ===="[0m
2026-03-19T04:04:56.4408152Z [36;1mecho "Looking for logs containing: $FAIL_TAG"[0m
2026-03-19T04:04:56.4408666Z [36;1m[0m
2026-03-19T04:04:56.4409221Z [36;1mkubectl logs -f "$LEADER_POD" -n "$NAMESPACE" | while IFS= read -r line; do[0m
2026-03-19T04:04:56.4410057Z [36;1m  echo "$line"[0m
2026-03-19T04:04:56.4410499Z [36;1m  if echo "$line" | grep -q "$FAIL_TAG"; then[0m
2026-03-19T04:04:56.4411147Z [36;1m    exit 1[0m
2026-03-19T04:04:56.4411484Z [36;1m  fi[0m
2026-03-19T04:04:56.4411810Z [36;1mdone[0m
2026-03-19T04:04:56.4412265Z shell: bash -el {0}
2026-03-19T04:04:56.4412597Z env:
2026-03-19T04:04:56.4412955Z   LWS_NAME: vllm-kimi-k2-instruct-w8a8
2026-03-19T04:04:56.4413477Z   LEADER_POD: vllm-kimi-k2-instruct-w8a8-0
2026-03-19T04:04:56.4414021Z   FAIL_TAG: FAIL_TAG_Kimi-K2-Instruct-W8A8.yaml
2026-03-19T04:04:56.4414528Z ##[endgroup]
2026-03-19T04:04:56.4510658Z ##[group]Run '/home/runner/k8s/index.js'
2026-03-19T04:04:56.4511880Z shell: /home/runner/externals/node20/bin/node {0}
2026-03-19T04:04:56.4512213Z ##[endgroup]
2026-03-19T04:04:56.8774492Z (node:765) [DEP0005] DeprecationWarning: Buffer() is deprecated due to security and usability issues. Please use the Buffer.alloc(), Buffer.allocUnsafe(), or Buffer.from() methods instead.
2026-03-19T04:04:56.8775536Z (Use `node --trace-deprecation ...` to show where the warning was created)
2026-03-19T04:04:57.4362821Z ==== Collecting logs from worker pod: vllm-kimi-k2-instruct-w8a8-0-1 ====
2026-03-19T04:04:57.4363481Z ==== Streaming logs from leader pod: vllm-kimi-k2-instruct-w8a8-0 ====
2026-03-19T04:04:57.4364133Z Looking for logs containing: FAIL_TAG_Kimi-K2-Instruct-W8A8.yaml
2026-03-19T04:05:09.5840618Z ====> Check NPU info
2026-03-19T04:05:10.9945685Z +------------------------------------------------------------------------------------------------+
2026-03-19T04:05:10.9953454Z | npu-smi 25.5.0                   Version: 25.5.0                                               |
2026-03-19T04:05:10.9964664Z +---------------------------+---------------+----------------------------------------------------+
2026-03-19T04:05:10.9975594Z | NPU   Name                | Health        | Power(W)    Temp(C)           Hugepages-Usage(page)|
2026-03-19T04:05:10.9987345Z | Chip  Phy-ID              | Bus-Id        | AICore(%)   Memory-Usage(MB)  HBM-Usage(MB)        |
2026-03-19T04:05:10.9998147Z +===========================+===============+====================================================+
2026-03-19T04:05:11.0009114Z | 0     Ascend910           | OK            | 165.7       36                0    / 0             |
2026-03-19T04:05:11.0018544Z | 0     0                   | 0000:9D:00.0  | 0           0    / 0          3160 / 65536         |
2026-03-19T04:05:11.0029702Z +------------------------------------------------------------------------------------------------+
2026-03-19T04:05:11.0040302Z | 0     Ascend910           | OK            | -           36                0    / 0             |
2026-03-19T04:05:11.0050278Z | 1     1                   | 0000:9F:00.0  | 0           0    / 0          2893 / 65536         |
2026-03-19T04:05:11.0061582Z +===========================+===============+====================================================+
2026-03-19T04:05:11.0114248Z | 1     Ascend910           | OK            | 169.4       34                0    / 0             |
2026-03-19T04:05:11.0114816Z | 0     2                   | 0000:99:00.0  | 0           0    / 0          3176 / 65536         |
2026-03-19T04:05:11.0115358Z +------------------------------------------------------------------------------------------------+
2026-03-19T04:05:11.0116002Z | 1     Ascend910           | OK            | -           35                0    / 0             |
2026-03-19T04:05:11.0120650Z | 1     3                   | 0000:9B:00.0  | 0           0    / 0          2880 / 65536         |
2026-03-19T04:05:11.0132836Z +===========================+===============+====================================================+
2026-03-19T04:05:11.0143861Z | 2     Ascend910           | OK            | 170.7       35                0    / 0             |
2026-03-19T04:05:11.0154072Z | 0     4                   | 0000:95:00.0  | 0           0    / 0          3167 / 65536         |
2026-03-19T04:05:11.0164243Z +------------------------------------------------------------------------------------------------+
2026-03-19T04:05:11.0178112Z | 2     Ascend910           | OK            | -           36                0    / 0             |
2026-03-19T04:05:11.0184783Z | 1     5                   | 0000:97:00.0  | 0           0    / 0          2880 / 65536         |
2026-03-19T04:05:11.0194988Z +===========================+===============+====================================================+
2026-03-19T04:05:11.0204255Z | 3     Ascend910           | OK            | 162.7       36                0    / 0             |
2026-03-19T04:05:11.0214133Z | 0     6                   | 0000:91:00.0  | 0           0    / 0          3153 / 65536         |
2026-03-19T04:05:11.0224879Z +------------------------------------------------------------------------------------------------+
2026-03-19T04:05:11.0235154Z | 3     Ascend910           | OK            | -           35                0    / 0             |
2026-03-19T04:05:11.0245122Z | 1     7                   | 0000:93:00.0  | 0           0    / 0          2892 / 65536         |
2026-03-19T04:05:11.0255029Z +===========================+===============+====================================================+
2026-03-19T04:05:11.0265503Z | 4     Ascend910           | OK            | 162.1       34                0    / 0             |
2026-03-19T04:05:11.0275489Z | 0     8                   | 0000:8D:00.0  | 0           0    / 0          3167 / 65536         |
2026-03-19T04:05:11.0285430Z +------------------------------------------------------------------------------------------------+
2026-03-19T04:05:11.0294987Z | 4     Ascend910           | OK            | -           34                0    / 0             |
2026-03-19T04:05:11.0305570Z | 1     9                   | 0000:8F:00.0  | 0           0    / 0          2880 / 65536         |
2026-03-19T04:05:11.0315515Z +===========================+===============+====================================================+
2026-03-19T04:05:11.0325247Z | 5     Ascend910           | OK            | 167.6       36                0    / 0             |
2026-03-19T04:05:11.0336089Z | 0     10                  | 0000:89:00.0  | 0           0    / 0          3156 / 65536         |
2026-03-19T04:05:11.0347341Z +------------------------------------------------------------------------------------------------+
2026-03-19T04:05:11.0357684Z | 5     Ascend910           | OK            | -           35                0    / 0             |
2026-03-19T04:05:11.0367339Z | 1     11                  | 0000:8B:00.0  | 0           0    / 0          2890 / 65536         |
2026-03-19T04:05:11.3000701Z +===========================+===============+====================================================+
2026-03-19T04:05:11.3010651Z | 6     Ascend910           | OK            | 175.9       36                0    / 0             |
2026-03-19T04:05:11.3021923Z | 0     12                  | 0000:85:00.0  | 0           0    / 0          3155 / 65536         |
2026-03-19T04:05:11.3032637Z +------------------------------------------------------------------------------------------------+
2026-03-19T04:05:11.3043282Z | 6     Ascend910           | OK            | -           36                0    / 0             |
2026-03-19T04:05:11.3053781Z | 1     13                  | 0000:87:00.0  | 0           0    / 0          2892 / 65536         |
2026-03-19T04:05:11.3114197Z +===========================+===============+====================================================+
2026-03-19T04:05:11.3114756Z | 7     Ascend910           | OK            | 169.0       36                0    / 0             |
2026-03-19T04:05:11.3115314Z | 0     14                  | 0000:81:00.0  | 0           0    / 0          3151 / 65536         |
2026-03-19T04:05:11.3115846Z +------------------------------------------------------------------------------------------------+
2026-03-19T04:05:11.3124210Z | 7     Ascend910           | OK            | -           34                0    / 0             |
2026-03-19T04:05:11.3135394Z | 1     15                  | 0000:83:00.0  | 0           0    / 0          2892 / 65536         |
2026-03-19T04:05:11.3146354Z +===========================+===============+====================================================+
2026-03-19T04:05:11.3157206Z +---------------------------+---------------+----------------------------------------------------+
2026-03-19T04:05:11.3168044Z | NPU     Chip              | Process id    | Process name             | Process memory(MB)      |
2026-03-19T04:05:11.3180022Z +===========================+===============+====================================================+
2026-03-19T04:05:11.3195290Z | No running processes found in NPU 0                                                            |
2026-03-19T04:05:11.3206963Z +===========================+===============+====================================================+
2026-03-19T04:05:11.3217367Z | No running processes found in NPU 1                                                            |
2026-03-19T04:05:11.3231283Z +===========================+===============+====================================================+
2026-03-19T04:05:11.3242275Z | No running processes found in NPU 2                                                            |
2026-03-19T04:05:11.3252643Z +===========================+===============+====================================================+
2026-03-19T04:05:11.3263100Z | No running processes found in NPU 3                                                            |
2026-03-19T04:05:11.3272815Z +===========================+===============+====================================================+
2026-03-19T04:05:11.3285133Z | No running processes found in NPU 4                                                            |
2026-03-19T04:05:11.3293567Z +===========================+===============+====================================================+
2026-03-19T04:05:11.3304007Z | No running processes found in NPU 5                                                            |
2026-03-19T04:05:11.3314184Z +===========================+===============+====================================================+
2026-03-19T04:05:11.3324439Z | No running processes found in NPU 6                                                            |
2026-03-19T04:05:11.3334643Z +===========================+===============+====================================================+
2026-03-19T04:05:11.3346034Z | No running processes found in NPU 7                                                            |
2026-03-19T04:05:11.3356104Z +===========================+===============+====================================================+
2026-03-19T04:05:11.3365835Z package_name=Ascend-cann-toolkit
2026-03-19T04:05:11.3375762Z version=8.5.1
2026-03-19T04:05:11.3385753Z innerversion=V100R001C25SPC002B220
2026-03-19T04:05:11.3396004Z compatible_version=[V100R001C15],[V100R001C18],[V100R001C19],[V100R001C20],[V100R001C21],[V100R001C23]
2026-03-19T04:05:11.3405770Z arch=aarch64
2026-03-19T04:05:11.3416360Z os=linux
2026-03-19T04:05:11.3427017Z path=/usr/local/Ascend/cann-8.5.1
2026-03-19T04:05:11.3437043Z ====> Configure mirrors and git proxy
2026-03-19T04:05:11.6744945Z Writing to /root/.config/pip/pip.conf
2026-03-19T04:05:11.7059528Z Installed vLLM-related Python packages:
2026-03-19T04:05:12.5132279Z ais_bench_benchmark                      3.0.20250930               /vllm-workspace/vllm-ascend/benchmark
2026-03-19T04:05:12.5143939Z vllm                                     0.17.0+empty               /vllm-workspace/vllm
2026-03-19T04:05:12.5154872Z vllm_ascend                              0.17.0rc2.dev23+g6bc68c55d /vllm-workspace/vllm-ascend
2026-03-19T04:05:12.5164585Z 
2026-03-19T04:05:12.5174994Z ============================
2026-03-19T04:05:12.5188006Z vLLM Git information
2026-03-19T04:05:12.5200479Z ============================
2026-03-19T04:05:12.5220891Z Branch:      HEAD
2026-03-19T04:05:12.5243320Z Commit hash: b31e9326a7d9394aab8c767f8ebe225c65594b60
2026-03-19T04:05:12.5322551Z Author:      khluu <khluu000@gmail.com>
2026-03-19T04:05:12.5346072Z Date:        2026-03-06 13:04:15 -0800
2026-03-19T04:05:12.5369610Z Message:     Bound openai to under 2.25.0
2026-03-19T04:05:12.5407218Z Tags:        v0.17.0
2026-03-19T04:05:12.5415845Z v0.17.0rc1
2026-03-19T04:05:12.5439720Z Remote:      origin	https://ghfast.top/https://github.com/vllm-project/vllm.git (fetch)
2026-03-19T04:05:12.5448278Z 
2026-03-19T04:05:12.5460135Z 
2026-03-19T04:05:12.5470745Z ============================
2026-03-19T04:05:12.5480744Z vLLM-Ascend Git information
2026-03-19T04:05:12.5491850Z ============================
2026-03-19T04:05:12.5512139Z Branch:      main
2026-03-19T04:05:12.5536353Z Commit hash: 6bc68c55d0d5b40134f6c51303cb11c0abdbbd12
2026-03-19T04:05:12.5630593Z Author:      Nagisa125 <166619298+Nagisa125@users.noreply.github.com>
2026-03-19T04:05:12.5656791Z Date:        2026-03-18 14:59:48 +0800
2026-03-19T04:05:12.5681684Z Message:     [doc] Refresh the documentation for DeepSeek-V3.2 (#7403)
2026-03-19T04:05:12.5980239Z Tags:        
2026-03-19T04:05:12.6007925Z Remote:      origin	https://ghfast.top/https://github.com/vllm-project/vllm-ascend (fetch)
2026-03-19T04:05:12.6019132Z 
2026-03-19T04:05:12.6036242Z ====> Check triton ascend info
2026-03-19T04:05:12.9519587Z Ubuntu clang version 15.0.7
2026-03-19T04:05:12.9530970Z Target: aarch64-unknown-linux-gnu
2026-03-19T04:05:12.9544891Z Thread model: posix
2026-03-19T04:05:12.9557503Z InstalledDir: /usr/bin
2026-03-19T04:05:12.9576281Z Found candidate GCC installation: /usr/bin/../lib/gcc/aarch64-linux-gnu/11
2026-03-19T04:05:12.9592969Z Selected GCC installation: /usr/bin/../lib/gcc/aarch64-linux-gnu/11
2026-03-19T04:05:12.9606160Z Candidate multilib: .;@m64
2026-03-19T04:05:12.9620400Z Selected multilib: .;@m64
2026-03-19T04:05:12.9664725Z /usr/local/Ascend/cann-8.5.1/tools/bishengir/bin/bishengir-compile
2026-03-19T04:05:13.4810807Z Name: triton-ascend
2026-03-19T04:05:13.4832710Z Version: 3.2.0
2026-03-19T04:05:13.4847470Z Summary: A language and compiler for custom Deep Learning operations on Ascend hardwares
2026-03-19T04:05:13.4957823Z Home-page: https://gitcode.com/Ascend/triton-ascend/
2026-03-19T04:05:13.4958198Z Author: 
2026-03-19T04:05:13.4958371Z Author-email: 
2026-03-19T04:05:13.4958555Z License: 
2026-03-19T04:05:13.4958829Z Location: /usr/local/python3.11.14/lib/python3.11/site-packages
2026-03-19T04:05:13.4959557Z Requires: 
2026-03-19T04:05:13.4959809Z Required-by: vllm_ascend
2026-03-19T04:05:28.2633544Z INFO 03-19 04:05:28 [__init__.py:44] Available plugins for group vllm.platform_plugins:
2026-03-19T04:05:28.2647071Z INFO 03-19 04:05:28 [__init__.py:46] - ascend -> vllm_ascend:register
2026-03-19T04:05:28.2707680Z INFO 03-19 04:05:28 [__init__.py:49] All plugins in this group will be loaded. Set `VLLM_PLUGINS` to control which plugins to load.
2026-03-19T04:05:28.3102419Z INFO 03-19 04:05:28 [__init__.py:212] Platform plugin ascend is activated
2026-03-19T04:05:34.8439592Z ============================= test session starts ==============================
2026-03-19T04:05:34.8453423Z platform linux -- Python 3.11.14, pytest-8.4.2, pluggy-1.6.0 -- /usr/local/python3.11.14/bin/python3
2026-03-19T04:05:34.8466077Z cachedir: .pytest_cache
2026-03-19T04:05:34.8479586Z rootdir: /vllm-workspace/vllm-ascend
2026-03-19T04:05:34.8491079Z configfile: pyproject.toml
2026-03-19T04:05:34.8503045Z plugins: asyncio-1.3.0, mock-3.15.1, cov-7.0.0, anyio-4.12.1
2026-03-19T04:05:34.8516214Z asyncio: mode=Mode.STRICT, debug=False, asyncio_default_fixture_loop_scope=None, asyncio_default_test_loop_scope=function
2026-03-19T04:05:35.9073459Z collecting ... collected 1 item
2026-03-19T04:05:35.9085057Z 
2026-03-19T04:05:35.9097140Z [2026-03-19 04:05:35] [INFO] Loading config yaml: tests/e2e/nightly/multi_node/config/Kimi-K2-Instruct-W8A8.yaml
2026-03-19T04:05:35.9121552Z [2026-03-19 04:05:35] [INFO] Resolving cluster IPs via DNS...
2026-03-19T04:05:35.9170815Z [2026-03-19 04:05:35] [INFO] Node 0 envs: {'VLLM_USE_MODELSCOPE': 'True', 'HCCL_BUFFSIZE': '1024', 'SERVER_PORT': '8080', 'OMP_PROC_BIND': 'False', 'OMP_NUM_THREADS': '100', 'NUMEXPR_MAX_THREADS': '128', 'HCCL_IF_IP': '10.0.0.102', 'HCCL_SOCKET_IFNAME': 'eth0', 'GLOO_SOCKET_IFNAME': 'eth0', 'TP_SOCKET_IFNAME': 'eth0', 'LOCAL_IP': '10.0.0.102', 'NIC_NAME': 'eth0', 'MASTER_IP': '10.0.0.102'}
2026-03-19T04:05:35.9210587Z [2026-03-19 04:05:35] [INFO] Not launching proxy on non-master node
2026-03-19T04:05:35.9236634Z [2026-03-19 04:05:35] [INFO] Starting server with command: vllm serve vllm-ascend/Kimi-K2-Instruct-W8A8 --host 0.0.0.0 --port 8080 --data-parallel-size 4 --data-parallel-size-local 2 --data-parallel-start-rank 0 --data-parallel-address 10.0.0.102 --data-parallel-rpc-port 13389 --tensor-parallel-size 8 --seed 1024 --enable-expert-parallel --max-num-seqs 32 --max-model-len 8192 --max-num-batched-tokens 8192 --quantization ascend --trust-remote-code --no-enable-prefix-caching --gpu-memory-utilization 0.9 --additional-config {"torchair_graph_config":{"enabled":true}}
2026-03-19T04:05:40.5511815Z tests/e2e/nightly/multi_node/scripts/test_multi_node.py::test_multi_node INFO 03-19 04:05:40 [__init__.py:44] Available plugins for group vllm.platform_plugins:
2026-03-19T04:05:40.5643527Z INFO 03-19 04:05:40 [__init__.py:46] - ascend -> vllm_ascend:register
2026-03-19T04:05:40.5655955Z INFO 03-19 04:05:40 [__init__.py:49] All plugins in this group will be loaded. Set `VLLM_PLUGINS` to control which plugins to load.
2026-03-19T04:05:40.5666542Z INFO 03-19 04:05:40 [__init__.py:212] Platform plugin ascend is activated
2026-03-19T04:05:46.8206379Z 2026-03-19 04:05:46,818 - 146 - vllmProfiler - INFO - VLLM_USE_V1 not set, auto-detected via vLLM 0.17.0+empty: default 1
2026-03-19T04:05:46.8725112Z INFO 03-19 04:05:46 [__init__.py:108] Registered model loader `<class 'vllm_ascend.model_loader.netloader.netloader.ModelNetLoaderElastic'>` with load format `netloader`
2026-03-19T04:05:47.0448312Z INFO 03-19 04:05:47 [serve.py:92] Defaulting api_server_count to data_parallel_size_local (2) for hybrid LB mode.
2026-03-19T04:05:47.0466987Z INFO 03-19 04:05:47 [utils.py:302] 
2026-03-19T04:05:47.0480463Z INFO 03-19 04:05:47 [utils.py:302]        █     █     █▄   ▄█
2026-03-19T04:05:47.0502939Z INFO 03-19 04:05:47 [utils.py:302]  ▄▄ ▄█ █     █     █ ▀▄▀ █  version 0.17.0
2026-03-19T04:05:47.0516640Z INFO 03-19 04:05:47 [utils.py:302]   █▄█▀ █     █     █     █  model   vllm-ascend/Kimi-K2-Instruct-W8A8
2026-03-19T04:05:47.0528334Z INFO 03-19 04:05:47 [utils.py:302]    ▀▀  ▀▀▀▀▀ ▀▀▀▀▀ ▀     ▀
2026-03-19T04:05:47.0540011Z INFO 03-19 04:05:47 [utils.py:302] 
2026-03-19T04:05:47.0555704Z INFO 03-19 04:05:47 [utils.py:238] non-default args: {'model_tag': 'vllm-ascend/Kimi-K2-Instruct-W8A8', 'api_server_count': 2, 'host': '0.0.0.0', 'port': 8080, 'model': 'vllm-ascend/Kimi-K2-Instruct-W8A8', 'trust_remote_code': True, 'seed': 1024, 'max_model_len': 8192, 'quantization': 'ascend', 'tensor_parallel_size': 8, 'data_parallel_size': 4, 'data_parallel_start_rank': 0, 'data_parallel_size_local': 2, 'data_parallel_address': '10.0.0.102', 'data_parallel_rpc_port': 13389, 'enable_expert_parallel': True, 'enable_prefix_caching': False, 'max_num_batched_tokens': 8192, 'max_num_seqs': 32, 'additional_config': {'torchair_graph_config': {'enabled': True}}}
2026-03-19T04:05:47.0905613Z 2026-03-19 04:05:47,088 - modelscope - WARNING - We can not confirm the cached file is for revision: master
2026-03-19T04:05:47.0963244Z INFO 03-19 04:05:47 [arg_utils.py:640] HF_HUB_OFFLINE is True, replace model_id [vllm-ascend/Kimi-K2-Instruct-W8A8] to model_path [/root/.cache/modelscope/hub/models/vllm-ascend/Kimi-K2-Instruct-W8A8]
2026-03-19T04:05:47.0980987Z WARNING 03-19 04:05:47 [envs.py:1710] Unknown vLLM environment variable detected: VLLM_VERSION
2026-03-19T04:05:47.0992899Z WARNING 03-19 04:05:47 [envs.py:1710] Unknown vLLM environment variable detected: VLLM_KIMI_K2_INSTRUCT_W8A8_LEADER_PORT_8080_TCP
2026-03-19T04:05:47.1005714Z WARNING 03-19 04:05:47 [envs.py:1710] Unknown vLLM environment variable detected: VLLM_KIMI_K2_INSTRUCT_W8A8_LEADER_SERVICE_HOST
2026-03-19T04:05:47.1017091Z WARNING 03-19 04:05:47 [envs.py:1710] Unknown vLLM environment variable detected: VLLM_KIMI_K2_INSTRUCT_W8A8_LEADER_PORT
2026-03-19T04:05:47.1028771Z WARNING 03-19 04:05:47 [envs.py:1710] Unknown vLLM environment variable detected: VLLM_DEEPSEEK_R1_W8A8_LONGSEQ_LEADER_PORT_8080_TCP_ADDR
2026-03-19T04:05:47.1041062Z WARNING 03-19 04:05:47 [envs.py:1710] Unknown vLLM environment variable detected: VLLM_DEEPSEEK_R1_W8A8_LONGSEQ_LEADER_PORT
2026-03-19T04:05:47.1051369Z WARNING 03-19 04:05:47 [envs.py:1710] Unknown vLLM environment variable detected: VLLM_DEEPSEEK_R1_W8A8_LONGSEQ_LEADER_SERVICE_PORT_HTTP
2026-03-19T04:05:47.1062912Z WARNING 03-19 04:05:47 [envs.py:1710] Unknown vLLM environment variable detected: VLLM_DEEPSEEK_R1_W8A8_LONGSEQ_LEADER_PORT_8080_TCP_PORT
2026-03-19T04:05:47.1074454Z WARNING 03-19 04:05:47 [envs.py:1710] Unknown vLLM environment variable detected: VLLM_KIMI_K2_INSTRUCT_W8A8_LEADER_PORT_8080_TCP_PORT
2026-03-19T04:05:47.1108571Z WARNING 03-19 04:05:47 [envs.py:1710] Unknown vLLM environment variable detected: VLLM_DEEPSEEK_R1_W8A8_LONGSEQ_LEADER_PORT_8080_TCP
2026-03-19T04:05:47.1109495Z WARNING 03-19 04:05:47 [envs.py:1710] Unknown vLLM environment variable detected: VLLM_DEEPSEEK_R1_W8A8_LONGSEQ_LEADER_PORT_8080_TCP_PROTO
2026-03-19T04:05:47.1110503Z WARNING 03-19 04:05:47 [envs.py:1710] Unknown vLLM environment variable detected: VLLM_KIMI_K2_INSTRUCT_W8A8_LEADER_SERVICE_PORT_HTTP
2026-03-19T04:05:47.1120719Z WARNING 03-19 04:05:47 [envs.py:1710] Unknown vLLM environment variable detected: VLLM_ASCEND_REMOTE_URL
2026-03-19T04:05:47.1131027Z WARNING 03-19 04:05:47 [envs.py:1710] Unknown vLLM environment variable detected: VLLM_ASCEND_REF
2026-03-19T04:05:47.1142941Z WARNING 03-19 04:05:47 [envs.py:1710] Unknown vLLM environment variable detected: VLLM_KIMI_K2_INSTRUCT_W8A8_LEADER_PORT_8080_TCP_PROTO
2026-03-19T04:05:47.1153949Z WARNING 03-19 04:05:47 [envs.py:1710] Unknown vLLM environment variable detected: VLLM_KIMI_K2_INSTRUCT_W8A8_LEADER_PORT_8080_TCP_ADDR
2026-03-19T04:05:47.1164955Z WARNING 03-19 04:05:47 [envs.py:1710] Unknown vLLM environment variable detected: VLLM_DEEPSEEK_R1_W8A8_LONGSEQ_LEADER_SERVICE_PORT
2026-03-19T04:05:47.1175977Z WARNING 03-19 04:05:47 [envs.py:1710] Unknown vLLM environment variable detected: VLLM_DEEPSEEK_R1_W8A8_LONGSEQ_LEADER_SERVICE_HOST
2026-03-19T04:05:47.1187716Z WARNING 03-19 04:05:47 [envs.py:1710] Unknown vLLM environment variable detected: VLLM_KIMI_K2_INSTRUCT_W8A8_LEADER_SERVICE_PORT
2026-03-19T04:05:47.1198119Z The argument `trust_remote_code` is to be used with Auto classes. It has no effect here and is ignored.
2026-03-19T04:05:47.1209448Z The argument `trust_remote_code` is to be used with Auto classes. It has no effect here and is ignored.
2026-03-19T04:05:47.1399728Z You are using a model of type kimi_k2 to instantiate a model of type deepseek_v3. This is not supported for all configurations of models and can yield errors.
2026-03-19T04:05:47.1439015Z INFO 03-19 04:05:47 [config.py:385] Replacing legacy 'type' key with 'rope_type'
2026-03-19T04:05:57.6100057Z INFO 03-19 04:05:57 [model.py:531] Resolved architecture: DeepseekV3ForCausalLM
2026-03-19T04:05:57.6119614Z INFO 03-19 04:05:57 [model.py:1554] Using max model len 8192
2026-03-19T04:05:57.6131587Z INFO 03-19 04:05:57 [scheduler.py:231] Chunked prefill is enabled with max_num_batched_tokens=8192.
2026-03-19T04:05:57.9705505Z INFO 03-19 04:05:57 [vllm.py:747] Asynchronous scheduling is enabled.
2026-03-19T04:05:57.9718756Z INFO 03-19 04:05:57 [vllm.py:757] Disabling NCCL for DP synchronization when using async scheduling.
2026-03-19T04:05:57.9730314Z WARNING 03-19 04:05:57 [platform.py:770] Ignored parameter 'use_trtllm_ragged_deepseek_prefill'. This is a GPU-specific feature not supported on Ascend. Resetting to False.
2026-03-19T04:05:57.9742295Z INFO 03-19 04:05:57 [ascend_config.py:448] Dynamic EPLB is False
2026-03-19T04:05:57.9754365Z INFO 03-19 04:05:57 [ascend_config.py:449] The number of redundant experts is 0
2026-03-19T04:05:57.9766147Z INFO 03-19 04:05:57 [platform.py:288] PIECEWISE compilation enabled on NPU. use_inductor not supported - using only ACL Graph mode
2026-03-19T04:05:57.9818376Z INFO 03-19 04:05:57 [utils.py:548] Calculated maximum supported batch sizes for ACL graph: 5
2026-03-19T04:05:57.9819724Z WARNING 03-19 04:05:57 [utils.py:549] Currently, communication is performed using FFTS+ method, which reduces the number of available streams and, as a result, limits the range of runtime shapes that can be handled. To both improve communication performance and increase the number of supported shapes, set HCCL_OP_EXPANSION_MODE=AIV.
2026-03-19T04:05:57.9821630Z INFO 03-19 04:05:57 [utils.py:569] Adjusted ACL graph batch sizes for DeepseekV3ForCausalLM model (layers: 61): 11 → 5 sizes
2026-03-19T04:05:57.9822298Z INFO 03-19 04:05:57 [platform.py:440] Set PYTORCH_NPU_ALLOC_CONF=expandable_segments:True
2026-03-19T04:05:57.9824155Z INFO 03-19 04:05:57 [utils.py:865] Started DP Coordinator process (PID: 520)
2026-03-19T04:06:02.6951714Z INFO 03-19 04:06:02 [__init__.py:44] Available plugins for group vllm.platform_plugins:
2026-03-19T04:06:02.6964649Z INFO 03-19 04:06:02 [__init__.py:44] Available plugins for group vllm.platform_plugins:
2026-03-19T04:06:02.6977328Z INFO 03-19 04:06:02 [__init__.py:46] - ascend -> vllm_ascend:register
2026-03-19T04:06:02.6989998Z INFO 03-19 04:06:02 [__init__.py:46] - ascend -> vllm_ascend:register
2026-03-19T04:06:02.7001116Z INFO 03-19 04:06:02 [__init__.py:49] All plugins in this group will be loaded. Set `VLLM_PLUGINS` to control which plugins to load.
2026-03-19T04:06:02.7013622Z INFO 03-19 04:06:02 [__init__.py:49] All plugins in this group will be loaded. Set `VLLM_PLUGINS` to control which plugins to load.
2026-03-19T04:06:02.7026353Z INFO 03-19 04:06:02 [__init__.py:212] Platform plugin ascend is activated
2026-03-19T04:06:02.7038318Z INFO 03-19 04:06:02 [__init__.py:212] Platform plugin ascend is activated
2026-03-19T04:06:12.7348935Z INFO 03-19 04:06:12 [__init__.py:44] Available plugins for group vllm.platform_plugins:
2026-03-19T04:06:12.7360977Z INFO 03-19 04:06:12 [__init__.py:46] - ascend -> vllm_ascend:register
2026-03-19T04:06:12.7372105Z INFO 03-19 04:06:12 [__init__.py:49] All plugins in this group will be loaded. Set `VLLM_PLUGINS` to control which plugins to load.
2026-03-19T04:06:12.7412115Z INFO 03-19 04:06:12 [__init__.py:212] Platform plugin ascend is activated
2026-03-19T04:06:18.1186199Z INFO 03-19 04:06:18 [utils.py:217] Started 2 API server processes
2026-03-19T04:06:18.4736525Z (EngineCore_DP1 pid=995) 2026-03-19 04:06:18,471 - 995 - vllmProfiler - INFO - VLLM_USE_V1 not set, auto-detected via vLLM 0.17.0+empty: default 1
2026-03-19T04:06:18.4758384Z (EngineCore_DP0 pid=523) 2026-03-19 04:06:18,472 - 523 - vllmProfiler - INFO - VLLM_USE_V1 not set, auto-detected via vLLM 0.17.0+empty: default 1
2026-03-19T04:06:18.4785310Z (EngineCore_DP1 pid=995) INFO 03-19 04:06:18 [__init__.py:108] Registered model loader `<class 'vllm_ascend.model_loader.netloader.netloader.ModelNetLoaderElastic'>` with load format `netloader`
2026-03-19T04:06:18.4794667Z (EngineCore_DP0 pid=523) INFO 03-19 04:06:18 [__init__.py:108] Registered model loader `<class 'vllm_ascend.model_loader.netloader.netloader.ModelNetLoaderElastic'>` with load format `netloader`
2026-03-19T04:06:18.4805375Z (EngineCore_DP1 pid=995) INFO 03-19 04:06:18 [multiproc_executor.py:134] DP group leader: node_rank=0, node_rank_within_dp=0, master_addr=127.0.0.1, mq_connect_ip=10.0.0.102 (local), world_size=8, local_world_size=8
2026-03-19T04:06:18.4834365Z (EngineCore_DP0 pid=523) INFO 03-19 04:06:18 [core.py:101] Initializing a V1 LLM engine (v0.17.0) with config: model='/root/.cache/modelscope/hub/models/vllm-ascend/Kimi-K2-Instruct-W8A8', speculative_config=None, tokenizer='/root/.cache/modelscope/hub/models/vllm-ascend/Kimi-K2-Instruct-W8A8', skip_tokenizer_init=False, tokenizer_mode=auto, revision=None, tokenizer_revision=None, trust_remote_code=True, dtype=torch.bfloat16, max_seq_len=8192, download_dir=None, load_format=auto, tensor_parallel_size=8, pipeline_parallel_size=1, data_parallel_size=4, disable_custom_all_reduce=True, quantization=ascend, enforce_eager=False, enable_return_routed_experts=False, kv_cache_dtype=auto, device_config=npu, structured_outputs_config=StructuredOutputsConfig(backend='auto', disable_fallback=False, disable_any_whitespace=False, disable_additional_properties=False, reasoning_parser='', reasoning_parser_plugin='', enable_in_reasoning=False), observability_config=ObservabilityConfig(show_hidden_metrics_for_version=None, otlp_traces_endpoint=None, collect_detailed_traces=None, kv_cache_metrics=False, kv_cache_metrics_sample=0.01, cudagraph_metrics=False, enable_layerwise_nvtx_tracing=False, enable_mfu_metrics=False, enable_mm_processor_stats=False, enable_logging_iteration_details=False), seed=1024, served_model_name=/root/.cache/modelscope/hub/models/vllm-ascend/Kimi-K2-Instruct-W8A8, enable_prefix_caching=False, enable_chunked_prefill=True, pooler_config=None, compilation_config={'level': None, 'mode': <CompilationMode.VLLM_COMPILE: 3>, 'debug_dump_path': None, 'cache_dir': '', 'compile_cache_save_format': 'binary', 'backend': 'vllm_ascend.compilation.compiler_interface.AscendCompiler', 'custom_ops': ['all'], 'splitting_ops': ['vllm::unified_attention', 'vllm::unified_attention_with_output', 'vllm::unified_mla_attention', 'vllm::unified_mla_attention_with_output', 'vllm::mamba_mixer2', 'vllm::mamba_mixer', 'vllm::short_conv', 'vllm::linear_attention', 'vllm::plamo2_mamba_mixer', 'vllm::gdn_attention_core', 'vllm::kda_attention', 'vllm::sparse_attn_indexer', 'vllm::rocm_aiter_sparse_attn_indexer', 'vllm::unified_kv_cache_update', 'vllm::unified_mla_kv_cache_update', 'vllm::mla_forward'], 'compile_mm_encoder': False, 'compile_sizes': [], 'compile_ranges_split_points': [8192], 'inductor_compile_config': {'enable_auto_functionalized_v2': False, 'combo_kernels': True, 'benchmark_combo_kernel': True}, 'inductor_passes': {}, 'cudagraph_mode': <CUDAGraphMode.PIECEWISE: 1>, 'cudagraph_num_of_warmups': 1, 'cudagraph_capture_sizes': [1, 4, 24, 48, 64], 'cudagraph_copy_inputs': False, 'cudagraph_specialize_lora': True, 'use_inductor_graph_partition': False, 'pass_config': {'fuse_norm_quant': True, 'fuse_act_quant': True, 'fuse_attn_quant': False, 'enable_sp': False, 'fuse_gemm_comms': False, 'fuse_allreduce_rms': False}, 'max_cudagraph_capture_size': 64, 'dynamic_shapes_config': {'type': <DynamicShapesType.BACKED: 'backed'>, 'evaluate_guards': False, 'assume_32_bit_indexing': False}, 'local_cache_dir': None, 'fast_moe_cold_start': True, 'static_all_moe_layers': []}
2026-03-19T04:06:18.4845696Z (EngineCore_DP0 pid=523) INFO 03-19 04:06:18 [multiproc_executor.py:134] DP group leader: node_rank=0, node_rank_within_dp=0, master_addr=127.0.0.1, mq_connect_ip=10.0.0.102 (local), world_size=8, local_world_size=8
2026-03-19T04:06:22.9278639Z INFO 03-19 04:06:22 [__init__.py:44] Available plugins for group vllm.platform_plugins:
2026-03-19T04:06:22.9290244Z INFO 03-19 04:06:22 [__init__.py:46] - ascend -> vllm_ascend:register
2026-03-19T04:06:22.9301114Z INFO 03-19 04:06:22 [__init__.py:49] All plugins in this group will be loaded. Set `VLLM_PLUGINS` to control which plugins to load.
2026-03-19T04:06:22.9354817Z INFO 03-19 04:06:22 [__init__.py:212] Platform plugin ascend is activated
2026-03-19T04:06:22.9490970Z INFO 03-19 04:06:22 [__init__.py:44] Available plugins for group vllm.platform_plugins:
2026-03-19T04:06:22.9501528Z INFO 03-19 04:06:22 [__init__.py:46] - ascend -> vllm_ascend:register
2026-03-19T04:06:22.9511782Z INFO 03-19 04:06:22 [__init__.py:49] All plugins in this group will be loaded. Set `VLLM_PLUGINS` to control which plugins to load.
2026-03-19T04:06:22.9570122Z INFO 03-19 04:06:22 [__init__.py:212] Platform plugin ascend is activated
2026-03-19T04:06:23.6001581Z INFO 03-19 04:06:23 [__init__.py:44] Available plugins for group vllm.platform_plugins:
2026-03-19T04:06:23.6010327Z INFO 03-19 04:06:23 [__init__.py:46] - ascend -> vllm_ascend:register
2026-03-19T04:06:23.6021116Z INFO 03-19 04:06:23 [__init__.py:49] All plugins in this group will be loaded. Set `VLLM_PLUGINS` to control which plugins to load.
2026-03-19T04:06:23.6078350Z INFO 03-19 04:06:23 [__init__.py:212] Platform plugin ascend is activated
2026-03-19T04:06:23.6538194Z INFO 03-19 04:06:23 [__init__.py:44] Available plugins for group vllm.platform_plugins:
2026-03-19T04:06:23.6549184Z INFO 03-19 04:06:23 [__init__.py:46] - ascend -> vllm_ascend:register
2026-03-19T04:06:23.6559389Z INFO 03-19 04:06:23 [__init__.py:49] All plugins in this group will be loaded. Set `VLLM_PLUGINS` to control which plugins to load.
2026-03-19T04:06:23.6652778Z INFO 03-19 04:06:23 [__init__.py:212] Platform plugin ascend is activated
2026-03-19T04:06:29.1183571Z (ApiServer_0 pid=1236) 2026-03-19 04:06:29,116 - 1236 - vllmProfiler - INFO - VLLM_USE_V1 not set, auto-detected via vLLM 0.17.0+empty: default 1
2026-03-19T04:06:29.1195750Z (ApiServer_1 pid=1237) 2026-03-19 04:06:29,116 - 1237 - vllmProfiler - INFO - VLLM_USE_V1 not set, auto-detected via vLLM 0.17.0+empty: default 1
2026-03-19T04:06:29.1538560Z (ApiServer_1 pid=1237) INFO 03-19 04:06:29 [__init__.py:108] Registered model loader `<class 'vllm_ascend.model_loader.netloader.netloader.ModelNetLoaderElastic'>` with load format `netloader`
2026-03-19T04:06:29.1551092Z (ApiServer_0 pid=1236) INFO 03-19 04:06:29 [__init__.py:108] Registered model loader `<class 'vllm_ascend.model_loader.netloader.netloader.ModelNetLoaderElastic'>` with load format `netloader`
2026-03-19T04:06:29.1847164Z (ApiServer_0 pid=1236) 2026-03-19 04:06:29,183 - modelscope - WARNING - We can not confirm the cached file is for revision: master
2026-03-19T04:06:29.1911589Z (ApiServer_0 pid=1236) INFO 03-19 04:06:29 [arg_utils.py:640] HF_HUB_OFFLINE is True, replace model_id [vllm-ascend/Kimi-K2-Instruct-W8A8] to model_path [/root/.cache/modelscope/hub/models/vllm-ascend/Kimi-K2-Instruct-W8A8]
2026-03-19T04:06:29.2271385Z (ApiServer_1 pid=1237) 2026-03-19 04:06:29,225 - modelscope - WARNING - We can not confirm the cached file is for revision: master
2026-03-19T04:06:29.2340301Z (ApiServer_1 pid=1237) INFO 03-19 04:06:29 [arg_utils.py:640] HF_HUB_OFFLINE is True, replace model_id [vllm-ascend/Kimi-K2-Instruct-W8A8] to model_path [/root/.cache/modelscope/hub/models/vllm-ascend/Kimi-K2-Instruct-W8A8]
2026-03-19T04:06:29.3125133Z (ApiServer_0 pid=1236) WARNING 03-19 04:06:29 [envs.py:1710] Unknown vLLM environment variable detected: VLLM_VERSION
2026-03-19T04:06:29.3136455Z (ApiServer_0 pid=1236) WARNING 03-19 04:06:29 [envs.py:1710] Unknown vLLM environment variable detected: VLLM_KIMI_K2_INSTRUCT_W8A8_LEADER_PORT_8080_TCP
2026-03-19T04:06:29.3147374Z (ApiServer_0 pid=1236) WARNING 03-19 04:06:29 [envs.py:1710] Unknown vLLM environment variable detected: VLLM_KIMI_K2_INSTRUCT_W8A8_LEADER_SERVICE_HOST
2026-03-19T04:06:29.3158227Z (ApiServer_0 pid=1236) WARNING 03-19 04:06:29 [envs.py:1710] Unknown vLLM environment variable detected: VLLM_KIMI_K2_INSTRUCT_W8A8_LEADER_PORT
2026-03-19T04:06:29.3169142Z (ApiServer_0 pid=1236) WARNING 03-19 04:06:29 [envs.py:1710] Unknown vLLM environment variable detected: VLLM_DEEPSEEK_R1_W8A8_LONGSEQ_LEADER_PORT_8080_TCP_ADDR
2026-03-19T04:06:29.3180510Z (ApiServer_0 pid=1236) WARNING 03-19 04:06:29 [envs.py:1710] Unknown vLLM environment variable detected: VLLM_DEEPSEEK_R1_W8A8_LONGSEQ_LEADER_PORT
2026-03-19T04:06:29.3191688Z (ApiServer_0 pid=1236) WARNING 03-19 04:06:29 [envs.py:1710] Unknown vLLM environment variable detected: VLLM_DEEPSEEK_R1_W8A8_LONGSEQ_LEADER_SERVICE_PORT_HTTP
2026-03-19T04:06:29.3202084Z (ApiServer_0 pid=1236) WARNING 03-19 04:06:29 [envs.py:1710] Unknown vLLM environment variable detected: VLLM_DEEPSEEK_R1_W8A8_LONGSEQ_LEADER_PORT_8080_TCP_PORT
2026-03-19T04:06:29.3212542Z (ApiServer_0 pid=1236) WARNING 03-19 04:06:29 [envs.py:1710] Unknown vLLM environment variable detected: VLLM_KIMI_K2_INSTRUCT_W8A8_LEADER_PORT_8080_TCP_PORT
2026-03-19T04:06:29.3223708Z (ApiServer_0 pid=1236) WARNING 03-19 04:06:29 [envs.py:1710] Unknown vLLM environment variable detected: VLLM_DEEPSEEK_R1_W8A8_LONGSEQ_LEADER_PORT_8080_TCP
2026-03-19T04:06:29.3234363Z (ApiServer_0 pid=1236) WARNING 03-19 04:06:29 [envs.py:1710] Unknown vLLM environment variable detected: VLLM_DEEPSEEK_R1_W8A8_LONGSEQ_LEADER_PORT_8080_TCP_PROTO
2026-03-19T04:06:29.3244882Z (ApiServer_0 pid=1236) WARNING 03-19 04:06:29 [envs.py:1710] Unknown vLLM environment variable detected: VLLM_KIMI_K2_INSTRUCT_W8A8_LEADER_SERVICE_PORT_HTTP
2026-03-19T04:06:29.3255274Z (ApiServer_0 pid=1236) WARNING 03-19 04:06:29 [envs.py:1710] Unknown vLLM environment variable detected: VLLM_ASCEND_REMOTE_URL
2026-03-19T04:06:29.3266480Z (ApiServer_0 pid=1236) WARNING 03-19 04:06:29 [envs.py:1710] Unknown vLLM environment variable detected: VLLM_ASCEND_REF
2026-03-19T04:06:29.3277250Z (ApiServer_0 pid=1236) WARNING 03-19 04:06:29 [envs.py:1710] Unknown vLLM environment variable detected: VLLM_KIMI_K2_INSTRUCT_W8A8_LEADER_PORT_8080_TCP_PROTO
2026-03-19T04:06:29.3287529Z (ApiServer_0 pid=1236) WARNING 03-19 04:06:29 [envs.py:1710] Unknown vLLM environment variable detected: VLLM_KIMI_K2_INSTRUCT_W8A8_LEADER_PORT_8080_TCP_ADDR
2026-03-19T04:06:29.3297945Z (ApiServer_0 pid=1236) WARNING 03-19 04:06:29 [envs.py:1710] Unknown vLLM environment variable detected: VLLM_DEEPSEEK_R1_W8A8_LONGSEQ_LEADER_SERVICE_PORT
2026-03-19T04:06:29.3309072Z (ApiServer_0 pid=1236) WARNING 03-19 04:06:29 [envs.py:1710] Unknown vLLM environment variable detected: VLLM_DEEPSEEK_R1_W8A8_LONGSEQ_LEADER_SERVICE_HOST
2026-03-19T04:06:29.3319402Z (ApiServer_0 pid=1236) WARNING 03-19 04:06:29 [envs.py:1710] Unknown vLLM environment variable detected: VLLM_KIMI_K2_INSTRUCT_W8A8_LEADER_SERVICE_PORT
2026-03-19T04:06:29.3329991Z (ApiServer_0 pid=1236) The argument `trust_remote_code` is to be used with Auto classes. It has no effect here and is ignored.
2026-03-19T04:06:29.3590878Z (ApiServer_1 pid=1237) WARNING 03-19 04:06:29 [envs.py:1710] Unknown vLLM environment variable detected: VLLM_VERSION
2026-03-19T04:06:29.3600962Z (ApiServer_1 pid=1237) WARNING 03-19 04:06:29 [envs.py:1710] Unknown vLLM environment variable detected: VLLM_KIMI_K2_INSTRUCT_W8A8_LEADER_PORT_8080_TCP
2026-03-19T04:06:29.3611790Z (ApiServer_1 pid=1237) WARNING 03-19 04:06:29 [envs.py:1710] Unknown vLLM environment variable detected: VLLM_KIMI_K2_INSTRUCT_W8A8_LEADER_SERVICE_HOST
2026-03-19T04:06:29.3622447Z (ApiServer_1 pid=1237) WARNING 03-19 04:06:29 [envs.py:1710] Unknown vLLM environment variable detected: VLLM_KIMI_K2_INSTRUCT_W8A8_LEADER_PORT
2026-03-19T04:06:29.3633662Z (ApiServer_1 pid=1237) WARNING 03-19 04:06:29 [envs.py:1710] Unknown vLLM environment variable detected: VLLM_DEEPSEEK_R1_W8A8_LONGSEQ_LEADER_PORT_8080_TCP_ADDR
2026-03-19T04:06:29.3644109Z (ApiServer_1 pid=1237) WARNING 03-19 04:06:29 [envs.py:1710] Unknown vLLM environment variable detected: VLLM_DEEPSEEK_R1_W8A8_LONGSEQ_LEADER_PORT
2026-03-19T04:06:29.3655141Z (ApiServer_1 pid=1237) WARNING 03-19 04:06:29 [envs.py:1710] Unknown vLLM environment variable detected: VLLM_DEEPSEEK_R1_W8A8_LONGSEQ_LEADER_SERVICE_PORT_HTTP
2026-03-19T04:06:29.3666186Z (ApiServer_1 pid=1237) WARNING 03-19 04:06:29 [envs.py:1710] Unknown vLLM environment variable detected: VLLM_DEEPSEEK_R1_W8A8_LONGSEQ_LEADER_PORT_8080_TCP_PORT
2026-03-19T04:06:29.3676860Z (ApiServer_1 pid=1237) WARNING 03-19 04:06:29 [envs.py:1710] Unknown vLLM environment variable detected: VLLM_KIMI_K2_INSTRUCT_W8A8_LEADER_PORT_8080_TCP_PORT
2026-03-19T04:06:29.3687325Z (ApiServer_1 pid=1237) WARNING 03-19 04:06:29 [envs.py:1710] Unknown vLLM environment variable detected: VLLM_DEEPSEEK_R1_W8A8_LONGSEQ_LEADER_PORT_8080_TCP
2026-03-19T04:06:29.3697640Z (ApiServer_1 pid=1237) WARNING 03-19 04:06:29 [envs.py:1710] Unknown vLLM environment variable detected: VLLM_DEEPSEEK_R1_W8A8_LONGSEQ_LEADER_PORT_8080_TCP_PROTO
2026-03-19T04:06:29.3708625Z (ApiServer_1 pid=1237) WARNING 03-19 04:06:29 [envs.py:1710] Unknown vLLM environment variable detected: VLLM_KIMI_K2_INSTRUCT_W8A8_LEADER_SERVICE_PORT_HTTP
2026-03-19T04:06:29.3719642Z (ApiServer_1 pid=1237) WARNING 03-19 04:06:29 [envs.py:1710] Unknown vLLM environment variable detected: VLLM_ASCEND_REMOTE_URL
2026-03-19T04:06:29.3729755Z (ApiServer_1 pid=1237) WARNING 03-19 04:06:29 [envs.py:1710] Unknown vLLM environment variable detected: VLLM_ASCEND_REF
2026-03-19T04:06:29.3740543Z (ApiServer_1 pid=1237) WARNING 03-19 04:06:29 [envs.py:1710] Unknown vLLM environment variable detected: VLLM_KIMI_K2_INSTRUCT_W8A8_LEADER_PORT_8080_TCP_PROTO
2026-03-19T04:06:29.3751006Z (ApiServer_1 pid=1237) WARNING 03-19 04:06:29 [envs.py:1710] Unknown vLLM environment variable detected: VLLM_KIMI_K2_INSTRUCT_W8A8_LEADER_PORT_8080_TCP_ADDR
2026-03-19T04:06:29.3760754Z (ApiServer_1 pid=1237) WARNING 03-19 04:06:29 [envs.py:1710] Unknown vLLM environment variable detected: VLLM_DEEPSEEK_R1_W8A8_LONGSEQ_LEADER_SERVICE_PORT
2026-03-19T04:06:29.3770849Z (ApiServer_1 pid=1237) WARNING 03-19 04:06:29 [envs.py:1710] Unknown vLLM environment variable detected: VLLM_DEEPSEEK_R1_W8A8_LONGSEQ_LEADER_SERVICE_HOST
2026-03-19T04:06:29.3781425Z (ApiServer_1 pid=1237) WARNING 03-19 04:06:29 [envs.py:1710] Unknown vLLM environment variable detected: VLLM_KIMI_K2_INSTRUCT_W8A8_LEADER_SERVICE_PORT
2026-03-19T04:06:29.3791387Z (ApiServer_1 pid=1237) The argument `trust_remote_code` is to be used with Auto classes. It has no effect here and is ignored.
2026-03-19T04:06:29.3801893Z 2026-03-19 04:06:29,376 - 1380 - vllmProfiler - INFO - VLLM_USE_V1 not set, auto-detected via vLLM 0.17.0+empty: default 1
2026-03-19T04:06:29.3823568Z INFO 03-19 04:06:29 [__init__.py:108] Registered model loader `<class 'vllm_ascend.model_loader.netloader.netloader.ModelNetLoaderElastic'>` with load format `netloader`
2026-03-19T04:06:29.5353112Z (ApiServer_0 pid=1236) The argument `trust_remote_code` is to be used with Auto classes. It has no effect here and is ignored.
2026-03-19T04:06:29.5363142Z (ApiServer_1 pid=1237) The argument `trust_remote_code` is to be used with Auto classes. It has no effect here and is ignored.
2026-03-19T04:06:29.5483062Z (ApiServer_1 pid=1237) You are using a model of type kimi_k2 to instantiate a model of type deepseek_v3. This is not supported for all configurations of models and can yield errors.
2026-03-19T04:06:29.5493338Z (ApiServer_0 pid=1236) You are using a model of type kimi_k2 to instantiate a model of type deepseek_v3. This is not supported for all configurations of models and can yield errors.
2026-03-19T04:06:29.5514260Z (ApiServer_1 pid=1237) INFO 03-19 04:06:29 [config.py:385] Replacing legacy 'type' key with 'rope_type'
2026-03-19T04:06:29.5525286Z (ApiServer_0 pid=1236) INFO 03-19 04:06:29 [config.py:385] Replacing legacy 'type' key with 'rope_type'
2026-03-19T04:06:29.5627967Z 2026-03-19 04:06:29,561 - 1381 - vllmProfiler - INFO - VLLM_USE_V1 not set, auto-detected via vLLM 0.17.0+empty: default 1
2026-03-19T04:06:29.5670435Z INFO 03-19 04:06:29 [__init__.py:108] Registered model loader `<class 'vllm_ascend.model_loader.netloader.netloader.ModelNetLoaderElastic'>` with load format `netloader`
2026-03-19T04:06:30.0045359Z (ApiServer_0 pid=1236) INFO 03-19 04:06:29 [model.py:531] Resolved architecture: DeepseekV3ForCausalLM
2026-03-19T04:06:30.0046083Z (ApiServer_1 pid=1237) INFO 03-19 04:06:29 [model.py:531] Resolved architecture: DeepseekV3ForCausalLM
2026-03-19T04:06:30.0046654Z (ApiServer_0 pid=1236) INFO 03-19 04:06:29 [model.py:1554] Using max model len 8192
2026-03-19T04:06:30.0050843Z (ApiServer_1 pid=1237) INFO 03-19 04:06:29 [model.py:1554] Using max model len 8192
2026-03-19T04:06:30.0051514Z (ApiServer_0 pid=1236) INFO 03-19 04:06:29 [scheduler.py:231] Chunked prefill is enabled with max_num_batched_tokens=8192.
2026-03-19T04:06:30.0052267Z (ApiServer_1 pid=1237) INFO 03-19 04:06:29 [scheduler.py:231] Chunked prefill is enabled with max_num_batched_tokens=8192.
2026-03-19T04:06:30.1593663Z (ApiServer_0 pid=1236) INFO 03-19 04:06:30 [vllm.py:747] Asynchronous scheduling is enabled.
2026-03-19T04:06:30.1594558Z (ApiServer_0 pid=1236) INFO 03-19 04:06:30 [vllm.py:757] Disabling NCCL for DP synchronization when using async scheduling.
2026-03-19T04:06:30.1596123Z (ApiServer_0 pid=1236) WARNING 03-19 04:06:30 [platform.py:770] Ignored parameter 'use_trtllm_ragged_deepseek_prefill'. This is a GPU-specific feature not supported on Ascend. Resetting to False.
2026-03-19T04:06:30.1597024Z (ApiServer_0 pid=1236) INFO 03-19 04:06:30 [ascend_config.py:448] Dynamic EPLB is False
2026-03-19T04:06:30.1597599Z (ApiServer_0 pid=1236) INFO 03-19 04:06:30 [ascend_config.py:449] The number of redundant experts is 0
2026-03-19T04:06:30.1598408Z (ApiServer_0 pid=1236) INFO 03-19 04:06:30 [platform.py:288] PIECEWISE compilation enabled on NPU. use_inductor not supported - using only ACL Graph mode
2026-03-19T04:06:30.1599238Z (ApiServer_0 pid=1236) INFO 03-19 04:06:30 [utils.py:548] Calculated maximum supported batch sizes for ACL graph: 5
2026-03-19T04:06:30.1600883Z (ApiServer_0 pid=1236) WARNING 03-19 04:06:30 [utils.py:549] Currently, communication is performed using FFTS+ method, which reduces the number of available streams and, as a result, limits the range of runtime shapes that can be handled. To both improve communication performance and increase the number of supported shapes, set HCCL_OP_EXPANSION_MODE=AIV.
2026-03-19T04:06:30.1602824Z (ApiServer_0 pid=1236) INFO 03-19 04:06:30 [utils.py:569] Adjusted ACL graph batch sizes for DeepseekV3ForCausalLM model (layers: 61): 11 → 5 sizes
2026-03-19T04:06:30.1603608Z (ApiServer_0 pid=1236) INFO 03-19 04:06:30 [platform.py:440] Set PYTORCH_NPU_ALLOC_CONF=expandable_segments:True
2026-03-19T04:06:30.2038630Z (ApiServer_1 pid=1237) INFO 03-19 04:06:30 [vllm.py:747] Asynchronous scheduling is enabled.
2026-03-19T04:06:30.2039344Z (ApiServer_1 pid=1237) INFO 03-19 04:06:30 [vllm.py:757] Disabling NCCL for DP synchronization when using async scheduling.
2026-03-19T04:06:30.2040564Z (ApiServer_1 pid=1237) WARNING 03-19 04:06:30 [platform.py:770] Ignored parameter 'use_trtllm_ragged_deepseek_prefill'. This is a GPU-specific feature not supported on Ascend. Resetting to False.
2026-03-19T04:06:30.2047523Z (ApiServer_1 pid=1237) INFO 03-19 04:06:30 [ascend_config.py:448] Dynamic EPLB is False
2026-03-19T04:06:30.2048089Z (ApiServer_1 pid=1237) INFO 03-19 04:06:30 [ascend_config.py:449] The number of redundant experts is 0
2026-03-19T04:06:30.2048877Z (ApiServer_1 pid=1237) INFO 03-19 04:06:30 [platform.py:288] PIECEWISE compilation enabled on NPU. use_inductor not supported - using only ACL Graph mode
2026-03-19T04:06:30.2054983Z (ApiServer_1 pid=1237) INFO 03-19 04:06:30 [utils.py:548] Calculated maximum supported batch sizes for ACL graph: 5
2026-03-19T04:06:30.2066224Z (ApiServer_1 pid=1237) WARNING 03-19 04:06:30 [utils.py:549] Currently, communication is performed using FFTS+ method, which reduces the number of available streams and, as a result, limits the range of runtime shapes that can be handled. To both improve communication performance and increase the number of supported shapes, set HCCL_OP_EXPANSION_MODE=AIV.
2026-03-19T04:06:30.2075492Z (ApiServer_1 pid=1237) INFO 03-19 04:06:30 [utils.py:569] Adjusted ACL graph batch sizes for DeepseekV3ForCausalLM model (layers: 61): 11 → 5 sizes
2026-03-19T04:06:30.2085610Z (ApiServer_1 pid=1237) INFO 03-19 04:06:30 [platform.py:440] Set PYTORCH_NPU_ALLOC_CONF=expandable_segments:True
2026-03-19T04:06:30.8463102Z (ApiServer_0 pid=1236) WARNING 03-19 04:06:30 [registry.py:223] Using a slow tokenizer. This might cause a significant slowdown. Consider using a fast tokenizer instead.
2026-03-19T04:06:30.8487781Z (ApiServer_1 pid=1237) WARNING 03-19 04:06:30 [registry.py:223] Using a slow tokenizer. This might cause a significant slowdown. Consider using a fast tokenizer instead.
2026-03-19T04:06:31.6229132Z /usr/local/python3.11.14/lib/python3.11/site-packages/transformers/models/auto/image_processing_auto.py:647: FutureWarning: The image_processor_class argument is deprecated and will be removed in v4.42. Please use `slow_image_processor_class`, or `fast_image_processor_class` instead
2026-03-19T04:06:31.6239422Z   warnings.warn(
2026-03-19T04:06:31.6250766Z /usr/local/python3.11.14/lib/python3.11/site-packages/transformers/models/auto/image_processing_auto.py:647: FutureWarning: The image_processor_class argument is deprecated and will be removed in v4.42. Please use `slow_image_processor_class`, or `fast_image_processor_class` instead
2026-03-19T04:06:31.6260706Z   warnings.warn(
2026-03-19T04:06:32.0342099Z INFO 03-19 04:06:32 [ascend_config.py:448] Dynamic EPLB is False
2026-03-19T04:06:32.0353726Z INFO 03-19 04:06:32 [ascend_config.py:449] The number of redundant experts is 0
2026-03-19T04:06:32.0364697Z INFO 03-19 04:06:32 [ascend_config.py:448] Dynamic EPLB is False
2026-03-19T04:06:32.0376710Z INFO 03-19 04:06:32 [ascend_config.py:449] The number of redundant experts is 0
2026-03-19T04:06:33.8715482Z INFO 03-19 04:06:33 [__init__.py:44] Available plugins for group vllm.platform_plugins:
2026-03-19T04:06:33.8727256Z INFO 03-19 04:06:33 [__init__.py:46] - ascend -> vllm_ascend:register
2026-03-19T04:06:33.8738500Z INFO 03-19 04:06:33 [__init__.py:49] All plugins in this group will be loaded. Set `VLLM_PLUGINS` to control which plugins to load.
2026-03-19T04:06:33.8787101Z INFO 03-19 04:06:33 [__init__.py:212] Platform plugin ascend is activated
2026-03-19T04:06:34.1726991Z INFO 03-19 04:06:34 [__init__.py:44] Available plugins for group vllm.platform_plugins:
2026-03-19T04:06:34.1727555Z INFO 03-19 04:06:34 [__init__.py:46] - ascend -> vllm_ascend:register
2026-03-19T04:06:34.1741686Z INFO 03-19 04:06:34 [__init__.py:49] All plugins in this group will be loaded. Set `VLLM_PLUGINS` to control which plugins to load.
2026-03-19T04:06:34.1790432Z INFO 03-19 04:06:34 [__init__.py:212] Platform plugin ascend is activated
2026-03-19T04:06:35.1473043Z (Worker pid=1380) INFO 03-19 04:06:35 [parallel_state.py:1393] world_size=32 rank=0 local_rank=0 distributed_init_method=tcp://10.0.0.102:50999 backend=hccl
2026-03-19T04:06:35.1651772Z (Worker pid=1381) INFO 03-19 04:06:35 [parallel_state.py:1393] world_size=32 rank=8 local_rank=0 distributed_init_method=tcp://10.0.0.102:50999 backend=hccl
2026-03-19T04:06:39.2755224Z 2026-03-19 04:06:39,273 - 2195 - vllmProfiler - INFO - VLLM_USE_V1 not set, auto-detected via vLLM 0.17.0+empty: default 1
2026-03-19T04:06:39.2789999Z INFO 03-19 04:06:39 [__init__.py:108] Registered model loader `<class 'vllm_ascend.model_loader.netloader.netloader.ModelNetLoaderElastic'>` with load format `netloader`
2026-03-19T04:06:39.6192771Z 2026-03-19 04:06:39,617 - 2198 - vllmProfiler - INFO - VLLM_USE_V1 not set, auto-detected via vLLM 0.17.0+empty: default 1
2026-03-19T04:06:39.6231650Z INFO 03-19 04:06:39 [__init__.py:108] Registered model loader `<class 'vllm_ascend.model_loader.netloader.netloader.ModelNetLoaderElastic'>` with load format `netloader`
2026-03-19T04:06:40.8631787Z /usr/local/python3.11.14/lib/python3.11/site-packages/transformers/models/auto/image_processing_auto.py:647: FutureWarning: The image_processor_class argument is deprecated and will be removed in v4.42. Please use `slow_image_processor_class`, or `fast_image_processor_class` instead
2026-03-19T04:06:40.8638671Z   warnings.warn(
2026-03-19T04:06:41.2211901Z /usr/local/python3.11.14/lib/python3.11/site-packages/transformers/models/auto/image_processing_auto.py:647: FutureWarning: The image_processor_class argument is deprecated and will be removed in v4.42. Please use `slow_image_processor_class`, or `fast_image_processor_class` instead
2026-03-19T04:06:41.2219343Z   warnings.warn(
2026-03-19T04:06:41.2300829Z INFO 03-19 04:06:41 [ascend_config.py:448] Dynamic EPLB is False
2026-03-19T04:06:41.2311970Z INFO 03-19 04:06:41 [ascend_config.py:449] The number of redundant experts is 0
2026-03-19T04:06:41.5995305Z INFO 03-19 04:06:41 [ascend_config.py:448] Dynamic EPLB is False
2026-03-19T04:06:41.6004347Z INFO 03-19 04:06:41 [ascend_config.py:449] The number of redundant experts is 0
2026-03-19T04:06:42.9699711Z (Worker pid=2195) INFO 03-19 04:06:42 [parallel_state.py:1393] world_size=32 rank=1 local_rank=1 distributed_init_method=tcp://10.0.0.102:50999 backend=hccl
2026-03-19T04:06:43.3359515Z (Worker pid=2198) INFO 03-19 04:06:43 [parallel_state.py:1393] world_size=32 rank=9 local_rank=1 distributed_init_method=tcp://10.0.0.102:50999 backend=hccl
2026-03-19T04:06:43.9962622Z INFO 03-19 04:06:43 [__init__.py:44] Available plugins for group vllm.platform_plugins:
2026-03-19T04:06:43.9971782Z INFO 03-19 04:06:43 [__init__.py:46] - ascend -> vllm_ascend:register
2026-03-19T04:06:43.9982202Z INFO 03-19 04:06:43 [__init__.py:49] All plugins in this group will be loaded. Set `VLLM_PLUGINS` to control which plugins to load.
2026-03-19T04:06:44.0043111Z INFO 03-19 04:06:44 [__init__.py:212] Platform plugin ascend is activated
2026-03-19T04:06:44.3207545Z INFO 03-19 04:06:44 [__init__.py:44] Available plugins for group vllm.platform_plugins:
2026-03-19T04:06:44.3217784Z INFO 03-19 04:06:44 [__init__.py:46] - ascend -> vllm_ascend:register
2026-03-19T04:06:44.3228835Z INFO 03-19 04:06:44 [__init__.py:49] All plugins in this group will be loaded. Set `VLLM_PLUGINS` to control which plugins to load.
2026-03-19T04:06:44.3289606Z INFO 03-19 04:06:44 [__init__.py:212] Platform plugin ascend is activated
2026-03-19T04:06:49.4279006Z 2026-03-19 04:06:49,425 - 2763 - vllmProfiler - INFO - VLLM_USE_V1 not set, auto-detected via vLLM 0.17.0+empty: default 1
2026-03-19T04:06:49.4313686Z INFO 03-19 04:06:49 [__init__.py:108] Registered model loader `<class 'vllm_ascend.model_loader.netloader.netloader.ModelNetLoaderElastic'>` with load format `netloader`
2026-03-19T04:06:49.7535331Z 2026-03-19 04:06:49,751 - 2766 - vllmProfiler - INFO - VLLM_USE_V1 not set, auto-detected via vLLM 0.17.0+empty: default 1
2026-03-19T04:06:49.7572543Z INFO 03-19 04:06:49 [__init__.py:108] Registered model loader `<class 'vllm_ascend.model_loader.netloader.netloader.ModelNetLoaderElastic'>` with load format `netloader`
2026-03-19T04:06:51.0275379Z /usr/local/python3.11.14/lib/python3.11/site-packages/transformers/models/auto/image_processing_auto.py:647: FutureWarning: The image_processor_class argument is deprecated and will be removed in v4.42. Please use `slow_image_processor_class`, or `fast_image_processor_class` instead
2026-03-19T04:06:51.0283679Z   warnings.warn(
2026-03-19T04:06:51.3165879Z /usr/local/python3.11.14/lib/python3.11/site-packages/transformers/models/auto/image_processing_auto.py:647: FutureWarning: The image_processor_class argument is deprecated and will be removed in v4.42. Please use `slow_image_processor_class`, or `fast_image_processor_class` instead
2026-03-19T04:06:51.3174229Z   warnings.warn(
2026-03-19T04:06:51.3958560Z INFO 03-19 04:06:51 [ascend_config.py:448] Dynamic EPLB is False
2026-03-19T04:06:51.3968288Z INFO 03-19 04:06:51 [ascend_config.py:449] The number of redundant experts is 0
2026-03-19T04:06:51.6861708Z INFO 03-19 04:06:51 [ascend_config.py:448] Dynamic EPLB is False
2026-03-19T04:06:51.6870673Z INFO 03-19 04:06:51 [ascend_config.py:449] The number of redundant experts is 0
2026-03-19T04:06:53.1428369Z (Worker pid=2763) INFO 03-19 04:06:53 [parallel_state.py:1393] world_size=32 rank=2 local_rank=2 distributed_init_method=tcp://10.0.0.102:50999 backend=hccl
2026-03-19T04:06:53.4302129Z (Worker pid=2766) INFO 03-19 04:06:53 [parallel_state.py:1393] world_size=32 rank=10 local_rank=2 distributed_init_method=tcp://10.0.0.102:50999 backend=hccl
2026-03-19T04:06:53.9618643Z INFO 03-19 04:06:53 [__init__.py:44] Available plugins for group vllm.platform_plugins:
2026-03-19T04:06:53.9629000Z INFO 03-19 04:06:53 [__init__.py:46] - ascend -> vllm_ascend:register
2026-03-19T04:06:53.9640006Z INFO 03-19 04:06:53 [__init__.py:49] All plugins in this group will be loaded. Set `VLLM_PLUGINS` to control which plugins to load.
2026-03-19T04:06:53.9690753Z INFO 03-19 04:06:53 [__init__.py:212] Platform plugin ascend is activated
2026-03-19T04:06:54.4221150Z INFO 03-19 04:06:54 [__init__.py:44] Available plugins for group vllm.platform_plugins:
2026-03-19T04:06:54.4230981Z INFO 03-19 04:06:54 [__init__.py:46] - ascend -> vllm_ascend:register
2026-03-19T04:06:54.4241311Z INFO 03-19 04:06:54 [__init__.py:49] All plugins in this group will be loaded. Set `VLLM_PLUGINS` to control which plugins to load.
2026-03-19T04:06:54.4300470Z INFO 03-19 04:06:54 [__init__.py:212] Platform plugin ascend is activated
2026-03-19T04:06:59.6435126Z 2026-03-19 04:06:59,640 - 3321 - vllmProfiler - INFO - VLLM_USE_V1 not set, auto-detected via vLLM 0.17.0+empty: default 1
2026-03-19T04:06:59.6462520Z INFO 03-19 04:06:59 [__init__.py:108] Registered model loader `<class 'vllm_ascend.model_loader.netloader.netloader.ModelNetLoaderElastic'>` with load format `netloader`
2026-03-19T04:06:59.8249530Z 2026-03-19 04:06:59,822 - 3324 - vllmProfiler - INFO - VLLM_USE_V1 not set, auto-detected via vLLM 0.17.0+empty: default 1
2026-03-19T04:06:59.8284957Z INFO 03-19 04:06:59 [__init__.py:108] Registered model loader `<class 'vllm_ascend.model_loader.netloader.netloader.ModelNetLoaderElastic'>` with load format `netloader`
2026-03-19T04:07:01.3338772Z /usr/local/python3.11.14/lib/python3.11/site-packages/transformers/models/auto/image_processing_auto.py:647: FutureWarning: The image_processor_class argument is deprecated and will be removed in v4.42. Please use `slow_image_processor_class`, or `fast_image_processor_class` instead
2026-03-19T04:07:01.3347870Z   warnings.warn(
2026-03-19T04:07:01.3964110Z /usr/local/python3.11.14/lib/python3.11/site-packages/transformers/models/auto/image_processing_auto.py:647: FutureWarning: The image_processor_class argument is deprecated and will be removed in v4.42. Please use `slow_image_processor_class`, or `fast_image_processor_class` instead
2026-03-19T04:07:01.3972654Z   warnings.warn(
2026-03-19T04:07:01.7134465Z INFO 03-19 04:07:01 [ascend_config.py:448] Dynamic EPLB is False
2026-03-19T04:07:01.7142237Z INFO 03-19 04:07:01 [ascend_config.py:449] The number of redundant experts is 0
2026-03-19T04:07:01.7764975Z INFO 03-19 04:07:01 [ascend_config.py:448] Dynamic EPLB is False
2026-03-19T04:07:01.7774286Z INFO 03-19 04:07:01 [ascend_config.py:449] The number of redundant experts is 0
2026-03-19T04:07:03.4914321Z (Worker pid=3321) INFO 03-19 04:07:03 [parallel_state.py:1393] world_size=32 rank=3 local_rank=3 distributed_init_method=tcp://10.0.0.102:50999 backend=hccl
2026-03-19T04:07:03.5302199Z (Worker pid=3324) INFO 03-19 04:07:03 [parallel_state.py:1393] world_size=32 rank=11 local_rank=3 distributed_init_method=tcp://10.0.0.102:50999 backend=hccl
2026-03-19T04:07:04.2434425Z INFO 03-19 04:07:04 [__init__.py:44] Available plugins for group vllm.platform_plugins:
2026-03-19T04:07:04.2443762Z INFO 03-19 04:07:04 [__init__.py:46] - ascend -> vllm_ascend:register
2026-03-19T04:07:04.2453258Z INFO 03-19 04:07:04 [__init__.py:49] All plugins in this group will be loaded. Set `VLLM_PLUGINS` to control which plugins to load.
2026-03-19T04:07:04.2513744Z INFO 03-19 04:07:04 [__init__.py:212] Platform plugin ascend is activated
2026-03-19T04:07:04.4200927Z INFO 03-19 04:07:04 [__init__.py:44] Available plugins for group vllm.platform_plugins:
2026-03-19T04:07:04.4209029Z INFO 03-19 04:07:04 [__init__.py:46] - ascend -> vllm_ascend:register
2026-03-19T04:07:04.4220958Z INFO 03-19 04:07:04 [__init__.py:49] All plugins in this group will be loaded. Set `VLLM_PLUGINS` to control which plugins to load.
2026-03-19T04:07:04.4286727Z INFO 03-19 04:07:04 [__init__.py:212] Platform plugin ascend is activated
2026-03-19T04:07:09.6525954Z 2026-03-19 04:07:09,650 - 3879 - vllmProfiler - INFO - VLLM_USE_V1 not set, auto-detected via vLLM 0.17.0+empty: default 1
2026-03-19T04:07:09.6559321Z INFO 03-19 04:07:09 [__init__.py:108] Registered model loader `<class 'vllm_ascend.model_loader.netloader.netloader.ModelNetLoaderElastic'>` with load format `netloader`
2026-03-19T04:07:09.7827016Z 2026-03-19 04:07:09,780 - 3882 - vllmProfiler - INFO - VLLM_USE_V1 not set, auto-detected via vLLM 0.17.0+empty: default 1
2026-03-19T04:07:09.7862687Z INFO 03-19 04:07:09 [__init__.py:108] Registered model loader `<class 'vllm_ascend.model_loader.netloader.netloader.ModelNetLoaderElastic'>` with load format `netloader`
2026-03-19T04:07:11.3210386Z /usr/local/python3.11.14/lib/python3.11/site-packages/transformers/models/auto/image_processing_auto.py:647: FutureWarning: The image_processor_class argument is deprecated and will be removed in v4.42. Please use `slow_image_processor_class`, or `fast_image_processor_class` instead
2026-03-19T04:07:11.3222115Z   warnings.warn(
2026-03-19T04:07:11.3781277Z /usr/local/python3.11.14/lib/python3.11/site-packages/transformers/models/auto/image_processing_auto.py:647: FutureWarning: The image_processor_class argument is deprecated and will be removed in v4.42. Please use `slow_image_processor_class`, or `fast_image_processor_class` instead
2026-03-19T04:07:11.3789219Z   warnings.warn(
2026-03-19T04:07:11.6892365Z INFO 03-19 04:07:11 [ascend_config.py:448] Dynamic EPLB is False
2026-03-19T04:07:11.6899809Z INFO 03-19 04:07:11 [ascend_config.py:449] The number of redundant experts is 0
2026-03-19T04:07:11.7552561Z INFO 03-19 04:07:11 [ascend_config.py:448] Dynamic EPLB is False
2026-03-19T04:07:11.7562178Z INFO 03-19 04:07:11 [ascend_config.py:449] The number of redundant experts is 0
2026-03-19T04:07:13.5802055Z (Worker pid=3882) INFO 03-19 04:07:13 [parallel_state.py:1393] world_size=32 rank=12 local_rank=4 distributed_init_method=tcp://10.0.0.102:50999 backend=hccl
2026-03-19T04:07:13.5810912Z (Worker pid=3879) INFO 03-19 04:07:13 [parallel_state.py:1393] world_size=32 rank=4 local_rank=4 distributed_init_method=tcp://10.0.0.102:50999 backend=hccl
2026-03-19T04:07:14.2086988Z INFO 03-19 04:07:14 [__init__.py:44] Available plugins for group vllm.platform_plugins:
2026-03-19T04:07:14.2095489Z INFO 03-19 04:07:14 [__init__.py:46] - ascend -> vllm_ascend:register
2026-03-19T04:07:14.2106341Z INFO 03-19 04:07:14 [__init__.py:49] All plugins in this group will be loaded. Set `VLLM_PLUGINS` to control which plugins to load.
2026-03-19T04:07:14.2156738Z INFO 03-19 04:07:14 [__init__.py:212] Platform plugin ascend is activated
2026-03-19T04:07:14.5070695Z INFO 03-19 04:07:14 [__init__.py:44] Available plugins for group vllm.platform_plugins:
2026-03-19T04:07:14.5081307Z INFO 03-19 04:07:14 [__init__.py:46] - ascend -> vllm_ascend:register
2026-03-19T04:07:14.5092493Z INFO 03-19 04:07:14 [__init__.py:49] All plugins in this group will be loaded. Set `VLLM_PLUGINS` to control which plugins to load.
2026-03-19T04:07:14.5152549Z INFO 03-19 04:07:14 [__init__.py:212] Platform plugin ascend is activated
2026-03-19T04:07:19.6235080Z 2026-03-19 04:07:19,621 - 4437 - vllmProfiler - INFO - VLLM_USE_V1 not set, auto-detected via vLLM 0.17.0+empty: default 1
2026-03-19T04:07:19.6268864Z INFO 03-19 04:07:19 [__init__.py:108] Registered model loader `<class 'vllm_ascend.model_loader.netloader.netloader.ModelNetLoaderElastic'>` with load format `netloader`
2026-03-19T04:07:19.9355667Z 2026-03-19 04:07:19,933 - 4440 - vllmProfiler - INFO - VLLM_USE_V1 not set, auto-detected via vLLM 0.17.0+empty: default 1
2026-03-19T04:07:19.9396329Z INFO 03-19 04:07:19 [__init__.py:108] Registered model loader `<class 'vllm_ascend.model_loader.netloader.netloader.ModelNetLoaderElastic'>` with load format `netloader`
2026-03-19T04:07:21.1851232Z /usr/local/python3.11.14/lib/python3.11/site-packages/transformers/models/auto/image_processing_auto.py:647: FutureWarning: The image_processor_class argument is deprecated and will be removed in v4.42. Please use `slow_image_processor_class`, or `fast_image_processor_class` instead
2026-03-19T04:07:21.1863896Z   warnings.warn(
2026-03-19T04:07:21.5021117Z /usr/local/python3.11.14/lib/python3.11/site-packages/transformers/models/auto/image_processing_auto.py:647: FutureWarning: The image_processor_class argument is deprecated and will be removed in v4.42. Please use `slow_image_processor_class`, or `fast_image_processor_class` instead
2026-03-19T04:07:21.5023766Z   warnings.warn(
2026-03-19T04:07:21.5546998Z INFO 03-19 04:07:21 [ascend_config.py:448] Dynamic EPLB is False
2026-03-19T04:07:21.5561622Z INFO 03-19 04:07:21 [ascend_config.py:449] The number of redundant experts is 0
2026-03-19T04:07:21.8913908Z INFO 03-19 04:07:21 [ascend_config.py:448] Dynamic EPLB is False
2026-03-19T04:07:21.8925129Z INFO 03-19 04:07:21 [ascend_config.py:449] The number of redundant experts is 0
2026-03-19T04:07:23.3189360Z (Worker pid=4437) INFO 03-19 04:07:23 [parallel_state.py:1393] world_size=32 rank=5 local_rank=5 distributed_init_method=tcp://10.0.0.102:50999 backend=hccl
2026-03-19T04:07:23.6307413Z (Worker pid=4440) INFO 03-19 04:07:23 [parallel_state.py:1393] world_size=32 rank=13 local_rank=5 distributed_init_method=tcp://10.0.0.102:50999 backend=hccl
2026-03-19T04:07:24.1291426Z INFO 03-19 04:07:24 [__init__.py:44] Available plugins for group vllm.platform_plugins:
2026-03-19T04:07:24.1304324Z INFO 03-19 04:07:24 [__init__.py:46] - ascend -> vllm_ascend:register
2026-03-19T04:07:24.1317117Z INFO 03-19 04:07:24 [__init__.py:49] All plugins in this group will be loaded. Set `VLLM_PLUGINS` to control which plugins to load.
2026-03-19T04:07:24.1395404Z INFO 03-19 04:07:24 [__init__.py:212] Platform plugin ascend is activated
2026-03-19T04:07:24.6042008Z INFO 03-19 04:07:24 [__init__.py:44] Available plugins for group vllm.platform_plugins:
2026-03-19T04:07:24.6053309Z INFO 03-19 04:07:24 [__init__.py:46] - ascend -> vllm_ascend:register
2026-03-19T04:07:24.6064504Z INFO 03-19 04:07:24 [__init__.py:49] All plugins in this group will be loaded. Set `VLLM_PLUGINS` to control which plugins to load.
2026-03-19T04:07:24.6143052Z INFO 03-19 04:07:24 [__init__.py:212] Platform plugin ascend is activated
2026-03-19T04:07:29.5060782Z 2026-03-19 04:07:29,503 - 4995 - vllmProfiler - INFO - VLLM_USE_V1 not set, auto-detected via vLLM 0.17.0+empty: default 1
2026-03-19T04:07:29.5093874Z INFO 03-19 04:07:29 [__init__.py:108] Registered model loader `<class 'vllm_ascend.model_loader.netloader.netloader.ModelNetLoaderElastic'>` with load format `netloader`
2026-03-19T04:07:30.2515031Z 2026-03-19 04:07:30,249 - 4998 - vllmProfiler - INFO - VLLM_USE_V1 not set, auto-detected via vLLM 0.17.0+empty: default 1
2026-03-19T04:07:30.2582409Z INFO 03-19 04:07:30 [__init__.py:108] Registered model loader `<class 'vllm_ascend.model_loader.netloader.netloader.ModelNetLoaderElastic'>` with load format `netloader`
2026-03-19T04:07:31.0475930Z /usr/local/python3.11.14/lib/python3.11/site-packages/transformers/models/auto/image_processing_auto.py:647: FutureWarning: The image_processor_class argument is deprecated and will be removed in v4.42. Please use `slow_image_processor_class`, or `fast_image_processor_class` instead
2026-03-19T04:07:31.0485176Z   warnings.warn(
2026-03-19T04:07:31.4056767Z INFO 03-19 04:07:31 [ascend_config.py:448] Dynamic EPLB is False
2026-03-19T04:07:31.4066217Z INFO 03-19 04:07:31 [ascend_config.py:449] The number of redundant experts is 0
2026-03-19T04:07:31.8339696Z /usr/local/python3.11.14/lib/python3.11/site-packages/transformers/models/auto/image_processing_auto.py:647: FutureWarning: The image_processor_class argument is deprecated and will be removed in v4.42. Please use `slow_image_processor_class`, or `fast_image_processor_class` instead
2026-03-19T04:07:31.8349169Z   warnings.warn(
2026-03-19T04:07:32.2150279Z INFO 03-19 04:07:32 [ascend_config.py:448] Dynamic EPLB is False
2026-03-19T04:07:32.2160454Z INFO 03-19 04:07:32 [ascend_config.py:449] The number of redundant experts is 0
2026-03-19T04:07:33.1906273Z (Worker pid=4995) INFO 03-19 04:07:33 [parallel_state.py:1393] world_size=32 rank=6 local_rank=6 distributed_init_method=tcp://10.0.0.102:50999 backend=hccl
2026-03-19T04:07:33.9571452Z (Worker pid=4998) INFO 03-19 04:07:33 [parallel_state.py:1393] world_size=32 rank=14 local_rank=6 distributed_init_method=tcp://10.0.0.102:50999 backend=hccl
2026-03-19T04:07:34.0234023Z INFO 03-19 04:07:34 [__init__.py:44] Available plugins for group vllm.platform_plugins:
2026-03-19T04:07:34.0245017Z INFO 03-19 04:07:34 [__init__.py:46] - ascend -> vllm_ascend:register
2026-03-19T04:07:34.0256206Z INFO 03-19 04:07:34 [__init__.py:49] All plugins in this group will be loaded. Set `VLLM_PLUGINS` to control which plugins to load.
2026-03-19T04:07:34.0317958Z INFO 03-19 04:07:34 [__init__.py:212] Platform plugin ascend is activated
2026-03-19T04:07:34.5319918Z INFO 03-19 04:07:34 [__init__.py:44] Available plugins for group vllm.platform_plugins:
2026-03-19T04:07:34.5330429Z INFO 03-19 04:07:34 [__init__.py:46] - ascend -> vllm_ascend:register
2026-03-19T04:07:34.5343469Z INFO 03-19 04:07:34 [__init__.py:49] All plugins in this group will be loaded. Set `VLLM_PLUGINS` to control which plugins to load.
2026-03-19T04:07:34.5389582Z INFO 03-19 04:07:34 [__init__.py:212] Platform plugin ascend is activated
2026-03-19T04:07:39.3612763Z 2026-03-19 04:07:39,359 - 5553 - vllmProfiler - INFO - VLLM_USE_V1 not set, auto-detected via vLLM 0.17.0+empty: default 1
2026-03-19T04:07:39.3664069Z INFO 03-19 04:07:39 [__init__.py:108] Registered model loader `<class 'vllm_ascend.model_loader.netloader.netloader.ModelNetLoaderElastic'>` with load format `netloader`
2026-03-19T04:07:39.8442063Z 2026-03-19 04:07:39,842 - 5620 - vllmProfiler - INFO - VLLM_USE_V1 not set, auto-detected via vLLM 0.17.0+empty: default 1
2026-03-19T04:07:39.8478042Z INFO 03-19 04:07:39 [__init__.py:108] Registered model loader `<class 'vllm_ascend.model_loader.netloader.netloader.ModelNetLoaderElastic'>` with load format `netloader`
2026-03-19T04:07:40.9443306Z /usr/local/python3.11.14/lib/python3.11/site-packages/transformers/models/auto/image_processing_auto.py:647: FutureWarning: The image_processor_class argument is deprecated and will be removed in v4.42. Please use `slow_image_processor_class`, or `fast_image_processor_class` instead
2026-03-19T04:07:40.9452705Z   warnings.warn(
2026-03-19T04:07:41.3035841Z INFO 03-19 04:07:41 [ascend_config.py:448] Dynamic EPLB is False
2026-03-19T04:07:41.3045876Z INFO 03-19 04:07:41 [ascend_config.py:449] The number of redundant experts is 0
2026-03-19T04:07:41.4011394Z /usr/local/python3.11.14/lib/python3.11/site-packages/transformers/models/auto/image_processing_auto.py:647: FutureWarning: The image_processor_class argument is deprecated and will be removed in v4.42. Please use `slow_image_processor_class`, or `fast_image_processor_class` instead
2026-03-19T04:07:41.4018833Z   warnings.warn(
2026-03-19T04:07:41.7746227Z INFO 03-19 04:07:41 [ascend_config.py:448] Dynamic EPLB is False
2026-03-19T04:07:41.7754253Z INFO 03-19 04:07:41 [ascend_config.py:449] The number of redundant experts is 0
2026-03-19T04:07:43.0049702Z (Worker pid=5553) INFO 03-19 04:07:43 [parallel_state.py:1393] world_size=32 rank=7 local_rank=7 distributed_init_method=tcp://10.0.0.102:50999 backend=hccl
2026-03-19T04:07:43.5116162Z (Worker pid=5620) INFO 03-19 04:07:43 [parallel_state.py:1393] world_size=32 rank=15 local_rank=7 distributed_init_method=tcp://10.0.0.102:50999 backend=hccl
2026-03-19T04:07:44.2137777Z [Gloo] Rank 1 is connected to 31 peer ranks. Expected number of connected peer ranks is : 31
2026-03-19T04:07:44.2155517Z [Gloo] Rank 12 is connected to 31 peer ranks. Expected number of connected peer ranks is : 31
2026-03-19T04:07:44.2166100Z [Gloo] Rank 3 is connected to 31 peer ranks. Expected number of connected peer ranks is : 31
2026-03-19T04:07:44.2176852Z [Gloo] Rank 9 is connected to 31 peer ranks. Expected number of connected peer ranks is : 31
2026-03-19T04:07:44.2746004Z [Gloo] Rank 0 is connected to 31 peer ranks. Expected number of connected peer ranks is : 31
2026-03-19T04:07:44.2770420Z [Gloo] Rank 4 is connected to 31 peer ranks. Expected number of connected peer ranks is : 31
2026-03-19T04:07:44.2785975Z [Gloo] Rank 5 is connected to 31 peer ranks. Expected number of connected peer ranks is : 31
2026-03-19T04:07:44.2797407Z [Gloo] Rank 2 is connected to 31 peer ranks. Expected number of connected peer ranks is : 31
2026-03-19T04:07:44.2808588Z [Gloo] Rank 8 is connected to 31 peer ranks. Expected number of connected peer ranks is : 31
2026-03-19T04:07:44.2820553Z [Gloo] Rank 6 is connected to 31 peer ranks. Expected number of connected peer ranks is : 31
2026-03-19T04:07:44.2831605Z [Gloo] Rank 11 is connected to 31 peer ranks. Expected number of connected peer ranks is : 31
2026-03-19T04:07:44.2843649Z [Gloo] Rank 7 is connected to 31 peer ranks. Expected number of connected peer ranks is : 31
2026-03-19T04:07:44.2856041Z [Gloo] Rank 13 is connected to 31 peer ranks. Expected number of connected peer ranks is : 31
2026-03-19T04:07:44.2868028Z [Gloo] Rank 10 is connected to 31 peer ranks. Expected number of connected peer ranks is : 31
2026-03-19T04:07:44.2878487Z [Gloo] Rank 15 is connected to 31 peer ranks. Expected number of connected peer ranks is : 31
2026-03-19T04:07:44.2890109Z [Gloo] Rank 14 is connected to 31 peer ranks. Expected number of connected peer ranks is : 31
2026-03-19T04:07:44.3250495Z [Gloo] Rank 0 is connected to 7 peer ranks. Expected number of connected peer ranks is : 7
2026-03-19T04:07:44.3262134Z [Gloo] Rank 4 is connected to 7 peer ranks. Expected number of connected peer ranks is : 7
2026-03-19T04:07:44.3272081Z [Gloo] Rank 0 is connected to 7 peer ranks. Expected number of connected peer ranks is : 7
2026-03-19T04:07:44.3282539Z [Gloo] Rank 1 is connected to 7 peer ranks. Expected number of connected peer ranks is : 7
2026-03-19T04:07:44.3293585Z [Gloo] Rank 1 is connected to 7 peer ranks. Expected number of connected peer ranks is : 7
2026-03-19T04:07:44.3305712Z [Gloo] Rank 2 is connected to 7 peer ranks. Expected number of connected peer ranks is : 7
2026-03-19T04:07:44.3317131Z [Gloo] Rank 4 is connected to 7 peer ranks. Expected number of connected peer ranks is : 7
2026-03-19T04:07:44.3329365Z [Gloo] Rank 3 is connected to 7 peer ranks. Expected number of connected peer ranks is : 7
2026-03-19T04:07:44.3342022Z [Gloo] Rank 3 is connected to 7 peer ranks. Expected number of connected peer ranks is : 7
2026-03-19T04:07:44.3366590Z [Gloo] Rank 5 is connected to 7 peer ranks. Expected number of connected peer ranks is : 7
2026-03-19T04:07:44.3378333Z [Gloo] Rank 6 is connected to 7 peer ranks. Expected number of connected peer ranks is : 7
2026-03-19T04:07:44.3388971Z [Gloo] Rank 2 is connected to 7 peer ranks. Expected number of connected peer ranks is : 7
2026-03-19T04:07:44.3398929Z [Gloo] Rank 7 is connected to 7 peer ranks. Expected number of connected peer ranks is : 7
2026-03-19T04:07:44.3409644Z [Gloo] Rank 6 is connected to 7 peer ranks. Expected number of connected peer ranks is : 7
2026-03-19T04:07:44.3420412Z [Gloo] Rank 5 is connected to 7 peer ranks. Expected number of connected peer ranks is : 7
2026-03-19T04:07:44.3430184Z [Gloo] Rank 7 is connected to 7 peer ranks. Expected number of connected peer ranks is : 7
2026-03-19T04:07:44.3440098Z [Gloo] Rank 0 is connected to 0 peer ranks. Expected number of connected peer ranks is : 0
2026-03-19T04:07:44.3450617Z [Gloo] Rank 0 is connected to 0 peer ranks. Expected number of connected peer ranks is : 0
2026-03-19T04:07:44.3461179Z [Gloo] Rank 0 is connected to 0 peer ranks. Expected number of connected peer ranks is : 0
2026-03-19T04:07:44.3472086Z [Gloo] Rank 0 is connected to 0 peer ranks. Expected number of connected peer ranks is : 0
2026-03-19T04:07:44.3483681Z [Gloo] Rank 0 is connected to 0 peer ranks. Expected number of connected peer ranks is : 0
2026-03-19T04:07:44.3494802Z [Gloo] Rank 0 is connected to 0 peer ranks. Expected number of connected peer ranks is : 0
2026-03-19T04:07:44.3515325Z [Gloo] Rank 0 is connected to 0 peer ranks. Expected number of connected peer ranks is : 0
2026-03-19T04:07:44.3528375Z [Gloo] Rank 0 is connected to 0 peer ranks. Expected number of connected peer ranks is : 0
2026-03-19T04:07:44.3538697Z [Gloo] Rank 0 is connected to 0 peer ranks. Expected number of connected peer ranks is : 0
2026-03-19T04:07:44.3550000Z [Gloo] Rank 0 is connected to 0 peer ranks. Expected number of connected peer ranks is : 0
2026-03-19T04:07:44.3560826Z [Gloo] Rank 0 is connected to 0 peer ranks. Expected number of connected peer ranks is : 0
2026-03-19T04:07:44.3571625Z [Gloo] Rank 0 is connected to 0 peer ranks. Expected number of connected peer ranks is : 0
2026-03-19T04:07:44.3581900Z [Gloo] Rank 0 is connected to 0 peer ranks. Expected number of connected peer ranks is : 0
2026-03-19T04:07:44.3591958Z [Gloo] Rank 0 is connected to 0 peer ranks. Expected number of connected peer ranks is : 0
2026-03-19T04:07:44.3602559Z [Gloo] Rank 0 is connected to 0 peer ranks. Expected number of connected peer ranks is : 0
2026-03-19T04:07:44.3613276Z [Gloo] Rank 0 is connected to 0 peer ranks. Expected number of connected peer ranks is : 0
2026-03-19T04:07:44.3623358Z [Gloo] Rank 0 is connected to 0 peer ranks. Expected number of connected peer ranks is : 0
2026-03-19T04:07:44.3633202Z [Gloo] Rank 0 is connected to 0 peer ranks. Expected number of connected peer ranks is : 0
2026-03-19T04:07:44.3643931Z [Gloo] Rank 0 is connected to 0 peer ranks. Expected number of connected peer ranks is : 0
2026-03-19T04:07:44.3655021Z [Gloo] Rank 0 is connected to 0 peer ranks. Expected number of connected peer ranks is : 0
2026-03-19T04:07:44.3665896Z [Gloo] Rank 0 is connected to 0 peer ranks. Expected number of connected peer ranks is : 0
2026-03-19T04:07:44.3676301Z [Gloo] Rank 0 is connected to 0 peer ranks. Expected number of connected peer ranks is : 0
2026-03-19T04:07:44.3686956Z [Gloo] Rank 0 is connected to 0 peer ranks. Expected number of connected peer ranks is : 0
2026-03-19T04:07:44.3699774Z [Gloo] Rank 0 is connected to 0 peer ranks. Expected number of connected peer ranks is : 0
2026-03-19T04:07:44.3709081Z [Gloo] Rank 0 is connected to 0 peer ranks. Expected number of connected peer ranks is : 0
2026-03-19T04:07:44.3718275Z [Gloo] Rank 0 is connected to 0 peer ranks. Expected number of connected peer ranks is : 0
2026-03-19T04:07:44.3728183Z [Gloo] Rank 0 is connected to 0 peer ranks. Expected number of connected peer ranks is : 0
2026-03-19T04:07:44.3739048Z [Gloo] Rank 0 is connected to 0 peer ranks. Expected number of connected peer ranks is : 0
2026-03-19T04:07:44.3756623Z [Gloo] Rank 0 is connected to 0 peer ranks. Expected number of connected peer ranks is : 0
2026-03-19T04:07:44.3768197Z [Gloo] Rank 0 is connected to 0 peer ranks. Expected number of connected peer ranks is : 0
2026-03-19T04:07:44.3778941Z [Gloo] Rank 0 is connected to 0 peer ranks. Expected number of connected peer ranks is : 0
2026-03-19T04:07:44.3794482Z [Gloo] Rank 0 is connected to 0 peer ranks. Expected number of connected peer ranks is : 0
2026-03-19T04:07:44.3811852Z [Gloo] Rank 0 is connected to 0 peer ranks. Expected number of connected peer ranks is : 0
2026-03-19T04:07:44.3824129Z [Gloo] Rank 0 is connected to 0 peer ranks. Expected number of connected peer ranks is : 0
2026-03-19T04:07:44.3843411Z [Gloo] Rank 0 is connected to 0 peer ranks. Expected number of connected peer ranks is : 0
2026-03-19T04:07:44.3855218Z [Gloo] Rank 0 is connected to 0 peer ranks. Expected number of connected peer ranks is : 0
2026-03-19T04:07:44.3866832Z [Gloo] Rank 0 is connected to 0 peer ranks. Expected number of connected peer ranks is : 0
2026-03-19T04:07:44.3877521Z [Gloo] Rank 0 is connected to 0 peer ranks. Expected number of connected peer ranks is : 0
2026-03-19T04:07:44.3888501Z [Gloo] Rank 0 is connected to 0 peer ranks. Expected number of connected peer ranks is : 0
2026-03-19T04:07:44.3898798Z [Gloo] Rank 0 is connected to 0 peer ranks. Expected number of connected peer ranks is : 0
2026-03-19T04:07:44.3909785Z [Gloo] Rank 0 is connected to 0 peer ranks. Expected number of connected peer ranks is : 0
2026-03-19T04:07:44.3920467Z [Gloo] Rank 0 is connected to 0 peer ranks. Expected number of connected peer ranks is : 0
2026-03-19T04:07:44.3931582Z [Gloo] Rank 0 is connected to 0 peer ranks. Expected number of connected peer ranks is : 0
2026-03-19T04:07:44.3941918Z [Gloo] Rank 0 is connected to 0 peer ranks. Expected number of connected peer ranks is : 0
2026-03-19T04:07:44.3952456Z [Gloo] Rank 0 is connected to 0 peer ranks. Expected number of connected peer ranks is : 0
2026-03-19T04:07:44.3963104Z [Gloo] Rank 0 is connected to 0 peer ranks. Expected number of connected peer ranks is : 0
2026-03-19T04:07:44.3973773Z [Gloo] Rank 0 is connected to 0 peer ranks. Expected number of connected peer ranks is : 0
2026-03-19T04:07:44.3984154Z [Gloo] Rank 0 is connected to 0 peer ranks. Expected number of connected peer ranks is : 0
2026-03-19T04:07:44.4250268Z [Gloo] Rank 0 is connected to 3 peer ranks. Expected number of connected peer ranks is : 3
2026-03-19T04:07:44.4261717Z [Gloo] Rank 0 is connected to 3 peer ranks. Expected number of connected peer ranks is : 3
2026-03-19T04:07:44.4282936Z [Gloo] Rank 0 is connected to 3 peer ranks. Expected number of connected peer ranks is : 3
2026-03-19T04:07:44.4297588Z [Gloo] Rank 1 is connected to 3 peer ranks. Expected number of connected peer ranks is : 3
2026-03-19T04:07:44.4308582Z [Gloo] Rank 1 is connected to 3 peer ranks. Expected number of connected peer ranks is : 3
2026-03-19T04:07:44.4320544Z [Gloo] Rank 1 is connected to 3 peer ranks. Expected number of connected peer ranks is : 3
2026-03-19T04:07:44.4331522Z [Gloo] Rank 0 is connected to 3 peer ranks. Expected number of connected peer ranks is : 3
2026-03-19T04:07:44.4342784Z [Gloo] Rank 1 is connected to 3 peer ranks. Expected number of connected peer ranks is : 3
2026-03-19T04:07:44.4352914Z [Gloo] Rank 0 is connected to 3 peer ranks. Expected number of connected peer ranks is : 3
2026-03-19T04:07:44.4362621Z [Gloo] Rank 1 is connected to 3 peer ranks. Expected number of connected peer ranks is : 3
2026-03-19T04:07:44.4372715Z [Gloo] Rank 0 is connected to 3 peer ranks. Expected number of connected peer ranks is : 3
2026-03-19T04:07:44.4383211Z [Gloo] Rank 1 is connected to 3 peer ranks. Expected number of connected peer ranks is : 3
2026-03-19T04:07:44.4393554Z [Gloo] Rank 0 is connected to 3 peer ranks. Expected number of connected peer ranks is : 3
2026-03-19T04:07:44.4403544Z [Gloo] Rank 1 is connected to 3 peer ranks. Expected number of connected peer ranks is : 3
2026-03-19T04:07:44.4413534Z [Gloo] Rank 0 is connected to 3 peer ranks. Expected number of connected peer ranks is : 3
2026-03-19T04:07:44.4423772Z [Gloo] Rank 1 is connected to 3 peer ranks. Expected number of connected peer ranks is : 3
2026-03-19T04:07:44.4662832Z [Gloo] Rank 0 is connected to 31 peer ranks. Expected number of connected peer ranks is : 31
2026-03-19T04:07:44.4677438Z [Gloo] Rank 1 is connected to 31 peer ranks. Expected number of connected peer ranks is : 31
2026-03-19T04:07:44.4689378Z [Gloo] Rank 2 is connected to 31 peer ranks. Expected number of connected peer ranks is : 31
2026-03-19T04:07:44.4701880Z [Gloo] Rank 3 is connected to 31 peer ranks. Expected number of connected peer ranks is : 31
2026-03-19T04:07:44.4713398Z (Worker pid=1380) INFO 03-19 04:07:44 [parallel_state.py:1715] rank 0 in world size 32 is assigned as DP rank 0, PP rank 0, PCP rank 0, TP rank 0, EP rank 0, EPLB rank N/A
2026-03-19T04:07:44.4725159Z [Gloo] Rank 4 is connected to 31 peer ranks. Expected number of connected peer ranks is : 31
2026-03-19T04:07:44.4736801Z (Worker pid=2195) INFO 03-19 04:07:44 [parallel_state.py:1715] rank 1 in world size 32 is assigned as DP rank 0, PP rank 0, PCP rank 0, TP rank 1, EP rank 1, EPLB rank N/A
2026-03-19T04:07:44.4749094Z (Worker pid=2763) INFO 03-19 04:07:44 [parallel_state.py:1715] rank 2 in world size 32 is assigned as DP rank 0, PP rank 0, PCP rank 0, TP rank 2, EP rank 2, EPLB rank N/A
2026-03-19T04:07:44.4760281Z [Gloo] Rank 5 is connected to 31 peer ranks. Expected number of connected peer ranks is : 31
2026-03-19T04:07:44.4772099Z (Worker pid=3321) INFO 03-19 04:07:44 [parallel_state.py:1715] rank 3 in world size 32 is assigned as DP rank 0, PP rank 0, PCP rank 0, TP rank 3, EP rank 3, EPLB rank N/A
2026-03-19T04:07:44.4784262Z [Gloo] Rank 6 is connected to 31 peer ranks. Expected number of connected peer ranks is : 31
2026-03-19T04:07:44.4795727Z (Worker pid=3879) INFO 03-19 04:07:44 [parallel_state.py:1715] rank 4 in world size 32 is assigned as DP rank 0, PP rank 0, PCP rank 0, TP rank 4, EP rank 4, EPLB rank N/A
2026-03-19T04:07:44.4806784Z [Gloo] Rank 7 is connected to 31 peer ranks. Expected number of connected peer ranks is : 31
2026-03-19T04:07:44.4818432Z (Worker pid=4437) INFO 03-19 04:07:44 [parallel_state.py:1715] rank 5 in world size 32 is assigned as DP rank 0, PP rank 0, PCP rank 0, TP rank 5, EP rank 5, EPLB rank N/A
2026-03-19T04:07:44.4830211Z [Gloo] Rank 8 is connected to 31 peer ranks. Expected number of connected peer ranks is : 31
2026-03-19T04:07:44.4841664Z (Worker pid=4995) INFO 03-19 04:07:44 [parallel_state.py:1715] rank 6 in world size 32 is assigned as DP rank 0, PP rank 0, PCP rank 0, TP rank 6, EP rank 6, EPLB rank N/A
2026-03-19T04:07:44.4852399Z [Gloo] Rank 9 is connected to 31 peer ranks. Expected number of connected peer ranks is : 31
2026-03-19T04:07:44.4864521Z [Gloo] Rank 10 is connected to 31 peer ranks. Expected number of connected peer ranks is : 31
2026-03-19T04:07:44.4876376Z (Worker pid=5553) INFO 03-19 04:07:44 [parallel_state.py:1715] rank 7 in world size 32 is assigned as DP rank 0, PP rank 0, PCP rank 0, TP rank 7, EP rank 7, EPLB rank N/A
2026-03-19T04:07:44.4888154Z (Worker pid=1381) INFO 03-19 04:07:44 [parallel_state.py:1715] rank 8 in world size 32 is assigned as DP rank 1, PP rank 0, PCP rank 0, TP rank 0, EP rank 8, EPLB rank N/A
2026-03-19T04:07:44.4899803Z [Gloo] Rank 11 is connected to 31 peer ranks. Expected number of connected peer ranks is : 31
2026-03-19T04:07:44.4911100Z (Worker pid=2198) INFO 03-19 04:07:44 [parallel_state.py:1715] rank 9 in world size 32 is assigned as DP rank 1, PP rank 0, PCP rank 0, TP rank 1, EP rank 9, EPLB rank N/A
2026-03-19T04:07:44.4921773Z [Gloo] Rank 12 is connected to 31 peer ranks. Expected number of connected peer ranks is : 31
2026-03-19T04:07:44.4933001Z (Worker pid=2766) INFO 03-19 04:07:44 [parallel_state.py:1715] rank 10 in world size 32 is assigned as DP rank 1, PP rank 0, PCP rank 0, TP rank 2, EP rank 10, EPLB rank N/A
2026-03-19T04:07:44.4943581Z [Gloo] Rank 13 is connected to 31 peer ranks. Expected number of connected peer ranks is : 31
2026-03-19T04:07:44.4954569Z (Worker pid=3324) INFO 03-19 04:07:44 [parallel_state.py:1715] rank 11 in world size 32 is assigned as DP rank 1, PP rank 0, PCP rank 0, TP rank 3, EP rank 11, EPLB rank N/A
2026-03-19T04:07:44.4964594Z [Gloo] Rank 14 is connected to 31 peer ranks. Expected number of connected peer ranks is : 31
2026-03-19T04:07:44.4975362Z (Worker pid=3882) INFO 03-19 04:07:44 [parallel_state.py:1715] rank 12 in world size 32 is assigned as DP rank 1, PP rank 0, PCP rank 0, TP rank 4, EP rank 12, EPLB rank N/A
2026-03-19T04:07:44.4987549Z (Worker pid=4440) INFO 03-19 04:07:44 [parallel_state.py:1715] rank 13 in world size 32 is assigned as DP rank 1, PP rank 0, PCP rank 0, TP rank 5, EP rank 13, EPLB rank N/A
2026-03-19T04:07:44.4997838Z [Gloo] Rank 15 is connected to 31 peer ranks. Expected number of connected peer ranks is : 31
2026-03-19T04:07:44.5009586Z (Worker pid=5620) INFO 03-19 04:07:44 [parallel_state.py:1715] rank 15 in world size 32 is assigned as DP rank 1, PP rank 0, PCP rank 0, TP rank 7, EP rank 15, EPLB rank N/A
2026-03-19T04:07:44.5021065Z (Worker pid=4998) INFO 03-19 04:07:44 [parallel_state.py:1715] rank 14 in world size 32 is assigned as DP rank 1, PP rank 0, PCP rank 0, TP rank 6, EP rank 14, EPLB rank N/A
2026-03-19T04:07:44.5083103Z [Gloo] Rank 0 is connected to 31 peer ranks. Expected number of connected peer ranks is : 31
2026-03-19T04:07:44.5106505Z [Gloo] Rank 1 is connected to 31 peer ranks. Expected number of connected peer ranks is : 31
2026-03-19T04:07:44.5118496Z [Gloo] Rank 2 is connected to 31 peer ranks. Expected number of connected peer ranks is : 31
2026-03-19T04:07:44.5130179Z [Gloo] Rank 3 is connected to 31 peer ranks. Expected number of connected peer ranks is : 31
2026-03-19T04:07:44.5141694Z [Gloo] Rank 4 is connected to 31 peer ranks. Expected number of connected peer ranks is : 31
2026-03-19T04:07:44.5153125Z [Gloo] Rank 5 is connected to 31 peer ranks. Expected number of connected peer ranks is : 31
2026-03-19T04:07:44.5163922Z [Gloo] Rank 6 is connected to 31 peer ranks. Expected number of connected peer ranks is : 31
2026-03-19T04:07:44.5175401Z [Gloo] Rank 7 is connected to 31 peer ranks. Expected number of connected peer ranks is : 31
2026-03-19T04:07:44.5186988Z [Gloo] Rank 8 is connected to 31 peer ranks. Expected number of connected peer ranks is : 31
2026-03-19T04:07:44.5198695Z [Gloo] Rank 9 is connected to 31 peer ranks. Expected number of connected peer ranks is : 31
2026-03-19T04:07:44.5210441Z [Gloo] Rank 10 is connected to 31 peer ranks. Expected number of connected peer ranks is : 31
2026-03-19T04:07:44.5221406Z [Gloo] Rank 11 is connected to 31 peer ranks. Expected number of connected peer ranks is : 31
2026-03-19T04:07:44.5232750Z [Gloo] Rank 12 is connected to 31 peer ranks. Expected number of connected peer ranks is : 31
2026-03-19T04:07:44.5244118Z [Gloo] Rank 13 is connected to 31 peer ranks. Expected number of connected peer ranks is : 31
2026-03-19T04:07:44.5255119Z [Gloo] Rank 14 is connected to 31 peer ranks. Expected number of connected peer ranks is : 31
2026-03-19T04:07:44.5266168Z [Gloo] Rank 15 is connected to 31 peer ranks. Expected number of connected peer ranks is : 31
2026-03-19T04:07:47.8594673Z (Worker pid=4440) INFO 03-19 04:07:47 [cpu_binding.py:320] [cpu_bind_mode] mode=global_slice rank=5 visible_npus=[8, 9, 10, 11, 12, 13, 14, 15]
2026-03-19T04:07:47.8606034Z (Worker pid=4440) INFO 03-19 04:07:47 [cpu_binding.py:367] The CPU allocation plan is as follows:
2026-03-19T04:07:47.8619804Z (Worker pid=4440) INFO 03-19 04:07:47 [cpu_binding.py:372] NPU13: main=[262 263 264 265 266 267 268 269 270 271 272 273 274 275 276 277]  acl=[278]  release=[[279]]
2026-03-19T04:07:48.0539364Z (Worker pid=4440) INFO 03-19 04:07:48 [cpu_binding.py:383] The 'migratepages' command is not available, skipping memory binding.
2026-03-19T04:07:48.1121690Z (Worker pid=5553) INFO 03-19 04:07:48 [cpu_binding.py:320] [cpu_bind_mode] mode=global_slice rank=7 visible_npus=[0, 1, 2, 3, 4, 5, 6, 7]
2026-03-19T04:07:48.1139318Z (Worker pid=5553) INFO 03-19 04:07:48 [cpu_binding.py:367] The CPU allocation plan is as follows:
2026-03-19T04:07:48.1151257Z (Worker pid=5553) INFO 03-19 04:07:48 [cpu_binding.py:372] NPU7: main=[142 143 144 145 146 147 148 149 150 151 152 153 154 155 156 157]  acl=[158]  release=[[159]]
2026-03-19T04:07:48.1229050Z (Worker pid=4440) INFO 03-19 04:07:48 [base.py:106] Offloader set to NoopOffloader
2026-03-19T04:07:48.1708065Z (Worker pid=4440) (Worker_DP1_TP5_EP13 pid=4440) INFO 03-19 04:07:48 [model_runner_v1.py:2543] Starting to load model /root/.cache/modelscope/hub/models/vllm-ascend/Kimi-K2-Instruct-W8A8...
2026-03-19T04:07:48.2322680Z (Worker pid=3882) INFO 03-19 04:07:48 [cpu_binding.py:320] [cpu_bind_mode] mode=global_slice rank=4 visible_npus=[8, 9, 10, 11, 12, 13, 14, 15]
2026-03-19T04:07:48.2343447Z (Worker pid=3882) INFO 03-19 04:07:48 [cpu_binding.py:367] The CPU allocation plan is as follows:
2026-03-19T04:07:48.2355667Z (Worker pid=3882) INFO 03-19 04:07:48 [cpu_binding.py:372] NPU12: main=[242 243 244 245 246 247 248 249 250 251 252 253 254 255 256 257]  acl=[258]  release=[[259]]
2026-03-19T04:07:48.2895412Z (Worker pid=5553) INFO 03-19 04:07:48 [cpu_binding.py:383] The 'migratepages' command is not available, skipping memory binding.
2026-03-19T04:07:48.3499737Z (Worker pid=5553) INFO 03-19 04:07:48 [base.py:106] Offloader set to NoopOffloader
2026-03-19T04:07:48.3853911Z (Worker pid=5553) (Worker_DP0_TP7_EP7 pid=5553) INFO 03-19 04:07:48 [model_runner_v1.py:2543] Starting to load model /root/.cache/modelscope/hub/models/vllm-ascend/Kimi-K2-Instruct-W8A8...
2026-03-19T04:07:48.3956913Z (Worker pid=3882) INFO 03-19 04:07:48 [cpu_binding.py:383] The 'migratepages' command is not available, skipping memory binding.
2026-03-19T04:07:48.4615409Z (Worker pid=3882) INFO 03-19 04:07:48 [base.py:106] Offloader set to NoopOffloader
2026-03-19T04:07:48.4928741Z (Worker pid=3882) (Worker_DP1_TP4_EP12 pid=3882) INFO 03-19 04:07:48 [model_runner_v1.py:2543] Starting to load model /root/.cache/modelscope/hub/models/vllm-ascend/Kimi-K2-Instruct-W8A8...
2026-03-19T04:07:48.5712924Z (Worker pid=2195) INFO 03-19 04:07:48 [cpu_binding.py:320] [cpu_bind_mode] mode=global_slice rank=1 visible_npus=[0, 1, 2, 3, 4, 5, 6, 7]
2026-03-19T04:07:48.5718448Z (Worker pid=2195) INFO 03-19 04:07:48 [cpu_binding.py:367] The CPU allocation plan is as follows:
2026-03-19T04:07:48.5729504Z (Worker pid=2195) INFO 03-19 04:07:48 [cpu_binding.py:372] NPU1: main=[22 23 24 25 26 27 28 29 30 31 32 33 34 35 36 37]  acl=[38]  release=[[39]]
2026-03-19T04:07:48.7856791Z (Worker pid=2195) INFO 03-19 04:07:48 [cpu_binding.py:383] The 'migratepages' command is not available, skipping memory binding.
2026-03-19T04:07:48.8423476Z (Worker pid=2195) INFO 03-19 04:07:48 [base.py:106] Offloader set to NoopOffloader
2026-03-19T04:07:48.8486612Z (Worker pid=2766) INFO 03-19 04:07:48 [cpu_binding.py:320] [cpu_bind_mode] mode=global_slice rank=2 visible_npus=[8, 9, 10, 11, 12, 13, 14, 15]
2026-03-19T04:07:48.8488188Z (Worker pid=2766) INFO 03-19 04:07:48 [cpu_binding.py:367] The CPU allocation plan is as follows:
2026-03-19T04:07:48.8488958Z (Worker pid=2766) INFO 03-19 04:07:48 [cpu_binding.py:372] NPU10: main=[202 203 204 205 206 207 208 209 210 211 212 213 214 215 216 217]  acl=[218]  release=[[219]]
2026-03-19T04:07:48.8761252Z (Worker pid=2195) (Worker_DP0_TP1_EP1 pid=2195) INFO 03-19 04:07:48 [model_runner_v1.py:2543] Starting to load model /root/.cache/modelscope/hub/models/vllm-ascend/Kimi-K2-Instruct-W8A8...
2026-03-19T04:07:49.0531440Z (Worker pid=2763) INFO 03-19 04:07:49 [cpu_binding.py:320] [cpu_bind_mode] mode=global_slice rank=2 visible_npus=[0, 1, 2, 3, 4, 5, 6, 7]
2026-03-19T04:07:49.0543874Z (Worker pid=2763) INFO 03-19 04:07:49 [cpu_binding.py:367] The CPU allocation plan is as follows:
2026-03-19T04:07:49.0555052Z (Worker pid=2763) INFO 03-19 04:07:49 [cpu_binding.py:372] NPU2: main=[42 43 44 45 46 47 48 49 50 51 52 53 54 55 56 57]  acl=[58]  release=[[59]]
2026-03-19T04:07:49.0751052Z (Worker pid=2766) INFO 03-19 04:07:49 [cpu_binding.py:383] The 'migratepages' command is not available, skipping memory binding.
2026-03-19T04:07:49.1363657Z (Worker pid=2766) INFO 03-19 04:07:49 [base.py:106] Offloader set to NoopOffloader
2026-03-19T04:07:49.1643730Z (Worker pid=4998) INFO 03-19 04:07:49 [cpu_binding.py:320] [cpu_bind_mode] mode=global_slice rank=6 visible_npus=[8, 9, 10, 11, 12, 13, 14, 15]
2026-03-19T04:07:49.1656730Z (Worker pid=4998) INFO 03-19 04:07:49 [cpu_binding.py:367] The CPU allocation plan is as follows:
2026-03-19T04:07:49.1668614Z (Worker pid=4998) INFO 03-19 04:07:49 [cpu_binding.py:372] NPU14: main=[282 283 284 285 286 287 288 289 290 291 292 293 294 295 296 297]  acl=[298]  release=[[299]]
2026-03-19T04:07:49.1865721Z (Worker pid=2766) (Worker_DP1_TP2_EP10 pid=2766) INFO 03-19 04:07:49 [model_runner_v1.py:2543] Starting to load model /root/.cache/modelscope/hub/models/vllm-ascend/Kimi-K2-Instruct-W8A8...
2026-03-19T04:07:49.2647519Z (Worker pid=2763) INFO 03-19 04:07:49 [cpu_binding.py:383] The 'migratepages' command is not available, skipping memory binding.
2026-03-19T04:07:49.2732061Z (Worker pid=4440) (Worker_DP1_TP5_EP13 pid=4440) INFO 03-19 04:07:49 [layer.py:456] [EP Rank 13/32] Expert parallelism is enabled. Expert placement strategy: linear. Local/global number of experts: 12/384. Experts local to global index map: 0->156, 1->157, 2->158, 3->159, 4->160, 5->161, 6->162, 7->163, 8->164, 9->165, 10->166, 11->167.
2026-03-19T04:07:49.3281595Z (Worker pid=2763) INFO 03-19 04:07:49 [base.py:106] Offloader set to NoopOffloader
2026-03-19T04:07:49.3599157Z (Worker pid=2763) (Worker_DP0_TP2_EP2 pid=2763) INFO 03-19 04:07:49 [model_runner_v1.py:2543] Starting to load model /root/.cache/modelscope/hub/models/vllm-ascend/Kimi-K2-Instruct-W8A8...
2026-03-19T04:07:49.4031445Z (Worker pid=4998) INFO 03-19 04:07:49 [cpu_binding.py:383] The 'migratepages' command is not available, skipping memory binding.
2026-03-19T04:07:49.4438172Z (Worker pid=3321) INFO 03-19 04:07:49 [cpu_binding.py:320] [cpu_bind_mode] mode=global_slice rank=3 visible_npus=[0, 1, 2, 3, 4, 5, 6, 7]
2026-03-19T04:07:49.4464200Z (Worker pid=3321) INFO 03-19 04:07:49 [cpu_binding.py:367] The CPU allocation plan is as follows:
2026-03-19T04:07:49.4484469Z (Worker pid=3321) INFO 03-19 04:07:49 [cpu_binding.py:372] NPU3: main=[62 63 64 65 66 67 68 69 70 71 72 73 74 75 76 77]  acl=[78]  release=[[79]]
2026-03-19T04:07:49.4585990Z (Worker pid=4998) INFO 03-19 04:07:49 [base.py:106] Offloader set to NoopOffloader
2026-03-19T04:07:49.4803916Z (Worker pid=3882) (Worker_DP1_TP4_EP12 pid=3882) INFO 03-19 04:07:49 [layer.py:456] [EP Rank 12/32] Expert parallelism is enabled. Expert placement strategy: linear. Local/global number of experts: 12/384. Experts local to global index map: 0->144, 1->145, 2->146, 3->147, 4->148, 5->149, 6->150, 7->151, 8->152, 9->153, 10->154, 11->155.
2026-03-19T04:07:49.4863061Z (Worker pid=5553) (Worker_DP0_TP7_EP7 pid=5553) INFO 03-19 04:07:49 [layer.py:456] [EP Rank 7/32] Expert parallelism is enabled. Expert placement strategy: linear. Local/global number of experts: 12/384. Experts local to global index map: 0->84, 1->85, 2->86, 3->87, 4->88, 5->89, 6->90, 7->91, 8->92, 9->93, 10->94, 11->95.
2026-03-19T04:07:49.4889395Z (Worker pid=4998) (Worker_DP1_TP6_EP14 pid=4998) INFO 03-19 04:07:49 [model_runner_v1.py:2543] Starting to load model /root/.cache/modelscope/hub/models/vllm-ascend/Kimi-K2-Instruct-W8A8...
2026-03-19T04:07:49.5580790Z (Worker pid=4437) INFO 03-19 04:07:49 [cpu_binding.py:320] [cpu_bind_mode] mode=global_slice rank=5 visible_npus=[0, 1, 2, 3, 4, 5, 6, 7]
2026-03-19T04:07:49.5626560Z (Worker pid=4437) INFO 03-19 04:07:49 [cpu_binding.py:367] The CPU allocation plan is as follows:
2026-03-19T04:07:49.5639582Z (Worker pid=4437) INFO 03-19 04:07:49 [cpu_binding.py:372] NPU5: main=[102 103 104 105 106 107 108 109 110 111 112 113 114 115 116 117]  acl=[118]  release=[[119]]
2026-03-19T04:07:49.6747464Z (Worker pid=3321) INFO 03-19 04:07:49 [cpu_binding.py:383] The 'migratepages' command is not available, skipping memory binding.
2026-03-19T04:07:49.7324524Z (Worker pid=3321) INFO 03-19 04:07:49 [base.py:106] Offloader set to NoopOffloader
2026-03-19T04:07:49.7404510Z (Worker pid=2195) (Worker_DP0_TP1_EP1 pid=2195) INFO 03-19 04:07:49 [layer.py:456] [EP Rank 1/32] Expert parallelism is enabled. Expert placement strategy: linear. Local/global number of experts: 12/384. Experts local to global index map: 0->12, 1->13, 2->14, 3->15, 4->16, 5->17, 6->18, 7->19, 8->20, 9->21, 10->22, 11->23.
2026-03-19T04:07:49.7535877Z (Worker pid=3324) INFO 03-19 04:07:49 [cpu_binding.py:320] [cpu_bind_mode] mode=global_slice rank=3 visible_npus=[8, 9, 10, 11, 12, 13, 14, 15]
2026-03-19T04:07:49.7547530Z (Worker pid=3324) INFO 03-19 04:07:49 [cpu_binding.py:367] The CPU allocation plan is as follows:
2026-03-19T04:07:49.7559512Z (Worker pid=3324) INFO 03-19 04:07:49 [cpu_binding.py:372] NPU11: main=[222 223 224 225 226 227 228 229 230 231 232 233 234 235 236 237]  acl=[238]  release=[[239]]
2026-03-19T04:07:49.7662101Z (Worker pid=3321) (Worker_DP0_TP3_EP3 pid=3321) INFO 03-19 04:07:49 [model_runner_v1.py:2543] Starting to load model /root/.cache/modelscope/hub/models/vllm-ascend/Kimi-K2-Instruct-W8A8...
2026-03-19T04:07:49.7964144Z (Worker pid=4437) INFO 03-19 04:07:49 [cpu_binding.py:383] The 'migratepages' command is not available, skipping memory binding.
2026-03-19T04:07:49.8312554Z (Worker pid=2766) (Worker_DP1_TP2_EP10 pid=2766) INFO 03-19 04:07:49 [layer.py:456] [EP Rank 10/32] Expert parallelism is enabled. Expert placement strategy: linear. Local/global number of experts: 12/384. Experts local to global index map: 0->120, 1->121, 2->122, 3->123, 4->124, 5->125, 6->126, 7->127, 8->128, 9->129, 10->130, 11->131.
2026-03-19T04:07:49.8568526Z (Worker pid=4437) INFO 03-19 04:07:49 [base.py:106] Offloader set to NoopOffloader
2026-03-19T04:07:49.8929612Z (Worker pid=4437) (Worker_DP0_TP5_EP5 pid=4437) INFO 03-19 04:07:49 [model_runner_v1.py:2543] Starting to load model /root/.cache/modelscope/hub/models/vllm-ascend/Kimi-K2-Instruct-W8A8...
2026-03-19T04:07:49.9433798Z (Worker pid=4995) INFO 03-19 04:07:49 [cpu_binding.py:320] [cpu_bind_mode] mode=global_slice rank=6 visible_npus=[0, 1, 2, 3, 4, 5, 6, 7]
2026-03-19T04:07:49.9442513Z (Worker pid=4995) INFO 03-19 04:07:49 [cpu_binding.py:367] The CPU allocation plan is as follows:
2026-03-19T04:07:49.9453942Z (Worker pid=4995) INFO 03-19 04:07:49 [cpu_binding.py:372] NPU6: main=[122 123 124 125 126 127 128 129 130 131 132 133 134 135 136 137]  acl=[138]  release=[[139]]
2026-03-19T04:07:49.9642760Z (Worker pid=3324) INFO 03-19 04:07:49 [cpu_binding.py:383] The 'migratepages' command is not available, skipping memory binding.
2026-03-19T04:07:50.0234270Z (Worker pid=3324) INFO 03-19 04:07:50 [base.py:106] Offloader set to NoopOffloader
2026-03-19T04:07:50.0264559Z (Worker pid=2198) INFO 03-19 04:07:50 [cpu_binding.py:320] [cpu_bind_mode] mode=global_slice rank=1 visible_npus=[8, 9, 10, 11, 12, 13, 14, 15]
2026-03-19T04:07:50.0275487Z (Worker pid=2198) INFO 03-19 04:07:50 [cpu_binding.py:367] The CPU allocation plan is as follows:
2026-03-19T04:07:50.0287972Z (Worker pid=2198) INFO 03-19 04:07:50 [cpu_binding.py:372] NPU9: main=[182 183 184 185 186 187 188 189 190 191 192 193 194 195 196 197]  acl=[198]  release=[[199]]
2026-03-19T04:07:50.0550369Z (Worker pid=3324) (Worker_DP1_TP3_EP11 pid=3324) INFO 03-19 04:07:50 [model_runner_v1.py:2543] Starting to load model /root/.cache/modelscope/hub/models/vllm-ascend/Kimi-K2-Instruct-W8A8...
2026-03-19T04:07:50.0652576Z (Worker pid=4998) (Worker_DP1_TP6_EP14 pid=4998) INFO 03-19 04:07:50 [layer.py:456] [EP Rank 14/32] Expert parallelism is enabled. Expert placement strategy: linear. Local/global number of experts: 12/384. Experts local to global index map: 0->168, 1->169, 2->170, 3->171, 4->172, 5->173, 6->174, 7->175, 8->176, 9->177, 10->178, 11->179.
2026-03-19T04:07:50.1978385Z (Worker pid=1381) INFO 03-19 04:07:50 [cpu_binding.py:320] [cpu_bind_mode] mode=global_slice rank=0 visible_npus=[8, 9, 10, 11, 12, 13, 14, 15]
2026-03-19T04:07:50.1989348Z (Worker pid=1381) INFO 03-19 04:07:50 [cpu_binding.py:367] The CPU allocation plan is as follows:
2026-03-19T04:07:50.2000924Z (Worker pid=1381) INFO 03-19 04:07:50 [cpu_binding.py:372] NPU8: main=[162 163 164 165 166 167 168 169 170 171 172 173 174 175 176 177]  acl=[178]  release=[[179]]
2026-03-19T04:07:50.2012319Z (Worker pid=4995) INFO 03-19 04:07:50 [cpu_binding.py:383] The 'migratepages' command is not available, skipping memory binding.
2026-03-19T04:07:50.2684314Z (Worker pid=4995) INFO 03-19 04:07:50 [base.py:106] Offloader set to NoopOffloader
2026-03-19T04:07:50.2922994Z (Worker pid=2198) INFO 03-19 04:07:50 [cpu_binding.py:383] The 'migratepages' command is not available, skipping memory binding.
2026-03-19T04:07:50.2997839Z (Worker pid=4995) (Worker_DP0_TP6_EP6 pid=4995) INFO 03-19 04:07:50 [model_runner_v1.py:2543] Starting to load model /root/.cache/modelscope/hub/models/vllm-ascend/Kimi-K2-Instruct-W8A8...
2026-03-19T04:07:50.3442685Z (Worker pid=2198) INFO 03-19 04:07:50 [base.py:106] Offloader set to NoopOffloader
2026-03-19T04:07:50.3472137Z (Worker pid=2763) (Worker_DP0_TP2_EP2 pid=2763) INFO 03-19 04:07:50 [layer.py:456] [EP Rank 2/32] Expert parallelism is enabled. Expert placement strategy: linear. Local/global number of experts: 12/384. Experts local to global index map: 0->24, 1->25, 2->26, 3->27, 4->28, 5->29, 6->30, 7->31, 8->32, 9->33, 10->34, 11->35.
2026-03-19T04:07:50.3710097Z (Worker pid=2198) (Worker_DP1_TP1_EP9 pid=2198) INFO 03-19 04:07:50 [model_runner_v1.py:2543] Starting to load model /root/.cache/modelscope/hub/models/vllm-ascend/Kimi-K2-Instruct-W8A8...
2026-03-19T04:07:50.3958603Z (Worker pid=5620) INFO 03-19 04:07:50 [cpu_binding.py:320] [cpu_bind_mode] mode=global_slice rank=7 visible_npus=[8, 9, 10, 11, 12, 13, 14, 15]
2026-03-19T04:07:50.3970430Z (Worker pid=5620) INFO 03-19 04:07:50 [cpu_binding.py:367] The CPU allocation plan is as follows:
2026-03-19T04:07:50.3981340Z (Worker pid=5620) INFO 03-19 04:07:50 [cpu_binding.py:372] NPU15: main=[302 303 304 305 306 307 308 309 310 311 312 313 314 315 316 317]  acl=[318]  release=[[319]]
2026-03-19T04:07:50.4214347Z (Worker pid=1381) INFO 03-19 04:07:50 [cpu_binding.py:383] The 'migratepages' command is not available, skipping memory binding.
2026-03-19T04:07:50.4766441Z (Worker pid=1381) INFO 03-19 04:07:50 [base.py:106] Offloader set to NoopOffloader
2026-03-19T04:07:50.5048116Z (Worker pid=1381) (Worker_DP1_TP0_EP8 pid=1381) INFO 03-19 04:07:50 [model_runner_v1.py:2543] Starting to load model /root/.cache/modelscope/hub/models/vllm-ascend/Kimi-K2-Instruct-W8A8...
2026-03-19T04:07:50.5967434Z (Worker pid=5620) INFO 03-19 04:07:50 [cpu_binding.py:383] The 'migratepages' command is not available, skipping memory binding.
2026-03-19T04:07:50.6627705Z (Worker pid=5620) INFO 03-19 04:07:50 [base.py:106] Offloader set to NoopOffloader
2026-03-19T04:07:50.6972857Z (Worker pid=5620) (Worker_DP1_TP7_EP15 pid=5620) INFO 03-19 04:07:50 [model_runner_v1.py:2543] Starting to load model /root/.cache/modelscope/hub/models/vllm-ascend/Kimi-K2-Instruct-W8A8...
2026-03-19T04:07:50.8483434Z (Worker pid=3321) (Worker_DP0_TP3_EP3 pid=3321) INFO 03-19 04:07:50 [layer.py:456] [EP Rank 3/32] Expert parallelism is enabled. Expert placement strategy: linear. Local/global number of experts: 12/384. Experts local to global index map: 0->36, 1->37, 2->38, 3->39, 4->40, 5->41, 6->42, 7->43, 8->44, 9->45, 10->46, 11->47.
2026-03-19T04:07:50.8542028Z (Worker pid=3879) INFO 03-19 04:07:50 [cpu_binding.py:320] [cpu_bind_mode] mode=global_slice rank=4 visible_npus=[0, 1, 2, 3, 4, 5, 6, 7]
2026-03-19T04:07:50.8553150Z (Worker pid=3879) INFO 03-19 04:07:50 [cpu_binding.py:367] The CPU allocation plan is as follows:
2026-03-19T04:07:50.8565352Z (Worker pid=3879) INFO 03-19 04:07:50 [cpu_binding.py:372] NPU4: main=[82 83 84 85 86 87 88 89 90 91 92 93 94 95 96 97]  acl=[98]  release=[[99]]
2026-03-19T04:07:50.9097478Z (Worker pid=1380) INFO 03-19 04:07:50 [cpu_binding.py:320] [cpu_bind_mode] mode=global_slice rank=0 visible_npus=[0, 1, 2, 3, 4, 5, 6, 7]
2026-03-19T04:07:50.9098284Z (Worker pid=1380) INFO 03-19 04:07:50 [cpu_binding.py:367] The CPU allocation plan is as follows:
2026-03-19T04:07:50.9104617Z (Worker pid=1380) INFO 03-19 04:07:50 [cpu_binding.py:372] NPU0: main=[2 3 4 5 6 7 8 9 10 11 12 13 14 15 16 17]  acl=[18]  release=[[19]]
2026-03-19T04:07:50.9728010Z (Worker pid=3324) (Worker_DP1_TP3_EP11 pid=3324) INFO 03-19 04:07:50 [layer.py:456] [EP Rank 11/32] Expert parallelism is enabled. Expert placement strategy: linear. Local/global number of experts: 12/384. Experts local to global index map: 0->132, 1->133, 2->134, 3->135, 4->136, 5->137, 6->138, 7->139, 8->140, 9->141, 10->142, 11->143.
2026-03-19T04:07:50.9953209Z (Worker pid=2198) (Worker_DP1_TP1_EP9 pid=2198) INFO 03-19 04:07:50 [layer.py:456] [EP Rank 9/32] Expert parallelism is enabled. Expert placement strategy: linear. Local/global number of experts: 12/384. Experts local to global index map: 0->108, 1->109, 2->110, 3->111, 4->112, 5->113, 6->114, 7->115, 8->116, 9->117, 10->118, 11->119.
2026-03-19T04:07:50.9993073Z (Worker pid=4437) (Worker_DP0_TP5_EP5 pid=4437) INFO 03-19 04:07:50 [layer.py:456] [EP Rank 5/32] Expert parallelism is enabled. Expert placement strategy: linear. Local/global number of experts: 12/384. Experts local to global index map: 0->60, 1->61, 2->62, 3->63, 4->64, 5->65, 6->66, 7->67, 8->68, 9->69, 10->70, 11->71.
2026-03-19T04:07:51.1046298Z (Worker pid=3879) INFO 03-19 04:07:51 [cpu_binding.py:383] The 'migratepages' command is not available, skipping memory binding.
2026-03-19T04:07:51.1398251Z (Worker pid=1380) INFO 03-19 04:07:51 [cpu_binding.py:383] The 'migratepages' command is not available, skipping memory binding.
2026-03-19T04:07:51.1604065Z (Worker pid=3879) INFO 03-19 04:07:51 [base.py:106] Offloader set to NoopOffloader
2026-03-19T04:07:51.1647829Z (Worker pid=1381) (Worker_DP1_TP0_EP8 pid=1381) INFO 03-19 04:07:51 [layer.py:456] [EP Rank 8/32] Expert parallelism is enabled. Expert placement strategy: linear. Local/global number of experts: 12/384. Experts local to global index map: 0->96, 1->97, 2->98, 3->99, 4->100, 5->101, 6->102, 7->103, 8->104, 9->105, 10->106, 11->107.
2026-03-19T04:07:51.1926607Z (Worker pid=3879) (Worker_DP0_TP4_EP4 pid=3879) INFO 03-19 04:07:51 [model_runner_v1.py:2543] Starting to load model /root/.cache/modelscope/hub/models/vllm-ascend/Kimi-K2-Instruct-W8A8...
2026-03-19T04:07:51.2077150Z (Worker pid=1380) INFO 03-19 04:07:51 [base.py:106] Offloader set to NoopOffloader
2026-03-19T04:07:51.2396417Z (Worker pid=1380) (Worker_DP0_TP0_EP0 pid=1380) INFO 03-19 04:07:51 [model_runner_v1.py:2543] Starting to load model /root/.cache/modelscope/hub/models/vllm-ascend/Kimi-K2-Instruct-W8A8...
2026-03-19T04:07:51.3294957Z (Worker pid=4995) (Worker_DP0_TP6_EP6 pid=4995) INFO 03-19 04:07:51 [layer.py:456] [EP Rank 6/32] Expert parallelism is enabled. Expert placement strategy: linear. Local/global number of experts: 12/384. Experts local to global index map: 0->72, 1->73, 2->74, 3->75, 4->76, 5->77, 6->78, 7->79, 8->80, 9->81, 10->82, 11->83.
2026-03-19T04:07:51.6936324Z (Worker pid=5620) (Worker_DP1_TP7_EP15 pid=5620) INFO 03-19 04:07:51 [layer.py:456] [EP Rank 15/32] Expert parallelism is enabled. Expert placement strategy: linear. Local/global number of experts: 12/384. Experts local to global index map: 0->180, 1->181, 2->182, 3->183, 4->184, 5->185, 6->186, 7->187, 8->188, 9->189, 10->190, 11->191.
2026-03-19T04:07:52.0714000Z (Worker pid=3879) (Worker_DP0_TP4_EP4 pid=3879) INFO 03-19 04:07:52 [layer.py:456] [EP Rank 4/32] Expert parallelism is enabled. Expert placement strategy: linear. Local/global number of experts: 12/384. Experts local to global index map: 0->48, 1->49, 2->50, 3->51, 4->52, 5->53, 6->54, 7->55, 8->56, 9->57, 10->58, 11->59.
2026-03-19T04:07:52.2143298Z (Worker pid=1380) (Worker_DP0_TP0_EP0 pid=1380) INFO 03-19 04:07:52 [layer.py:456] [EP Rank 0/32] Expert parallelism is enabled. Expert placement strategy: linear. Local/global number of experts: 12/384. Experts local to global index map: 0->0, 1->1, 2->2, 3->3, 4->4, 5->5, 6->6, 7->7, 8->8, 9->9, 10->10, 11->11.
2026-03-19T04:07:52.9389979Z (Worker pid=1380) (Worker_DP0_TP0_EP0 pid=1380) INFO 03-19 04:07:52 [fused_moe.py:321] [EP Rank 0/32] Expert parallelism is enabled. Local/global number of experts: 12/384. Experts local to global index map: 0->0, 1->1, 2->2, 3->3, 4->4, 5->5, 6->6, 7->7, 8->8, 9->9, 10->10, 11->11.
2026-03-19T04:07:53.1016480Z (Worker pid=3879) (Worker_DP0_TP4_EP4 pid=3879) INFO 03-19 04:07:53 [fused_moe.py:321] [EP Rank 4/32] Expert parallelism is enabled. Local/global number of experts: 12/384. Experts local to global index map: 0->48, 1->49, 2->50, 3->51, 4->52, 5->53, 6->54, 7->55, 8->56, 9->57, 10->58, 11->59.
2026-03-19T04:07:53.1478348Z (Worker pid=4995) (Worker_DP0_TP6_EP6 pid=4995) INFO 03-19 04:07:53 [fused_moe.py:321] [EP Rank 6/32] Expert parallelism is enabled. Local/global number of experts: 12/384. Experts local to global index map: 0->72, 1->73, 2->74, 3->75, 4->76, 5->77, 6->78, 7->79, 8->80, 9->81, 10->82, 11->83.
2026-03-19T04:07:53.1604992Z (Worker pid=2195) (Worker_DP0_TP1_EP1 pid=2195) INFO 03-19 04:07:53 [fused_moe.py:321] [EP Rank 1/32] Expert parallelism is enabled. Local/global number of experts: 12/384. Experts local to global index map: 0->12, 1->13, 2->14, 3->15, 4->16, 5->17, 6->18, 7->19, 8->20, 9->21, 10->22, 11->23.
2026-03-19T04:07:53.1650909Z (Worker pid=3321) (Worker_DP0_TP3_EP3 pid=3321) INFO 03-19 04:07:53 [fused_moe.py:321] [EP Rank 3/32] Expert parallelism is enabled. Local/global number of experts: 12/384. Experts local to global index map: 0->36, 1->37, 2->38, 3->39, 4->40, 5->41, 6->42, 7->43, 8->44, 9->45, 10->46, 11->47.
2026-03-19T04:07:53.1661763Z (Worker pid=2763) (Worker_DP0_TP2_EP2 pid=2763) INFO 03-19 04:07:53 [fused_moe.py:321] [EP Rank 2/32] Expert parallelism is enabled. Local/global number of experts: 12/384. Experts local to global index map: 0->24, 1->25, 2->26, 3->27, 4->28, 5->29, 6->30, 7->31, 8->32, 9->33, 10->34, 11->35.
2026-03-19T04:07:53.1673249Z (Worker pid=4437) (Worker_DP0_TP5_EP5 pid=4437) INFO 03-19 04:07:53 [fused_moe.py:321] [EP Rank 5/32] Expert parallelism is enabled. Local/global number of experts: 12/384. Experts local to global index map: 0->60, 1->61, 2->62, 3->63, 4->64, 5->65, 6->66, 7->67, 8->68, 9->69, 10->70, 11->71.
2026-03-19T04:07:53.1687299Z (Worker pid=4998) (Worker_DP1_TP6_EP14 pid=4998) INFO 03-19 04:07:53 [fused_moe.py:321] [EP Rank 14/32] Expert parallelism is enabled. Local/global number of experts: 12/384. Experts local to global index map: 0->168, 1->169, 2->170, 3->171, 4->172, 5->173, 6->174, 7->175, 8->176, 9->177, 10->178, 11->179.
2026-03-19T04:07:53.1698126Z (Worker pid=1381) (Worker_DP1_TP0_EP8 pid=1381) INFO 03-19 04:07:53 [fused_moe.py:321] [EP Rank 8/32] Expert parallelism is enabled. Local/global number of experts: 12/384. Experts local to global index map: 0->96, 1->97, 2->98, 3->99, 4->100, 5->101, 6->102, 7->103, 8->104, 9->105, 10->106, 11->107.
2026-03-19T04:07:53.1710196Z (Worker pid=2198) (Worker_DP1_TP1_EP9 pid=2198) INFO 03-19 04:07:53 [fused_moe.py:321] [EP Rank 9/32] Expert parallelism is enabled. Local/global number of experts: 12/384. Experts local to global index map: 0->108, 1->109, 2->110, 3->111, 4->112, 5->113, 6->114, 7->115, 8->116, 9->117, 10->118, 11->119.
2026-03-19T04:07:53.1720485Z (Worker pid=5553) (Worker_DP0_TP7_EP7 pid=5553) INFO 03-19 04:07:53 [fused_moe.py:321] [EP Rank 7/32] Expert parallelism is enabled. Local/global number of experts: 12/384. Experts local to global index map: 0->84, 1->85, 2->86, 3->87, 4->88, 5->89, 6->90, 7->91, 8->92, 9->93, 10->94, 11->95.
2026-03-19T04:07:53.1731754Z (Worker pid=2766) (Worker_DP1_TP2_EP10 pid=2766) INFO 03-19 04:07:53 [fused_moe.py:321] [EP Rank 10/32] Expert parallelism is enabled. Local/global number of experts: 12/384. Experts local to global index map: 0->120, 1->121, 2->122, 3->123, 4->124, 5->125, 6->126, 7->127, 8->128, 9->129, 10->130, 11->131.
2026-03-19T04:07:53.1742130Z (Worker pid=5620) (Worker_DP1_TP7_EP15 pid=5620) INFO 03-19 04:07:53 [fused_moe.py:321] [EP Rank 15/32] Expert parallelism is enabled. Local/global number of experts: 12/384. Experts local to global index map: 0->180, 1->181, 2->182, 3->183, 4->184, 5->185, 6->186, 7->187, 8->188, 9->189, 10->190, 11->191.
2026-03-19T04:07:53.1753158Z (Worker pid=4440) (Worker_DP1_TP5_EP13 pid=4440) INFO 03-19 04:07:53 [fused_moe.py:321] [EP Rank 13/32] Expert parallelism is enabled. Local/global number of experts: 12/384. Experts local to global index map: 0->156, 1->157, 2->158, 3->159, 4->160, 5->161, 6->162, 7->163, 8->164, 9->165, 10->166, 11->167.
2026-03-19T04:07:53.1763622Z (Worker pid=3882) (Worker_DP1_TP4_EP12 pid=3882) INFO 03-19 04:07:53 [fused_moe.py:321] [EP Rank 12/32] Expert parallelism is enabled. Local/global number of experts: 12/384. Experts local to global index map: 0->144, 1->145, 2->146, 3->147, 4->148, 5->149, 6->150, 7->151, 8->152, 9->153, 10->154, 11->155.
2026-03-19T04:07:53.1781361Z (Worker pid=3324) (Worker_DP1_TP3_EP11 pid=3324) INFO 03-19 04:07:53 [fused_moe.py:321] [EP Rank 11/32] Expert parallelism is enabled. Local/global number of experts: 12/384. Experts local to global index map: 0->132, 1->133, 2->134, 3->135, 4->136, 5->137, 6->138, 7->139, 8->140, 9->141, 10->142, 11->143.
2026-03-19T04:08:02.0950475Z (Worker pid=2198) (Worker_DP1_TP1_EP9 pid=2198) INFO 03-19 04:08:02 [compilation.py:937] Using OOT custom backend for compilation.
2026-03-19T04:08:02.2867017Z (Worker pid=2195) (Worker_DP0_TP1_EP1 pid=2195) INFO 03-19 04:08:02 [compilation.py:937] Using OOT custom backend for compilation.
2026-03-19T04:08:02.3444742Z (Worker pid=1381) (Worker_DP1_TP0_EP8 pid=1381) INFO 03-19 04:08:02 [compilation.py:937] Using OOT custom backend for compilation.
2026-03-19T04:08:02.3727158Z (Worker pid=3324) (Worker_DP1_TP3_EP11 pid=3324) INFO 03-19 04:08:02 [compilation.py:937] Using OOT custom backend for compilation.
2026-03-19T04:08:02.4016382Z (Worker pid=3882) (Worker_DP1_TP4_EP12 pid=3882) INFO 03-19 04:08:02 [compilation.py:937] Using OOT custom backend for compilation.
2026-03-19T04:08:02.4714205Z (Worker pid=2766) (Worker_DP1_TP2_EP10 pid=2766) INFO 03-19 04:08:02 [compilation.py:937] Using OOT custom backend for compilation.
2026-03-19T04:08:02.4750979Z (Worker pid=5553) (Worker_DP0_TP7_EP7 pid=5553) INFO 03-19 04:08:02 [compilation.py:937] Using OOT custom backend for compilation.
2026-03-19T04:08:02.4780339Z (Worker pid=4440) (Worker_DP1_TP5_EP13 pid=4440) INFO 03-19 04:08:02 [compilation.py:937] Using OOT custom backend for compilation.
2026-03-19T04:08:02.4841971Z (Worker pid=4437) (Worker_DP0_TP5_EP5 pid=4437) INFO 03-19 04:08:02 [compilation.py:937] Using OOT custom backend for compilation.
2026-03-19T04:08:02.5109397Z (Worker pid=1380) (Worker_DP0_TP0_EP0 pid=1380) INFO 03-19 04:08:02 [compilation.py:937] Using OOT custom backend for compilation.
2026-03-19T04:08:02.5514723Z (Worker pid=4998) (Worker_DP1_TP6_EP14 pid=4998) INFO 03-19 04:08:02 [compilation.py:937] Using OOT custom backend for compilation.
2026-03-19T04:08:02.6393407Z (Worker pid=3321) (Worker_DP0_TP3_EP3 pid=3321) INFO 03-19 04:08:02 [compilation.py:937] Using OOT custom backend for compilation.
2026-03-19T04:08:02.6527212Z (Worker pid=4995) (Worker_DP0_TP6_EP6 pid=4995) INFO 03-19 04:08:02 [compilation.py:937] Using OOT custom backend for compilation.
2026-03-19T04:08:02.6764489Z (Worker pid=3879) (Worker_DP0_TP4_EP4 pid=3879) INFO 03-19 04:08:02 [compilation.py:937] Using OOT custom backend for compilation.
2026-03-19T04:08:02.6805782Z (Worker pid=1380) (Worker_DP0_TP0_EP0 pid=1380) 
2026-03-19T04:08:02.6806263Z Loading safetensors checkpoint shards:   0% Completed | 0/241 [00:00<?, ?it/s]
2026-03-19T04:08:02.6857464Z (Worker pid=5620) (Worker_DP1_TP7_EP15 pid=5620) INFO 03-19 04:08:02 [compilation.py:937] Using OOT custom backend for compilation.
2026-03-19T04:08:02.7188713Z (Worker pid=2763) (Worker_DP0_TP2_EP2 pid=2763) INFO 03-19 04:08:02 [compilation.py:937] Using OOT custom backend for compilation.
2026-03-19T04:08:06.1685981Z (Worker pid=1380) (Worker_DP0_TP0_EP0 pid=1380) 
2026-03-19T04:08:06.1686533Z Loading safetensors checkpoint shards:   0% Completed | 1/241 [00:03<13:55,  3.48s/it]
2026-03-19T04:08:06.5687244Z (Worker pid=1380) (Worker_DP0_TP0_EP0 pid=1380) 
2026-03-19T04:08:06.5687777Z Loading safetensors checkpoint shards:   1% Completed | 2/241 [00:03<06:39,  1.67s/it]
2026-03-19T04:08:08.2497540Z (Worker pid=1380) (Worker_DP0_TP0_EP0 pid=1380) 
2026-03-19T04:08:08.2498095Z Loading safetensors checkpoint shards:   1% Completed | 3/241 [00:05<06:38,  1.68s/it]
2026-03-19T04:08:09.8400923Z (Worker pid=1380) (Worker_DP0_TP0_EP0 pid=1380) 
2026-03-19T04:08:09.8401461Z Loading safetensors checkpoint shards:   2% Completed | 4/241 [00:07<06:29,  1.64s/it]
2026-03-19T04:08:12.6106743Z (Worker pid=1380) (Worker_DP0_TP0_EP0 pid=1380) 
2026-03-19T04:08:12.6107673Z Loading safetensors checkpoint shards:   2% Completed | 5/241 [00:09<08:03,  2.05s/it]
2026-03-19T04:08:13.1350123Z (Worker pid=1380) (Worker_DP0_TP0_EP0 pid=1380) 
2026-03-19T04:08:13.1350665Z Loading safetensors checkpoint shards:   2% Completed | 6/241 [00:10<05:59,  1.53s/it]
2026-03-19T04:08:14.7766766Z (Worker pid=1380) (Worker_DP0_TP0_EP0 pid=1380) 
2026-03-19T04:08:14.7767358Z Loading safetensors checkpoint shards:   3% Completed | 7/241 [00:12<06:06,  1.57s/it]
2026-03-19T04:08:16.2891824Z (Worker pid=1380) (Worker_DP0_TP0_EP0 pid=1380) 
2026-03-19T04:08:16.2892380Z Loading safetensors checkpoint shards:   3% Completed | 8/241 [00:13<06:01,  1.55s/it]
2026-03-19T04:08:18.9650992Z (Worker pid=1380) (Worker_DP0_TP0_EP0 pid=1380) 
2026-03-19T04:08:18.9651536Z Loading safetensors checkpoint shards:   4% Completed | 9/241 [00:16<07:21,  1.90s/it]
2026-03-19T04:08:19.5832026Z (Worker pid=1380) (Worker_DP0_TP0_EP0 pid=1380) 
2026-03-19T04:08:19.5832606Z Loading safetensors checkpoint shards:   4% Completed | 10/241 [00:16<05:47,  1.51s/it]
2026-03-19T04:08:21.4097357Z (Worker pid=1380) (Worker_DP0_TP0_EP0 pid=1380) 
2026-03-19T04:08:21.4097928Z Loading safetensors checkpoint shards:   5% Completed | 11/241 [00:18<06:08,  1.60s/it]
2026-03-19T04:08:22.8679740Z (Worker pid=1380) (Worker_DP0_TP0_EP0 pid=1380) 
2026-03-19T04:08:22.8680412Z Loading safetensors checkpoint shards:   5% Completed | 12/241 [00:20<05:57,  1.56s/it]
2026-03-19T04:08:25.9544364Z (Worker pid=1380) (Worker_DP0_TP0_EP0 pid=1380) 
2026-03-19T04:08:25.9544935Z Loading safetensors checkpoint shards:   5% Completed | 13/241 [00:23<07:40,  2.02s/it]
2026-03-19T04:08:26.1648614Z (Worker pid=1380) (Worker_DP0_TP0_EP0 pid=1380) 
2026-03-19T04:08:26.1649202Z Loading safetensors checkpoint shards:   6% Completed | 14/241 [00:23<05:34,  1.48s/it]
2026-03-19T04:08:27.9954675Z (Worker pid=1380) (Worker_DP0_TP0_EP0 pid=1380) 
2026-03-19T04:08:27.9955234Z Loading safetensors checkpoint shards:   6% Completed | 15/241 [00:25<05:57,  1.58s/it]
2026-03-19T04:08:29.5023038Z (Worker pid=1380) (Worker_DP0_TP0_EP0 pid=1380) 
2026-03-19T04:08:29.5023638Z Loading safetensors checkpoint shards:   7% Completed | 16/241 [00:26<05:50,  1.56s/it]
2026-03-19T04:08:32.2503392Z (Worker pid=1380) (Worker_DP0_TP0_EP0 pid=1380) 
2026-03-19T04:08:32.2503948Z Loading safetensors checkpoint shards:   7% Completed | 17/241 [00:29<07:09,  1.92s/it]
2026-03-19T04:08:32.9389064Z (Worker pid=1380) (Worker_DP0_TP0_EP0 pid=1380) 
2026-03-19T04:08:32.9389600Z Loading safetensors checkpoint shards:   7% Completed | 18/241 [00:30<05:45,  1.55s/it]
2026-03-19T04:08:34.6825089Z (Worker pid=1380) (Worker_DP0_TP0_EP0 pid=1380) 
2026-03-19T04:08:34.6825652Z Loading safetensors checkpoint shards:   8% Completed | 19/241 [00:32<05:56,  1.61s/it]
2026-03-19T04:08:36.1844814Z (Worker pid=1380) (Worker_DP0_TP0_EP0 pid=1380) 
2026-03-19T04:08:36.1845362Z Loading safetensors checkpoint shards:   8% Completed | 20/241 [00:33<05:48,  1.58s/it]
2026-03-19T04:08:38.8849190Z (Worker pid=1380) (Worker_DP0_TP0_EP0 pid=1380) 
2026-03-19T04:08:38.8849936Z Loading safetensors checkpoint shards:   9% Completed | 21/241 [00:36<07:00,  1.91s/it]
2026-03-19T04:08:39.4491386Z (Worker pid=1380) (Worker_DP0_TP0_EP0 pid=1380) 
2026-03-19T04:08:39.4491941Z Loading safetensors checkpoint shards:   9% Completed | 22/241 [00:36<05:30,  1.51s/it]
2026-03-19T04:08:41.1089508Z (Worker pid=1380) (Worker_DP0_TP0_EP0 pid=1380) 
2026-03-19T04:08:41.1090253Z Loading safetensors checkpoint shards:  10% Completed | 23/241 [00:38<05:38,  1.55s/it]
2026-03-19T04:08:42.6689101Z (Worker pid=1380) (Worker_DP0_TP0_EP0 pid=1380) 
2026-03-19T04:08:42.6689700Z Loading safetensors checkpoint shards:  10% Completed | 24/241 [00:39<05:37,  1.56s/it]
2026-03-19T04:08:45.6673277Z (Worker pid=1380) (Worker_DP0_TP0_EP0 pid=1380) 
2026-03-19T04:08:45.6673827Z Loading safetensors checkpoint shards:  10% Completed | 25/241 [00:42<07:09,  1.99s/it]
2026-03-19T04:08:46.0356890Z (Worker pid=1380) (Worker_DP0_TP0_EP0 pid=1380) 
2026-03-19T04:08:46.0357629Z Loading safetensors checkpoint shards:  11% Completed | 26/241 [00:43<05:23,  1.50s/it]
2026-03-19T04:08:47.9333274Z (Worker pid=1380) (Worker_DP0_TP0_EP0 pid=1380) 
2026-03-19T04:08:47.9333846Z Loading safetensors checkpoint shards:  11% Completed | 27/241 [00:45<05:46,  1.62s/it]
2026-03-19T04:08:49.3707668Z (Worker pid=1380) (Worker_DP0_TP0_EP0 pid=1380) 
2026-03-19T04:08:49.3708267Z Loading safetensors checkpoint shards:  12% Completed | 28/241 [00:46<05:33,  1.57s/it]
2026-03-19T04:08:52.1158490Z (Worker pid=1380) (Worker_DP0_TP0_EP0 pid=1380) 
2026-03-19T04:08:52.1159055Z Loading safetensors checkpoint shards:  12% Completed | 29/241 [00:49<06:46,  1.92s/it]
2026-03-19T04:08:52.6374860Z (Worker pid=1380) (Worker_DP0_TP0_EP0 pid=1380) 
2026-03-19T04:08:52.6375407Z Loading safetensors checkpoint shards:  12% Completed | 30/241 [00:49<05:16,  1.50s/it]
2026-03-19T04:08:54.3541464Z (Worker pid=1380) (Worker_DP0_TP0_EP0 pid=1380) 
2026-03-19T04:08:54.3542020Z Loading safetensors checkpoint shards:  13% Completed | 31/241 [00:51<05:28,  1.57s/it]
2026-03-19T04:08:55.8459397Z (Worker pid=1380) (Worker_DP0_TP0_EP0 pid=1380) 
2026-03-19T04:08:55.8460052Z Loading safetensors checkpoint shards:  13% Completed | 32/241 [00:53<05:21,  1.54s/it]
2026-03-19T04:08:58.7943233Z (Worker pid=1380) (Worker_DP0_TP0_EP0 pid=1380) 
2026-03-19T04:08:58.7943787Z Loading safetensors checkpoint shards:  14% Completed | 33/241 [00:56<06:48,  1.97s/it]
2026-03-19T04:08:59.0778806Z (Worker pid=1380) (Worker_DP0_TP0_EP0 pid=1380) 
2026-03-19T04:08:59.0779338Z Loading safetensors checkpoint shards:  14% Completed | 34/241 [00:56<05:02,  1.46s/it]
2026-03-19T04:09:00.9335502Z (Worker pid=1380) (Worker_DP0_TP0_EP0 pid=1380) 
2026-03-19T04:09:00.9336046Z Loading safetensors checkpoint shards:  15% Completed | 35/241 [00:58<05:25,  1.58s/it]
2026-03-19T04:09:02.4262652Z (Worker pid=1380) (Worker_DP0_TP0_EP0 pid=1380) 
2026-03-19T04:09:02.4263228Z Loading safetensors checkpoint shards:  15% Completed | 36/241 [00:59<05:18,  1.55s/it]
2026-03-19T04:09:04.8273185Z (Worker pid=1380) (Worker_DP0_TP0_EP0 pid=1380) 
2026-03-19T04:09:04.8273774Z Loading safetensors checkpoint shards:  15% Completed | 37/241 [01:02<06:08,  1.81s/it]
2026-03-19T04:09:05.9660976Z (Worker pid=1380) (Worker_DP0_TP0_EP0 pid=1380) 
2026-03-19T04:09:05.9661531Z Loading safetensors checkpoint shards:  16% Completed | 38/241 [01:03<05:26,  1.61s/it]
2026-03-19T04:09:07.7186013Z (Worker pid=1380) (Worker_DP0_TP0_EP0 pid=1380) 
2026-03-19T04:09:07.7186573Z Loading safetensors checkpoint shards:  16% Completed | 39/241 [01:05<05:33,  1.65s/it]
2026-03-19T04:09:09.1853479Z (Worker pid=1380) (Worker_DP0_TP0_EP0 pid=1380) 
2026-03-19T04:09:09.1854034Z Loading safetensors checkpoint shards:  17% Completed | 40/241 [01:06<05:20,  1.60s/it]
2026-03-19T04:09:11.8685610Z (Worker pid=1380) (Worker_DP0_TP0_EP0 pid=1380) 
2026-03-19T04:09:11.8686180Z Loading safetensors checkpoint shards:  17% Completed | 41/241 [01:09<06:24,  1.92s/it]
2026-03-19T04:09:12.5714467Z (Worker pid=1380) (Worker_DP0_TP0_EP0 pid=1380) 
2026-03-19T04:09:12.5715064Z Loading safetensors checkpoint shards:  17% Completed | 42/241 [01:09<05:09,  1.56s/it]
2026-03-19T04:09:14.2413599Z (Worker pid=1380) (Worker_DP0_TP0_EP0 pid=1380) 
2026-03-19T04:09:14.2414146Z Loading safetensors checkpoint shards:  18% Completed | 43/241 [01:11<05:14,  1.59s/it]
2026-03-19T04:09:15.8141279Z (Worker pid=1380) (Worker_DP0_TP0_EP0 pid=1380) 
2026-03-19T04:09:15.8141856Z Loading safetensors checkpoint shards:  18% Completed | 44/241 [01:13<05:12,  1.59s/it]
2026-03-19T04:09:18.4141724Z (Worker pid=1380) (Worker_DP0_TP0_EP0 pid=1380) 
2026-03-19T04:09:18.4142280Z Loading safetensors checkpoint shards:  19% Completed | 45/241 [01:15<06:10,  1.89s/it]
2026-03-19T04:09:19.2550452Z (Worker pid=1380) (Worker_DP0_TP0_EP0 pid=1380) 
2026-03-19T04:09:19.2551009Z Loading safetensors checkpoint shards:  19% Completed | 46/241 [01:16<05:06,  1.57s/it]
2026-03-19T04:09:20.8373942Z (Worker pid=1380) (Worker_DP0_TP0_EP0 pid=1380) 
2026-03-19T04:09:20.8374806Z Loading safetensors checkpoint shards:  20% Completed | 47/241 [01:18<05:06,  1.58s/it]
2026-03-19T04:09:22.3582620Z (Worker pid=1380) (Worker_DP0_TP0_EP0 pid=1380) 
2026-03-19T04:09:22.3583180Z Loading safetensors checkpoint shards:  20% Completed | 48/241 [01:19<05:00,  1.56s/it]
2026-03-19T04:09:24.8734974Z (Worker pid=1380) (Worker_DP0_TP0_EP0 pid=1380) 
2026-03-19T04:09:24.8735574Z Loading safetensors checkpoint shards:  20% Completed | 49/241 [01:22<05:54,  1.85s/it]
2026-03-19T04:09:25.6417885Z (Worker pid=1380) (Worker_DP0_TP0_EP0 pid=1380) 
2026-03-19T04:09:25.6418451Z Loading safetensors checkpoint shards:  21% Completed | 50/241 [01:22<04:51,  1.52s/it]
2026-03-19T04:09:27.2093434Z (Worker pid=1380) (Worker_DP0_TP0_EP0 pid=1380) 
2026-03-19T04:09:27.2093980Z Loading safetensors checkpoint shards:  21% Completed | 51/241 [01:24<04:51,  1.54s/it]
2026-03-19T04:09:28.7974418Z (Worker pid=1380) (Worker_DP0_TP0_EP0 pid=1380) 
2026-03-19T04:09:28.7974974Z Loading safetensors checkpoint shards:  22% Completed | 52/241 [01:26<04:53,  1.55s/it]
2026-03-19T04:09:31.3293052Z (Worker pid=1380) (Worker_DP0_TP0_EP0 pid=1380) 
2026-03-19T04:09:31.3293604Z Loading safetensors checkpoint shards:  22% Completed | 53/241 [01:28<05:47,  1.85s/it]
2026-03-19T04:09:32.2180629Z (Worker pid=1380) (Worker_DP0_TP0_EP0 pid=1380) 
2026-03-19T04:09:32.2181191Z Loading safetensors checkpoint shards:  22% Completed | 54/241 [01:29<04:51,  1.56s/it]
2026-03-19T04:09:33.7653494Z (Worker pid=1380) (Worker_DP0_TP0_EP0 pid=1380) 
2026-03-19T04:09:33.7654054Z Loading safetensors checkpoint shards:  23% Completed | 55/241 [01:31<04:49,  1.55s/it]
2026-03-19T04:09:35.2646966Z (Worker pid=1380) (Worker_DP0_TP0_EP0 pid=1380) 
2026-03-19T04:09:35.2647522Z Loading safetensors checkpoint shards:  23% Completed | 56/241 [01:32<04:44,  1.54s/it]
2026-03-19T04:09:38.0028366Z (Worker pid=1380) (Worker_DP0_TP0_EP0 pid=1380) 
2026-03-19T04:09:38.0028933Z Loading safetensors checkpoint shards:  24% Completed | 57/241 [01:35<05:49,  1.90s/it]
2026-03-19T04:09:38.6223313Z (Worker pid=1380) (Worker_DP0_TP0_EP0 pid=1380) 
2026-03-19T04:09:38.6223906Z Loading safetensors checkpoint shards:  24% Completed | 58/241 [01:35<04:37,  1.51s/it]
2026-03-19T04:09:40.2469907Z (Worker pid=1380) (Worker_DP0_TP0_EP0 pid=1380) 
2026-03-19T04:09:40.2470519Z Loading safetensors checkpoint shards:  24% Completed | 59/241 [01:37<04:41,  1.55s/it]
2026-03-19T04:09:41.8138384Z (Worker pid=1380) (Worker_DP0_TP0_EP0 pid=1380) 
2026-03-19T04:09:41.8138937Z Loading safetensors checkpoint shards:  25% Completed | 60/241 [01:39<04:41,  1.55s/it]
2026-03-19T04:09:44.3792177Z (Worker pid=1380) (Worker_DP0_TP0_EP0 pid=1380) 
2026-03-19T04:09:44.3792743Z Loading safetensors checkpoint shards:  25% Completed | 61/241 [01:41<05:34,  1.86s/it]
2026-03-19T04:09:45.2861824Z (Worker pid=1380) (Worker_DP0_TP0_EP0 pid=1380) 
2026-03-19T04:09:45.2862423Z Loading safetensors checkpoint shards:  26% Completed | 62/241 [01:42<04:41,  1.57s/it]
2026-03-19T04:09:46.8898061Z (Worker pid=1380) (Worker_DP0_TP0_EP0 pid=1380) 
2026-03-19T04:09:46.8898674Z Loading safetensors checkpoint shards:  26% Completed | 63/241 [01:44<04:41,  1.58s/it]
2026-03-19T04:09:48.3417060Z (Worker pid=1380) (Worker_DP0_TP0_EP0 pid=1380) 
2026-03-19T04:09:48.3417606Z Loading safetensors checkpoint shards:  27% Completed | 64/241 [01:45<04:33,  1.54s/it]
2026-03-19T04:09:51.0359154Z (Worker pid=1380) (Worker_DP0_TP0_EP0 pid=1380) 
2026-03-19T04:09:51.0360103Z Loading safetensors checkpoint shards:  27% Completed | 65/241 [01:48<05:32,  1.89s/it]
2026-03-19T04:09:51.8207926Z (Worker pid=1380) (Worker_DP0_TP0_EP0 pid=1380) 
2026-03-19T04:09:51.8208414Z Loading safetensors checkpoint shards:  27% Completed | 66/241 [01:49<04:32,  1.56s/it]
2026-03-19T04:09:53.3824862Z (Worker pid=1380) (Worker_DP0_TP0_EP0 pid=1380) 
2026-03-19T04:09:53.3825425Z Loading safetensors checkpoint shards:  28% Completed | 67/241 [01:50<04:31,  1.56s/it]
2026-03-19T04:09:54.8147630Z (Worker pid=1380) (Worker_DP0_TP0_EP0 pid=1380) 
2026-03-19T04:09:54.8148463Z Loading safetensors checkpoint shards:  28% Completed | 68/241 [01:52<04:23,  1.52s/it]
2026-03-19T04:09:57.7410370Z (Worker pid=1380) (Worker_DP0_TP0_EP0 pid=1380) 
2026-03-19T04:09:57.7410926Z Loading safetensors checkpoint shards:  29% Completed | 69/241 [01:55<05:34,  1.94s/it]
2026-03-19T04:09:58.3020896Z (Worker pid=1380) (Worker_DP0_TP0_EP0 pid=1380) 
2026-03-19T04:09:58.3021488Z Loading safetensors checkpoint shards:  29% Completed | 70/241 [01:55<04:21,  1.53s/it]
2026-03-19T04:09:59.8807391Z (Worker pid=1380) (Worker_DP0_TP0_EP0 pid=1380) 
2026-03-19T04:09:59.8807942Z Loading safetensors checkpoint shards:  29% Completed | 71/241 [01:57<04:22,  1.54s/it]
2026-03-19T04:10:01.3585451Z (Worker pid=1380) (Worker_DP0_TP0_EP0 pid=1380) 
2026-03-19T04:10:01.3586027Z Loading safetensors checkpoint shards:  30% Completed | 72/241 [01:58<04:17,  1.52s/it]
2026-03-19T04:10:03.8834375Z (Worker pid=1380) (Worker_DP0_TP0_EP0 pid=1380) 
2026-03-19T04:10:03.8834933Z Loading safetensors checkpoint shards:  30% Completed | 73/241 [02:01<05:06,  1.82s/it]
2026-03-19T04:10:04.8617695Z (Worker pid=1380) (Worker_DP0_TP0_EP0 pid=1380) 
2026-03-19T04:10:04.8618278Z Loading safetensors checkpoint shards:  31% Completed | 74/241 [02:02<04:22,  1.57s/it]
2026-03-19T04:10:06.4288444Z (Worker pid=1380) (Worker_DP0_TP0_EP0 pid=1380) 
2026-03-19T04:10:06.4289003Z Loading safetensors checkpoint shards:  31% Completed | 75/241 [02:03<04:20,  1.57s/it]
2026-03-19T04:10:07.8781961Z (Worker pid=1380) (Worker_DP0_TP0_EP0 pid=1380) 
2026-03-19T04:10:07.8782522Z Loading safetensors checkpoint shards:  32% Completed | 76/241 [02:05<04:12,  1.53s/it]
2026-03-19T04:10:10.4461760Z (Worker pid=1380) (Worker_DP0_TP0_EP0 pid=1380) 
2026-03-19T04:10:10.4462306Z Loading safetensors checkpoint shards:  32% Completed | 77/241 [02:07<05:02,  1.84s/it]
2026-03-19T04:10:11.3993998Z (Worker pid=1380) (Worker_DP0_TP0_EP0 pid=1380) 
2026-03-19T04:10:11.3994547Z Loading safetensors checkpoint shards:  32% Completed | 78/241 [02:08<04:16,  1.58s/it]
2026-03-19T04:10:12.9262989Z (Worker pid=1380) (Worker_DP0_TP0_EP0 pid=1380) 
2026-03-19T04:10:12.9263646Z Loading safetensors checkpoint shards:  33% Completed | 79/241 [02:10<04:12,  1.56s/it]
2026-03-19T04:10:14.4282900Z (Worker pid=1380) (Worker_DP0_TP0_EP0 pid=1380) 
2026-03-19T04:10:14.4283498Z Loading safetensors checkpoint shards:  33% Completed | 80/241 [02:11<04:08,  1.54s/it]
2026-03-19T04:10:17.0782860Z (Worker pid=1380) (Worker_DP0_TP0_EP0 pid=1380) 
2026-03-19T04:10:17.0783464Z Loading safetensors checkpoint shards:  34% Completed | 81/241 [02:14<05:00,  1.88s/it]
2026-03-19T04:10:17.9965837Z (Worker pid=1380) (Worker_DP0_TP0_EP0 pid=1380) 
2026-03-19T04:10:17.9966399Z Loading safetensors checkpoint shards:  34% Completed | 82/241 [02:15<04:12,  1.59s/it]
2026-03-19T04:10:19.5404017Z (Worker pid=1380) (Worker_DP0_TP0_EP0 pid=1380) 
2026-03-19T04:10:19.5404585Z Loading safetensors checkpoint shards:  34% Completed | 83/241 [02:16<04:08,  1.58s/it]
2026-03-19T04:10:20.9934910Z (Worker pid=1380) (Worker_DP0_TP0_EP0 pid=1380) 
2026-03-19T04:10:20.9935498Z Loading safetensors checkpoint shards:  35% Completed | 84/241 [02:18<04:01,  1.54s/it]
2026-03-19T04:10:23.5874127Z (Worker pid=1380) (Worker_DP0_TP0_EP0 pid=1380) 
2026-03-19T04:10:23.5874693Z Loading safetensors checkpoint shards:  35% Completed | 85/241 [02:20<04:49,  1.86s/it]
2026-03-19T04:10:25.6435816Z (Worker pid=1380) (Worker_DP0_TP0_EP0 pid=1380) 
2026-03-19T04:10:25.6436680Z Loading safetensors checkpoint shards:  36% Completed | 86/241 [02:22<04:56,  1.92s/it]
2026-03-19T04:10:27.1067322Z (Worker pid=1380) (Worker_DP0_TP0_EP0 pid=1380) 
2026-03-19T04:10:27.1067890Z Loading safetensors checkpoint shards:  36% Completed | 87/241 [02:24<04:34,  1.78s/it]
2026-03-19T04:10:28.7941703Z (Worker pid=1380) (Worker_DP0_TP0_EP0 pid=1380) 
2026-03-19T04:10:28.7942264Z Loading safetensors checkpoint shards:  37% Completed | 88/241 [02:26<04:28,  1.75s/it]
2026-03-19T04:10:31.5141908Z (Worker pid=1380) (Worker_DP0_TP0_EP0 pid=1380) 
2026-03-19T04:10:31.5143076Z Loading safetensors checkpoint shards:  37% Completed | 89/241 [02:28<05:10,  2.04s/it]
2026-03-19T04:10:32.2274468Z (Worker pid=1380) (Worker_DP0_TP0_EP0 pid=1380) 
2026-03-19T04:10:32.2275033Z Loading safetensors checkpoint shards:  37% Completed | 90/241 [02:29<04:08,  1.64s/it]
2026-03-19T04:10:33.7485323Z (Worker pid=1380) (Worker_DP0_TP0_EP0 pid=1380) 
2026-03-19T04:10:33.7485910Z Loading safetensors checkpoint shards:  38% Completed | 91/241 [02:31<04:01,  1.61s/it]
2026-03-19T04:10:35.1677270Z (Worker pid=1380) (Worker_DP0_TP0_EP0 pid=1380) 
2026-03-19T04:10:35.1677838Z Loading safetensors checkpoint shards:  38% Completed | 92/241 [02:32<03:51,  1.55s/it]
2026-03-19T04:10:37.7837629Z (Worker pid=1380) (Worker_DP0_TP0_EP0 pid=1380) 
2026-03-19T04:10:37.7838202Z Loading safetensors checkpoint shards:  39% Completed | 93/241 [02:35<04:36,  1.87s/it]
2026-03-19T04:10:38.6467505Z (Worker pid=1380) (Worker_DP0_TP0_EP0 pid=1380) 
2026-03-19T04:10:38.6468061Z Loading safetensors checkpoint shards:  39% Completed | 94/241 [02:35<03:50,  1.57s/it]
2026-03-19T04:10:40.2041259Z (Worker pid=1380) (Worker_DP0_TP0_EP0 pid=1380) 
2026-03-19T04:10:40.2041818Z Loading safetensors checkpoint shards:  39% Completed | 95/241 [02:37<03:48,  1.56s/it]
2026-03-19T04:10:41.6307359Z (Worker pid=1380) (Worker_DP0_TP0_EP0 pid=1380) 
2026-03-19T04:10:41.6307926Z Loading safetensors checkpoint shards:  40% Completed | 96/241 [02:38<03:40,  1.52s/it]
2026-03-19T04:10:44.2797402Z (Worker pid=1380) (Worker_DP0_TP0_EP0 pid=1380) 
2026-03-19T04:10:44.2797948Z Loading safetensors checkpoint shards:  40% Completed | 97/241 [02:41<04:27,  1.86s/it]
2026-03-19T04:10:45.1998123Z (Worker pid=1380) (Worker_DP0_TP0_EP0 pid=1380) 
2026-03-19T04:10:45.1998697Z Loading safetensors checkpoint shards:  41% Completed | 98/241 [02:42<03:45,  1.58s/it]
2026-03-19T04:10:46.8059679Z (Worker pid=1380) (Worker_DP0_TP0_EP0 pid=1380) 
2026-03-19T04:10:46.8060343Z Loading safetensors checkpoint shards:  41% Completed | 99/241 [02:44<03:45,  1.59s/it]
2026-03-19T04:10:48.2426581Z (Worker pid=1380) (Worker_DP0_TP0_EP0 pid=1380) 
2026-03-19T04:10:48.2427165Z Loading safetensors checkpoint shards:  41% Completed | 100/241 [02:45<03:37,  1.54s/it]
2026-03-19T04:10:50.8528513Z (Worker pid=1380) (Worker_DP0_TP0_EP0 pid=1380) 
2026-03-19T04:10:50.8529072Z Loading safetensors checkpoint shards:  42% Completed | 101/241 [02:48<04:20,  1.86s/it]
2026-03-19T04:10:51.7322003Z (Worker pid=1380) (Worker_DP0_TP0_EP0 pid=1380) 
2026-03-19T04:10:51.7322571Z Loading safetensors checkpoint shards:  42% Completed | 102/241 [02:49<03:37,  1.57s/it]
2026-03-19T04:10:53.2540441Z (Worker pid=1380) (Worker_DP0_TP0_EP0 pid=1380) 
2026-03-19T04:10:53.2540996Z Loading safetensors checkpoint shards:  43% Completed | 103/241 [02:50<03:34,  1.55s/it]
2026-03-19T04:10:54.6309057Z (Worker pid=1380) (Worker_DP0_TP0_EP0 pid=1380) 
2026-03-19T04:10:54.6309628Z Loading safetensors checkpoint shards:  43% Completed | 104/241 [02:51<03:25,  1.50s/it]
2026-03-19T04:10:57.2569565Z (Worker pid=1380) (Worker_DP0_TP0_EP0 pid=1380) 
2026-03-19T04:10:57.2570273Z Loading safetensors checkpoint shards:  44% Completed | 105/241 [02:54<04:10,  1.84s/it]
2026-03-19T04:10:58.0852819Z (Worker pid=1380) (Worker_DP0_TP0_EP0 pid=1380) 
2026-03-19T04:10:58.0853384Z Loading safetensors checkpoint shards:  44% Completed | 106/241 [02:55<03:27,  1.54s/it]
2026-03-19T04:10:59.5059732Z (Worker pid=1380) (Worker_DP0_TP0_EP0 pid=1380) 
2026-03-19T04:10:59.5060402Z Loading safetensors checkpoint shards:  44% Completed | 107/241 [02:56<03:21,  1.50s/it]
2026-03-19T04:11:00.8545397Z (Worker pid=1380) (Worker_DP0_TP0_EP0 pid=1380) 
2026-03-19T04:11:00.8545965Z Loading safetensors checkpoint shards:  45% Completed | 108/241 [02:58<03:13,  1.46s/it]
2026-03-19T04:11:03.4136269Z (Worker pid=1380) (Worker_DP0_TP0_EP0 pid=1380) 
2026-03-19T04:11:03.4136828Z Loading safetensors checkpoint shards:  45% Completed | 109/241 [03:00<03:55,  1.79s/it]
2026-03-19T04:11:04.3554817Z (Worker pid=1380) (Worker_DP0_TP0_EP0 pid=1380) 
2026-03-19T04:11:04.3555716Z Loading safetensors checkpoint shards:  46% Completed | 110/241 [03:01<03:20,  1.53s/it]
2026-03-19T04:11:05.9744419Z (Worker pid=1380) (Worker_DP0_TP0_EP0 pid=1380) 
2026-03-19T04:11:05.9744979Z Loading safetensors checkpoint shards:  46% Completed | 111/241 [03:03<03:22,  1.56s/it]
2026-03-19T04:11:07.4019996Z (Worker pid=1380) (Worker_DP0_TP0_EP0 pid=1380) 
2026-03-19T04:11:07.4020607Z Loading safetensors checkpoint shards:  46% Completed | 112/241 [03:04<03:16,  1.52s/it]
2026-03-19T04:11:10.1430773Z (Worker pid=1380) (Worker_DP0_TP0_EP0 pid=1380) 
2026-03-19T04:11:10.1431333Z Loading safetensors checkpoint shards:  47% Completed | 113/241 [03:07<04:01,  1.89s/it]
2026-03-19T04:11:10.9809580Z (Worker pid=1380) (Worker_DP0_TP0_EP0 pid=1380) 
2026-03-19T04:11:10.9810240Z Loading safetensors checkpoint shards:  47% Completed | 114/241 [03:08<03:19,  1.57s/it]
2026-03-19T04:11:12.5684999Z (Worker pid=1380) (Worker_DP0_TP0_EP0 pid=1380) 
2026-03-19T04:11:12.5685551Z Loading safetensors checkpoint shards:  48% Completed | 115/241 [03:09<03:18,  1.58s/it]
2026-03-19T04:11:13.9636193Z (Worker pid=1380) (Worker_DP0_TP0_EP0 pid=1380) 
2026-03-19T04:11:13.9636757Z Loading safetensors checkpoint shards:  48% Completed | 116/241 [03:11<03:10,  1.52s/it]
2026-03-19T04:11:16.6938456Z (Worker pid=1380) (Worker_DP0_TP0_EP0 pid=1380) 
2026-03-19T04:11:16.6939028Z Loading safetensors checkpoint shards:  49% Completed | 117/241 [03:14<03:53,  1.88s/it]
2026-03-19T04:11:17.4990964Z (Worker pid=1380) (Worker_DP0_TP0_EP0 pid=1380) 
2026-03-19T04:11:17.4991528Z Loading safetensors checkpoint shards:  49% Completed | 118/241 [03:14<03:11,  1.56s/it]
2026-03-19T04:11:19.0560340Z (Worker pid=1380) (Worker_DP0_TP0_EP0 pid=1380) 
2026-03-19T04:11:19.0560902Z Loading safetensors checkpoint shards:  49% Completed | 119/241 [03:16<03:10,  1.56s/it]
2026-03-19T04:11:20.3961110Z (Worker pid=1380) (Worker_DP0_TP0_EP0 pid=1380) 
2026-03-19T04:11:20.3961691Z Loading safetensors checkpoint shards:  50% Completed | 120/241 [03:17<03:00,  1.49s/it]
2026-03-19T04:11:23.5226630Z (Worker pid=1380) (Worker_DP0_TP0_EP0 pid=1380) 
2026-03-19T04:11:23.5227210Z Loading safetensors checkpoint shards:  50% Completed | 121/241 [03:20<03:58,  1.98s/it]
2026-03-19T04:11:23.9550943Z (Worker pid=1380) (Worker_DP0_TP0_EP0 pid=1380) 
2026-03-19T04:11:23.9551502Z Loading safetensors checkpoint shards:  51% Completed | 122/241 [03:21<03:00,  1.52s/it]
2026-03-19T04:11:25.7319262Z (Worker pid=1380) (Worker_DP0_TP0_EP0 pid=1380) 
2026-03-19T04:11:25.7319894Z Loading safetensors checkpoint shards:  51% Completed | 123/241 [03:23<03:08,  1.60s/it]
2026-03-19T04:11:27.0954573Z (Worker pid=1380) (Worker_DP0_TP0_EP0 pid=1380) 
2026-03-19T04:11:27.0955135Z Loading safetensors checkpoint shards:  51% Completed | 124/241 [03:24<02:58,  1.53s/it]
2026-03-19T04:11:29.8374383Z (Worker pid=1380) (Worker_DP0_TP0_EP0 pid=1380) 
2026-03-19T04:11:29.8374949Z Loading safetensors checkpoint shards:  52% Completed | 125/241 [03:27<03:39,  1.89s/it]
2026-03-19T04:11:30.7435615Z (Worker pid=1380) (Worker_DP0_TP0_EP0 pid=1380) 
2026-03-19T04:11:30.7436212Z Loading safetensors checkpoint shards:  52% Completed | 126/241 [03:28<03:03,  1.60s/it]
2026-03-19T04:11:32.3640773Z (Worker pid=1380) (Worker_DP0_TP0_EP0 pid=1380) 
2026-03-19T04:11:32.3641330Z Loading safetensors checkpoint shards:  53% Completed | 127/241 [03:29<03:02,  1.60s/it]
2026-03-19T04:11:33.7501198Z (Worker pid=1380) (Worker_DP0_TP0_EP0 pid=1380) 
2026-03-19T04:11:33.7501756Z Loading safetensors checkpoint shards:  53% Completed | 128/241 [03:31<02:53,  1.54s/it]
2026-03-19T04:11:36.4062721Z (Worker pid=1380) (Worker_DP0_TP0_EP0 pid=1380) 
2026-03-19T04:11:36.4063293Z Loading safetensors checkpoint shards:  54% Completed | 129/241 [03:33<03:29,  1.87s/it]
2026-03-19T04:11:37.4084772Z (Worker pid=1380) (Worker_DP0_TP0_EP0 pid=1380) 
2026-03-19T04:11:37.4085346Z Loading safetensors checkpoint shards:  54% Completed | 130/241 [03:34<02:58,  1.61s/it]
2026-03-19T04:11:38.9267331Z (Worker pid=1380) (Worker_DP0_TP0_EP0 pid=1380) 
2026-03-19T04:11:38.9268197Z Loading safetensors checkpoint shards:  54% Completed | 131/241 [03:36<02:54,  1.58s/it]
2026-03-19T04:11:40.2673798Z (Worker pid=1380) (Worker_DP0_TP0_EP0 pid=1380) 
2026-03-19T04:11:40.2674358Z Loading safetensors checkpoint shards:  55% Completed | 132/241 [03:37<02:44,  1.51s/it]
2026-03-19T04:11:43.0374074Z (Worker pid=1380) (Worker_DP0_TP0_EP0 pid=1380) 
2026-03-19T04:11:43.0374676Z Loading safetensors checkpoint shards:  55% Completed | 133/241 [03:40<03:23,  1.89s/it]
2026-03-19T04:11:43.9014326Z (Worker pid=1380) (Worker_DP0_TP0_EP0 pid=1380) 
2026-03-19T04:11:43.9014883Z Loading safetensors checkpoint shards:  56% Completed | 134/241 [03:41<02:49,  1.58s/it]
2026-03-19T04:11:45.7108602Z (Worker pid=1380) (Worker_DP0_TP0_EP0 pid=1380) 
2026-03-19T04:11:45.7109186Z Loading safetensors checkpoint shards:  56% Completed | 135/241 [03:43<02:54,  1.65s/it]
2026-03-19T04:11:47.0410355Z (Worker pid=1380) (Worker_DP0_TP0_EP0 pid=1380) 
2026-03-19T04:11:47.0410917Z Loading safetensors checkpoint shards:  56% Completed | 136/241 [03:44<02:43,  1.55s/it]
2026-03-19T04:11:49.8762225Z (Worker pid=1380) (Worker_DP0_TP0_EP0 pid=1380) 
2026-03-19T04:11:49.8762782Z Loading safetensors checkpoint shards:  57% Completed | 137/241 [03:47<03:21,  1.94s/it]
2026-03-19T04:11:50.7480417Z (Worker pid=1380) (Worker_DP0_TP0_EP0 pid=1380) 
2026-03-19T04:11:50.7481020Z Loading safetensors checkpoint shards:  57% Completed | 138/241 [03:48<02:46,  1.62s/it]
2026-03-19T04:11:52.3256976Z (Worker pid=1380) (Worker_DP0_TP0_EP0 pid=1380) 
2026-03-19T04:11:52.3257582Z Loading safetensors checkpoint shards:  58% Completed | 139/241 [03:49<02:43,  1.61s/it]
2026-03-19T04:11:53.6620139Z (Worker pid=1380) (Worker_DP0_TP0_EP0 pid=1380) 
2026-03-19T04:11:53.6620693Z Loading safetensors checkpoint shards:  58% Completed | 140/241 [03:50<02:34,  1.53s/it]
2026-03-19T04:11:56.4762142Z (Worker pid=1380) (Worker_DP0_TP0_EP0 pid=1380) 
2026-03-19T04:11:56.4762713Z Loading safetensors checkpoint shards:  59% Completed | 141/241 [03:53<03:11,  1.91s/it]
2026-03-19T04:11:57.3625099Z (Worker pid=1380) (Worker_DP0_TP0_EP0 pid=1380) 
2026-03-19T04:11:57.3625664Z Loading safetensors checkpoint shards:  59% Completed | 142/241 [03:54<02:38,  1.60s/it]
2026-03-19T04:11:58.8338264Z (Worker pid=1380) (Worker_DP0_TP0_EP0 pid=1380) 
2026-03-19T04:11:58.8338825Z Loading safetensors checkpoint shards:  59% Completed | 143/241 [03:56<02:33,  1.56s/it]
2026-03-19T04:12:00.2387344Z (Worker pid=1380) (Worker_DP0_TP0_EP0 pid=1380) 
2026-03-19T04:12:00.2387915Z Loading safetensors checkpoint shards:  60% Completed | 144/241 [03:57<02:27,  1.52s/it]
2026-03-19T04:12:03.0166382Z (Worker pid=1380) (Worker_DP0_TP0_EP0 pid=1380) 
2026-03-19T04:12:03.0166928Z Loading safetensors checkpoint shards:  60% Completed | 145/241 [04:00<03:01,  1.89s/it]
2026-03-19T04:12:04.1330308Z (Worker pid=1380) (Worker_DP0_TP0_EP0 pid=1380) 
2026-03-19T04:12:04.1330883Z Loading safetensors checkpoint shards:  61% Completed | 146/241 [04:01<02:37,  1.66s/it]
2026-03-19T04:12:05.7997189Z (Worker pid=1380) (Worker_DP0_TP0_EP0 pid=1380) 
2026-03-19T04:12:05.7997787Z Loading safetensors checkpoint shards:  61% Completed | 147/241 [04:03<02:36,  1.66s/it]
2026-03-19T04:12:07.1451446Z (Worker pid=1380) (Worker_DP0_TP0_EP0 pid=1380) 
2026-03-19T04:12:07.1452015Z Loading safetensors checkpoint shards:  61% Completed | 148/241 [04:04<02:25,  1.57s/it]
2026-03-19T04:12:09.8814717Z (Worker pid=1380) (Worker_DP0_TP0_EP0 pid=1380) 
2026-03-19T04:12:09.8815294Z Loading safetensors checkpoint shards:  62% Completed | 149/241 [04:07<02:56,  1.92s/it]
2026-03-19T04:12:10.8337055Z (Worker pid=1380) (Worker_DP0_TP0_EP0 pid=1380) 
2026-03-19T04:12:10.8337632Z Loading safetensors checkpoint shards:  62% Completed | 150/241 [04:08<02:28,  1.63s/it]
2026-03-19T04:12:12.3816419Z (Worker pid=1380) (Worker_DP0_TP0_EP0 pid=1380) 
2026-03-19T04:12:12.3816984Z Loading safetensors checkpoint shards:  63% Completed | 151/241 [04:09<02:24,  1.60s/it]
2026-03-19T04:12:13.7248506Z (Worker pid=1380) (Worker_DP0_TP0_EP0 pid=1380) 
2026-03-19T04:12:13.7249375Z Loading safetensors checkpoint shards:  63% Completed | 152/241 [04:11<02:15,  1.53s/it]
2026-03-19T04:12:16.5094831Z (Worker pid=1380) (Worker_DP0_TP0_EP0 pid=1380) 
2026-03-19T04:12:16.5095380Z Loading safetensors checkpoint shards:  63% Completed | 153/241 [04:13<02:47,  1.90s/it]
2026-03-19T04:12:17.1818134Z (Worker pid=1380) (Worker_DP0_TP0_EP0 pid=1380) 
2026-03-19T04:12:17.1818751Z Loading safetensors checkpoint shards:  64% Completed | 154/241 [04:14<02:13,  1.53s/it]
2026-03-19T04:12:18.8891599Z (Worker pid=1380) (Worker_DP0_TP0_EP0 pid=1380) 
2026-03-19T04:12:18.8892159Z Loading safetensors checkpoint shards:  64% Completed | 155/241 [04:16<02:16,  1.59s/it]
2026-03-19T04:12:20.3740515Z (Worker pid=1380) (Worker_DP0_TP0_EP0 pid=1380) 
2026-03-19T04:12:20.3741073Z Loading safetensors checkpoint shards:  65% Completed | 156/241 [04:17<02:12,  1.56s/it]
2026-03-19T04:12:23.1803200Z (Worker pid=1380) (Worker_DP0_TP0_EP0 pid=1380) 
2026-03-19T04:12:23.1803797Z Loading safetensors checkpoint shards:  65% Completed | 157/241 [04:20<02:42,  1.93s/it]
2026-03-19T04:12:23.8726533Z (Worker pid=1380) (Worker_DP0_TP0_EP0 pid=1380) 
2026-03-19T04:12:23.8727103Z Loading safetensors checkpoint shards:  66% Completed | 158/241 [04:21<02:09,  1.56s/it]
2026-03-19T04:12:25.5814887Z (Worker pid=1380) (Worker_DP0_TP0_EP0 pid=1380) 
2026-03-19T04:12:25.5815471Z Loading safetensors checkpoint shards:  66% Completed | 159/241 [04:22<02:11,  1.60s/it]
2026-03-19T04:12:27.2143190Z (Worker pid=1380) (Worker_DP0_TP0_EP0 pid=1380) 
2026-03-19T04:12:27.2143750Z Loading safetensors checkpoint shards:  66% Completed | 160/241 [04:24<02:10,  1.61s/it]
2026-03-19T04:12:29.9192521Z (Worker pid=1380) (Worker_DP0_TP0_EP0 pid=1380) 
2026-03-19T04:12:29.9193089Z Loading safetensors checkpoint shards:  67% Completed | 161/241 [04:27<02:35,  1.94s/it]
2026-03-19T04:12:30.6366414Z (Worker pid=1380) (Worker_DP0_TP0_EP0 pid=1380) 
2026-03-19T04:12:30.6366985Z Loading safetensors checkpoint shards:  67% Completed | 162/241 [04:27<02:04,  1.57s/it]
2026-03-19T04:12:32.3382053Z (Worker pid=1380) (Worker_DP0_TP0_EP0 pid=1380) 
2026-03-19T04:12:32.3382627Z Loading safetensors checkpoint shards:  68% Completed | 163/241 [04:29<02:05,  1.61s/it]
2026-03-19T04:12:33.8415079Z (Worker pid=1380) (Worker_DP0_TP0_EP0 pid=1380) 
2026-03-19T04:12:33.8415650Z Loading safetensors checkpoint shards:  68% Completed | 164/241 [04:31<02:01,  1.58s/it]
2026-03-19T04:12:36.0342199Z (Worker pid=1380) (Worker_DP0_TP0_EP0 pid=1380) 
2026-03-19T04:12:36.0342776Z Loading safetensors checkpoint shards:  68% Completed | 165/241 [04:33<02:14,  1.76s/it]
2026-03-19T04:12:37.1613602Z (Worker pid=1380) (Worker_DP0_TP0_EP0 pid=1380) 
2026-03-19T04:12:37.1614151Z Loading safetensors checkpoint shards:  69% Completed | 166/241 [04:34<01:57,  1.57s/it]
2026-03-19T04:12:38.8530397Z (Worker pid=1380) (Worker_DP0_TP0_EP0 pid=1380) 
2026-03-19T04:12:38.8530960Z Loading safetensors checkpoint shards:  69% Completed | 167/241 [04:36<01:59,  1.61s/it]
2026-03-19T04:12:40.4063716Z (Worker pid=1380) (Worker_DP0_TP0_EP0 pid=1380) 
2026-03-19T04:12:40.4064313Z Loading safetensors checkpoint shards:  70% Completed | 168/241 [04:37<01:56,  1.59s/it]
2026-03-19T04:12:42.4585528Z (Worker pid=1380) (Worker_DP0_TP0_EP0 pid=1380) 
2026-03-19T04:12:42.4586093Z Loading safetensors checkpoint shards:  70% Completed | 169/241 [04:39<02:04,  1.73s/it]
2026-03-19T04:12:43.5598429Z (Worker pid=1380) (Worker_DP0_TP0_EP0 pid=1380) 
2026-03-19T04:12:43.5598994Z Loading safetensors checkpoint shards:  71% Completed | 170/241 [04:40<01:49,  1.54s/it]
2026-03-19T04:12:45.2043358Z (Worker pid=1380) (Worker_DP0_TP0_EP0 pid=1380) 
2026-03-19T04:12:45.2065482Z Loading safetensors checkpoint shards:  71% Completed | 171/241 [04:42<01:49,  1.56s/it]
2026-03-19T04:12:46.9702297Z (Worker pid=1380) (Worker_DP0_TP0_EP0 pid=1380) 
2026-03-19T04:12:46.9702855Z Loading safetensors checkpoint shards:  71% Completed | 172/241 [04:44<01:52,  1.63s/it]
2026-03-19T04:12:48.5884231Z (Worker pid=1380) (Worker_DP0_TP0_EP0 pid=1380) 
2026-03-19T04:12:48.5885065Z Loading safetensors checkpoint shards:  72% Completed | 173/241 [04:45<01:50,  1.63s/it]
2026-03-19T04:12:49.8964837Z (Worker pid=1380) (Worker_DP0_TP0_EP0 pid=1380) 
2026-03-19T04:12:49.8965405Z Loading safetensors checkpoint shards:  72% Completed | 174/241 [04:47<01:42,  1.53s/it]
2026-03-19T04:12:51.5760105Z (Worker pid=1380) (Worker_DP0_TP0_EP0 pid=1380) 
2026-03-19T04:12:51.5760685Z Loading safetensors checkpoint shards:  73% Completed | 175/241 [04:48<01:44,  1.58s/it]
2026-03-19T04:12:53.6567733Z (Worker pid=1380) (Worker_DP0_TP0_EP0 pid=1380) 
2026-03-19T04:12:53.6568566Z Loading safetensors checkpoint shards:  73% Completed | 176/241 [04:50<01:52,  1.73s/it]
2026-03-19T04:12:55.1252501Z (Worker pid=1380) (Worker_DP0_TP0_EP0 pid=1380) 
2026-03-19T04:12:55.1253080Z Loading safetensors checkpoint shards:  73% Completed | 177/241 [04:52<01:45,  1.65s/it]
2026-03-19T04:12:56.6493679Z (Worker pid=1380) (Worker_DP0_TP0_EP0 pid=1380) 
2026-03-19T04:12:56.6494291Z Loading safetensors checkpoint shards:  74% Completed | 178/241 [04:53<01:41,  1.61s/it]
2026-03-19T04:12:58.2884914Z (Worker pid=1380) (Worker_DP0_TP0_EP0 pid=1380) 
2026-03-19T04:12:58.2885465Z Loading safetensors checkpoint shards:  74% Completed | 179/241 [04:55<01:40,  1.62s/it]
2026-03-19T04:13:00.5344810Z (Worker pid=1380) (Worker_DP0_TP0_EP0 pid=1380) 
2026-03-19T04:13:00.5345405Z Loading safetensors checkpoint shards:  75% Completed | 180/241 [04:57<01:50,  1.81s/it]
2026-03-19T04:13:01.8841848Z (Worker pid=1380) (Worker_DP0_TP0_EP0 pid=1380) 
2026-03-19T04:13:01.8842423Z Loading safetensors checkpoint shards:  75% Completed | 181/241 [04:59<01:40,  1.67s/it]
2026-03-19T04:13:03.3114947Z (Worker pid=1380) (Worker_DP0_TP0_EP0 pid=1380) 
2026-03-19T04:13:03.3115515Z Loading safetensors checkpoint shards:  76% Completed | 182/241 [05:00<01:34,  1.60s/it]
2026-03-19T04:13:04.9654104Z (Worker pid=1380) (Worker_DP0_TP0_EP0 pid=1380) 
2026-03-19T04:13:04.9654680Z Loading safetensors checkpoint shards:  76% Completed | 183/241 [05:02<01:33,  1.61s/it]
2026-03-19T04:13:07.2219188Z (Worker pid=1380) (Worker_DP0_TP0_EP0 pid=1380) 
2026-03-19T04:13:07.2219770Z Loading safetensors checkpoint shards:  76% Completed | 184/241 [05:04<01:43,  1.81s/it]
2026-03-19T04:13:08.2901067Z (Worker pid=1380) (Worker_DP0_TP0_EP0 pid=1380) 
2026-03-19T04:13:08.2901650Z Loading safetensors checkpoint shards:  77% Completed | 185/241 [05:05<01:28,  1.58s/it]
2026-03-19T04:13:09.9275659Z (Worker pid=1380) (Worker_DP0_TP0_EP0 pid=1380) 
2026-03-19T04:13:09.9276209Z Loading safetensors checkpoint shards:  77% Completed | 186/241 [05:07<01:28,  1.60s/it]
2026-03-19T04:13:11.4914843Z (Worker pid=1380) (Worker_DP0_TP0_EP0 pid=1380) 
2026-03-19T04:13:11.4915419Z Loading safetensors checkpoint shards:  78% Completed | 187/241 [05:08<01:25,  1.59s/it]
2026-03-19T04:13:14.1602131Z (Worker pid=1380) (Worker_DP0_TP0_EP0 pid=1380) 
2026-03-19T04:13:14.1602678Z Loading safetensors checkpoint shards:  78% Completed | 188/241 [05:11<01:41,  1.91s/it]
2026-03-19T04:13:14.8840477Z (Worker pid=1380) (Worker_DP0_TP0_EP0 pid=1380) 
2026-03-19T04:13:14.8841075Z Loading safetensors checkpoint shards:  78% Completed | 189/241 [05:12<01:20,  1.56s/it]
2026-03-19T04:13:16.4837280Z (Worker pid=1380) (Worker_DP0_TP0_EP0 pid=1380) 
2026-03-19T04:13:16.4837832Z Loading safetensors checkpoint shards:  79% Completed | 190/241 [05:13<01:20,  1.57s/it]
2026-03-19T04:13:18.1466433Z (Worker pid=1380) (Worker_DP0_TP0_EP0 pid=1380) 
2026-03-19T04:13:18.1466998Z Loading safetensors checkpoint shards:  79% Completed | 191/241 [05:15<01:19,  1.60s/it]
2026-03-19T04:13:21.7460306Z (Worker pid=1380) (Worker_DP0_TP0_EP0 pid=1380) 
2026-03-19T04:13:21.7460892Z Loading safetensors checkpoint shards:  80% Completed | 192/241 [05:19<01:47,  2.20s/it]
2026-03-19T04:13:21.9480796Z (Worker pid=1380) (Worker_DP0_TP0_EP0 pid=1380) 
2026-03-19T04:13:21.9481307Z Loading safetensors checkpoint shards:  80% Completed | 193/241 [05:19<01:16,  1.60s/it]
2026-03-19T04:13:23.4533098Z (Worker pid=1380) (Worker_DP0_TP0_EP0 pid=1380) 
2026-03-19T04:13:23.4533939Z Loading safetensors checkpoint shards:  80% Completed | 194/241 [05:20<01:13,  1.57s/it]
2026-03-19T04:13:25.0606794Z (Worker pid=1380) (Worker_DP0_TP0_EP0 pid=1380) 
2026-03-19T04:13:25.0607363Z Loading safetensors checkpoint shards:  81% Completed | 195/241 [05:22<01:12,  1.58s/it]
2026-03-19T04:13:27.6967718Z (Worker pid=1380) (Worker_DP0_TP0_EP0 pid=1380) 
2026-03-19T04:13:27.6968284Z Loading safetensors checkpoint shards:  81% Completed | 196/241 [05:25<01:25,  1.90s/it]
2026-03-19T04:13:28.3259630Z (Worker pid=1380) (Worker_DP0_TP0_EP0 pid=1380) 
2026-03-19T04:13:28.3260292Z Loading safetensors checkpoint shards:  82% Completed | 197/241 [05:25<01:06,  1.52s/it]
2026-03-19T04:13:30.1212551Z (Worker pid=1380) (Worker_DP0_TP0_EP0 pid=1380) 
2026-03-19T04:13:30.1213127Z Loading safetensors checkpoint shards:  82% Completed | 198/241 [05:27<01:08,  1.60s/it]
2026-03-19T04:13:31.7069601Z (Worker pid=1380) (Worker_DP0_TP0_EP0 pid=1380) 
2026-03-19T04:13:31.7070298Z Loading safetensors checkpoint shards:  83% Completed | 199/241 [05:29<01:07,  1.60s/it]
2026-03-19T04:13:34.4438573Z (Worker pid=1380) (Worker_DP0_TP0_EP0 pid=1380) 
2026-03-19T04:13:34.4439147Z Loading safetensors checkpoint shards:  83% Completed | 200/241 [05:31<01:19,  1.94s/it]
2026-03-19T04:13:35.0102689Z (Worker pid=1380) (Worker_DP0_TP0_EP0 pid=1380) 
2026-03-19T04:13:35.0103270Z Loading safetensors checkpoint shards:  83% Completed | 201/241 [05:32<01:01,  1.53s/it]
2026-03-19T04:13:36.7510803Z (Worker pid=1380) (Worker_DP0_TP0_EP0 pid=1380) 
2026-03-19T04:13:36.7511368Z Loading safetensors checkpoint shards:  84% Completed | 202/241 [05:34<01:02,  1.59s/it]
2026-03-19T04:13:38.3155432Z (Worker pid=1380) (Worker_DP0_TP0_EP0 pid=1380) 
2026-03-19T04:13:38.3156007Z Loading safetensors checkpoint shards:  84% Completed | 203/241 [05:35<01:00,  1.58s/it]
2026-03-19T04:13:41.6151862Z (Worker pid=1380) (Worker_DP0_TP0_EP0 pid=1380) 
2026-03-19T04:13:41.6152508Z Loading safetensors checkpoint shards:  85% Completed | 204/241 [05:38<01:17,  2.10s/it]
2026-03-19T04:13:41.8171181Z (Worker pid=1380) (Worker_DP0_TP0_EP0 pid=1380) 
2026-03-19T04:13:41.8171738Z Loading safetensors checkpoint shards:  85% Completed | 205/241 [05:39<00:55,  1.53s/it]
2026-03-19T04:13:43.4431869Z (Worker pid=1380) (Worker_DP0_TP0_EP0 pid=1380) 
2026-03-19T04:13:43.4432443Z Loading safetensors checkpoint shards:  85% Completed | 206/241 [05:40<00:54,  1.56s/it]
2026-03-19T04:13:45.0126079Z (Worker pid=1380) (Worker_DP0_TP0_EP0 pid=1380) 
2026-03-19T04:13:45.0126636Z Loading safetensors checkpoint shards:  86% Completed | 207/241 [05:42<00:53,  1.56s/it]
2026-03-19T04:13:48.0258319Z (Worker pid=1380) (Worker_DP0_TP0_EP0 pid=1380) 
2026-03-19T04:13:48.0258867Z Loading safetensors checkpoint shards:  86% Completed | 208/241 [05:45<01:05,  2.00s/it]
2026-03-19T04:13:48.3005881Z (Worker pid=1380) (Worker_DP0_TP0_EP0 pid=1380) 
2026-03-19T04:13:48.3006431Z Loading safetensors checkpoint shards:  87% Completed | 209/241 [05:45<00:47,  1.48s/it]
2026-03-19T04:13:50.1653453Z (Worker pid=1380) (Worker_DP0_TP0_EP0 pid=1380) 
2026-03-19T04:13:50.1654025Z Loading safetensors checkpoint shards:  87% Completed | 210/241 [05:47<00:49,  1.60s/it]
2026-03-19T04:13:51.7596330Z (Worker pid=1380) (Worker_DP0_TP0_EP0 pid=1380) 
2026-03-19T04:13:51.7596812Z Loading safetensors checkpoint shards:  88% Completed | 211/241 [05:49<00:47,  1.60s/it]
2026-03-19T04:13:54.4176955Z (Worker pid=1380) (Worker_DP0_TP0_EP0 pid=1380) 
2026-03-19T04:13:54.4177526Z Loading safetensors checkpoint shards:  88% Completed | 212/241 [05:51<00:55,  1.91s/it]
2026-03-19T04:13:55.0541415Z (Worker pid=1380) (Worker_DP0_TP0_EP0 pid=1380) 
2026-03-19T04:13:55.0541918Z Loading safetensors checkpoint shards:  88% Completed | 213/241 [05:52<00:42,  1.53s/it]
2026-03-19T04:13:56.8063709Z (Worker pid=1380) (Worker_DP0_TP0_EP0 pid=1380) 
2026-03-19T04:13:56.8064276Z Loading safetensors checkpoint shards:  89% Completed | 214/241 [05:54<00:43,  1.60s/it]
2026-03-19T04:13:58.3304209Z (Worker pid=1380) (Worker_DP0_TP0_EP0 pid=1380) 
2026-03-19T04:13:58.3305073Z Loading safetensors checkpoint shards:  89% Completed | 215/241 [05:55<00:40,  1.58s/it]
2026-03-19T04:14:00.8766930Z (Worker pid=1380) (Worker_DP0_TP0_EP0 pid=1380) 
2026-03-19T04:14:00.8767504Z Loading safetensors checkpoint shards:  90% Completed | 216/241 [05:58<00:46,  1.87s/it]
2026-03-19T04:14:01.7013081Z (Worker pid=1380) (Worker_DP0_TP0_EP0 pid=1380) 
2026-03-19T04:14:01.7013648Z Loading safetensors checkpoint shards:  90% Completed | 217/241 [05:59<00:37,  1.55s/it]
2026-03-19T04:14:03.4005287Z (Worker pid=1380) (Worker_DP0_TP0_EP0 pid=1380) 
2026-03-19T04:14:03.4005846Z Loading safetensors checkpoint shards:  90% Completed | 218/241 [06:00<00:36,  1.60s/it]
2026-03-19T04:14:05.0367280Z (Worker pid=1380) (Worker_DP0_TP0_EP0 pid=1380) 
2026-03-19T04:14:05.0367833Z Loading safetensors checkpoint shards:  91% Completed | 219/241 [06:02<00:35,  1.61s/it]
2026-03-19T04:14:07.7938451Z (Worker pid=1380) (Worker_DP0_TP0_EP0 pid=1380) 
2026-03-19T04:14:07.7939058Z Loading safetensors checkpoint shards:  91% Completed | 220/241 [06:05<00:41,  1.95s/it]
2026-03-19T04:14:08.3141088Z (Worker pid=1380) (Worker_DP0_TP0_EP0 pid=1380) 
2026-03-19T04:14:08.3141647Z Loading safetensors checkpoint shards:  92% Completed | 221/241 [06:05<00:30,  1.52s/it]
2026-03-19T04:14:09.9673730Z (Worker pid=1380) (Worker_DP0_TP0_EP0 pid=1380) 
2026-03-19T04:14:09.9674288Z Loading safetensors checkpoint shards:  92% Completed | 222/241 [06:07<00:29,  1.56s/it]
2026-03-19T04:14:11.4907875Z (Worker pid=1380) (Worker_DP0_TP0_EP0 pid=1380) 
2026-03-19T04:14:11.4908435Z Loading safetensors checkpoint shards:  93% Completed | 223/241 [06:08<00:27,  1.55s/it]
2026-03-19T04:14:14.0970682Z (Worker pid=1380) (Worker_DP0_TP0_EP0 pid=1380) 
2026-03-19T04:14:14.0971250Z Loading safetensors checkpoint shards:  93% Completed | 224/241 [06:11<00:31,  1.87s/it]
2026-03-19T04:14:14.7615350Z (Worker pid=1380) (Worker_DP0_TP0_EP0 pid=1380) 
2026-03-19T04:14:14.7615952Z Loading safetensors checkpoint shards:  93% Completed | 225/241 [06:12<00:24,  1.51s/it]
2026-03-19T04:14:16.4826248Z (Worker pid=1380) (Worker_DP0_TP0_EP0 pid=1380) 
2026-03-19T04:14:16.4826811Z Loading safetensors checkpoint shards:  94% Completed | 226/241 [06:13<00:23,  1.57s/it]
2026-03-19T04:14:18.0017290Z (Worker pid=1380) (Worker_DP0_TP0_EP0 pid=1380) 
2026-03-19T04:14:18.0017897Z Loading safetensors checkpoint shards:  94% Completed | 227/241 [06:15<00:21,  1.56s/it]
2026-03-19T04:14:21.0537268Z (Worker pid=1380) (Worker_DP0_TP0_EP0 pid=1380) 
2026-03-19T04:14:21.0537820Z Loading safetensors checkpoint shards:  95% Completed | 228/241 [06:18<00:26,  2.00s/it]
2026-03-19T04:14:21.2536032Z (Worker pid=1380) (Worker_DP0_TP0_EP0 pid=1380) 
2026-03-19T04:14:21.2536567Z Loading safetensors checkpoint shards:  95% Completed | 229/241 [06:18<00:17,  1.46s/it]
2026-03-19T04:14:23.1795055Z (Worker pid=1380) (Worker_DP0_TP0_EP0 pid=1380) 
2026-03-19T04:14:23.1795604Z Loading safetensors checkpoint shards:  95% Completed | 230/241 [06:20<00:17,  1.60s/it]
2026-03-19T04:14:24.6465146Z (Worker pid=1380) (Worker_DP0_TP0_EP0 pid=1380) 
2026-03-19T04:14:24.6465720Z Loading safetensors checkpoint shards:  96% Completed | 231/241 [06:21<00:15,  1.56s/it]
2026-03-19T04:14:27.3173296Z (Worker pid=1380) (Worker_DP0_TP0_EP0 pid=1380) 
2026-03-19T04:14:27.3174224Z Loading safetensors checkpoint shards:  96% Completed | 232/241 [06:24<00:17,  1.89s/it]
2026-03-19T04:14:27.8388233Z (Worker pid=1380) (Worker_DP0_TP0_EP0 pid=1380) 
2026-03-19T04:14:27.8388797Z Loading safetensors checkpoint shards:  97% Completed | 233/241 [06:25<00:11,  1.48s/it]
2026-03-19T04:14:29.6950939Z (Worker pid=1380) (Worker_DP0_TP0_EP0 pid=1380) 
2026-03-19T04:14:29.6951499Z Loading safetensors checkpoint shards:  97% Completed | 234/241 [06:27<00:11,  1.59s/it]
2026-03-19T04:14:31.1108702Z (Worker pid=1380) (Worker_DP0_TP0_EP0 pid=1380) 
2026-03-19T04:14:31.1109266Z Loading safetensors checkpoint shards:  98% Completed | 235/241 [06:28<00:09,  1.54s/it]
2026-03-19T04:14:33.6862251Z (Worker pid=1380) (Worker_DP0_TP0_EP0 pid=1380) 
2026-03-19T04:14:33.6862820Z Loading safetensors checkpoint shards:  98% Completed | 236/241 [06:31<00:09,  1.85s/it]
2026-03-19T04:14:34.3167948Z (Worker pid=1380) (Worker_DP0_TP0_EP0 pid=1380) 
2026-03-19T04:14:34.3168499Z Loading safetensors checkpoint shards:  98% Completed | 237/241 [06:31<00:05,  1.49s/it]
2026-03-19T04:14:36.0840980Z (Worker pid=1380) (Worker_DP0_TP0_EP0 pid=1380) 
2026-03-19T04:14:36.0841541Z Loading safetensors checkpoint shards:  99% Completed | 238/241 [06:33<00:04,  1.57s/it]
2026-03-19T04:14:37.5580890Z (Worker pid=1380) (Worker_DP0_TP0_EP0 pid=1380) 
2026-03-19T04:14:37.5581445Z Loading safetensors checkpoint shards:  99% Completed | 239/241 [06:34<00:03,  1.54s/it]
2026-03-19T04:14:38.4929192Z (Worker pid=1380) (Worker_DP0_TP0_EP0 pid=1380) 
2026-03-19T04:14:38.4929751Z Loading safetensors checkpoint shards: 100% Completed | 240/241 [06:35<00:01,  1.36s/it]
2026-03-19T04:14:40.2365451Z (Worker pid=1380) (Worker_DP0_TP0_EP0 pid=1380) 
2026-03-19T04:14:40.2366025Z Loading safetensors checkpoint shards: 100% Completed | 241/241 [06:37<00:00,  1.47s/it]
2026-03-19T04:14:40.2396794Z (Worker pid=1380) (Worker_DP0_TP0_EP0 pid=1380) 
2026-03-19T04:14:40.2397276Z Loading safetensors checkpoint shards: 100% Completed | 241/241 [06:37<00:00,  1.65s/it]
2026-03-19T04:14:40.2407120Z (Worker pid=1380) (Worker_DP0_TP0_EP0 pid=1380) 
2026-03-19T04:14:40.2500490Z (Worker pid=1381) (Worker_DP1_TP0_EP8 pid=1381) INFO 03-19 04:14:40 [default_loader.py:293] Loading weights took 397.77 seconds
2026-03-19T04:14:40.2984053Z (Worker pid=1380) (Worker_DP0_TP0_EP0 pid=1380) INFO 03-19 04:14:40 [default_loader.py:293] Loading weights took 397.61 seconds
2026-03-19T04:14:54.6865282Z INFO 03-19 04:14:54 [__init__.py:44] Available plugins for group vllm.platform_plugins:
2026-03-19T04:14:54.6876520Z INFO 03-19 04:14:54 [__init__.py:46] - ascend -> vllm_ascend:register
2026-03-19T04:14:54.6887730Z INFO 03-19 04:14:54 [__init__.py:44] Available plugins for group vllm.platform_plugins:
2026-03-19T04:14:54.6898951Z INFO 03-19 04:14:54 [__init__.py:49] All plugins in this group will be loaded. Set `VLLM_PLUGINS` to control which plugins to load.
2026-03-19T04:14:54.6909487Z INFO 03-19 04:14:54 [__init__.py:46] - ascend -> vllm_ascend:register
2026-03-19T04:14:54.6921072Z INFO 03-19 04:14:54 [__init__.py:49] All plugins in this group will be loaded. Set `VLLM_PLUGINS` to control which plugins to load.
2026-03-19T04:14:54.6932256Z INFO 03-19 04:14:54 [__init__.py:44] Available plugins for group vllm.platform_plugins:
2026-03-19T04:14:54.6942522Z INFO 03-19 04:14:54 [__init__.py:46] - ascend -> vllm_ascend:register
2026-03-19T04:14:54.6953059Z INFO 03-19 04:14:54 [__init__.py:49] All plugins in this group will be loaded. Set `VLLM_PLUGINS` to control which plugins to load.
2026-03-19T04:14:54.6963451Z INFO 03-19 04:14:54 [__init__.py:44] Available plugins for group vllm.platform_plugins:
2026-03-19T04:14:54.6973628Z INFO 03-19 04:14:54 [__init__.py:46] - ascend -> vllm_ascend:register
2026-03-19T04:14:54.6984222Z INFO 03-19 04:14:54 [__init__.py:44] Available plugins for group vllm.platform_plugins:
2026-03-19T04:14:54.6994645Z INFO 03-19 04:14:54 [__init__.py:49] All plugins in this group will be loaded. Set `VLLM_PLUGINS` to control which plugins to load.
2026-03-19T04:14:54.7003905Z INFO 03-19 04:14:54 [__init__.py:46] - ascend -> vllm_ascend:register
2026-03-19T04:14:54.7014878Z INFO 03-19 04:14:54 [__init__.py:49] All plugins in this group will be loaded. Set `VLLM_PLUGINS` to control which plugins to load.
2026-03-19T04:14:54.7025448Z INFO 03-19 04:14:54 [__init__.py:44] Available plugins for group vllm.platform_plugins:
2026-03-19T04:14:54.7035890Z INFO 03-19 04:14:54 [__init__.py:44] Available plugins for group vllm.platform_plugins:
2026-03-19T04:14:54.7045665Z INFO 03-19 04:14:54 [__init__.py:46] - ascend -> vllm_ascend:register
2026-03-19T04:14:54.7055844Z INFO 03-19 04:14:54 [__init__.py:46] - ascend -> vllm_ascend:register
2026-03-19T04:14:54.7066794Z INFO 03-19 04:14:54 [__init__.py:49] All plugins in this group will be loaded. Set `VLLM_PLUGINS` to control which plugins to load.
2026-03-19T04:14:54.7076752Z INFO 03-19 04:14:54 [__init__.py:49] All plugins in this group will be loaded. Set `VLLM_PLUGINS` to control which plugins to load.
2026-03-19T04:14:54.7086096Z INFO 03-19 04:14:54 [__init__.py:44] Available plugins for group vllm.platform_plugins:
2026-03-19T04:14:54.7096528Z INFO 03-19 04:14:54 [__init__.py:44] Available plugins for group vllm.platform_plugins:
2026-03-19T04:14:54.7106496Z INFO 03-19 04:14:54 [__init__.py:46] - ascend -> vllm_ascend:register
2026-03-19T04:14:54.7116352Z INFO 03-19 04:14:54 [__init__.py:46] - ascend -> vllm_ascend:register
2026-03-19T04:14:54.7126523Z INFO 03-19 04:14:54 [__init__.py:44] Available plugins for group vllm.platform_plugins:
2026-03-19T04:14:54.7136808Z INFO 03-19 04:14:54 [__init__.py:49] All plugins in this group will be loaded. Set `VLLM_PLUGINS` to control which plugins to load.
2026-03-19T04:14:54.7146779Z INFO 03-19 04:14:54 [__init__.py:49] All plugins in this group will be loaded. Set `VLLM_PLUGINS` to control which plugins to load.
2026-03-19T04:14:54.7156584Z INFO 03-19 04:14:54 [__init__.py:46] - ascend -> vllm_ascend:register
2026-03-19T04:14:54.7167306Z INFO 03-19 04:14:54 [__init__.py:49] All plugins in this group will be loaded. Set `VLLM_PLUGINS` to control which plugins to load.
2026-03-19T04:14:54.7177112Z INFO 03-19 04:14:54 [__init__.py:44] Available plugins for group vllm.platform_plugins:
2026-03-19T04:14:54.7189239Z INFO 03-19 04:14:54 [__init__.py:46] - ascend -> vllm_ascend:register
2026-03-19T04:14:54.7198861Z INFO 03-19 04:14:54 [__init__.py:44] Available plugins for group vllm.platform_plugins:
2026-03-19T04:14:54.7209347Z INFO 03-19 04:14:54 [__init__.py:49] All plugins in this group will be loaded. Set `VLLM_PLUGINS` to control which plugins to load.
2026-03-19T04:14:54.7219484Z INFO 03-19 04:14:54 [__init__.py:46] - ascend -> vllm_ascend:register
2026-03-19T04:14:54.7229991Z INFO 03-19 04:14:54 [__init__.py:49] All plugins in this group will be loaded. Set `VLLM_PLUGINS` to control which plugins to load.
2026-03-19T04:14:54.7240674Z INFO 03-19 04:14:54 [__init__.py:212] Platform plugin ascend is activated
2026-03-19T04:14:54.7270675Z INFO 03-19 04:14:54 [__init__.py:212] Platform plugin ascend is activated
2026-03-19T04:14:54.7280317Z INFO 03-19 04:14:54 [__init__.py:212] Platform plugin ascend is activated
2026-03-19T04:14:54.7290370Z INFO 03-19 04:14:54 [__init__.py:212] Platform plugin ascend is activated
2026-03-19T04:14:54.7300811Z INFO 03-19 04:14:54 [__init__.py:212] Platform plugin ascend is activated
2026-03-19T04:14:54.7310659Z INFO 03-19 04:14:54 [__init__.py:212] Platform plugin ascend is activated
2026-03-19T04:14:54.7320805Z INFO 03-19 04:14:54 [__init__.py:212] Platform plugin ascend is activated
2026-03-19T04:14:54.7330677Z INFO 03-19 04:14:54 [__init__.py:212] Platform plugin ascend is activated
2026-03-19T04:14:54.7340630Z INFO 03-19 04:14:54 [__init__.py:212] Platform plugin ascend is activated
2026-03-19T04:14:54.7351142Z INFO 03-19 04:14:54 [__init__.py:212] Platform plugin ascend is activated
2026-03-19T04:14:54.7360661Z INFO 03-19 04:14:54 [__init__.py:212] Platform plugin ascend is activated
2026-03-19T04:14:54.7370507Z INFO 03-19 04:14:54 [__init__.py:212] Platform plugin ascend is activated
2026-03-19T04:14:54.7576734Z INFO 03-19 04:14:54 [__init__.py:44] Available plugins for group vllm.platform_plugins:
2026-03-19T04:14:54.7586641Z INFO 03-19 04:14:54 [__init__.py:46] - ascend -> vllm_ascend:register
2026-03-19T04:14:54.7596870Z INFO 03-19 04:14:54 [__init__.py:49] All plugins in this group will be loaded. Set `VLLM_PLUGINS` to control which plugins to load.
2026-03-19T04:14:54.7606347Z INFO 03-19 04:14:54 [__init__.py:44] Available plugins for group vllm.platform_plugins:
2026-03-19T04:14:54.7615970Z INFO 03-19 04:14:54 [__init__.py:46] - ascend -> vllm_ascend:register
2026-03-19T04:14:54.7626370Z INFO 03-19 04:14:54 [__init__.py:49] All plugins in this group will be loaded. Set `VLLM_PLUGINS` to control which plugins to load.
2026-03-19T04:14:54.7656111Z INFO 03-19 04:14:54 [__init__.py:212] Platform plugin ascend is activated
2026-03-19T04:14:54.7666217Z INFO 03-19 04:14:54 [__init__.py:212] Platform plugin ascend is activated
2026-03-19T04:14:54.8534247Z INFO 03-19 04:14:54 [__init__.py:44] Available plugins for group vllm.platform_plugins:
2026-03-19T04:14:54.8543767Z INFO 03-19 04:14:54 [__init__.py:46] - ascend -> vllm_ascend:register
2026-03-19T04:14:54.8553964Z INFO 03-19 04:14:54 [__init__.py:44] Available plugins for group vllm.platform_plugins:
2026-03-19T04:14:54.8563516Z INFO 03-19 04:14:54 [__init__.py:49] All plugins in this group will be loaded. Set `VLLM_PLUGINS` to control which plugins to load.
2026-03-19T04:14:54.8573203Z INFO 03-19 04:14:54 [__init__.py:46] - ascend -> vllm_ascend:register
2026-03-19T04:14:54.8583267Z INFO 03-19 04:14:54 [__init__.py:49] All plugins in this group will be loaded. Set `VLLM_PLUGINS` to control which plugins to load.
2026-03-19T04:14:54.8622484Z INFO 03-19 04:14:54 [__init__.py:212] Platform plugin ascend is activated
2026-03-19T04:14:54.8631874Z INFO 03-19 04:14:54 [__init__.py:212] Platform plugin ascend is activated
2026-03-19T04:15:12.3250459Z (Worker pid=1381) (Worker_DP1_TP0_EP8 pid=1381) INFO 03-19 04:15:12 [model_runner_v1.py:2561] Loading model weights took 32.4968 GB
2026-03-19T04:15:12.3312092Z (Worker pid=2198) (Worker_DP1_TP1_EP9 pid=2198) INFO 03-19 04:15:12 [model_runner_v1.py:2561] Loading model weights took 32.4968 GB
2026-03-19T04:15:12.5347145Z (Worker pid=4998) (Worker_DP1_TP6_EP14 pid=4998) INFO 03-19 04:15:12 [model_runner_v1.py:2561] Loading model weights took 32.4968 GB
2026-03-19T04:15:14.1221065Z (Worker pid=2766) (Worker_DP1_TP2_EP10 pid=2766) INFO 03-19 04:15:14 [model_runner_v1.py:2561] Loading model weights took 32.4968 GB
2026-03-19T04:15:14.3040201Z (Worker pid=5620) (Worker_DP1_TP7_EP15 pid=5620) INFO 03-19 04:15:14 [model_runner_v1.py:2561] Loading model weights took 32.4968 GB
2026-03-19T04:15:14.3275354Z (Worker pid=3882) (Worker_DP1_TP4_EP12 pid=3882) INFO 03-19 04:15:14 [model_runner_v1.py:2561] Loading model weights took 32.4968 GB
2026-03-19T04:15:14.3690319Z (Worker pid=4440) (Worker_DP1_TP5_EP13 pid=4440) INFO 03-19 04:15:14 [model_runner_v1.py:2561] Loading model weights took 32.4968 GB
2026-03-19T04:15:14.4638348Z (Worker pid=4437) (Worker_DP0_TP5_EP5 pid=4437) INFO 03-19 04:15:14 [model_runner_v1.py:2561] Loading model weights took 32.4968 GB
2026-03-19T04:15:14.5228894Z (Worker pid=5553) (Worker_DP0_TP7_EP7 pid=5553) INFO 03-19 04:15:14 [model_runner_v1.py:2561] Loading model weights took 32.4968 GB
2026-03-19T04:15:14.6114929Z (Worker pid=3324) (Worker_DP1_TP3_EP11 pid=3324) INFO 03-19 04:15:14 [model_runner_v1.py:2561] Loading model weights took 32.4968 GB
2026-03-19T04:15:14.6848646Z (Worker pid=2195) (Worker_DP0_TP1_EP1 pid=2195) INFO 03-19 04:15:14 [model_runner_v1.py:2561] Loading model weights took 32.4968 GB
2026-03-19T04:15:14.8351404Z (Worker pid=2763) (Worker_DP0_TP2_EP2 pid=2763) INFO 03-19 04:15:14 [model_runner_v1.py:2561] Loading model weights took 32.4968 GB
2026-03-19T04:15:15.0135950Z (Worker pid=3321) (Worker_DP0_TP3_EP3 pid=3321) INFO 03-19 04:15:15 [model_runner_v1.py:2561] Loading model weights took 32.4968 GB
2026-03-19T04:15:15.0470647Z (Worker pid=4995) (Worker_DP0_TP6_EP6 pid=4995) INFO 03-19 04:15:15 [model_runner_v1.py:2561] Loading model weights took 32.4968 GB
2026-03-19T04:15:15.1399712Z (Worker pid=3879) (Worker_DP0_TP4_EP4 pid=3879) INFO 03-19 04:15:15 [model_runner_v1.py:2561] Loading model weights took 32.4968 GB
2026-03-19T04:15:15.1445482Z (Worker pid=1380) (Worker_DP0_TP0_EP0 pid=1380) INFO 03-19 04:15:15 [model_runner_v1.py:2561] Loading model weights took 32.4968 GB
2026-03-19T04:16:03.3365414Z (Worker pid=1380) (Worker_DP0_TP0_EP0 pid=1380) INFO 03-19 04:16:03 [backends.py:916] Using cache directory: /root/.cache/vllm/torch_compile_cache/81dd51128c/rank_0_0/backbone for vLLM's torch.compile
2026-03-19T04:16:03.3595030Z (Worker pid=1380) (Worker_DP0_TP0_EP0 pid=1380) INFO 03-19 04:16:03 [backends.py:976] Dynamo bytecode transform time: 5.39 s
2026-03-19T04:16:03.5003358Z (Worker pid=1381) (Worker_DP1_TP0_EP8 pid=1381) INFO 03-19 04:16:03 [backends.py:916] Using cache directory: /root/.cache/vllm/torch_compile_cache/81dd51128c/rank_0_1/backbone for vLLM's torch.compile
2026-03-19T04:16:03.5330365Z (Worker pid=1381) (Worker_DP1_TP0_EP8 pid=1381) INFO 03-19 04:16:03 [backends.py:976] Dynamo bytecode transform time: 5.58 s
2026-03-19T04:16:09.4727964Z (Worker pid=1380) (Worker_DP0_TP0_EP0 pid=1380) /usr/local/python3.11.14/lib/python3.11/site-packages/torch_npu/dynamo/torchair/configs/compiler_config.py:106: UserWarning: The following torchair config or properties may not take effect or report error in reduce-overhead mode: config.experimental_config.enable_view_optimize:True, set_dim_gears, dynamo_export, scope, npu_print
2026-03-19T04:16:09.4739301Z (Worker pid=1380) (Worker_DP0_TP0_EP0 pid=1380)   warnings.warn(
2026-03-19T04:16:09.4760669Z (Worker pid=3324) (Worker_DP1_TP3_EP11 pid=3324) /usr/local/python3.11.14/lib/python3.11/site-packages/torch_npu/dynamo/torchair/configs/compiler_config.py:106: UserWarning: The following torchair config or properties may not take effect or report error in reduce-overhead mode: config.experimental_config.enable_view_optimize:True, set_dim_gears, dynamo_export, scope, npu_print
2026-03-19T04:16:09.4771998Z (Worker pid=3324) (Worker_DP1_TP3_EP11 pid=3324)   warnings.warn(
2026-03-19T04:16:09.4786157Z (Worker pid=1381) (Worker_DP1_TP0_EP8 pid=1381) /usr/local/python3.11.14/lib/python3.11/site-packages/torch_npu/dynamo/torchair/configs/compiler_config.py:106: UserWarning: The following torchair config or properties may not take effect or report error in reduce-overhead mode: config.experimental_config.enable_view_optimize:True, set_dim_gears, dynamo_export, scope, npu_print
2026-03-19T04:16:09.4796010Z (Worker pid=1381) (Worker_DP1_TP0_EP8 pid=1381)   warnings.warn(
2026-03-19T04:16:09.4810836Z (Worker pid=4437) (Worker_DP0_TP5_EP5 pid=4437) /usr/local/python3.11.14/lib/python3.11/site-packages/torch_npu/dynamo/torchair/configs/compiler_config.py:106: UserWarning: The following torchair config or properties may not take effect or report error in reduce-overhead mode: config.experimental_config.enable_view_optimize:True, set_dim_gears, dynamo_export, scope, npu_print
2026-03-19T04:16:09.4820247Z (Worker pid=4437) (Worker_DP0_TP5_EP5 pid=4437)   warnings.warn(
2026-03-19T04:16:09.4999292Z (Worker pid=3879) (Worker_DP0_TP4_EP4 pid=3879) /usr/local/python3.11.14/lib/python3.11/site-packages/torch_npu/dynamo/torchair/configs/compiler_config.py:106: UserWarning: The following torchair config or properties may not take effect or report error in reduce-overhead mode: config.experimental_config.enable_view_optimize:True, set_dim_gears, dynamo_export, scope, npu_print
2026-03-19T04:16:09.5008446Z (Worker pid=3879) (Worker_DP0_TP4_EP4 pid=3879)   warnings.warn(
2026-03-19T04:16:09.5088647Z (Worker pid=3321) (Worker_DP0_TP3_EP3 pid=3321) /usr/local/python3.11.14/lib/python3.11/site-packages/torch_npu/dynamo/torchair/configs/compiler_config.py:106: UserWarning: The following torchair config or properties may not take effect or report error in reduce-overhead mode: config.experimental_config.enable_view_optimize:True, set_dim_gears, dynamo_export, scope, npu_print
2026-03-19T04:16:09.5098987Z (Worker pid=3321) (Worker_DP0_TP3_EP3 pid=3321)   warnings.warn(
2026-03-19T04:16:09.5138074Z (Worker pid=5553) (Worker_DP0_TP7_EP7 pid=5553) /usr/local/python3.11.14/lib/python3.11/site-packages/torch_npu/dynamo/torchair/configs/compiler_config.py:106: UserWarning: The following torchair config or properties may not take effect or report error in reduce-overhead mode: config.experimental_config.enable_view_optimize:True, set_dim_gears, dynamo_export, scope, npu_print
2026-03-19T04:16:09.5148428Z (Worker pid=5553) (Worker_DP0_TP7_EP7 pid=5553)   warnings.warn(
2026-03-19T04:16:09.5171168Z (Worker pid=2195) (Worker_DP0_TP1_EP1 pid=2195) /usr/local/python3.11.14/lib/python3.11/site-packages/torch_npu/dynamo/torchair/configs/compiler_config.py:106: UserWarning: The following torchair config or properties may not take effect or report error in reduce-overhead mode: config.experimental_config.enable_view_optimize:True, set_dim_gears, dynamo_export, scope, npu_print
2026-03-19T04:16:09.5181648Z (Worker pid=2195) (Worker_DP0_TP1_EP1 pid=2195)   warnings.warn(
2026-03-19T04:16:09.5639381Z (Worker pid=2766) (Worker_DP1_TP2_EP10 pid=2766) /usr/local/python3.11.14/lib/python3.11/site-packages/torch_npu/dynamo/torchair/configs/compiler_config.py:106: UserWarning: The following torchair config or properties may not take effect or report error in reduce-overhead mode: config.experimental_config.enable_view_optimize:True, set_dim_gears, dynamo_export, scope, npu_print
2026-03-19T04:16:09.5648994Z (Worker pid=2766) (Worker_DP1_TP2_EP10 pid=2766)   warnings.warn(
2026-03-19T04:16:09.5717780Z (Worker pid=2198) (Worker_DP1_TP1_EP9 pid=2198) /usr/local/python3.11.14/lib/python3.11/site-packages/torch_npu/dynamo/torchair/configs/compiler_config.py:106: UserWarning: The following torchair config or properties may not take effect or report error in reduce-overhead mode: config.experimental_config.enable_view_optimize:True, set_dim_gears, dynamo_export, scope, npu_print
2026-03-19T04:16:09.5727679Z (Worker pid=2198) (Worker_DP1_TP1_EP9 pid=2198)   warnings.warn(
2026-03-19T04:16:09.6011137Z (Worker pid=2763) (Worker_DP0_TP2_EP2 pid=2763) /usr/local/python3.11.14/lib/python3.11/site-packages/torch_npu/dynamo/torchair/configs/compiler_config.py:106: UserWarning: The following torchair config or properties may not take effect or report error in reduce-overhead mode: config.experimental_config.enable_view_optimize:True, set_dim_gears, dynamo_export, scope, npu_print
2026-03-19T04:16:09.6019648Z (Worker pid=2763) (Worker_DP0_TP2_EP2 pid=2763)   warnings.warn(
2026-03-19T04:16:09.7478644Z (Worker pid=4995) (Worker_DP0_TP6_EP6 pid=4995) /usr/local/python3.11.14/lib/python3.11/site-packages/torch_npu/dynamo/torchair/configs/compiler_config.py:106: UserWarning: The following torchair config or properties may not take effect or report error in reduce-overhead mode: config.experimental_config.enable_view_optimize:True, set_dim_gears, dynamo_export, scope, npu_print
2026-03-19T04:16:09.7485556Z (Worker pid=4995) (Worker_DP0_TP6_EP6 pid=4995)   warnings.warn(
2026-03-19T04:16:09.8071329Z (Worker pid=4440) (Worker_DP1_TP5_EP13 pid=4440) /usr/local/python3.11.14/lib/python3.11/site-packages/torch_npu/dynamo/torchair/configs/compiler_config.py:106: UserWarning: The following torchair config or properties may not take effect or report error in reduce-overhead mode: config.experimental_config.enable_view_optimize:True, set_dim_gears, dynamo_export, scope, npu_print
2026-03-19T04:16:09.8078478Z (Worker pid=4440) (Worker_DP1_TP5_EP13 pid=4440)   warnings.warn(
2026-03-19T04:16:09.8999193Z (Worker pid=5620) (Worker_DP1_TP7_EP15 pid=5620) /usr/local/python3.11.14/lib/python3.11/site-packages/torch_npu/dynamo/torchair/configs/compiler_config.py:106: UserWarning: The following torchair config or properties may not take effect or report error in reduce-overhead mode: config.experimental_config.enable_view_optimize:True, set_dim_gears, dynamo_export, scope, npu_print
2026-03-19T04:16:09.9005634Z (Worker pid=5620) (Worker_DP1_TP7_EP15 pid=5620)   warnings.warn(
2026-03-19T04:16:09.9099662Z (Worker pid=4998) (Worker_DP1_TP6_EP14 pid=4998) /usr/local/python3.11.14/lib/python3.11/site-packages/torch_npu/dynamo/torchair/configs/compiler_config.py:106: UserWarning: The following torchair config or properties may not take effect or report error in reduce-overhead mode: config.experimental_config.enable_view_optimize:True, set_dim_gears, dynamo_export, scope, npu_print
2026-03-19T04:16:09.9109280Z (Worker pid=4998) (Worker_DP1_TP6_EP14 pid=4998)   warnings.warn(
2026-03-19T04:16:09.9232140Z (Worker pid=3882) (Worker_DP1_TP4_EP12 pid=3882) /usr/local/python3.11.14/lib/python3.11/site-packages/torch_npu/dynamo/torchair/configs/compiler_config.py:106: UserWarning: The following torchair config or properties may not take effect or report error in reduce-overhead mode: config.experimental_config.enable_view_optimize:True, set_dim_gears, dynamo_export, scope, npu_print
2026-03-19T04:16:09.9240657Z (Worker pid=3882) (Worker_DP1_TP4_EP12 pid=3882)   warnings.warn(
2026-03-19T04:16:10.5314519Z (Worker pid=4437) (Worker_DP0_TP5_EP5 pid=4437) /usr/local/python3.11.14/lib/python3.11/site-packages/torch_npu/dynamo/torchair/configs/compiler_config.py:106: UserWarning: The following torchair config or properties may not take effect or report error in reduce-overhead mode: config.experimental_config.enable_view_optimize:True, set_dim_gears, dynamo_export, scope, npu_print
2026-03-19T04:16:10.5325318Z (Worker pid=3879) (Worker_DP0_TP4_EP4 pid=3879) /usr/local/python3.11.14/lib/python3.11/site-packages/torch_npu/dynamo/torchair/configs/compiler_config.py:106: UserWarning: The following torchair config or properties may not take effect or report error in reduce-overhead mode: config.experimental_config.enable_view_optimize:True, set_dim_gears, dynamo_export, scope, npu_print
2026-03-19T04:16:10.5337291Z (Worker pid=4995) (Worker_DP0_TP6_EP6 pid=4995) /usr/local/python3.11.14/lib/python3.11/site-packages/torch_npu/dynamo/torchair/configs/compiler_config.py:106: UserWarning: The following torchair config or properties may not take effect or report error in reduce-overhead mode: config.experimental_config.enable_view_optimize:True, set_dim_gears, dynamo_export, scope, npu_print
2026-03-19T04:16:10.5348376Z (Worker pid=3879) (Worker_DP0_TP4_EP4 pid=3879)   warnings.warn(
2026-03-19T04:16:10.5358704Z (Worker pid=4437) (Worker_DP0_TP5_EP5 pid=4437)   warnings.warn(
2026-03-19T04:16:10.5369916Z (Worker pid=4995) (Worker_DP0_TP6_EP6 pid=4995)   warnings.warn(
2026-03-19T04:16:10.5382456Z (Worker pid=1380) (Worker_DP0_TP0_EP0 pid=1380) /usr/local/python3.11.14/lib/python3.11/site-packages/torch_npu/dynamo/torchair/configs/compiler_config.py:106: UserWarning: The following torchair config or properties may not take effect or report error in reduce-overhead mode: config.experimental_config.enable_view_optimize:True, set_dim_gears, dynamo_export, scope, npu_print
2026-03-19T04:16:10.5391839Z (Worker pid=1380) (Worker_DP0_TP0_EP0 pid=1380)   warnings.warn(
2026-03-19T04:16:10.5404547Z (Worker pid=5553) (Worker_DP0_TP7_EP7 pid=5553) /usr/local/python3.11.14/lib/python3.11/site-packages/torch_npu/dynamo/torchair/configs/compiler_config.py:106: UserWarning: The following torchair config or properties may not take effect or report error in reduce-overhead mode: config.experimental_config.enable_view_optimize:True, set_dim_gears, dynamo_export, scope, npu_print
2026-03-19T04:16:10.5413037Z (Worker pid=5553) (Worker_DP0_TP7_EP7 pid=5553)   warnings.warn(
2026-03-19T04:16:10.5470444Z (Worker pid=3321) (Worker_DP0_TP3_EP3 pid=3321) /usr/local/python3.11.14/lib/python3.11/site-packages/torch_npu/dynamo/torchair/configs/compiler_config.py:106: UserWarning: The following torchair config or properties may not take effect or report error in reduce-overhead mode: config.experimental_config.enable_view_optimize:True, set_dim_gears, dynamo_export, scope, npu_print
2026-03-19T04:16:10.5471866Z (Worker pid=3321) (Worker_DP0_TP3_EP3 pid=3321)   warnings.warn(
2026-03-19T04:16:10.5473305Z (Worker pid=2763) (Worker_DP0_TP2_EP2 pid=2763) /usr/local/python3.11.14/lib/python3.11/site-packages/torch_npu/dynamo/torchair/configs/compiler_config.py:106: UserWarning: The following torchair config or properties may not take effect or report error in reduce-overhead mode: config.experimental_config.enable_view_optimize:True, set_dim_gears, dynamo_export, scope, npu_print
2026-03-19T04:16:10.5475057Z (Worker pid=2763) (Worker_DP0_TP2_EP2 pid=2763)   warnings.warn(
2026-03-19T04:16:10.5476612Z (Worker pid=2195) (Worker_DP0_TP1_EP1 pid=2195) /usr/local/python3.11.14/lib/python3.11/site-packages/torch_npu/dynamo/torchair/configs/compiler_config.py:106: UserWarning: The following torchair config or properties may not take effect or report error in reduce-overhead mode: config.experimental_config.enable_view_optimize:True, set_dim_gears, dynamo_export, scope, npu_print
2026-03-19T04:16:10.5481681Z (Worker pid=2195) (Worker_DP0_TP1_EP1 pid=2195)   warnings.warn(
2026-03-19T04:16:10.7165855Z (Worker pid=2766) (Worker_DP1_TP2_EP10 pid=2766) /usr/local/python3.11.14/lib/python3.11/site-packages/torch_npu/dynamo/torchair/configs/compiler_config.py:106: UserWarning: The following torchair config or properties may not take effect or report error in reduce-overhead mode: config.experimental_config.enable_view_optimize:True, set_dim_gears, dynamo_export, scope, npu_print
2026-03-19T04:16:10.7178217Z (Worker pid=1381) (Worker_DP1_TP0_EP8 pid=1381) /usr/local/python3.11.14/lib/python3.11/site-packages/torch_npu/dynamo/torchair/configs/compiler_config.py:106: UserWarning: The following torchair config or properties may not take effect or report error in reduce-overhead mode: config.experimental_config.enable_view_optimize:True, set_dim_gears, dynamo_export, scope, npu_print
2026-03-19T04:16:10.7190260Z (Worker pid=3324) (Worker_DP1_TP3_EP11 pid=3324) /usr/local/python3.11.14/lib/python3.11/site-packages/torch_npu/dynamo/torchair/configs/compiler_config.py:106: UserWarning: The following torchair config or properties may not take effect or report error in reduce-overhead mode: config.experimental_config.enable_view_optimize:True, set_dim_gears, dynamo_export, scope, npu_print
2026-03-19T04:16:10.7200491Z (Worker pid=2766) (Worker_DP1_TP2_EP10 pid=2766)   warnings.warn(
2026-03-19T04:16:10.7213784Z (Worker pid=2198) (Worker_DP1_TP1_EP9 pid=2198) /usr/local/python3.11.14/lib/python3.11/site-packages/torch_npu/dynamo/torchair/configs/compiler_config.py:106: UserWarning: The following torchair config or properties may not take effect or report error in reduce-overhead mode: config.experimental_config.enable_view_optimize:True, set_dim_gears, dynamo_export, scope, npu_print
2026-03-19T04:16:10.7224711Z (Worker pid=1381) (Worker_DP1_TP0_EP8 pid=1381)   warnings.warn(
2026-03-19T04:16:10.7235266Z (Worker pid=3324) (Worker_DP1_TP3_EP11 pid=3324)   warnings.warn(
2026-03-19T04:16:10.7246227Z (Worker pid=2198) (Worker_DP1_TP1_EP9 pid=2198)   warnings.warn(
2026-03-19T04:16:10.7260106Z (Worker pid=3882) (Worker_DP1_TP4_EP12 pid=3882) /usr/local/python3.11.14/lib/python3.11/site-packages/torch_npu/dynamo/torchair/configs/compiler_config.py:106: UserWarning: The following torchair config or properties may not take effect or report error in reduce-overhead mode: config.experimental_config.enable_view_optimize:True, set_dim_gears, dynamo_export, scope, npu_print
2026-03-19T04:16:10.7272277Z (Worker pid=4440) (Worker_DP1_TP5_EP13 pid=4440) /usr/local/python3.11.14/lib/python3.11/site-packages/torch_npu/dynamo/torchair/configs/compiler_config.py:106: UserWarning: The following torchair config or properties may not take effect or report error in reduce-overhead mode: config.experimental_config.enable_view_optimize:True, set_dim_gears, dynamo_export, scope, npu_print
2026-03-19T04:16:10.7282222Z (Worker pid=3882) (Worker_DP1_TP4_EP12 pid=3882)   warnings.warn(
2026-03-19T04:16:10.7292984Z (Worker pid=4440) (Worker_DP1_TP5_EP13 pid=4440)   warnings.warn(
2026-03-19T04:16:10.7307040Z (Worker pid=5620) (Worker_DP1_TP7_EP15 pid=5620) /usr/local/python3.11.14/lib/python3.11/site-packages/torch_npu/dynamo/torchair/configs/compiler_config.py:106: UserWarning: The following torchair config or properties may not take effect or report error in reduce-overhead mode: config.experimental_config.enable_view_optimize:True, set_dim_gears, dynamo_export, scope, npu_print
2026-03-19T04:16:10.7321487Z (Worker pid=5620) (Worker_DP1_TP7_EP15 pid=5620)   warnings.warn(
2026-03-19T04:16:10.7335495Z (Worker pid=4998) (Worker_DP1_TP6_EP14 pid=4998) /usr/local/python3.11.14/lib/python3.11/site-packages/torch_npu/dynamo/torchair/configs/compiler_config.py:106: UserWarning: The following torchair config or properties may not take effect or report error in reduce-overhead mode: config.experimental_config.enable_view_optimize:True, set_dim_gears, dynamo_export, scope, npu_print
2026-03-19T04:16:10.7345460Z (Worker pid=4998) (Worker_DP1_TP6_EP14 pid=4998)   warnings.warn(
2026-03-19T04:16:10.9027661Z (Worker pid=5553) (Worker_DP0_TP7_EP7 pid=5553) /usr/local/python3.11.14/lib/python3.11/site-packages/torch_npu/dynamo/torchair/configs/compiler_config.py:106: UserWarning: The following torchair config or properties may not take effect or report error in reduce-overhead mode: config.experimental_config.enable_view_optimize:True, set_dim_gears, dynamo_export, scope, npu_print
2026-03-19T04:16:10.9038780Z (Worker pid=3879) (Worker_DP0_TP4_EP4 pid=3879) /usr/local/python3.11.14/lib/python3.11/site-packages/torch_npu/dynamo/torchair/configs/compiler_config.py:106: UserWarning: The following torchair config or properties may not take effect or report error in reduce-overhead mode: config.experimental_config.enable_view_optimize:True, set_dim_gears, dynamo_export, scope, npu_print
2026-03-19T04:16:10.9050615Z (Worker pid=4437) (Worker_DP0_TP5_EP5 pid=4437) /usr/local/python3.11.14/lib/python3.11/site-packages/torch_npu/dynamo/torchair/configs/compiler_config.py:106: UserWarning: The following torchair config or properties may not take effect or report error in reduce-overhead mode: config.experimental_config.enable_view_optimize:True, set_dim_gears, dynamo_export, scope, npu_print
2026-03-19T04:16:10.9060091Z (Worker pid=5553) (Worker_DP0_TP7_EP7 pid=5553)   warnings.warn(
2026-03-19T04:16:10.9073616Z (Worker pid=3321) (Worker_DP0_TP3_EP3 pid=3321) /usr/local/python3.11.14/lib/python3.11/site-packages/torch_npu/dynamo/torchair/configs/compiler_config.py:106: UserWarning: The following torchair config or properties may not take effect or report error in reduce-overhead mode: config.experimental_config.enable_view_optimize:True, set_dim_gears, dynamo_export, scope, npu_print
2026-03-19T04:16:10.9084047Z (Worker pid=3879) (Worker_DP0_TP4_EP4 pid=3879)   warnings.warn(
2026-03-19T04:16:10.9095009Z (Worker pid=4437) (Worker_DP0_TP5_EP5 pid=4437)   warnings.warn(
2026-03-19T04:16:10.9108590Z (Worker pid=1380) (Worker_DP0_TP0_EP0 pid=1380) /usr/local/python3.11.14/lib/python3.11/site-packages/torch_npu/dynamo/torchair/configs/compiler_config.py:106: UserWarning: The following torchair config or properties may not take effect or report error in reduce-overhead mode: config.experimental_config.enable_view_optimize:True, set_dim_gears, dynamo_export, scope, npu_print
2026-03-19T04:16:10.9120465Z (Worker pid=2763) (Worker_DP0_TP2_EP2 pid=2763) /usr/local/python3.11.14/lib/python3.11/site-packages/torch_npu/dynamo/torchair/configs/compiler_config.py:106: UserWarning: The following torchair config or properties may not take effect or report error in reduce-overhead mode: config.experimental_config.enable_view_optimize:True, set_dim_gears, dynamo_export, scope, npu_print
2026-03-19T04:16:10.9129590Z (Worker pid=3321) (Worker_DP0_TP3_EP3 pid=3321)   warnings.warn(
2026-03-19T04:16:10.9141267Z (Worker pid=1380) (Worker_DP0_TP0_EP0 pid=1380)   warnings.warn(
2026-03-19T04:16:10.9153170Z (Worker pid=2763) (Worker_DP0_TP2_EP2 pid=2763)   warnings.warn(
2026-03-19T04:16:10.9165761Z (Worker pid=4995) (Worker_DP0_TP6_EP6 pid=4995) /usr/local/python3.11.14/lib/python3.11/site-packages/torch_npu/dynamo/torchair/configs/compiler_config.py:106: UserWarning: The following torchair config or properties may not take effect or report error in reduce-overhead mode: config.experimental_config.enable_view_optimize:True, set_dim_gears, dynamo_export, scope, npu_print
2026-03-19T04:16:10.9174730Z (Worker pid=4995) (Worker_DP0_TP6_EP6 pid=4995)   warnings.warn(
2026-03-19T04:16:10.9188575Z (Worker pid=2195) (Worker_DP0_TP1_EP1 pid=2195) /usr/local/python3.11.14/lib/python3.11/site-packages/torch_npu/dynamo/torchair/configs/compiler_config.py:106: UserWarning: The following torchair config or properties may not take effect or report error in reduce-overhead mode: config.experimental_config.enable_view_optimize:True, set_dim_gears, dynamo_export, scope, npu_print
2026-03-19T04:16:10.9198400Z (Worker pid=2195) (Worker_DP0_TP1_EP1 pid=2195)   warnings.warn(
2026-03-19T04:16:11.2960002Z (Worker pid=1381) (Worker_DP1_TP0_EP8 pid=1381) /usr/local/python3.11.14/lib/python3.11/site-packages/torch_npu/dynamo/torchair/configs/compiler_config.py:106: UserWarning: The following torchair config or properties may not take effect or report error in reduce-overhead mode: config.experimental_config.enable_view_optimize:True, set_dim_gears, dynamo_export, scope, npu_print
2026-03-19T04:16:11.2972532Z (Worker pid=3324) (Worker_DP1_TP3_EP11 pid=3324) /usr/local/python3.11.14/lib/python3.11/site-packages/torch_npu/dynamo/torchair/configs/compiler_config.py:106: UserWarning: The following torchair config or properties may not take effect or report error in reduce-overhead mode: config.experimental_config.enable_view_optimize:True, set_dim_gears, dynamo_export, scope, npu_print
2026-03-19T04:16:11.2982043Z (Worker pid=1381) (Worker_DP1_TP0_EP8 pid=1381)   warnings.warn(
2026-03-19T04:16:11.2995444Z (Worker pid=2766) (Worker_DP1_TP2_EP10 pid=2766) /usr/local/python3.11.14/lib/python3.11/site-packages/torch_npu/dynamo/torchair/configs/compiler_config.py:106: UserWarning: The following torchair config or properties may not take effect or report error in reduce-overhead mode: config.experimental_config.enable_view_optimize:True, set_dim_gears, dynamo_export, scope, npu_print
2026-03-19T04:16:11.3005010Z (Worker pid=3324) (Worker_DP1_TP3_EP11 pid=3324)   warnings.warn(
2026-03-19T04:16:11.3017518Z (Worker pid=3882) (Worker_DP1_TP4_EP12 pid=3882) /usr/local/python3.11.14/lib/python3.11/site-packages/torch_npu/dynamo/torchair/configs/compiler_config.py:106: UserWarning: The following torchair config or properties may not take effect or report error in reduce-overhead mode: config.experimental_config.enable_view_optimize:True, set_dim_gears, dynamo_export, scope, npu_print
2026-03-19T04:16:11.3030055Z (Worker pid=4440) (Worker_DP1_TP5_EP13 pid=4440) /usr/local/python3.11.14/lib/python3.11/site-packages/torch_npu/dynamo/torchair/configs/compiler_config.py:106: UserWarning: The following torchair config or properties may not take effect or report error in reduce-overhead mode: config.experimental_config.enable_view_optimize:True, set_dim_gears, dynamo_export, scope, npu_print
2026-03-19T04:16:11.3039720Z (Worker pid=2766) (Worker_DP1_TP2_EP10 pid=2766)   warnings.warn(
2026-03-19T04:16:11.3053700Z (Worker pid=2198) (Worker_DP1_TP1_EP9 pid=2198) /usr/local/python3.11.14/lib/python3.11/site-packages/torch_npu/dynamo/torchair/configs/compiler_config.py:106: UserWarning: The following torchair config or properties may not take effect or report error in reduce-overhead mode: config.experimental_config.enable_view_optimize:True, set_dim_gears, dynamo_export, scope, npu_print
2026-03-19T04:16:11.3064133Z (Worker pid=3882) (Worker_DP1_TP4_EP12 pid=3882)   warnings.warn(
2026-03-19T04:16:11.3074967Z (Worker pid=4440) (Worker_DP1_TP5_EP13 pid=4440)   warnings.warn(
2026-03-19T04:16:11.3085717Z (Worker pid=2198) (Worker_DP1_TP1_EP9 pid=2198)   warnings.warn(
2026-03-19T04:16:11.3099073Z (Worker pid=5620) (Worker_DP1_TP7_EP15 pid=5620) /usr/local/python3.11.14/lib/python3.11/site-packages/torch_npu/dynamo/torchair/configs/compiler_config.py:106: UserWarning: The following torchair config or properties may not take effect or report error in reduce-overhead mode: config.experimental_config.enable_view_optimize:True, set_dim_gears, dynamo_export, scope, npu_print
2026-03-19T04:16:11.3109705Z (Worker pid=5620) (Worker_DP1_TP7_EP15 pid=5620)   warnings.warn(
2026-03-19T04:16:11.3122652Z (Worker pid=4998) (Worker_DP1_TP6_EP14 pid=4998) /usr/local/python3.11.14/lib/python3.11/site-packages/torch_npu/dynamo/torchair/configs/compiler_config.py:106: UserWarning: The following torchair config or properties may not take effect or report error in reduce-overhead mode: config.experimental_config.enable_view_optimize:True, set_dim_gears, dynamo_export, scope, npu_print
2026-03-19T04:16:11.3132547Z (Worker pid=4998) (Worker_DP1_TP6_EP14 pid=4998)   warnings.warn(
2026-03-19T04:16:14.6347600Z (EngineCore_DP1 pid=995) INFO 03-19 04:16:14 [shm_broadcast.py:548] No available shared memory broadcast block found in 60 seconds. This typically happens when some processes are hanging or doing some time-consuming work (e.g. compilation, weight/kv cache quantization).
2026-03-19T04:16:15.3981824Z (EngineCore_DP0 pid=523) INFO 03-19 04:16:15 [shm_broadcast.py:548] No available shared memory broadcast block found in 60 seconds. This typically happens when some processes are hanging or doing some time-consuming work (e.g. compilation, weight/kv cache quantization).
2026-03-19T04:16:27.0703994Z (Worker pid=4437) (Worker_DP0_TP5_EP5 pid=4437) /usr/local/python3.11.14/lib/python3.11/site-packages/torch_npu/dynamo/torchair/configs/compiler_config.py:106: UserWarning: The following torchair config or properties may not take effect or report error in reduce-overhead mode: config.experimental_config.enable_view_optimize:True, set_dim_gears, dynamo_export, scope, npu_print
2026-03-19T04:16:27.0714085Z (Worker pid=4437) (Worker_DP0_TP5_EP5 pid=4437)   warnings.warn(
2026-03-19T04:16:27.0789401Z (Worker pid=1380) (Worker_DP0_TP0_EP0 pid=1380) /usr/local/python3.11.14/lib/python3.11/site-packages/torch_npu/dynamo/torchair/configs/compiler_config.py:106: UserWarning: The following torchair config or properties may not take effect or report error in reduce-overhead mode: config.experimental_config.enable_view_optimize:True, set_dim_gears, dynamo_export, scope, npu_print
2026-03-19T04:16:27.0798801Z (Worker pid=1380) (Worker_DP0_TP0_EP0 pid=1380)   warnings.warn(
2026-03-19T04:16:27.0910611Z (Worker pid=4998) (Worker_DP1_TP6_EP14 pid=4998) /usr/local/python3.11.14/lib/python3.11/site-packages/torch_npu/dynamo/torchair/configs/compiler_config.py:106: UserWarning: The following torchair config or properties may not take effect or report error in reduce-overhead mode: config.experimental_config.enable_view_optimize:True, set_dim_gears, dynamo_export, scope, npu_print
2026-03-19T04:16:27.0919909Z (Worker pid=4998) (Worker_DP1_TP6_EP14 pid=4998)   warnings.warn(
2026-03-19T04:16:27.0942702Z (Worker pid=4995) (Worker_DP0_TP6_EP6 pid=4995) /usr/local/python3.11.14/lib/python3.11/site-packages/torch_npu/dynamo/torchair/configs/compiler_config.py:106: UserWarning: The following torchair config or properties may not take effect or report error in reduce-overhead mode: config.experimental_config.enable_view_optimize:True, set_dim_gears, dynamo_export, scope, npu_print
2026-03-19T04:16:27.0952193Z (Worker pid=4995) (Worker_DP0_TP6_EP6 pid=4995)   warnings.warn(
2026-03-19T04:16:27.0974911Z (Worker pid=2198) (Worker_DP1_TP1_EP9 pid=2198) /usr/local/python3.11.14/lib/python3.11/site-packages/torch_npu/dynamo/torchair/configs/compiler_config.py:106: UserWarning: The following torchair config or properties may not take effect or report error in reduce-overhead mode: config.experimental_config.enable_view_optimize:True, set_dim_gears, dynamo_export, scope, npu_print
2026-03-19T04:16:27.0983641Z (Worker pid=2198) (Worker_DP1_TP1_EP9 pid=2198)   warnings.warn(
2026-03-19T04:16:27.1004081Z (Worker pid=5620) (Worker_DP1_TP7_EP15 pid=5620) /usr/local/python3.11.14/lib/python3.11/site-packages/torch_npu/dynamo/torchair/configs/compiler_config.py:106: UserWarning: The following torchair config or properties may not take effect or report error in reduce-overhead mode: config.experimental_config.enable_view_optimize:True, set_dim_gears, dynamo_export, scope, npu_print
2026-03-19T04:16:27.1012971Z (Worker pid=5620) (Worker_DP1_TP7_EP15 pid=5620)   warnings.warn(
2026-03-19T04:16:27.1025447Z (Worker pid=3321) (Worker_DP0_TP3_EP3 pid=3321) /usr/local/python3.11.14/lib/python3.11/site-packages/torch_npu/dynamo/torchair/configs/compiler_config.py:106: UserWarning: The following torchair config or properties may not take effect or report error in reduce-overhead mode: config.experimental_config.enable_view_optimize:True, set_dim_gears, dynamo_export, scope, npu_print
2026-03-19T04:16:27.1034283Z (Worker pid=3321) (Worker_DP0_TP3_EP3 pid=3321)   warnings.warn(
2026-03-19T04:16:27.1047091Z (Worker pid=1381) (Worker_DP1_TP0_EP8 pid=1381) /usr/local/python3.11.14/lib/python3.11/site-packages/torch_npu/dynamo/torchair/configs/compiler_config.py:106: UserWarning: The following torchair config or properties may not take effect or report error in reduce-overhead mode: config.experimental_config.enable_view_optimize:True, set_dim_gears, dynamo_export, scope, npu_print
2026-03-19T04:16:27.1056274Z (Worker pid=1381) (Worker_DP1_TP0_EP8 pid=1381)   warnings.warn(
2026-03-19T04:16:27.1069556Z (Worker pid=2766) (Worker_DP1_TP2_EP10 pid=2766) /usr/local/python3.11.14/lib/python3.11/site-packages/torch_npu/dynamo/torchair/configs/compiler_config.py:106: UserWarning: The following torchair config or properties may not take effect or report error in reduce-overhead mode: config.experimental_config.enable_view_optimize:True, set_dim_gears, dynamo_export, scope, npu_print
2026-03-19T04:16:27.1079131Z (Worker pid=2766) (Worker_DP1_TP2_EP10 pid=2766)   warnings.warn(
2026-03-19T04:16:27.1091374Z (Worker pid=5553) (Worker_DP0_TP7_EP7 pid=5553) /usr/local/python3.11.14/lib/python3.11/site-packages/torch_npu/dynamo/torchair/configs/compiler_config.py:106: UserWarning: The following torchair config or properties may not take effect or report error in reduce-overhead mode: config.experimental_config.enable_view_optimize:True, set_dim_gears, dynamo_export, scope, npu_print
2026-03-19T04:16:27.1099985Z (Worker pid=5553) (Worker_DP0_TP7_EP7 pid=5553)   warnings.warn(
2026-03-19T04:16:27.1112518Z (Worker pid=4440) (Worker_DP1_TP5_EP13 pid=4440) /usr/local/python3.11.14/lib/python3.11/site-packages/torch_npu/dynamo/torchair/configs/compiler_config.py:106: UserWarning: The following torchair config or properties may not take effect or report error in reduce-overhead mode: config.experimental_config.enable_view_optimize:True, set_dim_gears, dynamo_export, scope, npu_print
2026-03-19T04:16:27.1121764Z (Worker pid=4440) (Worker_DP1_TP5_EP13 pid=4440)   warnings.warn(
2026-03-19T04:16:27.1137928Z (Worker pid=3882) (Worker_DP1_TP4_EP12 pid=3882) /usr/local/python3.11.14/lib/python3.11/site-packages/torch_npu/dynamo/torchair/configs/compiler_config.py:106: UserWarning: The following torchair config or properties may not take effect or report error in reduce-overhead mode: config.experimental_config.enable_view_optimize:True, set_dim_gears, dynamo_export, scope, npu_print
2026-03-19T04:16:27.1147203Z (Worker pid=3882) (Worker_DP1_TP4_EP12 pid=3882)   warnings.warn(
2026-03-19T04:16:27.1159748Z (Worker pid=3324) (Worker_DP1_TP3_EP11 pid=3324) /usr/local/python3.11.14/lib/python3.11/site-packages/torch_npu/dynamo/torchair/configs/compiler_config.py:106: UserWarning: The following torchair config or properties may not take effect or report error in reduce-overhead mode: config.experimental_config.enable_view_optimize:True, set_dim_gears, dynamo_export, scope, npu_print
2026-03-19T04:16:27.1168865Z (Worker pid=3324) (Worker_DP1_TP3_EP11 pid=3324)   warnings.warn(
2026-03-19T04:16:27.1180901Z (Worker pid=2763) (Worker_DP0_TP2_EP2 pid=2763) /usr/local/python3.11.14/lib/python3.11/site-packages/torch_npu/dynamo/torchair/configs/compiler_config.py:106: UserWarning: The following torchair config or properties may not take effect or report error in reduce-overhead mode: config.experimental_config.enable_view_optimize:True, set_dim_gears, dynamo_export, scope, npu_print
2026-03-19T04:16:27.1190257Z (Worker pid=2763) (Worker_DP0_TP2_EP2 pid=2763)   warnings.warn(
2026-03-19T04:16:27.1205227Z (Worker pid=2195) (Worker_DP0_TP1_EP1 pid=2195) /usr/local/python3.11.14/lib/python3.11/site-packages/torch_npu/dynamo/torchair/configs/compiler_config.py:106: UserWarning: The following torchair config or properties may not take effect or report error in reduce-overhead mode: config.experimental_config.enable_view_optimize:True, set_dim_gears, dynamo_export, scope, npu_print
2026-03-19T04:16:27.1215102Z (Worker pid=2195) (Worker_DP0_TP1_EP1 pid=2195)   warnings.warn(
2026-03-19T04:16:27.6311329Z (Worker pid=3879) (Worker_DP0_TP4_EP4 pid=3879) /usr/local/python3.11.14/lib/python3.11/site-packages/torch_npu/dynamo/torchair/configs/compiler_config.py:106: UserWarning: The following torchair config or properties may not take effect or report error in reduce-overhead mode: config.experimental_config.enable_view_optimize:True, set_dim_gears, dynamo_export, scope, npu_print
2026-03-19T04:16:27.6318695Z (Worker pid=3879) (Worker_DP0_TP4_EP4 pid=3879)   warnings.warn(
2026-03-19T04:16:27.8815122Z (Worker pid=2198) (Worker_DP1_TP1_EP9 pid=2198) /usr/local/python3.11.14/lib/python3.11/site-packages/torch_npu/dynamo/torchair/configs/compiler_config.py:106: UserWarning: The following torchair config or properties may not take effect or report error in reduce-overhead mode: config.experimental_config.enable_view_optimize:True, set_dim_gears, dynamo_export, scope, npu_print
2026-03-19T04:16:27.8821573Z (Worker pid=2198) (Worker_DP1_TP1_EP9 pid=2198)   warnings.warn(
2026-03-19T04:16:27.8834269Z (Worker pid=1381) (Worker_DP1_TP0_EP8 pid=1381) /usr/local/python3.11.14/lib/python3.11/site-packages/torch_npu/dynamo/torchair/configs/compiler_config.py:106: UserWarning: The following torchair config or properties may not take effect or report error in reduce-overhead mode: config.experimental_config.enable_view_optimize:True, set_dim_gears, dynamo_export, scope, npu_print
2026-03-19T04:16:27.8845444Z (Worker pid=4440) (Worker_DP1_TP5_EP13 pid=4440) /usr/local/python3.11.14/lib/python3.11/site-packages/torch_npu/dynamo/torchair/configs/compiler_config.py:106: UserWarning: The following torchair config or properties may not take effect or report error in reduce-overhead mode: config.experimental_config.enable_view_optimize:True, set_dim_gears, dynamo_export, scope, npu_print
2026-03-19T04:16:27.8856523Z (Worker pid=3882) (Worker_DP1_TP4_EP12 pid=3882) /usr/local/python3.11.14/lib/python3.11/site-packages/torch_npu/dynamo/torchair/configs/compiler_config.py:106: UserWarning: The following torchair config or properties may not take effect or report error in reduce-overhead mode: config.experimental_config.enable_view_optimize:True, set_dim_gears, dynamo_export, scope, npu_print
2026-03-19T04:16:27.8866069Z (Worker pid=1381) (Worker_DP1_TP0_EP8 pid=1381)   warnings.warn(
2026-03-19T04:16:27.8878689Z (Worker pid=4998) (Worker_DP1_TP6_EP14 pid=4998) /usr/local/python3.11.14/lib/python3.11/site-packages/torch_npu/dynamo/torchair/configs/compiler_config.py:106: UserWarning: The following torchair config or properties may not take effect or report error in reduce-overhead mode: config.experimental_config.enable_view_optimize:True, set_dim_gears, dynamo_export, scope, npu_print
2026-03-19T04:16:27.8887460Z (Worker pid=4440) (Worker_DP1_TP5_EP13 pid=4440)   warnings.warn(
2026-03-19T04:16:27.8897839Z (Worker pid=3882) (Worker_DP1_TP4_EP12 pid=3882)   warnings.warn(
2026-03-19T04:16:27.8910836Z (Worker pid=5620) (Worker_DP1_TP7_EP15 pid=5620) /usr/local/python3.11.14/lib/python3.11/site-packages/torch_npu/dynamo/torchair/configs/compiler_config.py:106: UserWarning: The following torchair config or properties may not take effect or report error in reduce-overhead mode: config.experimental_config.enable_view_optimize:True, set_dim_gears, dynamo_export, scope, npu_print
2026-03-19T04:16:27.8920032Z (Worker pid=4998) (Worker_DP1_TP6_EP14 pid=4998)   warnings.warn(
2026-03-19T04:16:27.8929811Z (Worker pid=5620) (Worker_DP1_TP7_EP15 pid=5620)   warnings.warn(
2026-03-19T04:16:27.8942604Z (Worker pid=3324) (Worker_DP1_TP3_EP11 pid=3324) /usr/local/python3.11.14/lib/python3.11/site-packages/torch_npu/dynamo/torchair/configs/compiler_config.py:106: UserWarning: The following torchair config or properties may not take effect or report error in reduce-overhead mode: config.experimental_config.enable_view_optimize:True, set_dim_gears, dynamo_export, scope, npu_print
2026-03-19T04:16:27.8952524Z (Worker pid=3324) (Worker_DP1_TP3_EP11 pid=3324)   warnings.warn(
2026-03-19T04:16:27.8965396Z (Worker pid=2766) (Worker_DP1_TP2_EP10 pid=2766) /usr/local/python3.11.14/lib/python3.11/site-packages/torch_npu/dynamo/torchair/configs/compiler_config.py:106: UserWarning: The following torchair config or properties may not take effect or report error in reduce-overhead mode: config.experimental_config.enable_view_optimize:True, set_dim_gears, dynamo_export, scope, npu_print
2026-03-19T04:16:27.8974692Z (Worker pid=2766) (Worker_DP1_TP2_EP10 pid=2766)   warnings.warn(
2026-03-19T04:16:27.8987135Z (Worker pid=4995) (Worker_DP0_TP6_EP6 pid=4995) /usr/local/python3.11.14/lib/python3.11/site-packages/torch_npu/dynamo/torchair/configs/compiler_config.py:106: UserWarning: The following torchair config or properties may not take effect or report error in reduce-overhead mode: config.experimental_config.enable_view_optimize:True, set_dim_gears, dynamo_export, scope, npu_print
2026-03-19T04:16:27.8998116Z (Worker pid=5553) (Worker_DP0_TP7_EP7 pid=5553) /usr/local/python3.11.14/lib/python3.11/site-packages/torch_npu/dynamo/torchair/configs/compiler_config.py:106: UserWarning: The following torchair config or properties may not take effect or report error in reduce-overhead mode: config.experimental_config.enable_view_optimize:True, set_dim_gears, dynamo_export, scope, npu_print
2026-03-19T04:16:27.9010385Z (Worker pid=2195) (Worker_DP0_TP1_EP1 pid=2195) /usr/local/python3.11.14/lib/python3.11/site-packages/torch_npu/dynamo/torchair/configs/compiler_config.py:106: UserWarning: The following torchair config or properties may not take effect or report error in reduce-overhead mode: config.experimental_config.enable_view_optimize:True, set_dim_gears, dynamo_export, scope, npu_print
2026-03-19T04:16:27.9018139Z (Worker pid=4995) (Worker_DP0_TP6_EP6 pid=4995)   warnings.warn(
2026-03-19T04:16:27.9029110Z (Worker pid=5553) (Worker_DP0_TP7_EP7 pid=5553)   warnings.warn(
2026-03-19T04:16:27.9039345Z (Worker pid=2195) (Worker_DP0_TP1_EP1 pid=2195)   warnings.warn(
2026-03-19T04:16:27.9052084Z (Worker pid=1380) (Worker_DP0_TP0_EP0 pid=1380) /usr/local/python3.11.14/lib/python3.11/site-packages/torch_npu/dynamo/torchair/configs/compiler_config.py:106: UserWarning: The following torchair config or properties may not take effect or report error in reduce-overhead mode: config.experimental_config.enable_view_optimize:True, set_dim_gears, dynamo_export, scope, npu_print
2026-03-19T04:16:27.9061452Z (Worker pid=1380) (Worker_DP0_TP0_EP0 pid=1380)   warnings.warn(
2026-03-19T04:16:27.9074168Z (Worker pid=2763) (Worker_DP0_TP2_EP2 pid=2763) /usr/local/python3.11.14/lib/python3.11/site-packages/torch_npu/dynamo/torchair/configs/compiler_config.py:106: UserWarning: The following torchair config or properties may not take effect or report error in reduce-overhead mode: config.experimental_config.enable_view_optimize:True, set_dim_gears, dynamo_export, scope, npu_print
2026-03-19T04:16:27.9083071Z (Worker pid=2763) (Worker_DP0_TP2_EP2 pid=2763)   warnings.warn(
2026-03-19T04:16:27.9095673Z (Worker pid=4437) (Worker_DP0_TP5_EP5 pid=4437) /usr/local/python3.11.14/lib/python3.11/site-packages/torch_npu/dynamo/torchair/configs/compiler_config.py:106: UserWarning: The following torchair config or properties may not take effect or report error in reduce-overhead mode: config.experimental_config.enable_view_optimize:True, set_dim_gears, dynamo_export, scope, npu_print
2026-03-19T04:16:27.9104810Z (Worker pid=4437) (Worker_DP0_TP5_EP5 pid=4437)   warnings.warn(
2026-03-19T04:16:27.9116776Z (Worker pid=3321) (Worker_DP0_TP3_EP3 pid=3321) /usr/local/python3.11.14/lib/python3.11/site-packages/torch_npu/dynamo/torchair/configs/compiler_config.py:106: UserWarning: The following torchair config or properties may not take effect or report error in reduce-overhead mode: config.experimental_config.enable_view_optimize:True, set_dim_gears, dynamo_export, scope, npu_print
2026-03-19T04:16:27.9125615Z (Worker pid=3321) (Worker_DP0_TP3_EP3 pid=3321)   warnings.warn(
2026-03-19T04:16:27.9137824Z (Worker pid=3879) (Worker_DP0_TP4_EP4 pid=3879) /usr/local/python3.11.14/lib/python3.11/site-packages/torch_npu/dynamo/torchair/configs/compiler_config.py:106: UserWarning: The following torchair config or properties may not take effect or report error in reduce-overhead mode: config.experimental_config.enable_view_optimize:True, set_dim_gears, dynamo_export, scope, npu_print
2026-03-19T04:16:27.9147799Z (Worker pid=3879) (Worker_DP0_TP4_EP4 pid=3879)   warnings.warn(
2026-03-19T04:16:28.2082848Z (Worker pid=4995) (Worker_DP0_TP6_EP6 pid=4995) /usr/local/python3.11.14/lib/python3.11/site-packages/torch_npu/dynamo/torchair/configs/compiler_config.py:106: UserWarning: The following torchair config or properties may not take effect or report error in reduce-overhead mode: config.experimental_config.enable_view_optimize:True, set_dim_gears, dynamo_export, scope, npu_print
2026-03-19T04:16:28.2092735Z (Worker pid=5553) (Worker_DP0_TP7_EP7 pid=5553) /usr/local/python3.11.14/lib/python3.11/site-packages/torch_npu/dynamo/torchair/configs/compiler_config.py:106: UserWarning: The following torchair config or properties may not take effect or report error in reduce-overhead mode: config.experimental_config.enable_view_optimize:True, set_dim_gears, dynamo_export, scope, npu_print
2026-03-19T04:16:28.2104070Z (Worker pid=3882) (Worker_DP1_TP4_EP12 pid=3882) /usr/local/python3.11.14/lib/python3.11/site-packages/torch_npu/dynamo/torchair/configs/compiler_config.py:106: UserWarning: The following torchair config or properties may not take effect or report error in reduce-overhead mode: config.experimental_config.enable_view_optimize:True, set_dim_gears, dynamo_export, scope, npu_print
2026-03-19T04:16:28.2113687Z (Worker pid=4995) (Worker_DP0_TP6_EP6 pid=4995)   warnings.warn(
2026-03-19T04:16:28.2124094Z (Worker pid=5553) (Worker_DP0_TP7_EP7 pid=5553)   warnings.warn(
2026-03-19T04:16:28.2137389Z (Worker pid=4440) (Worker_DP1_TP5_EP13 pid=4440) /usr/local/python3.11.14/lib/python3.11/site-packages/torch_npu/dynamo/torchair/configs/compiler_config.py:106: UserWarning: The following torchair config or properties may not take effect or report error in reduce-overhead mode: config.experimental_config.enable_view_optimize:True, set_dim_gears, dynamo_export, scope, npu_print
2026-03-19T04:16:28.2148961Z (Worker pid=4998) (Worker_DP1_TP6_EP14 pid=4998) /usr/local/python3.11.14/lib/python3.11/site-packages/torch_npu/dynamo/torchair/configs/compiler_config.py:106: UserWarning: The following torchair config or properties may not take effect or report error in reduce-overhead mode: config.experimental_config.enable_view_optimize:True, set_dim_gears, dynamo_export, scope, npu_print
2026-03-19T04:16:28.2159540Z (Worker pid=2198) (Worker_DP1_TP1_EP9 pid=2198) /usr/local/python3.11.14/lib/python3.11/site-packages/torch_npu/dynamo/torchair/configs/compiler_config.py:106: UserWarning: The following torchair config or properties may not take effect or report error in reduce-overhead mode: config.experimental_config.enable_view_optimize:True, set_dim_gears, dynamo_export, scope, npu_print
2026-03-19T04:16:28.2171122Z (Worker pid=1381) (Worker_DP1_TP0_EP8 pid=1381) /usr/local/python3.11.14/lib/python3.11/site-packages/torch_npu/dynamo/torchair/configs/compiler_config.py:106: UserWarning: The following torchair config or properties may not take effect or report error in reduce-overhead mode: config.experimental_config.enable_view_optimize:True, set_dim_gears, dynamo_export, scope, npu_print
2026-03-19T04:16:28.2179480Z (Worker pid=3882) (Worker_DP1_TP4_EP12 pid=3882)   warnings.warn(
2026-03-19T04:16:28.2193376Z (Worker pid=2763) (Worker_DP0_TP2_EP2 pid=2763) /usr/local/python3.11.14/lib/python3.11/site-packages/torch_npu/dynamo/torchair/configs/compiler_config.py:106: UserWarning: The following torchair config or properties may not take effect or report error in reduce-overhead mode: config.experimental_config.enable_view_optimize:True, set_dim_gears, dynamo_export, scope, npu_print
2026-03-19T04:16:28.2204190Z (Worker pid=4437) (Worker_DP0_TP5_EP5 pid=4437) /usr/local/python3.11.14/lib/python3.11/site-packages/torch_npu/dynamo/torchair/configs/compiler_config.py:106: UserWarning: The following torchair config or properties may not take effect or report error in reduce-overhead mode: config.experimental_config.enable_view_optimize:True, set_dim_gears, dynamo_export, scope, npu_print
2026-03-19T04:16:28.2215573Z (Worker pid=3879) (Worker_DP0_TP4_EP4 pid=3879) /usr/local/python3.11.14/lib/python3.11/site-packages/torch_npu/dynamo/torchair/configs/compiler_config.py:106: UserWarning: The following torchair config or properties may not take effect or report error in reduce-overhead mode: config.experimental_config.enable_view_optimize:True, set_dim_gears, dynamo_export, scope, npu_print
2026-03-19T04:16:28.2227818Z (Worker pid=5620) (Worker_DP1_TP7_EP15 pid=5620) /usr/local/python3.11.14/lib/python3.11/site-packages/torch_npu/dynamo/torchair/configs/compiler_config.py:106: UserWarning: The following torchair config or properties may not take effect or report error in reduce-overhead mode: config.experimental_config.enable_view_optimize:True, set_dim_gears, dynamo_export, scope, npu_print
2026-03-19T04:16:28.2236862Z (Worker pid=4440) (Worker_DP1_TP5_EP13 pid=4440)   warnings.warn(
2026-03-19T04:16:28.2247093Z (Worker pid=2763) (Worker_DP0_TP2_EP2 pid=2763)   warnings.warn(
2026-03-19T04:16:28.2259472Z (Worker pid=2766) (Worker_DP1_TP2_EP10 pid=2766) /usr/local/python3.11.14/lib/python3.11/site-packages/torch_npu/dynamo/torchair/configs/compiler_config.py:106: UserWarning: The following torchair config or properties may not take effect or report error in reduce-overhead mode: config.experimental_config.enable_view_optimize:True, set_dim_gears, dynamo_export, scope, npu_print
2026-03-19T04:16:28.2268873Z (Worker pid=4998) (Worker_DP1_TP6_EP14 pid=4998)   warnings.warn(
2026-03-19T04:16:28.2279657Z (Worker pid=2198) (Worker_DP1_TP1_EP9 pid=2198)   warnings.warn(
2026-03-19T04:16:28.2290318Z (Worker pid=1381) (Worker_DP1_TP0_EP8 pid=1381)   warnings.warn(
2026-03-19T04:16:28.2300509Z (Worker pid=4437) (Worker_DP0_TP5_EP5 pid=4437)   warnings.warn(
2026-03-19T04:16:28.2310870Z (Worker pid=3879) (Worker_DP0_TP4_EP4 pid=3879)   warnings.warn(
2026-03-19T04:16:28.2322892Z (Worker pid=1380) (Worker_DP0_TP0_EP0 pid=1380) /usr/local/python3.11.14/lib/python3.11/site-packages/torch_npu/dynamo/torchair/configs/compiler_config.py:106: UserWarning: The following torchair config or properties may not take effect or report error in reduce-overhead mode: config.experimental_config.enable_view_optimize:True, set_dim_gears, dynamo_export, scope, npu_print
2026-03-19T04:16:28.2331322Z (Worker pid=5620) (Worker_DP1_TP7_EP15 pid=5620)   warnings.warn(
2026-03-19T04:16:28.2344078Z (Worker pid=2195) (Worker_DP0_TP1_EP1 pid=2195) /usr/local/python3.11.14/lib/python3.11/site-packages/torch_npu/dynamo/torchair/configs/compiler_config.py:106: UserWarning: The following torchair config or properties may not take effect or report error in reduce-overhead mode: config.experimental_config.enable_view_optimize:True, set_dim_gears, dynamo_export, scope, npu_print
2026-03-19T04:16:28.2353838Z (Worker pid=2766) (Worker_DP1_TP2_EP10 pid=2766)   warnings.warn(
2026-03-19T04:16:28.2365846Z (Worker pid=3321) (Worker_DP0_TP3_EP3 pid=3321) /usr/local/python3.11.14/lib/python3.11/site-packages/torch_npu/dynamo/torchair/configs/compiler_config.py:106: UserWarning: The following torchair config or properties may not take effect or report error in reduce-overhead mode: config.experimental_config.enable_view_optimize:True, set_dim_gears, dynamo_export, scope, npu_print
2026-03-19T04:16:28.2377700Z (Worker pid=3324) (Worker_DP1_TP3_EP11 pid=3324) /usr/local/python3.11.14/lib/python3.11/site-packages/torch_npu/dynamo/torchair/configs/compiler_config.py:106: UserWarning: The following torchair config or properties may not take effect or report error in reduce-overhead mode: config.experimental_config.enable_view_optimize:True, set_dim_gears, dynamo_export, scope, npu_print
2026-03-19T04:16:28.2386628Z (Worker pid=1380) (Worker_DP0_TP0_EP0 pid=1380)   warnings.warn(
2026-03-19T04:16:28.2397144Z (Worker pid=2195) (Worker_DP0_TP1_EP1 pid=2195)   warnings.warn(
2026-03-19T04:16:28.2406930Z (Worker pid=3321) (Worker_DP0_TP3_EP3 pid=3321)   warnings.warn(
2026-03-19T04:16:28.2417273Z (Worker pid=3324) (Worker_DP1_TP3_EP11 pid=3324)   warnings.warn(
2026-03-19T04:16:29.3061980Z (Worker pid=2195) (Worker_DP0_TP1_EP1 pid=2195) /usr/local/python3.11.14/lib/python3.11/site-packages/torch_npu/dynamo/torchair/configs/compiler_config.py:106: UserWarning: The following torchair config or properties may not take effect or report error in reduce-overhead mode: config.experimental_config.enable_view_optimize:True, set_dim_gears, dynamo_export, scope, npu_print
2026-03-19T04:16:29.3072968Z (Worker pid=2195) (Worker_DP0_TP1_EP1 pid=2195)   warnings.warn(
2026-03-19T04:16:29.3084891Z (Worker pid=4995) (Worker_DP0_TP6_EP6 pid=4995) /usr/local/python3.11.14/lib/python3.11/site-packages/torch_npu/dynamo/torchair/configs/compiler_config.py:106: UserWarning: The following torchair config or properties may not take effect or report error in reduce-overhead mode: config.experimental_config.enable_view_optimize:True, set_dim_gears, dynamo_export, scope, npu_print
2026-03-19T04:16:29.3094690Z (Worker pid=4995) (Worker_DP0_TP6_EP6 pid=4995)   warnings.warn(
2026-03-19T04:16:29.3107303Z (Worker pid=2763) (Worker_DP0_TP2_EP2 pid=2763) /usr/local/python3.11.14/lib/python3.11/site-packages/torch_npu/dynamo/torchair/configs/compiler_config.py:106: UserWarning: The following torchair config or properties may not take effect or report error in reduce-overhead mode: config.experimental_config.enable_view_optimize:True, set_dim_gears, dynamo_export, scope, npu_print
2026-03-19T04:16:29.3118057Z (Worker pid=1380) (Worker_DP0_TP0_EP0 pid=1380) /usr/local/python3.11.14/lib/python3.11/site-packages/torch_npu/dynamo/torchair/configs/compiler_config.py:106: UserWarning: The following torchair config or properties may not take effect or report error in reduce-overhead mode: config.experimental_config.enable_view_optimize:True, set_dim_gears, dynamo_export, scope, npu_print
2026-03-19T04:16:29.3126736Z (Worker pid=2763) (Worker_DP0_TP2_EP2 pid=2763)   warnings.warn(
2026-03-19T04:16:29.3136143Z (Worker pid=1380) (Worker_DP0_TP0_EP0 pid=1380)   warnings.warn(
2026-03-19T04:16:29.3148913Z (Worker pid=5553) (Worker_DP0_TP7_EP7 pid=5553) /usr/local/python3.11.14/lib/python3.11/site-packages/torch_npu/dynamo/torchair/configs/compiler_config.py:106: UserWarning: The following torchair config or properties may not take effect or report error in reduce-overhead mode: config.experimental_config.enable_view_optimize:True, set_dim_gears, dynamo_export, scope, npu_print
2026-03-19T04:16:29.3157636Z (Worker pid=5553) (Worker_DP0_TP7_EP7 pid=5553)   warnings.warn(
2026-03-19T04:16:29.3169548Z (Worker pid=4437) (Worker_DP0_TP5_EP5 pid=4437) /usr/local/python3.11.14/lib/python3.11/site-packages/torch_npu/dynamo/torchair/configs/compiler_config.py:106: UserWarning: The following torchair config or properties may not take effect or report error in reduce-overhead mode: config.experimental_config.enable_view_optimize:True, set_dim_gears, dynamo_export, scope, npu_print
2026-03-19T04:16:29.3178431Z (Worker pid=4437) (Worker_DP0_TP5_EP5 pid=4437)   warnings.warn(
2026-03-19T04:16:29.3191663Z (Worker pid=3879) (Worker_DP0_TP4_EP4 pid=3879) /usr/local/python3.11.14/lib/python3.11/site-packages/torch_npu/dynamo/torchair/configs/compiler_config.py:106: UserWarning: The following torchair config or properties may not take effect or report error in reduce-overhead mode: config.experimental_config.enable_view_optimize:True, set_dim_gears, dynamo_export, scope, npu_print
2026-03-19T04:16:29.3199801Z (Worker pid=3879) (Worker_DP0_TP4_EP4 pid=3879)   warnings.warn(
2026-03-19T04:16:29.3211712Z (Worker pid=5620) (Worker_DP1_TP7_EP15 pid=5620) /usr/local/python3.11.14/lib/python3.11/site-packages/torch_npu/dynamo/torchair/configs/compiler_config.py:106: UserWarning: The following torchair config or properties may not take effect or report error in reduce-overhead mode: config.experimental_config.enable_view_optimize:True, set_dim_gears, dynamo_export, scope, npu_print
2026-03-19T04:16:29.3220368Z (Worker pid=5620) (Worker_DP1_TP7_EP15 pid=5620)   warnings.warn(
2026-03-19T04:16:29.3232738Z (Worker pid=3321) (Worker_DP0_TP3_EP3 pid=3321) /usr/local/python3.11.14/lib/python3.11/site-packages/torch_npu/dynamo/torchair/configs/compiler_config.py:106: UserWarning: The following torchair config or properties may not take effect or report error in reduce-overhead mode: config.experimental_config.enable_view_optimize:True, set_dim_gears, dynamo_export, scope, npu_print
2026-03-19T04:16:29.3240594Z (Worker pid=3321) (Worker_DP0_TP3_EP3 pid=3321)   warnings.warn(
2026-03-19T04:16:29.3252540Z (Worker pid=3882) (Worker_DP1_TP4_EP12 pid=3882) /usr/local/python3.11.14/lib/python3.11/site-packages/torch_npu/dynamo/torchair/configs/compiler_config.py:106: UserWarning: The following torchair config or properties may not take effect or report error in reduce-overhead mode: config.experimental_config.enable_view_optimize:True, set_dim_gears, dynamo_export, scope, npu_print
2026-03-19T04:16:29.3263248Z (Worker pid=2198) (Worker_DP1_TP1_EP9 pid=2198) /usr/local/python3.11.14/lib/python3.11/site-packages/torch_npu/dynamo/torchair/configs/compiler_config.py:106: UserWarning: The following torchair config or properties may not take effect or report error in reduce-overhead mode: config.experimental_config.enable_view_optimize:True, set_dim_gears, dynamo_export, scope, npu_print
2026-03-19T04:16:29.3271261Z (Worker pid=3882) (Worker_DP1_TP4_EP12 pid=3882)   warnings.warn(
2026-03-19T04:16:29.3280754Z (Worker pid=2198) (Worker_DP1_TP1_EP9 pid=2198)   warnings.warn(
2026-03-19T04:16:29.3292571Z (Worker pid=1381) (Worker_DP1_TP0_EP8 pid=1381) /usr/local/python3.11.14/lib/python3.11/site-packages/torch_npu/dynamo/torchair/configs/compiler_config.py:106: UserWarning: The following torchair config or properties may not take effect or report error in reduce-overhead mode: config.experimental_config.enable_view_optimize:True, set_dim_gears, dynamo_export, scope, npu_print
2026-03-19T04:16:29.3301162Z (Worker pid=1381) (Worker_DP1_TP0_EP8 pid=1381)   warnings.warn(
2026-03-19T04:16:29.3313586Z (Worker pid=2766) (Worker_DP1_TP2_EP10 pid=2766) /usr/local/python3.11.14/lib/python3.11/site-packages/torch_npu/dynamo/torchair/configs/compiler_config.py:106: UserWarning: The following torchair config or properties may not take effect or report error in reduce-overhead mode: config.experimental_config.enable_view_optimize:True, set_dim_gears, dynamo_export, scope, npu_print
2026-03-19T04:16:29.3324103Z (Worker pid=2766) (Worker_DP1_TP2_EP10 pid=2766)   warnings.warn(
2026-03-19T04:16:29.3334642Z (Worker pid=4998) (Worker_DP1_TP6_EP14 pid=4998) /usr/local/python3.11.14/lib/python3.11/site-packages/torch_npu/dynamo/torchair/configs/compiler_config.py:106: UserWarning: The following torchair config or properties may not take effect or report error in reduce-overhead mode: config.experimental_config.enable_view_optimize:True, set_dim_gears, dynamo_export, scope, npu_print
2026-03-19T04:16:29.3343491Z (Worker pid=4998) (Worker_DP1_TP6_EP14 pid=4998)   warnings.warn(
2026-03-19T04:16:29.3354896Z (Worker pid=4440) (Worker_DP1_TP5_EP13 pid=4440) /usr/local/python3.11.14/lib/python3.11/site-packages/torch_npu/dynamo/torchair/configs/compiler_config.py:106: UserWarning: The following torchair config or properties may not take effect or report error in reduce-overhead mode: config.experimental_config.enable_view_optimize:True, set_dim_gears, dynamo_export, scope, npu_print
2026-03-19T04:16:29.3363232Z (Worker pid=4440) (Worker_DP1_TP5_EP13 pid=4440)   warnings.warn(
2026-03-19T04:16:29.3374937Z (Worker pid=3324) (Worker_DP1_TP3_EP11 pid=3324) /usr/local/python3.11.14/lib/python3.11/site-packages/torch_npu/dynamo/torchair/configs/compiler_config.py:106: UserWarning: The following torchair config or properties may not take effect or report error in reduce-overhead mode: config.experimental_config.enable_view_optimize:True, set_dim_gears, dynamo_export, scope, npu_print
2026-03-19T04:16:29.3384911Z (Worker pid=3324) (Worker_DP1_TP3_EP11 pid=3324)   warnings.warn(
2026-03-19T04:16:29.6365401Z (Worker pid=3324) (Worker_DP1_TP3_EP11 pid=3324) /usr/local/python3.11.14/lib/python3.11/site-packages/torch_npu/dynamo/torchair/configs/compiler_config.py:106: UserWarning: The following torchair config or properties may not take effect or report error in reduce-overhead mode: config.experimental_config.enable_view_optimize:True, set_dim_gears, dynamo_export, scope, npu_print
2026-03-19T04:16:29.6375212Z (Worker pid=3882) (Worker_DP1_TP4_EP12 pid=3882) /usr/local/python3.11.14/lib/python3.11/site-packages/torch_npu/dynamo/torchair/configs/compiler_config.py:106: UserWarning: The following torchair config or properties may not take effect or report error in reduce-overhead mode: config.experimental_config.enable_view_optimize:True, set_dim_gears, dynamo_export, scope, npu_print
2026-03-19T04:16:29.6382283Z (Worker pid=2198) (Worker_DP1_TP1_EP9 pid=2198) /usr/local/python3.11.14/lib/python3.11/site-packages/torch_npu/dynamo/torchair/configs/compiler_config.py:106: UserWarning: The following torchair config or properties may not take effect or report error in reduce-overhead mode: config.experimental_config.enable_view_optimize:True, set_dim_gears, dynamo_export, scope, npu_print
2026-03-19T04:16:29.6393703Z (Worker pid=2766) (Worker_DP1_TP2_EP10 pid=2766) /usr/local/python3.11.14/lib/python3.11/site-packages/torch_npu/dynamo/torchair/configs/compiler_config.py:106: UserWarning: The following torchair config or properties may not take effect or report error in reduce-overhead mode: config.experimental_config.enable_view_optimize:True, set_dim_gears, dynamo_export, scope, npu_print
2026-03-19T04:16:29.6404583Z (Worker pid=4440) (Worker_DP1_TP5_EP13 pid=4440) /usr/local/python3.11.14/lib/python3.11/site-packages/torch_npu/dynamo/torchair/configs/compiler_config.py:106: UserWarning: The following torchair config or properties may not take effect or report error in reduce-overhead mode: config.experimental_config.enable_view_optimize:True, set_dim_gears, dynamo_export, scope, npu_print
2026-03-19T04:16:29.6413604Z (Worker pid=3324) (Worker_DP1_TP3_EP11 pid=3324)   warnings.warn(
2026-03-19T04:16:29.6423848Z (Worker pid=3882) (Worker_DP1_TP4_EP12 pid=3882)   warnings.warn(
2026-03-19T04:16:29.6437234Z (Worker pid=4998) (Worker_DP1_TP6_EP14 pid=4998) /usr/local/python3.11.14/lib/python3.11/site-packages/torch_npu/dynamo/torchair/configs/compiler_config.py:106: UserWarning: The following torchair config or properties may not take effect or report error in reduce-overhead mode: config.experimental_config.enable_view_optimize:True, set_dim_gears, dynamo_export, scope, npu_print
2026-03-19T04:16:29.6445662Z (Worker pid=2198) (Worker_DP1_TP1_EP9 pid=2198)   warnings.warn(
2026-03-19T04:16:29.6455526Z (Worker pid=2766) (Worker_DP1_TP2_EP10 pid=2766)   warnings.warn(
2026-03-19T04:16:29.6465847Z (Worker pid=4440) (Worker_DP1_TP5_EP13 pid=4440)   warnings.warn(
2026-03-19T04:16:29.6478586Z (Worker pid=1381) (Worker_DP1_TP0_EP8 pid=1381) /usr/local/python3.11.14/lib/python3.11/site-packages/torch_npu/dynamo/torchair/configs/compiler_config.py:106: UserWarning: The following torchair config or properties may not take effect or report error in reduce-overhead mode: config.experimental_config.enable_view_optimize:True, set_dim_gears, dynamo_export, scope, npu_print
2026-03-19T04:16:29.6487662Z (Worker pid=4998) (Worker_DP1_TP6_EP14 pid=4998)   warnings.warn(
2026-03-19T04:16:29.6500971Z (Worker pid=5620) (Worker_DP1_TP7_EP15 pid=5620) /usr/local/python3.11.14/lib/python3.11/site-packages/torch_npu/dynamo/torchair/configs/compiler_config.py:106: UserWarning: The following torchair config or properties may not take effect or report error in reduce-overhead mode: config.experimental_config.enable_view_optimize:True, set_dim_gears, dynamo_export, scope, npu_print
2026-03-19T04:16:29.6510721Z (Worker pid=1381) (Worker_DP1_TP0_EP8 pid=1381)   warnings.warn(
2026-03-19T04:16:29.6520141Z (Worker pid=5620) (Worker_DP1_TP7_EP15 pid=5620)   warnings.warn(
2026-03-19T04:16:29.6532114Z (Worker pid=2195) (Worker_DP0_TP1_EP1 pid=2195) /usr/local/python3.11.14/lib/python3.11/site-packages/torch_npu/dynamo/torchair/configs/compiler_config.py:106: UserWarning: The following torchair config or properties may not take effect or report error in reduce-overhead mode: config.experimental_config.enable_view_optimize:True, set_dim_gears, dynamo_export, scope, npu_print
2026-03-19T04:16:29.6542536Z (Worker pid=5553) (Worker_DP0_TP7_EP7 pid=5553) /usr/local/python3.11.14/lib/python3.11/site-packages/torch_npu/dynamo/torchair/configs/compiler_config.py:106: UserWarning: The following torchair config or properties may not take effect or report error in reduce-overhead mode: config.experimental_config.enable_view_optimize:True, set_dim_gears, dynamo_export, scope, npu_print
2026-03-19T04:16:29.6551116Z (Worker pid=2195) (Worker_DP0_TP1_EP1 pid=2195)   warnings.warn(
2026-03-19T04:16:29.6561784Z (Worker pid=5553) (Worker_DP0_TP7_EP7 pid=5553)   warnings.warn(
2026-03-19T04:16:29.6573826Z (Worker pid=1380) (Worker_DP0_TP0_EP0 pid=1380) /usr/local/python3.11.14/lib/python3.11/site-packages/torch_npu/dynamo/torchair/configs/compiler_config.py:106: UserWarning: The following torchair config or properties may not take effect or report error in reduce-overhead mode: config.experimental_config.enable_view_optimize:True, set_dim_gears, dynamo_export, scope, npu_print
2026-03-19T04:16:29.6583837Z (Worker pid=1380) (Worker_DP0_TP0_EP0 pid=1380)   warnings.warn(
2026-03-19T04:16:29.6595767Z (Worker pid=4437) (Worker_DP0_TP5_EP5 pid=4437) /usr/local/python3.11.14/lib/python3.11/site-packages/torch_npu/dynamo/torchair/configs/compiler_config.py:106: UserWarning: The following torchair config or properties may not take effect or report error in reduce-overhead mode: config.experimental_config.enable_view_optimize:True, set_dim_gears, dynamo_export, scope, npu_print
2026-03-19T04:16:29.6607088Z (Worker pid=4995) (Worker_DP0_TP6_EP6 pid=4995) /usr/local/python3.11.14/lib/python3.11/site-packages/torch_npu/dynamo/torchair/configs/compiler_config.py:106: UserWarning: The following torchair config or properties may not take effect or report error in reduce-overhead mode: config.experimental_config.enable_view_optimize:True, set_dim_gears, dynamo_export, scope, npu_print
2026-03-19T04:16:29.6663893Z (Worker pid=3879) (Worker_DP0_TP4_EP4 pid=3879) /usr/local/python3.11.14/lib/python3.11/site-packages/torch_npu/dynamo/torchair/configs/compiler_config.py:106: UserWarning: The following torchair config or properties may not take effect or report error in reduce-overhead mode: config.experimental_config.enable_view_optimize:True, set_dim_gears, dynamo_export, scope, npu_print
2026-03-19T04:16:29.6665366Z (Worker pid=4437) (Worker_DP0_TP5_EP5 pid=4437)   warnings.warn(
2026-03-19T04:16:29.6665771Z (Worker pid=4995) (Worker_DP0_TP6_EP6 pid=4995)   warnings.warn(
2026-03-19T04:16:29.6666156Z (Worker pid=3879) (Worker_DP0_TP4_EP4 pid=3879)   warnings.warn(
2026-03-19T04:16:29.6667611Z (Worker pid=2763) (Worker_DP0_TP2_EP2 pid=2763) /usr/local/python3.11.14/lib/python3.11/site-packages/torch_npu/dynamo/torchair/configs/compiler_config.py:106: UserWarning: The following torchair config or properties may not take effect or report error in reduce-overhead mode: config.experimental_config.enable_view_optimize:True, set_dim_gears, dynamo_export, scope, npu_print
2026-03-19T04:16:29.6669280Z (Worker pid=2763) (Worker_DP0_TP2_EP2 pid=2763)   warnings.warn(
2026-03-19T04:16:29.6679555Z (Worker pid=3321) (Worker_DP0_TP3_EP3 pid=3321) /usr/local/python3.11.14/lib/python3.11/site-packages/torch_npu/dynamo/torchair/configs/compiler_config.py:106: UserWarning: The following torchair config or properties may not take effect or report error in reduce-overhead mode: config.experimental_config.enable_view_optimize:True, set_dim_gears, dynamo_export, scope, npu_print
2026-03-19T04:16:29.6688031Z (Worker pid=3321) (Worker_DP0_TP3_EP3 pid=3321)   warnings.warn(
2026-03-19T04:16:29.9795508Z (Worker pid=3324) (Worker_DP1_TP3_EP11 pid=3324) /usr/local/python3.11.14/lib/python3.11/site-packages/torch_npu/dynamo/torchair/configs/compiler_config.py:106: UserWarning: The following torchair config or properties may not take effect or report error in reduce-overhead mode: config.experimental_config.enable_view_optimize:True, set_dim_gears, dynamo_export, scope, npu_print
2026-03-19T04:16:29.9805632Z (Worker pid=2766) (Worker_DP1_TP2_EP10 pid=2766) /usr/local/python3.11.14/lib/python3.11/site-packages/torch_npu/dynamo/torchair/configs/compiler_config.py:106: UserWarning: The following torchair config or properties may not take effect or report error in reduce-overhead mode: config.experimental_config.enable_view_optimize:True, set_dim_gears, dynamo_export, scope, npu_print
2026-03-19T04:16:29.9813171Z (Worker pid=3324) (Worker_DP1_TP3_EP11 pid=3324)   warnings.warn(
2026-03-19T04:16:29.9825979Z (Worker pid=1380) (Worker_DP0_TP0_EP0 pid=1380) /usr/local/python3.11.14/lib/python3.11/site-packages/torch_npu/dynamo/torchair/configs/compiler_config.py:106: UserWarning: The following torchair config or properties may not take effect or report error in reduce-overhead mode: config.experimental_config.enable_view_optimize:True, set_dim_gears, dynamo_export, scope, npu_print
2026-03-19T04:16:29.9837549Z (Worker pid=2198) (Worker_DP1_TP1_EP9 pid=2198) /usr/local/python3.11.14/lib/python3.11/site-packages/torch_npu/dynamo/torchair/configs/compiler_config.py:106: UserWarning: The following torchair config or properties may not take effect or report error in reduce-overhead mode: config.experimental_config.enable_view_optimize:True, set_dim_gears, dynamo_export, scope, npu_print
2026-03-19T04:16:29.9873833Z (Worker pid=3321) (Worker_DP0_TP3_EP3 pid=3321) /usr/local/python3.11.14/lib/python3.11/site-packages/torch_npu/dynamo/torchair/configs/compiler_config.py:106: UserWarning: The following torchair config or properties may not take effect or report error in reduce-overhead mode: config.experimental_config.enable_view_optimize:True, set_dim_gears, dynamo_export, scope, npu_print
2026-03-19T04:16:29.9882442Z (Worker pid=2766) (Worker_DP1_TP2_EP10 pid=2766)   warnings.warn(
2026-03-19T04:16:29.9894730Z (Worker pid=4998) (Worker_DP1_TP6_EP14 pid=4998) /usr/local/python3.11.14/lib/python3.11/site-packages/torch_npu/dynamo/torchair/configs/compiler_config.py:106: UserWarning: The following torchair config or properties may not take effect or report error in reduce-overhead mode: config.experimental_config.enable_view_optimize:True, set_dim_gears, dynamo_export, scope, npu_print
2026-03-19T04:16:29.9905437Z (Worker pid=2195) (Worker_DP0_TP1_EP1 pid=2195) /usr/local/python3.11.14/lib/python3.11/site-packages/torch_npu/dynamo/torchair/configs/compiler_config.py:106: UserWarning: The following torchair config or properties may not take effect or report error in reduce-overhead mode: config.experimental_config.enable_view_optimize:True, set_dim_gears, dynamo_export, scope, npu_print
2026-03-19T04:16:29.9914404Z (Worker pid=1380) (Worker_DP0_TP0_EP0 pid=1380)   warnings.warn(
2026-03-19T04:16:29.9924680Z (Worker pid=2198) (Worker_DP1_TP1_EP9 pid=2198)   warnings.warn(
2026-03-19T04:16:29.9936519Z (Worker pid=4995) (Worker_DP0_TP6_EP6 pid=4995) /usr/local/python3.11.14/lib/python3.11/site-packages/torch_npu/dynamo/torchair/configs/compiler_config.py:106: UserWarning: The following torchair config or properties may not take effect or report error in reduce-overhead mode: config.experimental_config.enable_view_optimize:True, set_dim_gears, dynamo_export, scope, npu_print
2026-03-19T04:16:29.9945757Z (Worker pid=2195) (Worker_DP0_TP1_EP1 pid=2195)   warnings.warn(
2026-03-19T04:16:29.9955762Z (Worker pid=3321) (Worker_DP0_TP3_EP3 pid=3321)   warnings.warn(
2026-03-19T04:16:29.9967121Z (Worker pid=2763) (Worker_DP0_TP2_EP2 pid=2763) /usr/local/python3.11.14/lib/python3.11/site-packages/torch_npu/dynamo/torchair/configs/compiler_config.py:106: UserWarning: The following torchair config or properties may not take effect or report error in reduce-overhead mode: config.experimental_config.enable_view_optimize:True, set_dim_gears, dynamo_export, scope, npu_print
2026-03-19T04:16:29.9975761Z (Worker pid=4998) (Worker_DP1_TP6_EP14 pid=4998)   warnings.warn(
2026-03-19T04:16:29.9988229Z (Worker pid=3879) (Worker_DP0_TP4_EP4 pid=3879) /usr/local/python3.11.14/lib/python3.11/site-packages/torch_npu/dynamo/torchair/configs/compiler_config.py:106: UserWarning: The following torchair config or properties may not take effect or report error in reduce-overhead mode: config.experimental_config.enable_view_optimize:True, set_dim_gears, dynamo_export, scope, npu_print
2026-03-19T04:16:30.0000392Z (Worker pid=5553) (Worker_DP0_TP7_EP7 pid=5553) /usr/local/python3.11.14/lib/python3.11/site-packages/torch_npu/dynamo/torchair/configs/compiler_config.py:106: UserWarning: The following torchair config or properties may not take effect or report error in reduce-overhead mode: config.experimental_config.enable_view_optimize:True, set_dim_gears, dynamo_export, scope, npu_print
2026-03-19T04:16:30.0007937Z (Worker pid=4995) (Worker_DP0_TP6_EP6 pid=4995)   warnings.warn(
2026-03-19T04:16:30.0020408Z (Worker pid=1381) (Worker_DP1_TP0_EP8 pid=1381) /usr/local/python3.11.14/lib/python3.11/site-packages/torch_npu/dynamo/torchair/configs/compiler_config.py:106: UserWarning: The following torchair config or properties may not take effect or report error in reduce-overhead mode: config.experimental_config.enable_view_optimize:True, set_dim_gears, dynamo_export, scope, npu_print
2026-03-19T04:16:30.0029185Z (Worker pid=2763) (Worker_DP0_TP2_EP2 pid=2763)   warnings.warn(
2026-03-19T04:16:30.0039126Z (Worker pid=5553) (Worker_DP0_TP7_EP7 pid=5553)   warnings.warn(
2026-03-19T04:16:30.0051330Z (Worker pid=3882) (Worker_DP1_TP4_EP12 pid=3882) /usr/local/python3.11.14/lib/python3.11/site-packages/torch_npu/dynamo/torchair/configs/compiler_config.py:106: UserWarning: The following torchair config or properties may not take effect or report error in reduce-overhead mode: config.experimental_config.enable_view_optimize:True, set_dim_gears, dynamo_export, scope, npu_print
2026-03-19T04:16:30.0060605Z (Worker pid=3879) (Worker_DP0_TP4_EP4 pid=3879)   warnings.warn(
2026-03-19T04:16:30.0071156Z (Worker pid=1381) (Worker_DP1_TP0_EP8 pid=1381)   warnings.warn(
2026-03-19T04:16:30.0082904Z (Worker pid=4440) (Worker_DP1_TP5_EP13 pid=4440) /usr/local/python3.11.14/lib/python3.11/site-packages/torch_npu/dynamo/torchair/configs/compiler_config.py:106: UserWarning: The following torchair config or properties may not take effect or report error in reduce-overhead mode: config.experimental_config.enable_view_optimize:True, set_dim_gears, dynamo_export, scope, npu_print
2026-03-19T04:16:30.0093690Z (Worker pid=5620) (Worker_DP1_TP7_EP15 pid=5620) /usr/local/python3.11.14/lib/python3.11/site-packages/torch_npu/dynamo/torchair/configs/compiler_config.py:106: UserWarning: The following torchair config or properties may not take effect or report error in reduce-overhead mode: config.experimental_config.enable_view_optimize:True, set_dim_gears, dynamo_export, scope, npu_print
2026-03-19T04:16:30.0103233Z (Worker pid=3882) (Worker_DP1_TP4_EP12 pid=3882)   warnings.warn(
2026-03-19T04:16:30.0115248Z (Worker pid=4437) (Worker_DP0_TP5_EP5 pid=4437) /usr/local/python3.11.14/lib/python3.11/site-packages/torch_npu/dynamo/torchair/configs/compiler_config.py:106: UserWarning: The following torchair config or properties may not take effect or report error in reduce-overhead mode: config.experimental_config.enable_view_optimize:True, set_dim_gears, dynamo_export, scope, npu_print
2026-03-19T04:16:30.0123915Z (Worker pid=4440) (Worker_DP1_TP5_EP13 pid=4440)   warnings.warn(
2026-03-19T04:16:30.0133708Z (Worker pid=5620) (Worker_DP1_TP7_EP15 pid=5620)   warnings.warn(
2026-03-19T04:16:30.0143916Z (Worker pid=4437) (Worker_DP0_TP5_EP5 pid=4437)   warnings.warn(
2026-03-19T04:16:30.3203795Z (Worker pid=2195) (Worker_DP0_TP1_EP1 pid=2195) /usr/local/python3.11.14/lib/python3.11/site-packages/torch_npu/dynamo/torchair/configs/compiler_config.py:106: UserWarning: The following torchair config or properties may not take effect or report error in reduce-overhead mode: config.experimental_config.enable_view_optimize:True, set_dim_gears, dynamo_export, scope, npu_print
2026-03-19T04:16:30.3215009Z (Worker pid=3882) (Worker_DP1_TP4_EP12 pid=3882) /usr/local/python3.11.14/lib/python3.11/site-packages/torch_npu/dynamo/torchair/configs/compiler_config.py:106: UserWarning: The following torchair config or properties may not take effect or report error in reduce-overhead mode: config.experimental_config.enable_view_optimize:True, set_dim_gears, dynamo_export, scope, npu_print
2026-03-19T04:16:30.3230141Z (Worker pid=3321) (Worker_DP0_TP3_EP3 pid=3321) /usr/local/python3.11.14/lib/python3.11/site-packages/torch_npu/dynamo/torchair/configs/compiler_config.py:106: UserWarning: The following torchair config or properties may not take effect or report error in reduce-overhead mode: config.experimental_config.enable_view_optimize:True, set_dim_gears, dynamo_export, scope, npu_print
2026-03-19T04:16:30.3241253Z (Worker pid=2763) (Worker_DP0_TP2_EP2 pid=2763) /usr/local/python3.11.14/lib/python3.11/site-packages/torch_npu/dynamo/torchair/configs/compiler_config.py:106: UserWarning: The following torchair config or properties may not take effect or report error in reduce-overhead mode: config.experimental_config.enable_view_optimize:True, set_dim_gears, dynamo_export, scope, npu_print
2026-03-19T04:16:30.3253139Z (Worker pid=4995) (Worker_DP0_TP6_EP6 pid=4995) /usr/local/python3.11.14/lib/python3.11/site-packages/torch_npu/dynamo/torchair/configs/compiler_config.py:106: UserWarning: The following torchair config or properties may not take effect or report error in reduce-overhead mode: config.experimental_config.enable_view_optimize:True, set_dim_gears, dynamo_export, scope, npu_print
2026-03-19T04:16:30.3264359Z (Worker pid=2766) (Worker_DP1_TP2_EP10 pid=2766) /usr/local/python3.11.14/lib/python3.11/site-packages/torch_npu/dynamo/torchair/configs/compiler_config.py:106: UserWarning: The following torchair config or properties may not take effect or report error in reduce-overhead mode: config.experimental_config.enable_view_optimize:True, set_dim_gears, dynamo_export, scope, npu_print
2026-03-19T04:16:30.3275893Z (Worker pid=4440) (Worker_DP1_TP5_EP13 pid=4440) /usr/local/python3.11.14/lib/python3.11/site-packages/torch_npu/dynamo/torchair/configs/compiler_config.py:106: UserWarning: The following torchair config or properties may not take effect or report error in reduce-overhead mode: config.experimental_config.enable_view_optimize:True, set_dim_gears, dynamo_export, scope, npu_print
2026-03-19T04:16:30.3283457Z (Worker pid=2195) (Worker_DP0_TP1_EP1 pid=2195)   warnings.warn(
2026-03-19T04:16:30.3292996Z (Worker pid=3882) (Worker_DP1_TP4_EP12 pid=3882)   warnings.warn(
2026-03-19T04:16:30.3303490Z (Worker pid=2763) (Worker_DP0_TP2_EP2 pid=2763)   warnings.warn(
2026-03-19T04:16:30.3316003Z (Worker pid=3321) (Worker_DP0_TP3_EP3 pid=3321)   warnings.warn(
2026-03-19T04:16:30.3324396Z (Worker pid=4995) (Worker_DP0_TP6_EP6 pid=4995)   warnings.warn(
2026-03-19T04:16:30.3334660Z (Worker pid=2766) (Worker_DP1_TP2_EP10 pid=2766)   warnings.warn(
2026-03-19T04:16:30.3345469Z (Worker pid=4440) (Worker_DP1_TP5_EP13 pid=4440)   warnings.warn(
2026-03-19T04:16:30.3358459Z (Worker pid=1380) (Worker_DP0_TP0_EP0 pid=1380) /usr/local/python3.11.14/lib/python3.11/site-packages/torch_npu/dynamo/torchair/configs/compiler_config.py:106: UserWarning: The following torchair config or properties may not take effect or report error in reduce-overhead mode: config.experimental_config.enable_view_optimize:True, set_dim_gears, dynamo_export, scope, npu_print
2026-03-19T04:16:30.3369904Z (Worker pid=5553) (Worker_DP0_TP7_EP7 pid=5553) /usr/local/python3.11.14/lib/python3.11/site-packages/torch_npu/dynamo/torchair/configs/compiler_config.py:106: UserWarning: The following torchair config or properties may not take effect or report error in reduce-overhead mode: config.experimental_config.enable_view_optimize:True, set_dim_gears, dynamo_export, scope, npu_print
2026-03-19T04:16:30.3384458Z (Worker pid=4998) (Worker_DP1_TP6_EP14 pid=4998) /usr/local/python3.11.14/lib/python3.11/site-packages/torch_npu/dynamo/torchair/configs/compiler_config.py:106: UserWarning: The following torchair config or properties may not take effect or report error in reduce-overhead mode: config.experimental_config.enable_view_optimize:True, set_dim_gears, dynamo_export, scope, npu_print
2026-03-19T04:16:30.3392237Z (Worker pid=5620) (Worker_DP1_TP7_EP15 pid=5620) /usr/local/python3.11.14/lib/python3.11/site-packages/torch_npu/dynamo/torchair/configs/compiler_config.py:106: UserWarning: The following torchair config or properties may not take effect or report error in reduce-overhead mode: config.experimental_config.enable_view_optimize:True, set_dim_gears, dynamo_export, scope, npu_print
2026-03-19T04:16:30.3404304Z (Worker pid=4437) (Worker_DP0_TP5_EP5 pid=4437) /usr/local/python3.11.14/lib/python3.11/site-packages/torch_npu/dynamo/torchair/configs/compiler_config.py:106: UserWarning: The following torchair config or properties may not take effect or report error in reduce-overhead mode: config.experimental_config.enable_view_optimize:True, set_dim_gears, dynamo_export, scope, npu_print
2026-03-19T04:16:30.3413583Z (Worker pid=1380) (Worker_DP0_TP0_EP0 pid=1380)   warnings.warn(
2026-03-19T04:16:30.3423927Z (Worker pid=5553) (Worker_DP0_TP7_EP7 pid=5553)   warnings.warn(
2026-03-19T04:16:30.3435742Z (Worker pid=4998) (Worker_DP1_TP6_EP14 pid=4998)   warnings.warn(
2026-03-19T04:16:30.3445696Z (Worker pid=5620) (Worker_DP1_TP7_EP15 pid=5620)   warnings.warn(
2026-03-19T04:16:30.4039096Z (Worker pid=2198) (Worker_DP1_TP1_EP9 pid=2198) /usr/local/python3.11.14/lib/python3.11/site-packages/torch_npu/dynamo/torchair/configs/compiler_config.py:106: UserWarning: The following torchair config or properties may not take effect or report error in reduce-overhead mode: config.experimental_config.enable_view_optimize:True, set_dim_gears, dynamo_export, scope, npu_print
2026-03-19T04:16:30.4040751Z (Worker pid=4437) (Worker_DP0_TP5_EP5 pid=4437)   warnings.warn(
2026-03-19T04:16:30.4042203Z (Worker pid=1381) (Worker_DP1_TP0_EP8 pid=1381) /usr/local/python3.11.14/lib/python3.11/site-packages/torch_npu/dynamo/torchair/configs/compiler_config.py:106: UserWarning: The following torchair config or properties may not take effect or report error in reduce-overhead mode: config.experimental_config.enable_view_optimize:True, set_dim_gears, dynamo_export, scope, npu_print
2026-03-19T04:16:30.4043909Z (Worker pid=2198) (Worker_DP1_TP1_EP9 pid=2198)   warnings.warn(
2026-03-19T04:16:30.4045349Z (Worker pid=3879) (Worker_DP0_TP4_EP4 pid=3879) /usr/local/python3.11.14/lib/python3.11/site-packages/torch_npu/dynamo/torchair/configs/compiler_config.py:106: UserWarning: The following torchair config or properties may not take effect or report error in reduce-overhead mode: config.experimental_config.enable_view_optimize:True, set_dim_gears, dynamo_export, scope, npu_print
2026-03-19T04:16:30.4046803Z (Worker pid=1381) (Worker_DP1_TP0_EP8 pid=1381)   warnings.warn(
2026-03-19T04:16:30.4047201Z (Worker pid=3879) (Worker_DP0_TP4_EP4 pid=3879)   warnings.warn(
2026-03-19T04:16:30.4048649Z (Worker pid=3324) (Worker_DP1_TP3_EP11 pid=3324) /usr/local/python3.11.14/lib/python3.11/site-packages/torch_npu/dynamo/torchair/configs/compiler_config.py:106: UserWarning: The following torchair config or properties may not take effect or report error in reduce-overhead mode: config.experimental_config.enable_view_optimize:True, set_dim_gears, dynamo_export, scope, npu_print
2026-03-19T04:16:30.4050451Z (Worker pid=3324) (Worker_DP1_TP3_EP11 pid=3324)   warnings.warn(
2026-03-19T04:16:31.0648648Z (Worker pid=2766) (Worker_DP1_TP2_EP10 pid=2766) /usr/local/python3.11.14/lib/python3.11/site-packages/torch_npu/dynamo/torchair/configs/compiler_config.py:106: UserWarning: The following torchair config or properties may not take effect or report error in reduce-overhead mode: config.experimental_config.enable_view_optimize:True, set_dim_gears, dynamo_export, scope, npu_print
2026-03-19T04:16:31.0675056Z (Worker pid=4440) (Worker_DP1_TP5_EP13 pid=4440) /usr/local/python3.11.14/lib/python3.11/site-packages/torch_npu/dynamo/torchair/configs/compiler_config.py:106: UserWarning: The following torchair config or properties may not take effect or report error in reduce-overhead mode: config.experimental_config.enable_view_optimize:True, set_dim_gears, dynamo_export, scope, npu_print
2026-03-19T04:16:31.0677626Z (Worker pid=3882) (Worker_DP1_TP4_EP12 pid=3882) /usr/local/python3.11.14/lib/python3.11/site-packages/torch_npu/dynamo/torchair/configs/compiler_config.py:106: UserWarning: The following torchair config or properties may not take effect or report error in reduce-overhead mode: config.experimental_config.enable_view_optimize:True, set_dim_gears, dynamo_export, scope, npu_print
2026-03-19T04:16:31.0687538Z (Worker pid=2766) (Worker_DP1_TP2_EP10 pid=2766)   warnings.warn(
2026-03-19T04:16:31.0698556Z (Worker pid=4440) (Worker_DP1_TP5_EP13 pid=4440)   warnings.warn(
2026-03-19T04:16:31.0719599Z (Worker pid=3882) (Worker_DP1_TP4_EP12 pid=3882)   warnings.warn(
2026-03-19T04:16:31.0735418Z (Worker pid=3321) (Worker_DP0_TP3_EP3 pid=3321) /usr/local/python3.11.14/lib/python3.11/site-packages/torch_npu/dynamo/torchair/configs/compiler_config.py:106: UserWarning: The following torchair config or properties may not take effect or report error in reduce-overhead mode: config.experimental_config.enable_view_optimize:True, set_dim_gears, dynamo_export, scope, npu_print
2026-03-19T04:16:31.0744950Z (Worker pid=3321) (Worker_DP0_TP3_EP3 pid=3321)   warnings.warn(
2026-03-19T04:16:31.0759575Z (Worker pid=1380) (Worker_DP0_TP0_EP0 pid=1380) /usr/local/python3.11.14/lib/python3.11/site-packages/torch_npu/dynamo/torchair/configs/compiler_config.py:106: UserWarning: The following torchair config or properties may not take effect or report error in reduce-overhead mode: config.experimental_config.enable_view_optimize:True, set_dim_gears, dynamo_export, scope, npu_print
2026-03-19T04:16:31.0767564Z (Worker pid=1380) (Worker_DP0_TP0_EP0 pid=1380)   warnings.warn(
2026-03-19T04:16:31.0793128Z (Worker pid=4998) (Worker_DP1_TP6_EP14 pid=4998) /usr/local/python3.11.14/lib/python3.11/site-packages/torch_npu/dynamo/torchair/configs/compiler_config.py:106: UserWarning: The following torchair config or properties may not take effect or report error in reduce-overhead mode: config.experimental_config.enable_view_optimize:True, set_dim_gears, dynamo_export, scope, npu_print
2026-03-19T04:16:31.0795650Z (Worker pid=3324) (Worker_DP1_TP3_EP11 pid=3324) /usr/local/python3.11.14/lib/python3.11/site-packages/torch_npu/dynamo/torchair/configs/compiler_config.py:106: UserWarning: The following torchair config or properties may not take effect or report error in reduce-overhead mode: config.experimental_config.enable_view_optimize:True, set_dim_gears, dynamo_export, scope, npu_print
2026-03-19T04:16:31.0800838Z (Worker pid=3324) (Worker_DP1_TP3_EP11 pid=3324)   warnings.warn(
2026-03-19T04:16:31.0818605Z (Worker pid=4998) (Worker_DP1_TP6_EP14 pid=4998)   warnings.warn(
2026-03-19T04:16:31.0831863Z (Worker pid=2195) (Worker_DP0_TP1_EP1 pid=2195) /usr/local/python3.11.14/lib/python3.11/site-packages/torch_npu/dynamo/torchair/configs/compiler_config.py:106: UserWarning: The following torchair config or properties may not take effect or report error in reduce-overhead mode: config.experimental_config.enable_view_optimize:True, set_dim_gears, dynamo_export, scope, npu_print
2026-03-19T04:16:31.0840845Z (Worker pid=2195) (Worker_DP0_TP1_EP1 pid=2195)   warnings.warn(
2026-03-19T04:16:31.0853379Z (Worker pid=4995) (Worker_DP0_TP6_EP6 pid=4995) /usr/local/python3.11.14/lib/python3.11/site-packages/torch_npu/dynamo/torchair/configs/compiler_config.py:106: UserWarning: The following torchair config or properties may not take effect or report error in reduce-overhead mode: config.experimental_config.enable_view_optimize:True, set_dim_gears, dynamo_export, scope, npu_print
2026-03-19T04:16:31.0862916Z (Worker pid=4995) (Worker_DP0_TP6_EP6 pid=4995)   warnings.warn(
2026-03-19T04:16:31.0875780Z (Worker pid=5620) (Worker_DP1_TP7_EP15 pid=5620) /usr/local/python3.11.14/lib/python3.11/site-packages/torch_npu/dynamo/torchair/configs/compiler_config.py:106: UserWarning: The following torchair config or properties may not take effect or report error in reduce-overhead mode: config.experimental_config.enable_view_optimize:True, set_dim_gears, dynamo_export, scope, npu_print
2026-03-19T04:16:31.0884525Z (Worker pid=5620) (Worker_DP1_TP7_EP15 pid=5620)   warnings.warn(
2026-03-19T04:16:31.0896078Z (Worker pid=4437) (Worker_DP0_TP5_EP5 pid=4437) /usr/local/python3.11.14/lib/python3.11/site-packages/torch_npu/dynamo/torchair/configs/compiler_config.py:106: UserWarning: The following torchair config or properties may not take effect or report error in reduce-overhead mode: config.experimental_config.enable_view_optimize:True, set_dim_gears, dynamo_export, scope, npu_print
2026-03-19T04:16:31.0905448Z (Worker pid=4437) (Worker_DP0_TP5_EP5 pid=4437)   warnings.warn(
2026-03-19T04:16:31.0917636Z (Worker pid=5553) (Worker_DP0_TP7_EP7 pid=5553) /usr/local/python3.11.14/lib/python3.11/site-packages/torch_npu/dynamo/torchair/configs/compiler_config.py:106: UserWarning: The following torchair config or properties may not take effect or report error in reduce-overhead mode: config.experimental_config.enable_view_optimize:True, set_dim_gears, dynamo_export, scope, npu_print
2026-03-19T04:16:31.0952488Z (Worker pid=5553) (Worker_DP0_TP7_EP7 pid=5553)   warnings.warn(
2026-03-19T04:16:31.0957963Z (Worker pid=2198) (Worker_DP1_TP1_EP9 pid=2198) /usr/local/python3.11.14/lib/python3.11/site-packages/torch_npu/dynamo/torchair/configs/compiler_config.py:106: UserWarning: The following torchair config or properties may not take effect or report error in reduce-overhead mode: config.experimental_config.enable_view_optimize:True, set_dim_gears, dynamo_export, scope, npu_print
2026-03-19T04:16:31.0992441Z (Worker pid=2198) (Worker_DP1_TP1_EP9 pid=2198)   warnings.warn(
2026-03-19T04:16:31.0994759Z (Worker pid=3879) (Worker_DP0_TP4_EP4 pid=3879) /usr/local/python3.11.14/lib/python3.11/site-packages/torch_npu/dynamo/torchair/configs/compiler_config.py:106: UserWarning: The following torchair config or properties may not take effect or report error in reduce-overhead mode: config.experimental_config.enable_view_optimize:True, set_dim_gears, dynamo_export, scope, npu_print
2026-03-19T04:16:31.1067711Z (Worker pid=3879) (Worker_DP0_TP4_EP4 pid=3879)   warnings.warn(
2026-03-19T04:16:31.1069333Z (Worker pid=1381) (Worker_DP1_TP0_EP8 pid=1381) /usr/local/python3.11.14/lib/python3.11/site-packages/torch_npu/dynamo/torchair/configs/compiler_config.py:106: UserWarning: The following torchair config or properties may not take effect or report error in reduce-overhead mode: config.experimental_config.enable_view_optimize:True, set_dim_gears, dynamo_export, scope, npu_print
2026-03-19T04:16:31.1070946Z (Worker pid=1381) (Worker_DP1_TP0_EP8 pid=1381)   warnings.warn(
2026-03-19T04:16:31.1072414Z (Worker pid=2763) (Worker_DP0_TP2_EP2 pid=2763) /usr/local/python3.11.14/lib/python3.11/site-packages/torch_npu/dynamo/torchair/configs/compiler_config.py:106: UserWarning: The following torchair config or properties may not take effect or report error in reduce-overhead mode: config.experimental_config.enable_view_optimize:True, set_dim_gears, dynamo_export, scope, npu_print
2026-03-19T04:16:31.1074072Z (Worker pid=2763) (Worker_DP0_TP2_EP2 pid=2763)   warnings.warn(
2026-03-19T04:16:31.3982903Z (Worker pid=2198) (Worker_DP1_TP1_EP9 pid=2198) /usr/local/python3.11.14/lib/python3.11/site-packages/torch_npu/dynamo/torchair/configs/compiler_config.py:106: UserWarning: The following torchair config or properties may not take effect or report error in reduce-overhead mode: config.experimental_config.enable_view_optimize:True, set_dim_gears, dynamo_export, scope, npu_print
2026-03-19T04:16:31.3992391Z (Worker pid=2766) (Worker_DP1_TP2_EP10 pid=2766) /usr/local/python3.11.14/lib/python3.11/site-packages/torch_npu/dynamo/torchair/configs/compiler_config.py:106: UserWarning: The following torchair config or properties may not take effect or report error in reduce-overhead mode: config.experimental_config.enable_view_optimize:True, set_dim_gears, dynamo_export, scope, npu_print
2026-03-19T04:16:31.4002912Z (Worker pid=4998) (Worker_DP1_TP6_EP14 pid=4998) /usr/local/python3.11.14/lib/python3.11/site-packages/torch_npu/dynamo/torchair/configs/compiler_config.py:106: UserWarning: The following torchair config or properties may not take effect or report error in reduce-overhead mode: config.experimental_config.enable_view_optimize:True, set_dim_gears, dynamo_export, scope, npu_print
2026-03-19T04:16:31.4011316Z (Worker pid=2198) (Worker_DP1_TP1_EP9 pid=2198)   warnings.warn(
2026-03-19T04:16:31.4024132Z (Worker pid=1381) (Worker_DP1_TP0_EP8 pid=1381) /usr/local/python3.11.14/lib/python3.11/site-packages/torch_npu/dynamo/torchair/configs/compiler_config.py:106: UserWarning: The following torchair config or properties may not take effect or report error in reduce-overhead mode: config.experimental_config.enable_view_optimize:True, set_dim_gears, dynamo_export, scope, npu_print
2026-03-19T04:16:31.4032690Z (Worker pid=2766) (Worker_DP1_TP2_EP10 pid=2766)   warnings.warn(
2026-03-19T04:16:31.4043242Z (Worker pid=4998) (Worker_DP1_TP6_EP14 pid=4998)   warnings.warn(
2026-03-19T04:16:31.4053817Z (Worker pid=1381) (Worker_DP1_TP0_EP8 pid=1381)   warnings.warn(
2026-03-19T04:16:31.4066190Z (Worker pid=3324) (Worker_DP1_TP3_EP11 pid=3324) /usr/local/python3.11.14/lib/python3.11/site-packages/torch_npu/dynamo/torchair/configs/compiler_config.py:106: UserWarning: The following torchair config or properties may not take effect or report error in reduce-overhead mode: config.experimental_config.enable_view_optimize:True, set_dim_gears, dynamo_export, scope, npu_print
2026-03-19T04:16:31.4077428Z (Worker pid=5620) (Worker_DP1_TP7_EP15 pid=5620) /usr/local/python3.11.14/lib/python3.11/site-packages/torch_npu/dynamo/torchair/configs/compiler_config.py:106: UserWarning: The following torchair config or properties may not take effect or report error in reduce-overhead mode: config.experimental_config.enable_view_optimize:True, set_dim_gears, dynamo_export, scope, npu_print
2026-03-19T04:16:31.4086019Z (Worker pid=3324) (Worker_DP1_TP3_EP11 pid=3324)   warnings.warn(
2026-03-19T04:16:31.4096687Z (Worker pid=5620) (Worker_DP1_TP7_EP15 pid=5620)   warnings.warn(
2026-03-19T04:16:31.4108838Z (Worker pid=4440) (Worker_DP1_TP5_EP13 pid=4440) /usr/local/python3.11.14/lib/python3.11/site-packages/torch_npu/dynamo/torchair/configs/compiler_config.py:106: UserWarning: The following torchair config or properties may not take effect or report error in reduce-overhead mode: config.experimental_config.enable_view_optimize:True, set_dim_gears, dynamo_export, scope, npu_print
2026-03-19T04:16:31.4117825Z (Worker pid=4440) (Worker_DP1_TP5_EP13 pid=4440)   warnings.warn(
2026-03-19T04:16:31.4129792Z (Worker pid=3882) (Worker_DP1_TP4_EP12 pid=3882) /usr/local/python3.11.14/lib/python3.11/site-packages/torch_npu/dynamo/torchair/configs/compiler_config.py:106: UserWarning: The following torchair config or properties may not take effect or report error in reduce-overhead mode: config.experimental_config.enable_view_optimize:True, set_dim_gears, dynamo_export, scope, npu_print
2026-03-19T04:16:31.4139643Z (Worker pid=3882) (Worker_DP1_TP4_EP12 pid=3882)   warnings.warn(
2026-03-19T04:16:31.4152395Z (Worker pid=3879) (Worker_DP0_TP4_EP4 pid=3879) /usr/local/python3.11.14/lib/python3.11/site-packages/torch_npu/dynamo/torchair/configs/compiler_config.py:106: UserWarning: The following torchair config or properties may not take effect or report error in reduce-overhead mode: config.experimental_config.enable_view_optimize:True, set_dim_gears, dynamo_export, scope, npu_print
2026-03-19T04:16:31.4163967Z (Worker pid=2195) (Worker_DP0_TP1_EP1 pid=2195) /usr/local/python3.11.14/lib/python3.11/site-packages/torch_npu/dynamo/torchair/configs/compiler_config.py:106: UserWarning: The following torchair config or properties may not take effect or report error in reduce-overhead mode: config.experimental_config.enable_view_optimize:True, set_dim_gears, dynamo_export, scope, npu_print
2026-03-19T04:16:31.4174535Z (Worker pid=3321) (Worker_DP0_TP3_EP3 pid=3321) /usr/local/python3.11.14/lib/python3.11/site-packages/torch_npu/dynamo/torchair/configs/compiler_config.py:106: UserWarning: The following torchair config or properties may not take effect or report error in reduce-overhead mode: config.experimental_config.enable_view_optimize:True, set_dim_gears, dynamo_export, scope, npu_print
2026-03-19T04:16:31.4183496Z (Worker pid=3879) (Worker_DP0_TP4_EP4 pid=3879)   warnings.warn(
2026-03-19T04:16:31.4196199Z (Worker pid=4995) (Worker_DP0_TP6_EP6 pid=4995) /usr/local/python3.11.14/lib/python3.11/site-packages/torch_npu/dynamo/torchair/configs/compiler_config.py:106: UserWarning: The following torchair config or properties may not take effect or report error in reduce-overhead mode: config.experimental_config.enable_view_optimize:True, set_dim_gears, dynamo_export, scope, npu_print
2026-03-19T04:16:31.4206987Z (Worker pid=4437) (Worker_DP0_TP5_EP5 pid=4437) /usr/local/python3.11.14/lib/python3.11/site-packages/torch_npu/dynamo/torchair/configs/compiler_config.py:106: UserWarning: The following torchair config or properties may not take effect or report error in reduce-overhead mode: config.experimental_config.enable_view_optimize:True, set_dim_gears, dynamo_export, scope, npu_print
2026-03-19T04:16:31.4217547Z (Worker pid=1380) (Worker_DP0_TP0_EP0 pid=1380) /usr/local/python3.11.14/lib/python3.11/site-packages/torch_npu/dynamo/torchair/configs/compiler_config.py:106: UserWarning: The following torchair config or properties may not take effect or report error in reduce-overhead mode: config.experimental_config.enable_view_optimize:True, set_dim_gears, dynamo_export, scope, npu_print
2026-03-19T04:16:31.4226661Z (Worker pid=2195) (Worker_DP0_TP1_EP1 pid=2195)   warnings.warn(
2026-03-19T04:16:31.4237453Z (Worker pid=3321) (Worker_DP0_TP3_EP3 pid=3321)   warnings.warn(
2026-03-19T04:16:31.4247318Z (Worker pid=4995) (Worker_DP0_TP6_EP6 pid=4995)   warnings.warn(
2026-03-19T04:16:31.4256752Z (Worker pid=4437) (Worker_DP0_TP5_EP5 pid=4437)   warnings.warn(
2026-03-19T04:16:31.4267359Z (Worker pid=1380) (Worker_DP0_TP0_EP0 pid=1380)   warnings.warn(
2026-03-19T04:16:31.4280028Z (Worker pid=2763) (Worker_DP0_TP2_EP2 pid=2763) /usr/local/python3.11.14/lib/python3.11/site-packages/torch_npu/dynamo/torchair/configs/compiler_config.py:106: UserWarning: The following torchair config or properties may not take effect or report error in reduce-overhead mode: config.experimental_config.enable_view_optimize:True, set_dim_gears, dynamo_export, scope, npu_print
2026-03-19T04:16:31.4288621Z (Worker pid=2763) (Worker_DP0_TP2_EP2 pid=2763)   warnings.warn(
2026-03-19T04:16:31.4301977Z (Worker pid=5553) (Worker_DP0_TP7_EP7 pid=5553) /usr/local/python3.11.14/lib/python3.11/site-packages/torch_npu/dynamo/torchair/configs/compiler_config.py:106: UserWarning: The following torchair config or properties may not take effect or report error in reduce-overhead mode: config.experimental_config.enable_view_optimize:True, set_dim_gears, dynamo_export, scope, npu_print
2026-03-19T04:16:31.4310150Z (Worker pid=5553) (Worker_DP0_TP7_EP7 pid=5553)   warnings.warn(
2026-03-19T04:16:32.6427497Z (Worker pid=4995) (Worker_DP0_TP6_EP6 pid=4995) /usr/local/python3.11.14/lib/python3.11/site-packages/torch_npu/dynamo/torchair/configs/compiler_config.py:106: UserWarning: The following torchair config or properties may not take effect or report error in reduce-overhead mode: config.experimental_config.enable_view_optimize:True, set_dim_gears, dynamo_export, scope, npu_print
2026-03-19T04:16:32.6434777Z (Worker pid=4995) (Worker_DP0_TP6_EP6 pid=4995)   warnings.warn(
2026-03-19T04:16:32.6447182Z (Worker pid=2195) (Worker_DP0_TP1_EP1 pid=2195) /usr/local/python3.11.14/lib/python3.11/site-packages/torch_npu/dynamo/torchair/configs/compiler_config.py:106: UserWarning: The following torchair config or properties may not take effect or report error in reduce-overhead mode: config.experimental_config.enable_view_optimize:True, set_dim_gears, dynamo_export, scope, npu_print
2026-03-19T04:16:32.6455832Z (Worker pid=2195) (Worker_DP0_TP1_EP1 pid=2195)   warnings.warn(
2026-03-19T04:16:32.6470776Z (Worker pid=5553) (Worker_DP0_TP7_EP7 pid=5553) /usr/local/python3.11.14/lib/python3.11/site-packages/torch_npu/dynamo/torchair/configs/compiler_config.py:106: UserWarning: The following torchair config or properties may not take effect or report error in reduce-overhead mode: config.experimental_config.enable_view_optimize:True, set_dim_gears, dynamo_export, scope, npu_print
2026-03-19T04:16:32.6483513Z (Worker pid=1380) (Worker_DP0_TP0_EP0 pid=1380) /usr/local/python3.11.14/lib/python3.11/site-packages/torch_npu/dynamo/torchair/configs/compiler_config.py:106: UserWarning: The following torchair config or properties may not take effect or report error in reduce-overhead mode: config.experimental_config.enable_view_optimize:True, set_dim_gears, dynamo_export, scope, npu_print
2026-03-19T04:16:32.6491848Z (Worker pid=5553) (Worker_DP0_TP7_EP7 pid=5553)   warnings.warn(
2026-03-19T04:16:32.6503898Z (Worker pid=1380) (Worker_DP0_TP0_EP0 pid=1380)   warnings.warn(
2026-03-19T04:16:32.6515931Z (Worker pid=3321) (Worker_DP0_TP3_EP3 pid=3321) /usr/local/python3.11.14/lib/python3.11/site-packages/torch_npu/dynamo/torchair/configs/compiler_config.py:106: UserWarning: The following torchair config or properties may not take effect or report error in reduce-overhead mode: config.experimental_config.enable_view_optimize:True, set_dim_gears, dynamo_export, scope, npu_print
2026-03-19T04:16:32.6526131Z (Worker pid=2763) (Worker_DP0_TP2_EP2 pid=2763) /usr/local/python3.11.14/lib/python3.11/site-packages/torch_npu/dynamo/torchair/configs/compiler_config.py:106: UserWarning: The following torchair config or properties may not take effect or report error in reduce-overhead mode: config.experimental_config.enable_view_optimize:True, set_dim_gears, dynamo_export, scope, npu_print
2026-03-19T04:16:32.6535019Z (Worker pid=2763) (Worker_DP0_TP2_EP2 pid=2763)   warnings.warn(
2026-03-19T04:16:32.6545352Z (Worker pid=3321) (Worker_DP0_TP3_EP3 pid=3321)   warnings.warn(
2026-03-19T04:16:32.6556978Z (Worker pid=3879) (Worker_DP0_TP4_EP4 pid=3879) /usr/local/python3.11.14/lib/python3.11/site-packages/torch_npu/dynamo/torchair/configs/compiler_config.py:106: UserWarning: The following torchair config or properties may not take effect or report error in reduce-overhead mode: config.experimental_config.enable_view_optimize:True, set_dim_gears, dynamo_export, scope, npu_print
2026-03-19T04:16:32.6567522Z (Worker pid=4437) (Worker_DP0_TP5_EP5 pid=4437) /usr/local/python3.11.14/lib/python3.11/site-packages/torch_npu/dynamo/torchair/configs/compiler_config.py:106: UserWarning: The following torchair config or properties may not take effect or report error in reduce-overhead mode: config.experimental_config.enable_view_optimize:True, set_dim_gears, dynamo_export, scope, npu_print
2026-03-19T04:16:32.6577277Z (Worker pid=4437) (Worker_DP0_TP5_EP5 pid=4437)   warnings.warn(
2026-03-19T04:16:32.6587052Z (Worker pid=3879) (Worker_DP0_TP4_EP4 pid=3879)   warnings.warn(
2026-03-19T04:16:32.6599237Z (Worker pid=3324) (Worker_DP1_TP3_EP11 pid=3324) /usr/local/python3.11.14/lib/python3.11/site-packages/torch_npu/dynamo/torchair/configs/compiler_config.py:106: UserWarning: The following torchair config or properties may not take effect or report error in reduce-overhead mode: config.experimental_config.enable_view_optimize:True, set_dim_gears, dynamo_export, scope, npu_print
2026-03-19T04:16:32.6609518Z (Worker pid=3324) (Worker_DP1_TP3_EP11 pid=3324)   warnings.warn(
2026-03-19T04:16:32.6622120Z (Worker pid=1381) (Worker_DP1_TP0_EP8 pid=1381) /usr/local/python3.11.14/lib/python3.11/site-packages/torch_npu/dynamo/torchair/configs/compiler_config.py:106: UserWarning: The following torchair config or properties may not take effect or report error in reduce-overhead mode: config.experimental_config.enable_view_optimize:True, set_dim_gears, dynamo_export, scope, npu_print
2026-03-19T04:16:32.6633914Z (Worker pid=2198) (Worker_DP1_TP1_EP9 pid=2198) /usr/local/python3.11.14/lib/python3.11/site-packages/torch_npu/dynamo/torchair/configs/compiler_config.py:106: UserWarning: The following torchair config or properties may not take effect or report error in reduce-overhead mode: config.experimental_config.enable_view_optimize:True, set_dim_gears, dynamo_export, scope, npu_print
2026-03-19T04:16:32.6642298Z (Worker pid=1381) (Worker_DP1_TP0_EP8 pid=1381)   warnings.warn(
2026-03-19T04:16:32.6651825Z (Worker pid=2198) (Worker_DP1_TP1_EP9 pid=2198)   warnings.warn(
2026-03-19T04:16:32.6664969Z (Worker pid=2766) (Worker_DP1_TP2_EP10 pid=2766) /usr/local/python3.11.14/lib/python3.11/site-packages/torch_npu/dynamo/torchair/configs/compiler_config.py:106: UserWarning: The following torchair config or properties may not take effect or report error in reduce-overhead mode: config.experimental_config.enable_view_optimize:True, set_dim_gears, dynamo_export, scope, npu_print
2026-03-19T04:16:32.6673978Z (Worker pid=2766) (Worker_DP1_TP2_EP10 pid=2766)   warnings.warn(
2026-03-19T04:16:32.6685479Z (Worker pid=4998) (Worker_DP1_TP6_EP14 pid=4998) /usr/local/python3.11.14/lib/python3.11/site-packages/torch_npu/dynamo/torchair/configs/compiler_config.py:106: UserWarning: The following torchair config or properties may not take effect or report error in reduce-overhead mode: config.experimental_config.enable_view_optimize:True, set_dim_gears, dynamo_export, scope, npu_print
2026-03-19T04:16:32.6694830Z (Worker pid=4998) (Worker_DP1_TP6_EP14 pid=4998)   warnings.warn(
2026-03-19T04:16:32.6707257Z (Worker pid=5620) (Worker_DP1_TP7_EP15 pid=5620) /usr/local/python3.11.14/lib/python3.11/site-packages/torch_npu/dynamo/torchair/configs/compiler_config.py:106: UserWarning: The following torchair config or properties may not take effect or report error in reduce-overhead mode: config.experimental_config.enable_view_optimize:True, set_dim_gears, dynamo_export, scope, npu_print
2026-03-19T04:16:32.6716696Z (Worker pid=5620) (Worker_DP1_TP7_EP15 pid=5620)   warnings.warn(
2026-03-19T04:16:32.6728865Z (Worker pid=4440) (Worker_DP1_TP5_EP13 pid=4440) /usr/local/python3.11.14/lib/python3.11/site-packages/torch_npu/dynamo/torchair/configs/compiler_config.py:106: UserWarning: The following torchair config or properties may not take effect or report error in reduce-overhead mode: config.experimental_config.enable_view_optimize:True, set_dim_gears, dynamo_export, scope, npu_print
2026-03-19T04:16:32.6738429Z (Worker pid=4440) (Worker_DP1_TP5_EP13 pid=4440)   warnings.warn(
2026-03-19T04:16:32.6751679Z (Worker pid=3882) (Worker_DP1_TP4_EP12 pid=3882) /usr/local/python3.11.14/lib/python3.11/site-packages/torch_npu/dynamo/torchair/configs/compiler_config.py:106: UserWarning: The following torchair config or properties may not take effect or report error in reduce-overhead mode: config.experimental_config.enable_view_optimize:True, set_dim_gears, dynamo_export, scope, npu_print
2026-03-19T04:16:32.6759769Z (Worker pid=3882) (Worker_DP1_TP4_EP12 pid=3882)   warnings.warn(
2026-03-19T04:16:34.5067564Z (Worker pid=3321) (Worker_DP0_TP3_EP3 pid=3321) /usr/local/python3.11.14/lib/python3.11/site-packages/torch_npu/dynamo/torchair/configs/compiler_config.py:106: UserWarning: The following torchair config or properties may not take effect or report error in reduce-overhead mode: config.experimental_config.enable_view_optimize:True, set_dim_gears, dynamo_export, scope, npu_print
2026-03-19T04:16:34.5077236Z (Worker pid=3321) (Worker_DP0_TP3_EP3 pid=3321)   warnings.warn(
2026-03-19T04:16:34.5089723Z (Worker pid=2763) (Worker_DP0_TP2_EP2 pid=2763) /usr/local/python3.11.14/lib/python3.11/site-packages/torch_npu/dynamo/torchair/configs/compiler_config.py:106: UserWarning: The following torchair config or properties may not take effect or report error in reduce-overhead mode: config.experimental_config.enable_view_optimize:True, set_dim_gears, dynamo_export, scope, npu_print
2026-03-19T04:16:34.5099536Z (Worker pid=2763) (Worker_DP0_TP2_EP2 pid=2763)   warnings.warn(
2026-03-19T04:16:34.5111963Z (Worker pid=5553) (Worker_DP0_TP7_EP7 pid=5553) /usr/local/python3.11.14/lib/python3.11/site-packages/torch_npu/dynamo/torchair/configs/compiler_config.py:106: UserWarning: The following torchair config or properties may not take effect or report error in reduce-overhead mode: config.experimental_config.enable_view_optimize:True, set_dim_gears, dynamo_export, scope, npu_print
2026-03-19T04:16:34.5122898Z (Worker pid=1380) (Worker_DP0_TP0_EP0 pid=1380) /usr/local/python3.11.14/lib/python3.11/site-packages/torch_npu/dynamo/torchair/configs/compiler_config.py:106: UserWarning: The following torchair config or properties may not take effect or report error in reduce-overhead mode: config.experimental_config.enable_view_optimize:True, set_dim_gears, dynamo_export, scope, npu_print
2026-03-19T04:16:34.5132289Z (Worker pid=5553) (Worker_DP0_TP7_EP7 pid=5553)   warnings.warn(
2026-03-19T04:16:34.5144825Z (Worker pid=3879) (Worker_DP0_TP4_EP4 pid=3879) /usr/local/python3.11.14/lib/python3.11/site-packages/torch_npu/dynamo/torchair/configs/compiler_config.py:106: UserWarning: The following torchair config or properties may not take effect or report error in reduce-overhead mode: config.experimental_config.enable_view_optimize:True, set_dim_gears, dynamo_export, scope, npu_print
2026-03-19T04:16:34.5153251Z (Worker pid=1380) (Worker_DP0_TP0_EP0 pid=1380)   warnings.warn(
2026-03-19T04:16:34.5164462Z (Worker pid=3879) (Worker_DP0_TP4_EP4 pid=3879)   warnings.warn(
2026-03-19T04:16:34.5177173Z (Worker pid=4995) (Worker_DP0_TP6_EP6 pid=4995) /usr/local/python3.11.14/lib/python3.11/site-packages/torch_npu/dynamo/torchair/configs/compiler_config.py:106: UserWarning: The following torchair config or properties may not take effect or report error in reduce-overhead mode: config.experimental_config.enable_view_optimize:True, set_dim_gears, dynamo_export, scope, npu_print
2026-03-19T04:16:34.5186121Z (Worker pid=4995) (Worker_DP0_TP6_EP6 pid=4995)   warnings.warn(
2026-03-19T04:16:34.5197703Z (Worker pid=2195) (Worker_DP0_TP1_EP1 pid=2195) /usr/local/python3.11.14/lib/python3.11/site-packages/torch_npu/dynamo/torchair/configs/compiler_config.py:106: UserWarning: The following torchair config or properties may not take effect or report error in reduce-overhead mode: config.experimental_config.enable_view_optimize:True, set_dim_gears, dynamo_export, scope, npu_print
2026-03-19T04:16:34.5207209Z (Worker pid=2195) (Worker_DP0_TP1_EP1 pid=2195)   warnings.warn(
2026-03-19T04:16:34.5220720Z (Worker pid=4437) (Worker_DP0_TP5_EP5 pid=4437) /usr/local/python3.11.14/lib/python3.11/site-packages/torch_npu/dynamo/torchair/configs/compiler_config.py:106: UserWarning: The following torchair config or properties may not take effect or report error in reduce-overhead mode: config.experimental_config.enable_view_optimize:True, set_dim_gears, dynamo_export, scope, npu_print
2026-03-19T04:16:34.5229946Z (Worker pid=4437) (Worker_DP0_TP5_EP5 pid=4437)   warnings.warn(
2026-03-19T04:16:34.5242035Z (Worker pid=2766) (Worker_DP1_TP2_EP10 pid=2766) /usr/local/python3.11.14/lib/python3.11/site-packages/torch_npu/dynamo/torchair/configs/compiler_config.py:106: UserWarning: The following torchair config or properties may not take effect or report error in reduce-overhead mode: config.experimental_config.enable_view_optimize:True, set_dim_gears, dynamo_export, scope, npu_print
2026-03-19T04:16:34.5251282Z (Worker pid=2766) (Worker_DP1_TP2_EP10 pid=2766)   warnings.warn(
2026-03-19T04:16:34.5263583Z (Worker pid=2198) (Worker_DP1_TP1_EP9 pid=2198) /usr/local/python3.11.14/lib/python3.11/site-packages/torch_npu/dynamo/torchair/configs/compiler_config.py:106: UserWarning: The following torchair config or properties may not take effect or report error in reduce-overhead mode: config.experimental_config.enable_view_optimize:True, set_dim_gears, dynamo_export, scope, npu_print
2026-03-19T04:16:34.5274913Z (Worker pid=1381) (Worker_DP1_TP0_EP8 pid=1381) /usr/local/python3.11.14/lib/python3.11/site-packages/torch_npu/dynamo/torchair/configs/compiler_config.py:106: UserWarning: The following torchair config or properties may not take effect or report error in reduce-overhead mode: config.experimental_config.enable_view_optimize:True, set_dim_gears, dynamo_export, scope, npu_print
2026-03-19T04:16:34.5283734Z (Worker pid=2198) (Worker_DP1_TP1_EP9 pid=2198)   warnings.warn(
2026-03-19T04:16:34.5293792Z (Worker pid=1381) (Worker_DP1_TP0_EP8 pid=1381)   warnings.warn(
2026-03-19T04:16:34.5307064Z (Worker pid=4440) (Worker_DP1_TP5_EP13 pid=4440) /usr/local/python3.11.14/lib/python3.11/site-packages/torch_npu/dynamo/torchair/configs/compiler_config.py:106: UserWarning: The following torchair config or properties may not take effect or report error in reduce-overhead mode: config.experimental_config.enable_view_optimize:True, set_dim_gears, dynamo_export, scope, npu_print
2026-03-19T04:16:34.5317889Z (Worker pid=3882) (Worker_DP1_TP4_EP12 pid=3882) /usr/local/python3.11.14/lib/python3.11/site-packages/torch_npu/dynamo/torchair/configs/compiler_config.py:106: UserWarning: The following torchair config or properties may not take effect or report error in reduce-overhead mode: config.experimental_config.enable_view_optimize:True, set_dim_gears, dynamo_export, scope, npu_print
2026-03-19T04:16:34.5327132Z (Worker pid=4440) (Worker_DP1_TP5_EP13 pid=4440)   warnings.warn(
2026-03-19T04:16:34.5337495Z (Worker pid=3882) (Worker_DP1_TP4_EP12 pid=3882)   warnings.warn(
2026-03-19T04:16:34.5351043Z (Worker pid=4998) (Worker_DP1_TP6_EP14 pid=4998) /usr/local/python3.11.14/lib/python3.11/site-packages/torch_npu/dynamo/torchair/configs/compiler_config.py:106: UserWarning: The following torchair config or properties may not take effect or report error in reduce-overhead mode: config.experimental_config.enable_view_optimize:True, set_dim_gears, dynamo_export, scope, npu_print
2026-03-19T04:16:34.5361927Z (Worker pid=3324) (Worker_DP1_TP3_EP11 pid=3324) /usr/local/python3.11.14/lib/python3.11/site-packages/torch_npu/dynamo/torchair/configs/compiler_config.py:106: UserWarning: The following torchair config or properties may not take effect or report error in reduce-overhead mode: config.experimental_config.enable_view_optimize:True, set_dim_gears, dynamo_export, scope, npu_print
2026-03-19T04:16:34.5370396Z (Worker pid=4998) (Worker_DP1_TP6_EP14 pid=4998)   warnings.warn(
2026-03-19T04:16:34.5380485Z (Worker pid=3324) (Worker_DP1_TP3_EP11 pid=3324)   warnings.warn(
2026-03-19T04:16:34.5392998Z (Worker pid=5620) (Worker_DP1_TP7_EP15 pid=5620) /usr/local/python3.11.14/lib/python3.11/site-packages/torch_npu/dynamo/torchair/configs/compiler_config.py:106: UserWarning: The following torchair config or properties may not take effect or report error in reduce-overhead mode: config.experimental_config.enable_view_optimize:True, set_dim_gears, dynamo_export, scope, npu_print
2026-03-19T04:16:34.5402346Z (Worker pid=5620) (Worker_DP1_TP7_EP15 pid=5620)   warnings.warn(
2026-03-19T04:16:35.6623332Z (Worker pid=3321) (Worker_DP0_TP3_EP3 pid=3321) /usr/local/python3.11.14/lib/python3.11/site-packages/torch_npu/dynamo/torchair/configs/compiler_config.py:106: UserWarning: The following torchair config or properties may not take effect or report error in reduce-overhead mode: config.experimental_config.enable_view_optimize:True, set_dim_gears, dynamo_export, scope, npu_print
2026-03-19T04:16:35.6633695Z (Worker pid=1381) (Worker_DP1_TP0_EP8 pid=1381) /usr/local/python3.11.14/lib/python3.11/site-packages/torch_npu/dynamo/torchair/configs/compiler_config.py:106: UserWarning: The following torchair config or properties may not take effect or report error in reduce-overhead mode: config.experimental_config.enable_view_optimize:True, set_dim_gears, dynamo_export, scope, npu_print
2026-03-19T04:16:35.6645602Z (Worker pid=2763) (Worker_DP0_TP2_EP2 pid=2763) /usr/local/python3.11.14/lib/python3.11/site-packages/torch_npu/dynamo/torchair/configs/compiler_config.py:106: UserWarning: The following torchair config or properties may not take effect or report error in reduce-overhead mode: config.experimental_config.enable_view_optimize:True, set_dim_gears, dynamo_export, scope, npu_print
2026-03-19T04:16:35.6656108Z (Worker pid=1380) (Worker_DP0_TP0_EP0 pid=1380) /usr/local/python3.11.14/lib/python3.11/site-packages/torch_npu/dynamo/torchair/configs/compiler_config.py:106: UserWarning: The following torchair config or properties may not take effect or report error in reduce-overhead mode: config.experimental_config.enable_view_optimize:True, set_dim_gears, dynamo_export, scope, npu_print
2026-03-19T04:16:35.6666285Z (Worker pid=3321) (Worker_DP0_TP3_EP3 pid=3321)   warnings.warn(
2026-03-19T04:16:35.6676877Z (Worker pid=1381) (Worker_DP1_TP0_EP8 pid=1381)   warnings.warn(
2026-03-19T04:16:35.6689296Z (Worker pid=2195) (Worker_DP0_TP1_EP1 pid=2195) /usr/local/python3.11.14/lib/python3.11/site-packages/torch_npu/dynamo/torchair/configs/compiler_config.py:106: UserWarning: The following torchair config or properties may not take effect or report error in reduce-overhead mode: config.experimental_config.enable_view_optimize:True, set_dim_gears, dynamo_export, scope, npu_print
2026-03-19T04:16:35.6699579Z (Worker pid=4437) (Worker_DP0_TP5_EP5 pid=4437) /usr/local/python3.11.14/lib/python3.11/site-packages/torch_npu/dynamo/torchair/configs/compiler_config.py:106: UserWarning: The following torchair config or properties may not take effect or report error in reduce-overhead mode: config.experimental_config.enable_view_optimize:True, set_dim_gears, dynamo_export, scope, npu_print
2026-03-19T04:16:35.6709156Z (Worker pid=2763) (Worker_DP0_TP2_EP2 pid=2763)   warnings.warn(
2026-03-19T04:16:35.6718976Z (Worker pid=1380) (Worker_DP0_TP0_EP0 pid=1380)   warnings.warn(
2026-03-19T04:16:35.6730504Z (Worker pid=2766) (Worker_DP1_TP2_EP10 pid=2766) /usr/local/python3.11.14/lib/python3.11/site-packages/torch_npu/dynamo/torchair/configs/compiler_config.py:106: UserWarning: The following torchair config or properties may not take effect or report error in reduce-overhead mode: config.experimental_config.enable_view_optimize:True, set_dim_gears, dynamo_export, scope, npu_print
2026-03-19T04:16:35.6741137Z (Worker pid=3879) (Worker_DP0_TP4_EP4 pid=3879) /usr/local/python3.11.14/lib/python3.11/site-packages/torch_npu/dynamo/torchair/configs/compiler_config.py:106: UserWarning: The following torchair config or properties may not take effect or report error in reduce-overhead mode: config.experimental_config.enable_view_optimize:True, set_dim_gears, dynamo_export, scope, npu_print
2026-03-19T04:16:35.6750583Z (Worker pid=2195) (Worker_DP0_TP1_EP1 pid=2195)   warnings.warn(
2026-03-19T04:16:35.6760140Z (Worker pid=4437) (Worker_DP0_TP5_EP5 pid=4437)   warnings.warn(
2026-03-19T04:16:35.6772065Z (Worker pid=4995) (Worker_DP0_TP6_EP6 pid=4995) /usr/local/python3.11.14/lib/python3.11/site-packages/torch_npu/dynamo/torchair/configs/compiler_config.py:106: UserWarning: The following torchair config or properties may not take effect or report error in reduce-overhead mode: config.experimental_config.enable_view_optimize:True, set_dim_gears, dynamo_export, scope, npu_print
2026-03-19T04:16:35.6783776Z (Worker pid=5553) (Worker_DP0_TP7_EP7 pid=5553) /usr/local/python3.11.14/lib/python3.11/site-packages/torch_npu/dynamo/torchair/configs/compiler_config.py:106: UserWarning: The following torchair config or properties may not take effect or report error in reduce-overhead mode: config.experimental_config.enable_view_optimize:True, set_dim_gears, dynamo_export, scope, npu_print
2026-03-19T04:16:35.6792498Z (Worker pid=2766) (Worker_DP1_TP2_EP10 pid=2766)   warnings.warn(
2026-03-19T04:16:35.6801962Z (Worker pid=3879) (Worker_DP0_TP4_EP4 pid=3879)   warnings.warn(
2026-03-19T04:16:35.6812520Z (Worker pid=4995) (Worker_DP0_TP6_EP6 pid=4995)   warnings.warn(
2026-03-19T04:16:35.6822557Z (Worker pid=5553) (Worker_DP0_TP7_EP7 pid=5553)   warnings.warn(
2026-03-19T04:16:35.6835028Z (Worker pid=3882) (Worker_DP1_TP4_EP12 pid=3882) /usr/local/python3.11.14/lib/python3.11/site-packages/torch_npu/dynamo/torchair/configs/compiler_config.py:106: UserWarning: The following torchair config or properties may not take effect or report error in reduce-overhead mode: config.experimental_config.enable_view_optimize:True, set_dim_gears, dynamo_export, scope, npu_print
2026-03-19T04:16:35.6846242Z (Worker pid=4440) (Worker_DP1_TP5_EP13 pid=4440) /usr/local/python3.11.14/lib/python3.11/site-packages/torch_npu/dynamo/torchair/configs/compiler_config.py:106: UserWarning: The following torchair config or properties may not take effect or report error in reduce-overhead mode: config.experimental_config.enable_view_optimize:True, set_dim_gears, dynamo_export, scope, npu_print
2026-03-19T04:16:35.6854477Z (Worker pid=3882) (Worker_DP1_TP4_EP12 pid=3882)   warnings.warn(
2026-03-19T04:16:35.6865176Z (Worker pid=4440) (Worker_DP1_TP5_EP13 pid=4440)   warnings.warn(
2026-03-19T04:16:35.6877167Z (Worker pid=5620) (Worker_DP1_TP7_EP15 pid=5620) /usr/local/python3.11.14/lib/python3.11/site-packages/torch_npu/dynamo/torchair/configs/compiler_config.py:106: UserWarning: The following torchair config or properties may not take effect or report error in reduce-overhead mode: config.experimental_config.enable_view_optimize:True, set_dim_gears, dynamo_export, scope, npu_print
2026-03-19T04:16:35.6888758Z (Worker pid=2198) (Worker_DP1_TP1_EP9 pid=2198) /usr/local/python3.11.14/lib/python3.11/site-packages/torch_npu/dynamo/torchair/configs/compiler_config.py:106: UserWarning: The following torchair config or properties may not take effect or report error in reduce-overhead mode: config.experimental_config.enable_view_optimize:True, set_dim_gears, dynamo_export, scope, npu_print
2026-03-19T04:16:35.6900081Z (Worker pid=4998) (Worker_DP1_TP6_EP14 pid=4998) /usr/local/python3.11.14/lib/python3.11/site-packages/torch_npu/dynamo/torchair/configs/compiler_config.py:106: UserWarning: The following torchair config or properties may not take effect or report error in reduce-overhead mode: config.experimental_config.enable_view_optimize:True, set_dim_gears, dynamo_export, scope, npu_print
2026-03-19T04:16:35.6909627Z (Worker pid=5620) (Worker_DP1_TP7_EP15 pid=5620)   warnings.warn(
2026-03-19T04:16:35.6919199Z (Worker pid=2198) (Worker_DP1_TP1_EP9 pid=2198)   warnings.warn(
2026-03-19T04:16:35.6929197Z (Worker pid=4998) (Worker_DP1_TP6_EP14 pid=4998)   warnings.warn(
2026-03-19T04:16:35.6941012Z (Worker pid=3324) (Worker_DP1_TP3_EP11 pid=3324) /usr/local/python3.11.14/lib/python3.11/site-packages/torch_npu/dynamo/torchair/configs/compiler_config.py:106: UserWarning: The following torchair config or properties may not take effect or report error in reduce-overhead mode: config.experimental_config.enable_view_optimize:True, set_dim_gears, dynamo_export, scope, npu_print
2026-03-19T04:16:35.6950723Z (Worker pid=3324) (Worker_DP1_TP3_EP11 pid=3324)   warnings.warn(
2026-03-19T04:16:37.8498372Z (Worker pid=5553) (Worker_DP0_TP7_EP7 pid=5553) /usr/local/python3.11.14/lib/python3.11/site-packages/torch_npu/dynamo/torchair/configs/compiler_config.py:106: UserWarning: The following torchair config or properties may not take effect or report error in reduce-overhead mode: config.experimental_config.enable_view_optimize:True, set_dim_gears, dynamo_export, scope, npu_print
2026-03-19T04:16:37.8510970Z (Worker pid=3324) (Worker_DP1_TP3_EP11 pid=3324) /usr/local/python3.11.14/lib/python3.11/site-packages/torch_npu/dynamo/torchair/configs/compiler_config.py:106: UserWarning: The following torchair config or properties may not take effect or report error in reduce-overhead mode: config.experimental_config.enable_view_optimize:True, set_dim_gears, dynamo_export, scope, npu_print
2026-03-19T04:16:37.8523041Z (Worker pid=2766) (Worker_DP1_TP2_EP10 pid=2766) /usr/local/python3.11.14/lib/python3.11/site-packages/torch_npu/dynamo/torchair/configs/compiler_config.py:106: UserWarning: The following torchair config or properties may not take effect or report error in reduce-overhead mode: config.experimental_config.enable_view_optimize:True, set_dim_gears, dynamo_export, scope, npu_print
2026-03-19T04:16:37.8534422Z (Worker pid=3321) (Worker_DP0_TP3_EP3 pid=3321) /usr/local/python3.11.14/lib/python3.11/site-packages/torch_npu/dynamo/torchair/configs/compiler_config.py:106: UserWarning: The following torchair config or properties may not take effect or report error in reduce-overhead mode: config.experimental_config.enable_view_optimize:True, set_dim_gears, dynamo_export, scope, npu_print
2026-03-19T04:16:37.8543964Z (Worker pid=3324) (Worker_DP1_TP3_EP11 pid=3324)   warnings.warn(
2026-03-19T04:16:37.8554562Z (Worker pid=2766) (Worker_DP1_TP2_EP10 pid=2766)   warnings.warn(
2026-03-19T04:16:37.8566621Z (Worker pid=5553) (Worker_DP0_TP7_EP7 pid=5553)   warnings.warn(
2026-03-19T04:16:37.8576586Z (Worker pid=3321) (Worker_DP0_TP3_EP3 pid=3321)   warnings.warn(
2026-03-19T04:16:37.8589724Z (Worker pid=1381) (Worker_DP1_TP0_EP8 pid=1381) /usr/local/python3.11.14/lib/python3.11/site-packages/torch_npu/dynamo/torchair/configs/compiler_config.py:106: UserWarning: The following torchair config or properties may not take effect or report error in reduce-overhead mode: config.experimental_config.enable_view_optimize:True, set_dim_gears, dynamo_export, scope, npu_print
2026-03-19T04:16:37.8598542Z (Worker pid=1381) (Worker_DP1_TP0_EP8 pid=1381)   warnings.warn(
2026-03-19T04:16:37.8611231Z (Worker pid=4437) (Worker_DP0_TP5_EP5 pid=4437) /usr/local/python3.11.14/lib/python3.11/site-packages/torch_npu/dynamo/torchair/configs/compiler_config.py:106: UserWarning: The following torchair config or properties may not take effect or report error in reduce-overhead mode: config.experimental_config.enable_view_optimize:True, set_dim_gears, dynamo_export, scope, npu_print
2026-03-19T04:16:37.8622945Z (Worker pid=2198) (Worker_DP1_TP1_EP9 pid=2198) /usr/local/python3.11.14/lib/python3.11/site-packages/torch_npu/dynamo/torchair/configs/compiler_config.py:106: UserWarning: The following torchair config or properties may not take effect or report error in reduce-overhead mode: config.experimental_config.enable_view_optimize:True, set_dim_gears, dynamo_export, scope, npu_print
2026-03-19T04:16:37.8633010Z (Worker pid=4437) (Worker_DP0_TP5_EP5 pid=4437)   warnings.warn(
2026-03-19T04:16:37.8642357Z (Worker pid=2198) (Worker_DP1_TP1_EP9 pid=2198)   warnings.warn(
2026-03-19T04:16:37.8654850Z (Worker pid=3879) (Worker_DP0_TP4_EP4 pid=3879) /usr/local/python3.11.14/lib/python3.11/site-packages/torch_npu/dynamo/torchair/configs/compiler_config.py:106: UserWarning: The following torchair config or properties may not take effect or report error in reduce-overhead mode: config.experimental_config.enable_view_optimize:True, set_dim_gears, dynamo_export, scope, npu_print
2026-03-19T04:16:37.8667514Z (Worker pid=2763) (Worker_DP0_TP2_EP2 pid=2763) /usr/local/python3.11.14/lib/python3.11/site-packages/torch_npu/dynamo/torchair/configs/compiler_config.py:106: UserWarning: The following torchair config or properties may not take effect or report error in reduce-overhead mode: config.experimental_config.enable_view_optimize:True, set_dim_gears, dynamo_export, scope, npu_print
2026-03-19T04:16:37.8676326Z (Worker pid=3879) (Worker_DP0_TP4_EP4 pid=3879)   warnings.warn(
2026-03-19T04:16:37.8688682Z (Worker pid=4995) (Worker_DP0_TP6_EP6 pid=4995) /usr/local/python3.11.14/lib/python3.11/site-packages/torch_npu/dynamo/torchair/configs/compiler_config.py:106: UserWarning: The following torchair config or properties may not take effect or report error in reduce-overhead mode: config.experimental_config.enable_view_optimize:True, set_dim_gears, dynamo_export, scope, npu_print
2026-03-19T04:16:37.8697949Z (Worker pid=2763) (Worker_DP0_TP2_EP2 pid=2763)   warnings.warn(
2026-03-19T04:16:37.8711494Z (Worker pid=1380) (Worker_DP0_TP0_EP0 pid=1380) /usr/local/python3.11.14/lib/python3.11/site-packages/torch_npu/dynamo/torchair/configs/compiler_config.py:106: UserWarning: The following torchair config or properties may not take effect or report error in reduce-overhead mode: config.experimental_config.enable_view_optimize:True, set_dim_gears, dynamo_export, scope, npu_print
2026-03-19T04:16:37.8722468Z (Worker pid=4998) (Worker_DP1_TP6_EP14 pid=4998) /usr/local/python3.11.14/lib/python3.11/site-packages/torch_npu/dynamo/torchair/configs/compiler_config.py:106: UserWarning: The following torchair config or properties may not take effect or report error in reduce-overhead mode: config.experimental_config.enable_view_optimize:True, set_dim_gears, dynamo_export, scope, npu_print
2026-03-19T04:16:37.8732242Z (Worker pid=4995) (Worker_DP0_TP6_EP6 pid=4995)   warnings.warn(
2026-03-19T04:16:37.8744454Z (Worker pid=4440) (Worker_DP1_TP5_EP13 pid=4440) /usr/local/python3.11.14/lib/python3.11/site-packages/torch_npu/dynamo/torchair/configs/compiler_config.py:106: UserWarning: The following torchair config or properties may not take effect or report error in reduce-overhead mode: config.experimental_config.enable_view_optimize:True, set_dim_gears, dynamo_export, scope, npu_print
2026-03-19T04:16:37.8753582Z (Worker pid=1380) (Worker_DP0_TP0_EP0 pid=1380)   warnings.warn(
2026-03-19T04:16:37.8763837Z (Worker pid=4998) (Worker_DP1_TP6_EP14 pid=4998)   warnings.warn(
2026-03-19T04:16:37.8777147Z (Worker pid=5620) (Worker_DP1_TP7_EP15 pid=5620) /usr/local/python3.11.14/lib/python3.11/site-packages/torch_npu/dynamo/torchair/configs/compiler_config.py:106: UserWarning: The following torchair config or properties may not take effect or report error in reduce-overhead mode: config.experimental_config.enable_view_optimize:True, set_dim_gears, dynamo_export, scope, npu_print
2026-03-19T04:16:37.8787333Z (Worker pid=4440) (Worker_DP1_TP5_EP13 pid=4440)   warnings.warn(
2026-03-19T04:16:37.8797439Z (Worker pid=5620) (Worker_DP1_TP7_EP15 pid=5620)   warnings.warn(
2026-03-19T04:16:37.8810344Z (Worker pid=3882) (Worker_DP1_TP4_EP12 pid=3882) /usr/local/python3.11.14/lib/python3.11/site-packages/torch_npu/dynamo/torchair/configs/compiler_config.py:106: UserWarning: The following torchair config or properties may not take effect or report error in reduce-overhead mode: config.experimental_config.enable_view_optimize:True, set_dim_gears, dynamo_export, scope, npu_print
2026-03-19T04:16:37.8819317Z (Worker pid=3882) (Worker_DP1_TP4_EP12 pid=3882)   warnings.warn(
2026-03-19T04:16:37.8832794Z (Worker pid=2195) (Worker_DP0_TP1_EP1 pid=2195) /usr/local/python3.11.14/lib/python3.11/site-packages/torch_npu/dynamo/torchair/configs/compiler_config.py:106: UserWarning: The following torchair config or properties may not take effect or report error in reduce-overhead mode: config.experimental_config.enable_view_optimize:True, set_dim_gears, dynamo_export, scope, npu_print
2026-03-19T04:16:37.8842449Z (Worker pid=2195) (Worker_DP0_TP1_EP1 pid=2195)   warnings.warn(
2026-03-19T04:16:39.2688662Z (Worker pid=2198) (Worker_DP1_TP1_EP9 pid=2198) /usr/local/python3.11.14/lib/python3.11/site-packages/torch_npu/dynamo/torchair/configs/compiler_config.py:106: UserWarning: The following torchair config or properties may not take effect or report error in reduce-overhead mode: config.experimental_config.enable_view_optimize:True, set_dim_gears, dynamo_export, scope, npu_print
2026-03-19T04:16:39.2700616Z (Worker pid=2198) (Worker_DP1_TP1_EP9 pid=2198)   warnings.warn(
2026-03-19T04:16:39.2714033Z (Worker pid=1381) (Worker_DP1_TP0_EP8 pid=1381) /usr/local/python3.11.14/lib/python3.11/site-packages/torch_npu/dynamo/torchair/configs/compiler_config.py:106: UserWarning: The following torchair config or properties may not take effect or report error in reduce-overhead mode: config.experimental_config.enable_view_optimize:True, set_dim_gears, dynamo_export, scope, npu_print
2026-03-19T04:16:39.2724820Z (Worker pid=1381) (Worker_DP1_TP0_EP8 pid=1381)   warnings.warn(
2026-03-19T04:16:39.2738417Z (Worker pid=4440) (Worker_DP1_TP5_EP13 pid=4440) /usr/local/python3.11.14/lib/python3.11/site-packages/torch_npu/dynamo/torchair/configs/compiler_config.py:106: UserWarning: The following torchair config or properties may not take effect or report error in reduce-overhead mode: config.experimental_config.enable_view_optimize:True, set_dim_gears, dynamo_export, scope, npu_print
2026-03-19T04:16:39.2751629Z (Worker pid=2766) (Worker_DP1_TP2_EP10 pid=2766) /usr/local/python3.11.14/lib/python3.11/site-packages/torch_npu/dynamo/torchair/configs/compiler_config.py:106: UserWarning: The following torchair config or properties may not take effect or report error in reduce-overhead mode: config.experimental_config.enable_view_optimize:True, set_dim_gears, dynamo_export, scope, npu_print
2026-03-19T04:16:39.2764950Z (Worker pid=4440) (Worker_DP1_TP5_EP13 pid=4440)   warnings.warn(
2026-03-19T04:16:39.2777460Z (Worker pid=2766) (Worker_DP1_TP2_EP10 pid=2766)   warnings.warn(
2026-03-19T04:16:39.2790892Z (Worker pid=3882) (Worker_DP1_TP4_EP12 pid=3882) /usr/local/python3.11.14/lib/python3.11/site-packages/torch_npu/dynamo/torchair/configs/compiler_config.py:106: UserWarning: The following torchair config or properties may not take effect or report error in reduce-overhead mode: config.experimental_config.enable_view_optimize:True, set_dim_gears, dynamo_export, scope, npu_print
2026-03-19T04:16:39.2802273Z (Worker pid=3324) (Worker_DP1_TP3_EP11 pid=3324) /usr/local/python3.11.14/lib/python3.11/site-packages/torch_npu/dynamo/torchair/configs/compiler_config.py:106: UserWarning: The following torchair config or properties may not take effect or report error in reduce-overhead mode: config.experimental_config.enable_view_optimize:True, set_dim_gears, dynamo_export, scope, npu_print
2026-03-19T04:16:39.2811300Z (Worker pid=3882) (Worker_DP1_TP4_EP12 pid=3882)   warnings.warn(
2026-03-19T04:16:39.2821642Z (Worker pid=3324) (Worker_DP1_TP3_EP11 pid=3324)   warnings.warn(
2026-03-19T04:16:39.2834162Z (Worker pid=4998) (Worker_DP1_TP6_EP14 pid=4998) /usr/local/python3.11.14/lib/python3.11/site-packages/torch_npu/dynamo/torchair/configs/compiler_config.py:106: UserWarning: The following torchair config or properties may not take effect or report error in reduce-overhead mode: config.experimental_config.enable_view_optimize:True, set_dim_gears, dynamo_export, scope, npu_print
2026-03-19T04:16:39.2845221Z (Worker pid=5620) (Worker_DP1_TP7_EP15 pid=5620) /usr/local/python3.11.14/lib/python3.11/site-packages/torch_npu/dynamo/torchair/configs/compiler_config.py:106: UserWarning: The following torchair config or properties may not take effect or report error in reduce-overhead mode: config.experimental_config.enable_view_optimize:True, set_dim_gears, dynamo_export, scope, npu_print
2026-03-19T04:16:39.2853961Z (Worker pid=5620) (Worker_DP1_TP7_EP15 pid=5620)   warnings.warn(
2026-03-19T04:16:39.2864228Z (Worker pid=4998) (Worker_DP1_TP6_EP14 pid=4998)   warnings.warn(
2026-03-19T04:16:39.2877331Z (Worker pid=4995) (Worker_DP0_TP6_EP6 pid=4995) /usr/local/python3.11.14/lib/python3.11/site-packages/torch_npu/dynamo/torchair/configs/compiler_config.py:106: UserWarning: The following torchair config or properties may not take effect or report error in reduce-overhead mode: config.experimental_config.enable_view_optimize:True, set_dim_gears, dynamo_export, scope, npu_print
2026-03-19T04:16:39.2887665Z (Worker pid=4437) (Worker_DP0_TP5_EP5 pid=4437) /usr/local/python3.11.14/lib/python3.11/site-packages/torch_npu/dynamo/torchair/configs/compiler_config.py:106: UserWarning: The following torchair config or properties may not take effect or report error in reduce-overhead mode: config.experimental_config.enable_view_optimize:True, set_dim_gears, dynamo_export, scope, npu_print
2026-03-19T04:16:39.2896672Z (Worker pid=4995) (Worker_DP0_TP6_EP6 pid=4995)   warnings.warn(
2026-03-19T04:16:39.2906874Z (Worker pid=4437) (Worker_DP0_TP5_EP5 pid=4437)   warnings.warn(
2026-03-19T04:16:39.2919351Z (Worker pid=2763) (Worker_DP0_TP2_EP2 pid=2763) /usr/local/python3.11.14/lib/python3.11/site-packages/torch_npu/dynamo/torchair/configs/compiler_config.py:106: UserWarning: The following torchair config or properties may not take effect or report error in reduce-overhead mode: config.experimental_config.enable_view_optimize:True, set_dim_gears, dynamo_export, scope, npu_print
2026-03-19T04:16:39.2927942Z (Worker pid=2763) (Worker_DP0_TP2_EP2 pid=2763)   warnings.warn(
2026-03-19T04:16:39.2940906Z (Worker pid=5553) (Worker_DP0_TP7_EP7 pid=5553) /usr/local/python3.11.14/lib/python3.11/site-packages/torch_npu/dynamo/torchair/configs/compiler_config.py:106: UserWarning: The following torchair config or properties may not take effect or report error in reduce-overhead mode: config.experimental_config.enable_view_optimize:True, set_dim_gears, dynamo_export, scope, npu_print
2026-03-19T04:16:39.2950150Z (Worker pid=5553) (Worker_DP0_TP7_EP7 pid=5553)   warnings.warn(
2026-03-19T04:16:39.2962010Z (Worker pid=3321) (Worker_DP0_TP3_EP3 pid=3321) /usr/local/python3.11.14/lib/python3.11/site-packages/torch_npu/dynamo/torchair/configs/compiler_config.py:106: UserWarning: The following torchair config or properties may not take effect or report error in reduce-overhead mode: config.experimental_config.enable_view_optimize:True, set_dim_gears, dynamo_export, scope, npu_print
2026-03-19T04:16:39.2972951Z (Worker pid=1380) (Worker_DP0_TP0_EP0 pid=1380) /usr/local/python3.11.14/lib/python3.11/site-packages/torch_npu/dynamo/torchair/configs/compiler_config.py:106: UserWarning: The following torchair config or properties may not take effect or report error in reduce-overhead mode: config.experimental_config.enable_view_optimize:True, set_dim_gears, dynamo_export, scope, npu_print
2026-03-19T04:16:39.2982019Z (Worker pid=3321) (Worker_DP0_TP3_EP3 pid=3321)   warnings.warn(
2026-03-19T04:16:39.2992586Z (Worker pid=1380) (Worker_DP0_TP0_EP0 pid=1380)   warnings.warn(
2026-03-19T04:16:39.3004435Z (Worker pid=3879) (Worker_DP0_TP4_EP4 pid=3879) /usr/local/python3.11.14/lib/python3.11/site-packages/torch_npu/dynamo/torchair/configs/compiler_config.py:106: UserWarning: The following torchair config or properties may not take effect or report error in reduce-overhead mode: config.experimental_config.enable_view_optimize:True, set_dim_gears, dynamo_export, scope, npu_print
2026-03-19T04:16:39.3013369Z (Worker pid=3879) (Worker_DP0_TP4_EP4 pid=3879)   warnings.warn(
2026-03-19T04:16:39.3025517Z (Worker pid=2195) (Worker_DP0_TP1_EP1 pid=2195) /usr/local/python3.11.14/lib/python3.11/site-packages/torch_npu/dynamo/torchair/configs/compiler_config.py:106: UserWarning: The following torchair config or properties may not take effect or report error in reduce-overhead mode: config.experimental_config.enable_view_optimize:True, set_dim_gears, dynamo_export, scope, npu_print
2026-03-19T04:16:39.3034709Z (Worker pid=2195) (Worker_DP0_TP1_EP1 pid=2195)   warnings.warn(
2026-03-19T04:16:39.5986943Z (Worker pid=4995) (Worker_DP0_TP6_EP6 pid=4995) /usr/local/python3.11.14/lib/python3.11/site-packages/torch_npu/dynamo/torchair/configs/compiler_config.py:106: UserWarning: The following torchair config or properties may not take effect or report error in reduce-overhead mode: config.experimental_config.enable_view_optimize:True, set_dim_gears, dynamo_export, scope, npu_print
2026-03-19T04:16:39.5997070Z (Worker pid=2766) (Worker_DP1_TP2_EP10 pid=2766) /usr/local/python3.11.14/lib/python3.11/site-packages/torch_npu/dynamo/torchair/configs/compiler_config.py:106: UserWarning: The following torchair config or properties may not take effect or report error in reduce-overhead mode: config.experimental_config.enable_view_optimize:True, set_dim_gears, dynamo_export, scope, npu_print
2026-03-19T04:16:39.6006263Z (Worker pid=3321) (Worker_DP0_TP3_EP3 pid=3321) /usr/local/python3.11.14/lib/python3.11/site-packages/torch_npu/dynamo/torchair/configs/compiler_config.py:106: UserWarning: The following torchair config or properties may not take effect or report error in reduce-overhead mode: config.experimental_config.enable_view_optimize:True, set_dim_gears, dynamo_export, scope, npu_print
2026-03-19T04:16:39.6018114Z (Worker pid=4437) (Worker_DP0_TP5_EP5 pid=4437) /usr/local/python3.11.14/lib/python3.11/site-packages/torch_npu/dynamo/torchair/configs/compiler_config.py:106: UserWarning: The following torchair config or properties may not take effect or report error in reduce-overhead mode: config.experimental_config.enable_view_optimize:True, set_dim_gears, dynamo_export, scope, npu_print
2026-03-19T04:16:39.6025806Z (Worker pid=4995) (Worker_DP0_TP6_EP6 pid=4995)   warnings.warn(
2026-03-19T04:16:39.6038043Z (Worker pid=2763) (Worker_DP0_TP2_EP2 pid=2763) /usr/local/python3.11.14/lib/python3.11/site-packages/torch_npu/dynamo/torchair/configs/compiler_config.py:106: UserWarning: The following torchair config or properties may not take effect or report error in reduce-overhead mode: config.experimental_config.enable_view_optimize:True, set_dim_gears, dynamo_export, scope, npu_print
2026-03-19T04:16:39.6046680Z (Worker pid=2766) (Worker_DP1_TP2_EP10 pid=2766)   warnings.warn(
2026-03-19T04:16:39.6056358Z (Worker pid=3321) (Worker_DP0_TP3_EP3 pid=3321)   warnings.warn(
2026-03-19T04:16:39.6066132Z (Worker pid=2763) (Worker_DP0_TP2_EP2 pid=2763)   warnings.warn(
2026-03-19T04:16:39.6076185Z (Worker pid=4437) (Worker_DP0_TP5_EP5 pid=4437)   warnings.warn(
2026-03-19T04:16:39.6087939Z (Worker pid=2198) (Worker_DP1_TP1_EP9 pid=2198) /usr/local/python3.11.14/lib/python3.11/site-packages/torch_npu/dynamo/torchair/configs/compiler_config.py:106: UserWarning: The following torchair config or properties may not take effect or report error in reduce-overhead mode: config.experimental_config.enable_view_optimize:True, set_dim_gears, dynamo_export, scope, npu_print
2026-03-19T04:16:39.6098976Z (Worker pid=5553) (Worker_DP0_TP7_EP7 pid=5553) /usr/local/python3.11.14/lib/python3.11/site-packages/torch_npu/dynamo/torchair/configs/compiler_config.py:106: UserWarning: The following torchair config or properties may not take effect or report error in reduce-overhead mode: config.experimental_config.enable_view_optimize:True, set_dim_gears, dynamo_export, scope, npu_print
2026-03-19T04:16:39.6109155Z (Worker pid=2195) (Worker_DP0_TP1_EP1 pid=2195) /usr/local/python3.11.14/lib/python3.11/site-packages/torch_npu/dynamo/torchair/configs/compiler_config.py:106: UserWarning: The following torchair config or properties may not take effect or report error in reduce-overhead mode: config.experimental_config.enable_view_optimize:True, set_dim_gears, dynamo_export, scope, npu_print
2026-03-19T04:16:39.6118895Z (Worker pid=3879) (Worker_DP0_TP4_EP4 pid=3879) /usr/local/python3.11.14/lib/python3.11/site-packages/torch_npu/dynamo/torchair/configs/compiler_config.py:106: UserWarning: The following torchair config or properties may not take effect or report error in reduce-overhead mode: config.experimental_config.enable_view_optimize:True, set_dim_gears, dynamo_export, scope, npu_print
2026-03-19T04:16:39.6128781Z (Worker pid=2198) (Worker_DP1_TP1_EP9 pid=2198)   warnings.warn(
2026-03-19T04:16:39.6138323Z (Worker pid=5553) (Worker_DP0_TP7_EP7 pid=5553)   warnings.warn(
2026-03-19T04:16:39.6148587Z (Worker pid=2195) (Worker_DP0_TP1_EP1 pid=2195)   warnings.warn(
2026-03-19T04:16:39.6157884Z (Worker pid=3879) (Worker_DP0_TP4_EP4 pid=3879)   warnings.warn(
2026-03-19T04:16:39.6170062Z (Worker pid=4998) (Worker_DP1_TP6_EP14 pid=4998) /usr/local/python3.11.14/lib/python3.11/site-packages/torch_npu/dynamo/torchair/configs/compiler_config.py:106: UserWarning: The following torchair config or properties may not take effect or report error in reduce-overhead mode: config.experimental_config.enable_view_optimize:True, set_dim_gears, dynamo_export, scope, npu_print
2026-03-19T04:16:39.6180566Z (Worker pid=5620) (Worker_DP1_TP7_EP15 pid=5620) /usr/local/python3.11.14/lib/python3.11/site-packages/torch_npu/dynamo/torchair/configs/compiler_config.py:106: UserWarning: The following torchair config or properties may not take effect or report error in reduce-overhead mode: config.experimental_config.enable_view_optimize:True, set_dim_gears, dynamo_export, scope, npu_print
2026-03-19T04:16:39.6191766Z (Worker pid=1381) (Worker_DP1_TP0_EP8 pid=1381) /usr/local/python3.11.14/lib/python3.11/site-packages/torch_npu/dynamo/torchair/configs/compiler_config.py:106: UserWarning: The following torchair config or properties may not take effect or report error in reduce-overhead mode: config.experimental_config.enable_view_optimize:True, set_dim_gears, dynamo_export, scope, npu_print
2026-03-19T04:16:39.6200377Z (Worker pid=4998) (Worker_DP1_TP6_EP14 pid=4998)   warnings.warn(
2026-03-19T04:16:39.6209816Z (Worker pid=5620) (Worker_DP1_TP7_EP15 pid=5620)   warnings.warn(
2026-03-19T04:16:39.6221381Z (Worker pid=1380) (Worker_DP0_TP0_EP0 pid=1380) /usr/local/python3.11.14/lib/python3.11/site-packages/torch_npu/dynamo/torchair/configs/compiler_config.py:106: UserWarning: The following torchair config or properties may not take effect or report error in reduce-overhead mode: config.experimental_config.enable_view_optimize:True, set_dim_gears, dynamo_export, scope, npu_print
2026-03-19T04:16:39.6230583Z (Worker pid=1381) (Worker_DP1_TP0_EP8 pid=1381)   warnings.warn(
2026-03-19T04:16:39.6240138Z (Worker pid=1380) (Worker_DP0_TP0_EP0 pid=1380)   warnings.warn(
2026-03-19T04:16:39.6252974Z (Worker pid=4440) (Worker_DP1_TP5_EP13 pid=4440) /usr/local/python3.11.14/lib/python3.11/site-packages/torch_npu/dynamo/torchair/configs/compiler_config.py:106: UserWarning: The following torchair config or properties may not take effect or report error in reduce-overhead mode: config.experimental_config.enable_view_optimize:True, set_dim_gears, dynamo_export, scope, npu_print
2026-03-19T04:16:39.6264542Z (Worker pid=3882) (Worker_DP1_TP4_EP12 pid=3882) /usr/local/python3.11.14/lib/python3.11/site-packages/torch_npu/dynamo/torchair/configs/compiler_config.py:106: UserWarning: The following torchair config or properties may not take effect or report error in reduce-overhead mode: config.experimental_config.enable_view_optimize:True, set_dim_gears, dynamo_export, scope, npu_print
2026-03-19T04:16:39.6273489Z (Worker pid=4440) (Worker_DP1_TP5_EP13 pid=4440)   warnings.warn(
2026-03-19T04:16:39.6283320Z (Worker pid=3882) (Worker_DP1_TP4_EP12 pid=3882)   warnings.warn(
2026-03-19T04:16:39.6295452Z (Worker pid=3324) (Worker_DP1_TP3_EP11 pid=3324) /usr/local/python3.11.14/lib/python3.11/site-packages/torch_npu/dynamo/torchair/configs/compiler_config.py:106: UserWarning: The following torchair config or properties may not take effect or report error in reduce-overhead mode: config.experimental_config.enable_view_optimize:True, set_dim_gears, dynamo_export, scope, npu_print
2026-03-19T04:16:39.6304157Z (Worker pid=3324) (Worker_DP1_TP3_EP11 pid=3324)   warnings.warn(
2026-03-19T04:16:39.9286934Z (Worker pid=4995) (Worker_DP0_TP6_EP6 pid=4995) /usr/local/python3.11.14/lib/python3.11/site-packages/torch_npu/dynamo/torchair/configs/compiler_config.py:106: UserWarning: The following torchair config or properties may not take effect or report error in reduce-overhead mode: config.experimental_config.enable_view_optimize:True, set_dim_gears, dynamo_export, scope, npu_print
2026-03-19T04:16:39.9297049Z (Worker pid=5553) (Worker_DP0_TP7_EP7 pid=5553) /usr/local/python3.11.14/lib/python3.11/site-packages/torch_npu/dynamo/torchair/configs/compiler_config.py:106: UserWarning: The following torchair config or properties may not take effect or report error in reduce-overhead mode: config.experimental_config.enable_view_optimize:True, set_dim_gears, dynamo_export, scope, npu_print
2026-03-19T04:16:39.9307277Z (Worker pid=2198) (Worker_DP1_TP1_EP9 pid=2198) /usr/local/python3.11.14/lib/python3.11/site-packages/torch_npu/dynamo/torchair/configs/compiler_config.py:106: UserWarning: The following torchair config or properties may not take effect or report error in reduce-overhead mode: config.experimental_config.enable_view_optimize:True, set_dim_gears, dynamo_export, scope, npu_print
2026-03-19T04:16:39.9316596Z (Worker pid=5553) (Worker_DP0_TP7_EP7 pid=5553)   warnings.warn(
2026-03-19T04:16:39.9326988Z (Worker pid=4995) (Worker_DP0_TP6_EP6 pid=4995)   warnings.warn(
2026-03-19T04:16:39.9339088Z (Worker pid=3324) (Worker_DP1_TP3_EP11 pid=3324) /usr/local/python3.11.14/lib/python3.11/site-packages/torch_npu/dynamo/torchair/configs/compiler_config.py:106: UserWarning: The following torchair config or properties may not take effect or report error in reduce-overhead mode: config.experimental_config.enable_view_optimize:True, set_dim_gears, dynamo_export, scope, npu_print
2026-03-19T04:16:39.9350268Z (Worker pid=2766) (Worker_DP1_TP2_EP10 pid=2766) /usr/local/python3.11.14/lib/python3.11/site-packages/torch_npu/dynamo/torchair/configs/compiler_config.py:106: UserWarning: The following torchair config or properties may not take effect or report error in reduce-overhead mode: config.experimental_config.enable_view_optimize:True, set_dim_gears, dynamo_export, scope, npu_print
2026-03-19T04:16:39.9360967Z (Worker pid=2195) (Worker_DP0_TP1_EP1 pid=2195) /usr/local/python3.11.14/lib/python3.11/site-packages/torch_npu/dynamo/torchair/configs/compiler_config.py:106: UserWarning: The following torchair config or properties may not take effect or report error in reduce-overhead mode: config.experimental_config.enable_view_optimize:True, set_dim_gears, dynamo_export, scope, npu_print
2026-03-19T04:16:39.9371925Z (Worker pid=3882) (Worker_DP1_TP4_EP12 pid=3882) /usr/local/python3.11.14/lib/python3.11/site-packages/torch_npu/dynamo/torchair/configs/compiler_config.py:106: UserWarning: The following torchair config or properties may not take effect or report error in reduce-overhead mode: config.experimental_config.enable_view_optimize:True, set_dim_gears, dynamo_export, scope, npu_print
2026-03-19T04:16:39.9380541Z (Worker pid=2198) (Worker_DP1_TP1_EP9 pid=2198)   warnings.warn(
2026-03-19T04:16:39.9392984Z (Worker pid=3321) (Worker_DP0_TP3_EP3 pid=3321) /usr/local/python3.11.14/lib/python3.11/site-packages/torch_npu/dynamo/torchair/configs/compiler_config.py:106: UserWarning: The following torchair config or properties may not take effect or report error in reduce-overhead mode: config.experimental_config.enable_view_optimize:True, set_dim_gears, dynamo_export, scope, npu_print
2026-03-19T04:16:39.9404091Z (Worker pid=4440) (Worker_DP1_TP5_EP13 pid=4440) /usr/local/python3.11.14/lib/python3.11/site-packages/torch_npu/dynamo/torchair/configs/compiler_config.py:106: UserWarning: The following torchair config or properties may not take effect or report error in reduce-overhead mode: config.experimental_config.enable_view_optimize:True, set_dim_gears, dynamo_export, scope, npu_print
2026-03-19T04:16:39.9414980Z (Worker pid=4437) (Worker_DP0_TP5_EP5 pid=4437) /usr/local/python3.11.14/lib/python3.11/site-packages/torch_npu/dynamo/torchair/configs/compiler_config.py:106: UserWarning: The following torchair config or properties may not take effect or report error in reduce-overhead mode: config.experimental_config.enable_view_optimize:True, set_dim_gears, dynamo_export, scope, npu_print
2026-03-19T04:16:39.9426455Z (Worker pid=1380) (Worker_DP0_TP0_EP0 pid=1380) /usr/local/python3.11.14/lib/python3.11/site-packages/torch_npu/dynamo/torchair/configs/compiler_config.py:106: UserWarning: The following torchair config or properties may not take effect or report error in reduce-overhead mode: config.experimental_config.enable_view_optimize:True, set_dim_gears, dynamo_export, scope, npu_print
2026-03-19T04:16:39.9434155Z (Worker pid=3324) (Worker_DP1_TP3_EP11 pid=3324)   warnings.warn(
2026-03-19T04:16:39.9443340Z (Worker pid=4437) (Worker_DP0_TP5_EP5 pid=4437)   warnings.warn(
2026-03-19T04:16:39.9455252Z (Worker pid=5620) (Worker_DP1_TP7_EP15 pid=5620) /usr/local/python3.11.14/lib/python3.11/site-packages/torch_npu/dynamo/torchair/configs/compiler_config.py:106: UserWarning: The following torchair config or properties may not take effect or report error in reduce-overhead mode: config.experimental_config.enable_view_optimize:True, set_dim_gears, dynamo_export, scope, npu_print
2026-03-19T04:16:39.9466081Z (Worker pid=2763) (Worker_DP0_TP2_EP2 pid=2763) /usr/local/python3.11.14/lib/python3.11/site-packages/torch_npu/dynamo/torchair/configs/compiler_config.py:106: UserWarning: The following torchair config or properties may not take effect or report error in reduce-overhead mode: config.experimental_config.enable_view_optimize:True, set_dim_gears, dynamo_export, scope, npu_print
2026-03-19T04:16:39.9474965Z (Worker pid=2766) (Worker_DP1_TP2_EP10 pid=2766)   warnings.warn(
2026-03-19T04:16:39.9485082Z (Worker pid=2195) (Worker_DP0_TP1_EP1 pid=2195)   warnings.warn(
2026-03-19T04:16:39.9497335Z (Worker pid=1381) (Worker_DP1_TP0_EP8 pid=1381) /usr/local/python3.11.14/lib/python3.11/site-packages/torch_npu/dynamo/torchair/configs/compiler_config.py:106: UserWarning: The following torchair config or properties may not take effect or report error in reduce-overhead mode: config.experimental_config.enable_view_optimize:True, set_dim_gears, dynamo_export, scope, npu_print
2026-03-19T04:16:39.9506887Z (Worker pid=3882) (Worker_DP1_TP4_EP12 pid=3882)   warnings.warn(
2026-03-19T04:16:39.9519675Z (Worker pid=3879) (Worker_DP0_TP4_EP4 pid=3879) /usr/local/python3.11.14/lib/python3.11/site-packages/torch_npu/dynamo/torchair/configs/compiler_config.py:106: UserWarning: The following torchair config or properties may not take effect or report error in reduce-overhead mode: config.experimental_config.enable_view_optimize:True, set_dim_gears, dynamo_export, scope, npu_print
2026-03-19T04:16:39.9528301Z (Worker pid=3321) (Worker_DP0_TP3_EP3 pid=3321)   warnings.warn(
2026-03-19T04:16:39.9540413Z (Worker pid=4998) (Worker_DP1_TP6_EP14 pid=4998) /usr/local/python3.11.14/lib/python3.11/site-packages/torch_npu/dynamo/torchair/configs/compiler_config.py:106: UserWarning: The following torchair config or properties may not take effect or report error in reduce-overhead mode: config.experimental_config.enable_view_optimize:True, set_dim_gears, dynamo_export, scope, npu_print
2026-03-19T04:16:39.9549363Z (Worker pid=4440) (Worker_DP1_TP5_EP13 pid=4440)   warnings.warn(
2026-03-19T04:16:39.9559328Z (Worker pid=1380) (Worker_DP0_TP0_EP0 pid=1380)   warnings.warn(
2026-03-19T04:16:39.9569423Z (Worker pid=3879) (Worker_DP0_TP4_EP4 pid=3879)   warnings.warn(
2026-03-19T04:16:39.9579655Z (Worker pid=5620) (Worker_DP1_TP7_EP15 pid=5620)   warnings.warn(
2026-03-19T04:16:39.9589595Z (Worker pid=2763) (Worker_DP0_TP2_EP2 pid=2763)   warnings.warn(
2026-03-19T04:16:39.9599942Z (Worker pid=1381) (Worker_DP1_TP0_EP8 pid=1381)   warnings.warn(
2026-03-19T04:16:39.9610221Z (Worker pid=4998) (Worker_DP1_TP6_EP14 pid=4998)   warnings.warn(
2026-03-19T04:16:40.2514254Z (Worker pid=5553) (Worker_DP0_TP7_EP7 pid=5553) /usr/local/python3.11.14/lib/python3.11/site-packages/torch_npu/dynamo/torchair/configs/compiler_config.py:106: UserWarning: The following torchair config or properties may not take effect or report error in reduce-overhead mode: config.experimental_config.enable_view_optimize:True, set_dim_gears, dynamo_export, scope, npu_print
2026-03-19T04:16:40.2526431Z (Worker pid=4995) (Worker_DP0_TP6_EP6 pid=4995) /usr/local/python3.11.14/lib/python3.11/site-packages/torch_npu/dynamo/torchair/configs/compiler_config.py:106: UserWarning: The following torchair config or properties may not take effect or report error in reduce-overhead mode: config.experimental_config.enable_view_optimize:True, set_dim_gears, dynamo_export, scope, npu_print
2026-03-19T04:16:40.2538866Z (Worker pid=3324) (Worker_DP1_TP3_EP11 pid=3324) /usr/local/python3.11.14/lib/python3.11/site-packages/torch_npu/dynamo/torchair/configs/compiler_config.py:106: UserWarning: The following torchair config or properties may not take effect or report error in reduce-overhead mode: config.experimental_config.enable_view_optimize:True, set_dim_gears, dynamo_export, scope, npu_print
2026-03-19T04:16:40.2551913Z (Worker pid=1381) (Worker_DP1_TP0_EP8 pid=1381) /usr/local/python3.11.14/lib/python3.11/site-packages/torch_npu/dynamo/torchair/configs/compiler_config.py:106: UserWarning: The following torchair config or properties may not take effect or report error in reduce-overhead mode: config.experimental_config.enable_view_optimize:True, set_dim_gears, dynamo_export, scope, npu_print
2026-03-19T04:16:40.2562530Z (Worker pid=2198) (Worker_DP1_TP1_EP9 pid=2198) /usr/local/python3.11.14/lib/python3.11/site-packages/torch_npu/dynamo/torchair/configs/compiler_config.py:106: UserWarning: The following torchair config or properties may not take effect or report error in reduce-overhead mode: config.experimental_config.enable_view_optimize:True, set_dim_gears, dynamo_export, scope, npu_print
2026-03-19T04:16:40.2573010Z (Worker pid=2195) (Worker_DP0_TP1_EP1 pid=2195) /usr/local/python3.11.14/lib/python3.11/site-packages/torch_npu/dynamo/torchair/configs/compiler_config.py:106: UserWarning: The following torchair config or properties may not take effect or report error in reduce-overhead mode: config.experimental_config.enable_view_optimize:True, set_dim_gears, dynamo_export, scope, npu_print
2026-03-19T04:16:40.2583027Z (Worker pid=5553) (Worker_DP0_TP7_EP7 pid=5553)   warnings.warn(
2026-03-19T04:16:40.2592805Z (Worker pid=4995) (Worker_DP0_TP6_EP6 pid=4995)   warnings.warn(
2026-03-19T04:16:40.2605073Z (Worker pid=3882) (Worker_DP1_TP4_EP12 pid=3882) /usr/local/python3.11.14/lib/python3.11/site-packages/torch_npu/dynamo/torchair/configs/compiler_config.py:106: UserWarning: The following torchair config or properties may not take effect or report error in reduce-overhead mode: config.experimental_config.enable_view_optimize:True, set_dim_gears, dynamo_export, scope, npu_print
2026-03-19T04:16:40.2615698Z (Worker pid=1380) (Worker_DP0_TP0_EP0 pid=1380) /usr/local/python3.11.14/lib/python3.11/site-packages/torch_npu/dynamo/torchair/configs/compiler_config.py:106: UserWarning: The following torchair config or properties may not take effect or report error in reduce-overhead mode: config.experimental_config.enable_view_optimize:True, set_dim_gears, dynamo_export, scope, npu_print
2026-03-19T04:16:40.2625416Z (Worker pid=3324) (Worker_DP1_TP3_EP11 pid=3324)   warnings.warn(
2026-03-19T04:16:40.2634203Z (Worker pid=2195) (Worker_DP0_TP1_EP1 pid=2195)   warnings.warn(
2026-03-19T04:16:40.2643755Z (Worker pid=1381) (Worker_DP1_TP0_EP8 pid=1381)   warnings.warn(
2026-03-19T04:16:40.2654449Z (Worker pid=2198) (Worker_DP1_TP1_EP9 pid=2198)   warnings.warn(
2026-03-19T04:16:40.2666237Z (Worker pid=4440) (Worker_DP1_TP5_EP13 pid=4440) /usr/local/python3.11.14/lib/python3.11/site-packages/torch_npu/dynamo/torchair/configs/compiler_config.py:106: UserWarning: The following torchair config or properties may not take effect or report error in reduce-overhead mode: config.experimental_config.enable_view_optimize:True, set_dim_gears, dynamo_export, scope, npu_print
2026-03-19T04:16:40.2674671Z (Worker pid=3882) (Worker_DP1_TP4_EP12 pid=3882)   warnings.warn(
2026-03-19T04:16:40.2683841Z (Worker pid=1380) (Worker_DP0_TP0_EP0 pid=1380)   warnings.warn(
2026-03-19T04:16:40.2695927Z (Worker pid=3321) (Worker_DP0_TP3_EP3 pid=3321) /usr/local/python3.11.14/lib/python3.11/site-packages/torch_npu/dynamo/torchair/configs/compiler_config.py:106: UserWarning: The following torchair config or properties may not take effect or report error in reduce-overhead mode: config.experimental_config.enable_view_optimize:True, set_dim_gears, dynamo_export, scope, npu_print
2026-03-19T04:16:40.2705163Z (Worker pid=4440) (Worker_DP1_TP5_EP13 pid=4440)   warnings.warn(
2026-03-19T04:16:40.2717421Z (Worker pid=4998) (Worker_DP1_TP6_EP14 pid=4998) /usr/local/python3.11.14/lib/python3.11/site-packages/torch_npu/dynamo/torchair/configs/compiler_config.py:106: UserWarning: The following torchair config or properties may not take effect or report error in reduce-overhead mode: config.experimental_config.enable_view_optimize:True, set_dim_gears, dynamo_export, scope, npu_print
2026-03-19T04:16:40.2728019Z (Worker pid=5620) (Worker_DP1_TP7_EP15 pid=5620) /usr/local/python3.11.14/lib/python3.11/site-packages/torch_npu/dynamo/torchair/configs/compiler_config.py:106: UserWarning: The following torchair config or properties may not take effect or report error in reduce-overhead mode: config.experimental_config.enable_view_optimize:True, set_dim_gears, dynamo_export, scope, npu_print
2026-03-19T04:16:40.2736616Z (Worker pid=3321) (Worker_DP0_TP3_EP3 pid=3321)   warnings.warn(
2026-03-19T04:16:40.2749639Z (Worker pid=2766) (Worker_DP1_TP2_EP10 pid=2766) /usr/local/python3.11.14/lib/python3.11/site-packages/torch_npu/dynamo/torchair/configs/compiler_config.py:106: UserWarning: The following torchair config or properties may not take effect or report error in reduce-overhead mode: config.experimental_config.enable_view_optimize:True, set_dim_gears, dynamo_export, scope, npu_print
2026-03-19T04:16:40.2758474Z (Worker pid=4998) (Worker_DP1_TP6_EP14 pid=4998)   warnings.warn(
2026-03-19T04:16:40.2767609Z (Worker pid=5620) (Worker_DP1_TP7_EP15 pid=5620)   warnings.warn(
2026-03-19T04:16:40.2780010Z (Worker pid=3879) (Worker_DP0_TP4_EP4 pid=3879) /usr/local/python3.11.14/lib/python3.11/site-packages/torch_npu/dynamo/torchair/configs/compiler_config.py:106: UserWarning: The following torchair config or properties may not take effect or report error in reduce-overhead mode: config.experimental_config.enable_view_optimize:True, set_dim_gears, dynamo_export, scope, npu_print
2026-03-19T04:16:40.2789218Z (Worker pid=2766) (Worker_DP1_TP2_EP10 pid=2766)   warnings.warn(
2026-03-19T04:16:40.2801565Z (Worker pid=4437) (Worker_DP0_TP5_EP5 pid=4437) /usr/local/python3.11.14/lib/python3.11/site-packages/torch_npu/dynamo/torchair/configs/compiler_config.py:106: UserWarning: The following torchair config or properties may not take effect or report error in reduce-overhead mode: config.experimental_config.enable_view_optimize:True, set_dim_gears, dynamo_export, scope, npu_print
2026-03-19T04:16:40.2810836Z (Worker pid=3879) (Worker_DP0_TP4_EP4 pid=3879)   warnings.warn(
2026-03-19T04:16:40.2821016Z (Worker pid=4437) (Worker_DP0_TP5_EP5 pid=4437)   warnings.warn(
2026-03-19T04:16:40.2833681Z (Worker pid=2763) (Worker_DP0_TP2_EP2 pid=2763) /usr/local/python3.11.14/lib/python3.11/site-packages/torch_npu/dynamo/torchair/configs/compiler_config.py:106: UserWarning: The following torchair config or properties may not take effect or report error in reduce-overhead mode: config.experimental_config.enable_view_optimize:True, set_dim_gears, dynamo_export, scope, npu_print
2026-03-19T04:16:40.2841664Z (Worker pid=2763) (Worker_DP0_TP2_EP2 pid=2763)   warnings.warn(
2026-03-19T04:16:40.5729633Z (Worker pid=4995) (Worker_DP0_TP6_EP6 pid=4995) /usr/local/python3.11.14/lib/python3.11/site-packages/torch_npu/dynamo/torchair/configs/compiler_config.py:106: UserWarning: The following torchair config or properties may not take effect or report error in reduce-overhead mode: config.experimental_config.enable_view_optimize:True, set_dim_gears, dynamo_export, scope, npu_print
2026-03-19T04:16:40.5743283Z (Worker pid=2195) (Worker_DP0_TP1_EP1 pid=2195) /usr/local/python3.11.14/lib/python3.11/site-packages/torch_npu/dynamo/torchair/configs/compiler_config.py:106: UserWarning: The following torchair config or properties may not take effect or report error in reduce-overhead mode: config.experimental_config.enable_view_optimize:True, set_dim_gears, dynamo_export, scope, npu_print
2026-03-19T04:16:40.5754874Z (Worker pid=3879) (Worker_DP0_TP4_EP4 pid=3879) /usr/local/python3.11.14/lib/python3.11/site-packages/torch_npu/dynamo/torchair/configs/compiler_config.py:106: UserWarning: The following torchair config or properties may not take effect or report error in reduce-overhead mode: config.experimental_config.enable_view_optimize:True, set_dim_gears, dynamo_export, scope, npu_print
2026-03-19T04:16:40.5766465Z (Worker pid=4437) (Worker_DP0_TP5_EP5 pid=4437) /usr/local/python3.11.14/lib/python3.11/site-packages/torch_npu/dynamo/torchair/configs/compiler_config.py:106: UserWarning: The following torchair config or properties may not take effect or report error in reduce-overhead mode: config.experimental_config.enable_view_optimize:True, set_dim_gears, dynamo_export, scope, npu_print
2026-03-19T04:16:40.5778839Z (Worker pid=2198) (Worker_DP1_TP1_EP9 pid=2198) /usr/local/python3.11.14/lib/python3.11/site-packages/torch_npu/dynamo/torchair/configs/compiler_config.py:106: UserWarning: The following torchair config or properties may not take effect or report error in reduce-overhead mode: config.experimental_config.enable_view_optimize:True, set_dim_gears, dynamo_export, scope, npu_print
2026-03-19T04:16:40.5786855Z (Worker pid=4995) (Worker_DP0_TP6_EP6 pid=4995)   warnings.warn(
2026-03-19T04:16:40.5798846Z (Worker pid=1380) (Worker_DP0_TP0_EP0 pid=1380) /usr/local/python3.11.14/lib/python3.11/site-packages/torch_npu/dynamo/torchair/configs/compiler_config.py:106: UserWarning: The following torchair config or properties may not take effect or report error in reduce-overhead mode: config.experimental_config.enable_view_optimize:True, set_dim_gears, dynamo_export, scope, npu_print
2026-03-19T04:16:40.5809413Z (Worker pid=1381) (Worker_DP1_TP0_EP8 pid=1381) /usr/local/python3.11.14/lib/python3.11/site-packages/torch_npu/dynamo/torchair/configs/compiler_config.py:106: UserWarning: The following torchair config or properties may not take effect or report error in reduce-overhead mode: config.experimental_config.enable_view_optimize:True, set_dim_gears, dynamo_export, scope, npu_print
2026-03-19T04:16:40.5818622Z (Worker pid=2195) (Worker_DP0_TP1_EP1 pid=2195)   warnings.warn(
2026-03-19T04:16:40.5829595Z (Worker pid=3879) (Worker_DP0_TP4_EP4 pid=3879)   warnings.warn(
2026-03-19T04:16:40.5840153Z (Worker pid=4437) (Worker_DP0_TP5_EP5 pid=4437)   warnings.warn(
2026-03-19T04:16:40.5849325Z (Worker pid=1380) (Worker_DP0_TP0_EP0 pid=1380)   warnings.warn(
2026-03-19T04:16:40.5858992Z (Worker pid=2198) (Worker_DP1_TP1_EP9 pid=2198)   warnings.warn(
2026-03-19T04:16:40.5871468Z (Worker pid=2766) (Worker_DP1_TP2_EP10 pid=2766) /usr/local/python3.11.14/lib/python3.11/site-packages/torch_npu/dynamo/torchair/configs/compiler_config.py:106: UserWarning: The following torchair config or properties may not take effect or report error in reduce-overhead mode: config.experimental_config.enable_view_optimize:True, set_dim_gears, dynamo_export, scope, npu_print
2026-03-19T04:16:40.5881995Z (Worker pid=3321) (Worker_DP0_TP3_EP3 pid=3321) /usr/local/python3.11.14/lib/python3.11/site-packages/torch_npu/dynamo/torchair/configs/compiler_config.py:106: UserWarning: The following torchair config or properties may not take effect or report error in reduce-overhead mode: config.experimental_config.enable_view_optimize:True, set_dim_gears, dynamo_export, scope, npu_print
2026-03-19T04:16:40.5890393Z (Worker pid=1381) (Worker_DP1_TP0_EP8 pid=1381)   warnings.warn(
2026-03-19T04:16:40.5903607Z (Worker pid=2763) (Worker_DP0_TP2_EP2 pid=2763) /usr/local/python3.11.14/lib/python3.11/site-packages/torch_npu/dynamo/torchair/configs/compiler_config.py:106: UserWarning: The following torchair config or properties may not take effect or report error in reduce-overhead mode: config.experimental_config.enable_view_optimize:True, set_dim_gears, dynamo_export, scope, npu_print
2026-03-19T04:16:40.5914619Z (Worker pid=3882) (Worker_DP1_TP4_EP12 pid=3882) /usr/local/python3.11.14/lib/python3.11/site-packages/torch_npu/dynamo/torchair/configs/compiler_config.py:106: UserWarning: The following torchair config or properties may not take effect or report error in reduce-overhead mode: config.experimental_config.enable_view_optimize:True, set_dim_gears, dynamo_export, scope, npu_print
2026-03-19T04:16:40.5925089Z (Worker pid=4998) (Worker_DP1_TP6_EP14 pid=4998) /usr/local/python3.11.14/lib/python3.11/site-packages/torch_npu/dynamo/torchair/configs/compiler_config.py:106: UserWarning: The following torchair config or properties may not take effect or report error in reduce-overhead mode: config.experimental_config.enable_view_optimize:True, set_dim_gears, dynamo_export, scope, npu_print
2026-03-19T04:16:40.5936425Z (Worker pid=4440) (Worker_DP1_TP5_EP13 pid=4440) /usr/local/python3.11.14/lib/python3.11/site-packages/torch_npu/dynamo/torchair/configs/compiler_config.py:106: UserWarning: The following torchair config or properties may not take effect or report error in reduce-overhead mode: config.experimental_config.enable_view_optimize:True, set_dim_gears, dynamo_export, scope, npu_print
2026-03-19T04:16:40.5948221Z (Worker pid=5620) (Worker_DP1_TP7_EP15 pid=5620) /usr/local/python3.11.14/lib/python3.11/site-packages/torch_npu/dynamo/torchair/configs/compiler_config.py:106: UserWarning: The following torchair config or properties may not take effect or report error in reduce-overhead mode: config.experimental_config.enable_view_optimize:True, set_dim_gears, dynamo_export, scope, npu_print
2026-03-19T04:16:40.5958443Z (Worker pid=5553) (Worker_DP0_TP7_EP7 pid=5553) /usr/local/python3.11.14/lib/python3.11/site-packages/torch_npu/dynamo/torchair/configs/compiler_config.py:106: UserWarning: The following torchair config or properties may not take effect or report error in reduce-overhead mode: config.experimental_config.enable_view_optimize:True, set_dim_gears, dynamo_export, scope, npu_print
2026-03-19T04:16:40.5967148Z (Worker pid=2766) (Worker_DP1_TP2_EP10 pid=2766)   warnings.warn(
2026-03-19T04:16:40.5976880Z (Worker pid=3321) (Worker_DP0_TP3_EP3 pid=3321)   warnings.warn(
2026-03-19T04:16:40.5990142Z (Worker pid=3324) (Worker_DP1_TP3_EP11 pid=3324) /usr/local/python3.11.14/lib/python3.11/site-packages/torch_npu/dynamo/torchair/configs/compiler_config.py:106: UserWarning: The following torchair config or properties may not take effect or report error in reduce-overhead mode: config.experimental_config.enable_view_optimize:True, set_dim_gears, dynamo_export, scope, npu_print
2026-03-19T04:16:40.5998729Z (Worker pid=2763) (Worker_DP0_TP2_EP2 pid=2763)   warnings.warn(
2026-03-19T04:16:40.6008263Z (Worker pid=3882) (Worker_DP1_TP4_EP12 pid=3882)   warnings.warn(
2026-03-19T04:16:40.6019189Z (Worker pid=4998) (Worker_DP1_TP6_EP14 pid=4998)   warnings.warn(
2026-03-19T04:16:40.6029687Z (Worker pid=4440) (Worker_DP1_TP5_EP13 pid=4440)   warnings.warn(
2026-03-19T04:16:40.6039077Z (Worker pid=5620) (Worker_DP1_TP7_EP15 pid=5620)   warnings.warn(
2026-03-19T04:16:40.6050011Z (Worker pid=5553) (Worker_DP0_TP7_EP7 pid=5553)   warnings.warn(
2026-03-19T04:16:40.6061415Z (Worker pid=3324) (Worker_DP1_TP3_EP11 pid=3324)   warnings.warn(
2026-03-19T04:16:40.8963243Z (Worker pid=4437) (Worker_DP0_TP5_EP5 pid=4437) /usr/local/python3.11.14/lib/python3.11/site-packages/torch_npu/dynamo/torchair/configs/compiler_config.py:106: UserWarning: The following torchair config or properties may not take effect or report error in reduce-overhead mode: config.experimental_config.enable_view_optimize:True, set_dim_gears, dynamo_export, scope, npu_print
2026-03-19T04:16:40.9018154Z (Worker pid=4995) (Worker_DP0_TP6_EP6 pid=4995) /usr/local/python3.11.14/lib/python3.11/site-packages/torch_npu/dynamo/torchair/configs/compiler_config.py:106: UserWarning: The following torchair config or properties may not take effect or report error in reduce-overhead mode: config.experimental_config.enable_view_optimize:True, set_dim_gears, dynamo_export, scope, npu_print
2026-03-19T04:16:40.9020883Z (Worker pid=2198) (Worker_DP1_TP1_EP9 pid=2198) /usr/local/python3.11.14/lib/python3.11/site-packages/torch_npu/dynamo/torchair/configs/compiler_config.py:106: UserWarning: The following torchair config or properties may not take effect or report error in reduce-overhead mode: config.experimental_config.enable_view_optimize:True, set_dim_gears, dynamo_export, scope, npu_print
2026-03-19T04:16:40.9023408Z (Worker pid=5553) (Worker_DP0_TP7_EP7 pid=5553) /usr/local/python3.11.14/lib/python3.11/site-packages/torch_npu/dynamo/torchair/configs/compiler_config.py:106: UserWarning: The following torchair config or properties may not take effect or report error in reduce-overhead mode: config.experimental_config.enable_view_optimize:True, set_dim_gears, dynamo_export, scope, npu_print
2026-03-19T04:16:40.9026157Z (Worker pid=2195) (Worker_DP0_TP1_EP1 pid=2195) /usr/local/python3.11.14/lib/python3.11/site-packages/torch_npu/dynamo/torchair/configs/compiler_config.py:106: UserWarning: The following torchair config or properties may not take effect or report error in reduce-overhead mode: config.experimental_config.enable_view_optimize:True, set_dim_gears, dynamo_export, scope, npu_print
2026-03-19T04:16:40.9028952Z (Worker pid=1380) (Worker_DP0_TP0_EP0 pid=1380) /usr/local/python3.11.14/lib/python3.11/site-packages/torch_npu/dynamo/torchair/configs/compiler_config.py:106: UserWarning: The following torchair config or properties may not take effect or report error in reduce-overhead mode: config.experimental_config.enable_view_optimize:True, set_dim_gears, dynamo_export, scope, npu_print
2026-03-19T04:16:40.9031882Z (Worker pid=3321) (Worker_DP0_TP3_EP3 pid=3321) /usr/local/python3.11.14/lib/python3.11/site-packages/torch_npu/dynamo/torchair/configs/compiler_config.py:106: UserWarning: The following torchair config or properties may not take effect or report error in reduce-overhead mode: config.experimental_config.enable_view_optimize:True, set_dim_gears, dynamo_export, scope, npu_print
2026-03-19T04:16:40.9043746Z (Worker pid=2763) (Worker_DP0_TP2_EP2 pid=2763) /usr/local/python3.11.14/lib/python3.11/site-packages/torch_npu/dynamo/torchair/configs/compiler_config.py:106: UserWarning: The following torchair config or properties may not take effect or report error in reduce-overhead mode: config.experimental_config.enable_view_optimize:True, set_dim_gears, dynamo_export, scope, npu_print
2026-03-19T04:16:40.9054187Z (Worker pid=3879) (Worker_DP0_TP4_EP4 pid=3879) /usr/local/python3.11.14/lib/python3.11/site-packages/torch_npu/dynamo/torchair/configs/compiler_config.py:106: UserWarning: The following torchair config or properties may not take effect or report error in reduce-overhead mode: config.experimental_config.enable_view_optimize:True, set_dim_gears, dynamo_export, scope, npu_print
2026-03-19T04:16:40.9063401Z (Worker pid=4437) (Worker_DP0_TP5_EP5 pid=4437)   warnings.warn(
2026-03-19T04:16:40.9073447Z (Worker pid=2195) (Worker_DP0_TP1_EP1 pid=2195)   warnings.warn(
2026-03-19T04:16:40.9085501Z (Worker pid=3324) (Worker_DP1_TP3_EP11 pid=3324) /usr/local/python3.11.14/lib/python3.11/site-packages/torch_npu/dynamo/torchair/configs/compiler_config.py:106: UserWarning: The following torchair config or properties may not take effect or report error in reduce-overhead mode: config.experimental_config.enable_view_optimize:True, set_dim_gears, dynamo_export, scope, npu_print
2026-03-19T04:16:40.9094626Z (Worker pid=4995) (Worker_DP0_TP6_EP6 pid=4995)   warnings.warn(
2026-03-19T04:16:40.9106841Z (Worker pid=4998) (Worker_DP1_TP6_EP14 pid=4998) /usr/local/python3.11.14/lib/python3.11/site-packages/torch_npu/dynamo/torchair/configs/compiler_config.py:106: UserWarning: The following torchair config or properties may not take effect or report error in reduce-overhead mode: config.experimental_config.enable_view_optimize:True, set_dim_gears, dynamo_export, scope, npu_print
2026-03-19T04:16:40.9115910Z (Worker pid=2198) (Worker_DP1_TP1_EP9 pid=2198)   warnings.warn(
2026-03-19T04:16:40.9125348Z (Worker pid=5553) (Worker_DP0_TP7_EP7 pid=5553)   warnings.warn(
2026-03-19T04:16:40.9175938Z (Worker pid=1380) (Worker_DP0_TP0_EP0 pid=1380)   warnings.warn(
2026-03-19T04:16:40.9177578Z (Worker pid=5620) (Worker_DP1_TP7_EP15 pid=5620) /usr/local/python3.11.14/lib/python3.11/site-packages/torch_npu/dynamo/torchair/configs/compiler_config.py:106: UserWarning: The following torchair config or properties may not take effect or report error in reduce-overhead mode: config.experimental_config.enable_view_optimize:True, set_dim_gears, dynamo_export, scope, npu_print
2026-03-19T04:16:40.9180407Z (Worker pid=3882) (Worker_DP1_TP4_EP12 pid=3882) /usr/local/python3.11.14/lib/python3.11/site-packages/torch_npu/dynamo/torchair/configs/compiler_config.py:106: UserWarning: The following torchair config or properties may not take effect or report error in reduce-overhead mode: config.experimental_config.enable_view_optimize:True, set_dim_gears, dynamo_export, scope, npu_print
2026-03-19T04:16:40.9181868Z (Worker pid=4998) (Worker_DP1_TP6_EP14 pid=4998)   warnings.warn(
2026-03-19T04:16:40.9182270Z (Worker pid=3321) (Worker_DP0_TP3_EP3 pid=3321)   warnings.warn(
2026-03-19T04:16:40.9187787Z (Worker pid=2763) (Worker_DP0_TP2_EP2 pid=2763)   warnings.warn(
2026-03-19T04:16:40.9199631Z (Worker pid=3879) (Worker_DP0_TP4_EP4 pid=3879)   warnings.warn(
2026-03-19T04:16:40.9212495Z (Worker pid=4440) (Worker_DP1_TP5_EP13 pid=4440) /usr/local/python3.11.14/lib/python3.11/site-packages/torch_npu/dynamo/torchair/configs/compiler_config.py:106: UserWarning: The following torchair config or properties may not take effect or report error in reduce-overhead mode: config.experimental_config.enable_view_optimize:True, set_dim_gears, dynamo_export, scope, npu_print
2026-03-19T04:16:40.9220680Z (Worker pid=3324) (Worker_DP1_TP3_EP11 pid=3324)   warnings.warn(
2026-03-19T04:16:40.9230810Z (Worker pid=5620) (Worker_DP1_TP7_EP15 pid=5620)   warnings.warn(
2026-03-19T04:16:40.9243169Z (Worker pid=1381) (Worker_DP1_TP0_EP8 pid=1381) /usr/local/python3.11.14/lib/python3.11/site-packages/torch_npu/dynamo/torchair/configs/compiler_config.py:106: UserWarning: The following torchair config or properties may not take effect or report error in reduce-overhead mode: config.experimental_config.enable_view_optimize:True, set_dim_gears, dynamo_export, scope, npu_print
2026-03-19T04:16:40.9251639Z (Worker pid=3882) (Worker_DP1_TP4_EP12 pid=3882)   warnings.warn(
2026-03-19T04:16:40.9261056Z (Worker pid=4440) (Worker_DP1_TP5_EP13 pid=4440)   warnings.warn(
2026-03-19T04:16:40.9272191Z (Worker pid=1381) (Worker_DP1_TP0_EP8 pid=1381)   warnings.warn(
2026-03-19T04:16:40.9283679Z (Worker pid=2766) (Worker_DP1_TP2_EP10 pid=2766) /usr/local/python3.11.14/lib/python3.11/site-packages/torch_npu/dynamo/torchair/configs/compiler_config.py:106: UserWarning: The following torchair config or properties may not take effect or report error in reduce-overhead mode: config.experimental_config.enable_view_optimize:True, set_dim_gears, dynamo_export, scope, npu_print
2026-03-19T04:16:40.9291837Z (Worker pid=2766) (Worker_DP1_TP2_EP10 pid=2766)   warnings.warn(
2026-03-19T04:16:41.2195552Z (Worker pid=4437) (Worker_DP0_TP5_EP5 pid=4437) /usr/local/python3.11.14/lib/python3.11/site-packages/torch_npu/dynamo/torchair/configs/compiler_config.py:106: UserWarning: The following torchair config or properties may not take effect or report error in reduce-overhead mode: config.experimental_config.enable_view_optimize:True, set_dim_gears, dynamo_export, scope, npu_print
2026-03-19T04:16:41.2205730Z (Worker pid=5553) (Worker_DP0_TP7_EP7 pid=5553) /usr/local/python3.11.14/lib/python3.11/site-packages/torch_npu/dynamo/torchair/configs/compiler_config.py:106: UserWarning: The following torchair config or properties may not take effect or report error in reduce-overhead mode: config.experimental_config.enable_view_optimize:True, set_dim_gears, dynamo_export, scope, npu_print
2026-03-19T04:16:41.2218561Z (Worker pid=4995) (Worker_DP0_TP6_EP6 pid=4995) /usr/local/python3.11.14/lib/python3.11/site-packages/torch_npu/dynamo/torchair/configs/compiler_config.py:106: UserWarning: The following torchair config or properties may not take effect or report error in reduce-overhead mode: config.experimental_config.enable_view_optimize:True, set_dim_gears, dynamo_export, scope, npu_print
2026-03-19T04:16:41.2227040Z (Worker pid=3321) (Worker_DP0_TP3_EP3 pid=3321) /usr/local/python3.11.14/lib/python3.11/site-packages/torch_npu/dynamo/torchair/configs/compiler_config.py:106: UserWarning: The following torchair config or properties may not take effect or report error in reduce-overhead mode: config.experimental_config.enable_view_optimize:True, set_dim_gears, dynamo_export, scope, npu_print
2026-03-19T04:16:41.2238375Z (Worker pid=3879) (Worker_DP0_TP4_EP4 pid=3879) /usr/local/python3.11.14/lib/python3.11/site-packages/torch_npu/dynamo/torchair/configs/compiler_config.py:106: UserWarning: The following torchair config or properties may not take effect or report error in reduce-overhead mode: config.experimental_config.enable_view_optimize:True, set_dim_gears, dynamo_export, scope, npu_print
2026-03-19T04:16:41.2246720Z (Worker pid=4437) (Worker_DP0_TP5_EP5 pid=4437)   warnings.warn(
2026-03-19T04:16:41.2259252Z (Worker pid=2195) (Worker_DP0_TP1_EP1 pid=2195) /usr/local/python3.11.14/lib/python3.11/site-packages/torch_npu/dynamo/torchair/configs/compiler_config.py:106: UserWarning: The following torchair config or properties may not take effect or report error in reduce-overhead mode: config.experimental_config.enable_view_optimize:True, set_dim_gears, dynamo_export, scope, npu_print
2026-03-19T04:16:41.2270467Z (Worker pid=1380) (Worker_DP0_TP0_EP0 pid=1380) /usr/local/python3.11.14/lib/python3.11/site-packages/torch_npu/dynamo/torchair/configs/compiler_config.py:106: UserWarning: The following torchair config or properties may not take effect or report error in reduce-overhead mode: config.experimental_config.enable_view_optimize:True, set_dim_gears, dynamo_export, scope, npu_print
2026-03-19T04:16:41.2280723Z (Worker pid=2763) (Worker_DP0_TP2_EP2 pid=2763) /usr/local/python3.11.14/lib/python3.11/site-packages/torch_npu/dynamo/torchair/configs/compiler_config.py:106: UserWarning: The following torchair config or properties may not take effect or report error in reduce-overhead mode: config.experimental_config.enable_view_optimize:True, set_dim_gears, dynamo_export, scope, npu_print
2026-03-19T04:16:41.2289810Z (Worker pid=4995) (Worker_DP0_TP6_EP6 pid=4995)   warnings.warn(
2026-03-19T04:16:41.2298936Z (Worker pid=5553) (Worker_DP0_TP7_EP7 pid=5553)   warnings.warn(
2026-03-19T04:16:41.2308939Z (Worker pid=3321) (Worker_DP0_TP3_EP3 pid=3321)   warnings.warn(
2026-03-19T04:16:41.2320551Z (Worker pid=1381) (Worker_DP1_TP0_EP8 pid=1381) /usr/local/python3.11.14/lib/python3.11/site-packages/torch_npu/dynamo/torchair/configs/compiler_config.py:106: UserWarning: The following torchair config or properties may not take effect or report error in reduce-overhead mode: config.experimental_config.enable_view_optimize:True, set_dim_gears, dynamo_export, scope, npu_print
2026-03-19T04:16:41.2329733Z (Worker pid=2763) (Worker_DP0_TP2_EP2 pid=2763)   warnings.warn(
2026-03-19T04:16:41.2339115Z (Worker pid=3879) (Worker_DP0_TP4_EP4 pid=3879)   warnings.warn(
2026-03-19T04:16:41.2352147Z (Worker pid=3882) (Worker_DP1_TP4_EP12 pid=3882) /usr/local/python3.11.14/lib/python3.11/site-packages/torch_npu/dynamo/torchair/configs/compiler_config.py:106: UserWarning: The following torchair config or properties may not take effect or report error in reduce-overhead mode: config.experimental_config.enable_view_optimize:True, set_dim_gears, dynamo_export, scope, npu_print
2026-03-19T04:16:41.2362303Z (Worker pid=2766) (Worker_DP1_TP2_EP10 pid=2766) /usr/local/python3.11.14/lib/python3.11/site-packages/torch_npu/dynamo/torchair/configs/compiler_config.py:106: UserWarning: The following torchair config or properties may not take effect or report error in reduce-overhead mode: config.experimental_config.enable_view_optimize:True, set_dim_gears, dynamo_export, scope, npu_print
2026-03-19T04:16:41.2372411Z (Worker pid=2198) (Worker_DP1_TP1_EP9 pid=2198) /usr/local/python3.11.14/lib/python3.11/site-packages/torch_npu/dynamo/torchair/configs/compiler_config.py:106: UserWarning: The following torchair config or properties may not take effect or report error in reduce-overhead mode: config.experimental_config.enable_view_optimize:True, set_dim_gears, dynamo_export, scope, npu_print
2026-03-19T04:16:41.2381709Z (Worker pid=2195) (Worker_DP0_TP1_EP1 pid=2195)   warnings.warn(
2026-03-19T04:16:41.2391450Z (Worker pid=1380) (Worker_DP0_TP0_EP0 pid=1380)   warnings.warn(
2026-03-19T04:16:41.2403759Z (Worker pid=3324) (Worker_DP1_TP3_EP11 pid=3324) /usr/local/python3.11.14/lib/python3.11/site-packages/torch_npu/dynamo/torchair/configs/compiler_config.py:106: UserWarning: The following torchair config or properties may not take effect or report error in reduce-overhead mode: config.experimental_config.enable_view_optimize:True, set_dim_gears, dynamo_export, scope, npu_print
2026-03-19T04:16:41.2416547Z (Worker pid=4440) (Worker_DP1_TP5_EP13 pid=4440) /usr/local/python3.11.14/lib/python3.11/site-packages/torch_npu/dynamo/torchair/configs/compiler_config.py:106: UserWarning: The following torchair config or properties may not take effect or report error in reduce-overhead mode: config.experimental_config.enable_view_optimize:True, set_dim_gears, dynamo_export, scope, npu_print
2026-03-19T04:16:41.2425279Z (Worker pid=1381) (Worker_DP1_TP0_EP8 pid=1381)   warnings.warn(
2026-03-19T04:16:41.2437197Z (Worker pid=4998) (Worker_DP1_TP6_EP14 pid=4998) /usr/local/python3.11.14/lib/python3.11/site-packages/torch_npu/dynamo/torchair/configs/compiler_config.py:106: UserWarning: The following torchair config or properties may not take effect or report error in reduce-overhead mode: config.experimental_config.enable_view_optimize:True, set_dim_gears, dynamo_export, scope, npu_print
2026-03-19T04:16:41.2445181Z (Worker pid=3324) (Worker_DP1_TP3_EP11 pid=3324)   warnings.warn(
2026-03-19T04:16:41.2457556Z (Worker pid=5620) (Worker_DP1_TP7_EP15 pid=5620) /usr/local/python3.11.14/lib/python3.11/site-packages/torch_npu/dynamo/torchair/configs/compiler_config.py:106: UserWarning: The following torchair config or properties may not take effect or report error in reduce-overhead mode: config.experimental_config.enable_view_optimize:True, set_dim_gears, dynamo_export, scope, npu_print
2026-03-19T04:16:41.2466025Z (Worker pid=3882) (Worker_DP1_TP4_EP12 pid=3882)   warnings.warn(
2026-03-19T04:16:41.2476446Z (Worker pid=2766) (Worker_DP1_TP2_EP10 pid=2766)   warnings.warn(
2026-03-19T04:16:41.2524253Z (Worker pid=2198) (Worker_DP1_TP1_EP9 pid=2198)   warnings.warn(
2026-03-19T04:16:41.2540695Z (Worker pid=4998) (Worker_DP1_TP6_EP14 pid=4998)   warnings.warn(
2026-03-19T04:16:41.2544530Z (Worker pid=4440) (Worker_DP1_TP5_EP13 pid=4440)   warnings.warn(
2026-03-19T04:16:41.2556141Z (Worker pid=5620) (Worker_DP1_TP7_EP15 pid=5620)   warnings.warn(
2026-03-19T04:16:41.5431605Z (Worker pid=4995) (Worker_DP0_TP6_EP6 pid=4995) /usr/local/python3.11.14/lib/python3.11/site-packages/torch_npu/dynamo/torchair/configs/compiler_config.py:106: UserWarning: The following torchair config or properties may not take effect or report error in reduce-overhead mode: config.experimental_config.enable_view_optimize:True, set_dim_gears, dynamo_export, scope, npu_print
2026-03-19T04:16:41.5444685Z (Worker pid=4437) (Worker_DP0_TP5_EP5 pid=4437) /usr/local/python3.11.14/lib/python3.11/site-packages/torch_npu/dynamo/torchair/configs/compiler_config.py:106: UserWarning: The following torchair config or properties may not take effect or report error in reduce-overhead mode: config.experimental_config.enable_view_optimize:True, set_dim_gears, dynamo_export, scope, npu_print
2026-03-19T04:16:41.5456654Z (Worker pid=5553) (Worker_DP0_TP7_EP7 pid=5553) /usr/local/python3.11.14/lib/python3.11/site-packages/torch_npu/dynamo/torchair/configs/compiler_config.py:106: UserWarning: The following torchair config or properties may not take effect or report error in reduce-overhead mode: config.experimental_config.enable_view_optimize:True, set_dim_gears, dynamo_export, scope, npu_print
2026-03-19T04:16:41.5468581Z (Worker pid=3879) (Worker_DP0_TP4_EP4 pid=3879) /usr/local/python3.11.14/lib/python3.11/site-packages/torch_npu/dynamo/torchair/configs/compiler_config.py:106: UserWarning: The following torchair config or properties may not take effect or report error in reduce-overhead mode: config.experimental_config.enable_view_optimize:True, set_dim_gears, dynamo_export, scope, npu_print
2026-03-19T04:16:41.5478692Z (Worker pid=4995) (Worker_DP0_TP6_EP6 pid=4995)   warnings.warn(
2026-03-19T04:16:41.5489247Z (Worker pid=4437) (Worker_DP0_TP5_EP5 pid=4437)   warnings.warn(
2026-03-19T04:16:41.5501880Z (Worker pid=3321) (Worker_DP0_TP3_EP3 pid=3321) /usr/local/python3.11.14/lib/python3.11/site-packages/torch_npu/dynamo/torchair/configs/compiler_config.py:106: UserWarning: The following torchair config or properties may not take effect or report error in reduce-overhead mode: config.experimental_config.enable_view_optimize:True, set_dim_gears, dynamo_export, scope, npu_print
2026-03-19T04:16:41.5512639Z (Worker pid=2763) (Worker_DP0_TP2_EP2 pid=2763) /usr/local/python3.11.14/lib/python3.11/site-packages/torch_npu/dynamo/torchair/configs/compiler_config.py:106: UserWarning: The following torchair config or properties may not take effect or report error in reduce-overhead mode: config.experimental_config.enable_view_optimize:True, set_dim_gears, dynamo_export, scope, npu_print
2026-03-19T04:16:41.5521583Z (Worker pid=3879) (Worker_DP0_TP4_EP4 pid=3879)   warnings.warn(
2026-03-19T04:16:41.5531430Z (Worker pid=5553) (Worker_DP0_TP7_EP7 pid=5553)   warnings.warn(
2026-03-19T04:16:41.5543995Z (Worker pid=1380) (Worker_DP0_TP0_EP0 pid=1380) /usr/local/python3.11.14/lib/python3.11/site-packages/torch_npu/dynamo/torchair/configs/compiler_config.py:106: UserWarning: The following torchair config or properties may not take effect or report error in reduce-overhead mode: config.experimental_config.enable_view_optimize:True, set_dim_gears, dynamo_export, scope, npu_print
2026-03-19T04:16:41.5554355Z (Worker pid=2195) (Worker_DP0_TP1_EP1 pid=2195) /usr/local/python3.11.14/lib/python3.11/site-packages/torch_npu/dynamo/torchair/configs/compiler_config.py:106: UserWarning: The following torchair config or properties may not take effect or report error in reduce-overhead mode: config.experimental_config.enable_view_optimize:True, set_dim_gears, dynamo_export, scope, npu_print
2026-03-19T04:16:41.5562592Z (Worker pid=2763) (Worker_DP0_TP2_EP2 pid=2763)   warnings.warn(
2026-03-19T04:16:41.5572988Z (Worker pid=3321) (Worker_DP0_TP3_EP3 pid=3321)   warnings.warn(
2026-03-19T04:16:41.5584839Z (Worker pid=2198) (Worker_DP1_TP1_EP9 pid=2198) /usr/local/python3.11.14/lib/python3.11/site-packages/torch_npu/dynamo/torchair/configs/compiler_config.py:106: UserWarning: The following torchair config or properties may not take effect or report error in reduce-overhead mode: config.experimental_config.enable_view_optimize:True, set_dim_gears, dynamo_export, scope, npu_print
2026-03-19T04:16:41.5595989Z (Worker pid=2766) (Worker_DP1_TP2_EP10 pid=2766) /usr/local/python3.11.14/lib/python3.11/site-packages/torch_npu/dynamo/torchair/configs/compiler_config.py:106: UserWarning: The following torchair config or properties may not take effect or report error in reduce-overhead mode: config.experimental_config.enable_view_optimize:True, set_dim_gears, dynamo_export, scope, npu_print
2026-03-19T04:16:41.5604503Z (Worker pid=2195) (Worker_DP0_TP1_EP1 pid=2195)   warnings.warn(
2026-03-19T04:16:41.5658840Z (Worker pid=1380) (Worker_DP0_TP0_EP0 pid=1380)   warnings.warn(
2026-03-19T04:16:41.5660443Z (Worker pid=3882) (Worker_DP1_TP4_EP12 pid=3882) /usr/local/python3.11.14/lib/python3.11/site-packages/torch_npu/dynamo/torchair/configs/compiler_config.py:106: UserWarning: The following torchair config or properties may not take effect or report error in reduce-overhead mode: config.experimental_config.enable_view_optimize:True, set_dim_gears, dynamo_export, scope, npu_print
2026-03-19T04:16:41.5663042Z (Worker pid=4440) (Worker_DP1_TP5_EP13 pid=4440) /usr/local/python3.11.14/lib/python3.11/site-packages/torch_npu/dynamo/torchair/configs/compiler_config.py:106: UserWarning: The following torchair config or properties may not take effect or report error in reduce-overhead mode: config.experimental_config.enable_view_optimize:True, set_dim_gears, dynamo_export, scope, npu_print
2026-03-19T04:16:41.5665538Z (Worker pid=1381) (Worker_DP1_TP0_EP8 pid=1381) /usr/local/python3.11.14/lib/python3.11/site-packages/torch_npu/dynamo/torchair/configs/compiler_config.py:106: UserWarning: The following torchair config or properties may not take effect or report error in reduce-overhead mode: config.experimental_config.enable_view_optimize:True, set_dim_gears, dynamo_export, scope, npu_print
2026-03-19T04:16:41.5667121Z (Worker pid=2198) (Worker_DP1_TP1_EP9 pid=2198)   warnings.warn(
2026-03-19T04:16:41.5669096Z (Worker pid=2766) (Worker_DP1_TP2_EP10 pid=2766)   warnings.warn(
2026-03-19T04:16:41.5678685Z (Worker pid=3882) (Worker_DP1_TP4_EP12 pid=3882)   warnings.warn(
2026-03-19T04:16:41.5689086Z (Worker pid=4440) (Worker_DP1_TP5_EP13 pid=4440)   warnings.warn(
2026-03-19T04:16:41.5700068Z (Worker pid=1381) (Worker_DP1_TP0_EP8 pid=1381)   warnings.warn(
2026-03-19T04:16:41.5757424Z (Worker pid=5620) (Worker_DP1_TP7_EP15 pid=5620) /usr/local/python3.11.14/lib/python3.11/site-packages/torch_npu/dynamo/torchair/configs/compiler_config.py:106: UserWarning: The following torchair config or properties may not take effect or report error in reduce-overhead mode: config.experimental_config.enable_view_optimize:True, set_dim_gears, dynamo_export, scope, npu_print
2026-03-19T04:16:41.5758879Z (Worker pid=5620) (Worker_DP1_TP7_EP15 pid=5620)   warnings.warn(
2026-03-19T04:16:41.5760502Z (Worker pid=4998) (Worker_DP1_TP6_EP14 pid=4998) /usr/local/python3.11.14/lib/python3.11/site-packages/torch_npu/dynamo/torchair/configs/compiler_config.py:106: UserWarning: The following torchair config or properties may not take effect or report error in reduce-overhead mode: config.experimental_config.enable_view_optimize:True, set_dim_gears, dynamo_export, scope, npu_print
2026-03-19T04:16:41.5761952Z (Worker pid=4998) (Worker_DP1_TP6_EP14 pid=4998)   warnings.warn(
2026-03-19T04:16:41.5763397Z (Worker pid=3324) (Worker_DP1_TP3_EP11 pid=3324) /usr/local/python3.11.14/lib/python3.11/site-packages/torch_npu/dynamo/torchair/configs/compiler_config.py:106: UserWarning: The following torchair config or properties may not take effect or report error in reduce-overhead mode: config.experimental_config.enable_view_optimize:True, set_dim_gears, dynamo_export, scope, npu_print
2026-03-19T04:16:41.5764847Z (Worker pid=3324) (Worker_DP1_TP3_EP11 pid=3324)   warnings.warn(
2026-03-19T04:16:41.8650742Z (Worker pid=2763) (Worker_DP0_TP2_EP2 pid=2763) /usr/local/python3.11.14/lib/python3.11/site-packages/torch_npu/dynamo/torchair/configs/compiler_config.py:106: UserWarning: The following torchair config or properties may not take effect or report error in reduce-overhead mode: config.experimental_config.enable_view_optimize:True, set_dim_gears, dynamo_export, scope, npu_print
2026-03-19T04:16:41.8659073Z (Worker pid=2763) (Worker_DP0_TP2_EP2 pid=2763)   warnings.warn(
2026-03-19T04:16:41.8671331Z (Worker pid=3879) (Worker_DP0_TP4_EP4 pid=3879) /usr/local/python3.11.14/lib/python3.11/site-packages/torch_npu/dynamo/torchair/configs/compiler_config.py:106: UserWarning: The following torchair config or properties may not take effect or report error in reduce-overhead mode: config.experimental_config.enable_view_optimize:True, set_dim_gears, dynamo_export, scope, npu_print
2026-03-19T04:16:41.8680706Z (Worker pid=3879) (Worker_DP0_TP4_EP4 pid=3879)   warnings.warn(
2026-03-19T04:16:41.8694442Z (Worker pid=4995) (Worker_DP0_TP6_EP6 pid=4995) /usr/local/python3.11.14/lib/python3.11/site-packages/torch_npu/dynamo/torchair/configs/compiler_config.py:106: UserWarning: The following torchair config or properties may not take effect or report error in reduce-overhead mode: config.experimental_config.enable_view_optimize:True, set_dim_gears, dynamo_export, scope, npu_print
2026-03-19T04:16:41.8705499Z (Worker pid=2195) (Worker_DP0_TP1_EP1 pid=2195) /usr/local/python3.11.14/lib/python3.11/site-packages/torch_npu/dynamo/torchair/configs/compiler_config.py:106: UserWarning: The following torchair config or properties may not take effect or report error in reduce-overhead mode: config.experimental_config.enable_view_optimize:True, set_dim_gears, dynamo_export, scope, npu_print
2026-03-19T04:16:41.8714580Z (Worker pid=4995) (Worker_DP0_TP6_EP6 pid=4995)   warnings.warn(
2026-03-19T04:16:41.8726889Z (Worker pid=4437) (Worker_DP0_TP5_EP5 pid=4437) /usr/local/python3.11.14/lib/python3.11/site-packages/torch_npu/dynamo/torchair/configs/compiler_config.py:106: UserWarning: The following torchair config or properties may not take effect or report error in reduce-overhead mode: config.experimental_config.enable_view_optimize:True, set_dim_gears, dynamo_export, scope, npu_print
2026-03-19T04:16:41.8737328Z (Worker pid=5553) (Worker_DP0_TP7_EP7 pid=5553) /usr/local/python3.11.14/lib/python3.11/site-packages/torch_npu/dynamo/torchair/configs/compiler_config.py:106: UserWarning: The following torchair config or properties may not take effect or report error in reduce-overhead mode: config.experimental_config.enable_view_optimize:True, set_dim_gears, dynamo_export, scope, npu_print
2026-03-19T04:16:41.8748645Z (Worker pid=1380) (Worker_DP0_TP0_EP0 pid=1380) /usr/local/python3.11.14/lib/python3.11/site-packages/torch_npu/dynamo/torchair/configs/compiler_config.py:106: UserWarning: The following torchair config or properties may not take effect or report error in reduce-overhead mode: config.experimental_config.enable_view_optimize:True, set_dim_gears, dynamo_export, scope, npu_print
2026-03-19T04:16:41.8762161Z (Worker pid=2195) (Worker_DP0_TP1_EP1 pid=2195)   warnings.warn(
2026-03-19T04:16:41.8770148Z (Worker pid=3321) (Worker_DP0_TP3_EP3 pid=3321) /usr/local/python3.11.14/lib/python3.11/site-packages/torch_npu/dynamo/torchair/configs/compiler_config.py:106: UserWarning: The following torchair config or properties may not take effect or report error in reduce-overhead mode: config.experimental_config.enable_view_optimize:True, set_dim_gears, dynamo_export, scope, npu_print
2026-03-19T04:16:41.8778738Z (Worker pid=4437) (Worker_DP0_TP5_EP5 pid=4437)   warnings.warn(
2026-03-19T04:16:41.8789701Z (Worker pid=1380) (Worker_DP0_TP0_EP0 pid=1380)   warnings.warn(
2026-03-19T04:16:41.8800127Z (Worker pid=5553) (Worker_DP0_TP7_EP7 pid=5553)   warnings.warn(
2026-03-19T04:16:41.8810610Z (Worker pid=3321) (Worker_DP0_TP3_EP3 pid=3321)   warnings.warn(
2026-03-19T04:16:41.8823799Z (Worker pid=3324) (Worker_DP1_TP3_EP11 pid=3324) /usr/local/python3.11.14/lib/python3.11/site-packages/torch_npu/dynamo/torchair/configs/compiler_config.py:106: UserWarning: The following torchair config or properties may not take effect or report error in reduce-overhead mode: config.experimental_config.enable_view_optimize:True, set_dim_gears, dynamo_export, scope, npu_print
2026-03-19T04:16:41.8833265Z (Worker pid=3324) (Worker_DP1_TP3_EP11 pid=3324)   warnings.warn(
2026-03-19T04:16:41.8847693Z (Worker pid=2766) (Worker_DP1_TP2_EP10 pid=2766) /usr/local/python3.11.14/lib/python3.11/site-packages/torch_npu/dynamo/torchair/configs/compiler_config.py:106: UserWarning: The following torchair config or properties may not take effect or report error in reduce-overhead mode: config.experimental_config.enable_view_optimize:True, set_dim_gears, dynamo_export, scope, npu_print
2026-03-19T04:16:41.8859802Z (Worker pid=4998) (Worker_DP1_TP6_EP14 pid=4998) /usr/local/python3.11.14/lib/python3.11/site-packages/torch_npu/dynamo/torchair/configs/compiler_config.py:106: UserWarning: The following torchair config or properties may not take effect or report error in reduce-overhead mode: config.experimental_config.enable_view_optimize:True, set_dim_gears, dynamo_export, scope, npu_print
2026-03-19T04:16:41.8870113Z (Worker pid=2766) (Worker_DP1_TP2_EP10 pid=2766)   warnings.warn(
2026-03-19T04:16:41.8880759Z (Worker pid=4998) (Worker_DP1_TP6_EP14 pid=4998)   warnings.warn(
2026-03-19T04:16:41.8893530Z (Worker pid=2198) (Worker_DP1_TP1_EP9 pid=2198) /usr/local/python3.11.14/lib/python3.11/site-packages/torch_npu/dynamo/torchair/configs/compiler_config.py:106: UserWarning: The following torchair config or properties may not take effect or report error in reduce-overhead mode: config.experimental_config.enable_view_optimize:True, set_dim_gears, dynamo_export, scope, npu_print
2026-03-19T04:16:41.8905911Z (Worker pid=3882) (Worker_DP1_TP4_EP12 pid=3882) /usr/local/python3.11.14/lib/python3.11/site-packages/torch_npu/dynamo/torchair/configs/compiler_config.py:106: UserWarning: The following torchair config or properties may not take effect or report error in reduce-overhead mode: config.experimental_config.enable_view_optimize:True, set_dim_gears, dynamo_export, scope, npu_print
2026-03-19T04:16:41.8914654Z (Worker pid=2198) (Worker_DP1_TP1_EP9 pid=2198)   warnings.warn(
2026-03-19T04:16:41.8926840Z (Worker pid=4440) (Worker_DP1_TP5_EP13 pid=4440) /usr/local/python3.11.14/lib/python3.11/site-packages/torch_npu/dynamo/torchair/configs/compiler_config.py:106: UserWarning: The following torchair config or properties may not take effect or report error in reduce-overhead mode: config.experimental_config.enable_view_optimize:True, set_dim_gears, dynamo_export, scope, npu_print
2026-03-19T04:16:41.8936006Z (Worker pid=3882) (Worker_DP1_TP4_EP12 pid=3882)   warnings.warn(
2026-03-19T04:16:41.8946799Z (Worker pid=4440) (Worker_DP1_TP5_EP13 pid=4440)   warnings.warn(
2026-03-19T04:16:41.8959170Z (Worker pid=5620) (Worker_DP1_TP7_EP15 pid=5620) /usr/local/python3.11.14/lib/python3.11/site-packages/torch_npu/dynamo/torchair/configs/compiler_config.py:106: UserWarning: The following torchair config or properties may not take effect or report error in reduce-overhead mode: config.experimental_config.enable_view_optimize:True, set_dim_gears, dynamo_export, scope, npu_print
2026-03-19T04:16:41.8968089Z (Worker pid=5620) (Worker_DP1_TP7_EP15 pid=5620)   warnings.warn(
2026-03-19T04:16:41.8979811Z (Worker pid=1381) (Worker_DP1_TP0_EP8 pid=1381) /usr/local/python3.11.14/lib/python3.11/site-packages/torch_npu/dynamo/torchair/configs/compiler_config.py:106: UserWarning: The following torchair config or properties may not take effect or report error in reduce-overhead mode: config.experimental_config.enable_view_optimize:True, set_dim_gears, dynamo_export, scope, npu_print
2026-03-19T04:16:41.8990182Z (Worker pid=1381) (Worker_DP1_TP0_EP8 pid=1381)   warnings.warn(
2026-03-19T04:16:42.1901942Z (Worker pid=3879) (Worker_DP0_TP4_EP4 pid=3879) /usr/local/python3.11.14/lib/python3.11/site-packages/torch_npu/dynamo/torchair/configs/compiler_config.py:106: UserWarning: The following torchair config or properties may not take effect or report error in reduce-overhead mode: config.experimental_config.enable_view_optimize:True, set_dim_gears, dynamo_export, scope, npu_print
2026-03-19T04:16:42.1916996Z (Worker pid=2195) (Worker_DP0_TP1_EP1 pid=2195) /usr/local/python3.11.14/lib/python3.11/site-packages/torch_npu/dynamo/torchair/configs/compiler_config.py:106: UserWarning: The following torchair config or properties may not take effect or report error in reduce-overhead mode: config.experimental_config.enable_view_optimize:True, set_dim_gears, dynamo_export, scope, npu_print
2026-03-19T04:16:42.1928716Z (Worker pid=3879) (Worker_DP0_TP4_EP4 pid=3879)   warnings.warn(
2026-03-19T04:16:42.1944887Z (Worker pid=2198) (Worker_DP1_TP1_EP9 pid=2198) /usr/local/python3.11.14/lib/python3.11/site-packages/torch_npu/dynamo/torchair/configs/compiler_config.py:106: UserWarning: The following torchair config or properties may not take effect or report error in reduce-overhead mode: config.experimental_config.enable_view_optimize:True, set_dim_gears, dynamo_export, scope, npu_print
2026-03-19T04:16:42.1959481Z (Worker pid=4995) (Worker_DP0_TP6_EP6 pid=4995) /usr/local/python3.11.14/lib/python3.11/site-packages/torch_npu/dynamo/torchair/configs/compiler_config.py:106: UserWarning: The following torchair config or properties may not take effect or report error in reduce-overhead mode: config.experimental_config.enable_view_optimize:True, set_dim_gears, dynamo_export, scope, npu_print
2026-03-19T04:16:42.1972324Z (Worker pid=5553) (Worker_DP0_TP7_EP7 pid=5553) /usr/local/python3.11.14/lib/python3.11/site-packages/torch_npu/dynamo/torchair/configs/compiler_config.py:106: UserWarning: The following torchair config or properties may not take effect or report error in reduce-overhead mode: config.experimental_config.enable_view_optimize:True, set_dim_gears, dynamo_export, scope, npu_print
2026-03-19T04:16:42.1985270Z (Worker pid=2763) (Worker_DP0_TP2_EP2 pid=2763) /usr/local/python3.11.14/lib/python3.11/site-packages/torch_npu/dynamo/torchair/configs/compiler_config.py:106: UserWarning: The following torchair config or properties may not take effect or report error in reduce-overhead mode: config.experimental_config.enable_view_optimize:True, set_dim_gears, dynamo_export, scope, npu_print
2026-03-19T04:16:42.1994705Z (Worker pid=2195) (Worker_DP0_TP1_EP1 pid=2195)   warnings.warn(
2026-03-19T04:16:42.2007575Z (Worker pid=1380) (Worker_DP0_TP0_EP0 pid=1380) /usr/local/python3.11.14/lib/python3.11/site-packages/torch_npu/dynamo/torchair/configs/compiler_config.py:106: UserWarning: The following torchair config or properties may not take effect or report error in reduce-overhead mode: config.experimental_config.enable_view_optimize:True, set_dim_gears, dynamo_export, scope, npu_print
2026-03-19T04:16:42.2018404Z (Worker pid=4437) (Worker_DP0_TP5_EP5 pid=4437) /usr/local/python3.11.14/lib/python3.11/site-packages/torch_npu/dynamo/torchair/configs/compiler_config.py:106: UserWarning: The following torchair config or properties may not take effect or report error in reduce-overhead mode: config.experimental_config.enable_view_optimize:True, set_dim_gears, dynamo_export, scope, npu_print
2026-03-19T04:16:42.2029718Z (Worker pid=5620) (Worker_DP1_TP7_EP15 pid=5620) /usr/local/python3.11.14/lib/python3.11/site-packages/torch_npu/dynamo/torchair/configs/compiler_config.py:106: UserWarning: The following torchair config or properties may not take effect or report error in reduce-overhead mode: config.experimental_config.enable_view_optimize:True, set_dim_gears, dynamo_export, scope, npu_print
2026-03-19T04:16:42.2039141Z (Worker pid=2198) (Worker_DP1_TP1_EP9 pid=2198)   warnings.warn(
2026-03-19T04:16:42.2049183Z (Worker pid=4437) (Worker_DP0_TP5_EP5 pid=4437)   warnings.warn(
2026-03-19T04:16:42.2059126Z (Worker pid=4995) (Worker_DP0_TP6_EP6 pid=4995)   warnings.warn(
2026-03-19T04:16:42.2070000Z (Worker pid=5553) (Worker_DP0_TP7_EP7 pid=5553)   warnings.warn(
2026-03-19T04:16:42.2081593Z (Worker pid=1381) (Worker_DP1_TP0_EP8 pid=1381) /usr/local/python3.11.14/lib/python3.11/site-packages/torch_npu/dynamo/torchair/configs/compiler_config.py:106: UserWarning: The following torchair config or properties may not take effect or report error in reduce-overhead mode: config.experimental_config.enable_view_optimize:True, set_dim_gears, dynamo_export, scope, npu_print
2026-03-19T04:16:42.2092516Z (Worker pid=4998) (Worker_DP1_TP6_EP14 pid=4998) /usr/local/python3.11.14/lib/python3.11/site-packages/torch_npu/dynamo/torchair/configs/compiler_config.py:106: UserWarning: The following torchair config or properties may not take effect or report error in reduce-overhead mode: config.experimental_config.enable_view_optimize:True, set_dim_gears, dynamo_export, scope, npu_print
2026-03-19T04:16:42.2101355Z (Worker pid=2763) (Worker_DP0_TP2_EP2 pid=2763)   warnings.warn(
2026-03-19T04:16:42.2113846Z (Worker pid=2766) (Worker_DP1_TP2_EP10 pid=2766) /usr/local/python3.11.14/lib/python3.11/site-packages/torch_npu/dynamo/torchair/configs/compiler_config.py:106: UserWarning: The following torchair config or properties may not take effect or report error in reduce-overhead mode: config.experimental_config.enable_view_optimize:True, set_dim_gears, dynamo_export, scope, npu_print
2026-03-19T04:16:42.2122417Z (Worker pid=1380) (Worker_DP0_TP0_EP0 pid=1380)   warnings.warn(
2026-03-19T04:16:42.2134207Z (Worker pid=3321) (Worker_DP0_TP3_EP3 pid=3321) /usr/local/python3.11.14/lib/python3.11/site-packages/torch_npu/dynamo/torchair/configs/compiler_config.py:106: UserWarning: The following torchair config or properties may not take effect or report error in reduce-overhead mode: config.experimental_config.enable_view_optimize:True, set_dim_gears, dynamo_export, scope, npu_print
2026-03-19T04:16:42.2143602Z (Worker pid=5620) (Worker_DP1_TP7_EP15 pid=5620)   warnings.warn(
2026-03-19T04:16:42.2153237Z (Worker pid=1381) (Worker_DP1_TP0_EP8 pid=1381)   warnings.warn(
2026-03-19T04:16:42.2163434Z (Worker pid=4998) (Worker_DP1_TP6_EP14 pid=4998)   warnings.warn(
2026-03-19T04:16:42.2175677Z (Worker pid=3882) (Worker_DP1_TP4_EP12 pid=3882) /usr/local/python3.11.14/lib/python3.11/site-packages/torch_npu/dynamo/torchair/configs/compiler_config.py:106: UserWarning: The following torchair config or properties may not take effect or report error in reduce-overhead mode: config.experimental_config.enable_view_optimize:True, set_dim_gears, dynamo_export, scope, npu_print
2026-03-19T04:16:42.2184687Z (Worker pid=2766) (Worker_DP1_TP2_EP10 pid=2766)   warnings.warn(
2026-03-19T04:16:42.2196566Z (Worker pid=4440) (Worker_DP1_TP5_EP13 pid=4440) /usr/local/python3.11.14/lib/python3.11/site-packages/torch_npu/dynamo/torchair/configs/compiler_config.py:106: UserWarning: The following torchair config or properties may not take effect or report error in reduce-overhead mode: config.experimental_config.enable_view_optimize:True, set_dim_gears, dynamo_export, scope, npu_print
2026-03-19T04:16:42.2205375Z (Worker pid=3321) (Worker_DP0_TP3_EP3 pid=3321)   warnings.warn(
2026-03-19T04:16:42.2215357Z (Worker pid=3882) (Worker_DP1_TP4_EP12 pid=3882)   warnings.warn(
2026-03-19T04:16:42.2225458Z (Worker pid=4440) (Worker_DP1_TP5_EP13 pid=4440)   warnings.warn(
2026-03-19T04:16:42.2237474Z (Worker pid=3324) (Worker_DP1_TP3_EP11 pid=3324) /usr/local/python3.11.14/lib/python3.11/site-packages/torch_npu/dynamo/torchair/configs/compiler_config.py:106: UserWarning: The following torchair config or properties may not take effect or report error in reduce-overhead mode: config.experimental_config.enable_view_optimize:True, set_dim_gears, dynamo_export, scope, npu_print
2026-03-19T04:16:42.2246313Z (Worker pid=3324) (Worker_DP1_TP3_EP11 pid=3324)   warnings.warn(
2026-03-19T04:16:42.5200745Z (Worker pid=4995) (Worker_DP0_TP6_EP6 pid=4995) /usr/local/python3.11.14/lib/python3.11/site-packages/torch_npu/dynamo/torchair/configs/compiler_config.py:106: UserWarning: The following torchair config or properties may not take effect or report error in reduce-overhead mode: config.experimental_config.enable_view_optimize:True, set_dim_gears, dynamo_export, scope, npu_print
2026-03-19T04:16:42.5210406Z (Worker pid=2195) (Worker_DP0_TP1_EP1 pid=2195) /usr/local/python3.11.14/lib/python3.11/site-packages/torch_npu/dynamo/torchair/configs/compiler_config.py:106: UserWarning: The following torchair config or properties may not take effect or report error in reduce-overhead mode: config.experimental_config.enable_view_optimize:True, set_dim_gears, dynamo_export, scope, npu_print
2026-03-19T04:16:42.5220572Z (Worker pid=1380) (Worker_DP0_TP0_EP0 pid=1380) /usr/local/python3.11.14/lib/python3.11/site-packages/torch_npu/dynamo/torchair/configs/compiler_config.py:106: UserWarning: The following torchair config or properties may not take effect or report error in reduce-overhead mode: config.experimental_config.enable_view_optimize:True, set_dim_gears, dynamo_export, scope, npu_print
2026-03-19T04:16:42.5229727Z (Worker pid=4995) (Worker_DP0_TP6_EP6 pid=4995)   warnings.warn(
2026-03-19T04:16:42.5241975Z (Worker pid=5553) (Worker_DP0_TP7_EP7 pid=5553) /usr/local/python3.11.14/lib/python3.11/site-packages/torch_npu/dynamo/torchair/configs/compiler_config.py:106: UserWarning: The following torchair config or properties may not take effect or report error in reduce-overhead mode: config.experimental_config.enable_view_optimize:True, set_dim_gears, dynamo_export, scope, npu_print
2026-03-19T04:16:42.5252186Z (Worker pid=3321) (Worker_DP0_TP3_EP3 pid=3321) /usr/local/python3.11.14/lib/python3.11/site-packages/torch_npu/dynamo/torchair/configs/compiler_config.py:106: UserWarning: The following torchair config or properties may not take effect or report error in reduce-overhead mode: config.experimental_config.enable_view_optimize:True, set_dim_gears, dynamo_export, scope, npu_print
2026-03-19T04:16:42.5262990Z (Worker pid=2763) (Worker_DP0_TP2_EP2 pid=2763) /usr/local/python3.11.14/lib/python3.11/site-packages/torch_npu/dynamo/torchair/configs/compiler_config.py:106: UserWarning: The following torchair config or properties may not take effect or report error in reduce-overhead mode: config.experimental_config.enable_view_optimize:True, set_dim_gears, dynamo_export, scope, npu_print
2026-03-19T04:16:42.5273925Z (Worker pid=4437) (Worker_DP0_TP5_EP5 pid=4437) /usr/local/python3.11.14/lib/python3.11/site-packages/torch_npu/dynamo/torchair/configs/compiler_config.py:106: UserWarning: The following torchair config or properties may not take effect or report error in reduce-overhead mode: config.experimental_config.enable_view_optimize:True, set_dim_gears, dynamo_export, scope, npu_print
2026-03-19T04:16:42.5282149Z (Worker pid=1380) (Worker_DP0_TP0_EP0 pid=1380)   warnings.warn(
2026-03-19T04:16:42.5292331Z (Worker pid=2195) (Worker_DP0_TP1_EP1 pid=2195)   warnings.warn(
2026-03-19T04:16:42.5302339Z (Worker pid=5553) (Worker_DP0_TP7_EP7 pid=5553)   warnings.warn(
2026-03-19T04:16:42.5314145Z (Worker pid=3879) (Worker_DP0_TP4_EP4 pid=3879) /usr/local/python3.11.14/lib/python3.11/site-packages/torch_npu/dynamo/torchair/configs/compiler_config.py:106: UserWarning: The following torchair config or properties may not take effect or report error in reduce-overhead mode: config.experimental_config.enable_view_optimize:True, set_dim_gears, dynamo_export, scope, npu_print
2026-03-19T04:16:42.5322071Z (Worker pid=3321) (Worker_DP0_TP3_EP3 pid=3321)   warnings.warn(
2026-03-19T04:16:42.5331794Z (Worker pid=2763) (Worker_DP0_TP2_EP2 pid=2763)   warnings.warn(
2026-03-19T04:16:42.5342371Z (Worker pid=4437) (Worker_DP0_TP5_EP5 pid=4437)   warnings.warn(
2026-03-19T04:16:42.5352375Z (Worker pid=3879) (Worker_DP0_TP4_EP4 pid=3879)   warnings.warn(
2026-03-19T04:16:42.5365037Z (Worker pid=2198) (Worker_DP1_TP1_EP9 pid=2198) /usr/local/python3.11.14/lib/python3.11/site-packages/torch_npu/dynamo/torchair/configs/compiler_config.py:106: UserWarning: The following torchair config or properties may not take effect or report error in reduce-overhead mode: config.experimental_config.enable_view_optimize:True, set_dim_gears, dynamo_export, scope, npu_print
2026-03-19T04:16:42.5375736Z (Worker pid=3324) (Worker_DP1_TP3_EP11 pid=3324) /usr/local/python3.11.14/lib/python3.11/site-packages/torch_npu/dynamo/torchair/configs/compiler_config.py:106: UserWarning: The following torchair config or properties may not take effect or report error in reduce-overhead mode: config.experimental_config.enable_view_optimize:True, set_dim_gears, dynamo_export, scope, npu_print
2026-03-19T04:16:42.5387745Z (Worker pid=4440) (Worker_DP1_TP5_EP13 pid=4440) /usr/local/python3.11.14/lib/python3.11/site-packages/torch_npu/dynamo/torchair/configs/compiler_config.py:106: UserWarning: The following torchair config or properties may not take effect or report error in reduce-overhead mode: config.experimental_config.enable_view_optimize:True, set_dim_gears, dynamo_export, scope, npu_print
2026-03-19T04:16:42.5397601Z (Worker pid=2198) (Worker_DP1_TP1_EP9 pid=2198)   warnings.warn(
2026-03-19T04:16:42.5409921Z (Worker pid=3882) (Worker_DP1_TP4_EP12 pid=3882) /usr/local/python3.11.14/lib/python3.11/site-packages/torch_npu/dynamo/torchair/configs/compiler_config.py:106: UserWarning: The following torchair config or properties may not take effect or report error in reduce-overhead mode: config.experimental_config.enable_view_optimize:True, set_dim_gears, dynamo_export, scope, npu_print
2026-03-19T04:16:42.5418137Z (Worker pid=3324) (Worker_DP1_TP3_EP11 pid=3324)   warnings.warn(
2026-03-19T04:16:42.5428713Z (Worker pid=4440) (Worker_DP1_TP5_EP13 pid=4440)   warnings.warn(
2026-03-19T04:16:42.5437797Z (Worker pid=3882) (Worker_DP1_TP4_EP12 pid=3882)   warnings.warn(
2026-03-19T04:16:42.5449880Z (Worker pid=1381) (Worker_DP1_TP0_EP8 pid=1381) /usr/local/python3.11.14/lib/python3.11/site-packages/torch_npu/dynamo/torchair/configs/compiler_config.py:106: UserWarning: The following torchair config or properties may not take effect or report error in reduce-overhead mode: config.experimental_config.enable_view_optimize:True, set_dim_gears, dynamo_export, scope, npu_print
2026-03-19T04:16:42.5458641Z (Worker pid=1381) (Worker_DP1_TP0_EP8 pid=1381)   warnings.warn(
2026-03-19T04:16:42.5471324Z (Worker pid=2766) (Worker_DP1_TP2_EP10 pid=2766) /usr/local/python3.11.14/lib/python3.11/site-packages/torch_npu/dynamo/torchair/configs/compiler_config.py:106: UserWarning: The following torchair config or properties may not take effect or report error in reduce-overhead mode: config.experimental_config.enable_view_optimize:True, set_dim_gears, dynamo_export, scope, npu_print
2026-03-19T04:16:42.5479114Z (Worker pid=2766) (Worker_DP1_TP2_EP10 pid=2766)   warnings.warn(
2026-03-19T04:16:42.5491286Z (Worker pid=4998) (Worker_DP1_TP6_EP14 pid=4998) /usr/local/python3.11.14/lib/python3.11/site-packages/torch_npu/dynamo/torchair/configs/compiler_config.py:106: UserWarning: The following torchair config or properties may not take effect or report error in reduce-overhead mode: config.experimental_config.enable_view_optimize:True, set_dim_gears, dynamo_export, scope, npu_print
2026-03-19T04:16:42.5500041Z (Worker pid=4998) (Worker_DP1_TP6_EP14 pid=4998)   warnings.warn(
2026-03-19T04:16:42.5512412Z (Worker pid=5620) (Worker_DP1_TP7_EP15 pid=5620) /usr/local/python3.11.14/lib/python3.11/site-packages/torch_npu/dynamo/torchair/configs/compiler_config.py:106: UserWarning: The following torchair config or properties may not take effect or report error in reduce-overhead mode: config.experimental_config.enable_view_optimize:True, set_dim_gears, dynamo_export, scope, npu_print
2026-03-19T04:16:42.5520918Z (Worker pid=5620) (Worker_DP1_TP7_EP15 pid=5620)   warnings.warn(
2026-03-19T04:16:42.8385682Z (Worker pid=4995) (Worker_DP0_TP6_EP6 pid=4995) /usr/local/python3.11.14/lib/python3.11/site-packages/torch_npu/dynamo/torchair/configs/compiler_config.py:106: UserWarning: The following torchair config or properties may not take effect or report error in reduce-overhead mode: config.experimental_config.enable_view_optimize:True, set_dim_gears, dynamo_export, scope, npu_print
2026-03-19T04:16:42.8396348Z (Worker pid=2766) (Worker_DP1_TP2_EP10 pid=2766) /usr/local/python3.11.14/lib/python3.11/site-packages/torch_npu/dynamo/torchair/configs/compiler_config.py:106: UserWarning: The following torchair config or properties may not take effect or report error in reduce-overhead mode: config.experimental_config.enable_view_optimize:True, set_dim_gears, dynamo_export, scope, npu_print
2026-03-19T04:16:42.8406591Z (Worker pid=1380) (Worker_DP0_TP0_EP0 pid=1380) /usr/local/python3.11.14/lib/python3.11/site-packages/torch_npu/dynamo/torchair/configs/compiler_config.py:106: UserWarning: The following torchair config or properties may not take effect or report error in reduce-overhead mode: config.experimental_config.enable_view_optimize:True, set_dim_gears, dynamo_export, scope, npu_print
2026-03-19T04:16:42.8417407Z (Worker pid=5553) (Worker_DP0_TP7_EP7 pid=5553) /usr/local/python3.11.14/lib/python3.11/site-packages/torch_npu/dynamo/torchair/configs/compiler_config.py:106: UserWarning: The following torchair config or properties may not take effect or report error in reduce-overhead mode: config.experimental_config.enable_view_optimize:True, set_dim_gears, dynamo_export, scope, npu_print
2026-03-19T04:16:42.8428282Z (Worker pid=2195) (Worker_DP0_TP1_EP1 pid=2195) /usr/local/python3.11.14/lib/python3.11/site-packages/torch_npu/dynamo/torchair/configs/compiler_config.py:106: UserWarning: The following torchair config or properties may not take effect or report error in reduce-overhead mode: config.experimental_config.enable_view_optimize:True, set_dim_gears, dynamo_export, scope, npu_print
2026-03-19T04:16:42.8438986Z (Worker pid=4440) (Worker_DP1_TP5_EP13 pid=4440) /usr/local/python3.11.14/lib/python3.11/site-packages/torch_npu/dynamo/torchair/configs/compiler_config.py:106: UserWarning: The following torchair config or properties may not take effect or report error in reduce-overhead mode: config.experimental_config.enable_view_optimize:True, set_dim_gears, dynamo_export, scope, npu_print
2026-03-19T04:16:42.8450774Z (Worker pid=3324) (Worker_DP1_TP3_EP11 pid=3324) /usr/local/python3.11.14/lib/python3.11/site-packages/torch_npu/dynamo/torchair/configs/compiler_config.py:106: UserWarning: The following torchair config or properties may not take effect or report error in reduce-overhead mode: config.experimental_config.enable_view_optimize:True, set_dim_gears, dynamo_export, scope, npu_print
2026-03-19T04:16:42.8462003Z (Worker pid=3882) (Worker_DP1_TP4_EP12 pid=3882) /usr/local/python3.11.14/lib/python3.11/site-packages/torch_npu/dynamo/torchair/configs/compiler_config.py:106: UserWarning: The following torchair config or properties may not take effect or report error in reduce-overhead mode: config.experimental_config.enable_view_optimize:True, set_dim_gears, dynamo_export, scope, npu_print
2026-03-19T04:16:42.8470284Z (Worker pid=4995) (Worker_DP0_TP6_EP6 pid=4995)   warnings.warn(
2026-03-19T04:16:42.8480014Z (Worker pid=2766) (Worker_DP1_TP2_EP10 pid=2766)   warnings.warn(
2026-03-19T04:16:42.8493180Z (Worker pid=4437) (Worker_DP0_TP5_EP5 pid=4437) /usr/local/python3.11.14/lib/python3.11/site-packages/torch_npu/dynamo/torchair/configs/compiler_config.py:106: UserWarning: The following torchair config or properties may not take effect or report error in reduce-overhead mode: config.experimental_config.enable_view_optimize:True, set_dim_gears, dynamo_export, scope, npu_print
2026-03-19T04:16:42.8502504Z (Worker pid=2763) (Worker_DP0_TP2_EP2 pid=2763) /usr/local/python3.11.14/lib/python3.11/site-packages/torch_npu/dynamo/torchair/configs/compiler_config.py:106: UserWarning: The following torchair config or properties may not take effect or report error in reduce-overhead mode: config.experimental_config.enable_view_optimize:True, set_dim_gears, dynamo_export, scope, npu_print
2026-03-19T04:16:42.8513745Z (Worker pid=2198) (Worker_DP1_TP1_EP9 pid=2198) /usr/local/python3.11.14/lib/python3.11/site-packages/torch_npu/dynamo/torchair/configs/compiler_config.py:106: UserWarning: The following torchair config or properties may not take effect or report error in reduce-overhead mode: config.experimental_config.enable_view_optimize:True, set_dim_gears, dynamo_export, scope, npu_print
2026-03-19T04:16:42.8524138Z (Worker pid=3879) (Worker_DP0_TP4_EP4 pid=3879) /usr/local/python3.11.14/lib/python3.11/site-packages/torch_npu/dynamo/torchair/configs/compiler_config.py:106: UserWarning: The following torchair config or properties may not take effect or report error in reduce-overhead mode: config.experimental_config.enable_view_optimize:True, set_dim_gears, dynamo_export, scope, npu_print
2026-03-19T04:16:42.8535778Z (Worker pid=3321) (Worker_DP0_TP3_EP3 pid=3321) /usr/local/python3.11.14/lib/python3.11/site-packages/torch_npu/dynamo/torchair/configs/compiler_config.py:106: UserWarning: The following torchair config or properties may not take effect or report error in reduce-overhead mode: config.experimental_config.enable_view_optimize:True, set_dim_gears, dynamo_export, scope, npu_print
2026-03-19T04:16:42.8544491Z (Worker pid=5553) (Worker_DP0_TP7_EP7 pid=5553)   warnings.warn(
2026-03-19T04:16:42.8554722Z (Worker pid=2763) (Worker_DP0_TP2_EP2 pid=2763)   warnings.warn(
2026-03-19T04:16:42.8566484Z (Worker pid=4998) (Worker_DP1_TP6_EP14 pid=4998) /usr/local/python3.11.14/lib/python3.11/site-packages/torch_npu/dynamo/torchair/configs/compiler_config.py:106: UserWarning: The following torchair config or properties may not take effect or report error in reduce-overhead mode: config.experimental_config.enable_view_optimize:True, set_dim_gears, dynamo_export, scope, npu_print
2026-03-19T04:16:42.8575013Z (Worker pid=1380) (Worker_DP0_TP0_EP0 pid=1380)   warnings.warn(
2026-03-19T04:16:42.8585317Z (Worker pid=2195) (Worker_DP0_TP1_EP1 pid=2195)   warnings.warn(
2026-03-19T04:16:42.8595492Z (Worker pid=3879) (Worker_DP0_TP4_EP4 pid=3879)   warnings.warn(
2026-03-19T04:16:42.8605321Z (Worker pid=3321) (Worker_DP0_TP3_EP3 pid=3321)   warnings.warn(
2026-03-19T04:16:42.8617219Z (Worker pid=1381) (Worker_DP1_TP0_EP8 pid=1381) /usr/local/python3.11.14/lib/python3.11/site-packages/torch_npu/dynamo/torchair/configs/compiler_config.py:106: UserWarning: The following torchair config or properties may not take effect or report error in reduce-overhead mode: config.experimental_config.enable_view_optimize:True, set_dim_gears, dynamo_export, scope, npu_print
2026-03-19T04:16:42.8625796Z (Worker pid=4440) (Worker_DP1_TP5_EP13 pid=4440)   warnings.warn(
2026-03-19T04:16:42.8636098Z (Worker pid=3324) (Worker_DP1_TP3_EP11 pid=3324)   warnings.warn(
2026-03-19T04:16:42.8645887Z (Worker pid=3882) (Worker_DP1_TP4_EP12 pid=3882)   warnings.warn(
2026-03-19T04:16:42.8656133Z (Worker pid=4437) (Worker_DP0_TP5_EP5 pid=4437)   warnings.warn(
2026-03-19T04:16:42.8666138Z (Worker pid=2198) (Worker_DP1_TP1_EP9 pid=2198)   warnings.warn(
2026-03-19T04:16:42.8675891Z (Worker pid=4998) (Worker_DP1_TP6_EP14 pid=4998)   warnings.warn(
2026-03-19T04:16:42.8685942Z (Worker pid=1381) (Worker_DP1_TP0_EP8 pid=1381)   warnings.warn(
2026-03-19T04:16:42.8698185Z (Worker pid=5620) (Worker_DP1_TP7_EP15 pid=5620) /usr/local/python3.11.14/lib/python3.11/site-packages/torch_npu/dynamo/torchair/configs/compiler_config.py:106: UserWarning: The following torchair config or properties may not take effect or report error in reduce-overhead mode: config.experimental_config.enable_view_optimize:True, set_dim_gears, dynamo_export, scope, npu_print
2026-03-19T04:16:42.8707502Z (Worker pid=5620) (Worker_DP1_TP7_EP15 pid=5620)   warnings.warn(
2026-03-19T04:16:43.1918235Z (Worker pid=4440) (Worker_DP1_TP5_EP13 pid=4440) /usr/local/python3.11.14/lib/python3.11/site-packages/torch_npu/dynamo/torchair/configs/compiler_config.py:106: UserWarning: The following torchair config or properties may not take effect or report error in reduce-overhead mode: config.experimental_config.enable_view_optimize:True, set_dim_gears, dynamo_export, scope, npu_print
2026-03-19T04:16:43.1926956Z (Worker pid=4998) (Worker_DP1_TP6_EP14 pid=4998) /usr/local/python3.11.14/lib/python3.11/site-packages/torch_npu/dynamo/torchair/configs/compiler_config.py:106: UserWarning: The following torchair config or properties may not take effect or report error in reduce-overhead mode: config.experimental_config.enable_view_optimize:True, set_dim_gears, dynamo_export, scope, npu_print
2026-03-19T04:16:43.1938229Z (Worker pid=5620) (Worker_DP1_TP7_EP15 pid=5620) /usr/local/python3.11.14/lib/python3.11/site-packages/torch_npu/dynamo/torchair/configs/compiler_config.py:106: UserWarning: The following torchair config or properties may not take effect or report error in reduce-overhead mode: config.experimental_config.enable_view_optimize:True, set_dim_gears, dynamo_export, scope, npu_print
2026-03-19T04:16:43.1946278Z (Worker pid=4440) (Worker_DP1_TP5_EP13 pid=4440)   warnings.warn(
2026-03-19T04:16:43.1959217Z (Worker pid=3882) (Worker_DP1_TP4_EP12 pid=3882) /usr/local/python3.11.14/lib/python3.11/site-packages/torch_npu/dynamo/torchair/configs/compiler_config.py:106: UserWarning: The following torchair config or properties may not take effect or report error in reduce-overhead mode: config.experimental_config.enable_view_optimize:True, set_dim_gears, dynamo_export, scope, npu_print
2026-03-19T04:16:43.1968326Z (Worker pid=5620) (Worker_DP1_TP7_EP15 pid=5620)   warnings.warn(
2026-03-19T04:16:43.1978739Z (Worker pid=4998) (Worker_DP1_TP6_EP14 pid=4998)   warnings.warn(
2026-03-19T04:16:43.1988554Z (Worker pid=3882) (Worker_DP1_TP4_EP12 pid=3882)   warnings.warn(
2026-03-19T04:16:43.2001125Z (Worker pid=1381) (Worker_DP1_TP0_EP8 pid=1381) /usr/local/python3.11.14/lib/python3.11/site-packages/torch_npu/dynamo/torchair/configs/compiler_config.py:106: UserWarning: The following torchair config or properties may not take effect or report error in reduce-overhead mode: config.experimental_config.enable_view_optimize:True, set_dim_gears, dynamo_export, scope, npu_print
2026-03-19T04:16:43.2014836Z (Worker pid=3324) (Worker_DP1_TP3_EP11 pid=3324) /usr/local/python3.11.14/lib/python3.11/site-packages/torch_npu/dynamo/torchair/configs/compiler_config.py:106: UserWarning: The following torchair config or properties may not take effect or report error in reduce-overhead mode: config.experimental_config.enable_view_optimize:True, set_dim_gears, dynamo_export, scope, npu_print
2026-03-19T04:16:43.2023839Z (Worker pid=2766) (Worker_DP1_TP2_EP10 pid=2766) /usr/local/python3.11.14/lib/python3.11/site-packages/torch_npu/dynamo/torchair/configs/compiler_config.py:106: UserWarning: The following torchair config or properties may not take effect or report error in reduce-overhead mode: config.experimental_config.enable_view_optimize:True, set_dim_gears, dynamo_export, scope, npu_print
2026-03-19T04:16:43.2032366Z (Worker pid=1381) (Worker_DP1_TP0_EP8 pid=1381)   warnings.warn(
2026-03-19T04:16:43.2042072Z (Worker pid=3324) (Worker_DP1_TP3_EP11 pid=3324)   warnings.warn(
2026-03-19T04:16:43.2052387Z (Worker pid=2766) (Worker_DP1_TP2_EP10 pid=2766)   warnings.warn(
2026-03-19T04:16:43.2064790Z (Worker pid=4995) (Worker_DP0_TP6_EP6 pid=4995) /usr/local/python3.11.14/lib/python3.11/site-packages/torch_npu/dynamo/torchair/configs/compiler_config.py:106: UserWarning: The following torchair config or properties may not take effect or report error in reduce-overhead mode: config.experimental_config.enable_view_optimize:True, set_dim_gears, dynamo_export, scope, npu_print
2026-03-19T04:16:43.2073695Z (Worker pid=4995) (Worker_DP0_TP6_EP6 pid=4995)   warnings.warn(
2026-03-19T04:16:43.2086049Z (Worker pid=2198) (Worker_DP1_TP1_EP9 pid=2198) /usr/local/python3.11.14/lib/python3.11/site-packages/torch_npu/dynamo/torchair/configs/compiler_config.py:106: UserWarning: The following torchair config or properties may not take effect or report error in reduce-overhead mode: config.experimental_config.enable_view_optimize:True, set_dim_gears, dynamo_export, scope, npu_print
2026-03-19T04:16:43.2094577Z (Worker pid=2198) (Worker_DP1_TP1_EP9 pid=2198)   warnings.warn(
2026-03-19T04:16:43.2107953Z (Worker pid=2195) (Worker_DP0_TP1_EP1 pid=2195) /usr/local/python3.11.14/lib/python3.11/site-packages/torch_npu/dynamo/torchair/configs/compiler_config.py:106: UserWarning: The following torchair config or properties may not take effect or report error in reduce-overhead mode: config.experimental_config.enable_view_optimize:True, set_dim_gears, dynamo_export, scope, npu_print
2026-03-19T04:16:43.2117103Z (Worker pid=2195) (Worker_DP0_TP1_EP1 pid=2195)   warnings.warn(
2026-03-19T04:16:43.2129059Z (Worker pid=4437) (Worker_DP0_TP5_EP5 pid=4437) /usr/local/python3.11.14/lib/python3.11/site-packages/torch_npu/dynamo/torchair/configs/compiler_config.py:106: UserWarning: The following torchair config or properties may not take effect or report error in reduce-overhead mode: config.experimental_config.enable_view_optimize:True, set_dim_gears, dynamo_export, scope, npu_print
2026-03-19T04:16:43.2137905Z (Worker pid=4437) (Worker_DP0_TP5_EP5 pid=4437)   warnings.warn(
2026-03-19T04:16:43.2150093Z (Worker pid=2763) (Worker_DP0_TP2_EP2 pid=2763) /usr/local/python3.11.14/lib/python3.11/site-packages/torch_npu/dynamo/torchair/configs/compiler_config.py:106: UserWarning: The following torchair config or properties may not take effect or report error in reduce-overhead mode: config.experimental_config.enable_view_optimize:True, set_dim_gears, dynamo_export, scope, npu_print
2026-03-19T04:16:43.2161246Z (Worker pid=3321) (Worker_DP0_TP3_EP3 pid=3321) /usr/local/python3.11.14/lib/python3.11/site-packages/torch_npu/dynamo/torchair/configs/compiler_config.py:106: UserWarning: The following torchair config or properties may not take effect or report error in reduce-overhead mode: config.experimental_config.enable_view_optimize:True, set_dim_gears, dynamo_export, scope, npu_print
2026-03-19T04:16:43.2170084Z (Worker pid=2763) (Worker_DP0_TP2_EP2 pid=2763)   warnings.warn(
2026-03-19T04:16:43.2180674Z (Worker pid=3321) (Worker_DP0_TP3_EP3 pid=3321)   warnings.warn(
2026-03-19T04:16:43.2192988Z (Worker pid=3879) (Worker_DP0_TP4_EP4 pid=3879) /usr/local/python3.11.14/lib/python3.11/site-packages/torch_npu/dynamo/torchair/configs/compiler_config.py:106: UserWarning: The following torchair config or properties may not take effect or report error in reduce-overhead mode: config.experimental_config.enable_view_optimize:True, set_dim_gears, dynamo_export, scope, npu_print
2026-03-19T04:16:43.2201573Z (Worker pid=3879) (Worker_DP0_TP4_EP4 pid=3879)   warnings.warn(
2026-03-19T04:16:43.2213583Z (Worker pid=1380) (Worker_DP0_TP0_EP0 pid=1380) /usr/local/python3.11.14/lib/python3.11/site-packages/torch_npu/dynamo/torchair/configs/compiler_config.py:106: UserWarning: The following torchair config or properties may not take effect or report error in reduce-overhead mode: config.experimental_config.enable_view_optimize:True, set_dim_gears, dynamo_export, scope, npu_print
2026-03-19T04:16:43.2222398Z (Worker pid=1380) (Worker_DP0_TP0_EP0 pid=1380)   warnings.warn(
2026-03-19T04:16:43.2234793Z (Worker pid=5553) (Worker_DP0_TP7_EP7 pid=5553) /usr/local/python3.11.14/lib/python3.11/site-packages/torch_npu/dynamo/torchair/configs/compiler_config.py:106: UserWarning: The following torchair config or properties may not take effect or report error in reduce-overhead mode: config.experimental_config.enable_view_optimize:True, set_dim_gears, dynamo_export, scope, npu_print
2026-03-19T04:16:43.2243775Z (Worker pid=5553) (Worker_DP0_TP7_EP7 pid=5553)   warnings.warn(
2026-03-19T04:16:43.4904472Z (Worker pid=4998) (Worker_DP1_TP6_EP14 pid=4998) /usr/local/python3.11.14/lib/python3.11/site-packages/torch_npu/dynamo/torchair/configs/compiler_config.py:106: UserWarning: The following torchair config or properties may not take effect or report error in reduce-overhead mode: config.experimental_config.enable_view_optimize:True, set_dim_gears, dynamo_export, scope, npu_print
2026-03-19T04:16:43.4915001Z (Worker pid=1381) (Worker_DP1_TP0_EP8 pid=1381) /usr/local/python3.11.14/lib/python3.11/site-packages/torch_npu/dynamo/torchair/configs/compiler_config.py:106: UserWarning: The following torchair config or properties may not take effect or report error in reduce-overhead mode: config.experimental_config.enable_view_optimize:True, set_dim_gears, dynamo_export, scope, npu_print
2026-03-19T04:16:43.4923441Z (Worker pid=4998) (Worker_DP1_TP6_EP14 pid=4998)   warnings.warn(
2026-03-19T04:16:43.4936038Z (Worker pid=5620) (Worker_DP1_TP7_EP15 pid=5620) /usr/local/python3.11.14/lib/python3.11/site-packages/torch_npu/dynamo/torchair/configs/compiler_config.py:106: UserWarning: The following torchair config or properties may not take effect or report error in reduce-overhead mode: config.experimental_config.enable_view_optimize:True, set_dim_gears, dynamo_export, scope, npu_print
2026-03-19T04:16:43.4944721Z (Worker pid=1381) (Worker_DP1_TP0_EP8 pid=1381)   warnings.warn(
2026-03-19T04:16:43.4957138Z (Worker pid=2198) (Worker_DP1_TP1_EP9 pid=2198) /usr/local/python3.11.14/lib/python3.11/site-packages/torch_npu/dynamo/torchair/configs/compiler_config.py:106: UserWarning: The following torchair config or properties may not take effect or report error in reduce-overhead mode: config.experimental_config.enable_view_optimize:True, set_dim_gears, dynamo_export, scope, npu_print
2026-03-19T04:16:43.4965208Z (Worker pid=5620) (Worker_DP1_TP7_EP15 pid=5620)   warnings.warn(
2026-03-19T04:16:43.4976790Z (Worker pid=2766) (Worker_DP1_TP2_EP10 pid=2766) /usr/local/python3.11.14/lib/python3.11/site-packages/torch_npu/dynamo/torchair/configs/compiler_config.py:106: UserWarning: The following torchair config or properties may not take effect or report error in reduce-overhead mode: config.experimental_config.enable_view_optimize:True, set_dim_gears, dynamo_export, scope, npu_print
2026-03-19T04:16:43.4987594Z (Worker pid=3882) (Worker_DP1_TP4_EP12 pid=3882) /usr/local/python3.11.14/lib/python3.11/site-packages/torch_npu/dynamo/torchair/configs/compiler_config.py:106: UserWarning: The following torchair config or properties may not take effect or report error in reduce-overhead mode: config.experimental_config.enable_view_optimize:True, set_dim_gears, dynamo_export, scope, npu_print
2026-03-19T04:16:43.4996352Z (Worker pid=2198) (Worker_DP1_TP1_EP9 pid=2198)   warnings.warn(
2026-03-19T04:16:43.5007935Z (Worker pid=3324) (Worker_DP1_TP3_EP11 pid=3324) /usr/local/python3.11.14/lib/python3.11/site-packages/torch_npu/dynamo/torchair/configs/compiler_config.py:106: UserWarning: The following torchair config or properties may not take effect or report error in reduce-overhead mode: config.experimental_config.enable_view_optimize:True, set_dim_gears, dynamo_export, scope, npu_print
2026-03-19T04:16:43.5017209Z (Worker pid=2766) (Worker_DP1_TP2_EP10 pid=2766)   warnings.warn(
2026-03-19T04:16:43.5029456Z (Worker pid=1380) (Worker_DP0_TP0_EP0 pid=1380) /usr/local/python3.11.14/lib/python3.11/site-packages/torch_npu/dynamo/torchair/configs/compiler_config.py:106: UserWarning: The following torchair config or properties may not take effect or report error in reduce-overhead mode: config.experimental_config.enable_view_optimize:True, set_dim_gears, dynamo_export, scope, npu_print
2026-03-19T04:16:43.5038893Z (Worker pid=3882) (Worker_DP1_TP4_EP12 pid=3882)   warnings.warn(
2026-03-19T04:16:43.5048809Z (Worker pid=3324) (Worker_DP1_TP3_EP11 pid=3324)   warnings.warn(
2026-03-19T04:16:43.5059110Z (Worker pid=1380) (Worker_DP0_TP0_EP0 pid=1380)   warnings.warn(
2026-03-19T04:16:43.5071893Z (Worker pid=4440) (Worker_DP1_TP5_EP13 pid=4440) /usr/local/python3.11.14/lib/python3.11/site-packages/torch_npu/dynamo/torchair/configs/compiler_config.py:106: UserWarning: The following torchair config or properties may not take effect or report error in reduce-overhead mode: config.experimental_config.enable_view_optimize:True, set_dim_gears, dynamo_export, scope, npu_print
2026-03-19T04:16:43.5082976Z (Worker pid=5553) (Worker_DP0_TP7_EP7 pid=5553) /usr/local/python3.11.14/lib/python3.11/site-packages/torch_npu/dynamo/torchair/configs/compiler_config.py:106: UserWarning: The following torchair config or properties may not take effect or report error in reduce-overhead mode: config.experimental_config.enable_view_optimize:True, set_dim_gears, dynamo_export, scope, npu_print
2026-03-19T04:16:43.5092289Z (Worker pid=4440) (Worker_DP1_TP5_EP13 pid=4440)   warnings.warn(
2026-03-19T04:16:43.5104050Z (Worker pid=2195) (Worker_DP0_TP1_EP1 pid=2195) /usr/local/python3.11.14/lib/python3.11/site-packages/torch_npu/dynamo/torchair/configs/compiler_config.py:106: UserWarning: The following torchair config or properties may not take effect or report error in reduce-overhead mode: config.experimental_config.enable_view_optimize:True, set_dim_gears, dynamo_export, scope, npu_print
2026-03-19T04:16:43.5112783Z (Worker pid=5553) (Worker_DP0_TP7_EP7 pid=5553)   warnings.warn(
2026-03-19T04:16:43.5125037Z (Worker pid=4995) (Worker_DP0_TP6_EP6 pid=4995) /usr/local/python3.11.14/lib/python3.11/site-packages/torch_npu/dynamo/torchair/configs/compiler_config.py:106: UserWarning: The following torchair config or properties may not take effect or report error in reduce-overhead mode: config.experimental_config.enable_view_optimize:True, set_dim_gears, dynamo_export, scope, npu_print
2026-03-19T04:16:43.5134187Z (Worker pid=2195) (Worker_DP0_TP1_EP1 pid=2195)   warnings.warn(
2026-03-19T04:16:43.5145304Z (Worker pid=4995) (Worker_DP0_TP6_EP6 pid=4995)   warnings.warn(
2026-03-19T04:16:43.5157317Z (Worker pid=2763) (Worker_DP0_TP2_EP2 pid=2763) /usr/local/python3.11.14/lib/python3.11/site-packages/torch_npu/dynamo/torchair/configs/compiler_config.py:106: UserWarning: The following torchair config or properties may not take effect or report error in reduce-overhead mode: config.experimental_config.enable_view_optimize:True, set_dim_gears, dynamo_export, scope, npu_print
2026-03-19T04:16:43.5166010Z (Worker pid=2763) (Worker_DP0_TP2_EP2 pid=2763)   warnings.warn(
2026-03-19T04:16:43.5178925Z (Worker pid=3879) (Worker_DP0_TP4_EP4 pid=3879) /usr/local/python3.11.14/lib/python3.11/site-packages/torch_npu/dynamo/torchair/configs/compiler_config.py:106: UserWarning: The following torchair config or properties may not take effect or report error in reduce-overhead mode: config.experimental_config.enable_view_optimize:True, set_dim_gears, dynamo_export, scope, npu_print
2026-03-19T04:16:43.5187772Z (Worker pid=3879) (Worker_DP0_TP4_EP4 pid=3879)   warnings.warn(
2026-03-19T04:16:43.5200135Z (Worker pid=4437) (Worker_DP0_TP5_EP5 pid=4437) /usr/local/python3.11.14/lib/python3.11/site-packages/torch_npu/dynamo/torchair/configs/compiler_config.py:106: UserWarning: The following torchair config or properties may not take effect or report error in reduce-overhead mode: config.experimental_config.enable_view_optimize:True, set_dim_gears, dynamo_export, scope, npu_print
2026-03-19T04:16:43.5208361Z (Worker pid=4437) (Worker_DP0_TP5_EP5 pid=4437)   warnings.warn(
2026-03-19T04:16:43.5220777Z (Worker pid=3321) (Worker_DP0_TP3_EP3 pid=3321) /usr/local/python3.11.14/lib/python3.11/site-packages/torch_npu/dynamo/torchair/configs/compiler_config.py:106: UserWarning: The following torchair config or properties may not take effect or report error in reduce-overhead mode: config.experimental_config.enable_view_optimize:True, set_dim_gears, dynamo_export, scope, npu_print
2026-03-19T04:16:43.5230373Z (Worker pid=3321) (Worker_DP0_TP3_EP3 pid=3321)   warnings.warn(
2026-03-19T04:16:43.8227306Z (Worker pid=2195) (Worker_DP0_TP1_EP1 pid=2195) /usr/local/python3.11.14/lib/python3.11/site-packages/torch_npu/dynamo/torchair/configs/compiler_config.py:106: UserWarning: The following torchair config or properties may not take effect or report error in reduce-overhead mode: config.experimental_config.enable_view_optimize:True, set_dim_gears, dynamo_export, scope, npu_print
2026-03-19T04:16:43.8233731Z (Worker pid=2195) (Worker_DP0_TP1_EP1 pid=2195)   warnings.warn(
2026-03-19T04:16:43.8245922Z (Worker pid=1380) (Worker_DP0_TP0_EP0 pid=1380) /usr/local/python3.11.14/lib/python3.11/site-packages/torch_npu/dynamo/torchair/configs/compiler_config.py:106: UserWarning: The following torchair config or properties may not take effect or report error in reduce-overhead mode: config.experimental_config.enable_view_optimize:True, set_dim_gears, dynamo_export, scope, npu_print
2026-03-19T04:16:43.8256354Z (Worker pid=5553) (Worker_DP0_TP7_EP7 pid=5553) /usr/local/python3.11.14/lib/python3.11/site-packages/torch_npu/dynamo/torchair/configs/compiler_config.py:106: UserWarning: The following torchair config or properties may not take effect or report error in reduce-overhead mode: config.experimental_config.enable_view_optimize:True, set_dim_gears, dynamo_export, scope, npu_print
2026-03-19T04:16:43.8267996Z (Worker pid=4995) (Worker_DP0_TP6_EP6 pid=4995) /usr/local/python3.11.14/lib/python3.11/site-packages/torch_npu/dynamo/torchair/configs/compiler_config.py:106: UserWarning: The following torchair config or properties may not take effect or report error in reduce-overhead mode: config.experimental_config.enable_view_optimize:True, set_dim_gears, dynamo_export, scope, npu_print
2026-03-19T04:16:43.8282850Z (Worker pid=1380) (Worker_DP0_TP0_EP0 pid=1380)   warnings.warn(
2026-03-19T04:16:43.8287995Z (Worker pid=5620) (Worker_DP1_TP7_EP15 pid=5620) /usr/local/python3.11.14/lib/python3.11/site-packages/torch_npu/dynamo/torchair/configs/compiler_config.py:106: UserWarning: The following torchair config or properties may not take effect or report error in reduce-overhead mode: config.experimental_config.enable_view_optimize:True, set_dim_gears, dynamo_export, scope, npu_print
2026-03-19T04:16:43.8298682Z (Worker pid=2763) (Worker_DP0_TP2_EP2 pid=2763) /usr/local/python3.11.14/lib/python3.11/site-packages/torch_npu/dynamo/torchair/configs/compiler_config.py:106: UserWarning: The following torchair config or properties may not take effect or report error in reduce-overhead mode: config.experimental_config.enable_view_optimize:True, set_dim_gears, dynamo_export, scope, npu_print
2026-03-19T04:16:43.8308246Z (Worker pid=5553) (Worker_DP0_TP7_EP7 pid=5553)   warnings.warn(
2026-03-19T04:16:43.8317687Z (Worker pid=4995) (Worker_DP0_TP6_EP6 pid=4995)   warnings.warn(
2026-03-19T04:16:43.8327545Z (Worker pid=5620) (Worker_DP1_TP7_EP15 pid=5620)   warnings.warn(
2026-03-19T04:16:43.8339498Z (Worker pid=3321) (Worker_DP0_TP3_EP3 pid=3321) /usr/local/python3.11.14/lib/python3.11/site-packages/torch_npu/dynamo/torchair/configs/compiler_config.py:106: UserWarning: The following torchair config or properties may not take effect or report error in reduce-overhead mode: config.experimental_config.enable_view_optimize:True, set_dim_gears, dynamo_export, scope, npu_print
2026-03-19T04:16:43.8348578Z (Worker pid=2763) (Worker_DP0_TP2_EP2 pid=2763)   warnings.warn(
2026-03-19T04:16:43.8357727Z (Worker pid=3321) (Worker_DP0_TP3_EP3 pid=3321)   warnings.warn(
2026-03-19T04:16:43.8369700Z (Worker pid=3324) (Worker_DP1_TP3_EP11 pid=3324) /usr/local/python3.11.14/lib/python3.11/site-packages/torch_npu/dynamo/torchair/configs/compiler_config.py:106: UserWarning: The following torchair config or properties may not take effect or report error in reduce-overhead mode: config.experimental_config.enable_view_optimize:True, set_dim_gears, dynamo_export, scope, npu_print
2026-03-19T04:16:43.8380742Z (Worker pid=4437) (Worker_DP0_TP5_EP5 pid=4437) /usr/local/python3.11.14/lib/python3.11/site-packages/torch_npu/dynamo/torchair/configs/compiler_config.py:106: UserWarning: The following torchair config or properties may not take effect or report error in reduce-overhead mode: config.experimental_config.enable_view_optimize:True, set_dim_gears, dynamo_export, scope, npu_print
2026-03-19T04:16:43.8389506Z (Worker pid=3324) (Worker_DP1_TP3_EP11 pid=3324)   warnings.warn(
2026-03-19T04:16:43.8401718Z (Worker pid=3879) (Worker_DP0_TP4_EP4 pid=3879) /usr/local/python3.11.14/lib/python3.11/site-packages/torch_npu/dynamo/torchair/configs/compiler_config.py:106: UserWarning: The following torchair config or properties may not take effect or report error in reduce-overhead mode: config.experimental_config.enable_view_optimize:True, set_dim_gears, dynamo_export, scope, npu_print
2026-03-19T04:16:43.8410263Z (Worker pid=4437) (Worker_DP0_TP5_EP5 pid=4437)   warnings.warn(
2026-03-19T04:16:43.8420119Z (Worker pid=3879) (Worker_DP0_TP4_EP4 pid=3879)   warnings.warn(
2026-03-19T04:16:43.8432184Z (Worker pid=2198) (Worker_DP1_TP1_EP9 pid=2198) /usr/local/python3.11.14/lib/python3.11/site-packages/torch_npu/dynamo/torchair/configs/compiler_config.py:106: UserWarning: The following torchair config or properties may not take effect or report error in reduce-overhead mode: config.experimental_config.enable_view_optimize:True, set_dim_gears, dynamo_export, scope, npu_print
2026-03-19T04:16:43.8442387Z (Worker pid=4998) (Worker_DP1_TP6_EP14 pid=4998) /usr/local/python3.11.14/lib/python3.11/site-packages/torch_npu/dynamo/torchair/configs/compiler_config.py:106: UserWarning: The following torchair config or properties may not take effect or report error in reduce-overhead mode: config.experimental_config.enable_view_optimize:True, set_dim_gears, dynamo_export, scope, npu_print
2026-03-19T04:16:43.8453693Z (Worker pid=2766) (Worker_DP1_TP2_EP10 pid=2766) /usr/local/python3.11.14/lib/python3.11/site-packages/torch_npu/dynamo/torchair/configs/compiler_config.py:106: UserWarning: The following torchair config or properties may not take effect or report error in reduce-overhead mode: config.experimental_config.enable_view_optimize:True, set_dim_gears, dynamo_export, scope, npu_print
2026-03-19T04:16:43.8464140Z (Worker pid=1381) (Worker_DP1_TP0_EP8 pid=1381) /usr/local/python3.11.14/lib/python3.11/site-packages/torch_npu/dynamo/torchair/configs/compiler_config.py:106: UserWarning: The following torchair config or properties may not take effect or report error in reduce-overhead mode: config.experimental_config.enable_view_optimize:True, set_dim_gears, dynamo_export, scope, npu_print
2026-03-19T04:16:43.8472530Z (Worker pid=2198) (Worker_DP1_TP1_EP9 pid=2198)   warnings.warn(
2026-03-19T04:16:43.8481937Z (Worker pid=4998) (Worker_DP1_TP6_EP14 pid=4998)   warnings.warn(
2026-03-19T04:16:43.8491132Z (Worker pid=2766) (Worker_DP1_TP2_EP10 pid=2766)   warnings.warn(
2026-03-19T04:16:43.8503479Z (Worker pid=3882) (Worker_DP1_TP4_EP12 pid=3882) /usr/local/python3.11.14/lib/python3.11/site-packages/torch_npu/dynamo/torchair/configs/compiler_config.py:106: UserWarning: The following torchair config or properties may not take effect or report error in reduce-overhead mode: config.experimental_config.enable_view_optimize:True, set_dim_gears, dynamo_export, scope, npu_print
2026-03-19T04:16:43.8512427Z (Worker pid=1381) (Worker_DP1_TP0_EP8 pid=1381)   warnings.warn(
2026-03-19T04:16:43.8523478Z (Worker pid=3882) (Worker_DP1_TP4_EP12 pid=3882)   warnings.warn(
2026-03-19T04:16:43.8537135Z (Worker pid=4440) (Worker_DP1_TP5_EP13 pid=4440) /usr/local/python3.11.14/lib/python3.11/site-packages/torch_npu/dynamo/torchair/configs/compiler_config.py:106: UserWarning: The following torchair config or properties may not take effect or report error in reduce-overhead mode: config.experimental_config.enable_view_optimize:True, set_dim_gears, dynamo_export, scope, npu_print
2026-03-19T04:16:43.8545533Z (Worker pid=4440) (Worker_DP1_TP5_EP13 pid=4440)   warnings.warn(
2026-03-19T04:16:44.1457539Z (Worker pid=5553) (Worker_DP0_TP7_EP7 pid=5553) /usr/local/python3.11.14/lib/python3.11/site-packages/torch_npu/dynamo/torchair/configs/compiler_config.py:106: UserWarning: The following torchair config or properties may not take effect or report error in reduce-overhead mode: config.experimental_config.enable_view_optimize:True, set_dim_gears, dynamo_export, scope, npu_print
2026-03-19T04:16:44.1468006Z (Worker pid=2763) (Worker_DP0_TP2_EP2 pid=2763) /usr/local/python3.11.14/lib/python3.11/site-packages/torch_npu/dynamo/torchair/configs/compiler_config.py:106: UserWarning: The following torchair config or properties may not take effect or report error in reduce-overhead mode: config.experimental_config.enable_view_optimize:True, set_dim_gears, dynamo_export, scope, npu_print
2026-03-19T04:16:44.1478413Z (Worker pid=3321) (Worker_DP0_TP3_EP3 pid=3321) /usr/local/python3.11.14/lib/python3.11/site-packages/torch_npu/dynamo/torchair/configs/compiler_config.py:106: UserWarning: The following torchair config or properties may not take effect or report error in reduce-overhead mode: config.experimental_config.enable_view_optimize:True, set_dim_gears, dynamo_export, scope, npu_print
2026-03-19T04:16:44.1488518Z (Worker pid=4998) (Worker_DP1_TP6_EP14 pid=4998) /usr/local/python3.11.14/lib/python3.11/site-packages/torch_npu/dynamo/torchair/configs/compiler_config.py:106: UserWarning: The following torchair config or properties may not take effect or report error in reduce-overhead mode: config.experimental_config.enable_view_optimize:True, set_dim_gears, dynamo_export, scope, npu_print
2026-03-19T04:16:44.1499261Z (Worker pid=2766) (Worker_DP1_TP2_EP10 pid=2766) /usr/local/python3.11.14/lib/python3.11/site-packages/torch_npu/dynamo/torchair/configs/compiler_config.py:106: UserWarning: The following torchair config or properties may not take effect or report error in reduce-overhead mode: config.experimental_config.enable_view_optimize:True, set_dim_gears, dynamo_export, scope, npu_print
2026-03-19T04:16:44.1510701Z (Worker pid=4440) (Worker_DP1_TP5_EP13 pid=4440) /usr/local/python3.11.14/lib/python3.11/site-packages/torch_npu/dynamo/torchair/configs/compiler_config.py:106: UserWarning: The following torchair config or properties may not take effect or report error in reduce-overhead mode: config.experimental_config.enable_view_optimize:True, set_dim_gears, dynamo_export, scope, npu_print
2026-03-19T04:16:44.1518810Z (Worker pid=5553) (Worker_DP0_TP7_EP7 pid=5553)   warnings.warn(
2026-03-19T04:16:44.1528884Z (Worker pid=3321) (Worker_DP0_TP3_EP3 pid=3321)   warnings.warn(
2026-03-19T04:16:44.1538133Z (Worker pid=2763) (Worker_DP0_TP2_EP2 pid=2763)   warnings.warn(
2026-03-19T04:16:44.1548681Z (Worker pid=4998) (Worker_DP1_TP6_EP14 pid=4998)   warnings.warn(
2026-03-19T04:16:44.1558561Z (Worker pid=2766) (Worker_DP1_TP2_EP10 pid=2766)   warnings.warn(
2026-03-19T04:16:44.1570966Z (Worker pid=3879) (Worker_DP0_TP4_EP4 pid=3879) /usr/local/python3.11.14/lib/python3.11/site-packages/torch_npu/dynamo/torchair/configs/compiler_config.py:106: UserWarning: The following torchair config or properties may not take effect or report error in reduce-overhead mode: config.experimental_config.enable_view_optimize:True, set_dim_gears, dynamo_export, scope, npu_print
2026-03-19T04:16:44.1581980Z (Worker pid=3882) (Worker_DP1_TP4_EP12 pid=3882) /usr/local/python3.11.14/lib/python3.11/site-packages/torch_npu/dynamo/torchair/configs/compiler_config.py:106: UserWarning: The following torchair config or properties may not take effect or report error in reduce-overhead mode: config.experimental_config.enable_view_optimize:True, set_dim_gears, dynamo_export, scope, npu_print
2026-03-19T04:16:44.1590987Z (Worker pid=4440) (Worker_DP1_TP5_EP13 pid=4440)   warnings.warn(
2026-03-19T04:16:44.1602864Z (Worker pid=1380) (Worker_DP0_TP0_EP0 pid=1380) /usr/local/python3.11.14/lib/python3.11/site-packages/torch_npu/dynamo/torchair/configs/compiler_config.py:106: UserWarning: The following torchair config or properties may not take effect or report error in reduce-overhead mode: config.experimental_config.enable_view_optimize:True, set_dim_gears, dynamo_export, scope, npu_print
2026-03-19T04:16:44.1613824Z (Worker pid=1381) (Worker_DP1_TP0_EP8 pid=1381) /usr/local/python3.11.14/lib/python3.11/site-packages/torch_npu/dynamo/torchair/configs/compiler_config.py:106: UserWarning: The following torchair config or properties may not take effect or report error in reduce-overhead mode: config.experimental_config.enable_view_optimize:True, set_dim_gears, dynamo_export, scope, npu_print
2026-03-19T04:16:44.1624119Z (Worker pid=2198) (Worker_DP1_TP1_EP9 pid=2198) /usr/local/python3.11.14/lib/python3.11/site-packages/torch_npu/dynamo/torchair/configs/compiler_config.py:106: UserWarning: The following torchair config or properties may not take effect or report error in reduce-overhead mode: config.experimental_config.enable_view_optimize:True, set_dim_gears, dynamo_export, scope, npu_print
2026-03-19T04:16:44.1633935Z (Worker pid=3879) (Worker_DP0_TP4_EP4 pid=3879)   warnings.warn(
2026-03-19T04:16:44.1643003Z (Worker pid=3882) (Worker_DP1_TP4_EP12 pid=3882)   warnings.warn(
2026-03-19T04:16:44.1652533Z (Worker pid=1380) (Worker_DP0_TP0_EP0 pid=1380)   warnings.warn(
2026-03-19T04:16:44.1662959Z (Worker pid=2198) (Worker_DP1_TP1_EP9 pid=2198)   warnings.warn(
2026-03-19T04:16:44.1673431Z (Worker pid=1381) (Worker_DP1_TP0_EP8 pid=1381)   warnings.warn(
2026-03-19T04:16:44.1685542Z (Worker pid=2195) (Worker_DP0_TP1_EP1 pid=2195) /usr/local/python3.11.14/lib/python3.11/site-packages/torch_npu/dynamo/torchair/configs/compiler_config.py:106: UserWarning: The following torchair config or properties may not take effect or report error in reduce-overhead mode: config.experimental_config.enable_view_optimize:True, set_dim_gears, dynamo_export, scope, npu_print
2026-03-19T04:16:44.1695979Z (Worker pid=4995) (Worker_DP0_TP6_EP6 pid=4995) /usr/local/python3.11.14/lib/python3.11/site-packages/torch_npu/dynamo/torchair/configs/compiler_config.py:106: UserWarning: The following torchair config or properties may not take effect or report error in reduce-overhead mode: config.experimental_config.enable_view_optimize:True, set_dim_gears, dynamo_export, scope, npu_print
2026-03-19T04:16:44.1707314Z (Worker pid=3324) (Worker_DP1_TP3_EP11 pid=3324) /usr/local/python3.11.14/lib/python3.11/site-packages/torch_npu/dynamo/torchair/configs/compiler_config.py:106: UserWarning: The following torchair config or properties may not take effect or report error in reduce-overhead mode: config.experimental_config.enable_view_optimize:True, set_dim_gears, dynamo_export, scope, npu_print
2026-03-19T04:16:44.1715915Z (Worker pid=2195) (Worker_DP0_TP1_EP1 pid=2195)   warnings.warn(
2026-03-19T04:16:44.1727997Z (Worker pid=5620) (Worker_DP1_TP7_EP15 pid=5620) /usr/local/python3.11.14/lib/python3.11/site-packages/torch_npu/dynamo/torchair/configs/compiler_config.py:106: UserWarning: The following torchair config or properties may not take effect or report error in reduce-overhead mode: config.experimental_config.enable_view_optimize:True, set_dim_gears, dynamo_export, scope, npu_print
2026-03-19T04:16:44.1736624Z (Worker pid=4995) (Worker_DP0_TP6_EP6 pid=4995)   warnings.warn(
2026-03-19T04:16:44.1746759Z (Worker pid=3324) (Worker_DP1_TP3_EP11 pid=3324)   warnings.warn(
2026-03-19T04:16:44.1759147Z (Worker pid=4437) (Worker_DP0_TP5_EP5 pid=4437) /usr/local/python3.11.14/lib/python3.11/site-packages/torch_npu/dynamo/torchair/configs/compiler_config.py:106: UserWarning: The following torchair config or properties may not take effect or report error in reduce-overhead mode: config.experimental_config.enable_view_optimize:True, set_dim_gears, dynamo_export, scope, npu_print
2026-03-19T04:16:44.1767835Z (Worker pid=5620) (Worker_DP1_TP7_EP15 pid=5620)   warnings.warn(
2026-03-19T04:16:44.1777729Z (Worker pid=4437) (Worker_DP0_TP5_EP5 pid=4437)   warnings.warn(
2026-03-19T04:16:44.4697484Z (Worker pid=4995) (Worker_DP0_TP6_EP6 pid=4995) /usr/local/python3.11.14/lib/python3.11/site-packages/torch_npu/dynamo/torchair/configs/compiler_config.py:106: UserWarning: The following torchair config or properties may not take effect or report error in reduce-overhead mode: config.experimental_config.enable_view_optimize:True, set_dim_gears, dynamo_export, scope, npu_print
2026-03-19T04:16:44.4708581Z (Worker pid=2195) (Worker_DP0_TP1_EP1 pid=2195) /usr/local/python3.11.14/lib/python3.11/site-packages/torch_npu/dynamo/torchair/configs/compiler_config.py:106: UserWarning: The following torchair config or properties may not take effect or report error in reduce-overhead mode: config.experimental_config.enable_view_optimize:True, set_dim_gears, dynamo_export, scope, npu_print
2026-03-19T04:16:44.4767999Z (Worker pid=5620) (Worker_DP1_TP7_EP15 pid=5620) /usr/local/python3.11.14/lib/python3.11/site-packages/torch_npu/dynamo/torchair/configs/compiler_config.py:106: UserWarning: The following torchair config or properties may not take effect or report error in reduce-overhead mode: config.experimental_config.enable_view_optimize:True, set_dim_gears, dynamo_export, scope, npu_print
2026-03-19T04:16:44.4769438Z (Worker pid=4995) (Worker_DP0_TP6_EP6 pid=4995)   warnings.warn(
2026-03-19T04:16:44.4770022Z (Worker pid=2195) (Worker_DP0_TP1_EP1 pid=2195)   warnings.warn(
2026-03-19T04:16:44.4771479Z (Worker pid=3324) (Worker_DP1_TP3_EP11 pid=3324) /usr/local/python3.11.14/lib/python3.11/site-packages/torch_npu/dynamo/torchair/configs/compiler_config.py:106: UserWarning: The following torchair config or properties may not take effect or report error in reduce-overhead mode: config.experimental_config.enable_view_optimize:True, set_dim_gears, dynamo_export, scope, npu_print
2026-03-19T04:16:44.4772922Z (Worker pid=5620) (Worker_DP1_TP7_EP15 pid=5620)   warnings.warn(
2026-03-19T04:16:44.4773334Z (Worker pid=3324) (Worker_DP1_TP3_EP11 pid=3324)   warnings.warn(
2026-03-19T04:16:44.4780856Z (Worker pid=4437) (Worker_DP0_TP5_EP5 pid=4437) /usr/local/python3.11.14/lib/python3.11/site-packages/torch_npu/dynamo/torchair/configs/compiler_config.py:106: UserWarning: The following torchair config or properties may not take effect or report error in reduce-overhead mode: config.experimental_config.enable_view_optimize:True, set_dim_gears, dynamo_export, scope, npu_print
2026-03-19T04:16:44.4789688Z (Worker pid=4437) (Worker_DP0_TP5_EP5 pid=4437)   warnings.warn(
2026-03-19T04:16:44.4801433Z (Worker pid=2766) (Worker_DP1_TP2_EP10 pid=2766) /usr/local/python3.11.14/lib/python3.11/site-packages/torch_npu/dynamo/torchair/configs/compiler_config.py:106: UserWarning: The following torchair config or properties may not take effect or report error in reduce-overhead mode: config.experimental_config.enable_view_optimize:True, set_dim_gears, dynamo_export, scope, npu_print
2026-03-19T04:16:44.4809814Z (Worker pid=2766) (Worker_DP1_TP2_EP10 pid=2766)   warnings.warn(
2026-03-19T04:16:44.4821712Z (Worker pid=3321) (Worker_DP0_TP3_EP3 pid=3321) /usr/local/python3.11.14/lib/python3.11/site-packages/torch_npu/dynamo/torchair/configs/compiler_config.py:106: UserWarning: The following torchair config or properties may not take effect or report error in reduce-overhead mode: config.experimental_config.enable_view_optimize:True, set_dim_gears, dynamo_export, scope, npu_print
2026-03-19T04:16:44.4832998Z (Worker pid=2763) (Worker_DP0_TP2_EP2 pid=2763) /usr/local/python3.11.14/lib/python3.11/site-packages/torch_npu/dynamo/torchair/configs/compiler_config.py:106: UserWarning: The following torchair config or properties may not take effect or report error in reduce-overhead mode: config.experimental_config.enable_view_optimize:True, set_dim_gears, dynamo_export, scope, npu_print
2026-03-19T04:16:44.4843760Z (Worker pid=2198) (Worker_DP1_TP1_EP9 pid=2198) /usr/local/python3.11.14/lib/python3.11/site-packages/torch_npu/dynamo/torchair/configs/compiler_config.py:106: UserWarning: The following torchair config or properties may not take effect or report error in reduce-overhead mode: config.experimental_config.enable_view_optimize:True, set_dim_gears, dynamo_export, scope, npu_print
2026-03-19T04:16:44.4854426Z (Worker pid=1380) (Worker_DP0_TP0_EP0 pid=1380) /usr/local/python3.11.14/lib/python3.11/site-packages/torch_npu/dynamo/torchair/configs/compiler_config.py:106: UserWarning: The following torchair config or properties may not take effect or report error in reduce-overhead mode: config.experimental_config.enable_view_optimize:True, set_dim_gears, dynamo_export, scope, npu_print
2026-03-19T04:16:44.4864740Z (Worker pid=5553) (Worker_DP0_TP7_EP7 pid=5553) /usr/local/python3.11.14/lib/python3.11/site-packages/torch_npu/dynamo/torchair/configs/compiler_config.py:106: UserWarning: The following torchair config or properties may not take effect or report error in reduce-overhead mode: config.experimental_config.enable_view_optimize:True, set_dim_gears, dynamo_export, scope, npu_print
2026-03-19T04:16:44.4873553Z (Worker pid=3321) (Worker_DP0_TP3_EP3 pid=3321)   warnings.warn(
2026-03-19T04:16:44.4883960Z (Worker pid=2763) (Worker_DP0_TP2_EP2 pid=2763)   warnings.warn(
2026-03-19T04:16:44.4893426Z (Worker pid=2198) (Worker_DP1_TP1_EP9 pid=2198)   warnings.warn(
2026-03-19T04:16:44.4903923Z (Worker pid=1380) (Worker_DP0_TP0_EP0 pid=1380)   warnings.warn(
2026-03-19T04:16:44.4914233Z (Worker pid=5553) (Worker_DP0_TP7_EP7 pid=5553)   warnings.warn(
2026-03-19T04:16:44.4926015Z (Worker pid=3882) (Worker_DP1_TP4_EP12 pid=3882) /usr/local/python3.11.14/lib/python3.11/site-packages/torch_npu/dynamo/torchair/configs/compiler_config.py:106: UserWarning: The following torchair config or properties may not take effect or report error in reduce-overhead mode: config.experimental_config.enable_view_optimize:True, set_dim_gears, dynamo_export, scope, npu_print
2026-03-19T04:16:44.4936968Z (Worker pid=4998) (Worker_DP1_TP6_EP14 pid=4998) /usr/local/python3.11.14/lib/python3.11/site-packages/torch_npu/dynamo/torchair/configs/compiler_config.py:106: UserWarning: The following torchair config or properties may not take effect or report error in reduce-overhead mode: config.experimental_config.enable_view_optimize:True, set_dim_gears, dynamo_export, scope, npu_print
2026-03-19T04:16:44.4945506Z (Worker pid=3882) (Worker_DP1_TP4_EP12 pid=3882)   warnings.warn(
2026-03-19T04:16:44.4955836Z (Worker pid=4998) (Worker_DP1_TP6_EP14 pid=4998)   warnings.warn(
2026-03-19T04:16:44.4967725Z (Worker pid=1381) (Worker_DP1_TP0_EP8 pid=1381) /usr/local/python3.11.14/lib/python3.11/site-packages/torch_npu/dynamo/torchair/configs/compiler_config.py:106: UserWarning: The following torchair config or properties may not take effect or report error in reduce-overhead mode: config.experimental_config.enable_view_optimize:True, set_dim_gears, dynamo_export, scope, npu_print
2026-03-19T04:16:44.4978603Z (Worker pid=4440) (Worker_DP1_TP5_EP13 pid=4440) /usr/local/python3.11.14/lib/python3.11/site-packages/torch_npu/dynamo/torchair/configs/compiler_config.py:106: UserWarning: The following torchair config or properties may not take effect or report error in reduce-overhead mode: config.experimental_config.enable_view_optimize:True, set_dim_gears, dynamo_export, scope, npu_print
2026-03-19T04:16:44.4987350Z (Worker pid=1381) (Worker_DP1_TP0_EP8 pid=1381)   warnings.warn(
2026-03-19T04:16:44.4997494Z (Worker pid=4440) (Worker_DP1_TP5_EP13 pid=4440)   warnings.warn(
2026-03-19T04:16:44.5009540Z (Worker pid=3879) (Worker_DP0_TP4_EP4 pid=3879) /usr/local/python3.11.14/lib/python3.11/site-packages/torch_npu/dynamo/torchair/configs/compiler_config.py:106: UserWarning: The following torchair config or properties may not take effect or report error in reduce-overhead mode: config.experimental_config.enable_view_optimize:True, set_dim_gears, dynamo_export, scope, npu_print
2026-03-19T04:16:44.5018041Z (Worker pid=3879) (Worker_DP0_TP4_EP4 pid=3879)   warnings.warn(
2026-03-19T04:16:44.7903125Z (Worker pid=2766) (Worker_DP1_TP2_EP10 pid=2766) /usr/local/python3.11.14/lib/python3.11/site-packages/torch_npu/dynamo/torchair/configs/compiler_config.py:106: UserWarning: The following torchair config or properties may not take effect or report error in reduce-overhead mode: config.experimental_config.enable_view_optimize:True, set_dim_gears, dynamo_export, scope, npu_print
2026-03-19T04:16:44.7912100Z (Worker pid=4998) (Worker_DP1_TP6_EP14 pid=4998) /usr/local/python3.11.14/lib/python3.11/site-packages/torch_npu/dynamo/torchair/configs/compiler_config.py:106: UserWarning: The following torchair config or properties may not take effect or report error in reduce-overhead mode: config.experimental_config.enable_view_optimize:True, set_dim_gears, dynamo_export, scope, npu_print
2026-03-19T04:16:44.7920804Z (Worker pid=2766) (Worker_DP1_TP2_EP10 pid=2766)   warnings.warn(
2026-03-19T04:16:44.7931874Z (Worker pid=5553) (Worker_DP0_TP7_EP7 pid=5553) /usr/local/python3.11.14/lib/python3.11/site-packages/torch_npu/dynamo/torchair/configs/compiler_config.py:106: UserWarning: The following torchair config or properties may not take effect or report error in reduce-overhead mode: config.experimental_config.enable_view_optimize:True, set_dim_gears, dynamo_export, scope, npu_print
2026-03-19T04:16:44.7942657Z (Worker pid=4995) (Worker_DP0_TP6_EP6 pid=4995) /usr/local/python3.11.14/lib/python3.11/site-packages/torch_npu/dynamo/torchair/configs/compiler_config.py:106: UserWarning: The following torchair config or properties may not take effect or report error in reduce-overhead mode: config.experimental_config.enable_view_optimize:True, set_dim_gears, dynamo_export, scope, npu_print
2026-03-19T04:16:44.7951616Z (Worker pid=4998) (Worker_DP1_TP6_EP14 pid=4998)   warnings.warn(
2026-03-19T04:16:44.7963840Z (Worker pid=2198) (Worker_DP1_TP1_EP9 pid=2198) /usr/local/python3.11.14/lib/python3.11/site-packages/torch_npu/dynamo/torchair/configs/compiler_config.py:106: UserWarning: The following torchair config or properties may not take effect or report error in reduce-overhead mode: config.experimental_config.enable_view_optimize:True, set_dim_gears, dynamo_export, scope, npu_print
2026-03-19T04:16:44.7972313Z (Worker pid=5553) (Worker_DP0_TP7_EP7 pid=5553)   warnings.warn(
2026-03-19T04:16:44.7982582Z (Worker pid=4995) (Worker_DP0_TP6_EP6 pid=4995)   warnings.warn(
2026-03-19T04:16:44.7992426Z (Worker pid=2198) (Worker_DP1_TP1_EP9 pid=2198)   warnings.warn(
2026-03-19T04:16:44.8003919Z (Worker pid=2195) (Worker_DP0_TP1_EP1 pid=2195) /usr/local/python3.11.14/lib/python3.11/site-packages/torch_npu/dynamo/torchair/configs/compiler_config.py:106: UserWarning: The following torchair config or properties may not take effect or report error in reduce-overhead mode: config.experimental_config.enable_view_optimize:True, set_dim_gears, dynamo_export, scope, npu_print
2026-03-19T04:16:44.8014340Z (Worker pid=3882) (Worker_DP1_TP4_EP12 pid=3882) /usr/local/python3.11.14/lib/python3.11/site-packages/torch_npu/dynamo/torchair/configs/compiler_config.py:106: UserWarning: The following torchair config or properties may not take effect or report error in reduce-overhead mode: config.experimental_config.enable_view_optimize:True, set_dim_gears, dynamo_export, scope, npu_print
2026-03-19T04:16:44.8024861Z (Worker pid=1381) (Worker_DP1_TP0_EP8 pid=1381) /usr/local/python3.11.14/lib/python3.11/site-packages/torch_npu/dynamo/torchair/configs/compiler_config.py:106: UserWarning: The following torchair config or properties may not take effect or report error in reduce-overhead mode: config.experimental_config.enable_view_optimize:True, set_dim_gears, dynamo_export, scope, npu_print
2026-03-19T04:16:44.8033089Z (Worker pid=2195) (Worker_DP0_TP1_EP1 pid=2195)   warnings.warn(
2026-03-19T04:16:44.8042789Z (Worker pid=3882) (Worker_DP1_TP4_EP12 pid=3882)   warnings.warn(
2026-03-19T04:16:44.8054414Z (Worker pid=3321) (Worker_DP0_TP3_EP3 pid=3321) /usr/local/python3.11.14/lib/python3.11/site-packages/torch_npu/dynamo/torchair/configs/compiler_config.py:106: UserWarning: The following torchair config or properties may not take effect or report error in reduce-overhead mode: config.experimental_config.enable_view_optimize:True, set_dim_gears, dynamo_export, scope, npu_print
2026-03-19T04:16:44.8063363Z (Worker pid=1381) (Worker_DP1_TP0_EP8 pid=1381)   warnings.warn(
2026-03-19T04:16:44.8075558Z (Worker pid=2763) (Worker_DP0_TP2_EP2 pid=2763) /usr/local/python3.11.14/lib/python3.11/site-packages/torch_npu/dynamo/torchair/configs/compiler_config.py:106: UserWarning: The following torchair config or properties may not take effect or report error in reduce-overhead mode: config.experimental_config.enable_view_optimize:True, set_dim_gears, dynamo_export, scope, npu_print
2026-03-19T04:16:44.8086242Z (Worker pid=4437) (Worker_DP0_TP5_EP5 pid=4437) /usr/local/python3.11.14/lib/python3.11/site-packages/torch_npu/dynamo/torchair/configs/compiler_config.py:106: UserWarning: The following torchair config or properties may not take effect or report error in reduce-overhead mode: config.experimental_config.enable_view_optimize:True, set_dim_gears, dynamo_export, scope, npu_print
2026-03-19T04:16:44.8094460Z (Worker pid=3321) (Worker_DP0_TP3_EP3 pid=3321)   warnings.warn(
2026-03-19T04:16:44.8106674Z (Worker pid=3879) (Worker_DP0_TP4_EP4 pid=3879) /usr/local/python3.11.14/lib/python3.11/site-packages/torch_npu/dynamo/torchair/configs/compiler_config.py:106: UserWarning: The following torchair config or properties may not take effect or report error in reduce-overhead mode: config.experimental_config.enable_view_optimize:True, set_dim_gears, dynamo_export, scope, npu_print
2026-03-19T04:16:44.8115617Z (Worker pid=2763) (Worker_DP0_TP2_EP2 pid=2763)   warnings.warn(
2026-03-19T04:16:44.8127520Z (Worker pid=4437) (Worker_DP0_TP5_EP5 pid=4437)   warnings.warn(
2026-03-19T04:16:44.8138886Z (Worker pid=3879) (Worker_DP0_TP4_EP4 pid=3879)   warnings.warn(
2026-03-19T04:16:44.8151853Z (Worker pid=4440) (Worker_DP1_TP5_EP13 pid=4440) /usr/local/python3.11.14/lib/python3.11/site-packages/torch_npu/dynamo/torchair/configs/compiler_config.py:106: UserWarning: The following torchair config or properties may not take effect or report error in reduce-overhead mode: config.experimental_config.enable_view_optimize:True, set_dim_gears, dynamo_export, scope, npu_print
2026-03-19T04:16:44.8160727Z (Worker pid=4440) (Worker_DP1_TP5_EP13 pid=4440)   warnings.warn(
2026-03-19T04:16:44.8172127Z (Worker pid=3324) (Worker_DP1_TP3_EP11 pid=3324) /usr/local/python3.11.14/lib/python3.11/site-packages/torch_npu/dynamo/torchair/configs/compiler_config.py:106: UserWarning: The following torchair config or properties may not take effect or report error in reduce-overhead mode: config.experimental_config.enable_view_optimize:True, set_dim_gears, dynamo_export, scope, npu_print
2026-03-19T04:16:44.8180109Z (Worker pid=3324) (Worker_DP1_TP3_EP11 pid=3324)   warnings.warn(
2026-03-19T04:16:44.8192433Z (Worker pid=5620) (Worker_DP1_TP7_EP15 pid=5620) /usr/local/python3.11.14/lib/python3.11/site-packages/torch_npu/dynamo/torchair/configs/compiler_config.py:106: UserWarning: The following torchair config or properties may not take effect or report error in reduce-overhead mode: config.experimental_config.enable_view_optimize:True, set_dim_gears, dynamo_export, scope, npu_print
2026-03-19T04:16:44.8200806Z (Worker pid=5620) (Worker_DP1_TP7_EP15 pid=5620)   warnings.warn(
2026-03-19T04:16:44.8213944Z (Worker pid=1380) (Worker_DP0_TP0_EP0 pid=1380) /usr/local/python3.11.14/lib/python3.11/site-packages/torch_npu/dynamo/torchair/configs/compiler_config.py:106: UserWarning: The following torchair config or properties may not take effect or report error in reduce-overhead mode: config.experimental_config.enable_view_optimize:True, set_dim_gears, dynamo_export, scope, npu_print
2026-03-19T04:16:44.8221123Z (Worker pid=1380) (Worker_DP0_TP0_EP0 pid=1380)   warnings.warn(
2026-03-19T04:16:45.1128669Z (Worker pid=1380) (Worker_DP0_TP0_EP0 pid=1380) /usr/local/python3.11.14/lib/python3.11/site-packages/torch_npu/dynamo/torchair/configs/compiler_config.py:106: UserWarning: The following torchair config or properties may not take effect or report error in reduce-overhead mode: config.experimental_config.enable_view_optimize:True, set_dim_gears, dynamo_export, scope, npu_print
2026-03-19T04:16:45.1138502Z (Worker pid=4998) (Worker_DP1_TP6_EP14 pid=4998) /usr/local/python3.11.14/lib/python3.11/site-packages/torch_npu/dynamo/torchair/configs/compiler_config.py:106: UserWarning: The following torchair config or properties may not take effect or report error in reduce-overhead mode: config.experimental_config.enable_view_optimize:True, set_dim_gears, dynamo_export, scope, npu_print
2026-03-19T04:16:45.1149680Z (Worker pid=5620) (Worker_DP1_TP7_EP15 pid=5620) /usr/local/python3.11.14/lib/python3.11/site-packages/torch_npu/dynamo/torchair/configs/compiler_config.py:106: UserWarning: The following torchair config or properties may not take effect or report error in reduce-overhead mode: config.experimental_config.enable_view_optimize:True, set_dim_gears, dynamo_export, scope, npu_print
2026-03-19T04:16:45.1160394Z (Worker pid=5553) (Worker_DP0_TP7_EP7 pid=5553) /usr/local/python3.11.14/lib/python3.11/site-packages/torch_npu/dynamo/torchair/configs/compiler_config.py:106: UserWarning: The following torchair config or properties may not take effect or report error in reduce-overhead mode: config.experimental_config.enable_view_optimize:True, set_dim_gears, dynamo_export, scope, npu_print
2026-03-19T04:16:45.1169567Z (Worker pid=1380) (Worker_DP0_TP0_EP0 pid=1380)   warnings.warn(
2026-03-19T04:16:45.1178868Z (Worker pid=4998) (Worker_DP1_TP6_EP14 pid=4998)   warnings.warn(
2026-03-19T04:16:45.1191809Z (Worker pid=2766) (Worker_DP1_TP2_EP10 pid=2766) /usr/local/python3.11.14/lib/python3.11/site-packages/torch_npu/dynamo/torchair/configs/compiler_config.py:106: UserWarning: The following torchair config or properties may not take effect or report error in reduce-overhead mode: config.experimental_config.enable_view_optimize:True, set_dim_gears, dynamo_export, scope, npu_print
2026-03-19T04:16:45.1200712Z (Worker pid=5620) (Worker_DP1_TP7_EP15 pid=5620)   warnings.warn(
2026-03-19T04:16:45.1212014Z (Worker pid=2198) (Worker_DP1_TP1_EP9 pid=2198) /usr/local/python3.11.14/lib/python3.11/site-packages/torch_npu/dynamo/torchair/configs/compiler_config.py:106: UserWarning: The following torchair config or properties may not take effect or report error in reduce-overhead mode: config.experimental_config.enable_view_optimize:True, set_dim_gears, dynamo_export, scope, npu_print
2026-03-19T04:16:45.1220769Z (Worker pid=5553) (Worker_DP0_TP7_EP7 pid=5553)   warnings.warn(
2026-03-19T04:16:45.1232628Z (Worker pid=1381) (Worker_DP1_TP0_EP8 pid=1381) /usr/local/python3.11.14/lib/python3.11/site-packages/torch_npu/dynamo/torchair/configs/compiler_config.py:106: UserWarning: The following torchair config or properties may not take effect or report error in reduce-overhead mode: config.experimental_config.enable_view_optimize:True, set_dim_gears, dynamo_export, scope, npu_print
2026-03-19T04:16:45.1243583Z (Worker pid=3324) (Worker_DP1_TP3_EP11 pid=3324) /usr/local/python3.11.14/lib/python3.11/site-packages/torch_npu/dynamo/torchair/configs/compiler_config.py:106: UserWarning: The following torchair config or properties may not take effect or report error in reduce-overhead mode: config.experimental_config.enable_view_optimize:True, set_dim_gears, dynamo_export, scope, npu_print
2026-03-19T04:16:45.1251578Z (Worker pid=2766) (Worker_DP1_TP2_EP10 pid=2766)   warnings.warn(
2026-03-19T04:16:45.1264335Z (Worker pid=4440) (Worker_DP1_TP5_EP13 pid=4440) /usr/local/python3.11.14/lib/python3.11/site-packages/torch_npu/dynamo/torchair/configs/compiler_config.py:106: UserWarning: The following torchair config or properties may not take effect or report error in reduce-overhead mode: config.experimental_config.enable_view_optimize:True, set_dim_gears, dynamo_export, scope, npu_print
2026-03-19T04:16:45.1275431Z (Worker pid=3882) (Worker_DP1_TP4_EP12 pid=3882) /usr/local/python3.11.14/lib/python3.11/site-packages/torch_npu/dynamo/torchair/configs/compiler_config.py:106: UserWarning: The following torchair config or properties may not take effect or report error in reduce-overhead mode: config.experimental_config.enable_view_optimize:True, set_dim_gears, dynamo_export, scope, npu_print
2026-03-19T04:16:45.1283575Z (Worker pid=1381) (Worker_DP1_TP0_EP8 pid=1381)   warnings.warn(
2026-03-19T04:16:45.1292987Z (Worker pid=2198) (Worker_DP1_TP1_EP9 pid=2198)   warnings.warn(
2026-03-19T04:16:45.1305497Z (Worker pid=2763) (Worker_DP0_TP2_EP2 pid=2763) /usr/local/python3.11.14/lib/python3.11/site-packages/torch_npu/dynamo/torchair/configs/compiler_config.py:106: UserWarning: The following torchair config or properties may not take effect or report error in reduce-overhead mode: config.experimental_config.enable_view_optimize:True, set_dim_gears, dynamo_export, scope, npu_print
2026-03-19T04:16:45.1316855Z (Worker pid=3321) (Worker_DP0_TP3_EP3 pid=3321) /usr/local/python3.11.14/lib/python3.11/site-packages/torch_npu/dynamo/torchair/configs/compiler_config.py:106: UserWarning: The following torchair config or properties may not take effect or report error in reduce-overhead mode: config.experimental_config.enable_view_optimize:True, set_dim_gears, dynamo_export, scope, npu_print
2026-03-19T04:16:45.1327231Z (Worker pid=3879) (Worker_DP0_TP4_EP4 pid=3879) /usr/local/python3.11.14/lib/python3.11/site-packages/torch_npu/dynamo/torchair/configs/compiler_config.py:106: UserWarning: The following torchair config or properties may not take effect or report error in reduce-overhead mode: config.experimental_config.enable_view_optimize:True, set_dim_gears, dynamo_export, scope, npu_print
2026-03-19T04:16:45.1337965Z (Worker pid=4437) (Worker_DP0_TP5_EP5 pid=4437) /usr/local/python3.11.14/lib/python3.11/site-packages/torch_npu/dynamo/torchair/configs/compiler_config.py:106: UserWarning: The following torchair config or properties may not take effect or report error in reduce-overhead mode: config.experimental_config.enable_view_optimize:True, set_dim_gears, dynamo_export, scope, npu_print
2026-03-19T04:16:45.1346718Z (Worker pid=3324) (Worker_DP1_TP3_EP11 pid=3324)   warnings.warn(
2026-03-19T04:16:45.1356507Z (Worker pid=4440) (Worker_DP1_TP5_EP13 pid=4440)   warnings.warn(
2026-03-19T04:16:45.1366505Z (Worker pid=3882) (Worker_DP1_TP4_EP12 pid=3882)   warnings.warn(
2026-03-19T04:16:45.1377418Z (Worker pid=2763) (Worker_DP0_TP2_EP2 pid=2763)   warnings.warn(
2026-03-19T04:16:45.1387537Z (Worker pid=3321) (Worker_DP0_TP3_EP3 pid=3321)   warnings.warn(
2026-03-19T04:16:45.1397547Z (Worker pid=3879) (Worker_DP0_TP4_EP4 pid=3879)   warnings.warn(
2026-03-19T04:16:45.1407894Z (Worker pid=4437) (Worker_DP0_TP5_EP5 pid=4437)   warnings.warn(
2026-03-19T04:16:45.1419923Z (Worker pid=2195) (Worker_DP0_TP1_EP1 pid=2195) /usr/local/python3.11.14/lib/python3.11/site-packages/torch_npu/dynamo/torchair/configs/compiler_config.py:106: UserWarning: The following torchair config or properties may not take effect or report error in reduce-overhead mode: config.experimental_config.enable_view_optimize:True, set_dim_gears, dynamo_export, scope, npu_print
2026-03-19T04:16:45.1432650Z (Worker pid=4995) (Worker_DP0_TP6_EP6 pid=4995) /usr/local/python3.11.14/lib/python3.11/site-packages/torch_npu/dynamo/torchair/configs/compiler_config.py:106: UserWarning: The following torchair config or properties may not take effect or report error in reduce-overhead mode: config.experimental_config.enable_view_optimize:True, set_dim_gears, dynamo_export, scope, npu_print
2026-03-19T04:16:45.1440628Z (Worker pid=2195) (Worker_DP0_TP1_EP1 pid=2195)   warnings.warn(
2026-03-19T04:16:45.1450639Z (Worker pid=4995) (Worker_DP0_TP6_EP6 pid=4995)   warnings.warn(
2026-03-19T04:16:45.4390586Z (Worker pid=1380) (Worker_DP0_TP0_EP0 pid=1380) /usr/local/python3.11.14/lib/python3.11/site-packages/torch_npu/dynamo/torchair/configs/compiler_config.py:106: UserWarning: The following torchair config or properties may not take effect or report error in reduce-overhead mode: config.experimental_config.enable_view_optimize:True, set_dim_gears, dynamo_export, scope, npu_print
2026-03-19T04:16:45.4398798Z (Worker pid=4995) (Worker_DP0_TP6_EP6 pid=4995) /usr/local/python3.11.14/lib/python3.11/site-packages/torch_npu/dynamo/torchair/configs/compiler_config.py:106: UserWarning: The following torchair config or properties may not take effect or report error in reduce-overhead mode: config.experimental_config.enable_view_optimize:True, set_dim_gears, dynamo_export, scope, npu_print
2026-03-19T04:16:45.4409241Z (Worker pid=2195) (Worker_DP0_TP1_EP1 pid=2195) /usr/local/python3.11.14/lib/python3.11/site-packages/torch_npu/dynamo/torchair/configs/compiler_config.py:106: UserWarning: The following torchair config or properties may not take effect or report error in reduce-overhead mode: config.experimental_config.enable_view_optimize:True, set_dim_gears, dynamo_export, scope, npu_print
2026-03-19T04:16:45.4417216Z (Worker pid=1380) (Worker_DP0_TP0_EP0 pid=1380)   warnings.warn(
2026-03-19T04:16:45.4429672Z (Worker pid=4998) (Worker_DP1_TP6_EP14 pid=4998) /usr/local/python3.11.14/lib/python3.11/site-packages/torch_npu/dynamo/torchair/configs/compiler_config.py:106: UserWarning: The following torchair config or properties may not take effect or report error in reduce-overhead mode: config.experimental_config.enable_view_optimize:True, set_dim_gears, dynamo_export, scope, npu_print
2026-03-19T04:16:45.4440442Z (Worker pid=5620) (Worker_DP1_TP7_EP15 pid=5620) /usr/local/python3.11.14/lib/python3.11/site-packages/torch_npu/dynamo/torchair/configs/compiler_config.py:106: UserWarning: The following torchair config or properties may not take effect or report error in reduce-overhead mode: config.experimental_config.enable_view_optimize:True, set_dim_gears, dynamo_export, scope, npu_print
2026-03-19T04:16:45.4448494Z (Worker pid=4995) (Worker_DP0_TP6_EP6 pid=4995)   warnings.warn(
2026-03-19T04:16:45.4460202Z (Worker pid=3882) (Worker_DP1_TP4_EP12 pid=3882) /usr/local/python3.11.14/lib/python3.11/site-packages/torch_npu/dynamo/torchair/configs/compiler_config.py:106: UserWarning: The following torchair config or properties may not take effect or report error in reduce-overhead mode: config.experimental_config.enable_view_optimize:True, set_dim_gears, dynamo_export, scope, npu_print
2026-03-19T04:16:45.4471327Z (Worker pid=2198) (Worker_DP1_TP1_EP9 pid=2198) /usr/local/python3.11.14/lib/python3.11/site-packages/torch_npu/dynamo/torchair/configs/compiler_config.py:106: UserWarning: The following torchair config or properties may not take effect or report error in reduce-overhead mode: config.experimental_config.enable_view_optimize:True, set_dim_gears, dynamo_export, scope, npu_print
2026-03-19T04:16:45.4481473Z (Worker pid=4440) (Worker_DP1_TP5_EP13 pid=4440) /usr/local/python3.11.14/lib/python3.11/site-packages/torch_npu/dynamo/torchair/configs/compiler_config.py:106: UserWarning: The following torchair config or properties may not take effect or report error in reduce-overhead mode: config.experimental_config.enable_view_optimize:True, set_dim_gears, dynamo_export, scope, npu_print
2026-03-19T04:16:45.4489644Z (Worker pid=2195) (Worker_DP0_TP1_EP1 pid=2195)   warnings.warn(
2026-03-19T04:16:45.4501812Z (Worker pid=5553) (Worker_DP0_TP7_EP7 pid=5553) /usr/local/python3.11.14/lib/python3.11/site-packages/torch_npu/dynamo/torchair/configs/compiler_config.py:106: UserWarning: The following torchair config or properties may not take effect or report error in reduce-overhead mode: config.experimental_config.enable_view_optimize:True, set_dim_gears, dynamo_export, scope, npu_print
2026-03-19T04:16:45.4510969Z (Worker pid=5620) (Worker_DP1_TP7_EP15 pid=5620)   warnings.warn(
2026-03-19T04:16:45.4520746Z (Worker pid=4998) (Worker_DP1_TP6_EP14 pid=4998)   warnings.warn(
2026-03-19T04:16:45.4530441Z (Worker pid=3882) (Worker_DP1_TP4_EP12 pid=3882)   warnings.warn(
2026-03-19T04:16:45.4539607Z (Worker pid=2198) (Worker_DP1_TP1_EP9 pid=2198)   warnings.warn(
2026-03-19T04:16:45.4549759Z (Worker pid=4440) (Worker_DP1_TP5_EP13 pid=4440)   warnings.warn(
2026-03-19T04:16:45.4559045Z (Worker pid=5553) (Worker_DP0_TP7_EP7 pid=5553)   warnings.warn(
2026-03-19T04:16:45.4571111Z (Worker pid=3879) (Worker_DP0_TP4_EP4 pid=3879) /usr/local/python3.11.14/lib/python3.11/site-packages/torch_npu/dynamo/torchair/configs/compiler_config.py:106: UserWarning: The following torchair config or properties may not take effect or report error in reduce-overhead mode: config.experimental_config.enable_view_optimize:True, set_dim_gears, dynamo_export, scope, npu_print
2026-03-19T04:16:45.4581982Z (Worker pid=2766) (Worker_DP1_TP2_EP10 pid=2766) /usr/local/python3.11.14/lib/python3.11/site-packages/torch_npu/dynamo/torchair/configs/compiler_config.py:106: UserWarning: The following torchair config or properties may not take effect or report error in reduce-overhead mode: config.experimental_config.enable_view_optimize:True, set_dim_gears, dynamo_export, scope, npu_print
2026-03-19T04:16:45.4592838Z (Worker pid=4437) (Worker_DP0_TP5_EP5 pid=4437) /usr/local/python3.11.14/lib/python3.11/site-packages/torch_npu/dynamo/torchair/configs/compiler_config.py:106: UserWarning: The following torchair config or properties may not take effect or report error in reduce-overhead mode: config.experimental_config.enable_view_optimize:True, set_dim_gears, dynamo_export, scope, npu_print
2026-03-19T04:16:45.4601372Z (Worker pid=3879) (Worker_DP0_TP4_EP4 pid=3879)   warnings.warn(
2026-03-19T04:16:45.4611059Z (Worker pid=2766) (Worker_DP1_TP2_EP10 pid=2766)   warnings.warn(
2026-03-19T04:16:45.4621378Z (Worker pid=4437) (Worker_DP0_TP5_EP5 pid=4437)   warnings.warn(
2026-03-19T04:16:45.4633021Z (Worker pid=2763) (Worker_DP0_TP2_EP2 pid=2763) /usr/local/python3.11.14/lib/python3.11/site-packages/torch_npu/dynamo/torchair/configs/compiler_config.py:106: UserWarning: The following torchair config or properties may not take effect or report error in reduce-overhead mode: config.experimental_config.enable_view_optimize:True, set_dim_gears, dynamo_export, scope, npu_print
2026-03-19T04:16:45.4642935Z (Worker pid=1381) (Worker_DP1_TP0_EP8 pid=1381) /usr/local/python3.11.14/lib/python3.11/site-packages/torch_npu/dynamo/torchair/configs/compiler_config.py:106: UserWarning: The following torchair config or properties may not take effect or report error in reduce-overhead mode: config.experimental_config.enable_view_optimize:True, set_dim_gears, dynamo_export, scope, npu_print
2026-03-19T04:16:45.4652239Z (Worker pid=2763) (Worker_DP0_TP2_EP2 pid=2763)   warnings.warn(
2026-03-19T04:16:45.4662722Z (Worker pid=1381) (Worker_DP1_TP0_EP8 pid=1381)   warnings.warn(
2026-03-19T04:16:45.4673329Z (Worker pid=3321) (Worker_DP0_TP3_EP3 pid=3321) /usr/local/python3.11.14/lib/python3.11/site-packages/torch_npu/dynamo/torchair/configs/compiler_config.py:106: UserWarning: The following torchair config or properties may not take effect or report error in reduce-overhead mode: config.experimental_config.enable_view_optimize:True, set_dim_gears, dynamo_export, scope, npu_print
2026-03-19T04:16:45.4684216Z (Worker pid=3324) (Worker_DP1_TP3_EP11 pid=3324) /usr/local/python3.11.14/lib/python3.11/site-packages/torch_npu/dynamo/torchair/configs/compiler_config.py:106: UserWarning: The following torchair config or properties may not take effect or report error in reduce-overhead mode: config.experimental_config.enable_view_optimize:True, set_dim_gears, dynamo_export, scope, npu_print
2026-03-19T04:16:45.4692285Z (Worker pid=3321) (Worker_DP0_TP3_EP3 pid=3321)   warnings.warn(
2026-03-19T04:16:45.4712410Z (Worker pid=3324) (Worker_DP1_TP3_EP11 pid=3324)   warnings.warn(
2026-03-19T04:16:45.7620125Z (Worker pid=4995) (Worker_DP0_TP6_EP6 pid=4995) /usr/local/python3.11.14/lib/python3.11/site-packages/torch_npu/dynamo/torchair/configs/compiler_config.py:106: UserWarning: The following torchair config or properties may not take effect or report error in reduce-overhead mode: config.experimental_config.enable_view_optimize:True, set_dim_gears, dynamo_export, scope, npu_print
2026-03-19T04:16:45.7631121Z (Worker pid=1381) (Worker_DP1_TP0_EP8 pid=1381) /usr/local/python3.11.14/lib/python3.11/site-packages/torch_npu/dynamo/torchair/configs/compiler_config.py:106: UserWarning: The following torchair config or properties may not take effect or report error in reduce-overhead mode: config.experimental_config.enable_view_optimize:True, set_dim_gears, dynamo_export, scope, npu_print
2026-03-19T04:16:45.7640451Z (Worker pid=4995) (Worker_DP0_TP6_EP6 pid=4995)   warnings.warn(
2026-03-19T04:16:45.7648913Z (Worker pid=1381) (Worker_DP1_TP0_EP8 pid=1381)   warnings.warn(
2026-03-19T04:16:45.7661082Z (Worker pid=3882) (Worker_DP1_TP4_EP12 pid=3882) /usr/local/python3.11.14/lib/python3.11/site-packages/torch_npu/dynamo/torchair/configs/compiler_config.py:106: UserWarning: The following torchair config or properties may not take effect or report error in reduce-overhead mode: config.experimental_config.enable_view_optimize:True, set_dim_gears, dynamo_export, scope, npu_print
2026-03-19T04:16:45.7672314Z (Worker pid=4998) (Worker_DP1_TP6_EP14 pid=4998) /usr/local/python3.11.14/lib/python3.11/site-packages/torch_npu/dynamo/torchair/configs/compiler_config.py:106: UserWarning: The following torchair config or properties may not take effect or report error in reduce-overhead mode: config.experimental_config.enable_view_optimize:True, set_dim_gears, dynamo_export, scope, npu_print
2026-03-19T04:16:45.7683275Z (Worker pid=3879) (Worker_DP0_TP4_EP4 pid=3879) /usr/local/python3.11.14/lib/python3.11/site-packages/torch_npu/dynamo/torchair/configs/compiler_config.py:106: UserWarning: The following torchair config or properties may not take effect or report error in reduce-overhead mode: config.experimental_config.enable_view_optimize:True, set_dim_gears, dynamo_export, scope, npu_print
2026-03-19T04:16:45.7694875Z (Worker pid=5620) (Worker_DP1_TP7_EP15 pid=5620) /usr/local/python3.11.14/lib/python3.11/site-packages/torch_npu/dynamo/torchair/configs/compiler_config.py:106: UserWarning: The following torchair config or properties may not take effect or report error in reduce-overhead mode: config.experimental_config.enable_view_optimize:True, set_dim_gears, dynamo_export, scope, npu_print
2026-03-19T04:16:45.7724146Z (Worker pid=3882) (Worker_DP1_TP4_EP12 pid=3882)   warnings.warn(
2026-03-19T04:16:45.7725852Z (Worker pid=4437) (Worker_DP0_TP5_EP5 pid=4437) /usr/local/python3.11.14/lib/python3.11/site-packages/torch_npu/dynamo/torchair/configs/compiler_config.py:106: UserWarning: The following torchair config or properties may not take effect or report error in reduce-overhead mode: config.experimental_config.enable_view_optimize:True, set_dim_gears, dynamo_export, scope, npu_print
2026-03-19T04:16:45.7727305Z (Worker pid=4998) (Worker_DP1_TP6_EP14 pid=4998)   warnings.warn(
2026-03-19T04:16:45.7735517Z (Worker pid=3879) (Worker_DP0_TP4_EP4 pid=3879)   warnings.warn(
2026-03-19T04:16:45.7746243Z (Worker pid=5620) (Worker_DP1_TP7_EP15 pid=5620)   warnings.warn(
2026-03-19T04:16:45.7758618Z (Worker pid=2763) (Worker_DP0_TP2_EP2 pid=2763) /usr/local/python3.11.14/lib/python3.11/site-packages/torch_npu/dynamo/torchair/configs/compiler_config.py:106: UserWarning: The following torchair config or properties may not take effect or report error in reduce-overhead mode: config.experimental_config.enable_view_optimize:True, set_dim_gears, dynamo_export, scope, npu_print
2026-03-19T04:16:45.7768962Z (Worker pid=4437) (Worker_DP0_TP5_EP5 pid=4437)   warnings.warn(
2026-03-19T04:16:45.7779121Z (Worker pid=2195) (Worker_DP0_TP1_EP1 pid=2195) /usr/local/python3.11.14/lib/python3.11/site-packages/torch_npu/dynamo/torchair/configs/compiler_config.py:106: UserWarning: The following torchair config or properties may not take effect or report error in reduce-overhead mode: config.experimental_config.enable_view_optimize:True, set_dim_gears, dynamo_export, scope, npu_print
2026-03-19T04:16:45.7790716Z (Worker pid=1380) (Worker_DP0_TP0_EP0 pid=1380) /usr/local/python3.11.14/lib/python3.11/site-packages/torch_npu/dynamo/torchair/configs/compiler_config.py:106: UserWarning: The following torchair config or properties may not take effect or report error in reduce-overhead mode: config.experimental_config.enable_view_optimize:True, set_dim_gears, dynamo_export, scope, npu_print
2026-03-19T04:16:45.7801046Z (Worker pid=5553) (Worker_DP0_TP7_EP7 pid=5553) /usr/local/python3.11.14/lib/python3.11/site-packages/torch_npu/dynamo/torchair/configs/compiler_config.py:106: UserWarning: The following torchair config or properties may not take effect or report error in reduce-overhead mode: config.experimental_config.enable_view_optimize:True, set_dim_gears, dynamo_export, scope, npu_print
2026-03-19T04:16:45.7809667Z (Worker pid=2763) (Worker_DP0_TP2_EP2 pid=2763)   warnings.warn(
2026-03-19T04:16:45.7819218Z (Worker pid=2195) (Worker_DP0_TP1_EP1 pid=2195)   warnings.warn(
2026-03-19T04:16:45.7830097Z (Worker pid=1380) (Worker_DP0_TP0_EP0 pid=1380)   warnings.warn(
2026-03-19T04:16:45.7840355Z (Worker pid=5553) (Worker_DP0_TP7_EP7 pid=5553)   warnings.warn(
2026-03-19T04:16:45.7851850Z (Worker pid=3324) (Worker_DP1_TP3_EP11 pid=3324) /usr/local/python3.11.14/lib/python3.11/site-packages/torch_npu/dynamo/torchair/configs/compiler_config.py:106: UserWarning: The following torchair config or properties may not take effect or report error in reduce-overhead mode: config.experimental_config.enable_view_optimize:True, set_dim_gears, dynamo_export, scope, npu_print
2026-03-19T04:16:45.7878956Z (Worker pid=3321) (Worker_DP0_TP3_EP3 pid=3321) /usr/local/python3.11.14/lib/python3.11/site-packages/torch_npu/dynamo/torchair/configs/compiler_config.py:106: UserWarning: The following torchair config or properties may not take effect or report error in reduce-overhead mode: config.experimental_config.enable_view_optimize:True, set_dim_gears, dynamo_export, scope, npu_print
2026-03-19T04:16:45.7881603Z (Worker pid=2198) (Worker_DP1_TP1_EP9 pid=2198) /usr/local/python3.11.14/lib/python3.11/site-packages/torch_npu/dynamo/torchair/configs/compiler_config.py:106: UserWarning: The following torchair config or properties may not take effect or report error in reduce-overhead mode: config.experimental_config.enable_view_optimize:True, set_dim_gears, dynamo_export, scope, npu_print
2026-03-19T04:16:45.7883057Z (Worker pid=3324) (Worker_DP1_TP3_EP11 pid=3324)   warnings.warn(
2026-03-19T04:16:45.7894133Z (Worker pid=4440) (Worker_DP1_TP5_EP13 pid=4440) /usr/local/python3.11.14/lib/python3.11/site-packages/torch_npu/dynamo/torchair/configs/compiler_config.py:106: UserWarning: The following torchair config or properties may not take effect or report error in reduce-overhead mode: config.experimental_config.enable_view_optimize:True, set_dim_gears, dynamo_export, scope, npu_print
2026-03-19T04:16:45.7902267Z (Worker pid=3321) (Worker_DP0_TP3_EP3 pid=3321)   warnings.warn(
2026-03-19T04:16:45.7912249Z (Worker pid=2198) (Worker_DP1_TP1_EP9 pid=2198)   warnings.warn(
2026-03-19T04:16:45.7921707Z (Worker pid=4440) (Worker_DP1_TP5_EP13 pid=4440)   warnings.warn(
2026-03-19T04:16:45.7933631Z (Worker pid=2766) (Worker_DP1_TP2_EP10 pid=2766) /usr/local/python3.11.14/lib/python3.11/site-packages/torch_npu/dynamo/torchair/configs/compiler_config.py:106: UserWarning: The following torchair config or properties may not take effect or report error in reduce-overhead mode: config.experimental_config.enable_view_optimize:True, set_dim_gears, dynamo_export, scope, npu_print
2026-03-19T04:16:45.7990109Z (Worker pid=2766) (Worker_DP1_TP2_EP10 pid=2766)   warnings.warn(
2026-03-19T04:16:46.0812723Z (Worker pid=4995) (Worker_DP0_TP6_EP6 pid=4995) /usr/local/python3.11.14/lib/python3.11/site-packages/torch_npu/dynamo/torchair/configs/compiler_config.py:106: UserWarning: The following torchair config or properties may not take effect or report error in reduce-overhead mode: config.experimental_config.enable_view_optimize:True, set_dim_gears, dynamo_export, scope, npu_print
2026-03-19T04:16:46.0824899Z (Worker pid=2198) (Worker_DP1_TP1_EP9 pid=2198) /usr/local/python3.11.14/lib/python3.11/site-packages/torch_npu/dynamo/torchair/configs/compiler_config.py:106: UserWarning: The following torchair config or properties may not take effect or report error in reduce-overhead mode: config.experimental_config.enable_view_optimize:True, set_dim_gears, dynamo_export, scope, npu_print
2026-03-19T04:16:46.0836732Z (Worker pid=3882) (Worker_DP1_TP4_EP12 pid=3882) /usr/local/python3.11.14/lib/python3.11/site-packages/torch_npu/dynamo/torchair/configs/compiler_config.py:106: UserWarning: The following torchair config or properties may not take effect or report error in reduce-overhead mode: config.experimental_config.enable_view_optimize:True, set_dim_gears, dynamo_export, scope, npu_print
2026-03-19T04:16:46.0847714Z (Worker pid=4440) (Worker_DP1_TP5_EP13 pid=4440) /usr/local/python3.11.14/lib/python3.11/site-packages/torch_npu/dynamo/torchair/configs/compiler_config.py:106: UserWarning: The following torchair config or properties may not take effect or report error in reduce-overhead mode: config.experimental_config.enable_view_optimize:True, set_dim_gears, dynamo_export, scope, npu_print
2026-03-19T04:16:46.0856996Z (Worker pid=4995) (Worker_DP0_TP6_EP6 pid=4995)   warnings.warn(
2026-03-19T04:16:46.0867313Z (Worker pid=2198) (Worker_DP1_TP1_EP9 pid=2198)   warnings.warn(
2026-03-19T04:16:46.0879515Z (Worker pid=1381) (Worker_DP1_TP0_EP8 pid=1381) /usr/local/python3.11.14/lib/python3.11/site-packages/torch_npu/dynamo/torchair/configs/compiler_config.py:106: UserWarning: The following torchair config or properties may not take effect or report error in reduce-overhead mode: config.experimental_config.enable_view_optimize:True, set_dim_gears, dynamo_export, scope, npu_print
2026-03-19T04:16:46.0889749Z (Worker pid=3882) (Worker_DP1_TP4_EP12 pid=3882)   warnings.warn(
2026-03-19T04:16:46.0901168Z (Worker pid=2766) (Worker_DP1_TP2_EP10 pid=2766) /usr/local/python3.11.14/lib/python3.11/site-packages/torch_npu/dynamo/torchair/configs/compiler_config.py:106: UserWarning: The following torchair config or properties may not take effect or report error in reduce-overhead mode: config.experimental_config.enable_view_optimize:True, set_dim_gears, dynamo_export, scope, npu_print
2026-03-19T04:16:46.0911013Z (Worker pid=4440) (Worker_DP1_TP5_EP13 pid=4440)   warnings.warn(
2026-03-19T04:16:46.0921031Z (Worker pid=1381) (Worker_DP1_TP0_EP8 pid=1381)   warnings.warn(
2026-03-19T04:16:46.0932670Z (Worker pid=3879) (Worker_DP0_TP4_EP4 pid=3879) /usr/local/python3.11.14/lib/python3.11/site-packages/torch_npu/dynamo/torchair/configs/compiler_config.py:106: UserWarning: The following torchair config or properties may not take effect or report error in reduce-overhead mode: config.experimental_config.enable_view_optimize:True, set_dim_gears, dynamo_export, scope, npu_print
2026-03-19T04:16:46.0941532Z (Worker pid=2766) (Worker_DP1_TP2_EP10 pid=2766)   warnings.warn(
2026-03-19T04:16:46.0953544Z (Worker pid=4998) (Worker_DP1_TP6_EP14 pid=4998) /usr/local/python3.11.14/lib/python3.11/site-packages/torch_npu/dynamo/torchair/configs/compiler_config.py:106: UserWarning: The following torchair config or properties may not take effect or report error in reduce-overhead mode: config.experimental_config.enable_view_optimize:True, set_dim_gears, dynamo_export, scope, npu_print
2026-03-19T04:16:46.0964517Z (Worker pid=5620) (Worker_DP1_TP7_EP15 pid=5620) /usr/local/python3.11.14/lib/python3.11/site-packages/torch_npu/dynamo/torchair/configs/compiler_config.py:106: UserWarning: The following torchair config or properties may not take effect or report error in reduce-overhead mode: config.experimental_config.enable_view_optimize:True, set_dim_gears, dynamo_export, scope, npu_print
2026-03-19T04:16:46.0973260Z (Worker pid=3879) (Worker_DP0_TP4_EP4 pid=3879)   warnings.warn(
2026-03-19T04:16:46.0984065Z (Worker pid=4998) (Worker_DP1_TP6_EP14 pid=4998)   warnings.warn(
2026-03-19T04:16:46.0993918Z (Worker pid=5620) (Worker_DP1_TP7_EP15 pid=5620)   warnings.warn(
2026-03-19T04:16:46.1006722Z (Worker pid=3324) (Worker_DP1_TP3_EP11 pid=3324) /usr/local/python3.11.14/lib/python3.11/site-packages/torch_npu/dynamo/torchair/configs/compiler_config.py:106: UserWarning: The following torchair config or properties may not take effect or report error in reduce-overhead mode: config.experimental_config.enable_view_optimize:True, set_dim_gears, dynamo_export, scope, npu_print
2026-03-19T04:16:46.1014808Z (Worker pid=3324) (Worker_DP1_TP3_EP11 pid=3324)   warnings.warn(
2026-03-19T04:16:46.1026356Z (Worker pid=2763) (Worker_DP0_TP2_EP2 pid=2763) /usr/local/python3.11.14/lib/python3.11/site-packages/torch_npu/dynamo/torchair/configs/compiler_config.py:106: UserWarning: The following torchair config or properties may not take effect or report error in reduce-overhead mode: config.experimental_config.enable_view_optimize:True, set_dim_gears, dynamo_export, scope, npu_print
2026-03-19T04:16:46.1034994Z (Worker pid=2763) (Worker_DP0_TP2_EP2 pid=2763)   warnings.warn(
2026-03-19T04:16:46.1046903Z (Worker pid=4437) (Worker_DP0_TP5_EP5 pid=4437) /usr/local/python3.11.14/lib/python3.11/site-packages/torch_npu/dynamo/torchair/configs/compiler_config.py:106: UserWarning: The following torchair config or properties may not take effect or report error in reduce-overhead mode: config.experimental_config.enable_view_optimize:True, set_dim_gears, dynamo_export, scope, npu_print
2026-03-19T04:16:46.1055571Z (Worker pid=4437) (Worker_DP0_TP5_EP5 pid=4437)   warnings.warn(
2026-03-19T04:16:46.1067677Z (Worker pid=3321) (Worker_DP0_TP3_EP3 pid=3321) /usr/local/python3.11.14/lib/python3.11/site-packages/torch_npu/dynamo/torchair/configs/compiler_config.py:106: UserWarning: The following torchair config or properties may not take effect or report error in reduce-overhead mode: config.experimental_config.enable_view_optimize:True, set_dim_gears, dynamo_export, scope, npu_print
2026-03-19T04:16:46.1076406Z (Worker pid=3321) (Worker_DP0_TP3_EP3 pid=3321)   warnings.warn(
2026-03-19T04:16:46.1088391Z (Worker pid=1380) (Worker_DP0_TP0_EP0 pid=1380) /usr/local/python3.11.14/lib/python3.11/site-packages/torch_npu/dynamo/torchair/configs/compiler_config.py:106: UserWarning: The following torchair config or properties may not take effect or report error in reduce-overhead mode: config.experimental_config.enable_view_optimize:True, set_dim_gears, dynamo_export, scope, npu_print
2026-03-19T04:16:46.1097070Z (Worker pid=1380) (Worker_DP0_TP0_EP0 pid=1380)   warnings.warn(
2026-03-19T04:16:46.1109008Z (Worker pid=5553) (Worker_DP0_TP7_EP7 pid=5553) /usr/local/python3.11.14/lib/python3.11/site-packages/torch_npu/dynamo/torchair/configs/compiler_config.py:106: UserWarning: The following torchair config or properties may not take effect or report error in reduce-overhead mode: config.experimental_config.enable_view_optimize:True, set_dim_gears, dynamo_export, scope, npu_print
2026-03-19T04:16:46.1118272Z (Worker pid=5553) (Worker_DP0_TP7_EP7 pid=5553)   warnings.warn(
2026-03-19T04:16:46.1130123Z (Worker pid=2195) (Worker_DP0_TP1_EP1 pid=2195) /usr/local/python3.11.14/lib/python3.11/site-packages/torch_npu/dynamo/torchair/configs/compiler_config.py:106: UserWarning: The following torchair config or properties may not take effect or report error in reduce-overhead mode: config.experimental_config.enable_view_optimize:True, set_dim_gears, dynamo_export, scope, npu_print
2026-03-19T04:16:46.1137816Z (Worker pid=2195) (Worker_DP0_TP1_EP1 pid=2195)   warnings.warn(
2026-03-19T04:16:46.4036001Z (Worker pid=2195) (Worker_DP0_TP1_EP1 pid=2195) /usr/local/python3.11.14/lib/python3.11/site-packages/torch_npu/dynamo/torchair/configs/compiler_config.py:106: UserWarning: The following torchair config or properties may not take effect or report error in reduce-overhead mode: config.experimental_config.enable_view_optimize:True, set_dim_gears, dynamo_export, scope, npu_print
2026-03-19T04:16:46.4047945Z (Worker pid=4995) (Worker_DP0_TP6_EP6 pid=4995) /usr/local/python3.11.14/lib/python3.11/site-packages/torch_npu/dynamo/torchair/configs/compiler_config.py:106: UserWarning: The following torchair config or properties may not take effect or report error in reduce-overhead mode: config.experimental_config.enable_view_optimize:True, set_dim_gears, dynamo_export, scope, npu_print
2026-03-19T04:16:46.4056212Z (Worker pid=2195) (Worker_DP0_TP1_EP1 pid=2195)   warnings.warn(
2026-03-19T04:16:46.4068857Z (Worker pid=4437) (Worker_DP0_TP5_EP5 pid=4437) /usr/local/python3.11.14/lib/python3.11/site-packages/torch_npu/dynamo/torchair/configs/compiler_config.py:106: UserWarning: The following torchair config or properties may not take effect or report error in reduce-overhead mode: config.experimental_config.enable_view_optimize:True, set_dim_gears, dynamo_export, scope, npu_print
2026-03-19T04:16:46.4078030Z (Worker pid=4995) (Worker_DP0_TP6_EP6 pid=4995)   warnings.warn(
2026-03-19T04:16:46.4088659Z (Worker pid=4437) (Worker_DP0_TP5_EP5 pid=4437)   warnings.warn(
2026-03-19T04:16:46.4101087Z (Worker pid=5620) (Worker_DP1_TP7_EP15 pid=5620) /usr/local/python3.11.14/lib/python3.11/site-packages/torch_npu/dynamo/torchair/configs/compiler_config.py:106: UserWarning: The following torchair config or properties may not take effect or report error in reduce-overhead mode: config.experimental_config.enable_view_optimize:True, set_dim_gears, dynamo_export, scope, npu_print
2026-03-19T04:16:46.4111198Z (Worker pid=5620) (Worker_DP1_TP7_EP15 pid=5620)   warnings.warn(
2026-03-19T04:16:46.4123622Z (Worker pid=3324) (Worker_DP1_TP3_EP11 pid=3324) /usr/local/python3.11.14/lib/python3.11/site-packages/torch_npu/dynamo/torchair/configs/compiler_config.py:106: UserWarning: The following torchair config or properties may not take effect or report error in reduce-overhead mode: config.experimental_config.enable_view_optimize:True, set_dim_gears, dynamo_export, scope, npu_print
2026-03-19T04:16:46.4132258Z (Worker pid=3324) (Worker_DP1_TP3_EP11 pid=3324)   warnings.warn(
2026-03-19T04:16:46.4144613Z (Worker pid=5553) (Worker_DP0_TP7_EP7 pid=5553) /usr/local/python3.11.14/lib/python3.11/site-packages/torch_npu/dynamo/torchair/configs/compiler_config.py:106: UserWarning: The following torchair config or properties may not take effect or report error in reduce-overhead mode: config.experimental_config.enable_view_optimize:True, set_dim_gears, dynamo_export, scope, npu_print
2026-03-19T04:16:46.4154239Z (Worker pid=5553) (Worker_DP0_TP7_EP7 pid=5553)   warnings.warn(
2026-03-19T04:16:46.4166389Z (Worker pid=3879) (Worker_DP0_TP4_EP4 pid=3879) /usr/local/python3.11.14/lib/python3.11/site-packages/torch_npu/dynamo/torchair/configs/compiler_config.py:106: UserWarning: The following torchair config or properties may not take effect or report error in reduce-overhead mode: config.experimental_config.enable_view_optimize:True, set_dim_gears, dynamo_export, scope, npu_print
2026-03-19T04:16:46.4177858Z (Worker pid=4998) (Worker_DP1_TP6_EP14 pid=4998) /usr/local/python3.11.14/lib/python3.11/site-packages/torch_npu/dynamo/torchair/configs/compiler_config.py:106: UserWarning: The following torchair config or properties may not take effect or report error in reduce-overhead mode: config.experimental_config.enable_view_optimize:True, set_dim_gears, dynamo_export, scope, npu_print
2026-03-19T04:16:46.4187608Z (Worker pid=3879) (Worker_DP0_TP4_EP4 pid=3879)   warnings.warn(
2026-03-19T04:16:46.4197391Z (Worker pid=4998) (Worker_DP1_TP6_EP14 pid=4998)   warnings.warn(
2026-03-19T04:16:46.4211063Z (Worker pid=1380) (Worker_DP0_TP0_EP0 pid=1380) /usr/local/python3.11.14/lib/python3.11/site-packages/torch_npu/dynamo/torchair/configs/compiler_config.py:106: UserWarning: The following torchair config or properties may not take effect or report error in reduce-overhead mode: config.experimental_config.enable_view_optimize:True, set_dim_gears, dynamo_export, scope, npu_print
2026-03-19T04:16:46.4218857Z (Worker pid=1380) (Worker_DP0_TP0_EP0 pid=1380)   warnings.warn(
2026-03-19T04:16:46.4231697Z (Worker pid=4440) (Worker_DP1_TP5_EP13 pid=4440) /usr/local/python3.11.14/lib/python3.11/site-packages/torch_npu/dynamo/torchair/configs/compiler_config.py:106: UserWarning: The following torchair config or properties may not take effect or report error in reduce-overhead mode: config.experimental_config.enable_view_optimize:True, set_dim_gears, dynamo_export, scope, npu_print
2026-03-19T04:16:46.4242428Z (Worker pid=2766) (Worker_DP1_TP2_EP10 pid=2766) /usr/local/python3.11.14/lib/python3.11/site-packages/torch_npu/dynamo/torchair/configs/compiler_config.py:106: UserWarning: The following torchair config or properties may not take effect or report error in reduce-overhead mode: config.experimental_config.enable_view_optimize:True, set_dim_gears, dynamo_export, scope, npu_print
2026-03-19T04:16:46.4254057Z (Worker pid=3882) (Worker_DP1_TP4_EP12 pid=3882) /usr/local/python3.11.14/lib/python3.11/site-packages/torch_npu/dynamo/torchair/configs/compiler_config.py:106: UserWarning: The following torchair config or properties may not take effect or report error in reduce-overhead mode: config.experimental_config.enable_view_optimize:True, set_dim_gears, dynamo_export, scope, npu_print
2026-03-19T04:16:46.4263600Z (Worker pid=4440) (Worker_DP1_TP5_EP13 pid=4440)   warnings.warn(
2026-03-19T04:16:46.4276360Z (Worker pid=3321) (Worker_DP0_TP3_EP3 pid=3321) /usr/local/python3.11.14/lib/python3.11/site-packages/torch_npu/dynamo/torchair/configs/compiler_config.py:106: UserWarning: The following torchair config or properties may not take effect or report error in reduce-overhead mode: config.experimental_config.enable_view_optimize:True, set_dim_gears, dynamo_export, scope, npu_print
2026-03-19T04:16:46.4287357Z (Worker pid=2763) (Worker_DP0_TP2_EP2 pid=2763) /usr/local/python3.11.14/lib/python3.11/site-packages/torch_npu/dynamo/torchair/configs/compiler_config.py:106: UserWarning: The following torchair config or properties may not take effect or report error in reduce-overhead mode: config.experimental_config.enable_view_optimize:True, set_dim_gears, dynamo_export, scope, npu_print
2026-03-19T04:16:46.4297098Z (Worker pid=3882) (Worker_DP1_TP4_EP12 pid=3882)   warnings.warn(
2026-03-19T04:16:46.4306470Z (Worker pid=2766) (Worker_DP1_TP2_EP10 pid=2766)   warnings.warn(
2026-03-19T04:16:46.4319094Z (Worker pid=2198) (Worker_DP1_TP1_EP9 pid=2198) /usr/local/python3.11.14/lib/python3.11/site-packages/torch_npu/dynamo/torchair/configs/compiler_config.py:106: UserWarning: The following torchair config or properties may not take effect or report error in reduce-overhead mode: config.experimental_config.enable_view_optimize:True, set_dim_gears, dynamo_export, scope, npu_print
2026-03-19T04:16:46.4327571Z (Worker pid=3321) (Worker_DP0_TP3_EP3 pid=3321)   warnings.warn(
2026-03-19T04:16:46.4336921Z (Worker pid=2763) (Worker_DP0_TP2_EP2 pid=2763)   warnings.warn(
2026-03-19T04:16:46.4349340Z (Worker pid=1381) (Worker_DP1_TP0_EP8 pid=1381) /usr/local/python3.11.14/lib/python3.11/site-packages/torch_npu/dynamo/torchair/configs/compiler_config.py:106: UserWarning: The following torchair config or properties may not take effect or report error in reduce-overhead mode: config.experimental_config.enable_view_optimize:True, set_dim_gears, dynamo_export, scope, npu_print
2026-03-19T04:16:46.4358365Z (Worker pid=2198) (Worker_DP1_TP1_EP9 pid=2198)   warnings.warn(
2026-03-19T04:16:46.4367961Z (Worker pid=1381) (Worker_DP1_TP0_EP8 pid=1381)   warnings.warn(
2026-03-19T04:16:46.7243548Z (Worker pid=1380) (Worker_DP0_TP0_EP0 pid=1380) /usr/local/python3.11.14/lib/python3.11/site-packages/torch_npu/dynamo/torchair/configs/compiler_config.py:106: UserWarning: The following torchair config or properties may not take effect or report error in reduce-overhead mode: config.experimental_config.enable_view_optimize:True, set_dim_gears, dynamo_export, scope, npu_print
2026-03-19T04:16:46.7253878Z (Worker pid=4437) (Worker_DP0_TP5_EP5 pid=4437) /usr/local/python3.11.14/lib/python3.11/site-packages/torch_npu/dynamo/torchair/configs/compiler_config.py:106: UserWarning: The following torchair config or properties may not take effect or report error in reduce-overhead mode: config.experimental_config.enable_view_optimize:True, set_dim_gears, dynamo_export, scope, npu_print
2026-03-19T04:16:46.7264500Z (Worker pid=2763) (Worker_DP0_TP2_EP2 pid=2763) /usr/local/python3.11.14/lib/python3.11/site-packages/torch_npu/dynamo/torchair/configs/compiler_config.py:106: UserWarning: The following torchair config or properties may not take effect or report error in reduce-overhead mode: config.experimental_config.enable_view_optimize:True, set_dim_gears, dynamo_export, scope, npu_print
2026-03-19T04:16:46.7272532Z (Worker pid=1380) (Worker_DP0_TP0_EP0 pid=1380)   warnings.warn(
2026-03-19T04:16:46.7282351Z (Worker pid=4437) (Worker_DP0_TP5_EP5 pid=4437)   warnings.warn(
2026-03-19T04:16:46.7291578Z (Worker pid=2763) (Worker_DP0_TP2_EP2 pid=2763)   warnings.warn(
2026-03-19T04:16:46.7303623Z (Worker pid=3879) (Worker_DP0_TP4_EP4 pid=3879) /usr/local/python3.11.14/lib/python3.11/site-packages/torch_npu/dynamo/torchair/configs/compiler_config.py:106: UserWarning: The following torchair config or properties may not take effect or report error in reduce-overhead mode: config.experimental_config.enable_view_optimize:True, set_dim_gears, dynamo_export, scope, npu_print
2026-03-19T04:16:46.7314122Z (Worker pid=2195) (Worker_DP0_TP1_EP1 pid=2195) /usr/local/python3.11.14/lib/python3.11/site-packages/torch_npu/dynamo/torchair/configs/compiler_config.py:106: UserWarning: The following torchair config or properties may not take effect or report error in reduce-overhead mode: config.experimental_config.enable_view_optimize:True, set_dim_gears, dynamo_export, scope, npu_print
2026-03-19T04:16:46.7323117Z (Worker pid=3879) (Worker_DP0_TP4_EP4 pid=3879)   warnings.warn(
2026-03-19T04:16:46.7332768Z (Worker pid=2195) (Worker_DP0_TP1_EP1 pid=2195)   warnings.warn(
2026-03-19T04:16:46.7344153Z (Worker pid=4995) (Worker_DP0_TP6_EP6 pid=4995) /usr/local/python3.11.14/lib/python3.11/site-packages/torch_npu/dynamo/torchair/configs/compiler_config.py:106: UserWarning: The following torchair config or properties may not take effect or report error in reduce-overhead mode: config.experimental_config.enable_view_optimize:True, set_dim_gears, dynamo_export, scope, npu_print
2026-03-19T04:16:46.7354823Z (Worker pid=3321) (Worker_DP0_TP3_EP3 pid=3321) /usr/local/python3.11.14/lib/python3.11/site-packages/torch_npu/dynamo/torchair/configs/compiler_config.py:106: UserWarning: The following torchair config or properties may not take effect or report error in reduce-overhead mode: config.experimental_config.enable_view_optimize:True, set_dim_gears, dynamo_export, scope, npu_print
2026-03-19T04:16:46.7363823Z (Worker pid=4995) (Worker_DP0_TP6_EP6 pid=4995)   warnings.warn(
2026-03-19T04:16:46.7372959Z (Worker pid=3321) (Worker_DP0_TP3_EP3 pid=3321)   warnings.warn(
2026-03-19T04:16:46.7384986Z (Worker pid=5553) (Worker_DP0_TP7_EP7 pid=5553) /usr/local/python3.11.14/lib/python3.11/site-packages/torch_npu/dynamo/torchair/configs/compiler_config.py:106: UserWarning: The following torchair config or properties may not take effect or report error in reduce-overhead mode: config.experimental_config.enable_view_optimize:True, set_dim_gears, dynamo_export, scope, npu_print
2026-03-19T04:16:46.7393660Z (Worker pid=5553) (Worker_DP0_TP7_EP7 pid=5553)   warnings.warn(
2026-03-19T04:16:46.7405974Z (Worker pid=3882) (Worker_DP1_TP4_EP12 pid=3882) /usr/local/python3.11.14/lib/python3.11/site-packages/torch_npu/dynamo/torchair/configs/compiler_config.py:106: UserWarning: The following torchair config or properties may not take effect or report error in reduce-overhead mode: config.experimental_config.enable_view_optimize:True, set_dim_gears, dynamo_export, scope, npu_print
2026-03-19T04:16:46.7417094Z (Worker pid=4440) (Worker_DP1_TP5_EP13 pid=4440) /usr/local/python3.11.14/lib/python3.11/site-packages/torch_npu/dynamo/torchair/configs/compiler_config.py:106: UserWarning: The following torchair config or properties may not take effect or report error in reduce-overhead mode: config.experimental_config.enable_view_optimize:True, set_dim_gears, dynamo_export, scope, npu_print
2026-03-19T04:16:46.7425825Z (Worker pid=4440) (Worker_DP1_TP5_EP13 pid=4440)   warnings.warn(
2026-03-19T04:16:46.7435830Z (Worker pid=3882) (Worker_DP1_TP4_EP12 pid=3882)   warnings.warn(
2026-03-19T04:16:46.7447896Z (Worker pid=4998) (Worker_DP1_TP6_EP14 pid=4998) /usr/local/python3.11.14/lib/python3.11/site-packages/torch_npu/dynamo/torchair/configs/compiler_config.py:106: UserWarning: The following torchair config or properties may not take effect or report error in reduce-overhead mode: config.experimental_config.enable_view_optimize:True, set_dim_gears, dynamo_export, scope, npu_print
2026-03-19T04:16:46.7456909Z (Worker pid=4998) (Worker_DP1_TP6_EP14 pid=4998)   warnings.warn(
2026-03-19T04:16:46.7470475Z (Worker pid=5620) (Worker_DP1_TP7_EP15 pid=5620) /usr/local/python3.11.14/lib/python3.11/site-packages/torch_npu/dynamo/torchair/configs/compiler_config.py:106: UserWarning: The following torchair config or properties may not take effect or report error in reduce-overhead mode: config.experimental_config.enable_view_optimize:True, set_dim_gears, dynamo_export, scope, npu_print
2026-03-19T04:16:46.7481522Z (Worker pid=3324) (Worker_DP1_TP3_EP11 pid=3324) /usr/local/python3.11.14/lib/python3.11/site-packages/torch_npu/dynamo/torchair/configs/compiler_config.py:106: UserWarning: The following torchair config or properties may not take effect or report error in reduce-overhead mode: config.experimental_config.enable_view_optimize:True, set_dim_gears, dynamo_export, scope, npu_print
2026-03-19T04:16:46.7490157Z (Worker pid=3324) (Worker_DP1_TP3_EP11 pid=3324)   warnings.warn(
2026-03-19T04:16:46.7500429Z (Worker pid=5620) (Worker_DP1_TP7_EP15 pid=5620)   warnings.warn(
2026-03-19T04:16:46.7513667Z (Worker pid=1381) (Worker_DP1_TP0_EP8 pid=1381) /usr/local/python3.11.14/lib/python3.11/site-packages/torch_npu/dynamo/torchair/configs/compiler_config.py:106: UserWarning: The following torchair config or properties may not take effect or report error in reduce-overhead mode: config.experimental_config.enable_view_optimize:True, set_dim_gears, dynamo_export, scope, npu_print
2026-03-19T04:16:46.7522594Z (Worker pid=1381) (Worker_DP1_TP0_EP8 pid=1381)   warnings.warn(
2026-03-19T04:16:46.7534836Z (Worker pid=2198) (Worker_DP1_TP1_EP9 pid=2198) /usr/local/python3.11.14/lib/python3.11/site-packages/torch_npu/dynamo/torchair/configs/compiler_config.py:106: UserWarning: The following torchair config or properties may not take effect or report error in reduce-overhead mode: config.experimental_config.enable_view_optimize:True, set_dim_gears, dynamo_export, scope, npu_print
2026-03-19T04:16:46.7543455Z (Worker pid=2198) (Worker_DP1_TP1_EP9 pid=2198)   warnings.warn(
2026-03-19T04:16:46.7555601Z (Worker pid=2766) (Worker_DP1_TP2_EP10 pid=2766) /usr/local/python3.11.14/lib/python3.11/site-packages/torch_npu/dynamo/torchair/configs/compiler_config.py:106: UserWarning: The following torchair config or properties may not take effect or report error in reduce-overhead mode: config.experimental_config.enable_view_optimize:True, set_dim_gears, dynamo_export, scope, npu_print
2026-03-19T04:16:46.7564214Z (Worker pid=2766) (Worker_DP1_TP2_EP10 pid=2766)   warnings.warn(
2026-03-19T04:16:47.0452108Z (Worker pid=5620) (Worker_DP1_TP7_EP15 pid=5620) /usr/local/python3.11.14/lib/python3.11/site-packages/torch_npu/dynamo/torchair/configs/compiler_config.py:106: UserWarning: The following torchair config or properties may not take effect or report error in reduce-overhead mode: config.experimental_config.enable_view_optimize:True, set_dim_gears, dynamo_export, scope, npu_print
2026-03-19T04:16:47.0460197Z (Worker pid=5620) (Worker_DP1_TP7_EP15 pid=5620)   warnings.warn(
2026-03-19T04:16:47.0474722Z (Worker pid=3324) (Worker_DP1_TP3_EP11 pid=3324) /usr/local/python3.11.14/lib/python3.11/site-packages/torch_npu/dynamo/torchair/configs/compiler_config.py:106: UserWarning: The following torchair config or properties may not take effect or report error in reduce-overhead mode: config.experimental_config.enable_view_optimize:True, set_dim_gears, dynamo_export, scope, npu_print
2026-03-19T04:16:47.0483801Z (Worker pid=3324) (Worker_DP1_TP3_EP11 pid=3324)   warnings.warn(
2026-03-19T04:16:47.0495804Z (Worker pid=1380) (Worker_DP0_TP0_EP0 pid=1380) /usr/local/python3.11.14/lib/python3.11/site-packages/torch_npu/dynamo/torchair/configs/compiler_config.py:106: UserWarning: The following torchair config or properties may not take effect or report error in reduce-overhead mode: config.experimental_config.enable_view_optimize:True, set_dim_gears, dynamo_export, scope, npu_print
2026-03-19T04:16:47.0507757Z (Worker pid=2195) (Worker_DP0_TP1_EP1 pid=2195) /usr/local/python3.11.14/lib/python3.11/site-packages/torch_npu/dynamo/torchair/configs/compiler_config.py:106: UserWarning: The following torchair config or properties may not take effect or report error in reduce-overhead mode: config.experimental_config.enable_view_optimize:True, set_dim_gears, dynamo_export, scope, npu_print
2026-03-19T04:16:47.0519272Z (Worker pid=3321) (Worker_DP0_TP3_EP3 pid=3321) /usr/local/python3.11.14/lib/python3.11/site-packages/torch_npu/dynamo/torchair/configs/compiler_config.py:106: UserWarning: The following torchair config or properties may not take effect or report error in reduce-overhead mode: config.experimental_config.enable_view_optimize:True, set_dim_gears, dynamo_export, scope, npu_print
2026-03-19T04:16:47.0528528Z (Worker pid=2195) (Worker_DP0_TP1_EP1 pid=2195)   warnings.warn(
2026-03-19T04:16:47.0538764Z (Worker pid=1380) (Worker_DP0_TP0_EP0 pid=1380)   warnings.warn(
2026-03-19T04:16:47.0549512Z (Worker pid=3321) (Worker_DP0_TP3_EP3 pid=3321)   warnings.warn(
2026-03-19T04:16:47.0561899Z (Worker pid=4440) (Worker_DP1_TP5_EP13 pid=4440) /usr/local/python3.11.14/lib/python3.11/site-packages/torch_npu/dynamo/torchair/configs/compiler_config.py:106: UserWarning: The following torchair config or properties may not take effect or report error in reduce-overhead mode: config.experimental_config.enable_view_optimize:True, set_dim_gears, dynamo_export, scope, npu_print
2026-03-19T04:16:47.0573824Z (Worker pid=3882) (Worker_DP1_TP4_EP12 pid=3882) /usr/local/python3.11.14/lib/python3.11/site-packages/torch_npu/dynamo/torchair/configs/compiler_config.py:106: UserWarning: The following torchair config or properties may not take effect or report error in reduce-overhead mode: config.experimental_config.enable_view_optimize:True, set_dim_gears, dynamo_export, scope, npu_print
2026-03-19T04:16:47.0585518Z (Worker pid=1381) (Worker_DP1_TP0_EP8 pid=1381) /usr/local/python3.11.14/lib/python3.11/site-packages/torch_npu/dynamo/torchair/configs/compiler_config.py:106: UserWarning: The following torchair config or properties may not take effect or report error in reduce-overhead mode: config.experimental_config.enable_view_optimize:True, set_dim_gears, dynamo_export, scope, npu_print
2026-03-19T04:16:47.0594525Z (Worker pid=4440) (Worker_DP1_TP5_EP13 pid=4440)   warnings.warn(
2026-03-19T04:16:47.0606854Z (Worker pid=4998) (Worker_DP1_TP6_EP14 pid=4998) /usr/local/python3.11.14/lib/python3.11/site-packages/torch_npu/dynamo/torchair/configs/compiler_config.py:106: UserWarning: The following torchair config or properties may not take effect or report error in reduce-overhead mode: config.experimental_config.enable_view_optimize:True, set_dim_gears, dynamo_export, scope, npu_print
2026-03-19T04:16:47.0618188Z (Worker pid=2763) (Worker_DP0_TP2_EP2 pid=2763) /usr/local/python3.11.14/lib/python3.11/site-packages/torch_npu/dynamo/torchair/configs/compiler_config.py:106: UserWarning: The following torchair config or properties may not take effect or report error in reduce-overhead mode: config.experimental_config.enable_view_optimize:True, set_dim_gears, dynamo_export, scope, npu_print
2026-03-19T04:16:47.0626898Z (Worker pid=3882) (Worker_DP1_TP4_EP12 pid=3882)   warnings.warn(
2026-03-19T04:16:47.0638695Z (Worker pid=2766) (Worker_DP1_TP2_EP10 pid=2766) /usr/local/python3.11.14/lib/python3.11/site-packages/torch_npu/dynamo/torchair/configs/compiler_config.py:106: UserWarning: The following torchair config or properties may not take effect or report error in reduce-overhead mode: config.experimental_config.enable_view_optimize:True, set_dim_gears, dynamo_export, scope, npu_print
2026-03-19T04:16:47.0648041Z (Worker pid=1381) (Worker_DP1_TP0_EP8 pid=1381)   warnings.warn(
2026-03-19T04:16:47.0657583Z (Worker pid=4998) (Worker_DP1_TP6_EP14 pid=4998)   warnings.warn(
2026-03-19T04:16:47.0667492Z (Worker pid=2763) (Worker_DP0_TP2_EP2 pid=2763)   warnings.warn(
2026-03-19T04:16:47.0679549Z (Worker pid=3879) (Worker_DP0_TP4_EP4 pid=3879) /usr/local/python3.11.14/lib/python3.11/site-packages/torch_npu/dynamo/torchair/configs/compiler_config.py:106: UserWarning: The following torchair config or properties may not take effect or report error in reduce-overhead mode: config.experimental_config.enable_view_optimize:True, set_dim_gears, dynamo_export, scope, npu_print
2026-03-19T04:16:47.0687788Z (Worker pid=2766) (Worker_DP1_TP2_EP10 pid=2766)   warnings.warn(
2026-03-19T04:16:47.0700047Z (Worker pid=4437) (Worker_DP0_TP5_EP5 pid=4437) /usr/local/python3.11.14/lib/python3.11/site-packages/torch_npu/dynamo/torchair/configs/compiler_config.py:106: UserWarning: The following torchair config or properties may not take effect or report error in reduce-overhead mode: config.experimental_config.enable_view_optimize:True, set_dim_gears, dynamo_export, scope, npu_print
2026-03-19T04:16:47.0708843Z (Worker pid=3879) (Worker_DP0_TP4_EP4 pid=3879)   warnings.warn(
2026-03-19T04:16:47.0718524Z (Worker pid=4437) (Worker_DP0_TP5_EP5 pid=4437)   warnings.warn(
2026-03-19T04:16:47.0730190Z (Worker pid=5553) (Worker_DP0_TP7_EP7 pid=5553) /usr/local/python3.11.14/lib/python3.11/site-packages/torch_npu/dynamo/torchair/configs/compiler_config.py:106: UserWarning: The following torchair config or properties may not take effect or report error in reduce-overhead mode: config.experimental_config.enable_view_optimize:True, set_dim_gears, dynamo_export, scope, npu_print
2026-03-19T04:16:47.0741761Z (Worker pid=4995) (Worker_DP0_TP6_EP6 pid=4995) /usr/local/python3.11.14/lib/python3.11/site-packages/torch_npu/dynamo/torchair/configs/compiler_config.py:106: UserWarning: The following torchair config or properties may not take effect or report error in reduce-overhead mode: config.experimental_config.enable_view_optimize:True, set_dim_gears, dynamo_export, scope, npu_print
2026-03-19T04:16:47.0752739Z (Worker pid=4995) (Worker_DP0_TP6_EP6 pid=4995)   warnings.warn(
2026-03-19T04:16:47.0762602Z (Worker pid=5553) (Worker_DP0_TP7_EP7 pid=5553)   warnings.warn(
2026-03-19T04:16:47.0774252Z (Worker pid=2198) (Worker_DP1_TP1_EP9 pid=2198) /usr/local/python3.11.14/lib/python3.11/site-packages/torch_npu/dynamo/torchair/configs/compiler_config.py:106: UserWarning: The following torchair config or properties may not take effect or report error in reduce-overhead mode: config.experimental_config.enable_view_optimize:True, set_dim_gears, dynamo_export, scope, npu_print
2026-03-19T04:16:47.0783731Z (Worker pid=2198) (Worker_DP1_TP1_EP9 pid=2198)   warnings.warn(
2026-03-19T04:16:47.3690819Z (Worker pid=4995) (Worker_DP0_TP6_EP6 pid=4995) /usr/local/python3.11.14/lib/python3.11/site-packages/torch_npu/dynamo/torchair/configs/compiler_config.py:106: UserWarning: The following torchair config or properties may not take effect or report error in reduce-overhead mode: config.experimental_config.enable_view_optimize:True, set_dim_gears, dynamo_export, scope, npu_print
2026-03-19T04:16:47.3699506Z (Worker pid=4998) (Worker_DP1_TP6_EP14 pid=4998) /usr/local/python3.11.14/lib/python3.11/site-packages/torch_npu/dynamo/torchair/configs/compiler_config.py:106: UserWarning: The following torchair config or properties may not take effect or report error in reduce-overhead mode: config.experimental_config.enable_view_optimize:True, set_dim_gears, dynamo_export, scope, npu_print
2026-03-19T04:16:47.3711672Z (Worker pid=1380) (Worker_DP0_TP0_EP0 pid=1380) /usr/local/python3.11.14/lib/python3.11/site-packages/torch_npu/dynamo/torchair/configs/compiler_config.py:106: UserWarning: The following torchair config or properties may not take effect or report error in reduce-overhead mode: config.experimental_config.enable_view_optimize:True, set_dim_gears, dynamo_export, scope, npu_print
2026-03-19T04:16:47.3722174Z (Worker pid=3882) (Worker_DP1_TP4_EP12 pid=3882) /usr/local/python3.11.14/lib/python3.11/site-packages/torch_npu/dynamo/torchair/configs/compiler_config.py:106: UserWarning: The following torchair config or properties may not take effect or report error in reduce-overhead mode: config.experimental_config.enable_view_optimize:True, set_dim_gears, dynamo_export, scope, npu_print
2026-03-19T04:16:47.3732472Z (Worker pid=4440) (Worker_DP1_TP5_EP13 pid=4440) /usr/local/python3.11.14/lib/python3.11/site-packages/torch_npu/dynamo/torchair/configs/compiler_config.py:106: UserWarning: The following torchair config or properties may not take effect or report error in reduce-overhead mode: config.experimental_config.enable_view_optimize:True, set_dim_gears, dynamo_export, scope, npu_print
2026-03-19T04:16:47.3742995Z (Worker pid=4437) (Worker_DP0_TP5_EP5 pid=4437) /usr/local/python3.11.14/lib/python3.11/site-packages/torch_npu/dynamo/torchair/configs/compiler_config.py:106: UserWarning: The following torchair config or properties may not take effect or report error in reduce-overhead mode: config.experimental_config.enable_view_optimize:True, set_dim_gears, dynamo_export, scope, npu_print
2026-03-19T04:16:47.3751358Z (Worker pid=4995) (Worker_DP0_TP6_EP6 pid=4995)   warnings.warn(
2026-03-19T04:16:47.3761338Z (Worker pid=4998) (Worker_DP1_TP6_EP14 pid=4998)   warnings.warn(
2026-03-19T04:16:47.3770648Z (Worker pid=1380) (Worker_DP0_TP0_EP0 pid=1380)   warnings.warn(
2026-03-19T04:16:47.3782629Z (Worker pid=2195) (Worker_DP0_TP1_EP1 pid=2195) /usr/local/python3.11.14/lib/python3.11/site-packages/torch_npu/dynamo/torchair/configs/compiler_config.py:106: UserWarning: The following torchair config or properties may not take effect or report error in reduce-overhead mode: config.experimental_config.enable_view_optimize:True, set_dim_gears, dynamo_export, scope, npu_print
2026-03-19T04:16:47.3791022Z (Worker pid=3882) (Worker_DP1_TP4_EP12 pid=3882)   warnings.warn(
2026-03-19T04:16:47.3801538Z (Worker pid=4440) (Worker_DP1_TP5_EP13 pid=4440)   warnings.warn(
2026-03-19T04:16:47.3813872Z (Worker pid=2766) (Worker_DP1_TP2_EP10 pid=2766) /usr/local/python3.11.14/lib/python3.11/site-packages/torch_npu/dynamo/torchair/configs/compiler_config.py:106: UserWarning: The following torchair config or properties may not take effect or report error in reduce-overhead mode: config.experimental_config.enable_view_optimize:True, set_dim_gears, dynamo_export, scope, npu_print
2026-03-19T04:16:47.3822702Z (Worker pid=4437) (Worker_DP0_TP5_EP5 pid=4437)   warnings.warn(
2026-03-19T04:16:47.3834623Z (Worker pid=2198) (Worker_DP1_TP1_EP9 pid=2198) /usr/local/python3.11.14/lib/python3.11/site-packages/torch_npu/dynamo/torchair/configs/compiler_config.py:106: UserWarning: The following torchair config or properties may not take effect or report error in reduce-overhead mode: config.experimental_config.enable_view_optimize:True, set_dim_gears, dynamo_export, scope, npu_print
2026-03-19T04:16:47.3842898Z (Worker pid=2195) (Worker_DP0_TP1_EP1 pid=2195)   warnings.warn(
2026-03-19T04:16:47.3854583Z (Worker pid=5553) (Worker_DP0_TP7_EP7 pid=5553) /usr/local/python3.11.14/lib/python3.11/site-packages/torch_npu/dynamo/torchair/configs/compiler_config.py:106: UserWarning: The following torchair config or properties may not take effect or report error in reduce-overhead mode: config.experimental_config.enable_view_optimize:True, set_dim_gears, dynamo_export, scope, npu_print
2026-03-19T04:16:47.3863441Z (Worker pid=2766) (Worker_DP1_TP2_EP10 pid=2766)   warnings.warn(
2026-03-19T04:16:47.3873401Z (Worker pid=2198) (Worker_DP1_TP1_EP9 pid=2198)   warnings.warn(
2026-03-19T04:16:47.3884543Z (Worker pid=2763) (Worker_DP0_TP2_EP2 pid=2763) /usr/local/python3.11.14/lib/python3.11/site-packages/torch_npu/dynamo/torchair/configs/compiler_config.py:106: UserWarning: The following torchair config or properties may not take effect or report error in reduce-overhead mode: config.experimental_config.enable_view_optimize:True, set_dim_gears, dynamo_export, scope, npu_print
2026-03-19T04:16:47.3895098Z (Worker pid=3321) (Worker_DP0_TP3_EP3 pid=3321) /usr/local/python3.11.14/lib/python3.11/site-packages/torch_npu/dynamo/torchair/configs/compiler_config.py:106: UserWarning: The following torchair config or properties may not take effect or report error in reduce-overhead mode: config.experimental_config.enable_view_optimize:True, set_dim_gears, dynamo_export, scope, npu_print
2026-03-19T04:16:47.3906113Z (Worker pid=3879) (Worker_DP0_TP4_EP4 pid=3879) /usr/local/python3.11.14/lib/python3.11/site-packages/torch_npu/dynamo/torchair/configs/compiler_config.py:106: UserWarning: The following torchair config or properties may not take effect or report error in reduce-overhead mode: config.experimental_config.enable_view_optimize:True, set_dim_gears, dynamo_export, scope, npu_print
2026-03-19T04:16:47.3914322Z (Worker pid=5553) (Worker_DP0_TP7_EP7 pid=5553)   warnings.warn(
2026-03-19T04:16:47.3924343Z (Worker pid=2763) (Worker_DP0_TP2_EP2 pid=2763)   warnings.warn(
2026-03-19T04:16:47.3933950Z (Worker pid=3321) (Worker_DP0_TP3_EP3 pid=3321)   warnings.warn(
2026-03-19T04:16:47.3943757Z (Worker pid=3879) (Worker_DP0_TP4_EP4 pid=3879)   warnings.warn(
2026-03-19T04:16:47.3955475Z (Worker pid=1381) (Worker_DP1_TP0_EP8 pid=1381) /usr/local/python3.11.14/lib/python3.11/site-packages/torch_npu/dynamo/torchair/configs/compiler_config.py:106: UserWarning: The following torchair config or properties may not take effect or report error in reduce-overhead mode: config.experimental_config.enable_view_optimize:True, set_dim_gears, dynamo_export, scope, npu_print
2026-03-19T04:16:47.3963595Z (Worker pid=1381) (Worker_DP1_TP0_EP8 pid=1381)   warnings.warn(
2026-03-19T04:16:47.3975626Z (Worker pid=5620) (Worker_DP1_TP7_EP15 pid=5620) /usr/local/python3.11.14/lib/python3.11/site-packages/torch_npu/dynamo/torchair/configs/compiler_config.py:106: UserWarning: The following torchair config or properties may not take effect or report error in reduce-overhead mode: config.experimental_config.enable_view_optimize:True, set_dim_gears, dynamo_export, scope, npu_print
2026-03-19T04:16:47.3984172Z (Worker pid=5620) (Worker_DP1_TP7_EP15 pid=5620)   warnings.warn(
2026-03-19T04:16:47.3996283Z (Worker pid=3324) (Worker_DP1_TP3_EP11 pid=3324) /usr/local/python3.11.14/lib/python3.11/site-packages/torch_npu/dynamo/torchair/configs/compiler_config.py:106: UserWarning: The following torchair config or properties may not take effect or report error in reduce-overhead mode: config.experimental_config.enable_view_optimize:True, set_dim_gears, dynamo_export, scope, npu_print
2026-03-19T04:16:47.4004766Z (Worker pid=3324) (Worker_DP1_TP3_EP11 pid=3324)   warnings.warn(
2026-03-19T04:16:47.6893442Z (Worker pid=3879) (Worker_DP0_TP4_EP4 pid=3879) /usr/local/python3.11.14/lib/python3.11/site-packages/torch_npu/dynamo/torchair/configs/compiler_config.py:106: UserWarning: The following torchair config or properties may not take effect or report error in reduce-overhead mode: config.experimental_config.enable_view_optimize:True, set_dim_gears, dynamo_export, scope, npu_print
2026-03-19T04:16:47.6904096Z (Worker pid=4995) (Worker_DP0_TP6_EP6 pid=4995) /usr/local/python3.11.14/lib/python3.11/site-packages/torch_npu/dynamo/torchair/configs/compiler_config.py:106: UserWarning: The following torchair config or properties may not take effect or report error in reduce-overhead mode: config.experimental_config.enable_view_optimize:True, set_dim_gears, dynamo_export, scope, npu_print
2026-03-19T04:16:47.6913621Z (Worker pid=3882) (Worker_DP1_TP4_EP12 pid=3882) /usr/local/python3.11.14/lib/python3.11/site-packages/torch_npu/dynamo/torchair/configs/compiler_config.py:106: UserWarning: The following torchair config or properties may not take effect or report error in reduce-overhead mode: config.experimental_config.enable_view_optimize:True, set_dim_gears, dynamo_export, scope, npu_print
2026-03-19T04:16:47.6924800Z (Worker pid=4437) (Worker_DP0_TP5_EP5 pid=4437) /usr/local/python3.11.14/lib/python3.11/site-packages/torch_npu/dynamo/torchair/configs/compiler_config.py:106: UserWarning: The following torchair config or properties may not take effect or report error in reduce-overhead mode: config.experimental_config.enable_view_optimize:True, set_dim_gears, dynamo_export, scope, npu_print
2026-03-19T04:16:47.6933015Z (Worker pid=3879) (Worker_DP0_TP4_EP4 pid=3879)   warnings.warn(
2026-03-19T04:16:47.6945366Z (Worker pid=4998) (Worker_DP1_TP6_EP14 pid=4998) /usr/local/python3.11.14/lib/python3.11/site-packages/torch_npu/dynamo/torchair/configs/compiler_config.py:106: UserWarning: The following torchair config or properties may not take effect or report error in reduce-overhead mode: config.experimental_config.enable_view_optimize:True, set_dim_gears, dynamo_export, scope, npu_print
2026-03-19T04:16:47.6952932Z (Worker pid=4995) (Worker_DP0_TP6_EP6 pid=4995)   warnings.warn(
2026-03-19T04:16:47.6964710Z (Worker pid=5553) (Worker_DP0_TP7_EP7 pid=5553) /usr/local/python3.11.14/lib/python3.11/site-packages/torch_npu/dynamo/torchair/configs/compiler_config.py:106: UserWarning: The following torchair config or properties may not take effect or report error in reduce-overhead mode: config.experimental_config.enable_view_optimize:True, set_dim_gears, dynamo_export, scope, npu_print
2026-03-19T04:16:47.6972505Z (Worker pid=3882) (Worker_DP1_TP4_EP12 pid=3882)   warnings.warn(
2026-03-19T04:16:47.6984172Z (Worker pid=4440) (Worker_DP1_TP5_EP13 pid=4440) /usr/local/python3.11.14/lib/python3.11/site-packages/torch_npu/dynamo/torchair/configs/compiler_config.py:106: UserWarning: The following torchair config or properties may not take effect or report error in reduce-overhead mode: config.experimental_config.enable_view_optimize:True, set_dim_gears, dynamo_export, scope, npu_print
2026-03-19T04:16:47.6994921Z (Worker pid=3321) (Worker_DP0_TP3_EP3 pid=3321) /usr/local/python3.11.14/lib/python3.11/site-packages/torch_npu/dynamo/torchair/configs/compiler_config.py:106: UserWarning: The following torchair config or properties may not take effect or report error in reduce-overhead mode: config.experimental_config.enable_view_optimize:True, set_dim_gears, dynamo_export, scope, npu_print
2026-03-19T04:16:47.7003574Z (Worker pid=4437) (Worker_DP0_TP5_EP5 pid=4437)   warnings.warn(
2026-03-19T04:16:47.7015251Z (Worker pid=5620) (Worker_DP1_TP7_EP15 pid=5620) /usr/local/python3.11.14/lib/python3.11/site-packages/torch_npu/dynamo/torchair/configs/compiler_config.py:106: UserWarning: The following torchair config or properties may not take effect or report error in reduce-overhead mode: config.experimental_config.enable_view_optimize:True, set_dim_gears, dynamo_export, scope, npu_print
2026-03-19T04:16:47.7025843Z (Worker pid=2766) (Worker_DP1_TP2_EP10 pid=2766) /usr/local/python3.11.14/lib/python3.11/site-packages/torch_npu/dynamo/torchair/configs/compiler_config.py:106: UserWarning: The following torchair config or properties may not take effect or report error in reduce-overhead mode: config.experimental_config.enable_view_optimize:True, set_dim_gears, dynamo_export, scope, npu_print
2026-03-19T04:16:47.7033942Z (Worker pid=4440) (Worker_DP1_TP5_EP13 pid=4440)   warnings.warn(
2026-03-19T04:16:47.7043544Z (Worker pid=4998) (Worker_DP1_TP6_EP14 pid=4998)   warnings.warn(
2026-03-19T04:16:47.7054104Z (Worker pid=2766) (Worker_DP1_TP2_EP10 pid=2766)   warnings.warn(
2026-03-19T04:16:47.7066180Z (Worker pid=2198) (Worker_DP1_TP1_EP9 pid=2198) /usr/local/python3.11.14/lib/python3.11/site-packages/torch_npu/dynamo/torchair/configs/compiler_config.py:106: UserWarning: The following torchair config or properties may not take effect or report error in reduce-overhead mode: config.experimental_config.enable_view_optimize:True, set_dim_gears, dynamo_export, scope, npu_print
2026-03-19T04:16:47.7076464Z (Worker pid=3324) (Worker_DP1_TP3_EP11 pid=3324) /usr/local/python3.11.14/lib/python3.11/site-packages/torch_npu/dynamo/torchair/configs/compiler_config.py:106: UserWarning: The following torchair config or properties may not take effect or report error in reduce-overhead mode: config.experimental_config.enable_view_optimize:True, set_dim_gears, dynamo_export, scope, npu_print
2026-03-19T04:16:47.7084560Z (Worker pid=5553) (Worker_DP0_TP7_EP7 pid=5553)   warnings.warn(
2026-03-19T04:16:47.7096088Z (Worker pid=1381) (Worker_DP1_TP0_EP8 pid=1381) /usr/local/python3.11.14/lib/python3.11/site-packages/torch_npu/dynamo/torchair/configs/compiler_config.py:106: UserWarning: The following torchair config or properties may not take effect or report error in reduce-overhead mode: config.experimental_config.enable_view_optimize:True, set_dim_gears, dynamo_export, scope, npu_print
2026-03-19T04:16:47.7104804Z (Worker pid=3321) (Worker_DP0_TP3_EP3 pid=3321)   warnings.warn(
2026-03-19T04:16:47.7114197Z (Worker pid=5620) (Worker_DP1_TP7_EP15 pid=5620)   warnings.warn(
2026-03-19T04:16:47.7124547Z (Worker pid=2198) (Worker_DP1_TP1_EP9 pid=2198)   warnings.warn(
2026-03-19T04:16:47.7133423Z (Worker pid=1381) (Worker_DP1_TP0_EP8 pid=1381)   warnings.warn(
2026-03-19T04:16:47.7143866Z (Worker pid=3324) (Worker_DP1_TP3_EP11 pid=3324)   warnings.warn(
2026-03-19T04:16:47.7155423Z (Worker pid=1380) (Worker_DP0_TP0_EP0 pid=1380) /usr/local/python3.11.14/lib/python3.11/site-packages/torch_npu/dynamo/torchair/configs/compiler_config.py:106: UserWarning: The following torchair config or properties may not take effect or report error in reduce-overhead mode: config.experimental_config.enable_view_optimize:True, set_dim_gears, dynamo_export, scope, npu_print
2026-03-19T04:16:47.7162905Z (Worker pid=1380) (Worker_DP0_TP0_EP0 pid=1380)   warnings.warn(
2026-03-19T04:16:47.7174631Z (Worker pid=2195) (Worker_DP0_TP1_EP1 pid=2195) /usr/local/python3.11.14/lib/python3.11/site-packages/torch_npu/dynamo/torchair/configs/compiler_config.py:106: UserWarning: The following torchair config or properties may not take effect or report error in reduce-overhead mode: config.experimental_config.enable_view_optimize:True, set_dim_gears, dynamo_export, scope, npu_print
2026-03-19T04:16:47.7182980Z (Worker pid=2195) (Worker_DP0_TP1_EP1 pid=2195)   warnings.warn(
2026-03-19T04:16:47.7195012Z (Worker pid=2763) (Worker_DP0_TP2_EP2 pid=2763) /usr/local/python3.11.14/lib/python3.11/site-packages/torch_npu/dynamo/torchair/configs/compiler_config.py:106: UserWarning: The following torchair config or properties may not take effect or report error in reduce-overhead mode: config.experimental_config.enable_view_optimize:True, set_dim_gears, dynamo_export, scope, npu_print
2026-03-19T04:16:47.7203511Z (Worker pid=2763) (Worker_DP0_TP2_EP2 pid=2763)   warnings.warn(
2026-03-19T04:16:48.0151020Z (Worker pid=4998) (Worker_DP1_TP6_EP14 pid=4998) /usr/local/python3.11.14/lib/python3.11/site-packages/torch_npu/dynamo/torchair/configs/compiler_config.py:106: UserWarning: The following torchair config or properties may not take effect or report error in reduce-overhead mode: config.experimental_config.enable_view_optimize:True, set_dim_gears, dynamo_export, scope, npu_print
2026-03-19T04:16:48.0168003Z (Worker pid=4437) (Worker_DP0_TP5_EP5 pid=4437) /usr/local/python3.11.14/lib/python3.11/site-packages/torch_npu/dynamo/torchair/configs/compiler_config.py:106: UserWarning: The following torchair config or properties may not take effect or report error in reduce-overhead mode: config.experimental_config.enable_view_optimize:True, set_dim_gears, dynamo_export, scope, npu_print
2026-03-19T04:16:48.0181030Z (Worker pid=3879) (Worker_DP0_TP4_EP4 pid=3879) /usr/local/python3.11.14/lib/python3.11/site-packages/torch_npu/dynamo/torchair/configs/compiler_config.py:106: UserWarning: The following torchair config or properties may not take effect or report error in reduce-overhead mode: config.experimental_config.enable_view_optimize:True, set_dim_gears, dynamo_export, scope, npu_print
2026-03-19T04:16:48.0193100Z (Worker pid=5620) (Worker_DP1_TP7_EP15 pid=5620) /usr/local/python3.11.14/lib/python3.11/site-packages/torch_npu/dynamo/torchair/configs/compiler_config.py:106: UserWarning: The following torchair config or properties may not take effect or report error in reduce-overhead mode: config.experimental_config.enable_view_optimize:True, set_dim_gears, dynamo_export, scope, npu_print
2026-03-19T04:16:48.0204282Z (Worker pid=2766) (Worker_DP1_TP2_EP10 pid=2766) /usr/local/python3.11.14/lib/python3.11/site-packages/torch_npu/dynamo/torchair/configs/compiler_config.py:106: UserWarning: The following torchair config or properties may not take effect or report error in reduce-overhead mode: config.experimental_config.enable_view_optimize:True, set_dim_gears, dynamo_export, scope, npu_print
2026-03-19T04:16:48.0213818Z (Worker pid=4998) (Worker_DP1_TP6_EP14 pid=4998)   warnings.warn(
2026-03-19T04:16:48.0225220Z (Worker pid=4437) (Worker_DP0_TP5_EP5 pid=4437)   warnings.warn(
2026-03-19T04:16:48.0235507Z (Worker pid=5620) (Worker_DP1_TP7_EP15 pid=5620)   warnings.warn(
2026-03-19T04:16:48.0246884Z (Worker pid=3879) (Worker_DP0_TP4_EP4 pid=3879)   warnings.warn(
2026-03-19T04:16:48.0260195Z (Worker pid=3324) (Worker_DP1_TP3_EP11 pid=3324) /usr/local/python3.11.14/lib/python3.11/site-packages/torch_npu/dynamo/torchair/configs/compiler_config.py:106: UserWarning: The following torchair config or properties may not take effect or report error in reduce-overhead mode: config.experimental_config.enable_view_optimize:True, set_dim_gears, dynamo_export, scope, npu_print
2026-03-19T04:16:48.0270570Z (Worker pid=2766) (Worker_DP1_TP2_EP10 pid=2766)   warnings.warn(
2026-03-19T04:16:48.0283664Z (Worker pid=3321) (Worker_DP0_TP3_EP3 pid=3321) /usr/local/python3.11.14/lib/python3.11/site-packages/torch_npu/dynamo/torchair/configs/compiler_config.py:106: UserWarning: The following torchair config or properties may not take effect or report error in reduce-overhead mode: config.experimental_config.enable_view_optimize:True, set_dim_gears, dynamo_export, scope, npu_print
2026-03-19T04:16:48.0295585Z (Worker pid=2763) (Worker_DP0_TP2_EP2 pid=2763) /usr/local/python3.11.14/lib/python3.11/site-packages/torch_npu/dynamo/torchair/configs/compiler_config.py:106: UserWarning: The following torchair config or properties may not take effect or report error in reduce-overhead mode: config.experimental_config.enable_view_optimize:True, set_dim_gears, dynamo_export, scope, npu_print
2026-03-19T04:16:48.0307209Z (Worker pid=4440) (Worker_DP1_TP5_EP13 pid=4440) /usr/local/python3.11.14/lib/python3.11/site-packages/torch_npu/dynamo/torchair/configs/compiler_config.py:106: UserWarning: The following torchair config or properties may not take effect or report error in reduce-overhead mode: config.experimental_config.enable_view_optimize:True, set_dim_gears, dynamo_export, scope, npu_print
2026-03-19T04:16:48.0318598Z (Worker pid=1380) (Worker_DP0_TP0_EP0 pid=1380) /usr/local/python3.11.14/lib/python3.11/site-packages/torch_npu/dynamo/torchair/configs/compiler_config.py:106: UserWarning: The following torchair config or properties may not take effect or report error in reduce-overhead mode: config.experimental_config.enable_view_optimize:True, set_dim_gears, dynamo_export, scope, npu_print
2026-03-19T04:16:48.0327948Z (Worker pid=3324) (Worker_DP1_TP3_EP11 pid=3324)   warnings.warn(
2026-03-19T04:16:48.0338357Z (Worker pid=3321) (Worker_DP0_TP3_EP3 pid=3321)   warnings.warn(
2026-03-19T04:16:48.0350542Z (Worker pid=2763) (Worker_DP0_TP2_EP2 pid=2763)   warnings.warn(
2026-03-19T04:16:48.0361163Z (Worker pid=4440) (Worker_DP1_TP5_EP13 pid=4440)   warnings.warn(
2026-03-19T04:16:48.0374539Z (Worker pid=3882) (Worker_DP1_TP4_EP12 pid=3882) /usr/local/python3.11.14/lib/python3.11/site-packages/torch_npu/dynamo/torchair/configs/compiler_config.py:106: UserWarning: The following torchair config or properties may not take effect or report error in reduce-overhead mode: config.experimental_config.enable_view_optimize:True, set_dim_gears, dynamo_export, scope, npu_print
2026-03-19T04:16:48.0384815Z (Worker pid=1380) (Worker_DP0_TP0_EP0 pid=1380)   warnings.warn(
2026-03-19T04:16:48.0396729Z (Worker pid=2198) (Worker_DP1_TP1_EP9 pid=2198) /usr/local/python3.11.14/lib/python3.11/site-packages/torch_npu/dynamo/torchair/configs/compiler_config.py:106: UserWarning: The following torchair config or properties may not take effect or report error in reduce-overhead mode: config.experimental_config.enable_view_optimize:True, set_dim_gears, dynamo_export, scope, npu_print
2026-03-19T04:16:48.0405868Z (Worker pid=3882) (Worker_DP1_TP4_EP12 pid=3882)   warnings.warn(
2026-03-19T04:16:48.0416440Z (Worker pid=2198) (Worker_DP1_TP1_EP9 pid=2198)   warnings.warn(
2026-03-19T04:16:48.0429940Z (Worker pid=5553) (Worker_DP0_TP7_EP7 pid=5553) /usr/local/python3.11.14/lib/python3.11/site-packages/torch_npu/dynamo/torchair/configs/compiler_config.py:106: UserWarning: The following torchair config or properties may not take effect or report error in reduce-overhead mode: config.experimental_config.enable_view_optimize:True, set_dim_gears, dynamo_export, scope, npu_print
2026-03-19T04:16:48.0441848Z (Worker pid=1381) (Worker_DP1_TP0_EP8 pid=1381) /usr/local/python3.11.14/lib/python3.11/site-packages/torch_npu/dynamo/torchair/configs/compiler_config.py:106: UserWarning: The following torchair config or properties may not take effect or report error in reduce-overhead mode: config.experimental_config.enable_view_optimize:True, set_dim_gears, dynamo_export, scope, npu_print
2026-03-19T04:16:48.0450881Z (Worker pid=5553) (Worker_DP0_TP7_EP7 pid=5553)   warnings.warn(
2026-03-19T04:16:48.0461286Z (Worker pid=1381) (Worker_DP1_TP0_EP8 pid=1381)   warnings.warn(
2026-03-19T04:16:48.0473988Z (Worker pid=4995) (Worker_DP0_TP6_EP6 pid=4995) /usr/local/python3.11.14/lib/python3.11/site-packages/torch_npu/dynamo/torchair/configs/compiler_config.py:106: UserWarning: The following torchair config or properties may not take effect or report error in reduce-overhead mode: config.experimental_config.enable_view_optimize:True, set_dim_gears, dynamo_export, scope, npu_print
2026-03-19T04:16:48.0483512Z (Worker pid=4995) (Worker_DP0_TP6_EP6 pid=4995)   warnings.warn(
2026-03-19T04:16:48.0496204Z (Worker pid=2195) (Worker_DP0_TP1_EP1 pid=2195) /usr/local/python3.11.14/lib/python3.11/site-packages/torch_npu/dynamo/torchair/configs/compiler_config.py:106: UserWarning: The following torchair config or properties may not take effect or report error in reduce-overhead mode: config.experimental_config.enable_view_optimize:True, set_dim_gears, dynamo_export, scope, npu_print
2026-03-19T04:16:48.0506366Z (Worker pid=2195) (Worker_DP0_TP1_EP1 pid=2195)   warnings.warn(
2026-03-19T04:16:48.3582138Z (Worker pid=3879) (Worker_DP0_TP4_EP4 pid=3879) /usr/local/python3.11.14/lib/python3.11/site-packages/torch_npu/dynamo/torchair/configs/compiler_config.py:106: UserWarning: The following torchair config or properties may not take effect or report error in reduce-overhead mode: config.experimental_config.enable_view_optimize:True, set_dim_gears, dynamo_export, scope, npu_print
2026-03-19T04:16:48.3594873Z (Worker pid=4995) (Worker_DP0_TP6_EP6 pid=4995) /usr/local/python3.11.14/lib/python3.11/site-packages/torch_npu/dynamo/torchair/configs/compiler_config.py:106: UserWarning: The following torchair config or properties may not take effect or report error in reduce-overhead mode: config.experimental_config.enable_view_optimize:True, set_dim_gears, dynamo_export, scope, npu_print
2026-03-19T04:16:48.3604576Z (Worker pid=3879) (Worker_DP0_TP4_EP4 pid=3879)   warnings.warn(
2026-03-19T04:16:48.3614437Z (Worker pid=4995) (Worker_DP0_TP6_EP6 pid=4995)   warnings.warn(
2026-03-19T04:16:48.3628318Z (Worker pid=5553) (Worker_DP0_TP7_EP7 pid=5553) /usr/local/python3.11.14/lib/python3.11/site-packages/torch_npu/dynamo/torchair/configs/compiler_config.py:106: UserWarning: The following torchair config or properties may not take effect or report error in reduce-overhead mode: config.experimental_config.enable_view_optimize:True, set_dim_gears, dynamo_export, scope, npu_print
2026-03-19T04:16:48.3640125Z (Worker pid=2763) (Worker_DP0_TP2_EP2 pid=2763) /usr/local/python3.11.14/lib/python3.11/site-packages/torch_npu/dynamo/torchair/configs/compiler_config.py:106: UserWarning: The following torchair config or properties may not take effect or report error in reduce-overhead mode: config.experimental_config.enable_view_optimize:True, set_dim_gears, dynamo_export, scope, npu_print
2026-03-19T04:16:48.3651345Z (Worker pid=2195) (Worker_DP0_TP1_EP1 pid=2195) /usr/local/python3.11.14/lib/python3.11/site-packages/torch_npu/dynamo/torchair/configs/compiler_config.py:106: UserWarning: The following torchair config or properties may not take effect or report error in reduce-overhead mode: config.experimental_config.enable_view_optimize:True, set_dim_gears, dynamo_export, scope, npu_print
2026-03-19T04:16:48.3660420Z (Worker pid=5553) (Worker_DP0_TP7_EP7 pid=5553)   warnings.warn(
2026-03-19T04:16:48.3671202Z (Worker pid=2763) (Worker_DP0_TP2_EP2 pid=2763)   warnings.warn(
2026-03-19T04:16:48.3681548Z (Worker pid=2195) (Worker_DP0_TP1_EP1 pid=2195)   warnings.warn(
2026-03-19T04:16:48.3693935Z (Worker pid=1380) (Worker_DP0_TP0_EP0 pid=1380) /usr/local/python3.11.14/lib/python3.11/site-packages/torch_npu/dynamo/torchair/configs/compiler_config.py:106: UserWarning: The following torchair config or properties may not take effect or report error in reduce-overhead mode: config.experimental_config.enable_view_optimize:True, set_dim_gears, dynamo_export, scope, npu_print
2026-03-19T04:16:48.3704398Z (Worker pid=3321) (Worker_DP0_TP3_EP3 pid=3321) /usr/local/python3.11.14/lib/python3.11/site-packages/torch_npu/dynamo/torchair/configs/compiler_config.py:106: UserWarning: The following torchair config or properties may not take effect or report error in reduce-overhead mode: config.experimental_config.enable_view_optimize:True, set_dim_gears, dynamo_export, scope, npu_print
2026-03-19T04:16:48.3715751Z (Worker pid=4437) (Worker_DP0_TP5_EP5 pid=4437) /usr/local/python3.11.14/lib/python3.11/site-packages/torch_npu/dynamo/torchair/configs/compiler_config.py:106: UserWarning: The following torchair config or properties may not take effect or report error in reduce-overhead mode: config.experimental_config.enable_view_optimize:True, set_dim_gears, dynamo_export, scope, npu_print
2026-03-19T04:16:48.3723712Z (Worker pid=1380) (Worker_DP0_TP0_EP0 pid=1380)   warnings.warn(
2026-03-19T04:16:48.3735954Z (Worker pid=5620) (Worker_DP1_TP7_EP15 pid=5620) /usr/local/python3.11.14/lib/python3.11/site-packages/torch_npu/dynamo/torchair/configs/compiler_config.py:106: UserWarning: The following torchair config or properties may not take effect or report error in reduce-overhead mode: config.experimental_config.enable_view_optimize:True, set_dim_gears, dynamo_export, scope, npu_print
2026-03-19T04:16:48.3747921Z (Worker pid=4998) (Worker_DP1_TP6_EP14 pid=4998) /usr/local/python3.11.14/lib/python3.11/site-packages/torch_npu/dynamo/torchair/configs/compiler_config.py:106: UserWarning: The following torchair config or properties may not take effect or report error in reduce-overhead mode: config.experimental_config.enable_view_optimize:True, set_dim_gears, dynamo_export, scope, npu_print
2026-03-19T04:16:48.3755816Z (Worker pid=3321) (Worker_DP0_TP3_EP3 pid=3321)   warnings.warn(
2026-03-19T04:16:48.3768118Z (Worker pid=2766) (Worker_DP1_TP2_EP10 pid=2766) /usr/local/python3.11.14/lib/python3.11/site-packages/torch_npu/dynamo/torchair/configs/compiler_config.py:106: UserWarning: The following torchair config or properties may not take effect or report error in reduce-overhead mode: config.experimental_config.enable_view_optimize:True, set_dim_gears, dynamo_export, scope, npu_print
2026-03-19T04:16:48.3776414Z (Worker pid=5620) (Worker_DP1_TP7_EP15 pid=5620)   warnings.warn(
2026-03-19T04:16:48.3787000Z (Worker pid=4437) (Worker_DP0_TP5_EP5 pid=4437)   warnings.warn(
2026-03-19T04:16:48.3796627Z (Worker pid=4998) (Worker_DP1_TP6_EP14 pid=4998)   warnings.warn(
2026-03-19T04:16:48.3808630Z (Worker pid=2198) (Worker_DP1_TP1_EP9 pid=2198) /usr/local/python3.11.14/lib/python3.11/site-packages/torch_npu/dynamo/torchair/configs/compiler_config.py:106: UserWarning: The following torchair config or properties may not take effect or report error in reduce-overhead mode: config.experimental_config.enable_view_optimize:True, set_dim_gears, dynamo_export, scope, npu_print
2026-03-19T04:16:48.3820169Z (Worker pid=4440) (Worker_DP1_TP5_EP13 pid=4440) /usr/local/python3.11.14/lib/python3.11/site-packages/torch_npu/dynamo/torchair/configs/compiler_config.py:106: UserWarning: The following torchair config or properties may not take effect or report error in reduce-overhead mode: config.experimental_config.enable_view_optimize:True, set_dim_gears, dynamo_export, scope, npu_print
2026-03-19T04:16:48.3830522Z (Worker pid=2766) (Worker_DP1_TP2_EP10 pid=2766)   warnings.warn(
2026-03-19T04:16:48.3844558Z (Worker pid=3882) (Worker_DP1_TP4_EP12 pid=3882) /usr/local/python3.11.14/lib/python3.11/site-packages/torch_npu/dynamo/torchair/configs/compiler_config.py:106: UserWarning: The following torchair config or properties may not take effect or report error in reduce-overhead mode: config.experimental_config.enable_view_optimize:True, set_dim_gears, dynamo_export, scope, npu_print
2026-03-19T04:16:48.3854543Z (Worker pid=2198) (Worker_DP1_TP1_EP9 pid=2198)   warnings.warn(
2026-03-19T04:16:48.3864937Z (Worker pid=4440) (Worker_DP1_TP5_EP13 pid=4440)   warnings.warn(
2026-03-19T04:16:48.3877528Z (Worker pid=1381) (Worker_DP1_TP0_EP8 pid=1381) /usr/local/python3.11.14/lib/python3.11/site-packages/torch_npu/dynamo/torchair/configs/compiler_config.py:106: UserWarning: The following torchair config or properties may not take effect or report error in reduce-overhead mode: config.experimental_config.enable_view_optimize:True, set_dim_gears, dynamo_export, scope, npu_print
2026-03-19T04:16:48.3886453Z (Worker pid=3882) (Worker_DP1_TP4_EP12 pid=3882)   warnings.warn(
2026-03-19T04:16:48.3899300Z (Worker pid=3324) (Worker_DP1_TP3_EP11 pid=3324) /usr/local/python3.11.14/lib/python3.11/site-packages/torch_npu/dynamo/torchair/configs/compiler_config.py:106: UserWarning: The following torchair config or properties may not take effect or report error in reduce-overhead mode: config.experimental_config.enable_view_optimize:True, set_dim_gears, dynamo_export, scope, npu_print
2026-03-19T04:16:48.3908794Z (Worker pid=1381) (Worker_DP1_TP0_EP8 pid=1381)   warnings.warn(
2026-03-19T04:16:48.3918797Z (Worker pid=3324) (Worker_DP1_TP3_EP11 pid=3324)   warnings.warn(
2026-03-19T04:16:48.6859362Z (Worker pid=5620) (Worker_DP1_TP7_EP15 pid=5620) /usr/local/python3.11.14/lib/python3.11/site-packages/torch_npu/dynamo/torchair/configs/compiler_config.py:106: UserWarning: The following torchair config or properties may not take effect or report error in reduce-overhead mode: config.experimental_config.enable_view_optimize:True, set_dim_gears, dynamo_export, scope, npu_print
2026-03-19T04:16:48.6868346Z (Worker pid=3882) (Worker_DP1_TP4_EP12 pid=3882) /usr/local/python3.11.14/lib/python3.11/site-packages/torch_npu/dynamo/torchair/configs/compiler_config.py:106: UserWarning: The following torchair config or properties may not take effect or report error in reduce-overhead mode: config.experimental_config.enable_view_optimize:True, set_dim_gears, dynamo_export, scope, npu_print
2026-03-19T04:16:48.6879410Z (Worker pid=4998) (Worker_DP1_TP6_EP14 pid=4998) /usr/local/python3.11.14/lib/python3.11/site-packages/torch_npu/dynamo/torchair/configs/compiler_config.py:106: UserWarning: The following torchair config or properties may not take effect or report error in reduce-overhead mode: config.experimental_config.enable_view_optimize:True, set_dim_gears, dynamo_export, scope, npu_print
2026-03-19T04:16:48.6887893Z (Worker pid=5620) (Worker_DP1_TP7_EP15 pid=5620)   warnings.warn(
2026-03-19T04:16:48.6896877Z (Worker pid=3882) (Worker_DP1_TP4_EP12 pid=3882)   warnings.warn(
2026-03-19T04:16:48.6907733Z (Worker pid=4998) (Worker_DP1_TP6_EP14 pid=4998)   warnings.warn(
2026-03-19T04:16:48.6919817Z (Worker pid=4440) (Worker_DP1_TP5_EP13 pid=4440) /usr/local/python3.11.14/lib/python3.11/site-packages/torch_npu/dynamo/torchair/configs/compiler_config.py:106: UserWarning: The following torchair config or properties may not take effect or report error in reduce-overhead mode: config.experimental_config.enable_view_optimize:True, set_dim_gears, dynamo_export, scope, npu_print
2026-03-19T04:16:48.6928494Z (Worker pid=4440) (Worker_DP1_TP5_EP13 pid=4440)   warnings.warn(
2026-03-19T04:16:48.6941145Z (Worker pid=2766) (Worker_DP1_TP2_EP10 pid=2766) /usr/local/python3.11.14/lib/python3.11/site-packages/torch_npu/dynamo/torchair/configs/compiler_config.py:106: UserWarning: The following torchair config or properties may not take effect or report error in reduce-overhead mode: config.experimental_config.enable_view_optimize:True, set_dim_gears, dynamo_export, scope, npu_print
2026-03-19T04:16:48.6952476Z (Worker pid=2766) (Worker_DP1_TP2_EP10 pid=2766)   warnings.warn(
2026-03-19T04:16:48.6967354Z (Worker pid=2198) (Worker_DP1_TP1_EP9 pid=2198) /usr/local/python3.11.14/lib/python3.11/site-packages/torch_npu/dynamo/torchair/configs/compiler_config.py:106: UserWarning: The following torchair config or properties may not take effect or report error in reduce-overhead mode: config.experimental_config.enable_view_optimize:True, set_dim_gears, dynamo_export, scope, npu_print
2026-03-19T04:16:48.6977305Z (Worker pid=1381) (Worker_DP1_TP0_EP8 pid=1381) /usr/local/python3.11.14/lib/python3.11/site-packages/torch_npu/dynamo/torchair/configs/compiler_config.py:106: UserWarning: The following torchair config or properties may not take effect or report error in reduce-overhead mode: config.experimental_config.enable_view_optimize:True, set_dim_gears, dynamo_export, scope, npu_print
2026-03-19T04:16:48.6985972Z (Worker pid=2198) (Worker_DP1_TP1_EP9 pid=2198)   warnings.warn(
2026-03-19T04:16:48.6995815Z (Worker pid=1381) (Worker_DP1_TP0_EP8 pid=1381)   warnings.warn(
2026-03-19T04:16:48.7008427Z (Worker pid=3324) (Worker_DP1_TP3_EP11 pid=3324) /usr/local/python3.11.14/lib/python3.11/site-packages/torch_npu/dynamo/torchair/configs/compiler_config.py:106: UserWarning: The following torchair config or properties may not take effect or report error in reduce-overhead mode: config.experimental_config.enable_view_optimize:True, set_dim_gears, dynamo_export, scope, npu_print
2026-03-19T04:16:48.7017370Z (Worker pid=3324) (Worker_DP1_TP3_EP11 pid=3324)   warnings.warn(
2026-03-19T04:16:48.7030058Z (Worker pid=4995) (Worker_DP0_TP6_EP6 pid=4995) /usr/local/python3.11.14/lib/python3.11/site-packages/torch_npu/dynamo/torchair/configs/compiler_config.py:106: UserWarning: The following torchair config or properties may not take effect or report error in reduce-overhead mode: config.experimental_config.enable_view_optimize:True, set_dim_gears, dynamo_export, scope, npu_print
2026-03-19T04:16:48.7040745Z (Worker pid=5553) (Worker_DP0_TP7_EP7 pid=5553) /usr/local/python3.11.14/lib/python3.11/site-packages/torch_npu/dynamo/torchair/configs/compiler_config.py:106: UserWarning: The following torchair config or properties may not take effect or report error in reduce-overhead mode: config.experimental_config.enable_view_optimize:True, set_dim_gears, dynamo_export, scope, npu_print
2026-03-19T04:16:48.7051464Z (Worker pid=3879) (Worker_DP0_TP4_EP4 pid=3879) /usr/local/python3.11.14/lib/python3.11/site-packages/torch_npu/dynamo/torchair/configs/compiler_config.py:106: UserWarning: The following torchair config or properties may not take effect or report error in reduce-overhead mode: config.experimental_config.enable_view_optimize:True, set_dim_gears, dynamo_export, scope, npu_print
2026-03-19T04:16:48.7060658Z (Worker pid=4995) (Worker_DP0_TP6_EP6 pid=4995)   warnings.warn(
2026-03-19T04:16:48.7071069Z (Worker pid=5553) (Worker_DP0_TP7_EP7 pid=5553)   warnings.warn(
2026-03-19T04:16:48.7080591Z (Worker pid=3879) (Worker_DP0_TP4_EP4 pid=3879)   warnings.warn(
2026-03-19T04:16:48.7092828Z (Worker pid=2763) (Worker_DP0_TP2_EP2 pid=2763) /usr/local/python3.11.14/lib/python3.11/site-packages/torch_npu/dynamo/torchair/configs/compiler_config.py:106: UserWarning: The following torchair config or properties may not take effect or report error in reduce-overhead mode: config.experimental_config.enable_view_optimize:True, set_dim_gears, dynamo_export, scope, npu_print
2026-03-19T04:16:48.7101591Z (Worker pid=2763) (Worker_DP0_TP2_EP2 pid=2763)   warnings.warn(
2026-03-19T04:16:48.7113821Z (Worker pid=3321) (Worker_DP0_TP3_EP3 pid=3321) /usr/local/python3.11.14/lib/python3.11/site-packages/torch_npu/dynamo/torchair/configs/compiler_config.py:106: UserWarning: The following torchair config or properties may not take effect or report error in reduce-overhead mode: config.experimental_config.enable_view_optimize:True, set_dim_gears, dynamo_export, scope, npu_print
2026-03-19T04:16:48.7122389Z (Worker pid=3321) (Worker_DP0_TP3_EP3 pid=3321)   warnings.warn(
2026-03-19T04:16:48.7134306Z (Worker pid=1380) (Worker_DP0_TP0_EP0 pid=1380) /usr/local/python3.11.14/lib/python3.11/site-packages/torch_npu/dynamo/torchair/configs/compiler_config.py:106: UserWarning: The following torchair config or properties may not take effect or report error in reduce-overhead mode: config.experimental_config.enable_view_optimize:True, set_dim_gears, dynamo_export, scope, npu_print
2026-03-19T04:16:48.7145407Z (Worker pid=2195) (Worker_DP0_TP1_EP1 pid=2195) /usr/local/python3.11.14/lib/python3.11/site-packages/torch_npu/dynamo/torchair/configs/compiler_config.py:106: UserWarning: The following torchair config or properties may not take effect or report error in reduce-overhead mode: config.experimental_config.enable_view_optimize:True, set_dim_gears, dynamo_export, scope, npu_print
2026-03-19T04:16:48.7154066Z (Worker pid=1380) (Worker_DP0_TP0_EP0 pid=1380)   warnings.warn(
2026-03-19T04:16:48.7164075Z (Worker pid=2195) (Worker_DP0_TP1_EP1 pid=2195)   warnings.warn(
2026-03-19T04:16:48.7175913Z (Worker pid=4437) (Worker_DP0_TP5_EP5 pid=4437) /usr/local/python3.11.14/lib/python3.11/site-packages/torch_npu/dynamo/torchair/configs/compiler_config.py:106: UserWarning: The following torchair config or properties may not take effect or report error in reduce-overhead mode: config.experimental_config.enable_view_optimize:True, set_dim_gears, dynamo_export, scope, npu_print
2026-03-19T04:16:48.7185048Z (Worker pid=4437) (Worker_DP0_TP5_EP5 pid=4437)   warnings.warn(
2026-03-19T04:16:49.0058566Z (Worker pid=3324) (Worker_DP1_TP3_EP11 pid=3324) /usr/local/python3.11.14/lib/python3.11/site-packages/torch_npu/dynamo/torchair/configs/compiler_config.py:106: UserWarning: The following torchair config or properties may not take effect or report error in reduce-overhead mode: config.experimental_config.enable_view_optimize:True, set_dim_gears, dynamo_export, scope, npu_print
2026-03-19T04:16:49.0067460Z (Worker pid=5620) (Worker_DP1_TP7_EP15 pid=5620) /usr/local/python3.11.14/lib/python3.11/site-packages/torch_npu/dynamo/torchair/configs/compiler_config.py:106: UserWarning: The following torchair config or properties may not take effect or report error in reduce-overhead mode: config.experimental_config.enable_view_optimize:True, set_dim_gears, dynamo_export, scope, npu_print
2026-03-19T04:16:49.0078535Z (Worker pid=4995) (Worker_DP0_TP6_EP6 pid=4995) /usr/local/python3.11.14/lib/python3.11/site-packages/torch_npu/dynamo/torchair/configs/compiler_config.py:106: UserWarning: The following torchair config or properties may not take effect or report error in reduce-overhead mode: config.experimental_config.enable_view_optimize:True, set_dim_gears, dynamo_export, scope, npu_print
2026-03-19T04:16:49.0087263Z (Worker pid=3324) (Worker_DP1_TP3_EP11 pid=3324)   warnings.warn(
2026-03-19T04:16:49.0096919Z (Worker pid=5620) (Worker_DP1_TP7_EP15 pid=5620)   warnings.warn(
2026-03-19T04:16:49.0111547Z (Worker pid=4995) (Worker_DP0_TP6_EP6 pid=4995)   warnings.warn(
2026-03-19T04:16:49.0126133Z (Worker pid=2195) (Worker_DP0_TP1_EP1 pid=2195) /usr/local/python3.11.14/lib/python3.11/site-packages/torch_npu/dynamo/torchair/configs/compiler_config.py:106: UserWarning: The following torchair config or properties may not take effect or report error in reduce-overhead mode: config.experimental_config.enable_view_optimize:True, set_dim_gears, dynamo_export, scope, npu_print
2026-03-19T04:16:49.0135269Z (Worker pid=2195) (Worker_DP0_TP1_EP1 pid=2195)   warnings.warn(
2026-03-19T04:16:49.0147662Z (Worker pid=2766) (Worker_DP1_TP2_EP10 pid=2766) /usr/local/python3.11.14/lib/python3.11/site-packages/torch_npu/dynamo/torchair/configs/compiler_config.py:106: UserWarning: The following torchair config or properties may not take effect or report error in reduce-overhead mode: config.experimental_config.enable_view_optimize:True, set_dim_gears, dynamo_export, scope, npu_print
2026-03-19T04:16:49.0157194Z (Worker pid=2766) (Worker_DP1_TP2_EP10 pid=2766)   warnings.warn(
2026-03-19T04:16:49.0169613Z (Worker pid=4998) (Worker_DP1_TP6_EP14 pid=4998) /usr/local/python3.11.14/lib/python3.11/site-packages/torch_npu/dynamo/torchair/configs/compiler_config.py:106: UserWarning: The following torchair config or properties may not take effect or report error in reduce-overhead mode: config.experimental_config.enable_view_optimize:True, set_dim_gears, dynamo_export, scope, npu_print
2026-03-19T04:16:49.0182112Z (Worker pid=4998) (Worker_DP1_TP6_EP14 pid=4998)   warnings.warn(
2026-03-19T04:16:49.0194733Z (Worker pid=2763) (Worker_DP0_TP2_EP2 pid=2763) /usr/local/python3.11.14/lib/python3.11/site-packages/torch_npu/dynamo/torchair/configs/compiler_config.py:106: UserWarning: The following torchair config or properties may not take effect or report error in reduce-overhead mode: config.experimental_config.enable_view_optimize:True, set_dim_gears, dynamo_export, scope, npu_print
2026-03-19T04:16:49.0205424Z (Worker pid=1380) (Worker_DP0_TP0_EP0 pid=1380) /usr/local/python3.11.14/lib/python3.11/site-packages/torch_npu/dynamo/torchair/configs/compiler_config.py:106: UserWarning: The following torchair config or properties may not take effect or report error in reduce-overhead mode: config.experimental_config.enable_view_optimize:True, set_dim_gears, dynamo_export, scope, npu_print
2026-03-19T04:16:49.0218000Z (Worker pid=4437) (Worker_DP0_TP5_EP5 pid=4437) /usr/local/python3.11.14/lib/python3.11/site-packages/torch_npu/dynamo/torchair/configs/compiler_config.py:106: UserWarning: The following torchair config or properties may not take effect or report error in reduce-overhead mode: config.experimental_config.enable_view_optimize:True, set_dim_gears, dynamo_export, scope, npu_print
2026-03-19T04:16:49.0229357Z (Worker pid=3879) (Worker_DP0_TP4_EP4 pid=3879) /usr/local/python3.11.14/lib/python3.11/site-packages/torch_npu/dynamo/torchair/configs/compiler_config.py:106: UserWarning: The following torchair config or properties may not take effect or report error in reduce-overhead mode: config.experimental_config.enable_view_optimize:True, set_dim_gears, dynamo_export, scope, npu_print
2026-03-19T04:16:49.0241386Z (Worker pid=5553) (Worker_DP0_TP7_EP7 pid=5553) /usr/local/python3.11.14/lib/python3.11/site-packages/torch_npu/dynamo/torchair/configs/compiler_config.py:106: UserWarning: The following torchair config or properties may not take effect or report error in reduce-overhead mode: config.experimental_config.enable_view_optimize:True, set_dim_gears, dynamo_export, scope, npu_print
2026-03-19T04:16:49.0250187Z (Worker pid=1380) (Worker_DP0_TP0_EP0 pid=1380)   warnings.warn(
2026-03-19T04:16:49.0260022Z (Worker pid=4437) (Worker_DP0_TP5_EP5 pid=4437)   warnings.warn(
2026-03-19T04:16:49.0270421Z (Worker pid=2763) (Worker_DP0_TP2_EP2 pid=2763)   warnings.warn(
2026-03-19T04:16:49.0282507Z (Worker pid=3321) (Worker_DP0_TP3_EP3 pid=3321) /usr/local/python3.11.14/lib/python3.11/site-packages/torch_npu/dynamo/torchair/configs/compiler_config.py:106: UserWarning: The following torchair config or properties may not take effect or report error in reduce-overhead mode: config.experimental_config.enable_view_optimize:True, set_dim_gears, dynamo_export, scope, npu_print
2026-03-19T04:16:49.0291564Z (Worker pid=3879) (Worker_DP0_TP4_EP4 pid=3879)   warnings.warn(
2026-03-19T04:16:49.0301818Z (Worker pid=5553) (Worker_DP0_TP7_EP7 pid=5553)   warnings.warn(
2026-03-19T04:16:49.0311824Z (Worker pid=3321) (Worker_DP0_TP3_EP3 pid=3321)   warnings.warn(
2026-03-19T04:16:49.0324061Z (Worker pid=1381) (Worker_DP1_TP0_EP8 pid=1381) /usr/local/python3.11.14/lib/python3.11/site-packages/torch_npu/dynamo/torchair/configs/compiler_config.py:106: UserWarning: The following torchair config or properties may not take effect or report error in reduce-overhead mode: config.experimental_config.enable_view_optimize:True, set_dim_gears, dynamo_export, scope, npu_print
2026-03-19T04:16:49.0335180Z (Worker pid=4440) (Worker_DP1_TP5_EP13 pid=4440) /usr/local/python3.11.14/lib/python3.11/site-packages/torch_npu/dynamo/torchair/configs/compiler_config.py:106: UserWarning: The following torchair config or properties may not take effect or report error in reduce-overhead mode: config.experimental_config.enable_view_optimize:True, set_dim_gears, dynamo_export, scope, npu_print
2026-03-19T04:16:49.0346929Z (Worker pid=3882) (Worker_DP1_TP4_EP12 pid=3882) /usr/local/python3.11.14/lib/python3.11/site-packages/torch_npu/dynamo/torchair/configs/compiler_config.py:106: UserWarning: The following torchair config or properties may not take effect or report error in reduce-overhead mode: config.experimental_config.enable_view_optimize:True, set_dim_gears, dynamo_export, scope, npu_print
2026-03-19T04:16:49.0355514Z (Worker pid=1381) (Worker_DP1_TP0_EP8 pid=1381)   warnings.warn(
2026-03-19T04:16:49.0365759Z (Worker pid=3882) (Worker_DP1_TP4_EP12 pid=3882)   warnings.warn(
2026-03-19T04:16:49.0375889Z (Worker pid=4440) (Worker_DP1_TP5_EP13 pid=4440)   warnings.warn(
2026-03-19T04:16:49.0388211Z (Worker pid=2198) (Worker_DP1_TP1_EP9 pid=2198) /usr/local/python3.11.14/lib/python3.11/site-packages/torch_npu/dynamo/torchair/configs/compiler_config.py:106: UserWarning: The following torchair config or properties may not take effect or report error in reduce-overhead mode: config.experimental_config.enable_view_optimize:True, set_dim_gears, dynamo_export, scope, npu_print
2026-03-19T04:16:49.0397187Z (Worker pid=2198) (Worker_DP1_TP1_EP9 pid=2198)   warnings.warn(
2026-03-19T04:16:49.3267241Z (Worker pid=4995) (Worker_DP0_TP6_EP6 pid=4995) /usr/local/python3.11.14/lib/python3.11/site-packages/torch_npu/dynamo/torchair/configs/compiler_config.py:106: UserWarning: The following torchair config or properties may not take effect or report error in reduce-overhead mode: config.experimental_config.enable_view_optimize:True, set_dim_gears, dynamo_export, scope, npu_print
2026-03-19T04:16:49.3274717Z (Worker pid=4995) (Worker_DP0_TP6_EP6 pid=4995)   warnings.warn(
2026-03-19T04:16:49.3290606Z (Worker pid=3879) (Worker_DP0_TP4_EP4 pid=3879) /usr/local/python3.11.14/lib/python3.11/site-packages/torch_npu/dynamo/torchair/configs/compiler_config.py:106: UserWarning: The following torchair config or properties may not take effect or report error in reduce-overhead mode: config.experimental_config.enable_view_optimize:True, set_dim_gears, dynamo_export, scope, npu_print
2026-03-19T04:16:49.3300285Z (Worker pid=3879) (Worker_DP0_TP4_EP4 pid=3879)   warnings.warn(
2026-03-19T04:16:49.3312718Z (Worker pid=4998) (Worker_DP1_TP6_EP14 pid=4998) /usr/local/python3.11.14/lib/python3.11/site-packages/torch_npu/dynamo/torchair/configs/compiler_config.py:106: UserWarning: The following torchair config or properties may not take effect or report error in reduce-overhead mode: config.experimental_config.enable_view_optimize:True, set_dim_gears, dynamo_export, scope, npu_print
2026-03-19T04:16:49.3324101Z (Worker pid=2766) (Worker_DP1_TP2_EP10 pid=2766) /usr/local/python3.11.14/lib/python3.11/site-packages/torch_npu/dynamo/torchair/configs/compiler_config.py:106: UserWarning: The following torchair config or properties may not take effect or report error in reduce-overhead mode: config.experimental_config.enable_view_optimize:True, set_dim_gears, dynamo_export, scope, npu_print
2026-03-19T04:16:49.3335362Z (Worker pid=2198) (Worker_DP1_TP1_EP9 pid=2198) /usr/local/python3.11.14/lib/python3.11/site-packages/torch_npu/dynamo/torchair/configs/compiler_config.py:106: UserWarning: The following torchair config or properties may not take effect or report error in reduce-overhead mode: config.experimental_config.enable_view_optimize:True, set_dim_gears, dynamo_export, scope, npu_print
2026-03-19T04:16:49.3344591Z (Worker pid=4998) (Worker_DP1_TP6_EP14 pid=4998)   warnings.warn(
2026-03-19T04:16:49.3357524Z (Worker pid=5553) (Worker_DP0_TP7_EP7 pid=5553) /usr/local/python3.11.14/lib/python3.11/site-packages/torch_npu/dynamo/torchair/configs/compiler_config.py:106: UserWarning: The following torchair config or properties may not take effect or report error in reduce-overhead mode: config.experimental_config.enable_view_optimize:True, set_dim_gears, dynamo_export, scope, npu_print
2026-03-19T04:16:49.3366539Z (Worker pid=2766) (Worker_DP1_TP2_EP10 pid=2766)   warnings.warn(
2026-03-19T04:16:49.3376299Z (Worker pid=2198) (Worker_DP1_TP1_EP9 pid=2198)   warnings.warn(
2026-03-19T04:16:49.3386128Z (Worker pid=5553) (Worker_DP0_TP7_EP7 pid=5553)   warnings.warn(
2026-03-19T04:16:49.3398887Z (Worker pid=4437) (Worker_DP0_TP5_EP5 pid=4437) /usr/local/python3.11.14/lib/python3.11/site-packages/torch_npu/dynamo/torchair/configs/compiler_config.py:106: UserWarning: The following torchair config or properties may not take effect or report error in reduce-overhead mode: config.experimental_config.enable_view_optimize:True, set_dim_gears, dynamo_export, scope, npu_print
2026-03-19T04:16:49.3409633Z (Worker pid=3882) (Worker_DP1_TP4_EP12 pid=3882) /usr/local/python3.11.14/lib/python3.11/site-packages/torch_npu/dynamo/torchair/configs/compiler_config.py:106: UserWarning: The following torchair config or properties may not take effect or report error in reduce-overhead mode: config.experimental_config.enable_view_optimize:True, set_dim_gears, dynamo_export, scope, npu_print
2026-03-19T04:16:49.3420498Z (Worker pid=1381) (Worker_DP1_TP0_EP8 pid=1381) /usr/local/python3.11.14/lib/python3.11/site-packages/torch_npu/dynamo/torchair/configs/compiler_config.py:106: UserWarning: The following torchair config or properties may not take effect or report error in reduce-overhead mode: config.experimental_config.enable_view_optimize:True, set_dim_gears, dynamo_export, scope, npu_print
2026-03-19T04:16:49.3431779Z (Worker pid=4440) (Worker_DP1_TP5_EP13 pid=4440) /usr/local/python3.11.14/lib/python3.11/site-packages/torch_npu/dynamo/torchair/configs/compiler_config.py:106: UserWarning: The following torchair config or properties may not take effect or report error in reduce-overhead mode: config.experimental_config.enable_view_optimize:True, set_dim_gears, dynamo_export, scope, npu_print
2026-03-19T04:16:49.3440453Z (Worker pid=4437) (Worker_DP0_TP5_EP5 pid=4437)   warnings.warn(
2026-03-19T04:16:49.3450237Z (Worker pid=3882) (Worker_DP1_TP4_EP12 pid=3882)   warnings.warn(
2026-03-19T04:16:49.3460197Z (Worker pid=1381) (Worker_DP1_TP0_EP8 pid=1381)   warnings.warn(
2026-03-19T04:16:49.3470613Z (Worker pid=4440) (Worker_DP1_TP5_EP13 pid=4440)   warnings.warn(
2026-03-19T04:16:49.3482919Z (Worker pid=3321) (Worker_DP0_TP3_EP3 pid=3321) /usr/local/python3.11.14/lib/python3.11/site-packages/torch_npu/dynamo/torchair/configs/compiler_config.py:106: UserWarning: The following torchair config or properties may not take effect or report error in reduce-overhead mode: config.experimental_config.enable_view_optimize:True, set_dim_gears, dynamo_export, scope, npu_print
2026-03-19T04:16:49.3493903Z (Worker pid=2195) (Worker_DP0_TP1_EP1 pid=2195) /usr/local/python3.11.14/lib/python3.11/site-packages/torch_npu/dynamo/torchair/configs/compiler_config.py:106: UserWarning: The following torchair config or properties may not take effect or report error in reduce-overhead mode: config.experimental_config.enable_view_optimize:True, set_dim_gears, dynamo_export, scope, npu_print
2026-03-19T04:16:49.3502630Z (Worker pid=3321) (Worker_DP0_TP3_EP3 pid=3321)   warnings.warn(
2026-03-19T04:16:49.3513028Z (Worker pid=2195) (Worker_DP0_TP1_EP1 pid=2195)   warnings.warn(
2026-03-19T04:16:49.3525121Z (Worker pid=5620) (Worker_DP1_TP7_EP15 pid=5620) /usr/local/python3.11.14/lib/python3.11/site-packages/torch_npu/dynamo/torchair/configs/compiler_config.py:106: UserWarning: The following torchair config or properties may not take effect or report error in reduce-overhead mode: config.experimental_config.enable_view_optimize:True, set_dim_gears, dynamo_export, scope, npu_print
2026-03-19T04:16:49.3534126Z (Worker pid=5620) (Worker_DP1_TP7_EP15 pid=5620)   warnings.warn(
2026-03-19T04:16:49.3547707Z (Worker pid=3324) (Worker_DP1_TP3_EP11 pid=3324) /usr/local/python3.11.14/lib/python3.11/site-packages/torch_npu/dynamo/torchair/configs/compiler_config.py:106: UserWarning: The following torchair config or properties may not take effect or report error in reduce-overhead mode: config.experimental_config.enable_view_optimize:True, set_dim_gears, dynamo_export, scope, npu_print
2026-03-19T04:16:49.3556299Z (Worker pid=3324) (Worker_DP1_TP3_EP11 pid=3324)   warnings.warn(
2026-03-19T04:16:49.3568452Z (Worker pid=1380) (Worker_DP0_TP0_EP0 pid=1380) /usr/local/python3.11.14/lib/python3.11/site-packages/torch_npu/dynamo/torchair/configs/compiler_config.py:106: UserWarning: The following torchair config or properties may not take effect or report error in reduce-overhead mode: config.experimental_config.enable_view_optimize:True, set_dim_gears, dynamo_export, scope, npu_print
2026-03-19T04:16:49.3577312Z (Worker pid=1380) (Worker_DP0_TP0_EP0 pid=1380)   warnings.warn(
2026-03-19T04:16:49.3590184Z (Worker pid=2763) (Worker_DP0_TP2_EP2 pid=2763) /usr/local/python3.11.14/lib/python3.11/site-packages/torch_npu/dynamo/torchair/configs/compiler_config.py:106: UserWarning: The following torchair config or properties may not take effect or report error in reduce-overhead mode: config.experimental_config.enable_view_optimize:True, set_dim_gears, dynamo_export, scope, npu_print
2026-03-19T04:16:49.3599701Z (Worker pid=2763) (Worker_DP0_TP2_EP2 pid=2763)   warnings.warn(
2026-03-19T04:16:49.6476909Z (Worker pid=4437) (Worker_DP0_TP5_EP5 pid=4437) /usr/local/python3.11.14/lib/python3.11/site-packages/torch_npu/dynamo/torchair/configs/compiler_config.py:106: UserWarning: The following torchair config or properties may not take effect or report error in reduce-overhead mode: config.experimental_config.enable_view_optimize:True, set_dim_gears, dynamo_export, scope, npu_print
2026-03-19T04:16:49.6486624Z (Worker pid=4995) (Worker_DP0_TP6_EP6 pid=4995) /usr/local/python3.11.14/lib/python3.11/site-packages/torch_npu/dynamo/torchair/configs/compiler_config.py:106: UserWarning: The following torchair config or properties may not take effect or report error in reduce-overhead mode: config.experimental_config.enable_view_optimize:True, set_dim_gears, dynamo_export, scope, npu_print
2026-03-19T04:16:49.6494349Z (Worker pid=4437) (Worker_DP0_TP5_EP5 pid=4437)   warnings.warn(
2026-03-19T04:16:49.6504382Z (Worker pid=4995) (Worker_DP0_TP6_EP6 pid=4995)   warnings.warn(
2026-03-19T04:16:49.6515841Z (Worker pid=3324) (Worker_DP1_TP3_EP11 pid=3324) /usr/local/python3.11.14/lib/python3.11/site-packages/torch_npu/dynamo/torchair/configs/compiler_config.py:106: UserWarning: The following torchair config or properties may not take effect or report error in reduce-overhead mode: config.experimental_config.enable_view_optimize:True, set_dim_gears, dynamo_export, scope, npu_print
2026-03-19T04:16:49.6526442Z (Worker pid=2195) (Worker_DP0_TP1_EP1 pid=2195) /usr/local/python3.11.14/lib/python3.11/site-packages/torch_npu/dynamo/torchair/configs/compiler_config.py:106: UserWarning: The following torchair config or properties may not take effect or report error in reduce-overhead mode: config.experimental_config.enable_view_optimize:True, set_dim_gears, dynamo_export, scope, npu_print
2026-03-19T04:16:49.6534917Z (Worker pid=2195) (Worker_DP0_TP1_EP1 pid=2195)   warnings.warn(
2026-03-19T04:16:49.6544894Z (Worker pid=3324) (Worker_DP1_TP3_EP11 pid=3324)   warnings.warn(
2026-03-19T04:16:49.6556479Z (Worker pid=5620) (Worker_DP1_TP7_EP15 pid=5620) /usr/local/python3.11.14/lib/python3.11/site-packages/torch_npu/dynamo/torchair/configs/compiler_config.py:106: UserWarning: The following torchair config or properties may not take effect or report error in reduce-overhead mode: config.experimental_config.enable_view_optimize:True, set_dim_gears, dynamo_export, scope, npu_print
2026-03-19T04:16:49.6564251Z (Worker pid=5620) (Worker_DP1_TP7_EP15 pid=5620)   warnings.warn(
2026-03-19T04:16:49.6575473Z (Worker pid=3879) (Worker_DP0_TP4_EP4 pid=3879) /usr/local/python3.11.14/lib/python3.11/site-packages/torch_npu/dynamo/torchair/configs/compiler_config.py:106: UserWarning: The following torchair config or properties may not take effect or report error in reduce-overhead mode: config.experimental_config.enable_view_optimize:True, set_dim_gears, dynamo_export, scope, npu_print
2026-03-19T04:16:49.6584449Z (Worker pid=3879) (Worker_DP0_TP4_EP4 pid=3879)   warnings.warn(
2026-03-19T04:16:49.6597814Z (Worker pid=3882) (Worker_DP1_TP4_EP12 pid=3882) /usr/local/python3.11.14/lib/python3.11/site-packages/torch_npu/dynamo/torchair/configs/compiler_config.py:106: UserWarning: The following torchair config or properties may not take effect or report error in reduce-overhead mode: config.experimental_config.enable_view_optimize:True, set_dim_gears, dynamo_export, scope, npu_print
2026-03-19T04:16:49.6605921Z (Worker pid=1380) (Worker_DP0_TP0_EP0 pid=1380) /usr/local/python3.11.14/lib/python3.11/site-packages/torch_npu/dynamo/torchair/configs/compiler_config.py:106: UserWarning: The following torchair config or properties may not take effect or report error in reduce-overhead mode: config.experimental_config.enable_view_optimize:True, set_dim_gears, dynamo_export, scope, npu_print
2026-03-19T04:16:49.6616764Z (Worker pid=2766) (Worker_DP1_TP2_EP10 pid=2766) /usr/local/python3.11.14/lib/python3.11/site-packages/torch_npu/dynamo/torchair/configs/compiler_config.py:106: UserWarning: The following torchair config or properties may not take effect or report error in reduce-overhead mode: config.experimental_config.enable_view_optimize:True, set_dim_gears, dynamo_export, scope, npu_print
2026-03-19T04:16:49.6627567Z (Worker pid=1381) (Worker_DP1_TP0_EP8 pid=1381) /usr/local/python3.11.14/lib/python3.11/site-packages/torch_npu/dynamo/torchair/configs/compiler_config.py:106: UserWarning: The following torchair config or properties may not take effect or report error in reduce-overhead mode: config.experimental_config.enable_view_optimize:True, set_dim_gears, dynamo_export, scope, npu_print
2026-03-19T04:16:49.6635513Z (Worker pid=3882) (Worker_DP1_TP4_EP12 pid=3882)   warnings.warn(
2026-03-19T04:16:49.6647157Z (Worker pid=4998) (Worker_DP1_TP6_EP14 pid=4998) /usr/local/python3.11.14/lib/python3.11/site-packages/torch_npu/dynamo/torchair/configs/compiler_config.py:106: UserWarning: The following torchair config or properties may not take effect or report error in reduce-overhead mode: config.experimental_config.enable_view_optimize:True, set_dim_gears, dynamo_export, scope, npu_print
2026-03-19T04:16:49.6655272Z (Worker pid=1380) (Worker_DP0_TP0_EP0 pid=1380)   warnings.warn(
2026-03-19T04:16:49.6664766Z (Worker pid=2766) (Worker_DP1_TP2_EP10 pid=2766)   warnings.warn(
2026-03-19T04:16:49.6674579Z (Worker pid=1381) (Worker_DP1_TP0_EP8 pid=1381)   warnings.warn(
2026-03-19T04:16:49.6684441Z (Worker pid=4998) (Worker_DP1_TP6_EP14 pid=4998)   warnings.warn(
2026-03-19T04:16:49.6695939Z (Worker pid=2198) (Worker_DP1_TP1_EP9 pid=2198) /usr/local/python3.11.14/lib/python3.11/site-packages/torch_npu/dynamo/torchair/configs/compiler_config.py:106: UserWarning: The following torchair config or properties may not take effect or report error in reduce-overhead mode: config.experimental_config.enable_view_optimize:True, set_dim_gears, dynamo_export, scope, npu_print
2026-03-19T04:16:49.6704428Z (Worker pid=2198) (Worker_DP1_TP1_EP9 pid=2198)   warnings.warn(
2026-03-19T04:16:49.6715750Z (Worker pid=4440) (Worker_DP1_TP5_EP13 pid=4440) /usr/local/python3.11.14/lib/python3.11/site-packages/torch_npu/dynamo/torchair/configs/compiler_config.py:106: UserWarning: The following torchair config or properties may not take effect or report error in reduce-overhead mode: config.experimental_config.enable_view_optimize:True, set_dim_gears, dynamo_export, scope, npu_print
2026-03-19T04:16:49.6724548Z (Worker pid=4440) (Worker_DP1_TP5_EP13 pid=4440)   warnings.warn(
2026-03-19T04:16:49.6736250Z (Worker pid=5553) (Worker_DP0_TP7_EP7 pid=5553) /usr/local/python3.11.14/lib/python3.11/site-packages/torch_npu/dynamo/torchair/configs/compiler_config.py:106: UserWarning: The following torchair config or properties may not take effect or report error in reduce-overhead mode: config.experimental_config.enable_view_optimize:True, set_dim_gears, dynamo_export, scope, npu_print
2026-03-19T04:16:49.6744887Z (Worker pid=5553) (Worker_DP0_TP7_EP7 pid=5553)   warnings.warn(
2026-03-19T04:16:49.6757541Z (Worker pid=2763) (Worker_DP0_TP2_EP2 pid=2763) /usr/local/python3.11.14/lib/python3.11/site-packages/torch_npu/dynamo/torchair/configs/compiler_config.py:106: UserWarning: The following torchair config or properties may not take effect or report error in reduce-overhead mode: config.experimental_config.enable_view_optimize:True, set_dim_gears, dynamo_export, scope, npu_print
2026-03-19T04:16:49.6764937Z (Worker pid=2763) (Worker_DP0_TP2_EP2 pid=2763)   warnings.warn(
2026-03-19T04:16:49.6777166Z (Worker pid=3321) (Worker_DP0_TP3_EP3 pid=3321) /usr/local/python3.11.14/lib/python3.11/site-packages/torch_npu/dynamo/torchair/configs/compiler_config.py:106: UserWarning: The following torchair config or properties may not take effect or report error in reduce-overhead mode: config.experimental_config.enable_view_optimize:True, set_dim_gears, dynamo_export, scope, npu_print
2026-03-19T04:16:49.6785387Z (Worker pid=3321) (Worker_DP0_TP3_EP3 pid=3321)   warnings.warn(
2026-03-19T04:16:49.9712768Z (Worker pid=3879) (Worker_DP0_TP4_EP4 pid=3879) /usr/local/python3.11.14/lib/python3.11/site-packages/torch_npu/dynamo/torchair/configs/compiler_config.py:106: UserWarning: The following torchair config or properties may not take effect or report error in reduce-overhead mode: config.experimental_config.enable_view_optimize:True, set_dim_gears, dynamo_export, scope, npu_print
2026-03-19T04:16:49.9724847Z (Worker pid=2198) (Worker_DP1_TP1_EP9 pid=2198) /usr/local/python3.11.14/lib/python3.11/site-packages/torch_npu/dynamo/torchair/configs/compiler_config.py:106: UserWarning: The following torchair config or properties may not take effect or report error in reduce-overhead mode: config.experimental_config.enable_view_optimize:True, set_dim_gears, dynamo_export, scope, npu_print
2026-03-19T04:16:49.9729497Z (Worker pid=3879) (Worker_DP0_TP4_EP4 pid=3879)   warnings.warn(
2026-03-19T04:16:49.9741077Z (Worker pid=1381) (Worker_DP1_TP0_EP8 pid=1381) /usr/local/python3.11.14/lib/python3.11/site-packages/torch_npu/dynamo/torchair/configs/compiler_config.py:106: UserWarning: The following torchair config or properties may not take effect or report error in reduce-overhead mode: config.experimental_config.enable_view_optimize:True, set_dim_gears, dynamo_export, scope, npu_print
2026-03-19T04:16:49.9749336Z (Worker pid=2198) (Worker_DP1_TP1_EP9 pid=2198)   warnings.warn(
2026-03-19T04:16:49.9758720Z (Worker pid=1381) (Worker_DP1_TP0_EP8 pid=1381)   warnings.warn(
2026-03-19T04:16:49.9771813Z (Worker pid=4998) (Worker_DP1_TP6_EP14 pid=4998) /usr/local/python3.11.14/lib/python3.11/site-packages/torch_npu/dynamo/torchair/configs/compiler_config.py:106: UserWarning: The following torchair config or properties may not take effect or report error in reduce-overhead mode: config.experimental_config.enable_view_optimize:True, set_dim_gears, dynamo_export, scope, npu_print
2026-03-19T04:16:49.9783414Z (Worker pid=3882) (Worker_DP1_TP4_EP12 pid=3882) /usr/local/python3.11.14/lib/python3.11/site-packages/torch_npu/dynamo/torchair/configs/compiler_config.py:106: UserWarning: The following torchair config or properties may not take effect or report error in reduce-overhead mode: config.experimental_config.enable_view_optimize:True, set_dim_gears, dynamo_export, scope, npu_print
2026-03-19T04:16:49.9793555Z (Worker pid=2766) (Worker_DP1_TP2_EP10 pid=2766) /usr/local/python3.11.14/lib/python3.11/site-packages/torch_npu/dynamo/torchair/configs/compiler_config.py:106: UserWarning: The following torchair config or properties may not take effect or report error in reduce-overhead mode: config.experimental_config.enable_view_optimize:True, set_dim_gears, dynamo_export, scope, npu_print
2026-03-19T04:16:49.9803995Z (Worker pid=4440) (Worker_DP1_TP5_EP13 pid=4440) /usr/local/python3.11.14/lib/python3.11/site-packages/torch_npu/dynamo/torchair/configs/compiler_config.py:106: UserWarning: The following torchair config or properties may not take effect or report error in reduce-overhead mode: config.experimental_config.enable_view_optimize:True, set_dim_gears, dynamo_export, scope, npu_print
2026-03-19T04:16:49.9812284Z (Worker pid=4998) (Worker_DP1_TP6_EP14 pid=4998)   warnings.warn(
2026-03-19T04:16:49.9822245Z (Worker pid=3882) (Worker_DP1_TP4_EP12 pid=3882)   warnings.warn(
2026-03-19T04:16:49.9833703Z (Worker pid=1380) (Worker_DP0_TP0_EP0 pid=1380) /usr/local/python3.11.14/lib/python3.11/site-packages/torch_npu/dynamo/torchair/configs/compiler_config.py:106: UserWarning: The following torchair config or properties may not take effect or report error in reduce-overhead mode: config.experimental_config.enable_view_optimize:True, set_dim_gears, dynamo_export, scope, npu_print
2026-03-19T04:16:49.9842234Z (Worker pid=2766) (Worker_DP1_TP2_EP10 pid=2766)   warnings.warn(
2026-03-19T04:16:49.9851881Z (Worker pid=4440) (Worker_DP1_TP5_EP13 pid=4440)   warnings.warn(
2026-03-19T04:16:49.9862506Z (Worker pid=1380) (Worker_DP0_TP0_EP0 pid=1380)   warnings.warn(
2026-03-19T04:16:49.9874537Z (Worker pid=3321) (Worker_DP0_TP3_EP3 pid=3321) /usr/local/python3.11.14/lib/python3.11/site-packages/torch_npu/dynamo/torchair/configs/compiler_config.py:106: UserWarning: The following torchair config or properties may not take effect or report error in reduce-overhead mode: config.experimental_config.enable_view_optimize:True, set_dim_gears, dynamo_export, scope, npu_print
2026-03-19T04:16:49.9883951Z (Worker pid=3321) (Worker_DP0_TP3_EP3 pid=3321)   warnings.warn(
2026-03-19T04:16:49.9896295Z (Worker pid=2763) (Worker_DP0_TP2_EP2 pid=2763) /usr/local/python3.11.14/lib/python3.11/site-packages/torch_npu/dynamo/torchair/configs/compiler_config.py:106: UserWarning: The following torchair config or properties may not take effect or report error in reduce-overhead mode: config.experimental_config.enable_view_optimize:True, set_dim_gears, dynamo_export, scope, npu_print
2026-03-19T04:16:49.9904832Z (Worker pid=2763) (Worker_DP0_TP2_EP2 pid=2763)   warnings.warn(
2026-03-19T04:16:49.9916530Z (Worker pid=4995) (Worker_DP0_TP6_EP6 pid=4995) /usr/local/python3.11.14/lib/python3.11/site-packages/torch_npu/dynamo/torchair/configs/compiler_config.py:106: UserWarning: The following torchair config or properties may not take effect or report error in reduce-overhead mode: config.experimental_config.enable_view_optimize:True, set_dim_gears, dynamo_export, scope, npu_print
2026-03-19T04:16:49.9927475Z (Worker pid=4437) (Worker_DP0_TP5_EP5 pid=4437) /usr/local/python3.11.14/lib/python3.11/site-packages/torch_npu/dynamo/torchair/configs/compiler_config.py:106: UserWarning: The following torchair config or properties may not take effect or report error in reduce-overhead mode: config.experimental_config.enable_view_optimize:True, set_dim_gears, dynamo_export, scope, npu_print
2026-03-19T04:16:49.9935399Z (Worker pid=4995) (Worker_DP0_TP6_EP6 pid=4995)   warnings.warn(
2026-03-19T04:16:49.9945171Z (Worker pid=4437) (Worker_DP0_TP5_EP5 pid=4437)   warnings.warn(
2026-03-19T04:16:49.9956913Z (Worker pid=3324) (Worker_DP1_TP3_EP11 pid=3324) /usr/local/python3.11.14/lib/python3.11/site-packages/torch_npu/dynamo/torchair/configs/compiler_config.py:106: UserWarning: The following torchair config or properties may not take effect or report error in reduce-overhead mode: config.experimental_config.enable_view_optimize:True, set_dim_gears, dynamo_export, scope, npu_print
2026-03-19T04:16:49.9968013Z (Worker pid=2195) (Worker_DP0_TP1_EP1 pid=2195) /usr/local/python3.11.14/lib/python3.11/site-packages/torch_npu/dynamo/torchair/configs/compiler_config.py:106: UserWarning: The following torchair config or properties may not take effect or report error in reduce-overhead mode: config.experimental_config.enable_view_optimize:True, set_dim_gears, dynamo_export, scope, npu_print
2026-03-19T04:16:49.9976376Z (Worker pid=3324) (Worker_DP1_TP3_EP11 pid=3324)   warnings.warn(
2026-03-19T04:16:49.9989429Z (Worker pid=5620) (Worker_DP1_TP7_EP15 pid=5620) /usr/local/python3.11.14/lib/python3.11/site-packages/torch_npu/dynamo/torchair/configs/compiler_config.py:106: UserWarning: The following torchair config or properties may not take effect or report error in reduce-overhead mode: config.experimental_config.enable_view_optimize:True, set_dim_gears, dynamo_export, scope, npu_print
2026-03-19T04:16:49.9997548Z (Worker pid=2195) (Worker_DP0_TP1_EP1 pid=2195)   warnings.warn(
2026-03-19T04:16:50.0006838Z (Worker pid=5620) (Worker_DP1_TP7_EP15 pid=5620)   warnings.warn(
2026-03-19T04:16:50.0018485Z (Worker pid=5553) (Worker_DP0_TP7_EP7 pid=5553) /usr/local/python3.11.14/lib/python3.11/site-packages/torch_npu/dynamo/torchair/configs/compiler_config.py:106: UserWarning: The following torchair config or properties may not take effect or report error in reduce-overhead mode: config.experimental_config.enable_view_optimize:True, set_dim_gears, dynamo_export, scope, npu_print
2026-03-19T04:16:50.0028692Z (Worker pid=5553) (Worker_DP0_TP7_EP7 pid=5553)   warnings.warn(
2026-03-19T04:16:50.4885357Z (Worker pid=3882) (Worker_DP1_TP4_EP12 pid=3882) /usr/local/python3.11.14/lib/python3.11/site-packages/torch_npu/dynamo/torchair/configs/compiler_config.py:106: UserWarning: The following torchair config or properties may not take effect or report error in reduce-overhead mode: config.experimental_config.enable_view_optimize:True, set_dim_gears, dynamo_export, scope, npu_print
2026-03-19T04:16:50.4894890Z (Worker pid=1381) (Worker_DP1_TP0_EP8 pid=1381) /usr/local/python3.11.14/lib/python3.11/site-packages/torch_npu/dynamo/torchair/configs/compiler_config.py:106: UserWarning: The following torchair config or properties may not take effect or report error in reduce-overhead mode: config.experimental_config.enable_view_optimize:True, set_dim_gears, dynamo_export, scope, npu_print
2026-03-19T04:16:50.4903128Z (Worker pid=3882) (Worker_DP1_TP4_EP12 pid=3882)   warnings.warn(
2026-03-19T04:16:50.4913369Z (Worker pid=1381) (Worker_DP1_TP0_EP8 pid=1381)   warnings.warn(
2026-03-19T04:16:50.4925122Z (Worker pid=2766) (Worker_DP1_TP2_EP10 pid=2766) /usr/local/python3.11.14/lib/python3.11/site-packages/torch_npu/dynamo/torchair/configs/compiler_config.py:106: UserWarning: The following torchair config or properties may not take effect or report error in reduce-overhead mode: config.experimental_config.enable_view_optimize:True, set_dim_gears, dynamo_export, scope, npu_print
2026-03-19T04:16:50.4936080Z (Worker pid=3324) (Worker_DP1_TP3_EP11 pid=3324) /usr/local/python3.11.14/lib/python3.11/site-packages/torch_npu/dynamo/torchair/configs/compiler_config.py:106: UserWarning: The following torchair config or properties may not take effect or report error in reduce-overhead mode: config.experimental_config.enable_view_optimize:True, set_dim_gears, dynamo_export, scope, npu_print
2026-03-19T04:16:50.4946590Z (Worker pid=2198) (Worker_DP1_TP1_EP9 pid=2198) /usr/local/python3.11.14/lib/python3.11/site-packages/torch_npu/dynamo/torchair/configs/compiler_config.py:106: UserWarning: The following torchair config or properties may not take effect or report error in reduce-overhead mode: config.experimental_config.enable_view_optimize:True, set_dim_gears, dynamo_export, scope, npu_print
2026-03-19T04:16:50.4957343Z (Worker pid=4440) (Worker_DP1_TP5_EP13 pid=4440) /usr/local/python3.11.14/lib/python3.11/site-packages/torch_npu/dynamo/torchair/configs/compiler_config.py:106: UserWarning: The following torchair config or properties may not take effect or report error in reduce-overhead mode: config.experimental_config.enable_view_optimize:True, set_dim_gears, dynamo_export, scope, npu_print
2026-03-19T04:16:50.4965387Z (Worker pid=2766) (Worker_DP1_TP2_EP10 pid=2766)   warnings.warn(
2026-03-19T04:16:50.4974510Z (Worker pid=3324) (Worker_DP1_TP3_EP11 pid=3324)   warnings.warn(
2026-03-19T04:16:50.4984718Z (Worker pid=2198) (Worker_DP1_TP1_EP9 pid=2198)   warnings.warn(
2026-03-19T04:16:50.4994304Z (Worker pid=4440) (Worker_DP1_TP5_EP13 pid=4440)   warnings.warn(
2026-03-19T04:16:50.5006266Z (Worker pid=5620) (Worker_DP1_TP7_EP15 pid=5620) /usr/local/python3.11.14/lib/python3.11/site-packages/torch_npu/dynamo/torchair/configs/compiler_config.py:106: UserWarning: The following torchair config or properties may not take effect or report error in reduce-overhead mode: config.experimental_config.enable_view_optimize:True, set_dim_gears, dynamo_export, scope, npu_print
2026-03-19T04:16:50.5017013Z (Worker pid=4998) (Worker_DP1_TP6_EP14 pid=4998) /usr/local/python3.11.14/lib/python3.11/site-packages/torch_npu/dynamo/torchair/configs/compiler_config.py:106: UserWarning: The following torchair config or properties may not take effect or report error in reduce-overhead mode: config.experimental_config.enable_view_optimize:True, set_dim_gears, dynamo_export, scope, npu_print
2026-03-19T04:16:50.5026119Z (Worker pid=5620) (Worker_DP1_TP7_EP15 pid=5620)   warnings.warn(
2026-03-19T04:16:50.5036595Z (Worker pid=4998) (Worker_DP1_TP6_EP14 pid=4998)   warnings.warn(
2026-03-19T04:16:50.5048162Z (Worker pid=3879) (Worker_DP0_TP4_EP4 pid=3879) /usr/local/python3.11.14/lib/python3.11/site-packages/torch_npu/dynamo/torchair/configs/compiler_config.py:106: UserWarning: The following torchair config or properties may not take effect or report error in reduce-overhead mode: config.experimental_config.enable_view_optimize:True, set_dim_gears, dynamo_export, scope, npu_print
2026-03-19T04:16:50.5056369Z (Worker pid=3879) (Worker_DP0_TP4_EP4 pid=3879)   warnings.warn(
2026-03-19T04:16:50.5068374Z (Worker pid=2763) (Worker_DP0_TP2_EP2 pid=2763) /usr/local/python3.11.14/lib/python3.11/site-packages/torch_npu/dynamo/torchair/configs/compiler_config.py:106: UserWarning: The following torchair config or properties may not take effect or report error in reduce-overhead mode: config.experimental_config.enable_view_optimize:True, set_dim_gears, dynamo_export, scope, npu_print
2026-03-19T04:16:50.5076776Z (Worker pid=2763) (Worker_DP0_TP2_EP2 pid=2763)   warnings.warn(
2026-03-19T04:16:50.5088467Z (Worker pid=4437) (Worker_DP0_TP5_EP5 pid=4437) /usr/local/python3.11.14/lib/python3.11/site-packages/torch_npu/dynamo/torchair/configs/compiler_config.py:106: UserWarning: The following torchair config or properties may not take effect or report error in reduce-overhead mode: config.experimental_config.enable_view_optimize:True, set_dim_gears, dynamo_export, scope, npu_print
2026-03-19T04:16:50.5098869Z (Worker pid=3321) (Worker_DP0_TP3_EP3 pid=3321) /usr/local/python3.11.14/lib/python3.11/site-packages/torch_npu/dynamo/torchair/configs/compiler_config.py:106: UserWarning: The following torchair config or properties may not take effect or report error in reduce-overhead mode: config.experimental_config.enable_view_optimize:True, set_dim_gears, dynamo_export, scope, npu_print
2026-03-19T04:16:50.5108020Z (Worker pid=4437) (Worker_DP0_TP5_EP5 pid=4437)   warnings.warn(
2026-03-19T04:16:50.5119200Z (Worker pid=4995) (Worker_DP0_TP6_EP6 pid=4995) /usr/local/python3.11.14/lib/python3.11/site-packages/torch_npu/dynamo/torchair/configs/compiler_config.py:106: UserWarning: The following torchair config or properties may not take effect or report error in reduce-overhead mode: config.experimental_config.enable_view_optimize:True, set_dim_gears, dynamo_export, scope, npu_print
2026-03-19T04:16:50.5127935Z (Worker pid=3321) (Worker_DP0_TP3_EP3 pid=3321)   warnings.warn(
2026-03-19T04:16:50.5137554Z (Worker pid=4995) (Worker_DP0_TP6_EP6 pid=4995)   warnings.warn(
2026-03-19T04:16:50.5149780Z (Worker pid=1380) (Worker_DP0_TP0_EP0 pid=1380) /usr/local/python3.11.14/lib/python3.11/site-packages/torch_npu/dynamo/torchair/configs/compiler_config.py:106: UserWarning: The following torchair config or properties may not take effect or report error in reduce-overhead mode: config.experimental_config.enable_view_optimize:True, set_dim_gears, dynamo_export, scope, npu_print
2026-03-19T04:16:50.5160485Z (Worker pid=2195) (Worker_DP0_TP1_EP1 pid=2195) /usr/local/python3.11.14/lib/python3.11/site-packages/torch_npu/dynamo/torchair/configs/compiler_config.py:106: UserWarning: The following torchair config or properties may not take effect or report error in reduce-overhead mode: config.experimental_config.enable_view_optimize:True, set_dim_gears, dynamo_export, scope, npu_print
2026-03-19T04:16:50.5169187Z (Worker pid=1380) (Worker_DP0_TP0_EP0 pid=1380)   warnings.warn(
2026-03-19T04:16:50.5179442Z (Worker pid=2195) (Worker_DP0_TP1_EP1 pid=2195)   warnings.warn(
2026-03-19T04:16:50.5191783Z (Worker pid=5553) (Worker_DP0_TP7_EP7 pid=5553) /usr/local/python3.11.14/lib/python3.11/site-packages/torch_npu/dynamo/torchair/configs/compiler_config.py:106: UserWarning: The following torchair config or properties may not take effect or report error in reduce-overhead mode: config.experimental_config.enable_view_optimize:True, set_dim_gears, dynamo_export, scope, npu_print
2026-03-19T04:16:50.5199949Z (Worker pid=5553) (Worker_DP0_TP7_EP7 pid=5553)   warnings.warn(
2026-03-19T04:16:51.0397301Z (Worker pid=3324) (Worker_DP1_TP3_EP11 pid=3324) /usr/local/python3.11.14/lib/python3.11/site-packages/torch_npu/dynamo/torchair/configs/compiler_config.py:106: UserWarning: The following torchair config or properties may not take effect or report error in reduce-overhead mode: config.experimental_config.enable_view_optimize:True, set_dim_gears, dynamo_export, scope, npu_print
2026-03-19T04:16:51.0404043Z (Worker pid=3324) (Worker_DP1_TP3_EP11 pid=3324)   warnings.warn(
2026-03-19T04:16:51.0415846Z (Worker pid=2766) (Worker_DP1_TP2_EP10 pid=2766) /usr/local/python3.11.14/lib/python3.11/site-packages/torch_npu/dynamo/torchair/configs/compiler_config.py:106: UserWarning: The following torchair config or properties may not take effect or report error in reduce-overhead mode: config.experimental_config.enable_view_optimize:True, set_dim_gears, dynamo_export, scope, npu_print
2026-03-19T04:16:51.0425292Z (Worker pid=2766) (Worker_DP1_TP2_EP10 pid=2766)   warnings.warn(
2026-03-19T04:16:51.0436913Z (Worker pid=2198) (Worker_DP1_TP1_EP9 pid=2198) /usr/local/python3.11.14/lib/python3.11/site-packages/torch_npu/dynamo/torchair/configs/compiler_config.py:106: UserWarning: The following torchair config or properties may not take effect or report error in reduce-overhead mode: config.experimental_config.enable_view_optimize:True, set_dim_gears, dynamo_export, scope, npu_print
2026-03-19T04:16:51.0455448Z (Worker pid=2198) (Worker_DP1_TP1_EP9 pid=2198)   warnings.warn(
2026-03-19T04:16:51.0458210Z (Worker pid=4998) (Worker_DP1_TP6_EP14 pid=4998) /usr/local/python3.11.14/lib/python3.11/site-packages/torch_npu/dynamo/torchair/configs/compiler_config.py:106: UserWarning: The following torchair config or properties may not take effect or report error in reduce-overhead mode: config.experimental_config.enable_view_optimize:True, set_dim_gears, dynamo_export, scope, npu_print
2026-03-19T04:16:51.0469306Z (Worker pid=5620) (Worker_DP1_TP7_EP15 pid=5620) /usr/local/python3.11.14/lib/python3.11/site-packages/torch_npu/dynamo/torchair/configs/compiler_config.py:106: UserWarning: The following torchair config or properties may not take effect or report error in reduce-overhead mode: config.experimental_config.enable_view_optimize:True, set_dim_gears, dynamo_export, scope, npu_print
2026-03-19T04:16:51.0478543Z (Worker pid=5620) (Worker_DP1_TP7_EP15 pid=5620)   warnings.warn(
2026-03-19T04:16:51.0488120Z (Worker pid=4998) (Worker_DP1_TP6_EP14 pid=4998)   warnings.warn(
2026-03-19T04:16:51.0500075Z (Worker pid=1381) (Worker_DP1_TP0_EP8 pid=1381) /usr/local/python3.11.14/lib/python3.11/site-packages/torch_npu/dynamo/torchair/configs/compiler_config.py:106: UserWarning: The following torchair config or properties may not take effect or report error in reduce-overhead mode: config.experimental_config.enable_view_optimize:True, set_dim_gears, dynamo_export, scope, npu_print
2026-03-19T04:16:51.0511404Z (Worker pid=3882) (Worker_DP1_TP4_EP12 pid=3882) /usr/local/python3.11.14/lib/python3.11/site-packages/torch_npu/dynamo/torchair/configs/compiler_config.py:106: UserWarning: The following torchair config or properties may not take effect or report error in reduce-overhead mode: config.experimental_config.enable_view_optimize:True, set_dim_gears, dynamo_export, scope, npu_print
2026-03-19T04:16:51.0522004Z (Worker pid=4440) (Worker_DP1_TP5_EP13 pid=4440) /usr/local/python3.11.14/lib/python3.11/site-packages/torch_npu/dynamo/torchair/configs/compiler_config.py:106: UserWarning: The following torchair config or properties may not take effect or report error in reduce-overhead mode: config.experimental_config.enable_view_optimize:True, set_dim_gears, dynamo_export, scope, npu_print
2026-03-19T04:16:51.0555617Z (Worker pid=1381) (Worker_DP1_TP0_EP8 pid=1381)   warnings.warn(
2026-03-19T04:16:51.0556045Z (Worker pid=3882) (Worker_DP1_TP4_EP12 pid=3882)   warnings.warn(
2026-03-19T04:16:51.0556478Z (Worker pid=4440) (Worker_DP1_TP5_EP13 pid=4440)   warnings.warn(
2026-03-19T04:16:51.0563839Z (Worker pid=4995) (Worker_DP0_TP6_EP6 pid=4995) /usr/local/python3.11.14/lib/python3.11/site-packages/torch_npu/dynamo/torchair/configs/compiler_config.py:106: UserWarning: The following torchair config or properties may not take effect or report error in reduce-overhead mode: config.experimental_config.enable_view_optimize:True, set_dim_gears, dynamo_export, scope, npu_print
2026-03-19T04:16:51.0572842Z (Worker pid=4995) (Worker_DP0_TP6_EP6 pid=4995)   warnings.warn(
2026-03-19T04:16:51.0584996Z (Worker pid=2763) (Worker_DP0_TP2_EP2 pid=2763) /usr/local/python3.11.14/lib/python3.11/site-packages/torch_npu/dynamo/torchair/configs/compiler_config.py:106: UserWarning: The following torchair config or properties may not take effect or report error in reduce-overhead mode: config.experimental_config.enable_view_optimize:True, set_dim_gears, dynamo_export, scope, npu_print
2026-03-19T04:16:51.0593290Z (Worker pid=2763) (Worker_DP0_TP2_EP2 pid=2763)   warnings.warn(
2026-03-19T04:16:51.0604848Z (Worker pid=3321) (Worker_DP0_TP3_EP3 pid=3321) /usr/local/python3.11.14/lib/python3.11/site-packages/torch_npu/dynamo/torchair/configs/compiler_config.py:106: UserWarning: The following torchair config or properties may not take effect or report error in reduce-overhead mode: config.experimental_config.enable_view_optimize:True, set_dim_gears, dynamo_export, scope, npu_print
2026-03-19T04:16:51.0613923Z (Worker pid=3321) (Worker_DP0_TP3_EP3 pid=3321)   warnings.warn(
2026-03-19T04:16:51.0625605Z (Worker pid=4437) (Worker_DP0_TP5_EP5 pid=4437) /usr/local/python3.11.14/lib/python3.11/site-packages/torch_npu/dynamo/torchair/configs/compiler_config.py:106: UserWarning: The following torchair config or properties may not take effect or report error in reduce-overhead mode: config.experimental_config.enable_view_optimize:True, set_dim_gears, dynamo_export, scope, npu_print
2026-03-19T04:16:51.0635999Z (Worker pid=4437) (Worker_DP0_TP5_EP5 pid=4437)   warnings.warn(
2026-03-19T04:16:51.0646200Z (Worker pid=3879) (Worker_DP0_TP4_EP4 pid=3879) /usr/local/python3.11.14/lib/python3.11/site-packages/torch_npu/dynamo/torchair/configs/compiler_config.py:106: UserWarning: The following torchair config or properties may not take effect or report error in reduce-overhead mode: config.experimental_config.enable_view_optimize:True, set_dim_gears, dynamo_export, scope, npu_print
2026-03-19T04:16:51.0655429Z (Worker pid=3879) (Worker_DP0_TP4_EP4 pid=3879)   warnings.warn(
2026-03-19T04:16:51.0668551Z (Worker pid=1380) (Worker_DP0_TP0_EP0 pid=1380) /usr/local/python3.11.14/lib/python3.11/site-packages/torch_npu/dynamo/torchair/configs/compiler_config.py:106: UserWarning: The following torchair config or properties may not take effect or report error in reduce-overhead mode: config.experimental_config.enable_view_optimize:True, set_dim_gears, dynamo_export, scope, npu_print
2026-03-19T04:16:51.0677135Z (Worker pid=1380) (Worker_DP0_TP0_EP0 pid=1380)   warnings.warn(
2026-03-19T04:16:51.0702481Z (Worker pid=2195) (Worker_DP0_TP1_EP1 pid=2195) /usr/local/python3.11.14/lib/python3.11/site-packages/torch_npu/dynamo/torchair/configs/compiler_config.py:106: UserWarning: The following torchair config or properties may not take effect or report error in reduce-overhead mode: config.experimental_config.enable_view_optimize:True, set_dim_gears, dynamo_export, scope, npu_print
2026-03-19T04:16:51.0713363Z (Worker pid=2195) (Worker_DP0_TP1_EP1 pid=2195)   warnings.warn(
2026-03-19T04:16:51.0783402Z (Worker pid=5553) (Worker_DP0_TP7_EP7 pid=5553) /usr/local/python3.11.14/lib/python3.11/site-packages/torch_npu/dynamo/torchair/configs/compiler_config.py:106: UserWarning: The following torchair config or properties may not take effect or report error in reduce-overhead mode: config.experimental_config.enable_view_optimize:True, set_dim_gears, dynamo_export, scope, npu_print
2026-03-19T04:16:51.0792377Z (Worker pid=5553) (Worker_DP0_TP7_EP7 pid=5553)   warnings.warn(
2026-03-19T04:16:51.5886499Z (Worker pid=2766) (Worker_DP1_TP2_EP10 pid=2766) /usr/local/python3.11.14/lib/python3.11/site-packages/torch_npu/dynamo/torchair/configs/compiler_config.py:106: UserWarning: The following torchair config or properties may not take effect or report error in reduce-overhead mode: config.experimental_config.enable_view_optimize:True, set_dim_gears, dynamo_export, scope, npu_print
2026-03-19T04:16:51.5894590Z (Worker pid=2766) (Worker_DP1_TP2_EP10 pid=2766)   warnings.warn(
2026-03-19T04:16:51.5907011Z (Worker pid=2198) (Worker_DP1_TP1_EP9 pid=2198) /usr/local/python3.11.14/lib/python3.11/site-packages/torch_npu/dynamo/torchair/configs/compiler_config.py:106: UserWarning: The following torchair config or properties may not take effect or report error in reduce-overhead mode: config.experimental_config.enable_view_optimize:True, set_dim_gears, dynamo_export, scope, npu_print
2026-03-19T04:16:51.5915009Z (Worker pid=2198) (Worker_DP1_TP1_EP9 pid=2198)   warnings.warn(
2026-03-19T04:16:51.5927175Z (Worker pid=4440) (Worker_DP1_TP5_EP13 pid=4440) /usr/local/python3.11.14/lib/python3.11/site-packages/torch_npu/dynamo/torchair/configs/compiler_config.py:106: UserWarning: The following torchair config or properties may not take effect or report error in reduce-overhead mode: config.experimental_config.enable_view_optimize:True, set_dim_gears, dynamo_export, scope, npu_print
2026-03-19T04:16:51.5938420Z (Worker pid=3324) (Worker_DP1_TP3_EP11 pid=3324) /usr/local/python3.11.14/lib/python3.11/site-packages/torch_npu/dynamo/torchair/configs/compiler_config.py:106: UserWarning: The following torchair config or properties may not take effect or report error in reduce-overhead mode: config.experimental_config.enable_view_optimize:True, set_dim_gears, dynamo_export, scope, npu_print
2026-03-19T04:16:51.5949730Z (Worker pid=3882) (Worker_DP1_TP4_EP12 pid=3882) /usr/local/python3.11.14/lib/python3.11/site-packages/torch_npu/dynamo/torchair/configs/compiler_config.py:106: UserWarning: The following torchair config or properties may not take effect or report error in reduce-overhead mode: config.experimental_config.enable_view_optimize:True, set_dim_gears, dynamo_export, scope, npu_print
2026-03-19T04:16:51.5958403Z (Worker pid=4440) (Worker_DP1_TP5_EP13 pid=4440)   warnings.warn(
2026-03-19T04:16:51.5967650Z (Worker pid=3324) (Worker_DP1_TP3_EP11 pid=3324)   warnings.warn(
2026-03-19T04:16:51.5979913Z (Worker pid=1381) (Worker_DP1_TP0_EP8 pid=1381) /usr/local/python3.11.14/lib/python3.11/site-packages/torch_npu/dynamo/torchair/configs/compiler_config.py:106: UserWarning: The following torchair config or properties may not take effect or report error in reduce-overhead mode: config.experimental_config.enable_view_optimize:True, set_dim_gears, dynamo_export, scope, npu_print
2026-03-19T04:16:51.5988481Z (Worker pid=3882) (Worker_DP1_TP4_EP12 pid=3882)   warnings.warn(
2026-03-19T04:16:51.5997954Z (Worker pid=1381) (Worker_DP1_TP0_EP8 pid=1381)   warnings.warn(
2026-03-19T04:16:51.6010298Z (Worker pid=4998) (Worker_DP1_TP6_EP14 pid=4998) /usr/local/python3.11.14/lib/python3.11/site-packages/torch_npu/dynamo/torchair/configs/compiler_config.py:106: UserWarning: The following torchair config or properties may not take effect or report error in reduce-overhead mode: config.experimental_config.enable_view_optimize:True, set_dim_gears, dynamo_export, scope, npu_print
2026-03-19T04:16:51.6020945Z (Worker pid=5620) (Worker_DP1_TP7_EP15 pid=5620) /usr/local/python3.11.14/lib/python3.11/site-packages/torch_npu/dynamo/torchair/configs/compiler_config.py:106: UserWarning: The following torchair config or properties may not take effect or report error in reduce-overhead mode: config.experimental_config.enable_view_optimize:True, set_dim_gears, dynamo_export, scope, npu_print
2026-03-19T04:16:51.6029356Z (Worker pid=5620) (Worker_DP1_TP7_EP15 pid=5620)   warnings.warn(
2026-03-19T04:16:51.6039023Z (Worker pid=4998) (Worker_DP1_TP6_EP14 pid=4998)   warnings.warn(
2026-03-19T04:16:51.6050528Z (Worker pid=4437) (Worker_DP0_TP5_EP5 pid=4437) /usr/local/python3.11.14/lib/python3.11/site-packages/torch_npu/dynamo/torchair/configs/compiler_config.py:106: UserWarning: The following torchair config or properties may not take effect or report error in reduce-overhead mode: config.experimental_config.enable_view_optimize:True, set_dim_gears, dynamo_export, scope, npu_print
2026-03-19T04:16:51.6061017Z (Worker pid=3879) (Worker_DP0_TP4_EP4 pid=3879) /usr/local/python3.11.14/lib/python3.11/site-packages/torch_npu/dynamo/torchair/configs/compiler_config.py:106: UserWarning: The following torchair config or properties may not take effect or report error in reduce-overhead mode: config.experimental_config.enable_view_optimize:True, set_dim_gears, dynamo_export, scope, npu_print
2026-03-19T04:16:51.6070958Z (Worker pid=4437) (Worker_DP0_TP5_EP5 pid=4437)   warnings.warn(
2026-03-19T04:16:51.6080335Z (Worker pid=3879) (Worker_DP0_TP4_EP4 pid=3879)   warnings.warn(
2026-03-19T04:16:51.6091628Z (Worker pid=3321) (Worker_DP0_TP3_EP3 pid=3321) /usr/local/python3.11.14/lib/python3.11/site-packages/torch_npu/dynamo/torchair/configs/compiler_config.py:106: UserWarning: The following torchair config or properties may not take effect or report error in reduce-overhead mode: config.experimental_config.enable_view_optimize:True, set_dim_gears, dynamo_export, scope, npu_print
2026-03-19T04:16:51.6102189Z (Worker pid=2763) (Worker_DP0_TP2_EP2 pid=2763) /usr/local/python3.11.14/lib/python3.11/site-packages/torch_npu/dynamo/torchair/configs/compiler_config.py:106: UserWarning: The following torchair config or properties may not take effect or report error in reduce-overhead mode: config.experimental_config.enable_view_optimize:True, set_dim_gears, dynamo_export, scope, npu_print
2026-03-19T04:16:51.6111092Z (Worker pid=3321) (Worker_DP0_TP3_EP3 pid=3321)   warnings.warn(
2026-03-19T04:16:51.6121100Z (Worker pid=2763) (Worker_DP0_TP2_EP2 pid=2763)   warnings.warn(
2026-03-19T04:16:51.6132897Z (Worker pid=4995) (Worker_DP0_TP6_EP6 pid=4995) /usr/local/python3.11.14/lib/python3.11/site-packages/torch_npu/dynamo/torchair/configs/compiler_config.py:106: UserWarning: The following torchair config or properties may not take effect or report error in reduce-overhead mode: config.experimental_config.enable_view_optimize:True, set_dim_gears, dynamo_export, scope, npu_print
2026-03-19T04:16:51.6141676Z (Worker pid=4995) (Worker_DP0_TP6_EP6 pid=4995)   warnings.warn(
2026-03-19T04:16:51.6153438Z (Worker pid=1380) (Worker_DP0_TP0_EP0 pid=1380) /usr/local/python3.11.14/lib/python3.11/site-packages/torch_npu/dynamo/torchair/configs/compiler_config.py:106: UserWarning: The following torchair config or properties may not take effect or report error in reduce-overhead mode: config.experimental_config.enable_view_optimize:True, set_dim_gears, dynamo_export, scope, npu_print
2026-03-19T04:16:51.6161640Z (Worker pid=1380) (Worker_DP0_TP0_EP0 pid=1380)   warnings.warn(
2026-03-19T04:16:51.6248262Z (Worker pid=2195) (Worker_DP0_TP1_EP1 pid=2195) /usr/local/python3.11.14/lib/python3.11/site-packages/torch_npu/dynamo/torchair/configs/compiler_config.py:106: UserWarning: The following torchair config or properties may not take effect or report error in reduce-overhead mode: config.experimental_config.enable_view_optimize:True, set_dim_gears, dynamo_export, scope, npu_print
2026-03-19T04:16:51.6256406Z (Worker pid=2195) (Worker_DP0_TP1_EP1 pid=2195)   warnings.warn(
2026-03-19T04:16:51.6369084Z (Worker pid=5553) (Worker_DP0_TP7_EP7 pid=5553) /usr/local/python3.11.14/lib/python3.11/site-packages/torch_npu/dynamo/torchair/configs/compiler_config.py:106: UserWarning: The following torchair config or properties may not take effect or report error in reduce-overhead mode: config.experimental_config.enable_view_optimize:True, set_dim_gears, dynamo_export, scope, npu_print
2026-03-19T04:16:51.6377444Z (Worker pid=5553) (Worker_DP0_TP7_EP7 pid=5553)   warnings.warn(
2026-03-19T04:16:52.1392444Z (Worker pid=1381) (Worker_DP1_TP0_EP8 pid=1381) /usr/local/python3.11.14/lib/python3.11/site-packages/torch_npu/dynamo/torchair/configs/compiler_config.py:106: UserWarning: The following torchair config or properties may not take effect or report error in reduce-overhead mode: config.experimental_config.enable_view_optimize:True, set_dim_gears, dynamo_export, scope, npu_print
2026-03-19T04:16:52.1402845Z (Worker pid=1381) (Worker_DP1_TP0_EP8 pid=1381)   warnings.warn(
2026-03-19T04:16:52.1414568Z (Worker pid=4440) (Worker_DP1_TP5_EP13 pid=4440) /usr/local/python3.11.14/lib/python3.11/site-packages/torch_npu/dynamo/torchair/configs/compiler_config.py:106: UserWarning: The following torchair config or properties may not take effect or report error in reduce-overhead mode: config.experimental_config.enable_view_optimize:True, set_dim_gears, dynamo_export, scope, npu_print
2026-03-19T04:16:52.1423598Z (Worker pid=4440) (Worker_DP1_TP5_EP13 pid=4440)   warnings.warn(
2026-03-19T04:16:52.1436470Z (Worker pid=3882) (Worker_DP1_TP4_EP12 pid=3882) /usr/local/python3.11.14/lib/python3.11/site-packages/torch_npu/dynamo/torchair/configs/compiler_config.py:106: UserWarning: The following torchair config or properties may not take effect or report error in reduce-overhead mode: config.experimental_config.enable_view_optimize:True, set_dim_gears, dynamo_export, scope, npu_print
2026-03-19T04:16:52.1445087Z (Worker pid=3882) (Worker_DP1_TP4_EP12 pid=3882)   warnings.warn(
2026-03-19T04:16:52.1457378Z (Worker pid=4998) (Worker_DP1_TP6_EP14 pid=4998) /usr/local/python3.11.14/lib/python3.11/site-packages/torch_npu/dynamo/torchair/configs/compiler_config.py:106: UserWarning: The following torchair config or properties may not take effect or report error in reduce-overhead mode: config.experimental_config.enable_view_optimize:True, set_dim_gears, dynamo_export, scope, npu_print
2026-03-19T04:16:52.1469706Z (Worker pid=5620) (Worker_DP1_TP7_EP15 pid=5620) /usr/local/python3.11.14/lib/python3.11/site-packages/torch_npu/dynamo/torchair/configs/compiler_config.py:106: UserWarning: The following torchair config or properties may not take effect or report error in reduce-overhead mode: config.experimental_config.enable_view_optimize:True, set_dim_gears, dynamo_export, scope, npu_print
2026-03-19T04:16:52.1482297Z (Worker pid=2198) (Worker_DP1_TP1_EP9 pid=2198) /usr/local/python3.11.14/lib/python3.11/site-packages/torch_npu/dynamo/torchair/configs/compiler_config.py:106: UserWarning: The following torchair config or properties may not take effect or report error in reduce-overhead mode: config.experimental_config.enable_view_optimize:True, set_dim_gears, dynamo_export, scope, npu_print
2026-03-19T04:16:52.1492007Z (Worker pid=4998) (Worker_DP1_TP6_EP14 pid=4998)   warnings.warn(
2026-03-19T04:16:52.1502774Z (Worker pid=5620) (Worker_DP1_TP7_EP15 pid=5620)   warnings.warn(
2026-03-19T04:16:52.1513268Z (Worker pid=2198) (Worker_DP1_TP1_EP9 pid=2198)   warnings.warn(
2026-03-19T04:16:52.1525951Z (Worker pid=2766) (Worker_DP1_TP2_EP10 pid=2766) /usr/local/python3.11.14/lib/python3.11/site-packages/torch_npu/dynamo/torchair/configs/compiler_config.py:106: UserWarning: The following torchair config or properties may not take effect or report error in reduce-overhead mode: config.experimental_config.enable_view_optimize:True, set_dim_gears, dynamo_export, scope, npu_print
2026-03-19T04:16:52.1537181Z (Worker pid=3324) (Worker_DP1_TP3_EP11 pid=3324) /usr/local/python3.11.14/lib/python3.11/site-packages/torch_npu/dynamo/torchair/configs/compiler_config.py:106: UserWarning: The following torchair config or properties may not take effect or report error in reduce-overhead mode: config.experimental_config.enable_view_optimize:True, set_dim_gears, dynamo_export, scope, npu_print
2026-03-19T04:16:52.1546612Z (Worker pid=2766) (Worker_DP1_TP2_EP10 pid=2766)   warnings.warn(
2026-03-19T04:16:52.1556379Z (Worker pid=3324) (Worker_DP1_TP3_EP11 pid=3324)   warnings.warn(
2026-03-19T04:16:52.1569308Z (Worker pid=3879) (Worker_DP0_TP4_EP4 pid=3879) /usr/local/python3.11.14/lib/python3.11/site-packages/torch_npu/dynamo/torchair/configs/compiler_config.py:106: UserWarning: The following torchair config or properties may not take effect or report error in reduce-overhead mode: config.experimental_config.enable_view_optimize:True, set_dim_gears, dynamo_export, scope, npu_print
2026-03-19T04:16:52.1577420Z (Worker pid=3879) (Worker_DP0_TP4_EP4 pid=3879)   warnings.warn(
2026-03-19T04:16:52.1590269Z (Worker pid=4437) (Worker_DP0_TP5_EP5 pid=4437) /usr/local/python3.11.14/lib/python3.11/site-packages/torch_npu/dynamo/torchair/configs/compiler_config.py:106: UserWarning: The following torchair config or properties may not take effect or report error in reduce-overhead mode: config.experimental_config.enable_view_optimize:True, set_dim_gears, dynamo_export, scope, npu_print
2026-03-19T04:16:52.1601565Z (Worker pid=2763) (Worker_DP0_TP2_EP2 pid=2763) /usr/local/python3.11.14/lib/python3.11/site-packages/torch_npu/dynamo/torchair/configs/compiler_config.py:106: UserWarning: The following torchair config or properties may not take effect or report error in reduce-overhead mode: config.experimental_config.enable_view_optimize:True, set_dim_gears, dynamo_export, scope, npu_print
2026-03-19T04:16:52.1612686Z (Worker pid=4437) (Worker_DP0_TP5_EP5 pid=4437)   warnings.warn(
2026-03-19T04:16:52.1619239Z (Worker pid=2763) (Worker_DP0_TP2_EP2 pid=2763)   warnings.warn(
2026-03-19T04:16:52.1631906Z (Worker pid=4995) (Worker_DP0_TP6_EP6 pid=4995) /usr/local/python3.11.14/lib/python3.11/site-packages/torch_npu/dynamo/torchair/configs/compiler_config.py:106: UserWarning: The following torchair config or properties may not take effect or report error in reduce-overhead mode: config.experimental_config.enable_view_optimize:True, set_dim_gears, dynamo_export, scope, npu_print
2026-03-19T04:16:52.1640659Z (Worker pid=4995) (Worker_DP0_TP6_EP6 pid=4995)   warnings.warn(
2026-03-19T04:16:52.1652798Z (Worker pid=3321) (Worker_DP0_TP3_EP3 pid=3321) /usr/local/python3.11.14/lib/python3.11/site-packages/torch_npu/dynamo/torchair/configs/compiler_config.py:106: UserWarning: The following torchair config or properties may not take effect or report error in reduce-overhead mode: config.experimental_config.enable_view_optimize:True, set_dim_gears, dynamo_export, scope, npu_print
2026-03-19T04:16:52.1705805Z (Worker pid=3321) (Worker_DP0_TP3_EP3 pid=3321)   warnings.warn(
2026-03-19T04:16:52.1707538Z (Worker pid=2195) (Worker_DP0_TP1_EP1 pid=2195) /usr/local/python3.11.14/lib/python3.11/site-packages/torch_npu/dynamo/torchair/configs/compiler_config.py:106: UserWarning: The following torchair config or properties may not take effect or report error in reduce-overhead mode: config.experimental_config.enable_view_optimize:True, set_dim_gears, dynamo_export, scope, npu_print
2026-03-19T04:16:52.1708985Z (Worker pid=2195) (Worker_DP0_TP1_EP1 pid=2195)   warnings.warn(
2026-03-19T04:16:52.1802195Z (Worker pid=1380) (Worker_DP0_TP0_EP0 pid=1380) /usr/local/python3.11.14/lib/python3.11/site-packages/torch_npu/dynamo/torchair/configs/compiler_config.py:106: UserWarning: The following torchair config or properties may not take effect or report error in reduce-overhead mode: config.experimental_config.enable_view_optimize:True, set_dim_gears, dynamo_export, scope, npu_print
2026-03-19T04:16:52.1810762Z (Worker pid=1380) (Worker_DP0_TP0_EP0 pid=1380)   warnings.warn(
2026-03-19T04:16:52.1897610Z (Worker pid=5553) (Worker_DP0_TP7_EP7 pid=5553) /usr/local/python3.11.14/lib/python3.11/site-packages/torch_npu/dynamo/torchair/configs/compiler_config.py:106: UserWarning: The following torchair config or properties may not take effect or report error in reduce-overhead mode: config.experimental_config.enable_view_optimize:True, set_dim_gears, dynamo_export, scope, npu_print
2026-03-19T04:16:52.1906443Z (Worker pid=5553) (Worker_DP0_TP7_EP7 pid=5553)   warnings.warn(
2026-03-19T04:16:52.7015764Z (Worker pid=5620) (Worker_DP1_TP7_EP15 pid=5620) /usr/local/python3.11.14/lib/python3.11/site-packages/torch_npu/dynamo/torchair/configs/compiler_config.py:106: UserWarning: The following torchair config or properties may not take effect or report error in reduce-overhead mode: config.experimental_config.enable_view_optimize:True, set_dim_gears, dynamo_export, scope, npu_print
2026-03-19T04:16:52.7024380Z (Worker pid=5620) (Worker_DP1_TP7_EP15 pid=5620)   warnings.warn(
2026-03-19T04:16:52.7038783Z (Worker pid=3324) (Worker_DP1_TP3_EP11 pid=3324) /usr/local/python3.11.14/lib/python3.11/site-packages/torch_npu/dynamo/torchair/configs/compiler_config.py:106: UserWarning: The following torchair config or properties may not take effect or report error in reduce-overhead mode: config.experimental_config.enable_view_optimize:True, set_dim_gears, dynamo_export, scope, npu_print
2026-03-19T04:16:52.7046096Z (Worker pid=3324) (Worker_DP1_TP3_EP11 pid=3324)   warnings.warn(
2026-03-19T04:16:52.7059411Z (Worker pid=4437) (Worker_DP0_TP5_EP5 pid=4437) /usr/local/python3.11.14/lib/python3.11/site-packages/torch_npu/dynamo/torchair/configs/compiler_config.py:106: UserWarning: The following torchair config or properties may not take effect or report error in reduce-overhead mode: config.experimental_config.enable_view_optimize:True, set_dim_gears, dynamo_export, scope, npu_print
2026-03-19T04:16:52.7067601Z (Worker pid=4437) (Worker_DP0_TP5_EP5 pid=4437)   warnings.warn(
2026-03-19T04:16:52.7080818Z (Worker pid=4995) (Worker_DP0_TP6_EP6 pid=4995) /usr/local/python3.11.14/lib/python3.11/site-packages/torch_npu/dynamo/torchair/configs/compiler_config.py:106: UserWarning: The following torchair config or properties may not take effect or report error in reduce-overhead mode: config.experimental_config.enable_view_optimize:True, set_dim_gears, dynamo_export, scope, npu_print
2026-03-19T04:16:52.7088665Z (Worker pid=4995) (Worker_DP0_TP6_EP6 pid=4995)   warnings.warn(
2026-03-19T04:16:52.7101934Z (Worker pid=1381) (Worker_DP1_TP0_EP8 pid=1381) /usr/local/python3.11.14/lib/python3.11/site-packages/torch_npu/dynamo/torchair/configs/compiler_config.py:106: UserWarning: The following torchair config or properties may not take effect or report error in reduce-overhead mode: config.experimental_config.enable_view_optimize:True, set_dim_gears, dynamo_export, scope, npu_print
2026-03-19T04:16:52.7110087Z (Worker pid=1381) (Worker_DP1_TP0_EP8 pid=1381)   warnings.warn(
2026-03-19T04:16:52.7123131Z (Worker pid=2198) (Worker_DP1_TP1_EP9 pid=2198) /usr/local/python3.11.14/lib/python3.11/site-packages/torch_npu/dynamo/torchair/configs/compiler_config.py:106: UserWarning: The following torchair config or properties may not take effect or report error in reduce-overhead mode: config.experimental_config.enable_view_optimize:True, set_dim_gears, dynamo_export, scope, npu_print
2026-03-19T04:16:52.7130664Z (Worker pid=2198) (Worker_DP1_TP1_EP9 pid=2198)   warnings.warn(
2026-03-19T04:16:52.7144055Z (Worker pid=3882) (Worker_DP1_TP4_EP12 pid=3882) /usr/local/python3.11.14/lib/python3.11/site-packages/torch_npu/dynamo/torchair/configs/compiler_config.py:106: UserWarning: The following torchair config or properties may not take effect or report error in reduce-overhead mode: config.experimental_config.enable_view_optimize:True, set_dim_gears, dynamo_export, scope, npu_print
2026-03-19T04:16:52.7155023Z (Worker pid=4440) (Worker_DP1_TP5_EP13 pid=4440) /usr/local/python3.11.14/lib/python3.11/site-packages/torch_npu/dynamo/torchair/configs/compiler_config.py:106: UserWarning: The following torchair config or properties may not take effect or report error in reduce-overhead mode: config.experimental_config.enable_view_optimize:True, set_dim_gears, dynamo_export, scope, npu_print
2026-03-19T04:16:52.7165270Z (Worker pid=4998) (Worker_DP1_TP6_EP14 pid=4998) /usr/local/python3.11.14/lib/python3.11/site-packages/torch_npu/dynamo/torchair/configs/compiler_config.py:106: UserWarning: The following torchair config or properties may not take effect or report error in reduce-overhead mode: config.experimental_config.enable_view_optimize:True, set_dim_gears, dynamo_export, scope, npu_print
2026-03-19T04:16:52.7173429Z (Worker pid=3882) (Worker_DP1_TP4_EP12 pid=3882)   warnings.warn(
2026-03-19T04:16:52.7183805Z (Worker pid=4440) (Worker_DP1_TP5_EP13 pid=4440)   warnings.warn(
2026-03-19T04:16:52.7193201Z (Worker pid=4998) (Worker_DP1_TP6_EP14 pid=4998)   warnings.warn(
2026-03-19T04:16:52.7205893Z (Worker pid=2766) (Worker_DP1_TP2_EP10 pid=2766) /usr/local/python3.11.14/lib/python3.11/site-packages/torch_npu/dynamo/torchair/configs/compiler_config.py:106: UserWarning: The following torchair config or properties may not take effect or report error in reduce-overhead mode: config.experimental_config.enable_view_optimize:True, set_dim_gears, dynamo_export, scope, npu_print
2026-03-19T04:16:52.7213725Z (Worker pid=2766) (Worker_DP1_TP2_EP10 pid=2766)   warnings.warn(
2026-03-19T04:16:52.7225587Z (Worker pid=3879) (Worker_DP0_TP4_EP4 pid=3879) /usr/local/python3.11.14/lib/python3.11/site-packages/torch_npu/dynamo/torchair/configs/compiler_config.py:106: UserWarning: The following torchair config or properties may not take effect or report error in reduce-overhead mode: config.experimental_config.enable_view_optimize:True, set_dim_gears, dynamo_export, scope, npu_print
2026-03-19T04:16:52.7236352Z (Worker pid=2763) (Worker_DP0_TP2_EP2 pid=2763) /usr/local/python3.11.14/lib/python3.11/site-packages/torch_npu/dynamo/torchair/configs/compiler_config.py:106: UserWarning: The following torchair config or properties may not take effect or report error in reduce-overhead mode: config.experimental_config.enable_view_optimize:True, set_dim_gears, dynamo_export, scope, npu_print
2026-03-19T04:16:52.7244702Z (Worker pid=3879) (Worker_DP0_TP4_EP4 pid=3879)   warnings.warn(
2026-03-19T04:16:52.7254505Z (Worker pid=2763) (Worker_DP0_TP2_EP2 pid=2763)   warnings.warn(
2026-03-19T04:16:52.7266337Z (Worker pid=3321) (Worker_DP0_TP3_EP3 pid=3321) /usr/local/python3.11.14/lib/python3.11/site-packages/torch_npu/dynamo/torchair/configs/compiler_config.py:106: UserWarning: The following torchair config or properties may not take effect or report error in reduce-overhead mode: config.experimental_config.enable_view_optimize:True, set_dim_gears, dynamo_export, scope, npu_print
2026-03-19T04:16:52.7315823Z (Worker pid=3321) (Worker_DP0_TP3_EP3 pid=3321)   warnings.warn(
2026-03-19T04:16:52.7317443Z (Worker pid=2195) (Worker_DP0_TP1_EP1 pid=2195) /usr/local/python3.11.14/lib/python3.11/site-packages/torch_npu/dynamo/torchair/configs/compiler_config.py:106: UserWarning: The following torchair config or properties may not take effect or report error in reduce-overhead mode: config.experimental_config.enable_view_optimize:True, set_dim_gears, dynamo_export, scope, npu_print
2026-03-19T04:16:52.7318975Z (Worker pid=2195) (Worker_DP0_TP1_EP1 pid=2195)   warnings.warn(
2026-03-19T04:16:52.7320581Z (Worker pid=1380) (Worker_DP0_TP0_EP0 pid=1380) /usr/local/python3.11.14/lib/python3.11/site-packages/torch_npu/dynamo/torchair/configs/compiler_config.py:106: UserWarning: The following torchair config or properties may not take effect or report error in reduce-overhead mode: config.experimental_config.enable_view_optimize:True, set_dim_gears, dynamo_export, scope, npu_print
2026-03-19T04:16:52.7322034Z (Worker pid=1380) (Worker_DP0_TP0_EP0 pid=1380)   warnings.warn(
2026-03-19T04:16:52.7544790Z (Worker pid=5553) (Worker_DP0_TP7_EP7 pid=5553) /usr/local/python3.11.14/lib/python3.11/site-packages/torch_npu/dynamo/torchair/configs/compiler_config.py:106: UserWarning: The following torchair config or properties may not take effect or report error in reduce-overhead mode: config.experimental_config.enable_view_optimize:True, set_dim_gears, dynamo_export, scope, npu_print
2026-03-19T04:16:52.7552782Z (Worker pid=5553) (Worker_DP0_TP7_EP7 pid=5553)   warnings.warn(
2026-03-19T04:16:53.2768932Z (Worker pid=3882) (Worker_DP1_TP4_EP12 pid=3882) /usr/local/python3.11.14/lib/python3.11/site-packages/torch_npu/dynamo/torchair/configs/compiler_config.py:106: UserWarning: The following torchair config or properties may not take effect or report error in reduce-overhead mode: config.experimental_config.enable_view_optimize:True, set_dim_gears, dynamo_export, scope, npu_print
2026-03-19T04:16:53.2779599Z (Worker pid=2198) (Worker_DP1_TP1_EP9 pid=2198) /usr/local/python3.11.14/lib/python3.11/site-packages/torch_npu/dynamo/torchair/configs/compiler_config.py:106: UserWarning: The following torchair config or properties may not take effect or report error in reduce-overhead mode: config.experimental_config.enable_view_optimize:True, set_dim_gears, dynamo_export, scope, npu_print
2026-03-19T04:16:53.2790366Z (Worker pid=4998) (Worker_DP1_TP6_EP14 pid=4998) /usr/local/python3.11.14/lib/python3.11/site-packages/torch_npu/dynamo/torchair/configs/compiler_config.py:106: UserWarning: The following torchair config or properties may not take effect or report error in reduce-overhead mode: config.experimental_config.enable_view_optimize:True, set_dim_gears, dynamo_export, scope, npu_print
2026-03-19T04:16:53.2800392Z (Worker pid=3882) (Worker_DP1_TP4_EP12 pid=3882)   warnings.warn(
2026-03-19T04:16:53.2809462Z (Worker pid=2198) (Worker_DP1_TP1_EP9 pid=2198)   warnings.warn(
2026-03-19T04:16:53.2822248Z (Worker pid=4440) (Worker_DP1_TP5_EP13 pid=4440) /usr/local/python3.11.14/lib/python3.11/site-packages/torch_npu/dynamo/torchair/configs/compiler_config.py:106: UserWarning: The following torchair config or properties may not take effect or report error in reduce-overhead mode: config.experimental_config.enable_view_optimize:True, set_dim_gears, dynamo_export, scope, npu_print
2026-03-19T04:16:53.2830997Z (Worker pid=4998) (Worker_DP1_TP6_EP14 pid=4998)   warnings.warn(
2026-03-19T04:16:53.2843504Z (Worker pid=2766) (Worker_DP1_TP2_EP10 pid=2766) /usr/local/python3.11.14/lib/python3.11/site-packages/torch_npu/dynamo/torchair/configs/compiler_config.py:106: UserWarning: The following torchair config or properties may not take effect or report error in reduce-overhead mode: config.experimental_config.enable_view_optimize:True, set_dim_gears, dynamo_export, scope, npu_print
2026-03-19T04:16:53.2851940Z (Worker pid=4440) (Worker_DP1_TP5_EP13 pid=4440)   warnings.warn(
2026-03-19T04:16:53.2861318Z (Worker pid=2766) (Worker_DP1_TP2_EP10 pid=2766)   warnings.warn(
2026-03-19T04:16:53.2874050Z (Worker pid=1381) (Worker_DP1_TP0_EP8 pid=1381) /usr/local/python3.11.14/lib/python3.11/site-packages/torch_npu/dynamo/torchair/configs/compiler_config.py:106: UserWarning: The following torchair config or properties may not take effect or report error in reduce-overhead mode: config.experimental_config.enable_view_optimize:True, set_dim_gears, dynamo_export, scope, npu_print
2026-03-19T04:16:53.2885849Z (Worker pid=1381) (Worker_DP1_TP0_EP8 pid=1381)   warnings.warn(
2026-03-19T04:16:53.2898827Z (Worker pid=3324) (Worker_DP1_TP3_EP11 pid=3324) /usr/local/python3.11.14/lib/python3.11/site-packages/torch_npu/dynamo/torchair/configs/compiler_config.py:106: UserWarning: The following torchair config or properties may not take effect or report error in reduce-overhead mode: config.experimental_config.enable_view_optimize:True, set_dim_gears, dynamo_export, scope, npu_print
2026-03-19T04:16:53.2909976Z (Worker pid=5620) (Worker_DP1_TP7_EP15 pid=5620) /usr/local/python3.11.14/lib/python3.11/site-packages/torch_npu/dynamo/torchair/configs/compiler_config.py:106: UserWarning: The following torchair config or properties may not take effect or report error in reduce-overhead mode: config.experimental_config.enable_view_optimize:True, set_dim_gears, dynamo_export, scope, npu_print
2026-03-19T04:16:53.2918962Z (Worker pid=3324) (Worker_DP1_TP3_EP11 pid=3324)   warnings.warn(
2026-03-19T04:16:53.2929415Z (Worker pid=5620) (Worker_DP1_TP7_EP15 pid=5620)   warnings.warn(
2026-03-19T04:16:53.2941965Z (Worker pid=3879) (Worker_DP0_TP4_EP4 pid=3879) /usr/local/python3.11.14/lib/python3.11/site-packages/torch_npu/dynamo/torchair/configs/compiler_config.py:106: UserWarning: The following torchair config or properties may not take effect or report error in reduce-overhead mode: config.experimental_config.enable_view_optimize:True, set_dim_gears, dynamo_export, scope, npu_print
2026-03-19T04:16:53.2951279Z (Worker pid=3879) (Worker_DP0_TP4_EP4 pid=3879)   warnings.warn(
2026-03-19T04:16:53.2963497Z (Worker pid=2195) (Worker_DP0_TP1_EP1 pid=2195) /usr/local/python3.11.14/lib/python3.11/site-packages/torch_npu/dynamo/torchair/configs/compiler_config.py:106: UserWarning: The following torchair config or properties may not take effect or report error in reduce-overhead mode: config.experimental_config.enable_view_optimize:True, set_dim_gears, dynamo_export, scope, npu_print
2026-03-19T04:16:53.2972604Z (Worker pid=2195) (Worker_DP0_TP1_EP1 pid=2195)   warnings.warn(
2026-03-19T04:16:53.2984685Z (Worker pid=2763) (Worker_DP0_TP2_EP2 pid=2763) /usr/local/python3.11.14/lib/python3.11/site-packages/torch_npu/dynamo/torchair/configs/compiler_config.py:106: UserWarning: The following torchair config or properties may not take effect or report error in reduce-overhead mode: config.experimental_config.enable_view_optimize:True, set_dim_gears, dynamo_export, scope, npu_print
2026-03-19T04:16:53.2993218Z (Worker pid=2763) (Worker_DP0_TP2_EP2 pid=2763)   warnings.warn(
2026-03-19T04:16:53.3005797Z (Worker pid=4995) (Worker_DP0_TP6_EP6 pid=4995) /usr/local/python3.11.14/lib/python3.11/site-packages/torch_npu/dynamo/torchair/configs/compiler_config.py:106: UserWarning: The following torchair config or properties may not take effect or report error in reduce-overhead mode: config.experimental_config.enable_view_optimize:True, set_dim_gears, dynamo_export, scope, npu_print
2026-03-19T04:16:53.3016626Z (Worker pid=3321) (Worker_DP0_TP3_EP3 pid=3321) /usr/local/python3.11.14/lib/python3.11/site-packages/torch_npu/dynamo/torchair/configs/compiler_config.py:106: UserWarning: The following torchair config or properties may not take effect or report error in reduce-overhead mode: config.experimental_config.enable_view_optimize:True, set_dim_gears, dynamo_export, scope, npu_print
2026-03-19T04:16:53.3025917Z (Worker pid=4995) (Worker_DP0_TP6_EP6 pid=4995)   warnings.warn(
2026-03-19T04:16:53.3035497Z (Worker pid=3321) (Worker_DP0_TP3_EP3 pid=3321)   warnings.warn(
2026-03-19T04:16:53.3047623Z (Worker pid=4437) (Worker_DP0_TP5_EP5 pid=4437) /usr/local/python3.11.14/lib/python3.11/site-packages/torch_npu/dynamo/torchair/configs/compiler_config.py:106: UserWarning: The following torchair config or properties may not take effect or report error in reduce-overhead mode: config.experimental_config.enable_view_optimize:True, set_dim_gears, dynamo_export, scope, npu_print
2026-03-19T04:16:53.3056422Z (Worker pid=4437) (Worker_DP0_TP5_EP5 pid=4437)   warnings.warn(
2026-03-19T04:16:53.3068901Z (Worker pid=5553) (Worker_DP0_TP7_EP7 pid=5553) /usr/local/python3.11.14/lib/python3.11/site-packages/torch_npu/dynamo/torchair/configs/compiler_config.py:106: UserWarning: The following torchair config or properties may not take effect or report error in reduce-overhead mode: config.experimental_config.enable_view_optimize:True, set_dim_gears, dynamo_export, scope, npu_print
2026-03-19T04:16:53.3077960Z (Worker pid=5553) (Worker_DP0_TP7_EP7 pid=5553)   warnings.warn(
2026-03-19T04:16:53.3134564Z (Worker pid=1380) (Worker_DP0_TP0_EP0 pid=1380) /usr/local/python3.11.14/lib/python3.11/site-packages/torch_npu/dynamo/torchair/configs/compiler_config.py:106: UserWarning: The following torchair config or properties may not take effect or report error in reduce-overhead mode: config.experimental_config.enable_view_optimize:True, set_dim_gears, dynamo_export, scope, npu_print
2026-03-19T04:16:53.3143896Z (Worker pid=1380) (Worker_DP0_TP0_EP0 pid=1380)   warnings.warn(
2026-03-19T04:16:53.7995933Z (Worker pid=5620) (Worker_DP1_TP7_EP15 pid=5620) /usr/local/python3.11.14/lib/python3.11/site-packages/torch_npu/dynamo/torchair/configs/compiler_config.py:106: UserWarning: The following torchair config or properties may not take effect or report error in reduce-overhead mode: config.experimental_config.enable_view_optimize:True, set_dim_gears, dynamo_export, scope, npu_print
2026-03-19T04:16:53.7997463Z (Worker pid=5620) (Worker_DP1_TP7_EP15 pid=5620)   warnings.warn(
2026-03-19T04:16:53.7998933Z (Worker pid=3324) (Worker_DP1_TP3_EP11 pid=3324) /usr/local/python3.11.14/lib/python3.11/site-packages/torch_npu/dynamo/torchair/configs/compiler_config.py:106: UserWarning: The following torchair config or properties may not take effect or report error in reduce-overhead mode: config.experimental_config.enable_view_optimize:True, set_dim_gears, dynamo_export, scope, npu_print
2026-03-19T04:16:53.8006771Z (Worker pid=3324) (Worker_DP1_TP3_EP11 pid=3324)   warnings.warn(
2026-03-19T04:16:53.8018840Z (Worker pid=4998) (Worker_DP1_TP6_EP14 pid=4998) /usr/local/python3.11.14/lib/python3.11/site-packages/torch_npu/dynamo/torchair/configs/compiler_config.py:106: UserWarning: The following torchair config or properties may not take effect or report error in reduce-overhead mode: config.experimental_config.enable_view_optimize:True, set_dim_gears, dynamo_export, scope, npu_print
2026-03-19T04:16:53.8030049Z (Worker pid=1381) (Worker_DP1_TP0_EP8 pid=1381) /usr/local/python3.11.14/lib/python3.11/site-packages/torch_npu/dynamo/torchair/configs/compiler_config.py:106: UserWarning: The following torchair config or properties may not take effect or report error in reduce-overhead mode: config.experimental_config.enable_view_optimize:True, set_dim_gears, dynamo_export, scope, npu_print
2026-03-19T04:16:53.8038246Z (Worker pid=4998) (Worker_DP1_TP6_EP14 pid=4998)   warnings.warn(
2026-03-19T04:16:53.8047774Z (Worker pid=1381) (Worker_DP1_TP0_EP8 pid=1381)   warnings.warn(
2026-03-19T04:16:53.8059344Z (Worker pid=2198) (Worker_DP1_TP1_EP9 pid=2198) /usr/local/python3.11.14/lib/python3.11/site-packages/torch_npu/dynamo/torchair/configs/compiler_config.py:106: UserWarning: The following torchair config or properties may not take effect or report error in reduce-overhead mode: config.experimental_config.enable_view_optimize:True, set_dim_gears, dynamo_export, scope, npu_print
2026-03-19T04:16:53.8069130Z (Worker pid=2198) (Worker_DP1_TP1_EP9 pid=2198)   warnings.warn(
2026-03-19T04:16:53.8080797Z (Worker pid=2766) (Worker_DP1_TP2_EP10 pid=2766) /usr/local/python3.11.14/lib/python3.11/site-packages/torch_npu/dynamo/torchair/configs/compiler_config.py:106: UserWarning: The following torchair config or properties may not take effect or report error in reduce-overhead mode: config.experimental_config.enable_view_optimize:True, set_dim_gears, dynamo_export, scope, npu_print
2026-03-19T04:16:53.8088838Z (Worker pid=2766) (Worker_DP1_TP2_EP10 pid=2766)   warnings.warn(
2026-03-19T04:16:53.8101367Z (Worker pid=3882) (Worker_DP1_TP4_EP12 pid=3882) /usr/local/python3.11.14/lib/python3.11/site-packages/torch_npu/dynamo/torchair/configs/compiler_config.py:106: UserWarning: The following torchair config or properties may not take effect or report error in reduce-overhead mode: config.experimental_config.enable_view_optimize:True, set_dim_gears, dynamo_export, scope, npu_print
2026-03-19T04:16:53.8110539Z (Worker pid=3882) (Worker_DP1_TP4_EP12 pid=3882)   warnings.warn(
2026-03-19T04:16:53.8122046Z (Worker pid=4440) (Worker_DP1_TP5_EP13 pid=4440) /usr/local/python3.11.14/lib/python3.11/site-packages/torch_npu/dynamo/torchair/configs/compiler_config.py:106: UserWarning: The following torchair config or properties may not take effect or report error in reduce-overhead mode: config.experimental_config.enable_view_optimize:True, set_dim_gears, dynamo_export, scope, npu_print
2026-03-19T04:16:53.8131413Z (Worker pid=4440) (Worker_DP1_TP5_EP13 pid=4440)   warnings.warn(
2026-03-19T04:16:53.8143865Z (Worker pid=2195) (Worker_DP0_TP1_EP1 pid=2195) /usr/local/python3.11.14/lib/python3.11/site-packages/torch_npu/dynamo/torchair/configs/compiler_config.py:106: UserWarning: The following torchair config or properties may not take effect or report error in reduce-overhead mode: config.experimental_config.enable_view_optimize:True, set_dim_gears, dynamo_export, scope, npu_print
2026-03-19T04:16:53.8152680Z (Worker pid=2195) (Worker_DP0_TP1_EP1 pid=2195)   warnings.warn(
2026-03-19T04:16:53.8164688Z (Worker pid=4995) (Worker_DP0_TP6_EP6 pid=4995) /usr/local/python3.11.14/lib/python3.11/site-packages/torch_npu/dynamo/torchair/configs/compiler_config.py:106: UserWarning: The following torchair config or properties may not take effect or report error in reduce-overhead mode: config.experimental_config.enable_view_optimize:True, set_dim_gears, dynamo_export, scope, npu_print
2026-03-19T04:16:53.8173971Z (Worker pid=4995) (Worker_DP0_TP6_EP6 pid=4995)   warnings.warn(
2026-03-19T04:16:53.8186289Z (Worker pid=4437) (Worker_DP0_TP5_EP5 pid=4437) /usr/local/python3.11.14/lib/python3.11/site-packages/torch_npu/dynamo/torchair/configs/compiler_config.py:106: UserWarning: The following torchair config or properties may not take effect or report error in reduce-overhead mode: config.experimental_config.enable_view_optimize:True, set_dim_gears, dynamo_export, scope, npu_print
2026-03-19T04:16:53.8195082Z (Worker pid=4437) (Worker_DP0_TP5_EP5 pid=4437)   warnings.warn(
2026-03-19T04:16:53.8207028Z (Worker pid=2763) (Worker_DP0_TP2_EP2 pid=2763) /usr/local/python3.11.14/lib/python3.11/site-packages/torch_npu/dynamo/torchair/configs/compiler_config.py:106: UserWarning: The following torchair config or properties may not take effect or report error in reduce-overhead mode: config.experimental_config.enable_view_optimize:True, set_dim_gears, dynamo_export, scope, npu_print
2026-03-19T04:16:53.8216114Z (Worker pid=2763) (Worker_DP0_TP2_EP2 pid=2763)   warnings.warn(
2026-03-19T04:16:53.8229692Z (Worker pid=3321) (Worker_DP0_TP3_EP3 pid=3321) /usr/local/python3.11.14/lib/python3.11/site-packages/torch_npu/dynamo/torchair/configs/compiler_config.py:106: UserWarning: The following torchair config or properties may not take effect or report error in reduce-overhead mode: config.experimental_config.enable_view_optimize:True, set_dim_gears, dynamo_export, scope, npu_print
2026-03-19T04:16:53.8238860Z (Worker pid=3321) (Worker_DP0_TP3_EP3 pid=3321)   warnings.warn(
2026-03-19T04:16:53.8252051Z (Worker pid=3879) (Worker_DP0_TP4_EP4 pid=3879) /usr/local/python3.11.14/lib/python3.11/site-packages/torch_npu/dynamo/torchair/configs/compiler_config.py:106: UserWarning: The following torchair config or properties may not take effect or report error in reduce-overhead mode: config.experimental_config.enable_view_optimize:True, set_dim_gears, dynamo_export, scope, npu_print
2026-03-19T04:16:53.8263927Z (Worker pid=3879) (Worker_DP0_TP4_EP4 pid=3879)   warnings.warn(
2026-03-19T04:16:53.8379766Z (Worker pid=5553) (Worker_DP0_TP7_EP7 pid=5553) /usr/local/python3.11.14/lib/python3.11/site-packages/torch_npu/dynamo/torchair/configs/compiler_config.py:106: UserWarning: The following torchair config or properties may not take effect or report error in reduce-overhead mode: config.experimental_config.enable_view_optimize:True, set_dim_gears, dynamo_export, scope, npu_print
2026-03-19T04:16:53.8399810Z (Worker pid=5553) (Worker_DP0_TP7_EP7 pid=5553)   warnings.warn(
2026-03-19T04:16:53.8441836Z (Worker pid=1380) (Worker_DP0_TP0_EP0 pid=1380) /usr/local/python3.11.14/lib/python3.11/site-packages/torch_npu/dynamo/torchair/configs/compiler_config.py:106: UserWarning: The following torchair config or properties may not take effect or report error in reduce-overhead mode: config.experimental_config.enable_view_optimize:True, set_dim_gears, dynamo_export, scope, npu_print
2026-03-19T04:16:53.8449700Z (Worker pid=1380) (Worker_DP0_TP0_EP0 pid=1380)   warnings.warn(
2026-03-19T04:16:54.3684365Z (Worker pid=4998) (Worker_DP1_TP6_EP14 pid=4998) /usr/local/python3.11.14/lib/python3.11/site-packages/torch_npu/dynamo/torchair/configs/compiler_config.py:106: UserWarning: The following torchair config or properties may not take effect or report error in reduce-overhead mode: config.experimental_config.enable_view_optimize:True, set_dim_gears, dynamo_export, scope, npu_print
2026-03-19T04:16:54.3691340Z (Worker pid=4998) (Worker_DP1_TP6_EP14 pid=4998)   warnings.warn(
2026-03-19T04:16:54.3704210Z (Worker pid=4440) (Worker_DP1_TP5_EP13 pid=4440) /usr/local/python3.11.14/lib/python3.11/site-packages/torch_npu/dynamo/torchair/configs/compiler_config.py:106: UserWarning: The following torchair config or properties may not take effect or report error in reduce-overhead mode: config.experimental_config.enable_view_optimize:True, set_dim_gears, dynamo_export, scope, npu_print
2026-03-19T04:16:54.3713156Z (Worker pid=4440) (Worker_DP1_TP5_EP13 pid=4440)   warnings.warn(
2026-03-19T04:16:54.3724904Z (Worker pid=3882) (Worker_DP1_TP4_EP12 pid=3882) /usr/local/python3.11.14/lib/python3.11/site-packages/torch_npu/dynamo/torchair/configs/compiler_config.py:106: UserWarning: The following torchair config or properties may not take effect or report error in reduce-overhead mode: config.experimental_config.enable_view_optimize:True, set_dim_gears, dynamo_export, scope, npu_print
2026-03-19T04:16:54.3746216Z (Worker pid=2766) (Worker_DP1_TP2_EP10 pid=2766) /usr/local/python3.11.14/lib/python3.11/site-packages/torch_npu/dynamo/torchair/configs/compiler_config.py:106: UserWarning: The following torchair config or properties may not take effect or report error in reduce-overhead mode: config.experimental_config.enable_view_optimize:True, set_dim_gears, dynamo_export, scope, npu_print
2026-03-19T04:16:54.3754842Z (Worker pid=3882) (Worker_DP1_TP4_EP12 pid=3882)   warnings.warn(
2026-03-19T04:16:54.3766194Z (Worker pid=2198) (Worker_DP1_TP1_EP9 pid=2198) /usr/local/python3.11.14/lib/python3.11/site-packages/torch_npu/dynamo/torchair/configs/compiler_config.py:106: UserWarning: The following torchair config or properties may not take effect or report error in reduce-overhead mode: config.experimental_config.enable_view_optimize:True, set_dim_gears, dynamo_export, scope, npu_print
2026-03-19T04:16:54.3774558Z (Worker pid=2766) (Worker_DP1_TP2_EP10 pid=2766)   warnings.warn(
2026-03-19T04:16:54.3784445Z (Worker pid=2198) (Worker_DP1_TP1_EP9 pid=2198)   warnings.warn(
2026-03-19T04:16:54.3796260Z (Worker pid=1381) (Worker_DP1_TP0_EP8 pid=1381) /usr/local/python3.11.14/lib/python3.11/site-packages/torch_npu/dynamo/torchair/configs/compiler_config.py:106: UserWarning: The following torchair config or properties may not take effect or report error in reduce-overhead mode: config.experimental_config.enable_view_optimize:True, set_dim_gears, dynamo_export, scope, npu_print
2026-03-19T04:16:54.3804800Z (Worker pid=1381) (Worker_DP1_TP0_EP8 pid=1381)   warnings.warn(
2026-03-19T04:16:54.3816700Z (Worker pid=5620) (Worker_DP1_TP7_EP15 pid=5620) /usr/local/python3.11.14/lib/python3.11/site-packages/torch_npu/dynamo/torchair/configs/compiler_config.py:106: UserWarning: The following torchair config or properties may not take effect or report error in reduce-overhead mode: config.experimental_config.enable_view_optimize:True, set_dim_gears, dynamo_export, scope, npu_print
2026-03-19T04:16:54.3827186Z (Worker pid=3324) (Worker_DP1_TP3_EP11 pid=3324) /usr/local/python3.11.14/lib/python3.11/site-packages/torch_npu/dynamo/torchair/configs/compiler_config.py:106: UserWarning: The following torchair config or properties may not take effect or report error in reduce-overhead mode: config.experimental_config.enable_view_optimize:True, set_dim_gears, dynamo_export, scope, npu_print
2026-03-19T04:16:54.3836333Z (Worker pid=5620) (Worker_DP1_TP7_EP15 pid=5620)   warnings.warn(
2026-03-19T04:16:54.3846226Z (Worker pid=3324) (Worker_DP1_TP3_EP11 pid=3324)   warnings.warn(
2026-03-19T04:16:54.3857918Z (Worker pid=2195) (Worker_DP0_TP1_EP1 pid=2195) /usr/local/python3.11.14/lib/python3.11/site-packages/torch_npu/dynamo/torchair/configs/compiler_config.py:106: UserWarning: The following torchair config or properties may not take effect or report error in reduce-overhead mode: config.experimental_config.enable_view_optimize:True, set_dim_gears, dynamo_export, scope, npu_print
2026-03-19T04:16:54.3865856Z (Worker pid=2195) (Worker_DP0_TP1_EP1 pid=2195)   warnings.warn(
2026-03-19T04:16:54.3878076Z (Worker pid=3879) (Worker_DP0_TP4_EP4 pid=3879) /usr/local/python3.11.14/lib/python3.11/site-packages/torch_npu/dynamo/torchair/configs/compiler_config.py:106: UserWarning: The following torchair config or properties may not take effect or report error in reduce-overhead mode: config.experimental_config.enable_view_optimize:True, set_dim_gears, dynamo_export, scope, npu_print
2026-03-19T04:16:54.3888907Z (Worker pid=4995) (Worker_DP0_TP6_EP6 pid=4995) /usr/local/python3.11.14/lib/python3.11/site-packages/torch_npu/dynamo/torchair/configs/compiler_config.py:106: UserWarning: The following torchair config or properties may not take effect or report error in reduce-overhead mode: config.experimental_config.enable_view_optimize:True, set_dim_gears, dynamo_export, scope, npu_print
2026-03-19T04:16:54.3897624Z (Worker pid=3879) (Worker_DP0_TP4_EP4 pid=3879)   warnings.warn(
2026-03-19T04:16:54.3907363Z (Worker pid=4995) (Worker_DP0_TP6_EP6 pid=4995)   warnings.warn(
2026-03-19T04:16:54.3918985Z (Worker pid=4437) (Worker_DP0_TP5_EP5 pid=4437) /usr/local/python3.11.14/lib/python3.11/site-packages/torch_npu/dynamo/torchair/configs/compiler_config.py:106: UserWarning: The following torchair config or properties may not take effect or report error in reduce-overhead mode: config.experimental_config.enable_view_optimize:True, set_dim_gears, dynamo_export, scope, npu_print
2026-03-19T04:16:54.3926990Z (Worker pid=4437) (Worker_DP0_TP5_EP5 pid=4437)   warnings.warn(
2026-03-19T04:16:54.3938785Z (Worker pid=2763) (Worker_DP0_TP2_EP2 pid=2763) /usr/local/python3.11.14/lib/python3.11/site-packages/torch_npu/dynamo/torchair/configs/compiler_config.py:106: UserWarning: The following torchair config or properties may not take effect or report error in reduce-overhead mode: config.experimental_config.enable_view_optimize:True, set_dim_gears, dynamo_export, scope, npu_print
2026-03-19T04:16:54.3949725Z (Worker pid=3321) (Worker_DP0_TP3_EP3 pid=3321) /usr/local/python3.11.14/lib/python3.11/site-packages/torch_npu/dynamo/torchair/configs/compiler_config.py:106: UserWarning: The following torchair config or properties may not take effect or report error in reduce-overhead mode: config.experimental_config.enable_view_optimize:True, set_dim_gears, dynamo_export, scope, npu_print
2026-03-19T04:16:54.3957911Z (Worker pid=3321) (Worker_DP0_TP3_EP3 pid=3321)   warnings.warn(
2026-03-19T04:16:54.3967388Z (Worker pid=2763) (Worker_DP0_TP2_EP2 pid=2763)   warnings.warn(
2026-03-19T04:16:54.3978677Z (Worker pid=5553) (Worker_DP0_TP7_EP7 pid=5553) /usr/local/python3.11.14/lib/python3.11/site-packages/torch_npu/dynamo/torchair/configs/compiler_config.py:106: UserWarning: The following torchair config or properties may not take effect or report error in reduce-overhead mode: config.experimental_config.enable_view_optimize:True, set_dim_gears, dynamo_export, scope, npu_print
2026-03-19T04:16:54.3987887Z (Worker pid=5553) (Worker_DP0_TP7_EP7 pid=5553)   warnings.warn(
2026-03-19T04:16:54.4030931Z (Worker pid=1380) (Worker_DP0_TP0_EP0 pid=1380) /usr/local/python3.11.14/lib/python3.11/site-packages/torch_npu/dynamo/torchair/configs/compiler_config.py:106: UserWarning: The following torchair config or properties may not take effect or report error in reduce-overhead mode: config.experimental_config.enable_view_optimize:True, set_dim_gears, dynamo_export, scope, npu_print
2026-03-19T04:16:54.4040007Z (Worker pid=1380) (Worker_DP0_TP0_EP0 pid=1380)   warnings.warn(
2026-03-19T04:16:54.9096294Z (Worker pid=4998) (Worker_DP1_TP6_EP14 pid=4998) /usr/local/python3.11.14/lib/python3.11/site-packages/torch_npu/dynamo/torchair/configs/compiler_config.py:106: UserWarning: The following torchair config or properties may not take effect or report error in reduce-overhead mode: config.experimental_config.enable_view_optimize:True, set_dim_gears, dynamo_export, scope, npu_print
2026-03-19T04:16:54.9106822Z (Worker pid=2766) (Worker_DP1_TP2_EP10 pid=2766) /usr/local/python3.11.14/lib/python3.11/site-packages/torch_npu/dynamo/torchair/configs/compiler_config.py:106: UserWarning: The following torchair config or properties may not take effect or report error in reduce-overhead mode: config.experimental_config.enable_view_optimize:True, set_dim_gears, dynamo_export, scope, npu_print
2026-03-19T04:16:54.9116104Z (Worker pid=4998) (Worker_DP1_TP6_EP14 pid=4998)   warnings.warn(
2026-03-19T04:16:54.9126580Z (Worker pid=2766) (Worker_DP1_TP2_EP10 pid=2766)   warnings.warn(
2026-03-19T04:16:54.9139940Z (Worker pid=5620) (Worker_DP1_TP7_EP15 pid=5620) /usr/local/python3.11.14/lib/python3.11/site-packages/torch_npu/dynamo/torchair/configs/compiler_config.py:106: UserWarning: The following torchair config or properties may not take effect or report error in reduce-overhead mode: config.experimental_config.enable_view_optimize:True, set_dim_gears, dynamo_export, scope, npu_print
2026-03-19T04:16:54.9148635Z (Worker pid=5620) (Worker_DP1_TP7_EP15 pid=5620)   warnings.warn(
2026-03-19T04:16:54.9160169Z (Worker pid=4440) (Worker_DP1_TP5_EP13 pid=4440) /usr/local/python3.11.14/lib/python3.11/site-packages/torch_npu/dynamo/torchair/configs/compiler_config.py:106: UserWarning: The following torchair config or properties may not take effect or report error in reduce-overhead mode: config.experimental_config.enable_view_optimize:True, set_dim_gears, dynamo_export, scope, npu_print
2026-03-19T04:16:54.9170489Z (Worker pid=3882) (Worker_DP1_TP4_EP12 pid=3882) /usr/local/python3.11.14/lib/python3.11/site-packages/torch_npu/dynamo/torchair/configs/compiler_config.py:106: UserWarning: The following torchair config or properties may not take effect or report error in reduce-overhead mode: config.experimental_config.enable_view_optimize:True, set_dim_gears, dynamo_export, scope, npu_print
2026-03-19T04:16:54.9178860Z (Worker pid=4440) (Worker_DP1_TP5_EP13 pid=4440)   warnings.warn(
2026-03-19T04:16:54.9188775Z (Worker pid=3882) (Worker_DP1_TP4_EP12 pid=3882)   warnings.warn(
2026-03-19T04:16:54.9200696Z (Worker pid=3324) (Worker_DP1_TP3_EP11 pid=3324) /usr/local/python3.11.14/lib/python3.11/site-packages/torch_npu/dynamo/torchair/configs/compiler_config.py:106: UserWarning: The following torchair config or properties may not take effect or report error in reduce-overhead mode: config.experimental_config.enable_view_optimize:True, set_dim_gears, dynamo_export, scope, npu_print
2026-03-19T04:16:54.9208819Z (Worker pid=3324) (Worker_DP1_TP3_EP11 pid=3324)   warnings.warn(
2026-03-19T04:16:54.9220781Z (Worker pid=2198) (Worker_DP1_TP1_EP9 pid=2198) /usr/local/python3.11.14/lib/python3.11/site-packages/torch_npu/dynamo/torchair/configs/compiler_config.py:106: UserWarning: The following torchair config or properties may not take effect or report error in reduce-overhead mode: config.experimental_config.enable_view_optimize:True, set_dim_gears, dynamo_export, scope, npu_print
2026-03-19T04:16:54.9232625Z (Worker pid=1381) (Worker_DP1_TP0_EP8 pid=1381) /usr/local/python3.11.14/lib/python3.11/site-packages/torch_npu/dynamo/torchair/configs/compiler_config.py:106: UserWarning: The following torchair config or properties may not take effect or report error in reduce-overhead mode: config.experimental_config.enable_view_optimize:True, set_dim_gears, dynamo_export, scope, npu_print
2026-03-19T04:16:54.9240743Z (Worker pid=2198) (Worker_DP1_TP1_EP9 pid=2198)   warnings.warn(
2026-03-19T04:16:54.9250569Z (Worker pid=1381) (Worker_DP1_TP0_EP8 pid=1381)   warnings.warn(
2026-03-19T04:16:54.9262006Z (Worker pid=1380) (Worker_DP0_TP0_EP0 pid=1380) /usr/local/python3.11.14/lib/python3.11/site-packages/torch_npu/dynamo/torchair/configs/compiler_config.py:106: UserWarning: The following torchair config or properties may not take effect or report error in reduce-overhead mode: config.experimental_config.enable_view_optimize:True, set_dim_gears, dynamo_export, scope, npu_print
2026-03-19T04:16:54.9271035Z (Worker pid=1380) (Worker_DP0_TP0_EP0 pid=1380)   warnings.warn(
2026-03-19T04:16:54.9283090Z (Worker pid=3879) (Worker_DP0_TP4_EP4 pid=3879) /usr/local/python3.11.14/lib/python3.11/site-packages/torch_npu/dynamo/torchair/configs/compiler_config.py:106: UserWarning: The following torchair config or properties may not take effect or report error in reduce-overhead mode: config.experimental_config.enable_view_optimize:True, set_dim_gears, dynamo_export, scope, npu_print
2026-03-19T04:16:54.9292199Z (Worker pid=3879) (Worker_DP0_TP4_EP4 pid=3879)   warnings.warn(
2026-03-19T04:16:54.9304527Z (Worker pid=2763) (Worker_DP0_TP2_EP2 pid=2763) /usr/local/python3.11.14/lib/python3.11/site-packages/torch_npu/dynamo/torchair/configs/compiler_config.py:106: UserWarning: The following torchair config or properties may not take effect or report error in reduce-overhead mode: config.experimental_config.enable_view_optimize:True, set_dim_gears, dynamo_export, scope, npu_print
2026-03-19T04:16:54.9314757Z (Worker pid=3321) (Worker_DP0_TP3_EP3 pid=3321) /usr/local/python3.11.14/lib/python3.11/site-packages/torch_npu/dynamo/torchair/configs/compiler_config.py:106: UserWarning: The following torchair config or properties may not take effect or report error in reduce-overhead mode: config.experimental_config.enable_view_optimize:True, set_dim_gears, dynamo_export, scope, npu_print
2026-03-19T04:16:54.9322962Z (Worker pid=2763) (Worker_DP0_TP2_EP2 pid=2763)   warnings.warn(
2026-03-19T04:16:54.9332884Z (Worker pid=3321) (Worker_DP0_TP3_EP3 pid=3321)   warnings.warn(
2026-03-19T04:16:54.9345645Z (Worker pid=2195) (Worker_DP0_TP1_EP1 pid=2195) /usr/local/python3.11.14/lib/python3.11/site-packages/torch_npu/dynamo/torchair/configs/compiler_config.py:106: UserWarning: The following torchair config or properties may not take effect or report error in reduce-overhead mode: config.experimental_config.enable_view_optimize:True, set_dim_gears, dynamo_export, scope, npu_print
2026-03-19T04:16:54.9354076Z (Worker pid=2195) (Worker_DP0_TP1_EP1 pid=2195)   warnings.warn(
2026-03-19T04:16:54.9365990Z (Worker pid=4437) (Worker_DP0_TP5_EP5 pid=4437) /usr/local/python3.11.14/lib/python3.11/site-packages/torch_npu/dynamo/torchair/configs/compiler_config.py:106: UserWarning: The following torchair config or properties may not take effect or report error in reduce-overhead mode: config.experimental_config.enable_view_optimize:True, set_dim_gears, dynamo_export, scope, npu_print
2026-03-19T04:16:54.9374693Z (Worker pid=4437) (Worker_DP0_TP5_EP5 pid=4437)   warnings.warn(
2026-03-19T04:16:54.9387074Z (Worker pid=4995) (Worker_DP0_TP6_EP6 pid=4995) /usr/local/python3.11.14/lib/python3.11/site-packages/torch_npu/dynamo/torchair/configs/compiler_config.py:106: UserWarning: The following torchair config or properties may not take effect or report error in reduce-overhead mode: config.experimental_config.enable_view_optimize:True, set_dim_gears, dynamo_export, scope, npu_print
2026-03-19T04:16:54.9395454Z (Worker pid=4995) (Worker_DP0_TP6_EP6 pid=4995)   warnings.warn(
2026-03-19T04:16:54.9407176Z (Worker pid=5553) (Worker_DP0_TP7_EP7 pid=5553) /usr/local/python3.11.14/lib/python3.11/site-packages/torch_npu/dynamo/torchair/configs/compiler_config.py:106: UserWarning: The following torchair config or properties may not take effect or report error in reduce-overhead mode: config.experimental_config.enable_view_optimize:True, set_dim_gears, dynamo_export, scope, npu_print
2026-03-19T04:16:54.9416139Z (Worker pid=5553) (Worker_DP0_TP7_EP7 pid=5553)   warnings.warn(
2026-03-19T04:16:55.4454321Z (Worker pid=1381) (Worker_DP1_TP0_EP8 pid=1381) /usr/local/python3.11.14/lib/python3.11/site-packages/torch_npu/dynamo/torchair/configs/compiler_config.py:106: UserWarning: The following torchair config or properties may not take effect or report error in reduce-overhead mode: config.experimental_config.enable_view_optimize:True, set_dim_gears, dynamo_export, scope, npu_print
2026-03-19T04:16:55.4465609Z (Worker pid=2198) (Worker_DP1_TP1_EP9 pid=2198) /usr/local/python3.11.14/lib/python3.11/site-packages/torch_npu/dynamo/torchair/configs/compiler_config.py:106: UserWarning: The following torchair config or properties may not take effect or report error in reduce-overhead mode: config.experimental_config.enable_view_optimize:True, set_dim_gears, dynamo_export, scope, npu_print
2026-03-19T04:16:55.4473735Z (Worker pid=1381) (Worker_DP1_TP0_EP8 pid=1381)   warnings.warn(
2026-03-19T04:16:55.4483623Z (Worker pid=2198) (Worker_DP1_TP1_EP9 pid=2198)   warnings.warn(
2026-03-19T04:16:55.4495929Z (Worker pid=2766) (Worker_DP1_TP2_EP10 pid=2766) /usr/local/python3.11.14/lib/python3.11/site-packages/torch_npu/dynamo/torchair/configs/compiler_config.py:106: UserWarning: The following torchair config or properties may not take effect or report error in reduce-overhead mode: config.experimental_config.enable_view_optimize:True, set_dim_gears, dynamo_export, scope, npu_print
2026-03-19T04:16:55.4507206Z (Worker pid=3882) (Worker_DP1_TP4_EP12 pid=3882) /usr/local/python3.11.14/lib/python3.11/site-packages/torch_npu/dynamo/torchair/configs/compiler_config.py:106: UserWarning: The following torchair config or properties may not take effect or report error in reduce-overhead mode: config.experimental_config.enable_view_optimize:True, set_dim_gears, dynamo_export, scope, npu_print
2026-03-19T04:16:55.4518196Z (Worker pid=5620) (Worker_DP1_TP7_EP15 pid=5620) /usr/local/python3.11.14/lib/python3.11/site-packages/torch_npu/dynamo/torchair/configs/compiler_config.py:106: UserWarning: The following torchair config or properties may not take effect or report error in reduce-overhead mode: config.experimental_config.enable_view_optimize:True, set_dim_gears, dynamo_export, scope, npu_print
2026-03-19T04:16:55.4529120Z (Worker pid=4998) (Worker_DP1_TP6_EP14 pid=4998) /usr/local/python3.11.14/lib/python3.11/site-packages/torch_npu/dynamo/torchair/configs/compiler_config.py:106: UserWarning: The following torchair config or properties may not take effect or report error in reduce-overhead mode: config.experimental_config.enable_view_optimize:True, set_dim_gears, dynamo_export, scope, npu_print
2026-03-19T04:16:55.4539778Z (Worker pid=3324) (Worker_DP1_TP3_EP11 pid=3324) /usr/local/python3.11.14/lib/python3.11/site-packages/torch_npu/dynamo/torchair/configs/compiler_config.py:106: UserWarning: The following torchair config or properties may not take effect or report error in reduce-overhead mode: config.experimental_config.enable_view_optimize:True, set_dim_gears, dynamo_export, scope, npu_print
2026-03-19T04:16:55.4548775Z (Worker pid=2766) (Worker_DP1_TP2_EP10 pid=2766)   warnings.warn(
2026-03-19T04:16:55.4575872Z (Worker pid=3882) (Worker_DP1_TP4_EP12 pid=3882)   warnings.warn(
2026-03-19T04:16:55.4576296Z (Worker pid=5620) (Worker_DP1_TP7_EP15 pid=5620)   warnings.warn(
2026-03-19T04:16:55.4577633Z (Worker pid=4998) (Worker_DP1_TP6_EP14 pid=4998)   warnings.warn(
2026-03-19T04:16:55.4587349Z (Worker pid=3324) (Worker_DP1_TP3_EP11 pid=3324)   warnings.warn(
2026-03-19T04:16:55.4598985Z (Worker pid=4440) (Worker_DP1_TP5_EP13 pid=4440) /usr/local/python3.11.14/lib/python3.11/site-packages/torch_npu/dynamo/torchair/configs/compiler_config.py:106: UserWarning: The following torchair config or properties may not take effect or report error in reduce-overhead mode: config.experimental_config.enable_view_optimize:True, set_dim_gears, dynamo_export, scope, npu_print
2026-03-19T04:16:55.4607325Z (Worker pid=4440) (Worker_DP1_TP5_EP13 pid=4440)   warnings.warn(
2026-03-19T04:16:55.4619016Z (Worker pid=4437) (Worker_DP0_TP5_EP5 pid=4437) /usr/local/python3.11.14/lib/python3.11/site-packages/torch_npu/dynamo/torchair/configs/compiler_config.py:106: UserWarning: The following torchair config or properties may not take effect or report error in reduce-overhead mode: config.experimental_config.enable_view_optimize:True, set_dim_gears, dynamo_export, scope, npu_print
2026-03-19T04:16:55.4628198Z (Worker pid=4437) (Worker_DP0_TP5_EP5 pid=4437)   warnings.warn(
2026-03-19T04:16:55.4640252Z (Worker pid=3879) (Worker_DP0_TP4_EP4 pid=3879) /usr/local/python3.11.14/lib/python3.11/site-packages/torch_npu/dynamo/torchair/configs/compiler_config.py:106: UserWarning: The following torchair config or properties may not take effect or report error in reduce-overhead mode: config.experimental_config.enable_view_optimize:True, set_dim_gears, dynamo_export, scope, npu_print
2026-03-19T04:16:55.4648708Z (Worker pid=3879) (Worker_DP0_TP4_EP4 pid=3879)   warnings.warn(
2026-03-19T04:16:55.4660860Z (Worker pid=5553) (Worker_DP0_TP7_EP7 pid=5553) /usr/local/python3.11.14/lib/python3.11/site-packages/torch_npu/dynamo/torchair/configs/compiler_config.py:106: UserWarning: The following torchair config or properties may not take effect or report error in reduce-overhead mode: config.experimental_config.enable_view_optimize:True, set_dim_gears, dynamo_export, scope, npu_print
2026-03-19T04:16:55.4672863Z (Worker pid=5553) (Worker_DP0_TP7_EP7 pid=5553)   warnings.warn(
2026-03-19T04:16:55.4685230Z (Worker pid=4995) (Worker_DP0_TP6_EP6 pid=4995) /usr/local/python3.11.14/lib/python3.11/site-packages/torch_npu/dynamo/torchair/configs/compiler_config.py:106: UserWarning: The following torchair config or properties may not take effect or report error in reduce-overhead mode: config.experimental_config.enable_view_optimize:True, set_dim_gears, dynamo_export, scope, npu_print
2026-03-19T04:16:55.4696275Z (Worker pid=2195) (Worker_DP0_TP1_EP1 pid=2195) /usr/local/python3.11.14/lib/python3.11/site-packages/torch_npu/dynamo/torchair/configs/compiler_config.py:106: UserWarning: The following torchair config or properties may not take effect or report error in reduce-overhead mode: config.experimental_config.enable_view_optimize:True, set_dim_gears, dynamo_export, scope, npu_print
2026-03-19T04:16:55.4709018Z (Worker pid=4995) (Worker_DP0_TP6_EP6 pid=4995)   warnings.warn(
2026-03-19T04:16:55.4719420Z (Worker pid=2195) (Worker_DP0_TP1_EP1 pid=2195)   warnings.warn(
2026-03-19T04:16:55.4732286Z (Worker pid=2763) (Worker_DP0_TP2_EP2 pid=2763) /usr/local/python3.11.14/lib/python3.11/site-packages/torch_npu/dynamo/torchair/configs/compiler_config.py:106: UserWarning: The following torchair config or properties may not take effect or report error in reduce-overhead mode: config.experimental_config.enable_view_optimize:True, set_dim_gears, dynamo_export, scope, npu_print
2026-03-19T04:16:55.4740635Z (Worker pid=2763) (Worker_DP0_TP2_EP2 pid=2763)   warnings.warn(
2026-03-19T04:16:55.4753267Z (Worker pid=3321) (Worker_DP0_TP3_EP3 pid=3321) /usr/local/python3.11.14/lib/python3.11/site-packages/torch_npu/dynamo/torchair/configs/compiler_config.py:106: UserWarning: The following torchair config or properties may not take effect or report error in reduce-overhead mode: config.experimental_config.enable_view_optimize:True, set_dim_gears, dynamo_export, scope, npu_print
2026-03-19T04:16:55.4761617Z (Worker pid=3321) (Worker_DP0_TP3_EP3 pid=3321)   warnings.warn(
2026-03-19T04:16:55.4773712Z (Worker pid=1380) (Worker_DP0_TP0_EP0 pid=1380) /usr/local/python3.11.14/lib/python3.11/site-packages/torch_npu/dynamo/torchair/configs/compiler_config.py:106: UserWarning: The following torchair config or properties may not take effect or report error in reduce-overhead mode: config.experimental_config.enable_view_optimize:True, set_dim_gears, dynamo_export, scope, npu_print
2026-03-19T04:16:55.4782715Z (Worker pid=1380) (Worker_DP0_TP0_EP0 pid=1380)   warnings.warn(
2026-03-19T04:16:55.7956512Z (Worker pid=2766) (Worker_DP1_TP2_EP10 pid=2766) /usr/local/python3.11.14/lib/python3.11/site-packages/torch_npu/dynamo/torchair/configs/compiler_config.py:106: UserWarning: The following torchair config or properties may not take effect or report error in reduce-overhead mode: config.experimental_config.enable_view_optimize:True, set_dim_gears, dynamo_export, scope, npu_print
2026-03-19T04:16:55.7968806Z (Worker pid=2198) (Worker_DP1_TP1_EP9 pid=2198) /usr/local/python3.11.14/lib/python3.11/site-packages/torch_npu/dynamo/torchair/configs/compiler_config.py:106: UserWarning: The following torchair config or properties may not take effect or report error in reduce-overhead mode: config.experimental_config.enable_view_optimize:True, set_dim_gears, dynamo_export, scope, npu_print
2026-03-19T04:16:55.7980381Z (Worker pid=4440) (Worker_DP1_TP5_EP13 pid=4440) /usr/local/python3.11.14/lib/python3.11/site-packages/torch_npu/dynamo/torchair/configs/compiler_config.py:106: UserWarning: The following torchair config or properties may not take effect or report error in reduce-overhead mode: config.experimental_config.enable_view_optimize:True, set_dim_gears, dynamo_export, scope, npu_print
2026-03-19T04:16:55.7991721Z (Worker pid=3882) (Worker_DP1_TP4_EP12 pid=3882) /usr/local/python3.11.14/lib/python3.11/site-packages/torch_npu/dynamo/torchair/configs/compiler_config.py:106: UserWarning: The following torchair config or properties may not take effect or report error in reduce-overhead mode: config.experimental_config.enable_view_optimize:True, set_dim_gears, dynamo_export, scope, npu_print
2026-03-19T04:16:55.8000964Z (Worker pid=2766) (Worker_DP1_TP2_EP10 pid=2766)   warnings.warn(
2026-03-19T04:16:55.8010300Z (Worker pid=2198) (Worker_DP1_TP1_EP9 pid=2198)   warnings.warn(
2026-03-19T04:16:55.8020005Z (Worker pid=4440) (Worker_DP1_TP5_EP13 pid=4440)   warnings.warn(
2026-03-19T04:16:55.8030593Z (Worker pid=3882) (Worker_DP1_TP4_EP12 pid=3882)   warnings.warn(
2026-03-19T04:16:55.8042225Z (Worker pid=4998) (Worker_DP1_TP6_EP14 pid=4998) /usr/local/python3.11.14/lib/python3.11/site-packages/torch_npu/dynamo/torchair/configs/compiler_config.py:106: UserWarning: The following torchair config or properties may not take effect or report error in reduce-overhead mode: config.experimental_config.enable_view_optimize:True, set_dim_gears, dynamo_export, scope, npu_print
2026-03-19T04:16:55.8052732Z (Worker pid=1381) (Worker_DP1_TP0_EP8 pid=1381) /usr/local/python3.11.14/lib/python3.11/site-packages/torch_npu/dynamo/torchair/configs/compiler_config.py:106: UserWarning: The following torchair config or properties may not take effect or report error in reduce-overhead mode: config.experimental_config.enable_view_optimize:True, set_dim_gears, dynamo_export, scope, npu_print
2026-03-19T04:16:55.8061130Z (Worker pid=4998) (Worker_DP1_TP6_EP14 pid=4998)   warnings.warn(
2026-03-19T04:16:55.8073691Z (Worker pid=5620) (Worker_DP1_TP7_EP15 pid=5620) /usr/local/python3.11.14/lib/python3.11/site-packages/torch_npu/dynamo/torchair/configs/compiler_config.py:106: UserWarning: The following torchair config or properties may not take effect or report error in reduce-overhead mode: config.experimental_config.enable_view_optimize:True, set_dim_gears, dynamo_export, scope, npu_print
2026-03-19T04:16:55.8082477Z (Worker pid=1381) (Worker_DP1_TP0_EP8 pid=1381)   warnings.warn(
2026-03-19T04:16:55.8091685Z (Worker pid=5620) (Worker_DP1_TP7_EP15 pid=5620)   warnings.warn(
2026-03-19T04:16:55.8104346Z (Worker pid=3324) (Worker_DP1_TP3_EP11 pid=3324) /usr/local/python3.11.14/lib/python3.11/site-packages/torch_npu/dynamo/torchair/configs/compiler_config.py:106: UserWarning: The following torchair config or properties may not take effect or report error in reduce-overhead mode: config.experimental_config.enable_view_optimize:True, set_dim_gears, dynamo_export, scope, npu_print
2026-03-19T04:16:55.8112821Z (Worker pid=3324) (Worker_DP1_TP3_EP11 pid=3324)   warnings.warn(
2026-03-19T04:16:55.8126505Z (Worker pid=3879) (Worker_DP0_TP4_EP4 pid=3879) /usr/local/python3.11.14/lib/python3.11/site-packages/torch_npu/dynamo/torchair/configs/compiler_config.py:106: UserWarning: The following torchair config or properties may not take effect or report error in reduce-overhead mode: config.experimental_config.enable_view_optimize:True, set_dim_gears, dynamo_export, scope, npu_print
2026-03-19T04:16:55.8135399Z (Worker pid=4437) (Worker_DP0_TP5_EP5 pid=4437) /usr/local/python3.11.14/lib/python3.11/site-packages/torch_npu/dynamo/torchair/configs/compiler_config.py:106: UserWarning: The following torchair config or properties may not take effect or report error in reduce-overhead mode: config.experimental_config.enable_view_optimize:True, set_dim_gears, dynamo_export, scope, npu_print
2026-03-19T04:16:55.8144410Z (Worker pid=3879) (Worker_DP0_TP4_EP4 pid=3879)   warnings.warn(
2026-03-19T04:16:55.8153501Z (Worker pid=4437) (Worker_DP0_TP5_EP5 pid=4437)   warnings.warn(
2026-03-19T04:16:55.8165112Z (Worker pid=2763) (Worker_DP0_TP2_EP2 pid=2763) /usr/local/python3.11.14/lib/python3.11/site-packages/torch_npu/dynamo/torchair/configs/compiler_config.py:106: UserWarning: The following torchair config or properties may not take effect or report error in reduce-overhead mode: config.experimental_config.enable_view_optimize:True, set_dim_gears, dynamo_export, scope, npu_print
2026-03-19T04:16:55.8175790Z (Worker pid=3321) (Worker_DP0_TP3_EP3 pid=3321) /usr/local/python3.11.14/lib/python3.11/site-packages/torch_npu/dynamo/torchair/configs/compiler_config.py:106: UserWarning: The following torchair config or properties may not take effect or report error in reduce-overhead mode: config.experimental_config.enable_view_optimize:True, set_dim_gears, dynamo_export, scope, npu_print
2026-03-19T04:16:55.8184102Z (Worker pid=3321) (Worker_DP0_TP3_EP3 pid=3321)   warnings.warn(
2026-03-19T04:16:55.8194479Z (Worker pid=2763) (Worker_DP0_TP2_EP2 pid=2763)   warnings.warn(
2026-03-19T04:16:55.8206431Z (Worker pid=5553) (Worker_DP0_TP7_EP7 pid=5553) /usr/local/python3.11.14/lib/python3.11/site-packages/torch_npu/dynamo/torchair/configs/compiler_config.py:106: UserWarning: The following torchair config or properties may not take effect or report error in reduce-overhead mode: config.experimental_config.enable_view_optimize:True, set_dim_gears, dynamo_export, scope, npu_print
2026-03-19T04:16:55.8214561Z (Worker pid=5553) (Worker_DP0_TP7_EP7 pid=5553)   warnings.warn(
2026-03-19T04:16:55.8227305Z (Worker pid=2195) (Worker_DP0_TP1_EP1 pid=2195) /usr/local/python3.11.14/lib/python3.11/site-packages/torch_npu/dynamo/torchair/configs/compiler_config.py:106: UserWarning: The following torchair config or properties may not take effect or report error in reduce-overhead mode: config.experimental_config.enable_view_optimize:True, set_dim_gears, dynamo_export, scope, npu_print
2026-03-19T04:16:55.8236050Z (Worker pid=2195) (Worker_DP0_TP1_EP1 pid=2195)   warnings.warn(
2026-03-19T04:16:55.8248154Z (Worker pid=4995) (Worker_DP0_TP6_EP6 pid=4995) /usr/local/python3.11.14/lib/python3.11/site-packages/torch_npu/dynamo/torchair/configs/compiler_config.py:106: UserWarning: The following torchair config or properties may not take effect or report error in reduce-overhead mode: config.experimental_config.enable_view_optimize:True, set_dim_gears, dynamo_export, scope, npu_print
2026-03-19T04:16:55.8257041Z (Worker pid=4995) (Worker_DP0_TP6_EP6 pid=4995)   warnings.warn(
2026-03-19T04:16:55.8270280Z (Worker pid=1380) (Worker_DP0_TP0_EP0 pid=1380) /usr/local/python3.11.14/lib/python3.11/site-packages/torch_npu/dynamo/torchair/configs/compiler_config.py:106: UserWarning: The following torchair config or properties may not take effect or report error in reduce-overhead mode: config.experimental_config.enable_view_optimize:True, set_dim_gears, dynamo_export, scope, npu_print
2026-03-19T04:16:55.8278702Z (Worker pid=1380) (Worker_DP0_TP0_EP0 pid=1380)   warnings.warn(
2026-03-19T04:16:56.1299588Z (Worker pid=1381) (Worker_DP1_TP0_EP8 pid=1381) /usr/local/python3.11.14/lib/python3.11/site-packages/torch_npu/dynamo/torchair/configs/compiler_config.py:106: UserWarning: The following torchair config or properties may not take effect or report error in reduce-overhead mode: config.experimental_config.enable_view_optimize:True, set_dim_gears, dynamo_export, scope, npu_print
2026-03-19T04:16:56.1310023Z (Worker pid=2198) (Worker_DP1_TP1_EP9 pid=2198) /usr/local/python3.11.14/lib/python3.11/site-packages/torch_npu/dynamo/torchair/configs/compiler_config.py:106: UserWarning: The following torchair config or properties may not take effect or report error in reduce-overhead mode: config.experimental_config.enable_view_optimize:True, set_dim_gears, dynamo_export, scope, npu_print
2026-03-19T04:16:56.1320307Z (Worker pid=3324) (Worker_DP1_TP3_EP11 pid=3324) /usr/local/python3.11.14/lib/python3.11/site-packages/torch_npu/dynamo/torchair/configs/compiler_config.py:106: UserWarning: The following torchair config or properties may not take effect or report error in reduce-overhead mode: config.experimental_config.enable_view_optimize:True, set_dim_gears, dynamo_export, scope, npu_print
2026-03-19T04:16:56.1329156Z (Worker pid=1381) (Worker_DP1_TP0_EP8 pid=1381)   warnings.warn(
2026-03-19T04:16:56.1342624Z (Worker pid=3882) (Worker_DP1_TP4_EP12 pid=3882) /usr/local/python3.11.14/lib/python3.11/site-packages/torch_npu/dynamo/torchair/configs/compiler_config.py:106: UserWarning: The following torchair config or properties may not take effect or report error in reduce-overhead mode: config.experimental_config.enable_view_optimize:True, set_dim_gears, dynamo_export, scope, npu_print
2026-03-19T04:16:56.1351702Z (Worker pid=2198) (Worker_DP1_TP1_EP9 pid=2198)   warnings.warn(
2026-03-19T04:16:56.1363934Z (Worker pid=2766) (Worker_DP1_TP2_EP10 pid=2766) /usr/local/python3.11.14/lib/python3.11/site-packages/torch_npu/dynamo/torchair/configs/compiler_config.py:106: UserWarning: The following torchair config or properties may not take effect or report error in reduce-overhead mode: config.experimental_config.enable_view_optimize:True, set_dim_gears, dynamo_export, scope, npu_print
2026-03-19T04:16:56.1372680Z (Worker pid=3324) (Worker_DP1_TP3_EP11 pid=3324)   warnings.warn(
2026-03-19T04:16:56.1384941Z (Worker pid=4440) (Worker_DP1_TP5_EP13 pid=4440) /usr/local/python3.11.14/lib/python3.11/site-packages/torch_npu/dynamo/torchair/configs/compiler_config.py:106: UserWarning: The following torchair config or properties may not take effect or report error in reduce-overhead mode: config.experimental_config.enable_view_optimize:True, set_dim_gears, dynamo_export, scope, npu_print
2026-03-19T04:16:56.1395986Z (Worker pid=4998) (Worker_DP1_TP6_EP14 pid=4998) /usr/local/python3.11.14/lib/python3.11/site-packages/torch_npu/dynamo/torchair/configs/compiler_config.py:106: UserWarning: The following torchair config or properties may not take effect or report error in reduce-overhead mode: config.experimental_config.enable_view_optimize:True, set_dim_gears, dynamo_export, scope, npu_print
2026-03-19T04:16:56.1404272Z (Worker pid=3882) (Worker_DP1_TP4_EP12 pid=3882)   warnings.warn(
2026-03-19T04:16:56.1414676Z (Worker pid=2766) (Worker_DP1_TP2_EP10 pid=2766)   warnings.warn(
2026-03-19T04:16:56.1428614Z (Worker pid=5620) (Worker_DP1_TP7_EP15 pid=5620) /usr/local/python3.11.14/lib/python3.11/site-packages/torch_npu/dynamo/torchair/configs/compiler_config.py:106: UserWarning: The following torchair config or properties may not take effect or report error in reduce-overhead mode: config.experimental_config.enable_view_optimize:True, set_dim_gears, dynamo_export, scope, npu_print
2026-03-19T04:16:56.1437203Z (Worker pid=4440) (Worker_DP1_TP5_EP13 pid=4440)   warnings.warn(
2026-03-19T04:16:56.1447379Z (Worker pid=4998) (Worker_DP1_TP6_EP14 pid=4998)   warnings.warn(
2026-03-19T04:16:56.1457014Z (Worker pid=5620) (Worker_DP1_TP7_EP15 pid=5620)   warnings.warn(
2026-03-19T04:16:56.1470043Z (Worker pid=4437) (Worker_DP0_TP5_EP5 pid=4437) /usr/local/python3.11.14/lib/python3.11/site-packages/torch_npu/dynamo/torchair/configs/compiler_config.py:106: UserWarning: The following torchair config or properties may not take effect or report error in reduce-overhead mode: config.experimental_config.enable_view_optimize:True, set_dim_gears, dynamo_export, scope, npu_print
2026-03-19T04:16:56.1481120Z (Worker pid=3879) (Worker_DP0_TP4_EP4 pid=3879) /usr/local/python3.11.14/lib/python3.11/site-packages/torch_npu/dynamo/torchair/configs/compiler_config.py:106: UserWarning: The following torchair config or properties may not take effect or report error in reduce-overhead mode: config.experimental_config.enable_view_optimize:True, set_dim_gears, dynamo_export, scope, npu_print
2026-03-19T04:16:56.1490162Z (Worker pid=4437) (Worker_DP0_TP5_EP5 pid=4437)   warnings.warn(
2026-03-19T04:16:56.1500783Z (Worker pid=3879) (Worker_DP0_TP4_EP4 pid=3879)   warnings.warn(
2026-03-19T04:16:56.1512912Z (Worker pid=3321) (Worker_DP0_TP3_EP3 pid=3321) /usr/local/python3.11.14/lib/python3.11/site-packages/torch_npu/dynamo/torchair/configs/compiler_config.py:106: UserWarning: The following torchair config or properties may not take effect or report error in reduce-overhead mode: config.experimental_config.enable_view_optimize:True, set_dim_gears, dynamo_export, scope, npu_print
2026-03-19T04:16:56.1525094Z (Worker pid=2763) (Worker_DP0_TP2_EP2 pid=2763) /usr/local/python3.11.14/lib/python3.11/site-packages/torch_npu/dynamo/torchair/configs/compiler_config.py:106: UserWarning: The following torchair config or properties may not take effect or report error in reduce-overhead mode: config.experimental_config.enable_view_optimize:True, set_dim_gears, dynamo_export, scope, npu_print
2026-03-19T04:16:56.1533573Z (Worker pid=2763) (Worker_DP0_TP2_EP2 pid=2763)   warnings.warn(
2026-03-19T04:16:56.1544046Z (Worker pid=3321) (Worker_DP0_TP3_EP3 pid=3321)   warnings.warn(
2026-03-19T04:16:56.1556314Z (Worker pid=5553) (Worker_DP0_TP7_EP7 pid=5553) /usr/local/python3.11.14/lib/python3.11/site-packages/torch_npu/dynamo/torchair/configs/compiler_config.py:106: UserWarning: The following torchair config or properties may not take effect or report error in reduce-overhead mode: config.experimental_config.enable_view_optimize:True, set_dim_gears, dynamo_export, scope, npu_print
2026-03-19T04:16:56.1564975Z (Worker pid=5553) (Worker_DP0_TP7_EP7 pid=5553)   warnings.warn(
2026-03-19T04:16:56.1576924Z (Worker pid=1380) (Worker_DP0_TP0_EP0 pid=1380) /usr/local/python3.11.14/lib/python3.11/site-packages/torch_npu/dynamo/torchair/configs/compiler_config.py:106: UserWarning: The following torchair config or properties may not take effect or report error in reduce-overhead mode: config.experimental_config.enable_view_optimize:True, set_dim_gears, dynamo_export, scope, npu_print
2026-03-19T04:16:56.1586249Z (Worker pid=1380) (Worker_DP0_TP0_EP0 pid=1380)   warnings.warn(
2026-03-19T04:16:56.1597842Z (Worker pid=2195) (Worker_DP0_TP1_EP1 pid=2195) /usr/local/python3.11.14/lib/python3.11/site-packages/torch_npu/dynamo/torchair/configs/compiler_config.py:106: UserWarning: The following torchair config or properties may not take effect or report error in reduce-overhead mode: config.experimental_config.enable_view_optimize:True, set_dim_gears, dynamo_export, scope, npu_print
2026-03-19T04:16:56.1606643Z (Worker pid=2195) (Worker_DP0_TP1_EP1 pid=2195)   warnings.warn(
2026-03-19T04:16:56.1635692Z (Worker pid=4995) (Worker_DP0_TP6_EP6 pid=4995) /usr/local/python3.11.14/lib/python3.11/site-packages/torch_npu/dynamo/torchair/configs/compiler_config.py:106: UserWarning: The following torchair config or properties may not take effect or report error in reduce-overhead mode: config.experimental_config.enable_view_optimize:True, set_dim_gears, dynamo_export, scope, npu_print
2026-03-19T04:16:56.1637184Z (Worker pid=4995) (Worker_DP0_TP6_EP6 pid=4995)   warnings.warn(
2026-03-19T04:16:56.3864222Z (Worker pid=1380) (Worker_DP0_TP0_EP0 pid=1380) INFO 03-19 04:16:56 [backends.py:366] Compiling a graph for compile range (1, 8192) takes 46.92 s
2026-03-19T04:16:56.3872822Z (Worker pid=1380) (Worker_DP0_TP0_EP0 pid=1380) INFO 03-19 04:16:56 [monitor.py:35] torch.compile takes 58.43 s in total
2026-03-19T04:16:56.3942070Z (Worker pid=1381) (Worker_DP1_TP0_EP8 pid=1381) INFO 03-19 04:16:56 [backends.py:366] Compiling a graph for compile range (1, 8192) takes 46.92 s
2026-03-19T04:16:56.3951677Z (Worker pid=1381) (Worker_DP1_TP0_EP8 pid=1381) INFO 03-19 04:16:56 [monitor.py:35] torch.compile takes 58.44 s in total
2026-03-19T04:16:59.7893209Z (Worker pid=1381) (Worker_DP1_TP0_EP8 pid=1381) INFO 03-19 04:16:59 [worker.py:367] Available KV cache memory: 18.45 GiB
2026-03-19T04:16:59.8307973Z (Worker pid=1380) (Worker_DP0_TP0_EP0 pid=1380) INFO 03-19 04:16:59 [worker.py:367] Available KV cache memory: 18.46 GiB
2026-03-19T04:17:00.3219956Z (EngineCore_DP1 pid=995) INFO 03-19 04:17:00 [kv_cache_utils.py:1314] GPU KV cache size: 281,856 tokens
2026-03-19T04:17:00.3229824Z (EngineCore_DP1 pid=995) INFO 03-19 04:17:00 [kv_cache_utils.py:1319] Maximum concurrency for 8,192 tokens per request: 34.41x
2026-03-19T04:17:00.4185313Z (EngineCore_DP0 pid=523) INFO 03-19 04:17:00 [kv_cache_utils.py:1314] GPU KV cache size: 281,856 tokens
2026-03-19T04:17:00.4193901Z (EngineCore_DP0 pid=523) INFO 03-19 04:17:00 [kv_cache_utils.py:1319] Maximum concurrency for 8,192 tokens per request: 34.41x
2026-03-19T04:17:02.9433518Z (Worker pid=1380) (Worker_DP0_TP0_EP0 pid=1380) 
2026-03-19T04:17:02.9434632Z Capturing CUDA graphs (mixed prefill-decode, PIECEWISE):   0%|          | 0/5 [00:00<?, ?it/s][rank3]:[W319 04:17:02.692930042 compiler_depend.ts:207] Warning: Waiting for pending NCCL work to finish before starting graph capture. (function operator())
2026-03-19T04:17:02.9446441Z [rank12]:[W319 04:17:02.692933072 compiler_depend.ts:207] Warning: Waiting for pending NCCL work to finish before starting graph capture. (function operator())
2026-03-19T04:17:02.9458667Z [rank9]:[W319 04:17:02.693010183 compiler_depend.ts:207] Warning: Waiting for pending NCCL work to finish before starting graph capture. (function operator())
2026-03-19T04:17:02.9471190Z [rank15]:[W319 04:17:02.693213924 compiler_depend.ts:207] Warning: Waiting for pending NCCL work to finish before starting graph capture. (function operator())
2026-03-19T04:17:02.9483733Z [rank8]:[W319 04:17:02.693593717 compiler_depend.ts:207] Warning: Waiting for pending NCCL work to finish before starting graph capture. (function operator())
2026-03-19T04:17:02.9495651Z [rank11]:[W319 04:17:02.693720698 compiler_depend.ts:207] Warning: Waiting for pending NCCL work to finish before starting graph capture. (function operator())
2026-03-19T04:17:02.9508020Z [rank1]:[W319 04:17:02.693926930 compiler_depend.ts:207] Warning: Waiting for pending NCCL work to finish before starting graph capture. (function operator())
2026-03-19T04:17:02.9518193Z [rank4]:[W319 04:17:02.694157661 compiler_depend.ts:207] Warning: Waiting for pending NCCL work to finish before starting graph capture. (function operator())
2026-03-19T04:17:02.9528360Z [rank6]:[W319 04:17:02.694239992 compiler_depend.ts:207] Warning: Waiting for pending NCCL work to finish before starting graph capture. (function operator())
2026-03-19T04:17:02.9538883Z [rank13]:[W319 04:17:02.694347773 compiler_depend.ts:207] Warning: Waiting for pending NCCL work to finish before starting graph capture. (function operator())
2026-03-19T04:17:02.9551298Z [rank7]:[W319 04:17:02.694472024 compiler_depend.ts:207] Warning: Waiting for pending NCCL work to finish before starting graph capture. (function operator())
2026-03-19T04:17:02.9561713Z [rank5]:[W319 04:17:02.694785996 compiler_depend.ts:207] Warning: Waiting for pending NCCL work to finish before starting graph capture. (function operator())
2026-03-19T04:17:02.9574384Z [rank10]:[W319 04:17:02.695113129 compiler_depend.ts:207] Warning: Waiting for pending NCCL work to finish before starting graph capture. (function operator())
2026-03-19T04:17:02.9583771Z [rank14]:[W319 04:17:02.695680113 compiler_depend.ts:207] Warning: Waiting for pending NCCL work to finish before starting graph capture. (function operator())
2026-03-19T04:17:02.9592935Z [rank2]:[W319 04:17:02.695822964 compiler_depend.ts:207] Warning: Waiting for pending NCCL work to finish before starting graph capture. (function operator())
2026-03-19T04:17:02.9603209Z [rank0]:[W319 04:17:02.696879692 compiler_depend.ts:207] Warning: Waiting for pending NCCL work to finish before starting graph capture. (function operator())
2026-03-19T04:17:54.8001149Z 
2026-03-19T04:17:54.8002017Z Capturing CUDA graphs (mixed prefill-decode, PIECEWISE):  20%|██        | 1/5 [00:05<00:21,  5.47s/it]
2026-03-19T04:17:54.8002943Z Capturing CUDA graphs (mixed prefill-decode, PIECEWISE):  40%|████      | 2/5 [00:12<00:19,  6.47s/it]
2026-03-19T04:17:54.8003756Z Capturing CUDA graphs (mixed prefill-decode, PIECEWISE):  60%|██████    | 3/5 [00:21<00:14,  7.47s/it]
2026-03-19T04:17:54.8004483Z Capturing CUDA graphs (mixed prefill-decode, PIECEWISE):  80%|████████  | 4/5 [00:40<00:12, 12.21s/it]
2026-03-19T04:17:54.8005209Z Capturing CUDA graphs (mixed prefill-decode, PIECEWISE): 100%|██████████| 5/5 [00:52<00:00, 11.88s/it]
2026-03-19T04:17:54.8005940Z Capturing CUDA graphs (mixed prefill-decode, PIECEWISE): 100%|██████████| 5/5 [00:52<00:00, 10.41s/it]
2026-03-19T04:17:55.0176216Z (Worker pid=1381) (Worker_DP1_TP0_EP8 pid=1381) INFO 03-19 04:17:55 [gpu_model_runner.py:5360] Graph capturing finished in 53 secs, took 0.17 GiB
2026-03-19T04:17:55.0408274Z (EngineCore_DP1 pid=995) INFO 03-19 04:17:55 [core.py:282] init engine (profile, create kv cache, warmup model) took 160.42 seconds
2026-03-19T04:17:55.3331794Z (Worker pid=1380) (Worker_DP0_TP0_EP0 pid=1380) INFO 03-19 04:17:55 [gpu_model_runner.py:5360] Graph capturing finished in 53 secs, took 0.17 GiB
2026-03-19T04:17:55.3450238Z (EngineCore_DP0 pid=523) INFO 03-19 04:17:55 [core.py:282] init engine (profile, create kv cache, warmup model) took 159.96 seconds
2026-03-19T04:17:55.7327690Z (EngineCore_DP1 pid=995) WARNING 03-19 04:17:55 [registry.py:223] Using a slow tokenizer. This might cause a significant slowdown. Consider using a fast tokenizer instead.
2026-03-19T04:17:55.9657842Z (EngineCore_DP0 pid=523) WARNING 03-19 04:17:55 [registry.py:223] Using a slow tokenizer. This might cause a significant slowdown. Consider using a fast tokenizer instead.
2026-03-19T04:17:56.9722864Z (ApiServer_0 pid=1236) WARNING 03-19 04:17:56 [loggers.py:1271] AsyncLLM created with api_server_count more than 1; disabling stats logging to avoid incomplete stats.
2026-03-19T04:17:56.9733596Z INFO 03-19 04:17:56 [coordinator.py:203] All engine subscriptions received by DP coordinator
2026-03-19T04:17:56.9745624Z (ApiServer_1 pid=1237) WARNING 03-19 04:17:56 [loggers.py:1271] AsyncLLM created with api_server_count more than 1; disabling stats logging to avoid incomplete stats.
2026-03-19T04:17:56.9755419Z (EngineCore_DP0 pid=523) INFO 03-19 04:17:56 [vllm.py:747] Asynchronous scheduling is enabled.
2026-03-19T04:17:56.9766759Z (EngineCore_DP1 pid=995) INFO 03-19 04:17:56 [vllm.py:747] Asynchronous scheduling is enabled.
2026-03-19T04:17:56.9777794Z (EngineCore_DP0 pid=523) INFO 03-19 04:17:56 [ascend_config.py:448] Dynamic EPLB is False
2026-03-19T04:17:56.9788692Z (EngineCore_DP1 pid=995) INFO 03-19 04:17:56 [ascend_config.py:448] Dynamic EPLB is False
2026-03-19T04:17:56.9799312Z (EngineCore_DP1 pid=995) INFO 03-19 04:17:56 [ascend_config.py:449] The number of redundant experts is 0
2026-03-19T04:17:56.9809504Z (EngineCore_DP0 pid=523) INFO 03-19 04:17:56 [ascend_config.py:449] The number of redundant experts is 0
2026-03-19T04:17:56.9819976Z (EngineCore_DP0 pid=523) INFO 03-19 04:17:56 [platform.py:288] PIECEWISE compilation enabled on NPU. use_inductor not supported - using only ACL Graph mode
2026-03-19T04:17:56.9831175Z INFO 03-19 04:17:56 [utils.py:248] Waiting for API servers to complete ...
2026-03-19T04:17:56.9841531Z (EngineCore_DP1 pid=995) INFO 03-19 04:17:56 [platform.py:288] PIECEWISE compilation enabled on NPU. use_inductor not supported - using only ACL Graph mode
2026-03-19T04:17:56.9851981Z (EngineCore_DP0 pid=523) INFO 03-19 04:17:56 [utils.py:548] Calculated maximum supported batch sizes for ACL graph: 5
2026-03-19T04:17:56.9862793Z (EngineCore_DP1 pid=995) INFO 03-19 04:17:56 [utils.py:548] Calculated maximum supported batch sizes for ACL graph: 5
2026-03-19T04:17:56.9874780Z (EngineCore_DP0 pid=523) WARNING 03-19 04:17:56 [utils.py:549] Currently, communication is performed using FFTS+ method, which reduces the number of available streams and, as a result, limits the range of runtime shapes that can be handled. To both improve communication performance and increase the number of supported shapes, set HCCL_OP_EXPANSION_MODE=AIV.
2026-03-19T04:17:56.9885416Z (EngineCore_DP1 pid=995) WARNING 03-19 04:17:56 [utils.py:549] Currently, communication is performed using FFTS+ method, which reduces the number of available streams and, as a result, limits the range of runtime shapes that can be handled. To both improve communication performance and increase the number of supported shapes, set HCCL_OP_EXPANSION_MODE=AIV.
2026-03-19T04:17:56.9894448Z (EngineCore_DP0 pid=523) INFO 03-19 04:17:56 [utils.py:581] No adjustment needed for ACL graph batch sizes: DeepseekV3ForCausalLM model (layers: 61) with 5 sizes
2026-03-19T04:17:56.9905392Z (EngineCore_DP1 pid=995) INFO 03-19 04:17:56 [utils.py:581] No adjustment needed for ACL graph batch sizes: DeepseekV3ForCausalLM model (layers: 61) with 5 sizes
2026-03-19T04:17:56.9915086Z (EngineCore_DP0 pid=523) INFO 03-19 04:17:56 [platform.py:440] Set PYTORCH_NPU_ALLOC_CONF=expandable_segments:True
2026-03-19T04:17:56.9924664Z (EngineCore_DP1 pid=995) INFO 03-19 04:17:56 [platform.py:440] Set PYTORCH_NPU_ALLOC_CONF=expandable_segments:True
2026-03-19T04:17:57.0014219Z (ApiServer_1 pid=1237) INFO 03-19 04:17:56 [api_server.py:495] Supported tasks: ['generate']
2026-03-19T04:17:57.0025006Z (ApiServer_0 pid=1236) INFO 03-19 04:17:56 [api_server.py:495] Supported tasks: ['generate']
2026-03-19T04:17:57.1763919Z (ApiServer_0 pid=1236) INFO 03-19 04:17:57 [serving.py:185] Warming up chat template processing...
2026-03-19T04:17:57.1773424Z (ApiServer_1 pid=1237) INFO 03-19 04:17:57 [serving.py:185] Warming up chat template processing...
2026-03-19T04:17:57.1970157Z (ApiServer_0 pid=1236) You are using a model of type kimi_k2 to instantiate a model of type deepseek_v3. This is not supported for all configurations of models and can yield errors.
2026-03-19T04:17:57.1979919Z (ApiServer_1 pid=1237) You are using a model of type kimi_k2 to instantiate a model of type deepseek_v3. This is not supported for all configurations of models and can yield errors.
2026-03-19T04:17:57.8018357Z (ApiServer_1 pid=1237) INFO 03-19 04:17:57 [hf.py:318] Detected the chat template content format to be 'openai'. You can set `--chat-template-content-format` to override this.
2026-03-19T04:17:57.8036045Z (ApiServer_0 pid=1236) INFO 03-19 04:17:57 [hf.py:318] Detected the chat template content format to be 'openai'. You can set `--chat-template-content-format` to override this.
2026-03-19T04:17:57.8153701Z (ApiServer_0 pid=1236) INFO 03-19 04:17:57 [serving.py:210] Chat template warmup completed in 638.8ms
2026-03-19T04:17:57.8179767Z (ApiServer_1 pid=1237) INFO 03-19 04:17:57 [serving.py:210] Chat template warmup completed in 638.9ms
2026-03-19T04:17:57.8193129Z (ApiServer_0 pid=1236) INFO 03-19 04:17:57 [api_server.py:500] Starting vLLM API server 0 on http://0.0.0.0:8080
2026-03-19T04:17:57.8202042Z (ApiServer_0 pid=1236) INFO 03-19 04:17:57 [launcher.py:38] Available routes are:
2026-03-19T04:17:57.8212246Z (ApiServer_0 pid=1236) INFO 03-19 04:17:57 [launcher.py:47] Route: /openapi.json, Methods: GET, HEAD
2026-03-19T04:17:57.8223192Z (ApiServer_0 pid=1236) INFO 03-19 04:17:57 [launcher.py:47] Route: /docs, Methods: GET, HEAD
2026-03-19T04:17:57.8233639Z (ApiServer_0 pid=1236) INFO 03-19 04:17:57 [launcher.py:47] Route: /docs/oauth2-redirect, Methods: GET, HEAD
2026-03-19T04:17:57.8243911Z (ApiServer_0 pid=1236) INFO 03-19 04:17:57 [launcher.py:47] Route: /redoc, Methods: GET, HEAD
2026-03-19T04:17:57.8255300Z (ApiServer_0 pid=1236) INFO 03-19 04:17:57 [launcher.py:47] Route: /tokenize, Methods: POST
2026-03-19T04:17:57.8265570Z (ApiServer_0 pid=1236) INFO 03-19 04:17:57 [launcher.py:47] Route: /detokenize, Methods: POST
2026-03-19T04:17:57.8275580Z (ApiServer_0 pid=1236) INFO 03-19 04:17:57 [launcher.py:47] Route: /load, Methods: GET
2026-03-19T04:17:57.8286162Z (ApiServer_0 pid=1236) INFO 03-19 04:17:57 [launcher.py:47] Route: /version, Methods: GET
2026-03-19T04:17:57.8296157Z (ApiServer_0 pid=1236) INFO 03-19 04:17:57 [launcher.py:47] Route: /health, Methods: GET
2026-03-19T04:17:57.8306516Z (ApiServer_0 pid=1236) INFO 03-19 04:17:57 [launcher.py:47] Route: /metrics, Methods: GET
2026-03-19T04:17:57.8316689Z (ApiServer_0 pid=1236) INFO 03-19 04:17:57 [launcher.py:47] Route: /v1/models, Methods: GET
2026-03-19T04:17:57.8326932Z (ApiServer_0 pid=1236) INFO 03-19 04:17:57 [launcher.py:47] Route: /ping, Methods: GET
2026-03-19T04:17:57.8337108Z (ApiServer_0 pid=1236) INFO 03-19 04:17:57 [launcher.py:47] Route: /ping, Methods: POST
2026-03-19T04:17:57.8347575Z (ApiServer_0 pid=1236) INFO 03-19 04:17:57 [launcher.py:47] Route: /invocations, Methods: POST
2026-03-19T04:17:57.8358284Z (ApiServer_0 pid=1236) INFO 03-19 04:17:57 [launcher.py:47] Route: /v1/chat/completions, Methods: POST
2026-03-19T04:17:57.8368537Z (ApiServer_0 pid=1236) INFO 03-19 04:17:57 [launcher.py:47] Route: /v1/chat/completions/render, Methods: POST
2026-03-19T04:17:57.8378702Z (ApiServer_0 pid=1236) INFO 03-19 04:17:57 [launcher.py:47] Route: /v1/responses, Methods: POST
2026-03-19T04:17:57.8390135Z (ApiServer_0 pid=1236) INFO 03-19 04:17:57 [launcher.py:47] Route: /v1/responses/{response_id}, Methods: GET
2026-03-19T04:17:57.8400447Z (ApiServer_0 pid=1236) INFO 03-19 04:17:57 [launcher.py:47] Route: /v1/responses/{response_id}/cancel, Methods: POST
2026-03-19T04:17:57.8410460Z (ApiServer_0 pid=1236) INFO 03-19 04:17:57 [launcher.py:47] Route: /v1/completions, Methods: POST
2026-03-19T04:17:57.8419631Z (ApiServer_0 pid=1236) INFO 03-19 04:17:57 [launcher.py:47] Route: /v1/completions/render, Methods: POST
2026-03-19T04:17:57.8430561Z (ApiServer_0 pid=1236) INFO 03-19 04:17:57 [launcher.py:47] Route: /v1/messages, Methods: POST
2026-03-19T04:17:57.8440832Z (ApiServer_0 pid=1236) INFO 03-19 04:17:57 [launcher.py:47] Route: /v1/messages/count_tokens, Methods: POST
2026-03-19T04:17:57.8450907Z (ApiServer_1 pid=1237) INFO 03-19 04:17:57 [api_server.py:500] Starting vLLM API server 1 on http://0.0.0.0:8080
2026-03-19T04:17:57.8460989Z (ApiServer_0 pid=1236) INFO 03-19 04:17:57 [launcher.py:47] Route: /inference/v1/generate, Methods: POST
2026-03-19T04:17:57.8471897Z (ApiServer_0 pid=1236) INFO 03-19 04:17:57 [launcher.py:47] Route: /scale_elastic_ep, Methods: POST
2026-03-19T04:17:57.8482116Z (ApiServer_0 pid=1236) INFO 03-19 04:17:57 [launcher.py:47] Route: /is_scaling_elastic_ep, Methods: POST
2026-03-19T04:17:57.8492726Z (ApiServer_1 pid=1237) INFO 03-19 04:17:57 [launcher.py:38] Available routes are:
2026-03-19T04:17:57.8503614Z (ApiServer_1 pid=1237) INFO 03-19 04:17:57 [launcher.py:47] Route: /openapi.json, Methods: GET, HEAD
2026-03-19T04:17:57.8513947Z (ApiServer_1 pid=1237) INFO 03-19 04:17:57 [launcher.py:47] Route: /docs, Methods: GET, HEAD
2026-03-19T04:17:57.8524537Z (ApiServer_1 pid=1237) INFO 03-19 04:17:57 [launcher.py:47] Route: /docs/oauth2-redirect, Methods: GET, HEAD
2026-03-19T04:17:57.8534466Z (ApiServer_1 pid=1237) INFO 03-19 04:17:57 [launcher.py:47] Route: /redoc, Methods: GET, HEAD
2026-03-19T04:17:57.8545676Z (ApiServer_1 pid=1237) INFO 03-19 04:17:57 [launcher.py:47] Route: /tokenize, Methods: POST
2026-03-19T04:17:57.8558718Z (ApiServer_1 pid=1237) INFO 03-19 04:17:57 [launcher.py:47] Route: /detokenize, Methods: POST
2026-03-19T04:17:57.8569147Z (ApiServer_1 pid=1237) INFO 03-19 04:17:57 [launcher.py:47] Route: /load, Methods: GET
2026-03-19T04:17:57.8579525Z (ApiServer_1 pid=1237) INFO 03-19 04:17:57 [launcher.py:47] Route: /version, Methods: GET
2026-03-19T04:17:57.8589889Z (ApiServer_1 pid=1237) INFO 03-19 04:17:57 [launcher.py:47] Route: /health, Methods: GET
2026-03-19T04:17:57.8600981Z (ApiServer_1 pid=1237) INFO 03-19 04:17:57 [launcher.py:47] Route: /metrics, Methods: GET
2026-03-19T04:17:57.8611573Z (ApiServer_1 pid=1237) INFO 03-19 04:17:57 [launcher.py:47] Route: /v1/models, Methods: GET
2026-03-19T04:17:57.8621891Z (ApiServer_1 pid=1237) INFO 03-19 04:17:57 [launcher.py:47] Route: /ping, Methods: GET
2026-03-19T04:17:57.8632066Z (ApiServer_1 pid=1237) INFO 03-19 04:17:57 [launcher.py:47] Route: /ping, Methods: POST
2026-03-19T04:17:57.8641989Z (ApiServer_1 pid=1237) INFO 03-19 04:17:57 [launcher.py:47] Route: /invocations, Methods: POST
2026-03-19T04:17:57.8652481Z (ApiServer_1 pid=1237) INFO 03-19 04:17:57 [launcher.py:47] Route: /v1/chat/completions, Methods: POST
2026-03-19T04:17:57.8663605Z (ApiServer_1 pid=1237) INFO 03-19 04:17:57 [launcher.py:47] Route: /v1/chat/completions/render, Methods: POST
2026-03-19T04:17:57.8675305Z (ApiServer_1 pid=1237) INFO 03-19 04:17:57 [launcher.py:47] Route: /v1/responses, Methods: POST
2026-03-19T04:17:57.8685729Z (ApiServer_1 pid=1237) INFO 03-19 04:17:57 [launcher.py:47] Route: /v1/responses/{response_id}, Methods: GET
2026-03-19T04:17:57.8696260Z (ApiServer_1 pid=1237) INFO 03-19 04:17:57 [launcher.py:47] Route: /v1/responses/{response_id}/cancel, Methods: POST
2026-03-19T04:17:57.8709038Z (ApiServer_1 pid=1237) INFO 03-19 04:17:57 [launcher.py:47] Route: /v1/completions, Methods: POST
2026-03-19T04:17:57.8720216Z (ApiServer_1 pid=1237) INFO 03-19 04:17:57 [launcher.py:47] Route: /v1/completions/render, Methods: POST
2026-03-19T04:17:57.8730657Z (ApiServer_1 pid=1237) INFO 03-19 04:17:57 [launcher.py:47] Route: /v1/messages, Methods: POST
2026-03-19T04:17:57.8740739Z (ApiServer_1 pid=1237) INFO 03-19 04:17:57 [launcher.py:47] Route: /v1/messages/count_tokens, Methods: POST
2026-03-19T04:17:57.8751960Z (ApiServer_1 pid=1237) INFO 03-19 04:17:57 [launcher.py:47] Route: /inference/v1/generate, Methods: POST
2026-03-19T04:17:57.8762177Z (ApiServer_1 pid=1237) INFO 03-19 04:17:57 [launcher.py:47] Route: /scale_elastic_ep, Methods: POST
2026-03-19T04:17:57.8772066Z (ApiServer_1 pid=1237) INFO 03-19 04:17:57 [launcher.py:47] Route: /is_scaling_elastic_ep, Methods: POST
2026-03-19T04:17:57.8783903Z (ApiServer_0 pid=1236) WARNING 03-19 04:17:57 [warnings.py:110] /usr/local/python3.11.14/lib/python3.11/site-packages/websockets/legacy/__init__.py:6: DeprecationWarning: websockets.legacy is deprecated; see https://websockets.readthedocs.io/en/stable/howto/upgrade.html for upgrade instructions
2026-03-19T04:17:57.8795224Z (ApiServer_1 pid=1237) WARNING 03-19 04:17:57 [warnings.py:110] /usr/local/python3.11.14/lib/python3.11/site-packages/websockets/legacy/__init__.py:6: DeprecationWarning: websockets.legacy is deprecated; see https://websockets.readthedocs.io/en/stable/howto/upgrade.html for upgrade instructions
2026-03-19T04:17:57.8805235Z (ApiServer_0 pid=1236) WARNING 03-19 04:17:57 [warnings.py:110] /usr/local/python3.11.14/lib/python3.11/site-packages/uvicorn/protocols/websockets/websockets_impl.py:17: DeprecationWarning: websockets.server.WebSocketServerProtocol is deprecated
2026-03-19T04:17:57.8816046Z (ApiServer_1 pid=1237) WARNING 03-19 04:17:57 [warnings.py:110] /usr/local/python3.11.14/lib/python3.11/site-packages/uvicorn/protocols/websockets/websockets_impl.py:17: DeprecationWarning: websockets.server.WebSocketServerProtocol is deprecated
2026-03-19T04:17:57.8824746Z (ApiServer_0 pid=1236) INFO:     Started server process [1236]
2026-03-19T04:17:57.8834761Z (ApiServer_0 pid=1236) INFO:     Waiting for application startup.
2026-03-19T04:17:57.8846189Z (ApiServer_1 pid=1237) INFO:     Started server process [1237]
2026-03-19T04:17:57.8854945Z (ApiServer_1 pid=1237) INFO:     Waiting for application startup.
2026-03-19T04:17:58.1830927Z (ApiServer_0 pid=1236) INFO:     Application startup complete.
2026-03-19T04:17:58.2026724Z (ApiServer_1 pid=1237) INFO:     Application startup complete.
2026-03-19T04:18:00.6911339Z (ApiServer_1 pid=1237) INFO:     10.0.0.136:52788 - "GET /health HTTP/1.1" 200 OK
2026-03-19T04:18:00.6944258Z (ApiServer_0 pid=1236) INFO:     10.0.0.136:52792 - "GET /health HTTP/1.1" 200 OK
2026-03-19T04:18:01.2299501Z (ApiServer_0 pid=1236) INFO:     10.0.0.102:44952 - "GET /health HTTP/1.1" 200 OK
2026-03-19T04:18:01.2314356Z [2026-03-19 04:18:01] [INFO] [READY] Node 10.0.0.102 is ready.
2026-03-19T04:18:01.2791062Z 2026-03-19 04:18:01,277 - modelscope - WARNING - We can not confirm the cached file is for revision: master
2026-03-19T04:18:01.3202607Z 2026-03-19 04:18:01,318 - modelscope - WARNING - We can not confirm the cached file is for revision: master
2026-03-19T04:18:05.6987246Z (ApiServer_1 pid=1237) INFO:     10.0.0.136:52798 - "GET /health HTTP/1.1" 200 OK
2026-03-19T04:18:10.7016255Z (ApiServer_0 pid=1236) INFO:     10.0.0.136:39844 - "GET /health HTTP/1.1" 200 OK
2026-03-19T04:18:15.7045825Z (ApiServer_1 pid=1237) INFO:     10.0.0.136:39854 - "GET /health HTTP/1.1" 200 OK
2026-03-19T04:18:16.8316380Z (ApiServer_0 pid=1236) WARNING 03-19 04:18:16 [warnings.py:110] /vllm-workspace/vllm/vllm/entrypoints/openai/chat_completion/protocol.py:376: DeprecationWarning: max_tokens is deprecated in favor of the max_completion_tokens field
2026-03-19T04:18:16.8341904Z (ApiServer_1 pid=1237) WARNING 03-19 04:18:16 [warnings.py:110] /vllm-workspace/vllm/vllm/entrypoints/openai/chat_completion/protocol.py:376: DeprecationWarning: max_tokens is deprecated in favor of the max_completion_tokens field
2026-03-19T04:18:16.8363688Z (ApiServer_0 pid=1236) WARNING 03-19 04:18:16 [warnings.py:110] /vllm-workspace/vllm/vllm/entrypoints/openai/chat_completion/serving.py:392: DeprecationWarning: max_tokens is deprecated in favor of the max_completion_tokens field
2026-03-19T04:18:16.8387201Z (ApiServer_1 pid=1237) WARNING 03-19 04:18:16 [warnings.py:110] /vllm-workspace/vllm/vllm/entrypoints/openai/chat_completion/serving.py:392: DeprecationWarning: max_tokens is deprecated in favor of the max_completion_tokens field
2026-03-19T04:18:17.6722792Z [rank5]:[W319 04:18:17.420869532 compiler_depend.ts:4658] Warning: The current allgather operator has a defect in handling different tensor shape,         the work event forces a wait operation, and the allgather wait on the python side would be fake (function operator())
2026-03-19T04:18:17.6736112Z [rank8]:[W319 04:18:17.420934062 compiler_depend.ts:4658] Warning: The current allgather operator has a defect in handling different tensor shape,         the work event forces a wait operation, and the allgather wait on the python side would be fake (function operator())
2026-03-19T04:18:17.6750044Z [rank15]:[W319 04:18:17.420970193 compiler_depend.ts:4658] Warning: The current allgather operator has a defect in handling different tensor shape,         the work event forces a wait operation, and the allgather wait on the python side would be fake (function operator())
2026-03-19T04:18:17.6772455Z [rank12]:[W319 04:18:17.420999033 compiler_depend.ts:4658] Warning: The current allgather operator has a defect in handling different tensor shape,         the work event forces a wait operation, and the allgather wait on the python side would be fake (function operator())
2026-03-19T04:18:17.6777424Z [rank14]:[W319 04:18:17.421121194 compiler_depend.ts:4658] Warning: The current allgather operator has a defect in handling different tensor shape,         the work event forces a wait operation, and the allgather wait on the python side would be fake (function operator())
2026-03-19T04:18:17.6791686Z [rank10]:[W319 04:18:17.421131884 compiler_depend.ts:4658] Warning: The current allgather operator has a defect in handling different tensor shape,         the work event forces a wait operation, and the allgather wait on the python side would be fake (function operator())
2026-03-19T04:18:17.6804732Z [rank11]:[W319 04:18:17.421150564 compiler_depend.ts:4658] Warning: The current allgather operator has a defect in handling different tensor shape,         the work event forces a wait operation, and the allgather wait on the python side would be fake (function operator())
2026-03-19T04:18:17.6817972Z [rank13]:[W319 04:18:17.421165954 compiler_depend.ts:4658] Warning: The current allgather operator has a defect in handling different tensor shape,         the work event forces a wait operation, and the allgather wait on the python side would be fake (function operator())
2026-03-19T04:18:17.6832093Z [rank1]:[W319 04:18:17.421210294 compiler_depend.ts:4658] Warning: The current allgather operator has a defect in handling different tensor shape,         the work event forces a wait operation, and the allgather wait on the python side would be fake (function operator())
2026-03-19T04:18:17.6844474Z [rank7]:[W319 04:18:17.421330155 compiler_depend.ts:4658] Warning: The current allgather operator has a defect in handling different tensor shape,         the work event forces a wait operation, and the allgather wait on the python side would be fake (function operator())
2026-03-19T04:18:17.6856914Z [rank6]:[W319 04:18:17.421337125 compiler_depend.ts:4658] Warning: The current allgather operator has a defect in handling different tensor shape,         the work event forces a wait operation, and the allgather wait on the python side would be fake (function operator())
2026-03-19T04:18:17.6870974Z [rank4]:[W319 04:18:17.421478776 compiler_depend.ts:4658] Warning: The current allgather operator has a defect in handling different tensor shape,         the work event forces a wait operation, and the allgather wait on the python side would be fake (function operator())
2026-03-19T04:18:17.6883354Z [rank3]:[W319 04:18:17.421480876 compiler_depend.ts:4658] Warning: The current allgather operator has a defect in handling different tensor shape,         the work event forces a wait operation, and the allgather wait on the python side would be fake (function operator())
2026-03-19T04:18:17.6895234Z [rank2]:[W319 04:18:17.421481986 compiler_depend.ts:4658] Warning: The current allgather operator has a defect in handling different tensor shape,         the work event forces a wait operation, and the allgather wait on the python side would be fake (function operator())
2026-03-19T04:18:17.6907811Z [rank9]:[W319 04:18:17.421581237 compiler_depend.ts:4658] Warning: The current allgather operator has a defect in handling different tensor shape,         the work event forces a wait operation, and the allgather wait on the python side would be fake (function operator())
2026-03-19T04:18:17.6920824Z [rank0]:[W319 04:18:17.421636678 compiler_depend.ts:4658] Warning: The current allgather operator has a defect in handling different tensor shape,         the work event forces a wait operation, and the allgather wait on the python side would be fake (function operator())
2026-03-19T04:18:18.7905754Z (Worker pid=2198) (Worker_DP1_TP1_EP9 pid=2198) INFO 03-19 04:18:18 [acl_graph.py:187] Replaying aclgraph
2026-03-19T04:18:18.7918007Z (Worker pid=2195) (Worker_DP0_TP1_EP1 pid=2195) INFO 03-19 04:18:18 [acl_graph.py:187] Replaying aclgraph
2026-03-19T04:18:18.7928405Z (Worker pid=3324) (Worker_DP1_TP3_EP11 pid=3324) INFO 03-19 04:18:18 [acl_graph.py:187] Replaying aclgraph
2026-03-19T04:18:18.7940766Z (Worker pid=1381) (Worker_DP1_TP0_EP8 pid=1381) INFO 03-19 04:18:18 [acl_graph.py:187] Replaying aclgraph
2026-03-19T04:18:18.7951965Z (Worker pid=1380) (Worker_DP0_TP0_EP0 pid=1380) INFO 03-19 04:18:18 [acl_graph.py:187] Replaying aclgraph
2026-03-19T04:18:18.7963442Z (Worker pid=3321) (Worker_DP0_TP3_EP3 pid=3321) INFO 03-19 04:18:18 [acl_graph.py:187] Replaying aclgraph
2026-03-19T04:18:18.7974388Z (Worker pid=4998) (Worker_DP1_TP6_EP14 pid=4998) INFO 03-19 04:18:18 [acl_graph.py:187] Replaying aclgraph
2026-03-19T04:18:18.7985736Z (Worker pid=5620) (Worker_DP1_TP7_EP15 pid=5620) INFO 03-19 04:18:18 [acl_graph.py:187] Replaying aclgraph
2026-03-19T04:18:18.7997829Z (Worker pid=2766) (Worker_DP1_TP2_EP10 pid=2766) INFO 03-19 04:18:18 [acl_graph.py:187] Replaying aclgraph
2026-03-19T04:18:18.8016575Z (Worker pid=2763) (Worker_DP0_TP2_EP2 pid=2763) INFO 03-19 04:18:18 [acl_graph.py:187] Replaying aclgraph
2026-03-19T04:18:18.8032593Z (Worker pid=5553) (Worker_DP0_TP7_EP7 pid=5553) INFO 03-19 04:18:18 [acl_graph.py:187] Replaying aclgraph
2026-03-19T04:18:18.8045078Z (Worker pid=4995) (Worker_DP0_TP6_EP6 pid=4995) INFO 03-19 04:18:18 [acl_graph.py:187] Replaying aclgraph
2026-03-19T04:18:18.8056615Z (Worker pid=4440) (Worker_DP1_TP5_EP13 pid=4440) INFO 03-19 04:18:18 [acl_graph.py:187] Replaying aclgraph
2026-03-19T04:18:18.8068721Z (Worker pid=3879) (Worker_DP0_TP4_EP4 pid=3879) INFO 03-19 04:18:18 [acl_graph.py:187] Replaying aclgraph
2026-03-19T04:18:18.8080727Z (Worker pid=3882) (Worker_DP1_TP4_EP12 pid=3882) INFO 03-19 04:18:18 [acl_graph.py:187] Replaying aclgraph
2026-03-19T04:18:18.8092619Z (Worker pid=4437) (Worker_DP0_TP5_EP5 pid=4437) INFO 03-19 04:18:18 [acl_graph.py:187] Replaying aclgraph
2026-03-19T04:18:20.7074007Z (ApiServer_1 pid=1237) INFO:     10.0.0.136:45262 - "GET /health HTTP/1.1" 200 OK
2026-03-19T04:18:25.7183463Z (ApiServer_1 pid=1237) INFO:     10.0.0.136:45274 - "GET /health HTTP/1.1" 200 OK
2026-03-19T04:18:28.4592339Z (ApiServer_0 pid=1236) INFO:     10.0.0.102:52022 - "POST /v1/chat/completions HTTP/1.1" 200 OK
2026-03-19T04:18:28.9041194Z (ApiServer_0 pid=1236) INFO:     10.0.0.102:51956 - "POST /v1/chat/completions HTTP/1.1" 200 OK
2026-03-19T04:18:29.2254827Z (ApiServer_0 pid=1236) INFO:     10.0.0.102:51996 - "POST /v1/chat/completions HTTP/1.1" 200 OK
2026-03-19T04:18:29.7777192Z (ApiServer_1 pid=1237) INFO:     10.0.0.102:51890 - "POST /v1/chat/completions HTTP/1.1" 200 OK
2026-03-19T04:18:30.5164500Z (ApiServer_0 pid=1236) INFO:     10.0.0.102:51982 - "POST /v1/chat/completions HTTP/1.1" 200 OK
2026-03-19T04:18:30.7239010Z (ApiServer_1 pid=1237) INFO:     10.0.0.136:60782 - "GET /health HTTP/1.1" 200 OK
2026-03-19T04:18:30.7265408Z (ApiServer_1 pid=1237) INFO:     10.0.0.102:51870 - "POST /v1/chat/completions HTTP/1.1" 200 OK
2026-03-19T04:18:31.6784854Z (ApiServer_0 pid=1236) INFO:     10.0.0.102:52062 - "POST /v1/chat/completions HTTP/1.1" 200 OK
2026-03-19T04:18:32.1312531Z (ApiServer_1 pid=1237) INFO:     10.0.0.102:51938 - "POST /v1/chat/completions HTTP/1.1" 200 OK
2026-03-19T04:18:32.5225165Z (ApiServer_0 pid=1236) INFO:     10.0.0.102:51860 - "POST /v1/chat/completions HTTP/1.1" 200 OK
2026-03-19T04:18:32.8007134Z (ApiServer_0 pid=1236) INFO:     10.0.0.102:52010 - "POST /v1/chat/completions HTTP/1.1" 200 OK
2026-03-19T04:18:32.8019311Z (ApiServer_1 pid=1237) INFO:     10.0.0.102:51948 - "POST /v1/chat/completions HTTP/1.1" 200 OK
2026-03-19T04:18:33.0755769Z (ApiServer_1 pid=1237) INFO:     10.0.0.102:52034 - "POST /v1/chat/completions HTTP/1.1" 200 OK
2026-03-19T04:18:33.1668042Z (ApiServer_0 pid=1236) INFO:     10.0.0.102:52064 - "POST /v1/chat/completions HTTP/1.1" 200 OK
2026-03-19T04:18:33.1695761Z (ApiServer_1 pid=1237) INFO:     10.0.0.102:52018 - "POST /v1/chat/completions HTTP/1.1" 200 OK
2026-03-19T04:18:33.4574458Z (ApiServer_1 pid=1237) INFO:     10.0.0.102:52092 - "POST /v1/chat/completions HTTP/1.1" 200 OK
2026-03-19T04:18:33.8386532Z (ApiServer_0 pid=1236) INFO:     10.0.0.102:52080 - "POST /v1/chat/completions HTTP/1.1" 200 OK
2026-03-19T04:18:33.8405319Z (ApiServer_1 pid=1237) INFO:     10.0.0.102:51990 - "POST /v1/chat/completions HTTP/1.1" 200 OK
2026-03-19T04:18:33.8417745Z (ApiServer_1 pid=1237) INFO:     10.0.0.102:51896 - "POST /v1/chat/completions HTTP/1.1" 200 OK
2026-03-19T04:18:34.0226566Z (ApiServer_1 pid=1237) INFO:     10.0.0.102:51980 - "POST /v1/chat/completions HTTP/1.1" 200 OK
2026-03-19T04:18:35.2567803Z (ApiServer_1 pid=1237) INFO:     10.0.0.102:51910 - "POST /v1/chat/completions HTTP/1.1" 200 OK
2026-03-19T04:18:35.3641734Z (ApiServer_0 pid=1236) INFO:     10.0.0.102:51894 - "POST /v1/chat/completions HTTP/1.1" 200 OK
2026-03-19T04:18:35.7270481Z (ApiServer_1 pid=1237) INFO:     10.0.0.136:60790 - "GET /health HTTP/1.1" 200 OK
2026-03-19T04:18:36.6726434Z (ApiServer_0 pid=1236) INFO:     10.0.0.102:52058 - "POST /v1/chat/completions HTTP/1.1" 200 OK
2026-03-19T04:18:38.2547923Z (ApiServer_0 pid=1236) INFO:     10.0.0.102:52088 - "POST /v1/chat/completions HTTP/1.1" 200 OK
2026-03-19T04:18:38.4797063Z (ApiServer_0 pid=1236) INFO:     10.0.0.102:52046 - "POST /v1/chat/completions HTTP/1.1" 200 OK
2026-03-19T04:18:38.6986712Z (ApiServer_0 pid=1236) INFO:     10.0.0.102:51962 - "POST /v1/chat/completions HTTP/1.1" 200 OK
2026-03-19T04:18:39.6885291Z (ApiServer_0 pid=1236) INFO:     10.0.0.102:51876 - "POST /v1/chat/completions HTTP/1.1" 200 OK
2026-03-19T04:18:40.1327568Z (ApiServer_0 pid=1236) INFO:     10.0.0.102:51972 - "POST /v1/chat/completions HTTP/1.1" 200 OK
2026-03-19T04:18:40.7304931Z (ApiServer_1 pid=1237) INFO:     10.0.0.136:44342 - "GET /health HTTP/1.1" 200 OK
2026-03-19T04:18:43.3059249Z (ApiServer_1 pid=1237) INFO:     10.0.0.102:51926 - "POST /v1/chat/completions HTTP/1.1" 200 OK
2026-03-19T04:18:45.7339563Z (ApiServer_1 pid=1237) INFO:     10.0.0.136:44346 - "GET /health HTTP/1.1" 200 OK
2026-03-19T04:18:46.4071157Z (ApiServer_0 pid=1236) INFO:     10.0.0.102:52004 - "POST /v1/chat/completions HTTP/1.1" 200 OK
2026-03-19T04:18:47.9220085Z (ApiServer_0 pid=1236) INFO:     10.0.0.102:51970 - "POST /v1/chat/completions HTTP/1.1" 200 OK
2026-03-19T04:18:50.7376405Z (ApiServer_1 pid=1237) INFO:     10.0.0.136:36946 - "GET /health HTTP/1.1" 200 OK
2026-03-19T04:18:55.7411704Z (ApiServer_1 pid=1237) INFO:     10.0.0.136:36960 - "GET /health HTTP/1.1" 200 OK
2026-03-19T04:18:57.1079482Z (ApiServer_1 pid=1237) INFO:     10.0.0.102:52006 - "POST /v1/chat/completions HTTP/1.1" 200 OK
2026-03-19T04:19:00.7442177Z (ApiServer_1 pid=1237) INFO:     10.0.0.136:34804 - "GET /health HTTP/1.1" 200 OK
2026-03-19T04:19:01.1601811Z (ApiServer_1 pid=1237) INFO:     10.0.0.102:51936 - "POST /v1/chat/completions HTTP/1.1" 200 OK
2026-03-19T04:19:05.7478453Z (ApiServer_1 pid=1237) INFO:     10.0.0.136:34814 - "GET /health HTTP/1.1" 200 OK
2026-03-19T04:19:10.7512159Z (ApiServer_1 pid=1237) INFO:     10.0.0.136:41308 - "GET /health HTTP/1.1" 200 OK
2026-03-19T04:19:14.3575614Z 2026-03-19 04:19:14,353 - modelscope - WARNING - We can not confirm the cached file is for revision: master
2026-03-19T04:19:14.3831733Z 2026-03-19 04:19:14,381 - modelscope - WARNING - We can not confirm the cached file is for revision: master
2026-03-19T04:19:15.7548186Z (ApiServer_1 pid=1237) INFO:     10.0.0.136:41320 - "GET /health HTTP/1.1" 200 OK
2026-03-19T04:19:20.7575626Z (ApiServer_1 pid=1237) INFO:     10.0.0.136:47132 - "GET /health HTTP/1.1" 200 OK
2026-03-19T04:19:25.3032210Z (ApiServer_0 pid=1236) INFO:     10.0.0.102:50140 - "POST /v1/chat/completions HTTP/1.1" 200 OK
2026-03-19T04:19:25.3046446Z (ApiServer_0 pid=1236) INFO:     10.0.0.102:50162 - "POST /v1/chat/completions HTTP/1.1" 200 OK
2026-03-19T04:19:25.3084896Z (ApiServer_1 pid=1237) INFO:     10.0.0.102:50126 - "POST /v1/chat/completions HTTP/1.1" 200 OK
2026-03-19T04:19:25.3107777Z (ApiServer_1 pid=1237) INFO:     10.0.0.102:50152 - "POST /v1/chat/completions HTTP/1.1" 200 OK
2026-03-19T04:19:25.3118332Z (ApiServer_1 pid=1237) INFO:     10.0.0.102:50170 - "POST /v1/chat/completions HTTP/1.1" 200 OK
2026-03-19T04:19:25.3197386Z (ApiServer_0 pid=1236) INFO:     10.0.0.102:50178 - "POST /v1/chat/completions HTTP/1.1" 200 OK
2026-03-19T04:19:25.3210845Z (ApiServer_1 pid=1237) INFO:     10.0.0.102:50182 - "POST /v1/chat/completions HTTP/1.1" 200 OK
2026-03-19T04:19:25.4012509Z (ApiServer_1 pid=1237) INFO:     10.0.0.102:50184 - "POST /v1/chat/completions HTTP/1.1" 200 OK
2026-03-19T04:19:25.4904328Z (ApiServer_1 pid=1237) INFO:     10.0.0.102:50196 - "POST /v1/chat/completions HTTP/1.1" 200 OK
2026-03-19T04:19:25.5789564Z (ApiServer_1 pid=1237) INFO:     10.0.0.102:50212 - "POST /v1/chat/completions HTTP/1.1" 200 OK
2026-03-19T04:19:25.6715551Z (ApiServer_1 pid=1237) INFO:     10.0.0.102:50216 - "POST /v1/chat/completions HTTP/1.1" 200 OK
2026-03-19T04:19:25.7575677Z (ApiServer_1 pid=1237) INFO:     10.0.0.102:50220 - "POST /v1/chat/completions HTTP/1.1" 200 OK
2026-03-19T04:19:25.7614336Z (ApiServer_1 pid=1237) INFO:     10.0.0.136:47134 - "GET /health HTTP/1.1" 200 OK
2026-03-19T04:19:25.8464943Z (ApiServer_1 pid=1237) INFO:     10.0.0.102:50226 - "POST /v1/chat/completions HTTP/1.1" 200 OK
2026-03-19T04:19:25.9381632Z (ApiServer_1 pid=1237) INFO:     10.0.0.102:50230 - "POST /v1/chat/completions HTTP/1.1" 200 OK
2026-03-19T04:19:26.0266125Z (ApiServer_1 pid=1237) INFO:     10.0.0.102:50240 - "POST /v1/chat/completions HTTP/1.1" 200 OK
2026-03-19T04:19:26.1159352Z (ApiServer_1 pid=1237) INFO:     10.0.0.102:49950 - "POST /v1/chat/completions HTTP/1.1" 200 OK
2026-03-19T04:19:26.2078774Z (ApiServer_1 pid=1237) INFO:     10.0.0.102:49956 - "POST /v1/chat/completions HTTP/1.1" 200 OK
2026-03-19T04:19:26.2934717Z (ApiServer_1 pid=1237) INFO:     10.0.0.102:49972 - "POST /v1/chat/completions HTTP/1.1" 200 OK
2026-03-19T04:19:26.3817608Z (ApiServer_1 pid=1237) INFO:     10.0.0.102:49976 - "POST /v1/chat/completions HTTP/1.1" 200 OK
2026-03-19T04:19:26.4723077Z (ApiServer_1 pid=1237) INFO:     10.0.0.102:49980 - "POST /v1/chat/completions HTTP/1.1" 200 OK
2026-03-19T04:19:26.5616998Z (ApiServer_1 pid=1237) INFO:     10.0.0.102:49992 - "POST /v1/chat/completions HTTP/1.1" 200 OK
2026-03-19T04:19:26.6507998Z (ApiServer_1 pid=1237) INFO:     10.0.0.102:49996 - "POST /v1/chat/completions HTTP/1.1" 200 OK
2026-03-19T04:19:26.7401053Z (ApiServer_1 pid=1237) INFO:     10.0.0.102:50000 - "POST /v1/chat/completions HTTP/1.1" 200 OK
2026-03-19T04:19:26.8296246Z (ApiServer_1 pid=1237) INFO:     10.0.0.102:50014 - "POST /v1/chat/completions HTTP/1.1" 200 OK
2026-03-19T04:19:26.9183973Z (ApiServer_1 pid=1237) INFO:     10.0.0.102:50030 - "POST /v1/chat/completions HTTP/1.1" 200 OK
2026-03-19T04:19:27.0076486Z (ApiServer_1 pid=1237) INFO:     10.0.0.102:50040 - "POST /v1/chat/completions HTTP/1.1" 200 OK
2026-03-19T04:19:27.0963120Z (ApiServer_1 pid=1237) INFO:     10.0.0.102:50056 - "POST /v1/chat/completions HTTP/1.1" 200 OK
2026-03-19T04:19:27.1859966Z (ApiServer_1 pid=1237) INFO:     10.0.0.102:50068 - "POST /v1/chat/completions HTTP/1.1" 200 OK
2026-03-19T04:19:27.2764482Z (ApiServer_1 pid=1237) INFO:     10.0.0.102:50082 - "POST /v1/chat/completions HTTP/1.1" 200 OK
2026-03-19T04:19:27.3654630Z (ApiServer_1 pid=1237) INFO:     10.0.0.102:50096 - "POST /v1/chat/completions HTTP/1.1" 200 OK
2026-03-19T04:19:27.4554193Z (ApiServer_1 pid=1237) INFO:     10.0.0.102:50110 - "POST /v1/chat/completions HTTP/1.1" 200 OK
2026-03-19T04:19:27.5470072Z (ApiServer_0 pid=1236) INFO:     10.0.0.102:50128 - "POST /v1/chat/completions HTTP/1.1" 200 OK
2026-03-19T04:19:27.6339801Z (ApiServer_1 pid=1237) INFO:     10.0.0.102:50142 - "POST /v1/chat/completions HTTP/1.1" 200 OK
2026-03-19T04:19:27.7241250Z (ApiServer_0 pid=1236) INFO:     10.0.0.102:50144 - "POST /v1/chat/completions HTTP/1.1" 200 OK
2026-03-19T04:19:27.8124817Z (ApiServer_1 pid=1237) INFO:     10.0.0.102:50154 - "POST /v1/chat/completions HTTP/1.1" 200 OK
2026-03-19T04:19:27.9003810Z (ApiServer_1 pid=1237) INFO:     10.0.0.102:50166 - "POST /v1/chat/completions HTTP/1.1" 200 OK
2026-03-19T04:19:27.9893416Z (ApiServer_1 pid=1237) INFO:     10.0.0.102:50168 - "POST /v1/chat/completions HTTP/1.1" 200 OK
2026-03-19T04:19:28.0791401Z (ApiServer_1 pid=1237) INFO:     10.0.0.102:50186 - "POST /v1/chat/completions HTTP/1.1" 200 OK
2026-03-19T04:19:28.1676167Z (ApiServer_1 pid=1237) INFO:     10.0.0.102:50198 - "POST /v1/chat/completions HTTP/1.1" 200 OK
2026-03-19T04:19:28.2580862Z (ApiServer_1 pid=1237) INFO:     10.0.0.102:50214 - "POST /v1/chat/completions HTTP/1.1" 200 OK
2026-03-19T04:19:28.3466636Z (ApiServer_1 pid=1237) INFO:     10.0.0.102:50224 - "POST /v1/chat/completions HTTP/1.1" 200 OK
2026-03-19T04:19:28.4377265Z (ApiServer_1 pid=1237) INFO:     10.0.0.102:50238 - "POST /v1/chat/completions HTTP/1.1" 200 OK
2026-03-19T04:19:28.5261799Z (ApiServer_1 pid=1237) INFO:     10.0.0.102:50244 - "POST /v1/chat/completions HTTP/1.1" 200 OK
2026-03-19T04:19:28.6150729Z (ApiServer_1 pid=1237) INFO:     10.0.0.102:50248 - "POST /v1/chat/completions HTTP/1.1" 200 OK
2026-03-19T04:19:28.7036222Z (ApiServer_1 pid=1237) INFO:     10.0.0.102:50262 - "POST /v1/chat/completions HTTP/1.1" 200 OK
2026-03-19T04:19:28.7949216Z (ApiServer_1 pid=1237) INFO:     10.0.0.102:50274 - "POST /v1/chat/completions HTTP/1.1" 200 OK
2026-03-19T04:19:28.9358879Z (ApiServer_1 pid=1237) INFO:     10.0.0.102:50286 - "POST /v1/chat/completions HTTP/1.1" 200 OK
2026-03-19T04:19:28.9730573Z (ApiServer_1 pid=1237) INFO:     10.0.0.102:50296 - "POST /v1/chat/completions HTTP/1.1" 200 OK
2026-03-19T04:19:29.0619721Z (ApiServer_1 pid=1237) INFO:     10.0.0.102:50312 - "POST /v1/chat/completions HTTP/1.1" 200 OK
2026-03-19T04:19:29.1520291Z (ApiServer_1 pid=1237) INFO:     10.0.0.102:50318 - "POST /v1/chat/completions HTTP/1.1" 200 OK
2026-03-19T04:19:29.2396706Z (ApiServer_1 pid=1237) INFO:     10.0.0.102:50332 - "POST /v1/chat/completions HTTP/1.1" 200 OK
2026-03-19T04:19:29.3320825Z (ApiServer_1 pid=1237) INFO:     10.0.0.102:50344 - "POST /v1/chat/completions HTTP/1.1" 200 OK
2026-03-19T04:19:29.4179141Z (ApiServer_1 pid=1237) INFO:     10.0.0.102:50356 - "POST /v1/chat/completions HTTP/1.1" 200 OK
2026-03-19T04:19:29.5084524Z (ApiServer_1 pid=1237) INFO:     10.0.0.102:50372 - "POST /v1/chat/completions HTTP/1.1" 200 OK
2026-03-19T04:19:29.5977820Z (ApiServer_1 pid=1237) INFO:     10.0.0.102:50388 - "POST /v1/chat/completions HTTP/1.1" 200 OK
2026-03-19T04:19:29.6853013Z (ApiServer_1 pid=1237) INFO:     10.0.0.102:50402 - "POST /v1/chat/completions HTTP/1.1" 200 OK
2026-03-19T04:19:29.7754823Z (ApiServer_1 pid=1237) INFO:     10.0.0.102:50404 - "POST /v1/chat/completions HTTP/1.1" 200 OK
2026-03-19T04:19:29.8663289Z (ApiServer_1 pid=1237) INFO:     10.0.0.102:50416 - "POST /v1/chat/completions HTTP/1.1" 200 OK
2026-03-19T04:19:29.9543126Z (ApiServer_1 pid=1237) INFO:     10.0.0.102:50428 - "POST /v1/chat/completions HTTP/1.1" 200 OK
2026-03-19T04:19:30.0438067Z (ApiServer_1 pid=1237) INFO:     10.0.0.102:50432 - "POST /v1/chat/completions HTTP/1.1" 200 OK
2026-03-19T04:19:30.1325574Z (ApiServer_1 pid=1237) INFO:     10.0.0.102:50442 - "POST /v1/chat/completions HTTP/1.1" 200 OK
2026-03-19T04:19:30.2217189Z (ApiServer_1 pid=1237) INFO:     10.0.0.102:50444 - "POST /v1/chat/completions HTTP/1.1" 200 OK
2026-03-19T04:19:30.3120898Z (ApiServer_1 pid=1237) INFO:     10.0.0.102:50452 - "POST /v1/chat/completions HTTP/1.1" 200 OK
2026-03-19T04:19:30.4018902Z (ApiServer_1 pid=1237) INFO:     10.0.0.102:50456 - "POST /v1/chat/completions HTTP/1.1" 200 OK
2026-03-19T04:19:30.7658696Z (ApiServer_1 pid=1237) INFO:     10.0.0.136:56942 - "GET /health HTTP/1.1" 200 OK
2026-03-19T04:19:35.7694483Z (ApiServer_1 pid=1237) INFO:     10.0.0.136:56954 - "GET /health HTTP/1.1" 200 OK
2026-03-19T04:19:40.7729047Z (ApiServer_1 pid=1237) INFO:     10.0.0.136:35580 - "GET /health HTTP/1.1" 200 OK
2026-03-19T04:19:45.8038332Z (ApiServer_0 pid=1236) INFO:     10.0.0.136:35594 - "GET /health HTTP/1.1" 200 OK
2026-03-19T04:19:50.7793864Z (ApiServer_0 pid=1236) INFO:     10.0.0.136:36028 - "GET /health HTTP/1.1" 200 OK
2026-03-19T04:19:55.7828856Z (ApiServer_0 pid=1236) INFO:     10.0.0.136:36044 - "GET /health HTTP/1.1" 200 OK
2026-03-19T04:20:00.7867294Z (ApiServer_1 pid=1237) INFO:     10.0.0.136:49194 - "GET /health HTTP/1.1" 200 OK
2026-03-19T04:20:01.9015616Z (ApiServer_0 pid=1236) INFO:     10.0.0.102:49520 - "POST /v1/chat/completions HTTP/1.1" 200 OK
2026-03-19T04:20:01.9038907Z (ApiServer_1 pid=1237) INFO:     10.0.0.102:49516 - "POST /v1/chat/completions HTTP/1.1" 200 OK
2026-03-19T04:20:02.0095024Z (ApiServer_0 pid=1236) INFO:     10.0.0.102:49522 - "POST /v1/chat/completions HTTP/1.1" 200 OK
2026-03-19T04:20:02.0207570Z (ApiServer_0 pid=1236) INFO:     10.0.0.102:49540 - "POST /v1/chat/completions HTTP/1.1" 200 OK
2026-03-19T04:20:02.0237466Z (ApiServer_1 pid=1237) INFO:     10.0.0.102:49532 - "POST /v1/chat/completions HTTP/1.1" 200 OK
2026-03-19T04:20:02.0263022Z (ApiServer_1 pid=1237) INFO:     10.0.0.102:49556 - "POST /v1/chat/completions HTTP/1.1" 200 OK
2026-03-19T04:20:02.1312127Z (ApiServer_0 pid=1236) INFO:     10.0.0.102:49566 - "POST /v1/chat/completions HTTP/1.1" 200 OK
2026-03-19T04:20:02.1367195Z (ApiServer_0 pid=1236) INFO:     10.0.0.102:49568 - "POST /v1/chat/completions HTTP/1.1" 200 OK
2026-03-19T04:20:02.1439899Z (ApiServer_0 pid=1236) INFO:     10.0.0.102:49588 - "POST /v1/chat/completions HTTP/1.1" 200 OK
2026-03-19T04:20:02.1556876Z (ApiServer_1 pid=1237) INFO:     10.0.0.102:49576 - "POST /v1/chat/completions HTTP/1.1" 200 OK
2026-03-19T04:20:02.1583931Z (ApiServer_1 pid=1237) INFO:     10.0.0.102:49598 - "POST /v1/chat/completions HTTP/1.1" 200 OK
2026-03-19T04:20:02.1599472Z (ApiServer_1 pid=1237) INFO:     10.0.0.102:49606 - "POST /v1/chat/completions HTTP/1.1" 200 OK
2026-03-19T04:20:02.1613649Z (ApiServer_1 pid=1237) INFO:     10.0.0.102:49614 - "POST /v1/chat/completions HTTP/1.1" 200 OK
2026-03-19T04:20:03.0111037Z (ApiServer_0 pid=1236) INFO:     10.0.0.102:49634 - "POST /v1/chat/completions HTTP/1.1" 200 OK
2026-03-19T04:20:03.0144662Z (ApiServer_0 pid=1236) INFO:     10.0.0.102:49648 - "POST /v1/chat/completions HTTP/1.1" 200 OK
2026-03-19T04:20:03.0161276Z (ApiServer_0 pid=1236) INFO:     10.0.0.102:49660 - "POST /v1/chat/completions HTTP/1.1" 200 OK
2026-03-19T04:20:03.0183495Z (ApiServer_0 pid=1236) INFO:     10.0.0.102:49678 - "POST /v1/chat/completions HTTP/1.1" 200 OK
2026-03-19T04:20:03.0273167Z (ApiServer_1 pid=1237) INFO:     10.0.0.102:49620 - "POST /v1/chat/completions HTTP/1.1" 200 OK
2026-03-19T04:20:03.0290474Z (ApiServer_1 pid=1237) INFO:     10.0.0.102:49632 - "POST /v1/chat/completions HTTP/1.1" 200 OK
2026-03-19T04:20:03.0306479Z (ApiServer_1 pid=1237) INFO:     10.0.0.102:49674 - "POST /v1/chat/completions HTTP/1.1" 200 OK
2026-03-19T04:20:03.0323164Z (ApiServer_1 pid=1237) INFO:     10.0.0.102:49676 - "POST /v1/chat/completions HTTP/1.1" 200 OK
2026-03-19T04:20:03.8508691Z (ApiServer_0 pid=1236) INFO:     10.0.0.102:49692 - "POST /v1/chat/completions HTTP/1.1" 200 OK
2026-03-19T04:20:03.8521980Z (ApiServer_1 pid=1237) INFO:     10.0.0.102:49732 - "POST /v1/chat/completions HTTP/1.1" 200 OK
2026-03-19T04:20:03.8535576Z (ApiServer_0 pid=1236) INFO:     10.0.0.102:49736 - "POST /v1/chat/completions HTTP/1.1" 200 OK
2026-03-19T04:20:03.8547772Z (ApiServer_1 pid=1237) INFO:     10.0.0.102:49750 - "POST /v1/chat/completions HTTP/1.1" 200 OK
2026-03-19T04:20:03.8560650Z (ApiServer_0 pid=1236) INFO:     10.0.0.102:49716 - "POST /v1/chat/completions HTTP/1.1" 200 OK
2026-03-19T04:20:03.8573585Z (ApiServer_1 pid=1237) INFO:     10.0.0.102:49682 - "POST /v1/chat/completions HTTP/1.1" 200 OK
2026-03-19T04:20:03.8586419Z (ApiServer_0 pid=1236) INFO:     10.0.0.102:49764 - "POST /v1/chat/completions HTTP/1.1" 200 OK
2026-03-19T04:20:03.8597793Z (ApiServer_1 pid=1237) INFO:     10.0.0.102:49706 - "POST /v1/chat/completions HTTP/1.1" 200 OK
2026-03-19T04:20:04.6156353Z (ApiServer_0 pid=1236) INFO:     10.0.0.102:49768 - "POST /v1/chat/completions HTTP/1.1" 200 OK
2026-03-19T04:20:04.6539752Z (ApiServer_1 pid=1237) INFO:     10.0.0.102:49780 - "POST /v1/chat/completions HTTP/1.1" 200 OK
2026-03-19T04:20:04.6598998Z (ApiServer_1 pid=1237) INFO:     10.0.0.102:49788 - "POST /v1/chat/completions HTTP/1.1" 200 OK
2026-03-19T04:20:04.6610284Z (ApiServer_1 pid=1237) INFO:     10.0.0.102:49790 - "POST /v1/chat/completions HTTP/1.1" 200 OK
2026-03-19T04:20:04.6623211Z (ApiServer_1 pid=1237) INFO:     10.0.0.102:49798 - "POST /v1/chat/completions HTTP/1.1" 200 OK
2026-03-19T04:20:04.6633881Z (ApiServer_0 pid=1236) INFO:     10.0.0.102:49782 - "POST /v1/chat/completions HTTP/1.1" 200 OK
2026-03-19T04:20:04.6646276Z (ApiServer_0 pid=1236) INFO:     10.0.0.102:49792 - "POST /v1/chat/completions HTTP/1.1" 200 OK
2026-03-19T04:20:04.6658191Z (ApiServer_0 pid=1236) INFO:     10.0.0.102:49800 - "POST /v1/chat/completions HTTP/1.1" 200 OK
2026-03-19T04:20:04.6671042Z (ApiServer_0 pid=1236) INFO:     10.0.0.102:49814 - "POST /v1/chat/completions HTTP/1.1" 200 OK
2026-03-19T04:20:05.5130753Z (ApiServer_0 pid=1236) INFO:     10.0.0.102:49832 - "POST /v1/chat/completions HTTP/1.1" 200 OK
2026-03-19T04:20:05.5164720Z (ApiServer_0 pid=1236) INFO:     10.0.0.102:49826 - "POST /v1/chat/completions HTTP/1.1" 200 OK
2026-03-19T04:20:05.5186750Z (ApiServer_0 pid=1236) INFO:     10.0.0.102:49838 - "POST /v1/chat/completions HTTP/1.1" 200 OK
2026-03-19T04:20:05.5263026Z (ApiServer_0 pid=1236) INFO:     10.0.0.102:49846 - "POST /v1/chat/completions HTTP/1.1" 200 OK
2026-03-19T04:20:05.5402719Z (ApiServer_1 pid=1237) INFO:     10.0.0.102:49840 - "POST /v1/chat/completions HTTP/1.1" 200 OK
2026-03-19T04:20:05.5437172Z (ApiServer_1 pid=1237) INFO:     10.0.0.102:49856 - "POST /v1/chat/completions HTTP/1.1" 200 OK
2026-03-19T04:20:05.5447830Z (ApiServer_1 pid=1237) INFO:     10.0.0.102:49866 - "POST /v1/chat/completions HTTP/1.1" 200 OK
2026-03-19T04:20:05.5458922Z (ApiServer_1 pid=1237) INFO:     10.0.0.102:49872 - "POST /v1/chat/completions HTTP/1.1" 200 OK
2026-03-19T04:20:05.5479351Z (ApiServer_1 pid=1237) INFO:     10.0.0.102:49874 - "POST /v1/chat/completions HTTP/1.1" 200 OK
2026-03-19T04:20:05.7967165Z (ApiServer_1 pid=1237) INFO:     10.0.0.136:49196 - "GET /health HTTP/1.1" 200 OK
2026-03-19T04:20:06.4256210Z (ApiServer_0 pid=1236) INFO:     10.0.0.102:34104 - "POST /v1/chat/completions HTTP/1.1" 200 OK
2026-03-19T04:20:06.4287397Z (ApiServer_0 pid=1236) INFO:     10.0.0.102:34118 - "POST /v1/chat/completions HTTP/1.1" 200 OK
2026-03-19T04:20:06.4308163Z (ApiServer_0 pid=1236) INFO:     10.0.0.102:34120 - "POST /v1/chat/completions HTTP/1.1" 200 OK
2026-03-19T04:20:06.4324715Z (ApiServer_0 pid=1236) INFO:     10.0.0.102:34140 - "POST /v1/chat/completions HTTP/1.1" 200 OK
2026-03-19T04:20:06.4344575Z (ApiServer_0 pid=1236) INFO:     10.0.0.102:34152 - "POST /v1/chat/completions HTTP/1.1" 200 OK
2026-03-19T04:20:06.4362155Z (ApiServer_1 pid=1237) INFO:     10.0.0.102:34090 - "POST /v1/chat/completions HTTP/1.1" 200 OK
2026-03-19T04:20:06.4380507Z (ApiServer_1 pid=1237) INFO:     10.0.0.102:34126 - "POST /v1/chat/completions HTTP/1.1" 200 OK
2026-03-19T04:20:06.4397297Z (ApiServer_1 pid=1237) INFO:     10.0.0.102:34134 - "POST /v1/chat/completions HTTP/1.1" 200 OK
2026-03-19T04:20:06.4414443Z (ApiServer_1 pid=1237) INFO:     10.0.0.102:34144 - "POST /v1/chat/completions HTTP/1.1" 200 OK
2026-03-19T04:20:06.4426484Z (ApiServer_1 pid=1237) INFO:     10.0.0.102:34164 - "POST /v1/chat/completions HTTP/1.1" 200 OK
2026-03-19T04:20:07.2976206Z (ApiServer_0 pid=1236) INFO:     10.0.0.102:34174 - "POST /v1/chat/completions HTTP/1.1" 200 OK
2026-03-19T04:20:07.2996452Z (ApiServer_1 pid=1237) INFO:     10.0.0.102:34202 - "POST /v1/chat/completions HTTP/1.1" 200 OK
2026-03-19T04:20:07.3016954Z (ApiServer_0 pid=1236) INFO:     10.0.0.102:34190 - "POST /v1/chat/completions HTTP/1.1" 200 OK
2026-03-19T04:20:07.3039300Z (ApiServer_1 pid=1237) INFO:     10.0.0.102:34166 - "POST /v1/chat/completions HTTP/1.1" 200 OK
2026-03-19T04:20:07.3053453Z (ApiServer_0 pid=1236) INFO:     10.0.0.102:34212 - "POST /v1/chat/completions HTTP/1.1" 200 OK
2026-03-19T04:20:07.3081976Z (ApiServer_1 pid=1237) INFO:     10.0.0.102:34214 - "POST /v1/chat/completions HTTP/1.1" 200 OK
2026-03-19T04:20:08.3091562Z (ApiServer_0 pid=1236) INFO:     10.0.0.102:34224 - "POST /v1/chat/completions HTTP/1.1" 200 OK
2026-03-19T04:20:10.7993214Z (ApiServer_1 pid=1237) INFO:     10.0.0.136:38168 - "GET /health HTTP/1.1" 200 OK
2026-03-19T04:20:15.8036757Z (ApiServer_1 pid=1237) INFO:     10.0.0.136:38182 - "GET /health HTTP/1.1" 200 OK
2026-03-19T04:20:20.8075653Z (ApiServer_1 pid=1237) INFO:     10.0.0.136:45548 - "GET /health HTTP/1.1" 200 OK
2026-03-19T04:20:25.8127883Z (ApiServer_1 pid=1237) INFO:     10.0.0.136:45550 - "GET /health HTTP/1.1" 200 OK
2026-03-19T04:20:30.8154743Z (ApiServer_1 pid=1237) INFO:     10.0.0.136:58378 - "GET /health HTTP/1.1" 200 OK
2026-03-19T04:20:35.8186130Z (ApiServer_1 pid=1237) INFO:     10.0.0.136:58392 - "GET /health HTTP/1.1" 200 OK
2026-03-19T04:20:37.6301119Z (ApiServer_0 pid=1236) INFO:     10.0.0.102:47114 - "POST /v1/chat/completions HTTP/1.1" 200 OK
2026-03-19T04:20:37.6333132Z (ApiServer_1 pid=1237) INFO:     10.0.0.102:47102 - "POST /v1/chat/completions HTTP/1.1" 200 OK
2026-03-19T04:20:37.7580964Z (ApiServer_1 pid=1237) INFO:     10.0.0.102:47134 - "POST /v1/chat/completions HTTP/1.1" 200 OK
2026-03-19T04:20:37.7608178Z (ApiServer_1 pid=1237) INFO:     10.0.0.102:47122 - "POST /v1/chat/completions HTTP/1.1" 200 OK
2026-03-19T04:20:37.7620536Z (ApiServer_0 pid=1236) INFO:     10.0.0.102:47140 - "POST /v1/chat/completions HTTP/1.1" 200 OK
2026-03-19T04:20:37.7638207Z (ApiServer_0 pid=1236) INFO:     10.0.0.102:47150 - "POST /v1/chat/completions HTTP/1.1" 200 OK
2026-03-19T04:20:37.8810355Z (ApiServer_1 pid=1237) INFO:     10.0.0.102:47178 - "POST /v1/chat/completions HTTP/1.1" 200 OK
2026-03-19T04:20:37.8833708Z (ApiServer_1 pid=1237) INFO:     10.0.0.102:47170 - "POST /v1/chat/completions HTTP/1.1" 200 OK
2026-03-19T04:20:37.8847289Z (ApiServer_1 pid=1237) INFO:     10.0.0.102:47180 - "POST /v1/chat/completions HTTP/1.1" 200 OK
2026-03-19T04:20:37.8877658Z (ApiServer_0 pid=1236) INFO:     10.0.0.102:47160 - "POST /v1/chat/completions HTTP/1.1" 200 OK
2026-03-19T04:20:37.8904000Z (ApiServer_0 pid=1236) INFO:     10.0.0.102:47158 - "POST /v1/chat/completions HTTP/1.1" 200 OK
2026-03-19T04:20:37.8916277Z (ApiServer_0 pid=1236) INFO:     10.0.0.102:47198 - "POST /v1/chat/completions HTTP/1.1" 200 OK
2026-03-19T04:20:37.8934154Z (ApiServer_0 pid=1236) INFO:     10.0.0.102:47184 - "POST /v1/chat/completions HTTP/1.1" 200 OK
2026-03-19T04:20:38.7584187Z (ApiServer_0 pid=1236) INFO:     10.0.0.102:47216 - "POST /v1/chat/completions HTTP/1.1" 200 OK
2026-03-19T04:20:38.7610293Z (ApiServer_0 pid=1236) INFO:     10.0.0.102:47234 - "POST /v1/chat/completions HTTP/1.1" 200 OK
2026-03-19T04:20:38.7626199Z (ApiServer_0 pid=1236) INFO:     10.0.0.102:47248 - "POST /v1/chat/completions HTTP/1.1" 200 OK
2026-03-19T04:20:38.7644772Z (ApiServer_0 pid=1236) INFO:     10.0.0.102:47272 - "POST /v1/chat/completions HTTP/1.1" 200 OK
2026-03-19T04:20:38.7665363Z (ApiServer_1 pid=1237) INFO:     10.0.0.102:47208 - "POST /v1/chat/completions HTTP/1.1" 200 OK
2026-03-19T04:20:38.7679726Z (ApiServer_1 pid=1237) INFO:     10.0.0.102:47222 - "POST /v1/chat/completions HTTP/1.1" 200 OK
2026-03-19T04:20:38.7691420Z (ApiServer_1 pid=1237) INFO:     10.0.0.102:47258 - "POST /v1/chat/completions HTTP/1.1" 200 OK
2026-03-19T04:20:38.7705210Z (ApiServer_1 pid=1237) INFO:     10.0.0.102:47274 - "POST /v1/chat/completions HTTP/1.1" 200 OK
2026-03-19T04:20:39.6061545Z (ApiServer_0 pid=1236) INFO:     10.0.0.102:47296 - "POST /v1/chat/completions HTTP/1.1" 200 OK
2026-03-19T04:20:39.6217203Z (ApiServer_0 pid=1236) INFO:     10.0.0.102:47306 - "POST /v1/chat/completions HTTP/1.1" 200 OK
2026-03-19T04:20:39.6228788Z (ApiServer_0 pid=1236) INFO:     10.0.0.102:47342 - "POST /v1/chat/completions HTTP/1.1" 200 OK
2026-03-19T04:20:39.6318770Z (ApiServer_1 pid=1237) INFO:     10.0.0.102:47288 - "POST /v1/chat/completions HTTP/1.1" 200 OK
2026-03-19T04:20:39.6328252Z (ApiServer_1 pid=1237) INFO:     10.0.0.102:47318 - "POST /v1/chat/completions HTTP/1.1" 200 OK
2026-03-19T04:20:39.6339056Z (ApiServer_1 pid=1237) INFO:     10.0.0.102:47310 - "POST /v1/chat/completions HTTP/1.1" 200 OK
2026-03-19T04:20:39.6349687Z (ApiServer_1 pid=1237) INFO:     10.0.0.102:47326 - "POST /v1/chat/completions HTTP/1.1" 200 OK
2026-03-19T04:20:39.6361271Z (ApiServer_1 pid=1237) INFO:     10.0.0.102:47344 - "POST /v1/chat/completions HTTP/1.1" 200 OK
2026-03-19T04:20:40.4708406Z (ApiServer_1 pid=1237) INFO:     10.0.0.102:47360 - "POST /v1/chat/completions HTTP/1.1" 200 OK
2026-03-19T04:20:40.4730416Z (ApiServer_1 pid=1237) INFO:     10.0.0.102:47386 - "POST /v1/chat/completions HTTP/1.1" 200 OK
2026-03-19T04:20:40.4740077Z (ApiServer_1 pid=1237) INFO:     10.0.0.102:47396 - "POST /v1/chat/completions HTTP/1.1" 200 OK
2026-03-19T04:20:40.4751737Z (ApiServer_1 pid=1237) INFO:     10.0.0.102:47432 - "POST /v1/chat/completions HTTP/1.1" 200 OK
2026-03-19T04:20:40.4763206Z (ApiServer_0 pid=1236) INFO:     10.0.0.102:47350 - "POST /v1/chat/completions HTTP/1.1" 200 OK
2026-03-19T04:20:40.4774198Z (ApiServer_0 pid=1236) INFO:     10.0.0.102:47374 - "POST /v1/chat/completions HTTP/1.1" 200 OK
2026-03-19T04:20:40.4784609Z (ApiServer_0 pid=1236) INFO:     10.0.0.102:47410 - "POST /v1/chat/completions HTTP/1.1" 200 OK
2026-03-19T04:20:40.4795279Z (ApiServer_0 pid=1236) INFO:     10.0.0.102:47420 - "POST /v1/chat/completions HTTP/1.1" 200 OK
2026-03-19T04:20:40.8218704Z (ApiServer_1 pid=1237) INFO:     10.0.0.136:54832 - "GET /health HTTP/1.1" 200 OK
2026-03-19T04:20:41.3260156Z (ApiServer_0 pid=1236) INFO:     10.0.0.102:47464 - "POST /v1/chat/completions HTTP/1.1" 200 OK
2026-03-19T04:20:41.3284096Z (ApiServer_0 pid=1236) INFO:     10.0.0.102:47490 - "POST /v1/chat/completions HTTP/1.1" 200 OK
2026-03-19T04:20:41.3303763Z (ApiServer_0 pid=1236) INFO:     10.0.0.102:47496 - "POST /v1/chat/completions HTTP/1.1" 200 OK
2026-03-19T04:20:41.3345719Z (ApiServer_1 pid=1237) INFO:     10.0.0.102:47444 - "POST /v1/chat/completions HTTP/1.1" 200 OK
2026-03-19T04:20:41.3369392Z (ApiServer_1 pid=1237) INFO:     10.0.0.102:47450 - "POST /v1/chat/completions HTTP/1.1" 200 OK
2026-03-19T04:20:41.3389578Z (ApiServer_1 pid=1237) INFO:     10.0.0.102:47474 - "POST /v1/chat/completions HTTP/1.1" 200 OK
2026-03-19T04:20:41.3401202Z (ApiServer_1 pid=1237) INFO:     10.0.0.102:47504 - "POST /v1/chat/completions HTTP/1.1" 200 OK
2026-03-19T04:20:42.2217140Z (ApiServer_0 pid=1236) INFO:     10.0.0.102:47524 - "POST /v1/chat/completions HTTP/1.1" 200 OK
2026-03-19T04:20:42.2249179Z (ApiServer_0 pid=1236) INFO:     10.0.0.102:47556 - "POST /v1/chat/completions HTTP/1.1" 200 OK
2026-03-19T04:20:42.2261439Z (ApiServer_0 pid=1236) INFO:     10.0.0.102:47572 - "POST /v1/chat/completions HTTP/1.1" 200 OK
2026-03-19T04:20:42.2408906Z (ApiServer_1 pid=1237) INFO:     10.0.0.102:47518 - "POST /v1/chat/completions HTTP/1.1" 200 OK
2026-03-19T04:20:42.2435217Z (ApiServer_1 pid=1237) INFO:     10.0.0.102:47538 - "POST /v1/chat/completions HTTP/1.1" 200 OK
2026-03-19T04:20:42.2447787Z (ApiServer_1 pid=1237) INFO:     10.0.0.102:47548 - "POST /v1/chat/completions HTTP/1.1" 200 OK
2026-03-19T04:20:42.2459678Z (ApiServer_1 pid=1237) INFO:     10.0.0.102:47554 - "POST /v1/chat/completions HTTP/1.1" 200 OK
2026-03-19T04:20:42.2481030Z (ApiServer_1 pid=1237) INFO:     10.0.0.102:47570 - "POST /v1/chat/completions HTTP/1.1" 200 OK
2026-03-19T04:20:43.2769628Z (ApiServer_1 pid=1237) INFO:     10.0.0.102:47580 - "POST /v1/chat/completions HTTP/1.1" 200 OK
2026-03-19T04:20:43.2800683Z (ApiServer_1 pid=1237) INFO:     10.0.0.102:47622 - "POST /v1/chat/completions HTTP/1.1" 200 OK
2026-03-19T04:20:43.2817372Z (ApiServer_1 pid=1237) INFO:     10.0.0.102:47602 - "POST /v1/chat/completions HTTP/1.1" 200 OK
2026-03-19T04:20:43.2835716Z (ApiServer_1 pid=1237) INFO:     10.0.0.102:47630 - "POST /v1/chat/completions HTTP/1.1" 200 OK
2026-03-19T04:20:43.2900769Z (ApiServer_0 pid=1236) INFO:     10.0.0.102:47596 - "POST /v1/chat/completions HTTP/1.1" 200 OK
2026-03-19T04:20:43.2934898Z (ApiServer_0 pid=1236) INFO:     10.0.0.102:47610 - "POST /v1/chat/completions HTTP/1.1" 200 OK
2026-03-19T04:20:43.2954184Z (ApiServer_0 pid=1236) INFO:     10.0.0.102:47598 - "POST /v1/chat/completions HTTP/1.1" 200 OK
2026-03-19T04:20:43.2967716Z (ApiServer_0 pid=1236) INFO:     10.0.0.102:47638 - "POST /v1/chat/completions HTTP/1.1" 200 OK
2026-03-19T04:20:43.2976449Z (ApiServer_0 pid=1236) INFO:     10.0.0.102:47648 - "POST /v1/chat/completions HTTP/1.1" 200 OK
2026-03-19T04:20:44.2922463Z (ApiServer_1 pid=1237) INFO:     10.0.0.102:47658 - "POST /v1/chat/completions HTTP/1.1" 200 OK
2026-03-19T04:20:44.3004795Z (ApiServer_0 pid=1236) INFO:     10.0.0.102:47668 - "POST /v1/chat/completions HTTP/1.1" 200 OK
2026-03-19T04:20:44.3033237Z (ApiServer_0 pid=1236) INFO:     10.0.0.102:47684 - "POST /v1/chat/completions HTTP/1.1" 200 OK
2026-03-19T04:20:45.8259659Z (ApiServer_1 pid=1237) INFO:     10.0.0.136:54834 - "GET /health HTTP/1.1" 200 OK
2026-03-19T04:20:50.8308400Z (ApiServer_1 pid=1237) INFO:     10.0.0.136:53836 - "GET /health HTTP/1.1" 200 OK
2026-03-19T04:20:55.8331077Z (ApiServer_1 pid=1237) INFO:     10.0.0.136:53842 - "GET /health HTTP/1.1" 200 OK
2026-03-19T04:21:00.8369047Z (ApiServer_1 pid=1237) INFO:     10.0.0.136:60266 - "GET /health HTTP/1.1" 200 OK
2026-03-19T04:21:05.8417804Z (ApiServer_0 pid=1236) INFO:     10.0.0.136:60280 - "GET /health HTTP/1.1" 200 OK
2026-03-19T04:21:10.8442519Z (ApiServer_1 pid=1237) INFO:     10.0.0.136:37032 - "GET /health HTTP/1.1" 200 OK
2026-03-19T04:21:14.5360155Z (ApiServer_0 pid=1236) INFO:     10.0.0.102:54988 - "POST /v1/chat/completions HTTP/1.1" 200 OK
2026-03-19T04:21:14.5447167Z (ApiServer_1 pid=1237) INFO:     10.0.0.102:54998 - "POST /v1/chat/completions HTTP/1.1" 200 OK
2026-03-19T04:21:14.6469306Z (ApiServer_1 pid=1237) INFO:     10.0.0.102:55000 - "POST /v1/chat/completions HTTP/1.1" 200 OK
2026-03-19T04:21:14.6494786Z (ApiServer_1 pid=1237) INFO:     10.0.0.102:55032 - "POST /v1/chat/completions HTTP/1.1" 200 OK
2026-03-19T04:21:14.6506222Z (ApiServer_0 pid=1236) INFO:     10.0.0.102:55010 - "POST /v1/chat/completions HTTP/1.1" 200 OK
2026-03-19T04:21:14.6519199Z (ApiServer_0 pid=1236) INFO:     10.0.0.102:55020 - "POST /v1/chat/completions HTTP/1.1" 200 OK
2026-03-19T04:21:14.7645607Z (ApiServer_0 pid=1236) INFO:     10.0.0.102:55038 - "POST /v1/chat/completions HTTP/1.1" 200 OK
2026-03-19T04:21:14.7654507Z (ApiServer_0 pid=1236) INFO:     10.0.0.102:55100 - "POST /v1/chat/completions HTTP/1.1" 200 OK
2026-03-19T04:21:14.7959249Z (ApiServer_1 pid=1237) INFO:     10.0.0.102:55084 - "POST /v1/chat/completions HTTP/1.1" 200 OK
2026-03-19T04:21:14.7983297Z (ApiServer_1 pid=1237) INFO:     10.0.0.102:55054 - "POST /v1/chat/completions HTTP/1.1" 200 OK
2026-03-19T04:21:14.7993499Z (ApiServer_1 pid=1237) INFO:     10.0.0.102:55070 - "POST /v1/chat/completions HTTP/1.1" 200 OK
2026-03-19T04:21:14.8003727Z (ApiServer_1 pid=1237) INFO:     10.0.0.102:55090 - "POST /v1/chat/completions HTTP/1.1" 200 OK
2026-03-19T04:21:14.8014495Z (ApiServer_1 pid=1237) INFO:     10.0.0.102:55074 - "POST /v1/chat/completions HTTP/1.1" 200 OK
2026-03-19T04:21:15.6079609Z (ApiServer_0 pid=1236) INFO:     10.0.0.102:55110 - "POST /v1/chat/completions HTTP/1.1" 200 OK
2026-03-19T04:21:15.6111616Z (ApiServer_0 pid=1236) INFO:     10.0.0.102:55114 - "POST /v1/chat/completions HTTP/1.1" 200 OK
2026-03-19T04:21:15.6305830Z (ApiServer_0 pid=1236) INFO:     10.0.0.102:55170 - "POST /v1/chat/completions HTTP/1.1" 200 OK
2026-03-19T04:21:15.6363440Z (ApiServer_0 pid=1236) INFO:     10.0.0.102:55178 - "POST /v1/chat/completions HTTP/1.1" 200 OK
2026-03-19T04:21:15.6374263Z (ApiServer_1 pid=1237) INFO:     10.0.0.102:55126 - "POST /v1/chat/completions HTTP/1.1" 200 OK
2026-03-19T04:21:15.6384979Z (ApiServer_1 pid=1237) INFO:     10.0.0.102:55134 - "POST /v1/chat/completions HTTP/1.1" 200 OK
2026-03-19T04:21:15.6394657Z (ApiServer_1 pid=1237) INFO:     10.0.0.102:55148 - "POST /v1/chat/completions HTTP/1.1" 200 OK
2026-03-19T04:21:15.6404762Z (ApiServer_1 pid=1237) INFO:     10.0.0.102:55154 - "POST /v1/chat/completions HTTP/1.1" 200 OK
2026-03-19T04:21:15.8471496Z (ApiServer_1 pid=1237) INFO:     10.0.0.136:37048 - "GET /health HTTP/1.1" 200 OK
2026-03-19T04:21:16.4473870Z (ApiServer_0 pid=1236) INFO:     10.0.0.102:49672 - "POST /v1/chat/completions HTTP/1.1" 200 OK
2026-03-19T04:21:16.4500389Z (ApiServer_0 pid=1236) INFO:     10.0.0.102:49680 - "POST /v1/chat/completions HTTP/1.1" 200 OK
2026-03-19T04:21:16.4567125Z (ApiServer_1 pid=1237) INFO:     10.0.0.102:49694 - "POST /v1/chat/completions HTTP/1.1" 200 OK
2026-03-19T04:21:16.4588399Z (ApiServer_1 pid=1237) INFO:     10.0.0.102:49684 - "POST /v1/chat/completions HTTP/1.1" 200 OK
2026-03-19T04:21:16.4600101Z (ApiServer_1 pid=1237) INFO:     10.0.0.102:49718 - "POST /v1/chat/completions HTTP/1.1" 200 OK
2026-03-19T04:21:16.4690539Z (ApiServer_0 pid=1236) INFO:     10.0.0.102:49702 - "POST /v1/chat/completions HTTP/1.1" 200 OK
2026-03-19T04:21:16.4708718Z (ApiServer_0 pid=1236) INFO:     10.0.0.102:49708 - "POST /v1/chat/completions HTTP/1.1" 200 OK
2026-03-19T04:21:17.3487766Z (ApiServer_0 pid=1236) INFO:     10.0.0.102:49756 - "POST /v1/chat/completions HTTP/1.1" 200 OK
2026-03-19T04:21:17.3514401Z (ApiServer_0 pid=1236) INFO:     10.0.0.102:49770 - "POST /v1/chat/completions HTTP/1.1" 200 OK
2026-03-19T04:21:17.3525794Z (ApiServer_0 pid=1236) INFO:     10.0.0.102:49754 - "POST /v1/chat/completions HTTP/1.1" 200 OK
2026-03-19T04:21:17.3536845Z (ApiServer_0 pid=1236) INFO:     10.0.0.102:49784 - "POST /v1/chat/completions HTTP/1.1" 200 OK
2026-03-19T04:21:17.3575699Z (ApiServer_1 pid=1237) INFO:     10.0.0.102:49738 - "POST /v1/chat/completions HTTP/1.1" 200 OK
2026-03-19T04:21:17.3586694Z (ApiServer_1 pid=1237) INFO:     10.0.0.102:49766 - "POST /v1/chat/completions HTTP/1.1" 200 OK
2026-03-19T04:21:17.3596563Z (ApiServer_1 pid=1237) INFO:     10.0.0.102:49726 - "POST /v1/chat/completions HTTP/1.1" 200 OK
2026-03-19T04:21:17.3606478Z (ApiServer_1 pid=1237) INFO:     10.0.0.102:49794 - "POST /v1/chat/completions HTTP/1.1" 200 OK
2026-03-19T04:21:18.3656730Z (ApiServer_1 pid=1237) INFO:     10.0.0.102:49810 - "POST /v1/chat/completions HTTP/1.1" 200 OK
2026-03-19T04:21:18.3682029Z (ApiServer_1 pid=1237) INFO:     10.0.0.102:49830 - "POST /v1/chat/completions HTTP/1.1" 200 OK
2026-03-19T04:21:18.3692683Z (ApiServer_1 pid=1237) INFO:     10.0.0.102:49844 - "POST /v1/chat/completions HTTP/1.1" 200 OK
2026-03-19T04:21:18.3745744Z (ApiServer_0 pid=1236) INFO:     10.0.0.102:49808 - "POST /v1/chat/completions HTTP/1.1" 200 OK
2026-03-19T04:21:18.3766314Z (ApiServer_0 pid=1236) INFO:     10.0.0.102:49824 - "POST /v1/chat/completions HTTP/1.1" 200 OK
2026-03-19T04:21:18.3776949Z (ApiServer_0 pid=1236) INFO:     10.0.0.102:49834 - "POST /v1/chat/completions HTTP/1.1" 200 OK
2026-03-19T04:21:18.3786736Z (ApiServer_0 pid=1236) INFO:     10.0.0.102:49858 - "POST /v1/chat/completions HTTP/1.1" 200 OK
2026-03-19T04:21:19.4117281Z (ApiServer_1 pid=1237) INFO:     10.0.0.102:49862 - "POST /v1/chat/completions HTTP/1.1" 200 OK
2026-03-19T04:21:19.4213692Z (ApiServer_0 pid=1236) INFO:     10.0.0.102:49876 - "POST /v1/chat/completions HTTP/1.1" 200 OK
2026-03-19T04:21:19.4219450Z (ApiServer_0 pid=1236) INFO:     10.0.0.102:49900 - "POST /v1/chat/completions HTTP/1.1" 200 OK
2026-03-19T04:21:19.4417193Z (ApiServer_0 pid=1236) INFO:     10.0.0.102:49892 - "POST /v1/chat/completions HTTP/1.1" 200 OK
2026-03-19T04:21:19.4443403Z (ApiServer_0 pid=1236) INFO:     10.0.0.102:49916 - "POST /v1/chat/completions HTTP/1.1" 200 OK
2026-03-19T04:21:19.4454779Z (ApiServer_1 pid=1237) INFO:     10.0.0.102:49932 - "POST /v1/chat/completions HTTP/1.1" 200 OK
2026-03-19T04:21:19.4466715Z (ApiServer_1 pid=1237) INFO:     10.0.0.102:49946 - "POST /v1/chat/completions HTTP/1.1" 200 OK
2026-03-19T04:21:19.4477848Z (ApiServer_1 pid=1237) INFO:     10.0.0.102:49954 - "POST /v1/chat/completions HTTP/1.1" 200 OK
2026-03-19T04:21:20.5099279Z (ApiServer_0 pid=1236) INFO:     10.0.0.102:49994 - "POST /v1/chat/completions HTTP/1.1" 200 OK
2026-03-19T04:21:20.5119640Z (ApiServer_1 pid=1237) INFO:     10.0.0.102:49966 - "POST /v1/chat/completions HTTP/1.1" 200 OK
2026-03-19T04:21:20.5129759Z (ApiServer_0 pid=1236) INFO:     10.0.0.102:49988 - "POST /v1/chat/completions HTTP/1.1" 200 OK
2026-03-19T04:21:20.5139007Z (ApiServer_1 pid=1237) INFO:     10.0.0.102:49972 - "POST /v1/chat/completions HTTP/1.1" 200 OK
2026-03-19T04:21:20.5150102Z (ApiServer_0 pid=1236) INFO:     10.0.0.102:50014 - "POST /v1/chat/completions HTTP/1.1" 200 OK
2026-03-19T04:21:20.5159275Z (ApiServer_1 pid=1237) INFO:     10.0.0.102:50008 - "POST /v1/chat/completions HTTP/1.1" 200 OK
2026-03-19T04:21:20.5169597Z (ApiServer_0 pid=1236) INFO:     10.0.0.102:50034 - "POST /v1/chat/completions HTTP/1.1" 200 OK
2026-03-19T04:21:20.5181397Z (ApiServer_1 pid=1237) INFO:     10.0.0.102:50022 - "POST /v1/chat/completions HTTP/1.1" 200 OK
2026-03-19T04:21:20.8500944Z (ApiServer_1 pid=1237) INFO:     10.0.0.136:47298 - "GET /health HTTP/1.1" 200 OK
2026-03-19T04:21:21.5269241Z (ApiServer_0 pid=1236) INFO:     10.0.0.102:50056 - "POST /v1/chat/completions HTTP/1.1" 200 OK
2026-03-19T04:21:21.5472340Z (ApiServer_1 pid=1237) INFO:     10.0.0.102:50046 - "POST /v1/chat/completions HTTP/1.1" 200 OK
2026-03-19T04:21:21.5503551Z (ApiServer_1 pid=1237) INFO:     10.0.0.102:50058 - "POST /v1/chat/completions HTTP/1.1" 200 OK
2026-03-19T04:21:21.5514206Z (ApiServer_1 pid=1237) INFO:     10.0.0.102:50074 - "POST /v1/chat/completions HTTP/1.1" 200 OK
2026-03-19T04:21:22.5720875Z (ApiServer_1 pid=1237) INFO:     10.0.0.102:50086 - "POST /v1/chat/completions HTTP/1.1" 200 OK
2026-03-19T04:21:25.8533334Z (ApiServer_0 pid=1236) INFO:     10.0.0.136:47308 - "GET /health HTTP/1.1" 200 OK
2026-03-19T04:21:30.8560249Z (ApiServer_1 pid=1237) INFO:     10.0.0.136:46946 - "GET /health HTTP/1.1" 200 OK
2026-03-19T04:21:35.8640883Z (ApiServer_1 pid=1237) INFO:     10.0.0.136:46950 - "GET /health HTTP/1.1" 200 OK
2026-03-19T04:21:40.8637954Z (ApiServer_1 pid=1237) INFO:     10.0.0.136:57650 - "GET /health HTTP/1.1" 200 OK
2026-03-19T04:21:45.8675819Z (ApiServer_1 pid=1237) INFO:     10.0.0.136:57658 - "GET /health HTTP/1.1" 200 OK
2026-03-19T04:21:50.8710313Z (ApiServer_1 pid=1237) INFO:     10.0.0.136:36232 - "GET /health HTTP/1.1" 200 OK
2026-03-19T04:21:51.9624057Z (ApiServer_0 pid=1236) INFO:     10.0.0.102:37698 - "POST /v1/chat/completions HTTP/1.1" 200 OK
2026-03-19T04:21:51.9642858Z (ApiServer_1 pid=1237) INFO:     10.0.0.102:37700 - "POST /v1/chat/completions HTTP/1.1" 200 OK
2026-03-19T04:21:52.0654676Z (ApiServer_0 pid=1236) INFO:     10.0.0.102:37708 - "POST /v1/chat/completions HTTP/1.1" 200 OK
2026-03-19T04:21:52.0679953Z (ApiServer_1 pid=1237) INFO:     10.0.0.102:37710 - "POST /v1/chat/completions HTTP/1.1" 200 OK
2026-03-19T04:21:52.0881356Z (ApiServer_0 pid=1236) INFO:     10.0.0.102:37726 - "POST /v1/chat/completions HTTP/1.1" 200 OK
2026-03-19T04:21:52.0904437Z (ApiServer_0 pid=1236) INFO:     10.0.0.102:37740 - "POST /v1/chat/completions HTTP/1.1" 200 OK
2026-03-19T04:21:52.1770288Z (ApiServer_1 pid=1237) INFO:     10.0.0.102:37756 - "POST /v1/chat/completions HTTP/1.1" 200 OK
2026-03-19T04:21:52.1984391Z (ApiServer_0 pid=1236) INFO:     10.0.0.102:37786 - "POST /v1/chat/completions HTTP/1.1" 200 OK
2026-03-19T04:21:52.2005835Z (ApiServer_0 pid=1236) INFO:     10.0.0.102:37772 - "POST /v1/chat/completions HTTP/1.1" 200 OK
2026-03-19T04:21:52.2015866Z (ApiServer_0 pid=1236) INFO:     10.0.0.102:37808 - "POST /v1/chat/completions HTTP/1.1" 200 OK
2026-03-19T04:21:52.2026465Z (ApiServer_1 pid=1237) INFO:     10.0.0.102:37792 - "POST /v1/chat/completions HTTP/1.1" 200 OK
2026-03-19T04:21:52.2036803Z (ApiServer_1 pid=1237) INFO:     10.0.0.102:37812 - "POST /v1/chat/completions HTTP/1.1" 200 OK
2026-03-19T04:21:53.0501939Z (ApiServer_0 pid=1236) INFO:     10.0.0.102:37826 - "POST /v1/chat/completions HTTP/1.1" 200 OK
2026-03-19T04:21:53.0533994Z (ApiServer_0 pid=1236) INFO:     10.0.0.102:37840 - "POST /v1/chat/completions HTTP/1.1" 200 OK
2026-03-19T04:21:53.0546044Z (ApiServer_1 pid=1237) INFO:     10.0.0.102:37838 - "POST /v1/chat/completions HTTP/1.1" 200 OK
2026-03-19T04:21:53.0588503Z (ApiServer_1 pid=1237) INFO:     10.0.0.102:37848 - "POST /v1/chat/completions HTTP/1.1" 200 OK
2026-03-19T04:21:53.0736430Z (ApiServer_0 pid=1236) INFO:     10.0.0.102:37846 - "POST /v1/chat/completions HTTP/1.1" 200 OK
2026-03-19T04:21:53.0764297Z (ApiServer_0 pid=1236) INFO:     10.0.0.102:37860 - "POST /v1/chat/completions HTTP/1.1" 200 OK
2026-03-19T04:21:53.8752084Z (ApiServer_0 pid=1236) INFO:     10.0.0.102:37862 - "POST /v1/chat/completions HTTP/1.1" 200 OK
2026-03-19T04:21:53.8943611Z (ApiServer_0 pid=1236) INFO:     10.0.0.102:37866 - "POST /v1/chat/completions HTTP/1.1" 200 OK
2026-03-19T04:21:53.8976226Z (ApiServer_0 pid=1236) INFO:     10.0.0.102:37882 - "POST /v1/chat/completions HTTP/1.1" 200 OK
2026-03-19T04:21:53.9156753Z (ApiServer_1 pid=1237) INFO:     10.0.0.102:37892 - "POST /v1/chat/completions HTTP/1.1" 200 OK
2026-03-19T04:21:53.9180910Z (ApiServer_1 pid=1237) INFO:     10.0.0.102:37888 - "POST /v1/chat/completions HTTP/1.1" 200 OK
2026-03-19T04:21:53.9192499Z (ApiServer_1 pid=1237) INFO:     10.0.0.102:37908 - "POST /v1/chat/completions HTTP/1.1" 200 OK
2026-03-19T04:21:53.9203581Z (ApiServer_1 pid=1237) INFO:     10.0.0.102:37912 - "POST /v1/chat/completions HTTP/1.1" 200 OK
2026-03-19T04:21:54.6890358Z (ApiServer_0 pid=1236) INFO:     10.0.0.102:37924 - "POST /v1/chat/completions HTTP/1.1" 200 OK
2026-03-19T04:21:54.7222969Z (ApiServer_0 pid=1236) INFO:     10.0.0.102:37940 - "POST /v1/chat/completions HTTP/1.1" 200 OK
2026-03-19T04:21:54.7250571Z (ApiServer_0 pid=1236) INFO:     10.0.0.102:37950 - "POST /v1/chat/completions HTTP/1.1" 200 OK
2026-03-19T04:21:54.7287696Z (ApiServer_0 pid=1236) INFO:     10.0.0.102:37978 - "POST /v1/chat/completions HTTP/1.1" 200 OK
2026-03-19T04:21:54.7379343Z (ApiServer_1 pid=1237) INFO:     10.0.0.102:37932 - "POST /v1/chat/completions HTTP/1.1" 200 OK
2026-03-19T04:21:54.7403476Z (ApiServer_1 pid=1237) INFO:     10.0.0.102:37954 - "POST /v1/chat/completions HTTP/1.1" 200 OK
2026-03-19T04:21:54.7414805Z (ApiServer_1 pid=1237) INFO:     10.0.0.102:37966 - "POST /v1/chat/completions HTTP/1.1" 200 OK
2026-03-19T04:21:54.7424609Z (ApiServer_1 pid=1237) INFO:     10.0.0.102:37984 - "POST /v1/chat/completions HTTP/1.1" 200 OK
2026-03-19T04:21:54.7435219Z (ApiServer_1 pid=1237) INFO:     10.0.0.102:37996 - "POST /v1/chat/completions HTTP/1.1" 200 OK
2026-03-19T04:21:55.5915221Z (ApiServer_1 pid=1237) INFO:     10.0.0.102:38048 - "POST /v1/chat/completions HTTP/1.1" 200 OK
2026-03-19T04:21:55.5994729Z (ApiServer_1 pid=1237) INFO:     10.0.0.102:38028 - "POST /v1/chat/completions HTTP/1.1" 200 OK
2026-03-19T04:21:55.6006450Z (ApiServer_1 pid=1237) INFO:     10.0.0.102:38042 - "POST /v1/chat/completions HTTP/1.1" 200 OK
2026-03-19T04:21:55.6111721Z (ApiServer_0 pid=1236) INFO:     10.0.0.102:38002 - "POST /v1/chat/completions HTTP/1.1" 200 OK
2026-03-19T04:21:55.6137482Z (ApiServer_0 pid=1236) INFO:     10.0.0.102:38026 - "POST /v1/chat/completions HTTP/1.1" 200 OK
2026-03-19T04:21:55.6148686Z (ApiServer_0 pid=1236) INFO:     10.0.0.102:38014 - "POST /v1/chat/completions HTTP/1.1" 200 OK
2026-03-19T04:21:55.6158824Z (ApiServer_0 pid=1236) INFO:     10.0.0.102:38056 - "POST /v1/chat/completions HTTP/1.1" 200 OK
2026-03-19T04:21:55.6169459Z (ApiServer_0 pid=1236) INFO:     10.0.0.102:38068 - "POST /v1/chat/completions HTTP/1.1" 200 OK
2026-03-19T04:21:55.8755669Z (ApiServer_1 pid=1237) INFO:     10.0.0.136:36236 - "GET /health HTTP/1.1" 200 OK
2026-03-19T04:21:56.6017023Z (ApiServer_0 pid=1236) INFO:     10.0.0.102:38426 - "POST /v1/chat/completions HTTP/1.1" 200 OK
2026-03-19T04:21:56.6244234Z (ApiServer_0 pid=1236) INFO:     10.0.0.102:38428 - "POST /v1/chat/completions HTTP/1.1" 200 OK
2026-03-19T04:21:56.6276044Z (ApiServer_0 pid=1236) INFO:     10.0.0.102:38440 - "POST /v1/chat/completions HTTP/1.1" 200 OK
2026-03-19T04:21:56.6321167Z (ApiServer_1 pid=1237) INFO:     10.0.0.102:38454 - "POST /v1/chat/completions HTTP/1.1" 200 OK
2026-03-19T04:21:56.6349403Z (ApiServer_1 pid=1237) INFO:     10.0.0.102:38464 - "POST /v1/chat/completions HTTP/1.1" 200 OK
2026-03-19T04:21:56.6359253Z (ApiServer_1 pid=1237) INFO:     10.0.0.102:38476 - "POST /v1/chat/completions HTTP/1.1" 200 OK
2026-03-19T04:21:57.6862523Z (ApiServer_0 pid=1236) INFO:     10.0.0.102:38488 - "POST /v1/chat/completions HTTP/1.1" 200 OK
2026-03-19T04:21:57.6887053Z (ApiServer_0 pid=1236) INFO:     10.0.0.102:38518 - "POST /v1/chat/completions HTTP/1.1" 200 OK
2026-03-19T04:21:57.6897475Z (ApiServer_0 pid=1236) INFO:     10.0.0.102:38490 - "POST /v1/chat/completions HTTP/1.1" 200 OK
2026-03-19T04:21:57.6907935Z (ApiServer_0 pid=1236) INFO:     10.0.0.102:38536 - "POST /v1/chat/completions HTTP/1.1" 200 OK
2026-03-19T04:21:57.6917189Z (ApiServer_1 pid=1237) INFO:     10.0.0.102:38512 - "POST /v1/chat/completions HTTP/1.1" 200 OK
2026-03-19T04:21:57.6927817Z (ApiServer_1 pid=1237) INFO:     10.0.0.102:38524 - "POST /v1/chat/completions HTTP/1.1" 200 OK
2026-03-19T04:21:57.6938006Z (ApiServer_1 pid=1237) INFO:     10.0.0.102:38506 - "POST /v1/chat/completions HTTP/1.1" 200 OK
2026-03-19T04:21:57.6949595Z (ApiServer_1 pid=1237) INFO:     10.0.0.102:38542 - "POST /v1/chat/completions HTTP/1.1" 200 OK
2026-03-19T04:21:58.7124766Z (ApiServer_1 pid=1237) INFO:     10.0.0.102:38576 - "POST /v1/chat/completions HTTP/1.1" 200 OK
2026-03-19T04:21:58.7144336Z (ApiServer_1 pid=1237) INFO:     10.0.0.102:38578 - "POST /v1/chat/completions HTTP/1.1" 200 OK
2026-03-19T04:21:58.7352973Z (ApiServer_0 pid=1236) INFO:     10.0.0.102:38570 - "POST /v1/chat/completions HTTP/1.1" 200 OK
2026-03-19T04:21:58.7380993Z (ApiServer_0 pid=1236) INFO:     10.0.0.102:38554 - "POST /v1/chat/completions HTTP/1.1" 200 OK
2026-03-19T04:21:58.7392025Z (ApiServer_0 pid=1236) INFO:     10.0.0.102:38588 - "POST /v1/chat/completions HTTP/1.1" 200 OK
2026-03-19T04:21:58.7401647Z (ApiServer_0 pid=1236) INFO:     10.0.0.102:38590 - "POST /v1/chat/completions HTTP/1.1" 200 OK
2026-03-19T04:21:59.7242046Z (ApiServer_0 pid=1236) INFO:     10.0.0.102:38594 - "POST /v1/chat/completions HTTP/1.1" 200 OK
2026-03-19T04:21:59.7307083Z (ApiServer_1 pid=1237) INFO:     10.0.0.102:38592 - "POST /v1/chat/completions HTTP/1.1" 200 OK
2026-03-19T04:22:00.8775593Z (ApiServer_1 pid=1237) INFO:     10.0.0.136:33450 - "GET /health HTTP/1.1" 200 OK
2026-03-19T04:22:05.8807641Z (ApiServer_1 pid=1237) INFO:     10.0.0.136:33452 - "GET /health HTTP/1.1" 200 OK
2026-03-19T04:22:10.8846680Z (ApiServer_1 pid=1237) INFO:     10.0.0.136:55354 - "GET /health HTTP/1.1" 200 OK
2026-03-19T04:22:15.8883208Z (ApiServer_1 pid=1237) INFO:     10.0.0.136:55362 - "GET /health HTTP/1.1" 200 OK
2026-03-19T04:22:20.8912282Z (ApiServer_1 pid=1237) INFO:     10.0.0.136:52110 - "GET /health HTTP/1.1" 200 OK
2026-03-19T04:22:25.8934537Z (ApiServer_1 pid=1237) INFO:     10.0.0.136:52122 - "GET /health HTTP/1.1" 200 OK
2026-03-19T04:22:30.8971656Z (ApiServer_1 pid=1237) INFO:     10.0.0.136:33926 - "GET /health HTTP/1.1" 200 OK
2026-03-19T04:22:33.7931056Z (ApiServer_0 pid=1236) INFO:     10.0.0.102:37298 - "POST /v1/chat/completions HTTP/1.1" 200 OK
2026-03-19T04:22:33.7945240Z (ApiServer_1 pid=1237) INFO:     10.0.0.102:37296 - "POST /v1/chat/completions HTTP/1.1" 200 OK
2026-03-19T04:22:33.9399118Z (ApiServer_0 pid=1236) INFO:     10.0.0.102:37324 - "POST /v1/chat/completions HTTP/1.1" 200 OK
2026-03-19T04:22:33.9420838Z (ApiServer_0 pid=1236) INFO:     10.0.0.102:37326 - "POST /v1/chat/completions HTTP/1.1" 200 OK
2026-03-19T04:22:33.9434249Z (ApiServer_1 pid=1237) INFO:     10.0.0.102:37320 - "POST /v1/chat/completions HTTP/1.1" 200 OK
2026-03-19T04:22:33.9447398Z (ApiServer_1 pid=1237) INFO:     10.0.0.102:37334 - "POST /v1/chat/completions HTTP/1.1" 200 OK
2026-03-19T04:22:34.0485582Z (ApiServer_0 pid=1236) INFO:     10.0.0.102:37348 - "POST /v1/chat/completions HTTP/1.1" 200 OK
2026-03-19T04:22:34.0505005Z (ApiServer_0 pid=1236) INFO:     10.0.0.102:37362 - "POST /v1/chat/completions HTTP/1.1" 200 OK
2026-03-19T04:22:34.0607162Z (ApiServer_0 pid=1236) INFO:     10.0.0.102:37364 - "POST /v1/chat/completions HTTP/1.1" 200 OK
2026-03-19T04:22:34.0625047Z (ApiServer_1 pid=1237) INFO:     10.0.0.102:37376 - "POST /v1/chat/completions HTTP/1.1" 200 OK
2026-03-19T04:22:34.0646893Z (ApiServer_1 pid=1237) INFO:     10.0.0.102:37374 - "POST /v1/chat/completions HTTP/1.1" 200 OK
2026-03-19T04:22:34.0657285Z (ApiServer_1 pid=1237) INFO:     10.0.0.102:37392 - "POST /v1/chat/completions HTTP/1.1" 200 OK
2026-03-19T04:22:34.9047369Z (ApiServer_1 pid=1237) INFO:     10.0.0.102:37396 - "POST /v1/chat/completions HTTP/1.1" 200 OK
2026-03-19T04:22:34.9240899Z (ApiServer_0 pid=1236) INFO:     10.0.0.102:37410 - "POST /v1/chat/completions HTTP/1.1" 200 OK
2026-03-19T04:22:34.9263554Z (ApiServer_0 pid=1236) INFO:     10.0.0.102:37418 - "POST /v1/chat/completions HTTP/1.1" 200 OK
2026-03-19T04:22:34.9275648Z (ApiServer_0 pid=1236) INFO:     10.0.0.102:37434 - "POST /v1/chat/completions HTTP/1.1" 200 OK
2026-03-19T04:22:35.7958543Z (ApiServer_0 pid=1236) INFO:     10.0.0.102:37456 - "POST /v1/chat/completions HTTP/1.1" 200 OK
2026-03-19T04:22:35.7989523Z (ApiServer_0 pid=1236) INFO:     10.0.0.102:37438 - "POST /v1/chat/completions HTTP/1.1" 200 OK
2026-03-19T04:22:35.8000344Z (ApiServer_0 pid=1236) INFO:     10.0.0.102:37472 - "POST /v1/chat/completions HTTP/1.1" 200 OK
2026-03-19T04:22:35.8010767Z (ApiServer_0 pid=1236) INFO:     10.0.0.102:37484 - "POST /v1/chat/completions HTTP/1.1" 200 OK
2026-03-19T04:22:35.8022596Z (ApiServer_1 pid=1237) INFO:     10.0.0.102:37462 - "POST /v1/chat/completions HTTP/1.1" 200 OK
2026-03-19T04:22:35.8033281Z (ApiServer_1 pid=1237) INFO:     10.0.0.102:37468 - "POST /v1/chat/completions HTTP/1.1" 200 OK
2026-03-19T04:22:35.8043788Z (ApiServer_1 pid=1237) INFO:     10.0.0.102:37454 - "POST /v1/chat/completions HTTP/1.1" 200 OK
2026-03-19T04:22:35.8056234Z (ApiServer_1 pid=1237) INFO:     10.0.0.102:37486 - "POST /v1/chat/completions HTTP/1.1" 200 OK
2026-03-19T04:22:35.8996279Z (ApiServer_1 pid=1237) INFO:     10.0.0.136:33942 - "GET /health HTTP/1.1" 200 OK
2026-03-19T04:22:36.6416057Z (ApiServer_1 pid=1237) INFO:     10.0.0.102:42270 - "POST /v1/chat/completions HTTP/1.1" 200 OK
2026-03-19T04:22:36.6447813Z (ApiServer_1 pid=1237) INFO:     10.0.0.102:42254 - "POST /v1/chat/completions HTTP/1.1" 200 OK
2026-03-19T04:22:36.6458766Z (ApiServer_0 pid=1236) INFO:     10.0.0.102:42218 - "POST /v1/chat/completions HTTP/1.1" 200 OK
2026-03-19T04:22:36.6471165Z (ApiServer_1 pid=1237) INFO:     10.0.0.102:42238 - "POST /v1/chat/completions HTTP/1.1" 200 OK
2026-03-19T04:22:36.6482316Z (ApiServer_0 pid=1236) INFO:     10.0.0.102:42234 - "POST /v1/chat/completions HTTP/1.1" 200 OK
2026-03-19T04:22:36.6493807Z (ApiServer_1 pid=1237) INFO:     10.0.0.102:42276 - "POST /v1/chat/completions HTTP/1.1" 200 OK
2026-03-19T04:22:36.6543374Z (ApiServer_0 pid=1236) INFO:     10.0.0.102:42272 - "POST /v1/chat/completions HTTP/1.1" 200 OK
2026-03-19T04:22:36.6545110Z (ApiServer_0 pid=1236) INFO:     10.0.0.102:42274 - "POST /v1/chat/completions HTTP/1.1" 200 OK
2026-03-19T04:22:37.4299654Z (ApiServer_0 pid=1236) INFO:     10.0.0.102:42322 - "POST /v1/chat/completions HTTP/1.1" 200 OK
2026-03-19T04:22:37.4324329Z (ApiServer_0 pid=1236) INFO:     10.0.0.102:42334 - "POST /v1/chat/completions HTTP/1.1" 200 OK
2026-03-19T04:22:37.4333961Z (ApiServer_0 pid=1236) INFO:     10.0.0.102:42350 - "POST /v1/chat/completions HTTP/1.1" 200 OK
2026-03-19T04:22:37.4499055Z (ApiServer_1 pid=1237) INFO:     10.0.0.102:42286 - "POST /v1/chat/completions HTTP/1.1" 200 OK
2026-03-19T04:22:37.4523221Z (ApiServer_1 pid=1237) INFO:     10.0.0.102:42282 - "POST /v1/chat/completions HTTP/1.1" 200 OK
2026-03-19T04:22:37.4535311Z (ApiServer_1 pid=1237) INFO:     10.0.0.102:42298 - "POST /v1/chat/completions HTTP/1.1" 200 OK
2026-03-19T04:22:37.4546764Z (ApiServer_1 pid=1237) INFO:     10.0.0.102:42308 - "POST /v1/chat/completions HTTP/1.1" 200 OK
2026-03-19T04:22:37.4557887Z (ApiServer_1 pid=1237) INFO:     10.0.0.102:42332 - "POST /v1/chat/completions HTTP/1.1" 200 OK
2026-03-19T04:22:38.3030874Z (ApiServer_1 pid=1237) INFO:     10.0.0.102:42374 - "POST /v1/chat/completions HTTP/1.1" 200 OK
2026-03-19T04:22:38.3060922Z (ApiServer_1 pid=1237) INFO:     10.0.0.102:42376 - "POST /v1/chat/completions HTTP/1.1" 200 OK
2026-03-19T04:22:38.3071582Z (ApiServer_1 pid=1237) INFO:     10.0.0.102:42396 - "POST /v1/chat/completions HTTP/1.1" 200 OK
2026-03-19T04:22:38.3111027Z (ApiServer_0 pid=1236) INFO:     10.0.0.102:42370 - "POST /v1/chat/completions HTTP/1.1" 200 OK
2026-03-19T04:22:38.3121118Z (ApiServer_0 pid=1236) INFO:     10.0.0.102:42360 - "POST /v1/chat/completions HTTP/1.1" 200 OK
2026-03-19T04:22:38.3178707Z (ApiServer_0 pid=1236) INFO:     10.0.0.102:42364 - "POST /v1/chat/completions HTTP/1.1" 200 OK
2026-03-19T04:22:38.3179296Z (ApiServer_0 pid=1236) INFO:     10.0.0.102:42386 - "POST /v1/chat/completions HTTP/1.1" 200 OK
2026-03-19T04:22:39.1429812Z (ApiServer_0 pid=1236) INFO:     10.0.0.102:42402 - "POST /v1/chat/completions HTTP/1.1" 200 OK
2026-03-19T04:22:39.1478786Z (ApiServer_1 pid=1237) INFO:     10.0.0.102:42406 - "POST /v1/chat/completions HTTP/1.1" 200 OK
2026-03-19T04:22:39.1560219Z (ApiServer_0 pid=1236) INFO:     10.0.0.102:42416 - "POST /v1/chat/completions HTTP/1.1" 200 OK
2026-03-19T04:22:39.2027380Z (ApiServer_1 pid=1237) INFO:     10.0.0.102:42430 - "POST /v1/chat/completions HTTP/1.1" 200 OK
2026-03-19T04:22:39.2055577Z (ApiServer_1 pid=1237) INFO:     10.0.0.102:42440 - "POST /v1/chat/completions HTTP/1.1" 200 OK
2026-03-19T04:22:39.2068083Z (ApiServer_1 pid=1237) INFO:     10.0.0.102:42450 - "POST /v1/chat/completions HTTP/1.1" 200 OK
2026-03-19T04:22:39.2078926Z (ApiServer_1 pid=1237) INFO:     10.0.0.102:42456 - "POST /v1/chat/completions HTTP/1.1" 200 OK
2026-03-19T04:22:39.2089652Z (ApiServer_1 pid=1237) INFO:     10.0.0.102:42466 - "POST /v1/chat/completions HTTP/1.1" 200 OK
2026-03-19T04:22:40.0482751Z (ApiServer_0 pid=1236) INFO:     10.0.0.102:42482 - "POST /v1/chat/completions HTTP/1.1" 200 OK
2026-03-19T04:22:40.0519564Z (ApiServer_0 pid=1236) INFO:     10.0.0.102:42484 - "POST /v1/chat/completions HTTP/1.1" 200 OK
2026-03-19T04:22:40.0529803Z (ApiServer_1 pid=1237) INFO:     10.0.0.102:42496 - "POST /v1/chat/completions HTTP/1.1" 200 OK
2026-03-19T04:22:40.0540470Z (ApiServer_1 pid=1237) INFO:     10.0.0.102:42528 - "POST /v1/chat/completions HTTP/1.1" 200 OK
2026-03-19T04:22:40.0807067Z (ApiServer_0 pid=1236) INFO:     10.0.0.102:42520 - "POST /v1/chat/completions HTTP/1.1" 200 OK
2026-03-19T04:22:40.0834992Z (ApiServer_0 pid=1236) INFO:     10.0.0.102:42502 - "POST /v1/chat/completions HTTP/1.1" 200 OK
2026-03-19T04:22:40.0844739Z (ApiServer_0 pid=1236) INFO:     10.0.0.102:42510 - "POST /v1/chat/completions HTTP/1.1" 200 OK
2026-03-19T04:22:40.9102788Z (ApiServer_1 pid=1237) INFO:     10.0.0.136:40018 - "GET /health HTTP/1.1" 200 OK
2026-03-19T04:22:40.9929617Z (ApiServer_0 pid=1236) INFO:     10.0.0.102:42550 - "POST /v1/chat/completions HTTP/1.1" 200 OK
2026-03-19T04:22:40.9960325Z (ApiServer_1 pid=1237) INFO:     10.0.0.102:42544 - "POST /v1/chat/completions HTTP/1.1" 200 OK
2026-03-19T04:22:45.9067600Z (ApiServer_1 pid=1237) INFO:     10.0.0.136:40028 - "GET /health HTTP/1.1" 200 OK
2026-03-19T04:22:50.9105907Z (ApiServer_1 pid=1237) INFO:     10.0.0.136:37632 - "GET /health HTTP/1.1" 200 OK
2026-03-19T04:22:55.9145482Z (ApiServer_0 pid=1236) INFO:     10.0.0.136:37644 - "GET /health HTTP/1.1" 200 OK
2026-03-19T04:23:00.9190599Z (ApiServer_1 pid=1237) INFO:     10.0.0.136:51964 - "GET /health HTTP/1.1" 200 OK
2026-03-19T04:23:05.9223349Z (ApiServer_0 pid=1236) INFO:     10.0.0.136:51980 - "GET /health HTTP/1.1" 200 OK
2026-03-19T04:23:10.9255894Z (ApiServer_1 pid=1237) INFO:     10.0.0.136:48894 - "GET /health HTTP/1.1" 200 OK
2026-03-19T04:23:13.4752709Z (ApiServer_0 pid=1236) INFO:     10.0.0.102:38264 - "POST /v1/chat/completions HTTP/1.1" 200 OK
2026-03-19T04:23:13.4783758Z (ApiServer_1 pid=1237) INFO:     10.0.0.102:38260 - "POST /v1/chat/completions HTTP/1.1" 200 OK
2026-03-19T04:23:13.5883617Z (ApiServer_0 pid=1236) INFO:     10.0.0.102:38294 - "POST /v1/chat/completions HTTP/1.1" 200 OK
2026-03-19T04:23:13.5916342Z (ApiServer_0 pid=1236) INFO:     10.0.0.102:38290 - "POST /v1/chat/completions HTTP/1.1" 200 OK
2026-03-19T04:23:13.5929402Z (ApiServer_1 pid=1237) INFO:     10.0.0.102:38270 - "POST /v1/chat/completions HTTP/1.1" 200 OK
2026-03-19T04:23:13.5943510Z (ApiServer_1 pid=1237) INFO:     10.0.0.102:38286 - "POST /v1/chat/completions HTTP/1.1" 200 OK
2026-03-19T04:23:13.6884481Z (ApiServer_1 pid=1237) INFO:     10.0.0.102:38296 - "POST /v1/chat/completions HTTP/1.1" 200 OK
2026-03-19T04:23:13.6961862Z (ApiServer_0 pid=1236) INFO:     10.0.0.102:38312 - "POST /v1/chat/completions HTTP/1.1" 200 OK
2026-03-19T04:23:13.6996925Z (ApiServer_0 pid=1236) INFO:     10.0.0.102:38324 - "POST /v1/chat/completions HTTP/1.1" 200 OK
2026-03-19T04:23:13.7217994Z (ApiServer_1 pid=1237) INFO:     10.0.0.102:38308 - "POST /v1/chat/completions HTTP/1.1" 200 OK
2026-03-19T04:23:13.7240534Z (ApiServer_1 pid=1237) INFO:     10.0.0.102:38314 - "POST /v1/chat/completions HTTP/1.1" 200 OK
2026-03-19T04:23:13.7254923Z (ApiServer_1 pid=1237) INFO:     10.0.0.102:38336 - "POST /v1/chat/completions HTTP/1.1" 200 OK
2026-03-19T04:23:14.5516132Z (ApiServer_1 pid=1237) INFO:     10.0.0.102:38350 - "POST /v1/chat/completions HTTP/1.1" 200 OK
2026-03-19T04:23:14.5546974Z (ApiServer_0 pid=1236) INFO:     10.0.0.102:38360 - "POST /v1/chat/completions HTTP/1.1" 200 OK
2026-03-19T04:23:14.5562734Z (ApiServer_1 pid=1237) INFO:     10.0.0.102:38378 - "POST /v1/chat/completions HTTP/1.1" 200 OK
2026-03-19T04:23:14.5573790Z (ApiServer_0 pid=1236) INFO:     10.0.0.102:38372 - "POST /v1/chat/completions HTTP/1.1" 200 OK
2026-03-19T04:23:15.3832880Z (ApiServer_1 pid=1237) INFO:     10.0.0.102:38394 - "POST /v1/chat/completions HTTP/1.1" 200 OK
2026-03-19T04:23:15.4044130Z (ApiServer_0 pid=1236) INFO:     10.0.0.102:38436 - "POST /v1/chat/completions HTTP/1.1" 200 OK
2026-03-19T04:23:15.4102643Z (ApiServer_0 pid=1236) INFO:     10.0.0.102:38424 - "POST /v1/chat/completions HTTP/1.1" 200 OK
2026-03-19T04:23:15.4112776Z (ApiServer_0 pid=1236) INFO:     10.0.0.102:38410 - "POST /v1/chat/completions HTTP/1.1" 200 OK
2026-03-19T04:23:15.4247216Z (ApiServer_1 pid=1237) INFO:     10.0.0.102:38448 - "POST /v1/chat/completions HTTP/1.1" 200 OK
2026-03-19T04:23:15.4271192Z (ApiServer_1 pid=1237) INFO:     10.0.0.102:38456 - "POST /v1/chat/completions HTTP/1.1" 200 OK
2026-03-19T04:23:15.4280796Z (ApiServer_1 pid=1237) INFO:     10.0.0.102:38438 - "POST /v1/chat/completions HTTP/1.1" 200 OK
2026-03-19T04:23:15.4291390Z (ApiServer_1 pid=1237) INFO:     10.0.0.102:38468 - "POST /v1/chat/completions HTTP/1.1" 200 OK
2026-03-19T04:23:15.9286944Z (ApiServer_1 pid=1237) INFO:     10.0.0.136:48906 - "GET /health HTTP/1.1" 200 OK
2026-03-19T04:23:16.2829046Z (ApiServer_0 pid=1236) INFO:     10.0.0.102:41290 - "POST /v1/chat/completions HTTP/1.1" 200 OK
2026-03-19T04:23:16.2862292Z (ApiServer_0 pid=1236) INFO:     10.0.0.102:41310 - "POST /v1/chat/completions HTTP/1.1" 200 OK
2026-03-19T04:23:16.2878395Z (ApiServer_0 pid=1236) INFO:     10.0.0.102:41330 - "POST /v1/chat/completions HTTP/1.1" 200 OK
2026-03-19T04:23:16.3078019Z (ApiServer_1 pid=1237) INFO:     10.0.0.102:41276 - "POST /v1/chat/completions HTTP/1.1" 200 OK
2026-03-19T04:23:16.3104340Z (ApiServer_1 pid=1237) INFO:     10.0.0.102:41286 - "POST /v1/chat/completions HTTP/1.1" 200 OK
2026-03-19T04:23:16.3114329Z (ApiServer_1 pid=1237) INFO:     10.0.0.102:41320 - "POST /v1/chat/completions HTTP/1.1" 200 OK
2026-03-19T04:23:16.3125064Z (ApiServer_1 pid=1237) INFO:     10.0.0.102:41294 - "POST /v1/chat/completions HTTP/1.1" 200 OK
2026-03-19T04:23:16.3134777Z (ApiServer_1 pid=1237) INFO:     10.0.0.102:41338 - "POST /v1/chat/completions HTTP/1.1" 200 OK
2026-03-19T04:23:17.3058857Z (ApiServer_0 pid=1236) INFO:     10.0.0.102:41342 - "POST /v1/chat/completions HTTP/1.1" 200 OK
2026-03-19T04:23:17.3085172Z (ApiServer_0 pid=1236) INFO:     10.0.0.102:41394 - "POST /v1/chat/completions HTTP/1.1" 200 OK
2026-03-19T04:23:17.3096459Z (ApiServer_0 pid=1236) INFO:     10.0.0.102:41406 - "POST /v1/chat/completions HTTP/1.1" 200 OK
2026-03-19T04:23:17.3180483Z (ApiServer_1 pid=1237) INFO:     10.0.0.102:41350 - "POST /v1/chat/completions HTTP/1.1" 200 OK
2026-03-19T04:23:17.3205808Z (ApiServer_1 pid=1237) INFO:     10.0.0.102:41364 - "POST /v1/chat/completions HTTP/1.1" 200 OK
2026-03-19T04:23:17.3215982Z (ApiServer_1 pid=1237) INFO:     10.0.0.102:41374 - "POST /v1/chat/completions HTTP/1.1" 200 OK
2026-03-19T04:23:17.3227006Z (ApiServer_1 pid=1237) INFO:     10.0.0.102:41384 - "POST /v1/chat/completions HTTP/1.1" 200 OK
2026-03-19T04:23:18.3350500Z (ApiServer_1 pid=1237) INFO:     10.0.0.102:41414 - "POST /v1/chat/completions HTTP/1.1" 200 OK
2026-03-19T04:23:18.3472847Z (ApiServer_1 pid=1237) INFO:     10.0.0.102:41430 - "POST /v1/chat/completions HTTP/1.1" 200 OK
2026-03-19T04:23:18.3941993Z (ApiServer_0 pid=1236) INFO:     10.0.0.102:41458 - "POST /v1/chat/completions HTTP/1.1" 200 OK
2026-03-19T04:23:18.3968110Z (ApiServer_0 pid=1236) INFO:     10.0.0.102:41444 - "POST /v1/chat/completions HTTP/1.1" 200 OK
2026-03-19T04:23:18.3978360Z (ApiServer_0 pid=1236) INFO:     10.0.0.102:41462 - "POST /v1/chat/completions HTTP/1.1" 200 OK
2026-03-19T04:23:18.3988829Z (ApiServer_0 pid=1236) INFO:     10.0.0.102:41448 - "POST /v1/chat/completions HTTP/1.1" 200 OK
2026-03-19T04:23:18.3998794Z (ApiServer_0 pid=1236) INFO:     10.0.0.102:41472 - "POST /v1/chat/completions HTTP/1.1" 200 OK
2026-03-19T04:23:18.4009105Z (ApiServer_0 pid=1236) INFO:     10.0.0.102:41486 - "POST /v1/chat/completions HTTP/1.1" 200 OK
2026-03-19T04:23:19.4358189Z (ApiServer_1 pid=1237) INFO:     10.0.0.102:41502 - "POST /v1/chat/completions HTTP/1.1" 200 OK
2026-03-19T04:23:19.4385392Z (ApiServer_1 pid=1237) INFO:     10.0.0.102:41510 - "POST /v1/chat/completions HTTP/1.1" 200 OK
2026-03-19T04:23:19.4395235Z (ApiServer_1 pid=1237) INFO:     10.0.0.102:41532 - "POST /v1/chat/completions HTTP/1.1" 200 OK
2026-03-19T04:23:19.4405571Z (ApiServer_0 pid=1236) INFO:     10.0.0.102:41508 - "POST /v1/chat/completions HTTP/1.1" 200 OK
2026-03-19T04:23:19.4415377Z (ApiServer_0 pid=1236) INFO:     10.0.0.102:41522 - "POST /v1/chat/completions HTTP/1.1" 200 OK
2026-03-19T04:23:19.4425733Z (ApiServer_0 pid=1236) INFO:     10.0.0.102:41536 - "POST /v1/chat/completions HTTP/1.1" 200 OK
2026-03-19T04:23:20.4381401Z (ApiServer_1 pid=1237) INFO:     10.0.0.102:41552 - "POST /v1/chat/completions HTTP/1.1" 200 OK
2026-03-19T04:23:20.4486670Z (ApiServer_0 pid=1236) INFO:     10.0.0.102:41578 - "POST /v1/chat/completions HTTP/1.1" 200 OK
2026-03-19T04:23:20.4508928Z (ApiServer_0 pid=1236) INFO:     10.0.0.102:41586 - "POST /v1/chat/completions HTTP/1.1" 200 OK
2026-03-19T04:23:20.4711647Z (ApiServer_1 pid=1237) INFO:     10.0.0.102:41584 - "POST /v1/chat/completions HTTP/1.1" 200 OK
2026-03-19T04:23:20.4746962Z (ApiServer_1 pid=1237) INFO:     10.0.0.102:41564 - "POST /v1/chat/completions HTTP/1.1" 200 OK
2026-03-19T04:23:20.4757820Z (ApiServer_1 pid=1237) INFO:     10.0.0.102:41596 - "POST /v1/chat/completions HTTP/1.1" 200 OK
2026-03-19T04:23:20.9322253Z (ApiServer_1 pid=1237) INFO:     10.0.0.136:35282 - "GET /health HTTP/1.1" 200 OK
2026-03-19T04:23:21.4915718Z (ApiServer_0 pid=1236) INFO:     10.0.0.102:41608 - "POST /v1/chat/completions HTTP/1.1" 200 OK
2026-03-19T04:23:21.4940974Z (ApiServer_0 pid=1236) INFO:     10.0.0.102:41638 - "POST /v1/chat/completions HTTP/1.1" 200 OK
2026-03-19T04:23:21.4950805Z (ApiServer_1 pid=1237) INFO:     10.0.0.102:41622 - "POST /v1/chat/completions HTTP/1.1" 200 OK
2026-03-19T04:23:21.4959582Z (ApiServer_1 pid=1237) INFO:     10.0.0.102:41626 - "POST /v1/chat/completions HTTP/1.1" 200 OK
2026-03-19T04:23:22.5123821Z (ApiServer_1 pid=1237) INFO:     10.0.0.102:41654 - "POST /v1/chat/completions HTTP/1.1" 200 OK
2026-03-19T04:23:25.9355986Z (ApiServer_1 pid=1237) INFO:     10.0.0.136:35288 - "GET /health HTTP/1.1" 200 OK
2026-03-19T04:23:30.9391834Z (ApiServer_1 pid=1237) INFO:     10.0.0.136:49128 - "GET /health HTTP/1.1" 200 OK
2026-03-19T04:23:35.9432354Z (ApiServer_1 pid=1237) INFO:     10.0.0.136:49134 - "GET /health HTTP/1.1" 200 OK
2026-03-19T04:23:40.9460359Z (ApiServer_1 pid=1237) INFO:     10.0.0.136:44284 - "GET /health HTTP/1.1" 200 OK
2026-03-19T04:23:45.9491673Z (ApiServer_1 pid=1237) INFO:     10.0.0.136:44288 - "GET /health HTTP/1.1" 200 OK
2026-03-19T04:23:50.9530575Z (ApiServer_1 pid=1237) INFO:     10.0.0.136:48044 - "GET /health HTTP/1.1" 200 OK
2026-03-19T04:23:55.7318639Z (ApiServer_0 pid=1236) INFO:     10.0.0.102:44424 - "POST /v1/chat/completions HTTP/1.1" 200 OK
2026-03-19T04:23:55.7342065Z (ApiServer_1 pid=1237) INFO:     10.0.0.102:44432 - "POST /v1/chat/completions HTTP/1.1" 200 OK
2026-03-19T04:23:55.9037603Z (ApiServer_0 pid=1236) INFO:     10.0.0.102:44452 - "POST /v1/chat/completions HTTP/1.1" 200 OK
2026-03-19T04:23:55.9038230Z (ApiServer_0 pid=1236) INFO:     10.0.0.102:44460 - "POST /v1/chat/completions HTTP/1.1" 200 OK
2026-03-19T04:23:55.9038751Z (ApiServer_1 pid=1237) INFO:     10.0.0.102:44438 - "POST /v1/chat/completions HTTP/1.1" 200 OK
2026-03-19T04:23:55.9039295Z (ApiServer_1 pid=1237) INFO:     10.0.0.102:44454 - "POST /v1/chat/completions HTTP/1.1" 200 OK
2026-03-19T04:23:55.9564981Z (ApiServer_1 pid=1237) INFO:     10.0.0.136:48056 - "GET /health HTTP/1.1" 200 OK
2026-03-19T04:23:56.0042214Z (ApiServer_0 pid=1236) INFO:     10.0.0.102:44486 - "POST /v1/chat/completions HTTP/1.1" 200 OK
2026-03-19T04:23:56.0043017Z (ApiServer_0 pid=1236) INFO:     10.0.0.102:44498 - "POST /v1/chat/completions HTTP/1.1" 200 OK
2026-03-19T04:23:56.0043596Z (ApiServer_1 pid=1237) INFO:     10.0.0.102:44470 - "POST /v1/chat/completions HTTP/1.1" 200 OK
2026-03-19T04:23:56.0044281Z (ApiServer_1 pid=1237) INFO:     10.0.0.102:44490 - "POST /v1/chat/completions HTTP/1.1" 200 OK
2026-03-19T04:23:56.0045252Z (ApiServer_1 pid=1237) INFO:     10.0.0.102:44508 - "POST /v1/chat/completions HTTP/1.1" 200 OK
2026-03-19T04:23:56.7692058Z (ApiServer_0 pid=1236) INFO:     10.0.0.102:35064 - "POST /v1/chat/completions HTTP/1.1" 200 OK
2026-03-19T04:23:56.7804031Z (ApiServer_0 pid=1236) INFO:     10.0.0.102:35086 - "POST /v1/chat/completions HTTP/1.1" 200 OK
2026-03-19T04:23:56.7839237Z (ApiServer_1 pid=1237) INFO:     10.0.0.102:35072 - "POST /v1/chat/completions HTTP/1.1" 200 OK
2026-03-19T04:23:56.7868326Z (ApiServer_1 pid=1237) INFO:     10.0.0.102:35102 - "POST /v1/chat/completions HTTP/1.1" 200 OK
2026-03-19T04:23:57.6471884Z (ApiServer_0 pid=1236) INFO:     10.0.0.102:35112 - "POST /v1/chat/completions HTTP/1.1" 200 OK
2026-03-19T04:23:57.6506591Z (ApiServer_0 pid=1236) INFO:     10.0.0.102:35126 - "POST /v1/chat/completions HTTP/1.1" 200 OK
2026-03-19T04:23:57.6609364Z (ApiServer_0 pid=1236) INFO:     10.0.0.102:35140 - "POST /v1/chat/completions HTTP/1.1" 200 OK
2026-03-19T04:23:57.6781241Z (ApiServer_1 pid=1237) INFO:     10.0.0.102:35142 - "POST /v1/chat/completions HTTP/1.1" 200 OK
2026-03-19T04:23:57.6802734Z (ApiServer_1 pid=1237) INFO:     10.0.0.102:35156 - "POST /v1/chat/completions HTTP/1.1" 200 OK
2026-03-19T04:23:57.6813730Z (ApiServer_1 pid=1237) INFO:     10.0.0.102:35158 - "POST /v1/chat/completions HTTP/1.1" 200 OK
2026-03-19T04:23:57.6824817Z (ApiServer_1 pid=1237) INFO:     10.0.0.102:35170 - "POST /v1/chat/completions HTTP/1.1" 200 OK
2026-03-19T04:23:58.4954971Z (ApiServer_0 pid=1236) INFO:     10.0.0.102:35182 - "POST /v1/chat/completions HTTP/1.1" 200 OK
2026-03-19T04:23:58.4988135Z (ApiServer_0 pid=1236) INFO:     10.0.0.102:35190 - "POST /v1/chat/completions HTTP/1.1" 200 OK
2026-03-19T04:23:58.5072056Z (ApiServer_0 pid=1236) INFO:     10.0.0.102:35228 - "POST /v1/chat/completions HTTP/1.1" 200 OK
2026-03-19T04:23:58.5362617Z (ApiServer_1 pid=1237) INFO:     10.0.0.102:35216 - "POST /v1/chat/completions HTTP/1.1" 200 OK
2026-03-19T04:23:58.5393659Z (ApiServer_1 pid=1237) INFO:     10.0.0.102:35206 - "POST /v1/chat/completions HTTP/1.1" 200 OK
2026-03-19T04:23:58.5404361Z (ApiServer_1 pid=1237) INFO:     10.0.0.102:35240 - "POST /v1/chat/completions HTTP/1.1" 200 OK
2026-03-19T04:23:58.5414190Z (ApiServer_1 pid=1237) INFO:     10.0.0.102:35242 - "POST /v1/chat/completions HTTP/1.1" 200 OK
2026-03-19T04:23:58.5425485Z (ApiServer_1 pid=1237) INFO:     10.0.0.102:35258 - "POST /v1/chat/completions HTTP/1.1" 200 OK
2026-03-19T04:23:59.3256265Z (ApiServer_0 pid=1236) INFO:     10.0.0.102:35264 - "POST /v1/chat/completions HTTP/1.1" 200 OK
2026-03-19T04:23:59.3378769Z (ApiServer_0 pid=1236) INFO:     10.0.0.102:35280 - "POST /v1/chat/completions HTTP/1.1" 200 OK
2026-03-19T04:23:59.3737906Z (ApiServer_1 pid=1237) INFO:     10.0.0.102:35282 - "POST /v1/chat/completions HTTP/1.1" 200 OK
2026-03-19T04:23:59.3766533Z (ApiServer_1 pid=1237) INFO:     10.0.0.102:35292 - "POST /v1/chat/completions HTTP/1.1" 200 OK
2026-03-19T04:23:59.3777089Z (ApiServer_1 pid=1237) INFO:     10.0.0.102:35300 - "POST /v1/chat/completions HTTP/1.1" 200 OK
2026-03-19T04:23:59.3788334Z (ApiServer_1 pid=1237) INFO:     10.0.0.102:35304 - "POST /v1/chat/completions HTTP/1.1" 200 OK
2026-03-19T04:23:59.3798770Z (ApiServer_1 pid=1237) INFO:     10.0.0.102:35306 - "POST /v1/chat/completions HTTP/1.1" 200 OK
2026-03-19T04:24:00.2100512Z (ApiServer_1 pid=1237) INFO:     10.0.0.102:35324 - "POST /v1/chat/completions HTTP/1.1" 200 OK
2026-03-19T04:24:00.2144143Z (ApiServer_1 pid=1237) INFO:     10.0.0.102:35356 - "POST /v1/chat/completions HTTP/1.1" 200 OK
2026-03-19T04:24:00.2183228Z (ApiServer_1 pid=1237) INFO:     10.0.0.102:35368 - "POST /v1/chat/completions HTTP/1.1" 200 OK
2026-03-19T04:24:00.2227936Z (ApiServer_0 pid=1236) INFO:     10.0.0.102:35322 - "POST /v1/chat/completions HTTP/1.1" 200 OK
2026-03-19T04:24:00.2278103Z (ApiServer_0 pid=1236) INFO:     10.0.0.102:35334 - "POST /v1/chat/completions HTTP/1.1" 200 OK
2026-03-19T04:24:00.2316017Z (ApiServer_0 pid=1236) INFO:     10.0.0.102:35328 - "POST /v1/chat/completions HTTP/1.1" 200 OK
2026-03-19T04:24:00.2326632Z (ApiServer_0 pid=1236) INFO:     10.0.0.102:35346 - "POST /v1/chat/completions HTTP/1.1" 200 OK
2026-03-19T04:24:00.9605603Z (ApiServer_1 pid=1237) INFO:     10.0.0.136:47524 - "GET /health HTTP/1.1" 200 OK
2026-03-19T04:24:01.0987384Z (ApiServer_0 pid=1236) INFO:     10.0.0.102:35390 - "POST /v1/chat/completions HTTP/1.1" 200 OK
2026-03-19T04:24:01.1075604Z (ApiServer_0 pid=1236) INFO:     10.0.0.102:35402 - "POST /v1/chat/completions HTTP/1.1" 200 OK
2026-03-19T04:24:01.1085293Z (ApiServer_0 pid=1236) INFO:     10.0.0.102:35454 - "POST /v1/chat/completions HTTP/1.1" 200 OK
2026-03-19T04:24:01.1223855Z (ApiServer_1 pid=1237) INFO:     10.0.0.102:35414 - "POST /v1/chat/completions HTTP/1.1" 200 OK
2026-03-19T04:24:01.1247618Z (ApiServer_1 pid=1237) INFO:     10.0.0.102:35384 - "POST /v1/chat/completions HTTP/1.1" 200 OK
2026-03-19T04:24:01.1256650Z (ApiServer_1 pid=1237) INFO:     10.0.0.102:35426 - "POST /v1/chat/completions HTTP/1.1" 200 OK
2026-03-19T04:24:01.1266234Z (ApiServer_1 pid=1237) INFO:     10.0.0.102:35408 - "POST /v1/chat/completions HTTP/1.1" 200 OK
2026-03-19T04:24:01.1276246Z (ApiServer_1 pid=1237) INFO:     10.0.0.102:35438 - "POST /v1/chat/completions HTTP/1.1" 200 OK
2026-03-19T04:24:02.1121439Z (ApiServer_0 pid=1236) INFO:     10.0.0.102:35456 - "POST /v1/chat/completions HTTP/1.1" 200 OK
2026-03-19T04:24:02.1330901Z (ApiServer_0 pid=1236) INFO:     10.0.0.102:35458 - "POST /v1/chat/completions HTTP/1.1" 200 OK
2026-03-19T04:24:02.1395887Z (ApiServer_0 pid=1236) INFO:     10.0.0.102:35492 - "POST /v1/chat/completions HTTP/1.1" 200 OK
2026-03-19T04:24:02.1405864Z (ApiServer_1 pid=1237) INFO:     10.0.0.102:35474 - "POST /v1/chat/completions HTTP/1.1" 200 OK
2026-03-19T04:24:02.1416100Z (ApiServer_1 pid=1237) INFO:     10.0.0.102:35488 - "POST /v1/chat/completions HTTP/1.1" 200 OK
2026-03-19T04:24:02.1426712Z (ApiServer_1 pid=1237) INFO:     10.0.0.102:35500 - "POST /v1/chat/completions HTTP/1.1" 200 OK
2026-03-19T04:24:03.2024515Z (ApiServer_0 pid=1236) INFO:     10.0.0.102:35504 - "POST /v1/chat/completions HTTP/1.1" 200 OK
2026-03-19T04:24:03.2046164Z (ApiServer_0 pid=1236) INFO:     10.0.0.102:35508 - "POST /v1/chat/completions HTTP/1.1" 200 OK
2026-03-19T04:24:03.2067061Z (ApiServer_1 pid=1237) INFO:     10.0.0.102:35518 - "POST /v1/chat/completions HTTP/1.1" 200 OK
2026-03-19T04:24:03.2076863Z (ApiServer_1 pid=1237) INFO:     10.0.0.102:35528 - "POST /v1/chat/completions HTTP/1.1" 200 OK
2026-03-19T04:24:04.2300746Z (ApiServer_1 pid=1237) INFO:     10.0.0.102:35544 - "POST /v1/chat/completions HTTP/1.1" 200 OK
2026-03-19T04:24:04.2317254Z (ApiServer_0 pid=1236) INFO:     10.0.0.102:35558 - "POST /v1/chat/completions HTTP/1.1" 200 OK
2026-03-19T04:24:05.9641895Z (ApiServer_1 pid=1237) INFO:     10.0.0.136:47528 - "GET /health HTTP/1.1" 200 OK
2026-03-19T04:24:10.9670617Z (ApiServer_1 pid=1237) INFO:     10.0.0.136:34484 - "GET /health HTTP/1.1" 200 OK
2026-03-19T04:24:15.9716171Z (ApiServer_1 pid=1237) INFO:     10.0.0.136:34500 - "GET /health HTTP/1.1" 200 OK
2026-03-19T04:24:20.9739143Z (ApiServer_0 pid=1236) INFO:     10.0.0.136:59056 - "GET /health HTTP/1.1" 200 OK
2026-03-19T04:24:25.9774330Z (ApiServer_0 pid=1236) INFO:     10.0.0.136:59060 - "GET /health HTTP/1.1" 200 OK
2026-03-19T04:24:30.9816048Z (ApiServer_1 pid=1237) INFO:     10.0.0.136:34636 - "GET /health HTTP/1.1" 200 OK
2026-03-19T04:24:35.9847789Z (ApiServer_1 pid=1237) INFO:     10.0.0.136:34640 - "GET /health HTTP/1.1" 200 OK
2026-03-19T04:24:40.9884829Z (ApiServer_1 pid=1237) INFO:     10.0.0.136:56484 - "GET /health HTTP/1.1" 200 OK
2026-03-19T04:24:45.9911453Z (ApiServer_1 pid=1237) INFO:     10.0.0.136:56498 - "GET /health HTTP/1.1" 200 OK
2026-03-19T04:24:48.5101549Z The request config is
2026-03-19T04:24:48.5115846Z  from ais_bench.benchmark.models import VLLMCustomAPIChat
2026-03-19T04:24:48.5128388Z from ais_bench.benchmark.utils.model_postprocessors import extract_non_reasoning_content
2026-03-19T04:24:48.5140541Z 
2026-03-19T04:24:48.5152910Z models = [
2026-03-19T04:24:48.5164919Z     dict(
2026-03-19T04:24:48.5177191Z         attr="service",
2026-03-19T04:24:48.5189040Z         type=VLLMCustomAPIChat,
2026-03-19T04:24:48.5201663Z         abbr='vllm-api-general-chat',
2026-03-19T04:24:48.5213931Z         path="",
2026-03-19T04:24:48.5227094Z         model="vllm-ascend/Kimi-K2-Instruct-W8A8",
2026-03-19T04:24:48.5238559Z         request_rate = 0,
2026-03-19T04:24:48.5249915Z         retry = 2,
2026-03-19T04:24:48.5261264Z         host_ip = "10.0.0.102",
2026-03-19T04:24:48.5273533Z         host_port = 8080,
2026-03-19T04:24:48.5285210Z         max_out_len = 7680,
2026-03-19T04:24:48.5297944Z         batch_size = 64,
2026-03-19T04:24:48.5312045Z         trust_remote_code=False,
2026-03-19T04:24:48.5324309Z         generation_kwargs = dict(
2026-03-19T04:24:48.5336284Z             temperature = 0.6,
2026-03-19T04:24:48.5348397Z             ignore_eos = False,
2026-03-19T04:24:48.5360933Z             #top_k = 10,
2026-03-19T04:24:48.5372877Z             top_p = 0.95,
2026-03-19T04:24:48.5384594Z             #seed = None,
2026-03-19T04:24:48.5394535Z             #repetition_penalty = 1.03,
2026-03-19T04:24:48.5403832Z         ),
2026-03-19T04:24:48.5415447Z         pred_postprocessor=dict(type=extract_non_reasoning_content)
2026-03-19T04:24:48.5426899Z     )
2026-03-19T04:24:48.5437289Z ]
2026-03-19T04:24:48.5446915Z 
2026-03-19T04:24:48.5458687Z running aisbench cmd: ais_bench --models vllm_api_general_chat_custom --datasets gsm8k_gen_0_shot_cot_chat_prompt
2026-03-19T04:24:48.5477382Z 03/19 04:18:14 - AISBench - INFO - Loading gsm8k_gen_0_shot_cot_chat_prompt: /vllm-workspace/vllm-ascend/benchmark/ais_bench/benchmark/configs/./datasets/gsm8k/gsm8k_gen_0_shot_cot_chat_prompt.py
2026-03-19T04:24:48.5489174Z 03/19 04:18:14 - AISBench - INFO - Loading vllm_api_general_chat_custom: /vllm-workspace/vllm-ascend/benchmark/ais_bench/benchmark/configs/./models/vllm_api/vllm_api_general_chat_custom.py
2026-03-19T04:24:48.5500151Z 03/19 04:18:14 - AISBench - INFO - Loading example: /vllm-workspace/vllm-ascend/benchmark/ais_bench/benchmark/configs/./summarizers/example.py
2026-03-19T04:24:48.5511740Z 03/19 04:18:14 - AISBench - INFO - Current exp folder: outputs/default/20260319_041814
2026-03-19T04:24:48.5523671Z 03/19 04:18:16 - AISBench - INFO - Starting inference tasks...
2026-03-19T04:24:48.5536162Z 03/19 04:18:16 - AISBench - INFO - Partitioned into 1 tasks.
2026-03-19T04:24:48.5548937Z 03/19 04:18:16 - AISBench - INFO - Continuous batch enable! All the logs and processes for each task should be checked in each infer/.out file.
2026-03-19T04:24:48.5559734Z Launch OpenICLInfer[vllm-api-general-chat/gsm8k] on CPU
2026-03-19T04:24:48.5573172Z Launch OpenICLInfer[vllm-api-general-chat/gsm8k] on CPU
2026-03-19T04:24:48.5584436Z 03/19 04:19:01 - AISBench - INFO - Inference tasks completed.
2026-03-19T04:24:48.5596077Z 03/19 04:19:03 - AISBench - INFO - Starting evaluation tasks...
2026-03-19T04:24:48.5609622Z 03/19 04:19:03 - AISBench - INFO - Partitioned into 1 tasks.
2026-03-19T04:24:48.5621374Z launch OpenICLEval[vllm-api-general-chat/gsm8k] on CPU
2026-03-19T04:24:48.5633881Z 03/19 04:19:13 - AISBench - INFO - Evaluation tasks completed.
2026-03-19T04:24:48.5645329Z 03/19 04:19:13 - AISBench - INFO - Summarizing evaluation results...
2026-03-19T04:24:48.5657068Z dataset    version    metric    mode      vllm-api-general-chat
2026-03-19T04:24:48.5669694Z ---------  ---------  --------  ------  -----------------------
2026-03-19T04:24:48.5681366Z gsm8k      7cd45e     accuracy  gen                       96.88
2026-03-19T04:24:48.5694352Z 03/19 04:19:13 - AISBench - INFO - write summary to /vllm-workspace/vllm-ascend/outputs/default/20260319_041814/summary/summary_20260319_041814.txt
2026-03-19T04:24:48.5706327Z 03/19 04:19:13 - AISBench - INFO - write csv to /vllm-workspace/vllm-ascend/outputs/default/20260319_041814/summary/summary_20260319_041814.csv
2026-03-19T04:24:48.5717582Z The request config is
2026-03-19T04:24:48.5729384Z  from ais_bench.benchmark.models import VLLMCustomAPIChatStream
2026-03-19T04:24:48.5741456Z from ais_bench.benchmark.utils.model_postprocessors import extract_non_reasoning_content
2026-03-19T04:24:48.5753541Z 
2026-03-19T04:24:48.5765092Z models = [
2026-03-19T04:24:48.5776287Z     dict(
2026-03-19T04:24:48.5787330Z         attr="service",
2026-03-19T04:24:48.5798829Z         type=VLLMCustomAPIChatStream,
2026-03-19T04:24:48.5810616Z         abbr='vllm-api-stream-chat',
2026-03-19T04:24:48.5822337Z         path="/root/.cache/modelscope/hub/models/vllm-ascend/Kimi-K2-Instruct-W8A8",
2026-03-19T04:24:48.5833888Z         model="vllm-ascend/Kimi-K2-Instruct-W8A8",
2026-03-19T04:24:48.5845326Z         request_rate = 11.2,
2026-03-19T04:24:48.5856176Z         retry = 2,
2026-03-19T04:24:48.5867833Z         host_ip = "10.0.0.102",
2026-03-19T04:24:48.5879706Z         host_port = 8080,
2026-03-19T04:24:48.5891052Z         max_out_len = 256,
2026-03-19T04:24:48.5902899Z         batch_size = 64,
2026-03-19T04:24:48.5914058Z         trust_remote_code=True,
2026-03-19T04:24:48.5926005Z         generation_kwargs = dict(
2026-03-19T04:24:48.5937841Z             temperature = 0,
2026-03-19T04:24:48.5950402Z             ignore_eos = True,
2026-03-19T04:24:48.5961294Z             #top_k = 10,
2026-03-19T04:24:48.5973468Z             #top_p = 0.95,
2026-03-19T04:24:48.5985587Z             #seed = None,
2026-03-19T04:24:48.5997955Z             #repetition_penalty = 1.03,
2026-03-19T04:24:48.6009995Z         ),
2026-03-19T04:24:48.6021525Z         pred_postprocessor=dict(type=extract_non_reasoning_content)
2026-03-19T04:24:48.6034484Z     )
2026-03-19T04:24:48.6046795Z ]
2026-03-19T04:24:48.6057411Z 
2026-03-19T04:24:48.6071066Z running aisbench cmd: ais_bench --models vllm_api_stream_chat_custom --datasets gsm8k_gen_0_shot_cot_str_perf_custom --mode perf --num-prompts 512
2026-03-19T04:24:48.6083469Z 03/19 04:19:22 - AISBench - INFO - Loading gsm8k_gen_0_shot_cot_str_perf_custom: /vllm-workspace/vllm-ascend/benchmark/ais_bench/benchmark/configs/./datasets/gsm8k/gsm8k_gen_0_shot_cot_str_perf_custom.py
2026-03-19T04:24:48.6095757Z 03/19 04:19:22 - AISBench - INFO - Loading vllm_api_stream_chat_custom: /vllm-workspace/vllm-ascend/benchmark/ais_bench/benchmark/configs/./models/vllm_api/vllm_api_stream_chat_custom.py
2026-03-19T04:24:48.6109008Z 03/19 04:19:22 - AISBench - INFO - Loading example: /vllm-workspace/vllm-ascend/benchmark/ais_bench/benchmark/configs/./summarizers/example.py
2026-03-19T04:24:48.6121483Z 03/19 04:19:22 - AISBench - INFO - Current exp folder: outputs/default/20260319_041922
2026-03-19T04:24:48.6133371Z 03/19 04:19:22 - AISBench - INFO - Starting performance evaluation tasks...
2026-03-19T04:24:48.6145271Z 03/19 04:19:22 - AISBench - INFO - Partitioned into 1 tasks.
2026-03-19T04:24:48.6158764Z 03/19 04:19:22 - AISBench - INFO - Continuous batch enable! All the logs and processes for each task should be checked in each infer/.out file.
2026-03-19T04:24:48.6171086Z Launch OpenICLPerf[vllm-api-stream-chat/gsm8k] on CPU
2026-03-19T04:24:48.6183707Z Launch OpenICLPerf[vllm-api-stream-chat/gsm8k] on CPU
2026-03-19T04:24:48.6195559Z 03/19 04:24:48 - AISBench - INFO - Performance evaluation tasks completed.
2026-03-19T04:24:48.6208444Z 03/19 04:24:48 - AISBench - INFO - Loading detail perf data of model='vllm-api-stream-chat' dataset='gsm8kdataset' ...
2026-03-19T04:24:48.6220524Z 03/19 04:24:48 - AISBench - INFO - Starting request timeline processing...
2026-03-19T04:24:48.6232588Z 03/19 04:24:48 - AISBench - INFO - Data preprocessing completed in 0.0011s
2026-03-19T04:24:48.6244576Z 03/19 04:24:48 - AISBench - INFO - Generating timeline traces for 512 requests...
2026-03-19T04:24:48.6256702Z 03/19 04:24:48 - AISBench - INFO - Generated timeline trace chunks in 0.0080s
2026-03-19T04:24:48.6268453Z 03/19 04:24:48 - AISBench - INFO - Generating concurrency traces...
2026-03-19T04:24:48.6280874Z 03/19 04:24:48 - AISBench - INFO - Generated concurrency trace chunks in 0.0028s
2026-03-19T04:24:48.6292687Z 03/19 04:24:48 - AISBench - INFO - Creating figure layout...
2026-03-19T04:24:48.6304567Z 03/19 04:24:48 - AISBench - INFO - Figure layout created in 0.0371s
2026-03-19T04:24:48.6316627Z 03/19 04:24:48 - AISBench - INFO - Writing to outputs/default/20260319_041922/performances/vllm-api-stream-chat/gsm8kdataset_plot.html...
2026-03-19T04:24:48.6328785Z 03/19 04:24:48 - AISBench - INFO - HTML written in 0.0189s
2026-03-19T04:24:48.6340861Z 03/19 04:24:48 - AISBench - INFO - Completed! Total execution time: 0.0682s
2026-03-19T04:24:48.6353287Z 03/19 04:24:48 - AISBench - INFO - The gsm8kdataset_plot has been saved in outputs/default/20260319_041922/performances/vllm-api-stream-chat/gsm8kdataset_plot.html
2026-03-19T04:24:48.6364927Z 03/19 04:24:48 - AISBench - INFO - Converting perf results of stage ...
2026-03-19T04:24:48.6376295Z 03/19 04:24:48 - AISBench - INFO - Finish Converting!
2026-03-19T04:24:48.6387591Z 03/19 04:24:48 - AISBench - INFO - Start calculating metrics ...
2026-03-19T04:24:48.6398523Z 03/19 04:24:48 - AISBench - INFO - Start calculating common metrics ...
2026-03-19T04:24:48.6410200Z 03/19 04:24:48 - AISBench - INFO - Start calculating add units ...
2026-03-19T04:24:48.6424189Z 03/19 04:24:48 - AISBench - INFO - Finish calculating perf data!
2026-03-19T04:24:48.6435304Z 03/19 04:24:48 - AISBench - INFO - Summarizing performance results...
2026-03-19T04:24:48.6446279Z 03/19 04:24:48 - AISBench - INFO - Performance Results of task: vllm-api-stream-chat/gsm8kdataset:
2026-03-19T04:24:48.6459982Z ╒══════════════════════════╤═════════╤════════════════╤════════════════╤════════════════╤════════════════╤════════════════╤════════════════╤════════════════╤═════╕
2026-03-19T04:24:48.6473075Z │ Performance Parameters   │ Stage   │ Average        │ Min            │ Max            │ Median         │ P75            │ P90            │ P99            │  N  │
2026-03-19T04:24:48.6486587Z ╞══════════════════════════╪═════════╪════════════════╪════════════════╪════════════════╪════════════════╪════════════════╪════════════════╪════════════════╪═════╡
2026-03-19T04:24:48.6499986Z │ E2EL                     │ total   │ 38686.989 ms   │ 33448.4181 ms  │ 43107.299 ms   │ 37750.6994 ms  │ 41336.2016 ms  │ 42042.3961 ms  │ 43051.042 ms   │ 512 │
2026-03-19T04:24:49.0339593Z ├──────────────────────────┼─────────┼────────────────┼────────────────┼────────────────┼────────────────┼────────────────┼────────────────┼────────────────┼─────┤INFO 03-19 04:24:49 [utils.py:287] Received KeyboardInterrupt, shutting down API servers...
2026-03-19T04:24:49.0347917Z INFO 03-19 04:24:49 [utils.py:292] Terminating remaining processes ...
2026-03-19T04:24:49.1520208Z (ApiServer_0 pid=1236) WARNING 03-19 04:24:49 [launcher.py:116] port 8080 is used by process psutil.Process(pid=1237, name='VLLM::APIServer_1', status='running', started='04:06:17') launched with command:
2026-03-19T04:24:49.1529916Z (ApiServer_0 pid=1236) WARNING 03-19 04:24:49 [launcher.py:116] VLLM::APIServer_1                                                                                                                                    
2026-03-19T04:24:49.1540826Z (ApiServer_0 pid=1236) INFO 03-19 04:24:49 [launcher.py:122] Shutting down FastAPI HTTP server.
2026-03-19T04:24:49.1551246Z (ApiServer_0 pid=1236) INFO:     Shutting down
2026-03-19T04:24:49.1562336Z (ApiServer_1 pid=1237) INFO 03-19 04:24:49 [launcher.py:122] Shutting down FastAPI HTTP server.
2026-03-19T04:24:49.1572814Z (ApiServer_1 pid=1237) INFO:     Shutting down
2026-03-19T04:24:49.2567908Z (ApiServer_0 pid=1236) INFO:     Waiting for application shutdown.
2026-03-19T04:24:49.2587346Z (ApiServer_0 pid=1236) INFO:     Application shutdown complete.
2026-03-19T04:24:49.2603004Z (ApiServer_1 pid=1237) INFO:     Waiting for application shutdown.
2026-03-19T04:24:49.2696397Z (ApiServer_1 pid=1237) INFO:     Application shutdown complete.
2026-03-19T04:24:49.3402254Z (ApiServer_0 pid=1236) sys:1: DeprecationWarning: builtin type swigvarlink has no __module__ attribute
2026-03-19T04:24:49.3450644Z (ApiServer_1 pid=1237) sys:1: DeprecationWarning: builtin type swigvarlink has no __module__ attribute
2026-03-19T04:24:50.6940804Z (Worker pid=1381) (Worker_DP1_TP0_EP8 pid=1381) INFO 03-19 04:24:50 [multiproc_executor.py:749] Parent process exited, terminating worker
2026-03-19T04:24:50.6954283Z (Worker pid=2198) (Worker_DP1_TP1_EP9 pid=2198) INFO 03-19 04:24:50 [multiproc_executor.py:749] Parent process exited, terminating worker
2026-03-19T04:24:50.6968871Z (Worker pid=2766) (Worker_DP1_TP2_EP10 pid=2766) INFO 03-19 04:24:50 [multiproc_executor.py:749] Parent process exited, terminating worker
2026-03-19T04:24:50.6987070Z (Worker pid=1380) (Worker_DP0_TP0_EP0 pid=1380) INFO 03-19 04:24:50 [multiproc_executor.py:749] Parent process exited, terminating worker
2026-03-19T04:24:50.6995933Z (Worker pid=2195) (Worker_DP0_TP1_EP1 pid=2195) INFO 03-19 04:24:50 [multiproc_executor.py:749] Parent process exited, terminating worker
2026-03-19T04:24:50.7006959Z (Worker pid=3324) (Worker_DP1_TP3_EP11 pid=3324) INFO 03-19 04:24:50 [multiproc_executor.py:749] Parent process exited, terminating worker
2026-03-19T04:24:50.7019030Z (Worker pid=4998) (Worker_DP1_TP6_EP14 pid=4998) INFO 03-19 04:24:50 [multiproc_executor.py:749] Parent process exited, terminating worker
2026-03-19T04:24:50.7030798Z (Worker pid=2763) (Worker_DP0_TP2_EP2 pid=2763) INFO 03-19 04:24:50 [multiproc_executor.py:749] Parent process exited, terminating worker
2026-03-19T04:24:50.7042694Z (Worker pid=3321) (Worker_DP0_TP3_EP3 pid=3321) INFO 03-19 04:24:50 [multiproc_executor.py:749] Parent process exited, terminating worker
2026-03-19T04:24:50.7054149Z (Worker pid=4440) (Worker_DP1_TP5_EP13 pid=4440) INFO 03-19 04:24:50 [multiproc_executor.py:749] Parent process exited, terminating worker
2026-03-19T04:24:50.7066291Z (Worker pid=3882) (Worker_DP1_TP4_EP12 pid=3882) INFO 03-19 04:24:50 [multiproc_executor.py:749] Parent process exited, terminating worker
2026-03-19T04:24:50.7077376Z (Worker pid=5620) (Worker_DP1_TP7_EP15 pid=5620) INFO 03-19 04:24:50 [multiproc_executor.py:749] Parent process exited, terminating worker
2026-03-19T04:24:50.7088642Z (Worker pid=3879) (Worker_DP0_TP4_EP4 pid=3879) INFO 03-19 04:24:50 [multiproc_executor.py:749] Parent process exited, terminating worker
2026-03-19T04:24:50.7100298Z (Worker pid=4437) (Worker_DP0_TP5_EP5 pid=4437) INFO 03-19 04:24:50 [multiproc_executor.py:749] Parent process exited, terminating worker
2026-03-19T04:24:50.7113060Z (Worker pid=5553) (Worker_DP0_TP7_EP7 pid=5553) INFO 03-19 04:24:50 [multiproc_executor.py:749] Parent process exited, terminating worker
2026-03-19T04:24:50.7124635Z (Worker pid=4995) (Worker_DP0_TP6_EP6 pid=4995) INFO 03-19 04:24:50 [multiproc_executor.py:749] Parent process exited, terminating worker
2026-03-19T04:24:50.7136394Z (Worker pid=1380) (Worker_DP0_TP0_EP0 pid=1380) INFO 03-19 04:24:50 [multiproc_executor.py:802] WorkerProc shutting down.
2026-03-19T04:24:50.7148420Z (Worker pid=2195) (Worker_DP0_TP1_EP1 pid=2195) INFO 03-19 04:24:50 [multiproc_executor.py:802] WorkerProc shutting down.
2026-03-19T04:24:50.7160095Z (Worker pid=2763) (Worker_DP0_TP2_EP2 pid=2763) INFO 03-19 04:24:50 [multiproc_executor.py:802] WorkerProc shutting down.
2026-03-19T04:24:50.7171438Z (Worker pid=3879) (Worker_DP0_TP4_EP4 pid=3879) INFO 03-19 04:24:50 [multiproc_executor.py:802] WorkerProc shutting down.
2026-03-19T04:24:50.7183614Z (Worker pid=2198) (Worker_DP1_TP1_EP9 pid=2198) INFO 03-19 04:24:50 [multiproc_executor.py:802] WorkerProc shutting down.
2026-03-19T04:24:50.7194608Z (Worker pid=1381) (Worker_DP1_TP0_EP8 pid=1381) INFO 03-19 04:24:50 [multiproc_executor.py:802] WorkerProc shutting down.
2026-03-19T04:24:50.7205894Z (Worker pid=3321) (Worker_DP0_TP3_EP3 pid=3321) INFO 03-19 04:24:50 [multiproc_executor.py:802] WorkerProc shutting down.
2026-03-19T04:24:50.7217342Z (Worker pid=5553) (Worker_DP0_TP7_EP7 pid=5553) INFO 03-19 04:24:50 [multiproc_executor.py:802] WorkerProc shutting down.
2026-03-19T04:24:50.7229732Z (Worker pid=4437) (Worker_DP0_TP5_EP5 pid=4437) INFO 03-19 04:24:50 [multiproc_executor.py:802] WorkerProc shutting down.
2026-03-19T04:24:50.7241015Z (Worker pid=3882) (Worker_DP1_TP4_EP12 pid=3882) INFO 03-19 04:24:50 [multiproc_executor.py:802] WorkerProc shutting down.
2026-03-19T04:24:50.7252168Z (Worker pid=3324) (Worker_DP1_TP3_EP11 pid=3324) INFO 03-19 04:24:50 [multiproc_executor.py:802] WorkerProc shutting down.
2026-03-19T04:24:50.7263689Z (Worker pid=4995) (Worker_DP0_TP6_EP6 pid=4995) INFO 03-19 04:24:50 [multiproc_executor.py:802] WorkerProc shutting down.
2026-03-19T04:24:50.7274444Z (Worker pid=2766) (Worker_DP1_TP2_EP10 pid=2766) INFO 03-19 04:24:50 [multiproc_executor.py:802] WorkerProc shutting down.
2026-03-19T04:24:50.7287059Z (Worker pid=4998) (Worker_DP1_TP6_EP14 pid=4998) INFO 03-19 04:24:50 [multiproc_executor.py:802] WorkerProc shutting down.
2026-03-19T04:24:50.7297264Z (Worker pid=4440) (Worker_DP1_TP5_EP13 pid=4440) INFO 03-19 04:24:50 [multiproc_executor.py:802] WorkerProc shutting down.
2026-03-19T04:24:50.7309526Z (Worker pid=5620) (Worker_DP1_TP7_EP15 pid=5620) INFO 03-19 04:24:50 [multiproc_executor.py:802] WorkerProc shutting down.
2026-03-19T04:24:57.0360470Z 
2026-03-19T04:24:57.0380062Z │ TTFT                     │ total   │ 2945.1989 ms   │ 733.711 ms     │ 5075.466 ms    │ 2953.322 ms    │ 3154.9649 ms   │ 4038.4932 ms   │ 4709.0588 ms   │ 512 │
2026-03-19T04:24:57.0411319Z ├──────────────────────────┼─────────┼────────────────┼────────────────┼────────────────┼────────────────┼────────────────┼────────────────┼────────────────┼─────┤
2026-03-19T04:24:57.0413049Z │ TPOT                     │ total   │ 140.1639 ms    │ 121.0344 ms    │ 161.5337 ms    │ 136.0697 ms    │ 150.4065 ms    │ 153.2532 ms    │ 158.7319 ms    │ 512 │
2026-03-19T04:24:57.0428762Z ├──────────────────────────┼─────────┼────────────────┼────────────────┼────────────────┼────────────────┼────────────────┼────────────────┼────────────────┼─────┤
2026-03-19T04:24:57.0444029Z │ ITL                      │ total   │ 139.0613 ms    │ 0.0092 ms      │ 1140.488 ms    │ 113.153 ms     │ 126.1601 ms    │ 133.0553 ms    │ 1035.2491 ms   │ 512 │
2026-03-19T04:24:57.0458693Z ├──────────────────────────┼─────────┼────────────────┼────────────────┼────────────────┼────────────────┼────────────────┼────────────────┼────────────────┼─────┤
2026-03-19T04:24:57.0474192Z │ InputTokens              │ total   │ 3516.6055      │ 3014.0         │ 3985.0         │ 3525.0         │ 3525.0         │ 3586.8         │ 3800.67        │ 512 │
2026-03-19T04:24:57.0490950Z ├──────────────────────────┼─────────┼────────────────┼────────────────┼────────────────┼────────────────┼────────────────┼────────────────┼────────────────┼─────┤
2026-03-19T04:24:57.0506603Z │ OutputTokens             │ total   │ 256.0          │ 256.0          │ 256.0          │ 256.0          │ 256.0          │ 256.0          │ 256.0          │ 512 │
2026-03-19T04:24:57.0522295Z ├──────────────────────────┼─────────┼────────────────┼────────────────┼────────────────┼────────────────┼────────────────┼────────────────┼────────────────┼─────┤
2026-03-19T04:24:57.0537699Z │ OutputTokenThroughput    │ total   │ 6.6417 token/s │ 5.9387 token/s │ 7.6536 token/s │ 6.7814 token/s │ 6.9431 token/s │ 7.1479 token/s │ 7.4193 token/s │ 512 │
2026-03-19T04:24:57.0554741Z ╘══════════════════════════╧═════════╧════════════════╧════════════════╧════════════════╧════════════════╧════════════════╧════════════════╧════════════════╧═════╛
2026-03-19T04:24:57.0568662Z ╒══════════════════════════╤═════════╤═══════════════════╕
2026-03-19T04:24:57.0584025Z │ Common Metric            │ Stage   │ Value             │
2026-03-19T04:24:57.0598079Z ╞══════════════════════════╪═════════╪═══════════════════╡
2026-03-19T04:24:57.0612505Z │ Benchmark Duration       │ total   │ 312398.4727 ms    │
2026-03-19T04:24:57.0654809Z ├──────────────────────────┼─────────┼───────────────────┤
2026-03-19T04:24:57.0655212Z │ Total Requests           │ total   │ 512               │
2026-03-19T04:24:57.0658129Z ├──────────────────────────┼─────────┼───────────────────┤
2026-03-19T04:24:57.0674435Z │ Failed Requests          │ total   │ 0                 │
2026-03-19T04:24:57.0689423Z ├──────────────────────────┼─────────┼───────────────────┤
2026-03-19T04:24:57.0704936Z │ Success Requests         │ total   │ 512               │
2026-03-19T04:24:57.0722778Z ├──────────────────────────┼─────────┼───────────────────┤
2026-03-19T04:24:57.0738582Z │ Concurrency              │ total   │ 63.4054           │
2026-03-19T04:24:57.0754339Z ├──────────────────────────┼─────────┼───────────────────┤
2026-03-19T04:24:57.0767508Z │ Max Concurrency          │ total   │ 64                │
2026-03-19T04:24:57.0782927Z ├──────────────────────────┼─────────┼───────────────────┤
2026-03-19T04:24:57.0796626Z │ Request Throughput       │ total   │ 1.6389 req/s      │
2026-03-19T04:24:57.0810782Z ├──────────────────────────┼─────────┼───────────────────┤
2026-03-19T04:24:57.0825189Z │ Total Input Tokens       │ total   │ 1800502           │
2026-03-19T04:24:57.0838870Z ├──────────────────────────┼─────────┼───────────────────┤
2026-03-19T04:24:57.0853309Z │ Prefill Token Throughput │ total   │ 1194.0129 token/s │
2026-03-19T04:24:57.0868814Z ├──────────────────────────┼─────────┼───────────────────┤
2026-03-19T04:24:57.0882928Z │ Total generated tokens   │ total   │ 131072            │
2026-03-19T04:24:57.0897016Z ├──────────────────────────┼─────────┼───────────────────┤
2026-03-19T04:24:57.0912166Z │ Input Token Throughput   │ total   │ 5763.4789 token/s │
2026-03-19T04:24:57.0925461Z ├──────────────────────────┼─────────┼───────────────────┤
2026-03-19T04:24:57.0938794Z │ Output Token Throughput  │ total   │ 419.5667 token/s  │
2026-03-19T04:24:57.0953310Z ├──────────────────────────┼─────────┼───────────────────┤
2026-03-19T04:24:57.0966626Z │ Total Token Throughput   │ total   │ 6183.0456 token/s │
2026-03-19T04:24:57.0980578Z ╘══════════════════════════╧═════════╧═══════════════════╛
2026-03-19T04:24:57.0994578Z 03/19 04:24:48 - AISBench - INFO - Performance Result files locate in outputs/default/20260319_041922/performances/vllm-api-stream-chat.
2026-03-19T04:24:57.1007524Z Getting performance results from file:  outputs/default/20260319_041922/performances/vllm-api-stream-chat/gsm8kdataset.json
2026-03-19T04:24:57.2202582Z /usr/local/python3.11.14/lib/python3.11/multiprocessing/resource_tracker.py:254: UserWarning: resource_tracker: There appear to be 2 leaked shared_memory objects to clean up at shutdown
2026-03-19T04:24:57.2211686Z   warnings.warn('resource_tracker: There appear to be %d '
2026-03-19T04:24:58.3878670Z PASSED
2026-03-19T04:24:58.3886453Z 
2026-03-19T04:24:58.3896082Z =============================== warnings summary ===============================
2026-03-19T04:24:58.3905082Z <frozen importlib._bootstrap>:241
2026-03-19T04:24:58.3915050Z   <frozen importlib._bootstrap>:241: DeprecationWarning: builtin type SwigPyPacked has no __module__ attribute
2026-03-19T04:24:58.3924358Z 
2026-03-19T04:24:58.3935432Z <frozen importlib._bootstrap>:241
2026-03-19T04:24:58.3945913Z   <frozen importlib._bootstrap>:241: DeprecationWarning: builtin type SwigPyObject has no __module__ attribute
2026-03-19T04:24:58.3954686Z 
2026-03-19T04:24:58.3964407Z ../vllm/vllm/entrypoints/openai/chat_completion/protocol.py:346
2026-03-19T04:24:58.3975419Z   /vllm-workspace/vllm/vllm/entrypoints/openai/chat_completion/protocol.py:346: DeprecationWarning: invalid escape sequence '\e'
2026-03-19T04:24:58.3984593Z     "(e.g. 'abcdabcdabcd...' or '\emoji \emoji \emoji ...'). This feature "
2026-03-19T04:24:58.3994252Z 
2026-03-19T04:24:58.4005040Z ../vllm/vllm/entrypoints/openai/completion/protocol.py:176
2026-03-19T04:24:58.4015731Z   /vllm-workspace/vllm/vllm/entrypoints/openai/completion/protocol.py:176: DeprecationWarning: invalid escape sequence '\e'
2026-03-19T04:24:58.4025449Z     "(e.g. 'abcdabcdabcd...' or '\emoji \emoji \emoji ...'). This feature "
2026-03-19T04:24:58.4035129Z 
2026-03-19T04:24:58.4045180Z ../../usr/local/python3.11.14/lib/python3.11/site-packages/transformers/models/auto/image_processing_auto.py:647
2026-03-19T04:24:58.4055933Z   /usr/local/python3.11.14/lib/python3.11/site-packages/transformers/models/auto/image_processing_auto.py:647: FutureWarning: The image_processor_class argument is deprecated and will be removed in v4.42. Please use `slow_image_processor_class`, or `fast_image_processor_class` instead
2026-03-19T04:24:58.4064792Z     warnings.warn(
2026-03-19T04:24:58.4074261Z 
2026-03-19T04:24:58.4083925Z vllm_ascend/patch/worker/patch_weight_utils.py:73
2026-03-19T04:24:58.4094849Z   /vllm-workspace/vllm-ascend/vllm_ascend/patch/worker/patch_weight_utils.py:73: DeprecationWarning: pkg_resources is deprecated as an API. See https://setuptools.pypa.io/en/latest/pkg_resources.html
2026-03-19T04:24:58.4103930Z     module = original_import(name, globals, locals, fromlist, level)
2026-03-19T04:24:58.4113696Z 
2026-03-19T04:24:58.4123374Z tests/e2e/nightly/multi_node/scripts/test_multi_node.py::test_multi_node
2026-03-19T04:24:58.4133972Z   /usr/local/python3.11.14/lib/python3.11/site-packages/pandas/core/dtypes/cast.py:1641: DeprecationWarning: np.find_common_type is deprecated.  Please use `np.result_type` or `np.promote_types`.
2026-03-19T04:24:58.4144071Z   See https://numpy.org/devdocs/release/1.25.0-notes.html and the docs for more information.  (Deprecated NumPy 1.25)
2026-03-19T04:24:58.4154376Z     return np.find_common_type(types, [])
2026-03-19T04:24:58.4163871Z 
2026-03-19T04:24:58.4174058Z -- Docs: https://docs.pytest.org/en/stable/how-to/capture-warnings.html
2026-03-19T04:24:58.4184311Z ================== 1 passed, 7 warnings in 1162.20s (0:19:22) ==================
2026-03-19T04:24:58.6630409Z sys:1: DeprecationWarning: builtin type swigvarlink has no __module__ attribute
2026-03-19T04:25:00.2173505Z [0;32m✓ All tests passed![0m
2026-03-19T04:25:00.3516328Z Cleaning up background log streams...
2026-03-19T04:25:00.8774254Z ##[group]Run actions/upload-artifact@v7
2026-03-19T04:25:00.8774540Z with:
2026-03-19T04:25:00.8774912Z   name: Kimi-K2-Instruct-W8A8.yaml-pod-logs
2026-03-19T04:25:00.8775213Z   path: /tmp/vllm*_logs.txt
2026-03-19T04:25:00.8775438Z   retention-days: 7
2026-03-19T04:25:00.8775655Z   if-no-files-found: warn
2026-03-19T04:25:00.8775884Z   compression-level: 6
2026-03-19T04:25:00.8776090Z   overwrite: false
2026-03-19T04:25:00.8776299Z   include-hidden-files: false
2026-03-19T04:25:00.8776528Z   archive: true
2026-03-19T04:25:00.8776717Z env:
2026-03-19T04:25:00.8776923Z   LWS_NAME: vllm-kimi-k2-instruct-w8a8
2026-03-19T04:25:00.8777210Z   LEADER_POD: vllm-kimi-k2-instruct-w8a8-0
2026-03-19T04:25:00.8777523Z   FAIL_TAG: FAIL_TAG_Kimi-K2-Instruct-W8A8.yaml
2026-03-19T04:25:00.8777804Z ##[endgroup]
2026-03-19T04:25:00.8804156Z ##[group]Run '/home/runner/k8s/index.js'
2026-03-19T04:25:00.8805002Z shell: /home/runner/externals/node20/bin/node {0}
2026-03-19T04:25:00.8805333Z ##[endgroup]
2026-03-19T04:25:01.3749227Z (node:1022) [DEP0005] DeprecationWarning: Buffer() is deprecated due to security and usability issues. Please use the Buffer.alloc(), Buffer.allocUnsafe(), or Buffer.from() methods instead.
2026-03-19T04:25:01.3750316Z (Use `node --trace-deprecation ...` to show where the warning was created)
2026-03-19T04:25:02.4634063Z With the provided path, there will be 1 file uploaded
2026-03-19T04:25:02.4640959Z Artifact name is valid!
2026-03-19T04:25:02.4641212Z Root directory input is valid!
2026-03-19T04:25:03.2502992Z Uploading artifact: Kimi-K2-Instruct-W8A8.yaml-pod-logs.zip
2026-03-19T04:25:03.3190461Z Beginning upload of artifact content to blob storage
2026-03-19T04:25:05.4613230Z Uploaded bytes 19665
2026-03-19T04:25:05.8746214Z Finished uploading artifact content to blob storage!
2026-03-19T04:25:05.8746845Z SHA256 digest of uploaded artifact is e27fb108288a7ac7c45b9bad05cd809ce2bb5d97a505f9a1b6673a0a811977ab
2026-03-19T04:25:05.8747412Z Finalizing artifact upload
2026-03-19T04:25:06.6634122Z Artifact Kimi-K2-Instruct-W8A8.yaml-pod-logs successfully finalized. Artifact ID 5999593274
2026-03-19T04:25:06.6634957Z Artifact Kimi-K2-Instruct-W8A8.yaml-pod-logs has been successfully uploaded! Final size is 19665 bytes. Artifact ID is 5999593274
2026-03-19T04:25:06.6639100Z Artifact download URL: https://github.com/vllm-project/vllm-ascend/actions/runs/23256097054/artifacts/5999593274
2026-03-19T04:25:08.5311410Z ##[group]Run echo "Current pod status:"
2026-03-19T04:25:08.5311790Z [36;1mecho "Current pod status:"[0m
2026-03-19T04:25:08.5312173Z [36;1mkubectl get pods -n "$NAMESPACE" --ignore-not-found=true[0m
2026-03-19T04:25:08.5312518Z [36;1m[0m
2026-03-19T04:25:08.5312758Z [36;1mecho "Deleting resources for [$LWS_NAME]..."[0m
2026-03-19T04:25:08.5313169Z [36;1mkubectl delete -f ./lws.yaml --ignore-not-found=true || true[0m
2026-03-19T04:25:08.5313528Z [36;1m[0m
2026-03-19T04:25:08.5313800Z [36;1mecho "Waiting for pods of [$LWS_NAME] to fully terminate..."[0m
2026-03-19T04:25:08.5314153Z [36;1mTIMEOUT=300[0m
2026-03-19T04:25:08.5314373Z [36;1mSLEEP_INTERVAL=5[0m
2026-03-19T04:25:08.5314628Z [36;1mSTART_TIME=$(date +%s)[0m
2026-03-19T04:25:08.5314868Z [36;1m[0m
2026-03-19T04:25:08.5315049Z [36;1mwhile true; do[0m
2026-03-19T04:25:08.5315278Z [36;1m  NOW=$(date +%s)[0m
2026-03-19T04:25:08.5315533Z [36;1m  ELAPSED=$((NOW - START_TIME))[0m
2026-03-19T04:25:08.5315821Z [36;1m[0m
2026-03-19T04:25:08.5316035Z [36;1m  if [[ $ELAPSED -ge $TIMEOUT ]]; then[0m
2026-03-19T04:25:08.5316494Z [36;1m    echo "Timeout reached ($TIMEOUT seconds) waiting for termination, continuing anyway."[0m
2026-03-19T04:25:08.5317040Z [36;1m    kubectl get pods -n "$NAMESPACE" | grep "^${LWS_NAME}-" || true[0m
2026-03-19T04:25:08.5317397Z [36;1m    break[0m
2026-03-19T04:25:08.5317592Z [36;1m  fi[0m
2026-03-19T04:25:08.5317781Z [36;1m[0m
2026-03-19T04:25:08.5318311Z [36;1m  PODS_EXIST=$(kubectl get pods -n "$NAMESPACE" -o jsonpath='{.items[*].metadata.name}' 2>/dev/null | tr ' ' '\n' | grep "^${LWS_NAME}-" || true)[0m
2026-03-19T04:25:08.5318902Z [36;1m[0m
2026-03-19T04:25:08.5319100Z [36;1m  if [[ -z "$PODS_EXIST" ]]; then[0m
2026-03-19T04:25:08.5319676Z [36;1m    echo "All pods for [$LWS_NAME] have terminated."[0m
2026-03-19T04:25:08.5320165Z [36;1m    break[0m
2026-03-19T04:25:08.5320368Z [36;1m  else[0m
2026-03-19T04:25:08.5320645Z [36;1m    echo "Waiting for pods to terminate: $PODS_EXIST"[0m
2026-03-19T04:25:08.5320969Z [36;1m    sleep $SLEEP_INTERVAL[0m
2026-03-19T04:25:08.5321223Z [36;1m  fi[0m
2026-03-19T04:25:08.5321414Z [36;1mdone[0m
2026-03-19T04:25:08.5321692Z shell: bash -el {0}
2026-03-19T04:25:08.5321887Z env:
2026-03-19T04:25:08.5322101Z   LWS_NAME: vllm-kimi-k2-instruct-w8a8
2026-03-19T04:25:08.5322404Z   LEADER_POD: vllm-kimi-k2-instruct-w8a8-0
2026-03-19T04:25:08.5322723Z   FAIL_TAG: FAIL_TAG_Kimi-K2-Instruct-W8A8.yaml
2026-03-19T04:25:08.5323011Z ##[endgroup]
2026-03-19T04:25:08.5405141Z ##[group]Run '/home/runner/k8s/index.js'
2026-03-19T04:25:08.5406081Z shell: /home/runner/externals/node20/bin/node {0}
2026-03-19T04:25:08.5406375Z ##[endgroup]
2026-03-19T04:25:08.9655406Z (node:1204) [DEP0005] DeprecationWarning: Buffer() is deprecated due to security and usability issues. Please use the Buffer.alloc(), Buffer.allocUnsafe(), or Buffer.from() methods instead.
2026-03-19T04:25:08.9656455Z (Use `node --trace-deprecation ...` to show where the warning was created)
2026-03-19T04:25:09.6719344Z Current pod status:
2026-03-19T04:25:10.0256976Z NAME                                             READY   STATUS    RESTARTS     AGE
2026-03-19T04:25:10.0257558Z linux-aarch64-a3-0-ggwx6-runner-gm6gw            1/1     Running   0            165m
2026-03-19T04:25:10.0258178Z linux-aarch64-a3-0-ggwx6-runner-gm6gw-workflow   1/1     Running   0            165m
2026-03-19T04:25:10.0258769Z linux-aarch64-a3-0-ggwx6-runner-nv7j4            1/1     Running   0            21m
2026-03-19T04:25:10.0259341Z linux-aarch64-a3-0-ggwx6-runner-nv7j4-workflow   1/1     Running   0            20m
2026-03-19T04:25:10.0260110Z linux-aarch64-a3-2-g4qts-runner-47d5d            1/1     Running   0            151m
2026-03-19T04:25:10.0260692Z linux-aarch64-a3-2-g4qts-runner-47d5d-workflow   1/1     Running   0            150m
2026-03-19T04:25:10.0261255Z linux-aarch64-a3-2-g4qts-runner-scmzx            1/1     Running   0            127m
2026-03-19T04:25:10.0262110Z linux-aarch64-a3-2-g4qts-runner-scmzx-workflow   1/1     Running   0            124m
2026-03-19T04:25:10.0262696Z linux-aarch64-a3-2-g4qts-runner-zqg25            1/1     Running   0            127m
2026-03-19T04:25:10.0263252Z linux-aarch64-a3-2-g4qts-runner-zqg25-workflow   1/1     Running   0            125m
2026-03-19T04:25:10.0263802Z linux-aarch64-a3-2-nqp5k-runner-8j99w            1/1     Running   0            62m
2026-03-19T04:25:10.0264344Z linux-aarch64-a3-2-nqp5k-runner-bmddc            1/1     Running   0            57m
2026-03-19T04:25:10.0264900Z linux-aarch64-a3-2-nqp5k-runner-bmddc-workflow   1/1     Running   0            17m
2026-03-19T04:25:10.0265463Z linux-aarch64-a3-2-nqp5k-runner-cz8f4            1/1     Running   0            4m37s
2026-03-19T04:25:10.0266009Z linux-aarch64-a3-2-nqp5k-runner-dgg88            1/1     Running   0            57m
2026-03-19T04:25:10.0266556Z linux-aarch64-a3-2-nqp5k-runner-dgg88-workflow   1/1     Running   0            17m
2026-03-19T04:25:10.0267115Z linux-aarch64-a3-2-nqp5k-runner-hgfq6            1/1     Running   0            31m
2026-03-19T04:25:10.0267680Z linux-aarch64-a3-2-nqp5k-runner-hgfq6-workflow   1/1     Running   0            9m54s
2026-03-19T04:25:10.0268241Z linux-aarch64-a3-2-nqp5k-runner-j7x2z            1/1     Running   0            57m
2026-03-19T04:25:10.0268791Z linux-aarch64-a3-2-nqp5k-runner-j7x2z-workflow   1/1     Running   0            43m
2026-03-19T04:25:10.0269340Z linux-aarch64-a3-2-nqp5k-runner-npk5h            1/1     Running   0            57m
2026-03-19T04:25:10.0270116Z linux-aarch64-a3-2-nqp5k-runner-sh5cq            1/1     Running   0            57m
2026-03-19T04:25:10.0270670Z linux-aarch64-a3-2-nqp5k-runner-sh5cq-workflow   1/1     Running   0            43m
2026-03-19T04:25:10.0271350Z linux-aarch64-a3-2-nqp5k-runner-tzhg8            1/1     Running   0            58m
2026-03-19T04:25:10.0271915Z linux-aarch64-a3-2-nqp5k-runner-tzhg8-workflow   1/1     Running   0            4m20s
2026-03-19T04:25:10.0272477Z linux-aarch64-a3-2-nqp5k-runner-wmhfz            1/1     Running   0            31m
2026-03-19T04:25:10.0273041Z linux-aarch64-a3-2-nqp5k-runner-wmhfz-workflow   1/1     Running   0            9m53s
2026-03-19T04:25:10.0273612Z linux-aarch64-a3-4-6xdjs-runner-hx7z7            1/1     Running   0            179m
2026-03-19T04:25:10.0274175Z linux-aarch64-a3-4-6xdjs-runner-hx7z7-workflow   1/1     Running   0            179m
2026-03-19T04:25:10.0274741Z linux-aarch64-a3-4-6xdjs-runner-pq8g5            1/1     Running   0            127m
2026-03-19T04:25:10.0275294Z linux-aarch64-a3-4-6xdjs-runner-pq8g5-workflow   1/1     Running   0            123m
2026-03-19T04:25:10.0275849Z linux-aarch64-a3-4-6xdjs-runner-zbml8            1/1     Running   0            127m
2026-03-19T04:25:10.0276410Z linux-aarch64-a3-4-6xdjs-runner-zbml8-workflow   1/1     Running   0            123m
2026-03-19T04:25:10.0276962Z linux-aarch64-a3-4-92cdc-runner-44rh4            1/1     Running   0            61m
2026-03-19T04:25:10.0277500Z linux-aarch64-a3-4-92cdc-runner-b9sxf            1/1     Running   0            61m
2026-03-19T04:25:10.0278023Z linux-aarch64-a3-4-92cdc-runner-cldcc            1/1     Running   0            61m
2026-03-19T04:25:10.0278592Z linux-aarch64-a3-4-92cdc-runner-cldcc-workflow   1/1     Running   0            43m
2026-03-19T04:25:10.0279143Z linux-aarch64-a3-4-92cdc-runner-cr7fj            1/1     Running   0            61m
2026-03-19T04:25:10.0279739Z linux-aarch64-a3-4-92cdc-runner-gs5hd            1/1     Running   0            61m
2026-03-19T04:25:10.0280425Z linux-aarch64-a3-4-92cdc-runner-gs5hd-workflow   1/1     Running   0            43m
2026-03-19T04:25:10.0280977Z linux-aarch64-a3-4-92cdc-runner-hnj7w            1/1     Running   0            43m
2026-03-19T04:25:10.0281509Z linux-aarch64-a3-4-92cdc-runner-mjncj            1/1     Running   0            56m
2026-03-19T04:25:10.0282084Z linux-aarch64-a3-4-92cdc-runner-mjncj-workflow   1/1     Running   0            4m20s
2026-03-19T04:25:10.0282755Z linux-aarch64-a3-4-92cdc-runner-szqbb            1/1     Running   0            43m
2026-03-19T04:25:10.0283301Z vllm-deepseek-r1-w8a8-longseq-0                  1/1     Running   0            164m
2026-03-19T04:25:10.0283840Z vllm-deepseek-r1-w8a8-longseq-0-1                1/1     Running   0            164m
2026-03-19T04:25:10.0284352Z vllm-kimi-k2-instruct-w8a8-0                     1/1     Running   1 (9s ago)   20m
2026-03-19T04:25:10.0284863Z vllm-kimi-k2-instruct-w8a8-0-1                   1/1     Running   1 (3s ago)   20m
2026-03-19T04:25:10.0292747Z Deleting resources for [vllm-kimi-k2-instruct-w8a8]...
2026-03-19T04:25:10.0927376Z leaderworkerset.leaderworkerset.x-k8s.io "vllm-kimi-k2-instruct-w8a8" deleted from vllm-project namespace
2026-03-19T04:25:10.1296103Z service "vllm-kimi-k2-instruct-w8a8-leader" deleted from vllm-project namespace
2026-03-19T04:25:10.1438755Z Waiting for pods of [vllm-kimi-k2-instruct-w8a8] to fully terminate...
2026-03-19T04:25:10.3908177Z Waiting for pods to terminate: vllm-kimi-k2-instruct-w8a8-0
2026-03-19T04:25:10.3908582Z vllm-kimi-k2-instruct-w8a8-0-1
2026-03-19T04:25:15.5498934Z Waiting for pods to terminate: vllm-kimi-k2-instruct-w8a8-0
2026-03-19T04:25:15.5499363Z vllm-kimi-k2-instruct-w8a8-0-1
2026-03-19T04:25:20.7189294Z Waiting for pods to terminate: vllm-kimi-k2-instruct-w8a8-0
2026-03-19T04:25:20.7189728Z vllm-kimi-k2-instruct-w8a8-0-1
2026-03-19T04:25:26.0541402Z Waiting for pods to terminate: vllm-kimi-k2-instruct-w8a8-0
2026-03-19T04:25:26.0541830Z vllm-kimi-k2-instruct-w8a8-0-1
2026-03-19T04:25:31.2851276Z Waiting for pods to terminate: vllm-kimi-k2-instruct-w8a8-0
2026-03-19T04:25:31.2851697Z vllm-kimi-k2-instruct-w8a8-0-1
2026-03-19T04:25:36.5378699Z Waiting for pods to terminate: vllm-kimi-k2-instruct-w8a8-0
2026-03-19T04:25:36.5379457Z vllm-kimi-k2-instruct-w8a8-0-1
2026-03-19T04:25:41.6935059Z Waiting for pods to terminate: vllm-kimi-k2-instruct-w8a8-0-1
2026-03-19T04:25:46.8556962Z Waiting for pods to terminate: vllm-kimi-k2-instruct-w8a8-0-1
2026-03-19T04:25:52.0857919Z Waiting for pods to terminate: vllm-kimi-k2-instruct-w8a8-0-1
2026-03-19T04:25:57.2375207Z Waiting for pods to terminate: vllm-kimi-k2-instruct-w8a8-0-1
2026-03-19T04:26:02.4578644Z Waiting for pods to terminate: vllm-kimi-k2-instruct-w8a8-0-1
2026-03-19T04:26:07.6153393Z Waiting for pods to terminate: vllm-kimi-k2-instruct-w8a8-0-1
2026-03-19T04:26:12.7813453Z All pods for [vllm-kimi-k2-instruct-w8a8] have terminated.
2026-03-19T04:26:13.4147094Z Post job cleanup.
2026-03-19T04:26:13.4170749Z ##[group]Run '/home/runner/k8s/index.js'
2026-03-19T04:26:13.4171703Z shell: /home/runner/externals/node20/bin/node {0}
2026-03-19T04:26:13.4172010Z ##[endgroup]
2026-03-19T04:26:13.8476389Z (node:1353) [DEP0005] DeprecationWarning: Buffer() is deprecated due to security and usability issues. Please use the Buffer.alloc(), Buffer.allocUnsafe(), or Buffer.from() methods instead.
2026-03-19T04:26:13.8477429Z (Use `node --trace-deprecation ...` to show where the warning was created)
2026-03-19T04:26:14.6712691Z [command]/usr/bin/git version
2026-03-19T04:26:14.6876034Z git version 2.34.1
2026-03-19T04:26:14.6908978Z Copying '/root/.gitconfig' to '/__w/_temp/a630c688-8d2d-4873-8080-5ee0d26d6edc/.gitconfig'
2026-03-19T04:26:14.6920897Z Temporarily overriding HOME='/__w/_temp/a630c688-8d2d-4873-8080-5ee0d26d6edc' before making global git config changes
2026-03-19T04:26:14.6921831Z Adding repository directory to the temporary git global config as a safe directory
2026-03-19T04:26:14.6924554Z [command]/usr/bin/git config --global --add safe.directory /__w/vllm-ascend/vllm-ascend
2026-03-19T04:26:14.6966136Z Removing SSH command configuration
2026-03-19T04:26:14.6970727Z [command]/usr/bin/git config --local --name-only --get-regexp core\.sshCommand
2026-03-19T04:26:14.7025922Z [command]/usr/bin/git submodule foreach --recursive sh -c "git config --local --name-only --get-regexp 'core\.sshCommand' && git config --local --unset-all 'core.sshCommand' || :"
2026-03-19T04:26:14.7520088Z Removing HTTP extra header
2026-03-19T04:26:14.7523269Z [command]/usr/bin/git config --local --name-only --get-regexp http\.https\:\/\/github\.com\/\.extraheader
2026-03-19T04:26:14.7552011Z [command]/usr/bin/git submodule foreach --recursive sh -c "git config --local --name-only --get-regexp 'http\.https\:\/\/github\.com\/\.extraheader' && git config --local --unset-all 'http.https://github.com/.extraheader' || :"
2026-03-19T04:26:14.7777929Z Removing includeIf entries pointing to credentials config files
2026-03-19T04:26:14.7778455Z [command]/usr/bin/git config --local --name-only --get-regexp ^includeIf\.gitdir:
2026-03-19T04:26:14.7798326Z includeif.gitdir:/__w/vllm-ascend/vllm-ascend/.git.path
2026-03-19T04:26:14.7798801Z includeif.gitdir:/__w/vllm-ascend/vllm-ascend/.git/worktrees/*.path
2026-03-19T04:26:14.7799240Z includeif.gitdir:/github/workspace/.git.path
2026-03-19T04:26:14.7799618Z includeif.gitdir:/github/workspace/.git/worktrees/*.path
2026-03-19T04:26:14.7805581Z [command]/usr/bin/git config --local --get-all includeif.gitdir:/__w/vllm-ascend/vllm-ascend/.git.path
2026-03-19T04:26:14.7824993Z /__w/_temp/git-credentials-8b65d64f-fc52-4333-81cf-0a6dade48e3f.config
2026-03-19T04:26:14.7833015Z [command]/usr/bin/git config --local --unset includeif.gitdir:/__w/vllm-ascend/vllm-ascend/.git.path /__w/_temp/git-credentials-8b65d64f-fc52-4333-81cf-0a6dade48e3f.config
2026-03-19T04:26:14.7865467Z [command]/usr/bin/git config --local --get-all includeif.gitdir:/__w/vllm-ascend/vllm-ascend/.git/worktrees/*.path
2026-03-19T04:26:14.7884820Z /__w/_temp/git-credentials-8b65d64f-fc52-4333-81cf-0a6dade48e3f.config
2026-03-19T04:26:14.7892146Z [command]/usr/bin/git config --local --unset includeif.gitdir:/__w/vllm-ascend/vllm-ascend/.git/worktrees/*.path /__w/_temp/git-credentials-8b65d64f-fc52-4333-81cf-0a6dade48e3f.config
2026-03-19T04:26:14.7918888Z [command]/usr/bin/git config --local --get-all includeif.gitdir:/github/workspace/.git.path
2026-03-19T04:26:14.7938302Z /github/runner_temp/git-credentials-8b65d64f-fc52-4333-81cf-0a6dade48e3f.config
2026-03-19T04:26:14.7944756Z [command]/usr/bin/git config --local --unset includeif.gitdir:/github/workspace/.git.path /github/runner_temp/git-credentials-8b65d64f-fc52-4333-81cf-0a6dade48e3f.config
2026-03-19T04:26:14.7971836Z [command]/usr/bin/git config --local --get-all includeif.gitdir:/github/workspace/.git/worktrees/*.path
2026-03-19T04:26:14.7991356Z /github/runner_temp/git-credentials-8b65d64f-fc52-4333-81cf-0a6dade48e3f.config
2026-03-19T04:26:14.7997583Z [command]/usr/bin/git config --local --unset includeif.gitdir:/github/workspace/.git/worktrees/*.path /github/runner_temp/git-credentials-8b65d64f-fc52-4333-81cf-0a6dade48e3f.config
2026-03-19T04:26:14.8025718Z [command]/usr/bin/git submodule foreach --recursive git config --local --show-origin --name-only --get-regexp remote.origin.url
2026-03-19T04:26:14.8207013Z Removing credentials config '/__w/_temp/git-credentials-8b65d64f-fc52-4333-81cf-0a6dade48e3f.config'
2026-03-19T04:26:34.7005192Z ##[group]Run '/home/runner/k8s/index.js'
2026-03-19T04:26:34.7006145Z shell: /home/runner/externals/node20/bin/node {0}
2026-03-19T04:26:34.7006453Z ##[endgroup]
2026-03-19T04:26:35.1968870Z Cleaning up orphan processes
