# Run ID: 22772118594
# Commit: 01d3515dcfa28468c966cebee341104533e6a4c1
# Job: multi-node (multi-node-kimi-k2-instruct-w8a8, Kimi-K2-Instruct-W8A8.yaml, 2) / Kimi-K2-Instruct-W8A8.yaml
# Date: 2026-03-06
============================================================

﻿2026-03-06T22:54:25.3855688Z Current runner version: '2.330.0'
2026-03-06T22:54:25.3861718Z Runner name: 'linux-aarch64-a3-0-n4cwm-runner-q6nwt'
2026-03-06T22:54:25.3862529Z Runner group name: 'Default'
2026-03-06T22:54:25.3863394Z Machine name: 'linux-aarch64-a3-0-n4cwm-runner-q6nwt'
2026-03-06T22:54:25.3866069Z ##[group]GITHUB_TOKEN Permissions
2026-03-06T22:54:25.3868240Z Contents: read
2026-03-06T22:54:25.3868769Z Issues: read
2026-03-06T22:54:25.3869209Z Metadata: read
2026-03-06T22:54:25.3869751Z PullRequests: read
2026-03-06T22:54:25.3870376Z ##[endgroup]
2026-03-06T22:54:25.3872319Z Secret source: Actions
2026-03-06T22:54:25.3872950Z Prepare workflow directory
2026-03-06T22:54:25.4468931Z Prepare all required actions
2026-03-06T22:54:25.4505231Z Getting action download info
2026-03-06T22:54:26.5841372Z Download action repository 'actions/checkout@v6' (SHA:de0fac2e4500dabe0009e67214ff5f5447ce83dd)
2026-03-06T22:54:30.9575542Z Download action repository 'actions/upload-artifact@v7' (SHA:bbbca2ddaa5d8feaa63e36b76fdaad77386f024f)
2026-03-06T22:54:34.5416095Z Uses: vllm-project/vllm-ascend/.github/workflows/_e2e_nightly_multi_node.yaml@refs/heads/main (01d3515dcfa28468c966cebee341104533e6a4c1)
2026-03-06T22:54:34.5420466Z ##[group] Inputs
2026-03-06T22:54:34.5420885Z   soc_version: a3
2026-03-06T22:54:34.5421273Z   runner: linux-aarch64-a3-0
2026-03-06T22:54:34.5421821Z   image: swr.cn-southwest-2.myhuaweicloud.com/base_image/ascend-ci/vllm-ascend:nightly-a3
2026-03-06T22:54:34.5422385Z   config_file_path: Kimi-K2-Instruct-W8A8.yaml
2026-03-06T22:54:34.5422773Z   replicas: 1
2026-03-06T22:54:34.5423026Z   size: 2
2026-03-06T22:54:34.5423302Z   vllm_version: v0.16.0
2026-03-06T22:54:34.5423766Z   vllm_ascend_remote_url: https://github.com/vllm-project/vllm-ascend.git
2026-03-06T22:54:34.5424225Z   vllm_ascend_ref: main
2026-03-06T22:54:34.5424989Z   is_pr_test: false
2026-03-06T22:54:34.5425301Z   is_run: true
2026-03-06T22:54:34.5425580Z ##[endgroup]
2026-03-06T22:54:34.5426275Z Complete job name: multi-node (multi-node-kimi-k2-instruct-w8a8, Kimi-K2-Instruct-W8A8.yaml, 2) / Kimi-K2-Instruct-W8A8.yaml
2026-03-06T22:54:34.6081949Z ##[group]Run '/home/runner/k8s/index.js'
2026-03-06T22:54:34.6084976Z shell: /home/runner/externals/node20/bin/node {0}
2026-03-06T22:54:34.6085739Z ##[endgroup]
2026-03-06T22:54:42.1760527Z (node:119) [DEP0005] DeprecationWarning: Buffer() is deprecated due to security and usability issues. Please use the Buffer.alloc(), Buffer.allocUnsafe(), or Buffer.from() methods instead.
2026-03-06T22:54:42.1762059Z (Use `node --trace-deprecation ...` to show where the warning was created)
2026-03-06T22:54:43.2771088Z ##[group]Run # Decode and save kubeconfig
2026-03-06T22:54:43.2771718Z [36;1m# Decode and save kubeconfig[0m
2026-03-06T22:54:43.2772119Z [36;1mif [ "false" = "true" ]; then[0m
2026-03-06T22:54:43.2772495Z [36;1m  echo "PR test mode"[0m
2026-03-06T22:54:43.2772830Z [36;1m  if [ "a3" = "a3" ]; then[0m
2026-03-06T22:54:43.2773230Z [36;1m    echo "Using A3 cached kubeconfig"[0m
2026-03-06T22:54:43.2773651Z [36;1m    cp /root/.cache/.kube/kubeconfig.yaml "$KUBECONFIG"[0m
2026-03-06T22:54:43.2774098Z [36;1m  else[0m
2026-03-06T22:54:43.2774470Z [36;1m    echo "Using A2 cached kubeconfig"[0m
2026-03-06T22:54:43.2774865Z [36;1m    cp /root/.cache/.kube/hk_001_kb.yaml "$KUBECONFIG"[0m
2026-03-06T22:54:43.2775265Z [36;1m  fi[0m
2026-03-06T22:54:43.2775521Z [36;1melse[0m
2026-03-06T22:54:43.2775854Z [36;1m  echo "Decoding kubeconfig from secrets"[0m
2026-03-06T22:54:43.2823597Z [36;1m  echo "***" | base64 -d > "$KUBECONFIG"[0m
2026-03-06T22:54:43.2824107Z [36;1mfi[0m
2026-03-06T22:54:43.2824615Z shell: bash -el {0}
2026-03-06T22:54:43.2824967Z ##[endgroup]
2026-03-06T22:54:43.2958136Z ##[group]Run '/home/runner/k8s/index.js'
2026-03-06T22:54:43.2959338Z shell: /home/runner/externals/node20/bin/node {0}
2026-03-06T22:54:43.2959778Z ##[endgroup]
2026-03-06T22:54:43.7230259Z (node:297) [DEP0005] DeprecationWarning: Buffer() is deprecated due to security and usability issues. Please use the Buffer.alloc(), Buffer.allocUnsafe(), or Buffer.from() methods instead.
2026-03-06T22:54:43.7231710Z (Use `node --trace-deprecation ...` to show where the warning was created)
2026-03-06T22:54:43.9779966Z Decoding kubeconfig from secrets
2026-03-06T22:54:44.2010915Z ##[group]Run actions/checkout@v6
2026-03-06T22:54:44.2011264Z with:
2026-03-06T22:54:44.2011504Z   repository: vllm-project/vllm-ascend
2026-03-06T22:54:44.2012022Z   token: ***
2026-03-06T22:54:44.2012243Z   ssh-strict: true
2026-03-06T22:54:44.2012473Z   ssh-user: git
2026-03-06T22:54:44.2012714Z   persist-credentials: true
2026-03-06T22:54:44.2012971Z   clean: true
2026-03-06T22:54:44.2013211Z   sparse-checkout-cone-mode: true
2026-03-06T22:54:44.2013497Z   fetch-depth: 1
2026-03-06T22:54:44.2013686Z   fetch-tags: false
2026-03-06T22:54:44.2013885Z   show-progress: true
2026-03-06T22:54:44.2014078Z   lfs: false
2026-03-06T22:54:44.2014257Z   submodules: false
2026-03-06T22:54:44.2014457Z   set-safe-directory: true
2026-03-06T22:54:44.2014680Z ##[endgroup]
2026-03-06T22:54:44.2062592Z ##[group]Run '/home/runner/k8s/index.js'
2026-03-06T22:54:44.2063529Z shell: /home/runner/externals/node20/bin/node {0}
2026-03-06T22:54:44.2063845Z ##[endgroup]
2026-03-06T22:54:44.6358828Z (node:329) [DEP0005] DeprecationWarning: Buffer() is deprecated due to security and usability issues. Please use the Buffer.alloc(), Buffer.allocUnsafe(), or Buffer.from() methods instead.
2026-03-06T22:54:44.6359817Z (Use `node --trace-deprecation ...` to show where the warning was created)
2026-03-06T22:54:44.9904868Z Syncing repository: vllm-project/vllm-ascend
2026-03-06T22:54:44.9906185Z ##[group]Getting Git version info
2026-03-06T22:54:44.9906543Z Working directory is '/__w/vllm-ascend/vllm-ascend'
2026-03-06T22:54:44.9907056Z [command]/usr/bin/git version
2026-03-06T22:54:44.9907303Z git version 2.34.1
2026-03-06T22:54:44.9922571Z ##[endgroup]
2026-03-06T22:54:44.9930736Z Copying '/root/.gitconfig' to '/__w/_temp/342d53b6-8a1b-48ef-8e64-064f5a8263a4/.gitconfig'
2026-03-06T22:54:44.9939218Z Temporarily overriding HOME='/__w/_temp/342d53b6-8a1b-48ef-8e64-064f5a8263a4' before making global git config changes
2026-03-06T22:54:44.9940252Z Adding repository directory to the temporary git global config as a safe directory
2026-03-06T22:54:44.9942885Z [command]/usr/bin/git config --global --add safe.directory /__w/vllm-ascend/vllm-ascend
2026-03-06T22:54:44.9965529Z Deleting the contents of '/__w/vllm-ascend/vllm-ascend'
2026-03-06T22:54:44.9968565Z ##[group]Initializing the repository
2026-03-06T22:54:44.9972141Z [command]/usr/bin/git init /__w/vllm-ascend/vllm-ascend
2026-03-06T22:54:44.9991399Z hint: Using 'master' as the name for the initial branch. This default branch name
2026-03-06T22:54:44.9992035Z hint: is subject to change. To configure the initial branch name to use in all
2026-03-06T22:54:44.9992633Z hint: of your new repositories, which will suppress this warning, call:
2026-03-06T22:54:44.9993048Z hint: 
2026-03-06T22:54:44.9993349Z hint: 	git config --global init.defaultBranch <name>
2026-03-06T22:54:44.9993716Z hint: 
2026-03-06T22:54:44.9994041Z hint: Names commonly chosen instead of 'master' are 'main', 'trunk' and
2026-03-06T22:54:44.9994652Z hint: 'development'. The just-created branch can be renamed via this command:
2026-03-06T22:54:44.9995112Z hint: 
2026-03-06T22:54:44.9995322Z hint: 	git branch -m <name>
2026-03-06T22:54:45.0007648Z Initialized empty Git repository in /__w/vllm-ascend/vllm-ascend/.git/
2026-03-06T22:54:45.0014102Z [command]/usr/bin/git remote add origin https://github.com/vllm-project/vllm-ascend
2026-03-06T22:54:45.0036782Z ##[endgroup]
2026-03-06T22:54:45.0037155Z ##[group]Disabling automatic garbage collection
2026-03-06T22:54:45.0040318Z [command]/usr/bin/git config --local gc.auto 0
2026-03-06T22:54:45.0057539Z ##[endgroup]
2026-03-06T22:54:45.0057857Z ##[group]Setting up auth
2026-03-06T22:54:45.0058932Z Removing SSH command configuration
2026-03-06T22:54:45.0063625Z [command]/usr/bin/git config --local --name-only --get-regexp core\.sshCommand
2026-03-06T22:54:45.0084421Z [command]/usr/bin/git submodule foreach --recursive sh -c "git config --local --name-only --get-regexp 'core\.sshCommand' && git config --local --unset-all 'core.sshCommand' || :"
2026-03-06T22:54:45.0234670Z Removing HTTP extra header
2026-03-06T22:54:45.0237805Z [command]/usr/bin/git config --local --name-only --get-regexp http\.https\:\/\/github\.com\/\.extraheader
2026-03-06T22:54:45.0257423Z [command]/usr/bin/git submodule foreach --recursive sh -c "git config --local --name-only --get-regexp 'http\.https\:\/\/github\.com\/\.extraheader' && git config --local --unset-all 'http.https://github.com/.extraheader' || :"
2026-03-06T22:54:45.0399060Z Removing includeIf entries pointing to credentials config files
2026-03-06T22:54:45.0402760Z [command]/usr/bin/git config --local --name-only --get-regexp ^includeIf\.gitdir:
2026-03-06T22:54:45.0423615Z [command]/usr/bin/git submodule foreach --recursive git config --local --show-origin --name-only --get-regexp remote.origin.url
2026-03-06T22:54:45.0575299Z [command]/usr/bin/git config --file /__w/_temp/git-credentials-6edf9138-4ed8-446e-a7fc-7e501ea6a7b2.config http.https://github.com/.extraheader AUTHORIZATION: basic ***
2026-03-06T22:54:45.0600720Z [command]/usr/bin/git config --local includeIf.gitdir:/__w/vllm-ascend/vllm-ascend/.git.path /__w/_temp/git-credentials-6edf9138-4ed8-446e-a7fc-7e501ea6a7b2.config
2026-03-06T22:54:45.0619034Z [command]/usr/bin/git config --local includeIf.gitdir:/__w/vllm-ascend/vllm-ascend/.git/worktrees/*.path /__w/_temp/git-credentials-6edf9138-4ed8-446e-a7fc-7e501ea6a7b2.config
2026-03-06T22:54:45.0638542Z [command]/usr/bin/git config --local includeIf.gitdir:/github/workspace/.git.path /github/runner_temp/git-credentials-6edf9138-4ed8-446e-a7fc-7e501ea6a7b2.config
2026-03-06T22:54:45.0656012Z [command]/usr/bin/git config --local includeIf.gitdir:/github/workspace/.git/worktrees/*.path /github/runner_temp/git-credentials-6edf9138-4ed8-446e-a7fc-7e501ea6a7b2.config
2026-03-06T22:54:45.0671470Z ##[endgroup]
2026-03-06T22:54:45.0671834Z ##[group]Fetching the repository
2026-03-06T22:54:45.0678853Z [command]/usr/bin/git -c protocol.version=2 fetch --no-tags --prune --no-recurse-submodules --depth=1 origin +01d3515dcfa28468c966cebee341104533e6a4c1:refs/remotes/origin/main
2026-03-06T22:54:46.7990094Z From https://gh-proxy.test.osinfra.cn/https://github.com/vllm-project/vllm-ascend
2026-03-06T22:54:46.7990829Z  * [new ref]         01d3515dcfa28468c966cebee341104533e6a4c1 -> origin/main
2026-03-06T22:54:46.8005281Z [command]/usr/bin/git branch --list --remote origin/main
2026-03-06T22:54:46.8021521Z   origin/main
2026-03-06T22:54:46.8027838Z [command]/usr/bin/git rev-parse refs/remotes/origin/main
2026-03-06T22:54:46.8041457Z 01d3515dcfa28468c966cebee341104533e6a4c1
2026-03-06T22:54:46.8044297Z ##[endgroup]
2026-03-06T22:54:46.8044652Z ##[group]Determining the checkout info
2026-03-06T22:54:46.8045602Z ##[endgroup]
2026-03-06T22:54:46.8049326Z [command]/usr/bin/git sparse-checkout disable
2026-03-06T22:54:46.8079988Z [command]/usr/bin/git config --local --unset-all extensions.worktreeConfig
2026-03-06T22:54:46.8097388Z ##[group]Checking out the ref
2026-03-06T22:54:46.8100877Z [command]/usr/bin/git checkout --progress --force -B main refs/remotes/origin/main
2026-03-06T22:54:46.8904574Z Switched to a new branch 'main'
2026-03-06T22:54:46.8904948Z Branch 'main' set up to track remote branch 'main' from 'origin'.
2026-03-06T22:54:46.8909349Z ##[endgroup]
2026-03-06T22:54:46.8936974Z [command]/usr/bin/git log -1 --format=%H
2026-03-06T22:54:46.8952529Z 01d3515dcfa28468c966cebee341104533e6a4c1
2026-03-06T22:54:48.1915209Z ##[group]Run # prepare for lws entrypoint scripts
2026-03-06T22:54:48.1915610Z [36;1m# prepare for lws entrypoint scripts[0m
2026-03-06T22:54:48.1916087Z [36;1minstall -D tests/e2e/nightly/multi_node/scripts/run.sh /root/.cache/tests/run.sh[0m
2026-03-06T22:54:48.1916633Z shell: bash -el {0}
2026-03-06T22:54:48.1916843Z ##[endgroup]
2026-03-06T22:54:48.1996702Z ##[group]Run '/home/runner/k8s/index.js'
2026-03-06T22:54:48.1997752Z shell: /home/runner/externals/node20/bin/node {0}
2026-03-06T22:54:48.1998048Z ##[endgroup]
2026-03-06T22:54:48.6231106Z (node:384) [DEP0005] DeprecationWarning: Buffer() is deprecated due to security and usability issues. Please use the Buffer.alloc(), Buffer.allocUnsafe(), or Buffer.from() methods instead.
2026-03-06T22:54:48.6232080Z (Use `node --trace-deprecation ...` to show where the warning was created)
2026-03-06T22:54:49.1494002Z ##[group]Run set -euo pipefail
2026-03-06T22:54:49.1494344Z [36;1mset -euo pipefail[0m
2026-03-06T22:54:49.1494573Z [36;1m[0m
2026-03-06T22:54:49.1494768Z [36;1mCRD_NAME="${CRD_NAME:-vllm}"[0m
2026-03-06T22:54:49.1495045Z [36;1mTIMEOUT=${TIMEOUT:-120}[0m
2026-03-06T22:54:49.1495302Z [36;1mSLEEP_INTERVAL=2[0m
2026-03-06T22:54:49.1495520Z [36;1m[0m
2026-03-06T22:54:49.1495856Z [36;1mecho "Deleting leaderworkerset [$CRD_NAME] in namespace [$NAMESPACE]..."[0m
2026-03-06T22:54:49.1496433Z [36;1mkubectl delete leaderworkerset "$CRD_NAME" -n "$NAMESPACE" --ignore-not-found[0m
2026-03-06T22:54:49.1496854Z [36;1m[0m
2026-03-06T22:54:49.1497150Z [36;1mecho "Waiting for all pods starting with 'vllm' to be deleted..."[0m
2026-03-06T22:54:49.1497533Z [36;1mSTART_TIME=$(date +%s)[0m
2026-03-06T22:54:49.1497765Z [36;1m[0m
2026-03-06T22:54:49.1497951Z [36;1mwhile true; do[0m
2026-03-06T22:54:49.1498251Z [36;1m  NOW=$(date +%s)[0m
2026-03-06T22:54:49.1498545Z [36;1m  ELAPSED=$((NOW - START_TIME))[0m
2026-03-06T22:54:49.1498805Z [36;1m[0m
2026-03-06T22:54:49.1499023Z [36;1m  if [[ $ELAPSED -ge $TIMEOUT ]]; then[0m
2026-03-06T22:54:49.1499425Z [36;1m    echo "Timeout reached ($TIMEOUT seconds), some pods still exist:"[0m
2026-03-06T22:54:49.1500009Z [36;1m    kubectl get pods -n "$NAMESPACE" | grep '^vllm' || true[0m
2026-03-06T22:54:49.1500389Z [36;1m    exit 1[0m
2026-03-06T22:54:49.1500608Z [36;1m  fi[0m
2026-03-06T22:54:49.1500795Z [36;1m[0m
2026-03-06T22:54:49.1501315Z [36;1m  PODS_EXIST=$(kubectl get pods -n "$NAMESPACE" -o jsonpath='{.items[*].metadata.name}' 2>/dev/null | tr ' ' '\n' | grep '^vllm' || true)[0m
2026-03-06T22:54:49.1501895Z [36;1m[0m
2026-03-06T22:54:49.1502100Z [36;1m  if [[ -z "$PODS_EXIST" ]]; then[0m
2026-03-06T22:54:49.1502396Z [36;1m    echo "All vllm pods deleted."[0m
2026-03-06T22:54:49.1502657Z [36;1m    break[0m
2026-03-06T22:54:49.1502859Z [36;1m  else[0m
2026-03-06T22:54:49.1503131Z [36;1m    echo "Waiting for pods to be deleted: $PODS_EXIST"[0m
2026-03-06T22:54:49.1503460Z [36;1m    sleep $SLEEP_INTERVAL[0m
2026-03-06T22:54:49.1503706Z [36;1m  fi[0m
2026-03-06T22:54:49.1503889Z [36;1mdone[0m
2026-03-06T22:54:49.1504238Z shell: bash -el {0}
2026-03-06T22:54:49.1504448Z ##[endgroup]
2026-03-06T22:54:49.1594305Z ##[group]Run '/home/runner/k8s/index.js'
2026-03-06T22:54:49.1595200Z shell: /home/runner/externals/node20/bin/node {0}
2026-03-06T22:54:49.1595490Z ##[endgroup]
2026-03-06T22:54:49.5872209Z (node:438) [DEP0005] DeprecationWarning: Buffer() is deprecated due to security and usability issues. Please use the Buffer.alloc(), Buffer.allocUnsafe(), or Buffer.from() methods instead.
2026-03-06T22:54:49.5873197Z (Use `node --trace-deprecation ...` to show where the warning was created)
2026-03-06T22:54:49.8911554Z Deleting leaderworkerset [vllm] in namespace [vllm-project]...
2026-03-06T22:54:49.9454926Z Waiting for all pods starting with 'vllm' to be deleted...
2026-03-06T22:54:49.9966117Z All vllm pods deleted.
2026-03-06T22:54:50.2092819Z ##[group]Run set -e
2026-03-06T22:54:50.2093135Z [36;1mset -e[0m
2026-03-06T22:54:50.2093323Z [36;1m[0m
2026-03-06T22:54:50.2093505Z [36;1msize="2"[0m
2026-03-06T22:54:50.2093707Z [36;1mreplicas="1"[0m
2026-03-06T22:54:50.2094147Z [36;1mimage="swr.cn-southwest-2.myhuaweicloud.com/base_image/ascend-ci/vllm-ascend:nightly-a3"[0m
2026-03-06T22:54:50.2094700Z [36;1mconfig_file_path="Kimi-K2-Instruct-W8A8.yaml"[0m
2026-03-06T22:54:50.2095077Z [36;1mfail_tag=FAIL_TAG_"Kimi-K2-Instruct-W8A8.yaml"[0m
2026-03-06T22:54:50.2095389Z [36;1mis_pr_test="false"[0m
2026-03-06T22:54:50.2095807Z [36;1mvllm_version="v0.16.0"[0m
2026-03-06T22:54:50.2096051Z [36;1mvllm_ascend_ref="main"[0m
2026-03-06T22:54:50.2096461Z [36;1mvllm_ascend_remote_url="https://github.com/vllm-project/vllm-ascend.git"[0m
2026-03-06T22:54:50.2096913Z [36;1mecho "FAIL_TAG=${fail_tag}" >> $GITHUB_ENV[0m
2026-03-06T22:54:50.2097192Z [36;1m[0m
2026-03-06T22:54:50.2097727Z [36;1mrequired_params=("size" "replicas" "image" "config_file_path" "is_pr_test" "vllm_version" "vllm_ascend_ref" "vllm_ascend_remote_url")[0m
2026-03-06T22:54:50.2098431Z [36;1mfor param in "${required_params[@]}"; do[0m
2026-03-06T22:54:50.2098749Z [36;1m  if [ -z "${!param}" ]; then[0m
2026-03-06T22:54:50.2099110Z [36;1m    echo "Error: Parameter '$param' is required but empty"[0m
2026-03-06T22:54:50.2099442Z [36;1m    exit 1[0m
2026-03-06T22:54:50.2099644Z [36;1m  fi[0m
2026-03-06T22:54:50.2100031Z [36;1mdone[0m
2026-03-06T22:54:50.2100234Z [36;1m[0m
2026-03-06T22:54:50.2100458Z [36;1mif [ "a3" = "a3" ]; then[0m
2026-03-06T22:54:50.2100785Z [36;1m  npu_per_node=16[0m
2026-03-06T22:54:50.2101136Z [36;1m  TEMPLATE_FILE="tests/e2e/nightly/multi_node/scripts/lws.yaml.jinja2"[0m
2026-03-06T22:54:50.2101547Z [36;1melse[0m
2026-03-06T22:54:50.2101735Z [36;1m  npu_per_node=8[0m
2026-03-06T22:54:50.2102132Z [36;1m  TEMPLATE_FILE="tests/e2e/nightly/multi_node/scripts/lws-a2.yaml.jinja2"[0m
2026-03-06T22:54:50.2102542Z [36;1mfi[0m
2026-03-06T22:54:50.2102723Z [36;1m[0m
2026-03-06T22:54:50.2102923Z [36;1mjinja2 $TEMPLATE_FILE \[0m
2026-03-06T22:54:50.2103176Z [36;1m  -D size="$size" \[0m
2026-03-06T22:54:50.2103426Z [36;1m  -D replicas="$replicas" \[0m
2026-03-06T22:54:50.2103696Z [36;1m  -D image="$image" \[0m
2026-03-06T22:54:50.2103972Z [36;1m  -D config_file_path="$config_file_path" \[0m
2026-03-06T22:54:50.2104297Z [36;1m  -D npu_per_node="$npu_per_node" \[0m
2026-03-06T22:54:50.2104573Z [36;1m  -D fail_tag="$fail_tag" \[0m
2026-03-06T22:54:50.2104842Z [36;1m  -D is_pr_test="$is_pr_test" \[0m
2026-03-06T22:54:50.2105132Z [36;1m  -D vllm_version="$vllm_version" \[0m
2026-03-06T22:54:50.2105428Z [36;1m  -D vllm_ascend_ref="$vllm_ascend_ref" \[0m
2026-03-06T22:54:50.2105789Z [36;1m  -D vllm_ascend_remote_url="$vllm_ascend_remote_url" \[0m
2026-03-06T22:54:50.2106125Z [36;1m  --outfile lws.yaml[0m
2026-03-06T22:54:50.2106347Z [36;1m[0m
2026-03-06T22:54:50.2106548Z [36;1mkubectl apply -f ./lws.yaml[0m
2026-03-06T22:54:50.2106955Z shell: bash -el {0}
2026-03-06T22:54:50.2107158Z ##[endgroup]
2026-03-06T22:54:50.2215110Z ##[group]Run '/home/runner/k8s/index.js'
2026-03-06T22:54:50.2216366Z shell: /home/runner/externals/node20/bin/node {0}
2026-03-06T22:54:50.2216671Z ##[endgroup]
2026-03-06T22:54:50.6467491Z (node:504) [DEP0005] DeprecationWarning: Buffer() is deprecated due to security and usability issues. Please use the Buffer.alloc(), Buffer.allocUnsafe(), or Buffer.from() methods instead.
2026-03-06T22:54:50.6468502Z (Use `node --trace-deprecation ...` to show where the warning was created)
2026-03-06T22:54:51.1977999Z leaderworkerset.leaderworkerset.x-k8s.io/vllm created
2026-03-06T22:54:51.2211163Z service/vllm-leader created
2026-03-06T22:54:52.5776050Z ##[group]Run POD_PREFIX="${POD_PREFIX:-vllm-0}"
2026-03-06T22:54:52.5776472Z [36;1mPOD_PREFIX="${POD_PREFIX:-vllm-0}"[0m
2026-03-06T22:54:52.5776751Z [36;1mSIZE="2"[0m
2026-03-06T22:54:52.5777000Z [36;1mTIMEOUT=1200  # default timeout 20 minutes[0m
2026-03-06T22:54:52.5777292Z [36;1m[0m
2026-03-06T22:54:52.5777702Z [36;1mecho "Waiting for Pods in namespace [$NAMESPACE] to become Running and Ready (timeout ${TIMEOUT}s)..."[0m
2026-03-06T22:54:52.5778188Z [36;1m[0m
2026-03-06T22:54:52.5778504Z [36;1mSTART_TIME=$(date +%s)[0m
2026-03-06T22:54:52.5778740Z [36;1m[0m
2026-03-06T22:54:52.5778930Z [36;1mwhile true; do[0m
2026-03-06T22:54:52.5779157Z [36;1m  NOW=$(date +%s)[0m
2026-03-06T22:54:52.5779417Z [36;1m  ELAPSED=$((NOW - START_TIME))[0m
2026-03-06T22:54:52.5779720Z [36;1m  if [[ $ELAPSED -ge $TIMEOUT ]]; then[0m
2026-03-06T22:54:52.5780427Z [36;1m    echo "Timeout reached after ${ELAPSED}s"[0m
2026-03-06T22:54:52.5780803Z [36;1m    echo "Dumping pod status for debugging:"[0m
2026-03-06T22:54:52.5781121Z [36;1m    kubectl get pods -n "$NAMESPACE"[0m
2026-03-06T22:54:52.5781479Z [36;1m    kubectl describe pod "$LEADER_POD" -n "$NAMESPACE"[0m
2026-03-06T22:54:52.5781804Z [36;1m    exit 1[0m
2026-03-06T22:54:52.5782002Z [36;1m  fi[0m
2026-03-06T22:54:52.5782187Z [36;1m[0m
2026-03-06T22:54:52.5782384Z [36;1m  # 1) check follower pods[0m
2026-03-06T22:54:52.5782647Z [36;1m  ALL_FOLLOWERS_READY=true[0m
2026-03-06T22:54:52.5782916Z [36;1m  for ((i=1; i<SIZE; i++)); do[0m
2026-03-06T22:54:52.5783181Z [36;1m    POD="${POD_PREFIX}-${i}"[0m
2026-03-06T22:54:52.5783692Z [36;1m    PHASE=$(kubectl get pod "$POD" -n "$NAMESPACE" -o jsonpath='{.status.phase}' 2>/dev/null || echo "NotFound")[0m
2026-03-06T22:54:52.5784448Z [36;1m    READY=$(kubectl get pod "$POD" -n "$NAMESPACE" -o jsonpath='{.status.containerStatuses[*].ready}' 2>/dev/null)[0m
2026-03-06T22:54:52.5784953Z [36;1m[0m
2026-03-06T22:54:52.5785200Z [36;1m    echo "Follower [$POD] phase=$PHASE ready=$READY"[0m
2026-03-06T22:54:52.5785516Z [36;1m[0m
2026-03-06T22:54:52.5785762Z [36;1m    if [[ "$PHASE" != "Running" || "$READY" != "true" ]]; then[0m
2026-03-06T22:54:52.5786137Z [36;1m      echo "Follower [$POD] not Ready yet..."[0m
2026-03-06T22:54:52.5786454Z [36;1m      ALL_FOLLOWERS_READY=false[0m
2026-03-06T22:54:52.5786710Z [36;1m      break[0m
2026-03-06T22:54:52.5786918Z [36;1m    fi[0m
2026-03-06T22:54:52.5787107Z [36;1m  done[0m
2026-03-06T22:54:52.5787286Z [36;1m[0m
2026-03-06T22:54:52.5787476Z [36;1m  # 2) check leader pod[0m
2026-03-06T22:54:52.5788013Z [36;1m  LEADER_PHASE=$(kubectl get pod "$LEADER_POD" -n "$NAMESPACE" -o jsonpath='{.status.phase}' 2>/dev/null || echo "NotFound")[0m
2026-03-06T22:54:52.5788935Z [36;1m  LEADER_READY=$(kubectl get pod "$LEADER_POD" -n "$NAMESPACE" -o jsonpath='{.status.containerStatuses[*].ready}' 2>/dev/null)[0m
2026-03-06T22:54:52.5789486Z [36;1m[0m
2026-03-06T22:54:52.5789788Z [36;1m  echo "Leader [$LEADER_POD] phase=$LEADER_PHASE ready=$LEADER_READY"[0m
2026-03-06T22:54:52.5790298Z [36;1m[0m
2026-03-06T22:54:52.5790588Z [36;1m  if [[ "$LEADER_PHASE" != "Running" || "$LEADER_READY" != "true" ]]; then[0m
2026-03-06T22:54:52.5790979Z [36;1m    echo "Leader not Ready yet..."[0m
2026-03-06T22:54:52.5791253Z [36;1m    ALL_FOLLOWERS_READY=false[0m
2026-03-06T22:54:52.5791509Z [36;1m  fi[0m
2026-03-06T22:54:52.5791687Z [36;1m[0m
2026-03-06T22:54:52.5791939Z [36;1m  if [[ "$ALL_FOLLOWERS_READY" == "true" ]]; then[0m
2026-03-06T22:54:52.5792387Z [36;1m    echo "All follower pods and leader pod are Running and Ready — continuing."[0m
2026-03-06T22:54:52.5792784Z [36;1m    break[0m
2026-03-06T22:54:52.5792978Z [36;1m  fi[0m
2026-03-06T22:54:52.5793167Z [36;1m[0m
2026-03-06T22:54:52.5793336Z [36;1m  sleep 2[0m
2026-03-06T22:54:52.5793537Z [36;1mdone[0m
2026-03-06T22:54:52.5793869Z shell: bash -el {0}
2026-03-06T22:54:52.5794060Z env:
2026-03-06T22:54:52.5794288Z   FAIL_TAG: FAIL_TAG_Kimi-K2-Instruct-W8A8.yaml
2026-03-06T22:54:52.5794767Z ##[endgroup]
2026-03-06T22:54:52.5893361Z ##[group]Run '/home/runner/k8s/index.js'
2026-03-06T22:54:52.5894269Z shell: /home/runner/externals/node20/bin/node {0}
2026-03-06T22:54:52.5894565Z ##[endgroup]
2026-03-06T22:54:53.0148172Z (node:615) [DEP0005] DeprecationWarning: Buffer() is deprecated due to security and usability issues. Please use the Buffer.alloc(), Buffer.allocUnsafe(), or Buffer.from() methods instead.
2026-03-06T22:54:53.0149232Z (Use `node --trace-deprecation ...` to show where the warning was created)
2026-03-06T22:54:53.3397860Z Waiting for Pods in namespace [vllm-project] to become Running and Ready (timeout 1200s)...
2026-03-06T22:54:53.4318253Z Follower [vllm-0-1] phase=Pending ready=
2026-03-06T22:54:53.4318697Z Follower [vllm-0-1] not Ready yet...
2026-03-06T22:54:53.5225401Z Leader [vllm-0] phase=Pending ready=
2026-03-06T22:54:53.5225959Z Leader not Ready yet...
2026-03-06T22:54:55.6202257Z Follower [vllm-0-1] phase=Pending ready=
2026-03-06T22:54:55.6202636Z Follower [vllm-0-1] not Ready yet...
2026-03-06T22:54:55.7141565Z Leader [vllm-0] phase=Pending ready=
2026-03-06T22:54:55.7141905Z Leader not Ready yet...
2026-03-06T22:54:57.8124549Z Follower [vllm-0-1] phase=Pending ready=
2026-03-06T22:54:57.8124913Z Follower [vllm-0-1] not Ready yet...
2026-03-06T22:54:57.9083679Z Leader [vllm-0] phase=Pending ready=
2026-03-06T22:54:57.9084192Z Leader not Ready yet...
2026-03-06T22:55:00.0029422Z Follower [vllm-0-1] phase=Pending ready=
2026-03-06T22:55:00.0029784Z Follower [vllm-0-1] not Ready yet...
2026-03-06T22:55:00.0984315Z Leader [vllm-0] phase=Pending ready=
2026-03-06T22:55:00.0984654Z Leader not Ready yet...
2026-03-06T22:55:02.1986411Z Follower [vllm-0-1] phase=Pending ready=
2026-03-06T22:55:02.1986771Z Follower [vllm-0-1] not Ready yet...
2026-03-06T22:55:02.2901973Z Leader [vllm-0] phase=Pending ready=
2026-03-06T22:55:02.2902285Z Leader not Ready yet...
2026-03-06T22:55:04.3846509Z Follower [vllm-0-1] phase=Pending ready=false
2026-03-06T22:55:04.3846918Z Follower [vllm-0-1] not Ready yet...
2026-03-06T22:55:04.4766264Z Leader [vllm-0] phase=Pending ready=
2026-03-06T22:55:04.4766574Z Leader not Ready yet...
2026-03-06T22:55:06.5730470Z Follower [vllm-0-1] phase=Running ready=true
2026-03-06T22:55:06.6753776Z Leader [vllm-0] phase=Pending ready=false
2026-03-06T22:55:06.6754099Z Leader not Ready yet...
2026-03-06T22:55:08.7717051Z Follower [vllm-0-1] phase=Running ready=true
2026-03-06T22:55:08.8675193Z Leader [vllm-0] phase=Running ready=true
2026-03-06T22:55:08.8675848Z All follower pods and leader pod are Running and Ready — continuing.
2026-03-06T22:55:09.1266174Z ##[group]Run set -euo pipefail
2026-03-06T22:55:09.1266514Z [36;1mset -euo pipefail[0m
2026-03-06T22:55:09.1266741Z [36;1m[0m
2026-03-06T22:55:09.1266924Z [36;1msize="2"[0m
2026-03-06T22:55:09.1267128Z [36;1mpids=()[0m
2026-03-06T22:55:09.1267537Z [36;1m[0m
2026-03-06T22:55:09.1267887Z [36;1mcleanup() {[0m
2026-03-06T22:55:09.1268159Z [36;1m  echo "Cleaning up background log streams..."[0m
2026-03-06T22:55:09.1268526Z [36;1m  for pid in "${pids[@]}"; do[0m
2026-03-06T22:55:09.1268931Z [36;1m    kill "$pid" 2>/dev/null || true[0m
2026-03-06T22:55:09.1269194Z [36;1m  done[0m
2026-03-06T22:55:09.1269394Z [36;1m}[0m
2026-03-06T22:55:09.1269595Z [36;1mtrap cleanup EXIT[0m
2026-03-06T22:55:09.1269811Z [36;1m[0m
2026-03-06T22:55:09.1270195Z [36;1mfor i in $(seq 1 $((size - 1))); do[0m
2026-03-06T22:55:09.1270480Z [36;1m  POD="vllm-0-${i}"[0m
2026-03-06T22:55:09.1270696Z [36;1m[0m
2026-03-06T22:55:09.1270993Z [36;1m  echo "==== Collecting logs from worker pod: $POD ===="[0m
2026-03-06T22:55:09.1271367Z [36;1m  kubectl logs -f "$POD" -n "$NAMESPACE" \[0m
2026-03-06T22:55:09.1271686Z [36;1m    > "/tmp/${POD}_logs.txt" 2>&1 &[0m
2026-03-06T22:55:09.1271935Z [36;1m[0m
2026-03-06T22:55:09.1272113Z [36;1m  pids+=($!)[0m
2026-03-06T22:55:09.1272332Z [36;1mdone[0m
2026-03-06T22:55:09.1272507Z [36;1m[0m
2026-03-06T22:55:09.1272779Z [36;1mecho "==== Streaming logs from leader pod: $LEADER_POD ===="[0m
2026-03-06T22:55:09.1273172Z [36;1mecho "Looking for logs containing: $FAIL_TAG"[0m
2026-03-06T22:55:09.1273460Z [36;1m[0m
2026-03-06T22:55:09.1273785Z [36;1mkubectl logs -f "$LEADER_POD" -n "$NAMESPACE" | while IFS= read -r line; do[0m
2026-03-06T22:55:09.1274190Z [36;1m  echo "$line"[0m
2026-03-06T22:55:09.1274480Z [36;1m  if echo "$line" | grep -q "$FAIL_TAG"; then[0m
2026-03-06T22:55:09.1274765Z [36;1m    exit 1[0m
2026-03-06T22:55:09.1274957Z [36;1m  fi[0m
2026-03-06T22:55:09.1275146Z [36;1mdone[0m
2026-03-06T22:55:09.1275535Z shell: bash -el {0}
2026-03-06T22:55:09.1275730Z env:
2026-03-06T22:55:09.1275969Z   FAIL_TAG: FAIL_TAG_Kimi-K2-Instruct-W8A8.yaml
2026-03-06T22:55:09.1276253Z ##[endgroup]
2026-03-06T22:55:09.1381495Z ##[group]Run '/home/runner/k8s/index.js'
2026-03-06T22:55:09.1382587Z shell: /home/runner/externals/node20/bin/node {0}
2026-03-06T22:55:09.1382877Z ##[endgroup]
2026-03-06T22:55:09.5679080Z (node:706) [DEP0005] DeprecationWarning: Buffer() is deprecated due to security and usability issues. Please use the Buffer.alloc(), Buffer.allocUnsafe(), or Buffer.from() methods instead.
2026-03-06T22:55:09.5680180Z (Use `node --trace-deprecation ...` to show where the warning was created)
2026-03-06T22:55:09.9136806Z ==== Collecting logs from worker pod: vllm-0-1 ====
2026-03-06T22:55:09.9137229Z ==== Streaming logs from leader pod: vllm-0 ====
2026-03-06T22:55:09.9137635Z Looking for logs containing: FAIL_TAG_Kimi-K2-Instruct-W8A8.yaml
2026-03-06T22:55:24.5718537Z ====> Check NPU info
2026-03-06T22:55:26.0449211Z +------------------------------------------------------------------------------------------------+
2026-03-06T22:55:26.0458030Z | npu-smi 25.5.0                   Version: 25.5.0                                               |
2026-03-06T22:55:26.0466099Z +---------------------------+---------------+----------------------------------------------------+
2026-03-06T22:55:26.0475823Z | NPU   Name                | Health        | Power(W)    Temp(C)           Hugepages-Usage(page)|
2026-03-06T22:55:26.0484359Z | Chip  Phy-ID              | Bus-Id        | AICore(%)   Memory-Usage(MB)  HBM-Usage(MB)        |
2026-03-06T22:55:26.0493360Z +===========================+===============+====================================================+
2026-03-06T22:55:26.0502021Z | 0     Ascend910           | OK            | 163.8       36                0    / 0             |
2026-03-06T22:55:26.0510531Z | 0     0                   | 0000:9D:00.0  | 0           0    / 0          3149 / 65536         |
2026-03-06T22:55:26.0520085Z +------------------------------------------------------------------------------------------------+
2026-03-06T22:55:26.0527689Z | 0     Ascend910           | OK            | -           37                0    / 0             |
2026-03-06T22:55:26.0536172Z | 1     1                   | 0000:9F:00.0  | 0           0    / 0          2891 / 65536         |
2026-03-06T22:55:26.0544058Z +===========================+===============+====================================================+
2026-03-06T22:55:26.0552258Z | 1     Ascend910           | OK            | 163.4       36                0    / 0             |
2026-03-06T22:55:26.0560342Z | 0     2                   | 0000:99:00.0  | 0           0    / 0          3161 / 65536         |
2026-03-06T22:55:26.0569167Z +------------------------------------------------------------------------------------------------+
2026-03-06T22:55:26.0577853Z | 1     Ascend910           | OK            | -           36                0    / 0             |
2026-03-06T22:55:26.0586295Z | 1     3                   | 0000:9B:00.0  | 0           0    / 0          2878 / 65536         |
2026-03-06T22:55:26.0593932Z +===========================+===============+====================================================+
2026-03-06T22:55:26.0602265Z | 2     Ascend910           | OK            | 164.7       37                0    / 0             |
2026-03-06T22:55:26.0610688Z | 0     4                   | 0000:95:00.0  | 0           0    / 0          3162 / 65536         |
2026-03-06T22:55:26.0619287Z +------------------------------------------------------------------------------------------------+
2026-03-06T22:55:26.0627817Z | 2     Ascend910           | OK            | -           37                0    / 0             |
2026-03-06T22:55:26.0636456Z | 1     5                   | 0000:97:00.0  | 0           0    / 0          2878 / 65536         |
2026-03-06T22:55:26.0644430Z +===========================+===============+====================================================+
2026-03-06T22:55:26.0652904Z | 3     Ascend910           | OK            | 172.0       36                0    / 0             |
2026-03-06T22:55:26.0662859Z | 0     6                   | 0000:91:00.0  | 0           0    / 0          3151 / 65536         |
2026-03-06T22:55:26.0669414Z +------------------------------------------------------------------------------------------------+
2026-03-06T22:55:26.0677625Z | 3     Ascend910           | OK            | -           37                0    / 0             |
2026-03-06T22:55:26.0685491Z | 1     7                   | 0000:93:00.0  | 0           0    / 0          2890 / 65536         |
2026-03-06T22:55:26.0693456Z +===========================+===============+====================================================+
2026-03-06T22:55:26.0701597Z | 4     Ascend910           | OK            | 163.6       36                0    / 0             |
2026-03-06T22:55:26.0710199Z | 0     8                   | 0000:8D:00.0  | 0           0    / 0          3150 / 65536         |
2026-03-06T22:55:26.0733928Z +------------------------------------------------------------------------------------------------+
2026-03-06T22:55:26.0734445Z | 4     Ascend910           | OK            | -           36                0    / 0             |
2026-03-06T22:55:26.0734886Z | 1     9                   | 0000:8F:00.0  | 0           0    / 0          2891 / 65536         |
2026-03-06T22:55:26.0742564Z +===========================+===============+====================================================+
2026-03-06T22:55:26.0750863Z | 5     Ascend910           | OK            | 164.8       35                0    / 0             |
2026-03-06T22:55:26.0758957Z | 0     10                  | 0000:89:00.0  | 0           0    / 0          3153 / 65536         |
2026-03-06T22:55:26.0767010Z +------------------------------------------------------------------------------------------------+
2026-03-06T22:55:26.0774916Z | 5     Ascend910           | OK            | -           37                0    / 0             |
2026-03-06T22:55:26.0783358Z | 1     11                  | 0000:8B:00.0  | 0           0    / 0          2890 / 65536         |
2026-03-06T22:55:26.3424323Z +===========================+===============+====================================================+
2026-03-06T22:55:26.3432388Z | 6     Ascend910           | OK            | 166.5       36                0    / 0             |
2026-03-06T22:55:26.3440796Z | 0     12                  | 0000:85:00.0  | 0           0    / 0          3151 / 65536         |
2026-03-06T22:55:26.3450241Z +------------------------------------------------------------------------------------------------+
2026-03-06T22:55:26.3458832Z | 6     Ascend910           | OK            | -           35                0    / 0             |
2026-03-06T22:55:26.3467514Z | 1     13                  | 0000:87:00.0  | 0           0    / 0          2890 / 65536         |
2026-03-06T22:55:26.3476227Z +===========================+===============+====================================================+
2026-03-06T22:55:26.3484698Z | 7     Ascend910           | OK            | 164.1       37                0    / 0             |
2026-03-06T22:55:26.3493525Z | 0     14                  | 0000:81:00.0  | 0           0    / 0          3159 / 65536         |
2026-03-06T22:55:26.3502077Z +------------------------------------------------------------------------------------------------+
2026-03-06T22:55:26.3509953Z | 7     Ascend910           | OK            | -           36                0    / 0             |
2026-03-06T22:55:26.3518747Z | 1     15                  | 0000:83:00.0  | 0           0    / 0          2878 / 65536         |
2026-03-06T22:55:26.3526952Z +===========================+===============+====================================================+
2026-03-06T22:55:26.3535629Z +---------------------------+---------------+----------------------------------------------------+
2026-03-06T22:55:26.3544075Z | NPU     Chip              | Process id    | Process name             | Process memory(MB)      |
2026-03-06T22:55:26.3552573Z +===========================+===============+====================================================+
2026-03-06T22:55:26.3561123Z | No running processes found in NPU 0                                                            |
2026-03-06T22:55:26.3570069Z +===========================+===============+====================================================+
2026-03-06T22:55:26.3578507Z | No running processes found in NPU 1                                                            |
2026-03-06T22:55:26.3586695Z +===========================+===============+====================================================+
2026-03-06T22:55:26.3594764Z | No running processes found in NPU 2                                                            |
2026-03-06T22:55:26.3603072Z +===========================+===============+====================================================+
2026-03-06T22:55:26.3612088Z | No running processes found in NPU 3                                                            |
2026-03-06T22:55:26.3620271Z +===========================+===============+====================================================+
2026-03-06T22:55:26.3628895Z | No running processes found in NPU 4                                                            |
2026-03-06T22:55:26.3637023Z +===========================+===============+====================================================+
2026-03-06T22:55:26.3644876Z | No running processes found in NPU 5                                                            |
2026-03-06T22:55:26.3653196Z +===========================+===============+====================================================+
2026-03-06T22:55:26.3662007Z | No running processes found in NPU 6                                                            |
2026-03-06T22:55:26.3670199Z +===========================+===============+====================================================+
2026-03-06T22:55:26.3679072Z | No running processes found in NPU 7                                                            |
2026-03-06T22:55:26.3687585Z +===========================+===============+====================================================+
2026-03-06T22:55:26.3695823Z package_name=Ascend-cann-toolkit
2026-03-06T22:55:26.3703650Z version=8.5.1
2026-03-06T22:55:26.3711835Z innerversion=V100R001C25SPC002B220
2026-03-06T22:55:26.3720974Z compatible_version=[V100R001C15],[V100R001C18],[V100R001C19],[V100R001C20],[V100R001C21],[V100R001C23]
2026-03-06T22:55:26.3728704Z arch=aarch64
2026-03-06T22:55:26.3737100Z os=linux
2026-03-06T22:55:26.3745000Z path=/usr/local/Ascend/cann-8.5.1
2026-03-06T22:55:26.3753201Z ====> Configure mirrors and git proxy
2026-03-06T22:55:26.6199046Z Writing to /root/.config/pip/pip.conf
2026-03-06T22:55:26.6511421Z Installed vLLM-related Python packages:
2026-03-06T22:55:27.4910299Z ais_bench_benchmark               3.0.20250930               /vllm-workspace/vllm-ascend/benchmark
2026-03-06T22:55:27.4917023Z vllm                              0.16.0+empty               /vllm-workspace/vllm
2026-03-06T22:55:27.4926088Z vllm_ascend                       0.15.0rc2.dev79+g01d3515dc /vllm-workspace/vllm-ascend
2026-03-06T22:55:27.4937199Z 
2026-03-06T22:55:27.4946137Z ============================
2026-03-06T22:55:27.4954319Z vLLM Git information
2026-03-06T22:55:27.4962884Z ============================
2026-03-06T22:55:27.5026637Z Branch:      HEAD
2026-03-06T22:55:27.5049598Z Commit hash: 89a77b10846fd96273cce78d86d2556ea582d26e
2026-03-06T22:55:27.5139549Z Author:      Andreas Karatzas <akaratza@amd.com>
2026-03-06T22:55:27.5163276Z Date:        2026-02-12 12:47:34 -0600
2026-03-06T22:55:27.5186122Z Message:     [ROCm][CI] Pin TorchCodec to v0.10.0 for ROCm compatibility (#34447)
2026-03-06T22:55:27.5209547Z Tags:        v0.16.0
2026-03-06T22:55:27.5245248Z Remote:      origin	https://ghfast.top/https://github.com/vllm-project/vllm.git (fetch)
2026-03-06T22:55:27.5252654Z 
2026-03-06T22:55:27.5260915Z 
2026-03-06T22:55:27.5270514Z ============================
2026-03-06T22:55:27.5278822Z vLLM-Ascend Git information
2026-03-06T22:55:27.5287105Z ============================
2026-03-06T22:55:27.5321412Z Branch:      main
2026-03-06T22:55:27.5343408Z Commit hash: 01d3515dcfa28468c966cebee341104533e6a4c1
2026-03-06T22:55:27.5427437Z Author:      lilinsiman <lilinsiman@gmail.com>
2026-03-06T22:55:27.5450396Z Date:        2026-03-06 20:49:49 +0800
2026-03-06T22:55:27.5475307Z Message:     [eagle][cp][bugfix] Fix the bug in eagle and cp enabled (#6981)
2026-03-06T22:55:27.5816770Z Tags:        
2026-03-06T22:55:27.5853719Z Remote:      origin	https://ghfast.top/https://github.com/vllm-project/vllm-ascend (fetch)
2026-03-06T22:55:27.5861646Z 
2026-03-06T22:55:27.5869437Z ====> Check triton ascend info
2026-03-06T22:55:27.9356032Z Ubuntu clang version 15.0.7
2026-03-06T22:55:27.9363200Z Target: aarch64-unknown-linux-gnu
2026-03-06T22:55:27.9371917Z Thread model: posix
2026-03-06T22:55:27.9380562Z InstalledDir: /usr/bin
2026-03-06T22:55:27.9388998Z Found candidate GCC installation: /usr/bin/../lib/gcc/aarch64-linux-gnu/11
2026-03-06T22:55:27.9397515Z Selected GCC installation: /usr/bin/../lib/gcc/aarch64-linux-gnu/11
2026-03-06T22:55:27.9405645Z Candidate multilib: .;@m64
2026-03-06T22:55:27.9414172Z Selected multilib: .;@m64
2026-03-06T22:55:27.9488501Z /usr/local/Ascend/cann-8.5.1/tools/bishengir/bin/bishengir-compile
2026-03-06T22:55:28.4485050Z Name: triton-ascend
2026-03-06T22:55:28.4507275Z Version: 3.2.0
2026-03-06T22:55:28.4516364Z Summary: A language and compiler for custom Deep Learning operations on Ascend hardwares
2026-03-06T22:55:28.4526136Z Home-page: https://gitcode.com/Ascend/triton-ascend/
2026-03-06T22:55:28.4535022Z Author: 
2026-03-06T22:55:28.4544642Z Author-email: 
2026-03-06T22:55:28.4553513Z License: 
2026-03-06T22:55:28.4562406Z Location: /usr/local/python3.11.14/lib/python3.11/site-packages
2026-03-06T22:55:28.4570662Z Requires: 
2026-03-06T22:55:28.4579690Z Required-by: vllm_ascend
2026-03-06T22:55:42.2875321Z INFO 03-06 22:55:42 [__init__.py:43] Available plugins for group vllm.platform_plugins:
2026-03-06T22:55:42.2883517Z INFO 03-06 22:55:42 [__init__.py:45] - ascend -> vllm_ascend:register
2026-03-06T22:55:42.2893591Z INFO 03-06 22:55:42 [__init__.py:48] All plugins in this group will be loaded. Set `VLLM_PLUGINS` to control which plugins to load.
2026-03-06T22:55:42.3337671Z INFO 03-06 22:55:42 [__init__.py:212] Platform plugin ascend is activated
2026-03-06T22:55:48.8194616Z ============================= test session starts ==============================
2026-03-06T22:55:48.8202325Z platform linux -- Python 3.11.14, pytest-8.4.2, pluggy-1.6.0 -- /usr/local/python3.11.14/bin/python3
2026-03-06T22:55:48.8211083Z cachedir: .pytest_cache
2026-03-06T22:55:48.8220008Z rootdir: /vllm-workspace/vllm-ascend
2026-03-06T22:55:48.8228279Z configfile: pyproject.toml
2026-03-06T22:55:48.8236774Z plugins: cov-7.0.0, asyncio-1.3.0, mock-3.15.1, anyio-4.12.1
2026-03-06T22:55:48.8245883Z asyncio: mode=Mode.STRICT, debug=False, asyncio_default_fixture_loop_scope=None, asyncio_default_test_loop_scope=function
2026-03-06T22:55:49.6489152Z collecting ... collected 1 item
2026-03-06T22:55:49.6505024Z 
2026-03-06T22:55:49.6533828Z [2026-03-06 22:55:49] [INFO] Loading config yaml: tests/e2e/nightly/multi_node/config/Kimi-K2-Instruct-W8A8.yaml
2026-03-06T22:55:49.6541223Z [2026-03-06 22:55:49] [INFO] Resolving cluster IPs via DNS...
2026-03-06T22:55:49.6597602Z [2026-03-06 22:55:49] [INFO] Node 0 envs: {'VLLM_USE_MODELSCOPE': 'True', 'HCCL_BUFFSIZE': '1024', 'SERVER_PORT': '8080', 'OMP_PROC_BIND': 'False', 'OMP_NUM_THREADS': '100', 'NUMEXPR_MAX_THREADS': '128', 'HCCL_IF_IP': '10.0.0.74', 'HCCL_SOCKET_IFNAME': 'eth0', 'GLOO_SOCKET_IFNAME': 'eth0', 'TP_SOCKET_IFNAME': 'eth0', 'LOCAL_IP': '10.0.0.74', 'NIC_NAME': 'eth0', 'MASTER_IP': '10.0.0.74'}
2026-03-06T22:55:49.6608804Z [2026-03-06 22:55:49] [INFO] Not launching proxy on non-master node
2026-03-06T22:55:49.6620853Z [2026-03-06 22:55:49] [INFO] Starting server with command: vllm serve vllm-ascend/Kimi-K2-Instruct-W8A8 --host 0.0.0.0 --port 8080 --data-parallel-size 4 --data-parallel-size-local 2 --data-parallel-start-rank 0 --data-parallel-address 10.0.0.74 --data-parallel-rpc-port 13389 --tensor-parallel-size 8 --seed 1024 --enable-expert-parallel --max-num-seqs 32 --max-model-len 8192 --max-num-batched-tokens 8192 --quantization ascend --trust-remote-code --no-enable-prefix-caching --gpu-memory-utilization 0.9 --additional-config {"torchair_graph_config":{"enabled":true}}
2026-03-06T22:55:54.0543422Z tests/e2e/nightly/multi_node/scripts/test_multi_node.py::test_multi_node INFO 03-06 22:55:54 [__init__.py:43] Available plugins for group vllm.platform_plugins:
2026-03-06T22:55:54.0544310Z INFO 03-06 22:55:54 [__init__.py:45] - ascend -> vllm_ascend:register
2026-03-06T22:55:54.0554155Z INFO 03-06 22:55:54 [__init__.py:48] All plugins in this group will be loaded. Set `VLLM_PLUGINS` to control which plugins to load.
2026-03-06T22:55:54.0602232Z INFO 03-06 22:55:54 [__init__.py:212] Platform plugin ascend is activated
2026-03-06T22:56:00.3702903Z 2026-03-06 22:56:00,368 - 145 - vllmProfiler - INFO - VLLM_USE_V1 not set, auto-detected via vLLM 0.16.0+empty: default 1
2026-03-06T22:56:00.4205356Z INFO 03-06 22:56:00 [__init__.py:108] Registered model loader `<class 'vllm_ascend.model_loader.netloader.netloader.ModelNetLoaderElastic'>` with load format `netloader`
2026-03-06T22:56:00.6290461Z INFO 03-06 22:56:00 [serve.py:92] Defaulting api_server_count to data_parallel_size_local (2) for hybrid LB mode.
2026-03-06T22:56:00.6314806Z INFO 03-06 22:56:00 [utils.py:287] 
2026-03-06T22:56:00.6323189Z INFO 03-06 22:56:00 [utils.py:287]        █     █     █▄   ▄█
2026-03-06T22:56:00.6332033Z INFO 03-06 22:56:00 [utils.py:287]  ▄▄ ▄█ █     █     █ ▀▄▀ █  version 0.16.0
2026-03-06T22:56:00.6340968Z INFO 03-06 22:56:00 [utils.py:287]   █▄█▀ █     █     █     █  model   vllm-ascend/Kimi-K2-Instruct-W8A8
2026-03-06T22:56:00.6350163Z INFO 03-06 22:56:00 [utils.py:287]    ▀▀  ▀▀▀▀▀ ▀▀▀▀▀ ▀     ▀
2026-03-06T22:56:00.6358470Z INFO 03-06 22:56:00 [utils.py:287] 
2026-03-06T22:56:00.6372030Z INFO 03-06 22:56:00 [utils.py:223] non-default args: {'model_tag': 'vllm-ascend/Kimi-K2-Instruct-W8A8', 'api_server_count': 2, 'host': '0.0.0.0', 'port': 8080, 'model': 'vllm-ascend/Kimi-K2-Instruct-W8A8', 'trust_remote_code': True, 'seed': 1024, 'max_model_len': 8192, 'quantization': 'ascend', 'tensor_parallel_size': 8, 'data_parallel_size': 4, 'data_parallel_start_rank': 0, 'data_parallel_size_local': 2, 'data_parallel_address': '10.0.0.74', 'data_parallel_rpc_port': 13389, 'enable_expert_parallel': True, 'enable_prefix_caching': False, 'max_num_batched_tokens': 8192, 'max_num_seqs': 32, 'additional_config': {'torchair_graph_config': {'enabled': True}}}
2026-03-06T22:56:00.6740191Z 2026-03-06 22:56:00,672 - modelscope - WARNING - We can not confirm the cached file is for revision: master
2026-03-06T22:56:00.6794086Z INFO 03-06 22:56:00 [arg_utils.py:620] HF_HUB_OFFLINE is True, replace model_id [vllm-ascend/Kimi-K2-Instruct-W8A8] to model_path [/root/.cache/modelscope/hub/models/vllm-ascend/Kimi-K2-Instruct-W8A8]
2026-03-06T22:56:00.6819690Z The argument `trust_remote_code` is to be used with Auto classes. It has no effect here and is ignored.
2026-03-06T22:56:00.6950402Z The argument `trust_remote_code` is to be used with Auto classes. It has no effect here and is ignored.
2026-03-06T22:56:00.7198633Z You are using a model of type kimi_k2 to instantiate a model of type deepseek_v3. This is not supported for all configurations of models and can yield errors.
2026-03-06T22:56:00.7247443Z INFO 03-06 22:56:00 [config.py:379] Replacing legacy 'type' key with 'rope_type'
2026-03-06T22:56:01.3231667Z INFO 03-06 22:56:01 [model.py:529] Resolved architecture: DeepseekV3ForCausalLM
2026-03-06T22:56:01.3252493Z INFO 03-06 22:56:01 [model.py:1549] Using max model len 8192
2026-03-06T22:56:01.3261052Z INFO 03-06 22:56:01 [scheduler.py:224] Chunked prefill is enabled with max_num_batched_tokens=8192.
2026-03-06T22:56:01.6853324Z INFO 03-06 22:56:01 [vllm.py:689] Asynchronous scheduling is enabled.
2026-03-06T22:56:01.6861603Z INFO 03-06 22:56:01 [vllm.py:699] Disabling NCCL for DP synchronization when using async scheduling.
2026-03-06T22:56:01.6871567Z WARNING 03-06 22:56:01 [platform.py:764] Ignored parameter 'use_trtllm_ragged_deepseek_prefill'. This is a GPU-specific feature not supported on Ascend. Resetting to False.
2026-03-06T22:56:01.6879926Z INFO 03-06 22:56:01 [ascend_config.py:433] Dynamic EPLB is False
2026-03-06T22:56:01.6888057Z INFO 03-06 22:56:01 [ascend_config.py:434] The number of redundant experts is 0
2026-03-06T22:56:01.6899566Z INFO 03-06 22:56:01 [ascend_config.py:55] Linear layer sharding enabled with config: None. Note: This feature works optimally with FLASHCOMM2 and DSA-CP enabled; using it without these features may result in significant performance degradation.
2026-03-06T22:56:01.6908476Z INFO 03-06 22:56:01 [platform.py:284] PIECEWISE compilation enabled on NPU. use_inductor not supported - using only ACL Graph mode
2026-03-06T22:56:01.6915716Z INFO 03-06 22:56:01 [utils.py:542] Calculated maximum supported batch sizes for ACL graph: 5
2026-03-06T22:56:01.6926624Z WARNING 03-06 22:56:01 [utils.py:543] Currently, communication is performed using FFTS+ method, which reduces the number of available streams and, as a result, limits the range of runtime shapes that can be handled. To both improve communication performance and increase the number of supported shapes, set HCCL_OP_EXPANSION_MODE=AIV.
2026-03-06T22:56:01.6934903Z INFO 03-06 22:56:01 [utils.py:563] Adjusted ACL graph batch sizes for DeepseekV3ForCausalLM model (layers: 61): 11 → 5 sizes
2026-03-06T22:56:01.6943048Z INFO 03-06 22:56:01 [platform.py:436] Set PYTORCH_NPU_ALLOC_CONF=expandable_segments:True
2026-03-06T22:56:01.6952636Z INFO 03-06 22:56:01 [utils.py:843] Started DP Coordinator process (PID: 384)
2026-03-06T22:56:06.4674639Z INFO 03-06 22:56:06 [__init__.py:43] Available plugins for group vllm.platform_plugins:
2026-03-06T22:56:06.4681479Z INFO 03-06 22:56:06 [__init__.py:45] - ascend -> vllm_ascend:register
2026-03-06T22:56:06.4691781Z INFO 03-06 22:56:06 [__init__.py:48] All plugins in this group will be loaded. Set `VLLM_PLUGINS` to control which plugins to load.
2026-03-06T22:56:06.4747566Z INFO 03-06 22:56:06 [__init__.py:212] Platform plugin ascend is activated
2026-03-06T22:56:06.5365808Z INFO 03-06 22:56:06 [__init__.py:43] Available plugins for group vllm.platform_plugins:
2026-03-06T22:56:06.5373701Z INFO 03-06 22:56:06 [__init__.py:45] - ascend -> vllm_ascend:register
2026-03-06T22:56:06.5383101Z INFO 03-06 22:56:06 [__init__.py:48] All plugins in this group will be loaded. Set `VLLM_PLUGINS` to control which plugins to load.
2026-03-06T22:56:06.5440235Z INFO 03-06 22:56:06 [__init__.py:212] Platform plugin ascend is activated
2026-03-06T22:56:16.2614634Z INFO 03-06 22:56:16 [__init__.py:43] Available plugins for group vllm.platform_plugins:
2026-03-06T22:56:16.2621625Z INFO 03-06 22:56:16 [__init__.py:45] - ascend -> vllm_ascend:register
2026-03-06T22:56:16.2631367Z INFO 03-06 22:56:16 [__init__.py:48] All plugins in this group will be loaded. Set `VLLM_PLUGINS` to control which plugins to load.
2026-03-06T22:56:16.2684280Z INFO 03-06 22:56:16 [__init__.py:212] Platform plugin ascend is activated
2026-03-06T22:56:21.4313038Z INFO 03-06 22:56:21 [utils.py:217] Started 2 API server processes
2026-03-06T22:56:21.7912909Z (EngineCore_DP1 pid=858) 2026-03-06 22:56:21,789 - 858 - vllmProfiler - INFO - VLLM_USE_V1 not set, auto-detected via vLLM 0.16.0+empty: default 1
2026-03-06T22:56:21.7921870Z (EngineCore_DP0 pid=387) 2026-03-06 22:56:21,789 - 387 - vllmProfiler - INFO - VLLM_USE_V1 not set, auto-detected via vLLM 0.16.0+empty: default 1
2026-03-06T22:56:21.7977896Z (EngineCore_DP1 pid=858) INFO 03-06 22:56:21 [__init__.py:108] Registered model loader `<class 'vllm_ascend.model_loader.netloader.netloader.ModelNetLoaderElastic'>` with load format `netloader`
2026-03-06T22:56:21.7987415Z (EngineCore_DP0 pid=387) INFO 03-06 22:56:21 [__init__.py:108] Registered model loader `<class 'vllm_ascend.model_loader.netloader.netloader.ModelNetLoaderElastic'>` with load format `netloader`
2026-03-06T22:56:21.8014366Z (EngineCore_DP0 pid=387) INFO 03-06 22:56:21 [core.py:97] Initializing a V1 LLM engine (v0.16.0) with config: model='/root/.cache/modelscope/hub/models/vllm-ascend/Kimi-K2-Instruct-W8A8', speculative_config=None, tokenizer='/root/.cache/modelscope/hub/models/vllm-ascend/Kimi-K2-Instruct-W8A8', skip_tokenizer_init=False, tokenizer_mode=auto, revision=None, tokenizer_revision=None, trust_remote_code=True, dtype=torch.bfloat16, max_seq_len=8192, download_dir=None, load_format=auto, tensor_parallel_size=8, pipeline_parallel_size=1, data_parallel_size=4, disable_custom_all_reduce=True, quantization=ascend, enforce_eager=False, enable_return_routed_experts=False, kv_cache_dtype=auto, device_config=npu, structured_outputs_config=StructuredOutputsConfig(backend='auto', disable_fallback=False, disable_any_whitespace=False, disable_additional_properties=False, reasoning_parser='', reasoning_parser_plugin='', enable_in_reasoning=False), observability_config=ObservabilityConfig(show_hidden_metrics_for_version=None, otlp_traces_endpoint=None, collect_detailed_traces=None, kv_cache_metrics=False, kv_cache_metrics_sample=0.01, cudagraph_metrics=False, enable_layerwise_nvtx_tracing=False, enable_mfu_metrics=False, enable_mm_processor_stats=False, enable_logging_iteration_details=False), seed=1024, served_model_name=/root/.cache/modelscope/hub/models/vllm-ascend/Kimi-K2-Instruct-W8A8, enable_prefix_caching=False, enable_chunked_prefill=True, pooler_config=None, compilation_config={'level': None, 'mode': <CompilationMode.VLLM_COMPILE: 3>, 'debug_dump_path': None, 'cache_dir': '', 'compile_cache_save_format': 'binary', 'backend': 'vllm_ascend.compilation.compiler_interface.AscendCompiler', 'custom_ops': ['all'], 'splitting_ops': ['vllm::unified_attention', 'vllm::unified_attention_with_output', 'vllm::unified_mla_attention', 'vllm::unified_mla_attention_with_output', 'vllm::mamba_mixer2', 'vllm::mamba_mixer', 'vllm::short_conv', 'vllm::linear_attention', 'vllm::plamo2_mamba_mixer', 'vllm::gdn_attention_core', 'vllm::kda_attention', 'vllm::sparse_attn_indexer', 'vllm::rocm_aiter_sparse_attn_indexer', 'vllm::unified_kv_cache_update', 'vllm::mla_forward'], 'compile_mm_encoder': False, 'compile_sizes': [], 'compile_ranges_split_points': [8192], 'inductor_compile_config': {'enable_auto_functionalized_v2': False, 'combo_kernels': True, 'benchmark_combo_kernel': True}, 'inductor_passes': {}, 'cudagraph_mode': <CUDAGraphMode.PIECEWISE: 1>, 'cudagraph_num_of_warmups': 1, 'cudagraph_capture_sizes': [1, 4, 24, 48, 64], 'cudagraph_copy_inputs': False, 'cudagraph_specialize_lora': True, 'use_inductor_graph_partition': False, 'pass_config': {'fuse_norm_quant': True, 'fuse_act_quant': True, 'fuse_attn_quant': False, 'eliminate_noops': True, 'enable_sp': False, 'fuse_gemm_comms': False, 'fuse_allreduce_rms': False, 'fuse_act_padding': False}, 'max_cudagraph_capture_size': 64, 'dynamic_shapes_config': {'type': <DynamicShapesType.BACKED: 'backed'>, 'evaluate_guards': False, 'assume_32_bit_indexing': False}, 'local_cache_dir': None, 'fast_moe_cold_start': True, 'static_all_moe_layers': []}
2026-03-06T22:56:26.3339155Z INFO 03-06 22:56:26 [__init__.py:43] Available plugins for group vllm.platform_plugins:
2026-03-06T22:56:26.3347112Z INFO 03-06 22:56:26 [__init__.py:45] - ascend -> vllm_ascend:register
2026-03-06T22:56:26.3356651Z INFO 03-06 22:56:26 [__init__.py:48] All plugins in this group will be loaded. Set `VLLM_PLUGINS` to control which plugins to load.
2026-03-06T22:56:26.3412728Z INFO 03-06 22:56:26 [__init__.py:212] Platform plugin ascend is activated
2026-03-06T22:56:26.3551512Z INFO 03-06 22:56:26 [__init__.py:43] Available plugins for group vllm.platform_plugins:
2026-03-06T22:56:26.3560072Z INFO 03-06 22:56:26 [__init__.py:45] - ascend -> vllm_ascend:register
2026-03-06T22:56:26.3569791Z INFO 03-06 22:56:26 [__init__.py:48] All plugins in this group will be loaded. Set `VLLM_PLUGINS` to control which plugins to load.
2026-03-06T22:56:26.3628378Z INFO 03-06 22:56:26 [__init__.py:212] Platform plugin ascend is activated
2026-03-06T22:56:26.9375844Z INFO 03-06 22:56:26 [__init__.py:43] Available plugins for group vllm.platform_plugins:
2026-03-06T22:56:26.9383799Z INFO 03-06 22:56:26 [__init__.py:45] - ascend -> vllm_ascend:register
2026-03-06T22:56:26.9394042Z INFO 03-06 22:56:26 [__init__.py:48] All plugins in this group will be loaded. Set `VLLM_PLUGINS` to control which plugins to load.
2026-03-06T22:56:26.9450607Z INFO 03-06 22:56:26 [__init__.py:212] Platform plugin ascend is activated
2026-03-06T22:56:26.9694303Z INFO 03-06 22:56:26 [__init__.py:43] Available plugins for group vllm.platform_plugins:
2026-03-06T22:56:26.9702384Z INFO 03-06 22:56:26 [__init__.py:45] - ascend -> vllm_ascend:register
2026-03-06T22:56:26.9712467Z INFO 03-06 22:56:26 [__init__.py:48] All plugins in this group will be loaded. Set `VLLM_PLUGINS` to control which plugins to load.
2026-03-06T22:56:26.9768963Z INFO 03-06 22:56:26 [__init__.py:212] Platform plugin ascend is activated
2026-03-06T22:56:32.1613986Z 2026-03-06 22:56:32,159 - 1242 - vllmProfiler - INFO - VLLM_USE_V1 not set, auto-detected via vLLM 0.16.0+empty: default 1
2026-03-06T22:56:32.1650825Z INFO 03-06 22:56:32 [__init__.py:108] Registered model loader `<class 'vllm_ascend.model_loader.netloader.netloader.ModelNetLoaderElastic'>` with load format `netloader`
2026-03-06T22:56:32.2538914Z (ApiServer_1 pid=1099) 2026-03-06 22:56:32,252 - 1099 - vllmProfiler - INFO - VLLM_USE_V1 not set, auto-detected via vLLM 0.16.0+empty: default 1
2026-03-06T22:56:32.2547891Z (ApiServer_0 pid=1098) 2026-03-06 22:56:32,252 - 1098 - vllmProfiler - INFO - VLLM_USE_V1 not set, auto-detected via vLLM 0.16.0+empty: default 1
2026-03-06T22:56:32.2881348Z (ApiServer_1 pid=1099) INFO 03-06 22:56:32 [__init__.py:108] Registered model loader `<class 'vllm_ascend.model_loader.netloader.netloader.ModelNetLoaderElastic'>` with load format `netloader`
2026-03-06T22:56:32.2892461Z (ApiServer_0 pid=1098) INFO 03-06 22:56:32 [__init__.py:108] Registered model loader `<class 'vllm_ascend.model_loader.netloader.netloader.ModelNetLoaderElastic'>` with load format `netloader`
2026-03-06T22:56:32.3126810Z (ApiServer_1 pid=1099) 2026-03-06 22:56:32,311 - modelscope - WARNING - We can not confirm the cached file is for revision: master
2026-03-06T22:56:32.3175895Z (ApiServer_1 pid=1099) INFO 03-06 22:56:32 [arg_utils.py:620] HF_HUB_OFFLINE is True, replace model_id [vllm-ascend/Kimi-K2-Instruct-W8A8] to model_path [/root/.cache/modelscope/hub/models/vllm-ascend/Kimi-K2-Instruct-W8A8]
2026-03-06T22:56:32.3620526Z (ApiServer_0 pid=1098) 2026-03-06 22:56:32,360 - modelscope - WARNING - We can not confirm the cached file is for revision: master
2026-03-06T22:56:32.3693570Z (ApiServer_0 pid=1098) INFO 03-06 22:56:32 [arg_utils.py:620] HF_HUB_OFFLINE is True, replace model_id [vllm-ascend/Kimi-K2-Instruct-W8A8] to model_path [/root/.cache/modelscope/hub/models/vllm-ascend/Kimi-K2-Instruct-W8A8]
2026-03-06T22:56:32.7391095Z (ApiServer_1 pid=1099) The argument `trust_remote_code` is to be used with Auto classes. It has no effect here and is ignored.
2026-03-06T22:56:32.7491311Z 2026-03-06 22:56:32,747 - 1243 - vllmProfiler - INFO - VLLM_USE_V1 not set, auto-detected via vLLM 0.16.0+empty: default 1
2026-03-06T22:56:32.7532121Z INFO 03-06 22:56:32 [__init__.py:108] Registered model loader `<class 'vllm_ascend.model_loader.netloader.netloader.ModelNetLoaderElastic'>` with load format `netloader`
2026-03-06T22:56:32.9384445Z (ApiServer_1 pid=1099) The argument `trust_remote_code` is to be used with Auto classes. It has no effect here and is ignored.
2026-03-06T22:56:32.9504083Z (ApiServer_1 pid=1099) You are using a model of type kimi_k2 to instantiate a model of type deepseek_v3. This is not supported for all configurations of models and can yield errors.
2026-03-06T22:56:32.9534881Z (ApiServer_1 pid=1099) INFO 03-06 22:56:32 [config.py:379] Replacing legacy 'type' key with 'rope_type'
2026-03-06T22:56:33.0725169Z (ApiServer_1 pid=1099) INFO 03-06 22:56:33 [model.py:529] Resolved architecture: DeepseekV3ForCausalLM
2026-03-06T22:56:33.0777661Z (ApiServer_1 pid=1099) INFO 03-06 22:56:33 [model.py:1549] Using max model len 8192
2026-03-06T22:56:33.0786937Z (ApiServer_1 pid=1099) INFO 03-06 22:56:33 [scheduler.py:224] Chunked prefill is enabled with max_num_batched_tokens=8192.
2026-03-06T22:56:33.2300463Z (ApiServer_1 pid=1099) INFO 03-06 22:56:33 [vllm.py:689] Asynchronous scheduling is enabled.
2026-03-06T22:56:33.2310055Z (ApiServer_1 pid=1099) INFO 03-06 22:56:33 [vllm.py:699] Disabling NCCL for DP synchronization when using async scheduling.
2026-03-06T22:56:33.2325915Z (ApiServer_1 pid=1099) WARNING 03-06 22:56:33 [platform.py:764] Ignored parameter 'use_trtllm_ragged_deepseek_prefill'. This is a GPU-specific feature not supported on Ascend. Resetting to False.
2026-03-06T22:56:33.2334437Z (ApiServer_1 pid=1099) INFO 03-06 22:56:33 [ascend_config.py:433] Dynamic EPLB is False
2026-03-06T22:56:33.2343084Z (ApiServer_1 pid=1099) INFO 03-06 22:56:33 [ascend_config.py:434] The number of redundant experts is 0
2026-03-06T22:56:33.2353868Z (ApiServer_1 pid=1099) INFO 03-06 22:56:33 [ascend_config.py:55] Linear layer sharding enabled with config: None. Note: This feature works optimally with FLASHCOMM2 and DSA-CP enabled; using it without these features may result in significant performance degradation.
2026-03-06T22:56:33.2362709Z (ApiServer_1 pid=1099) INFO 03-06 22:56:33 [platform.py:284] PIECEWISE compilation enabled on NPU. use_inductor not supported - using only ACL Graph mode
2026-03-06T22:56:33.2371415Z (ApiServer_1 pid=1099) INFO 03-06 22:56:33 [utils.py:542] Calculated maximum supported batch sizes for ACL graph: 5
2026-03-06T22:56:33.2383061Z (ApiServer_1 pid=1099) WARNING 03-06 22:56:33 [utils.py:543] Currently, communication is performed using FFTS+ method, which reduces the number of available streams and, as a result, limits the range of runtime shapes that can be handled. To both improve communication performance and increase the number of supported shapes, set HCCL_OP_EXPANSION_MODE=AIV.
2026-03-06T22:56:33.2391814Z (ApiServer_1 pid=1099) INFO 03-06 22:56:33 [utils.py:563] Adjusted ACL graph batch sizes for DeepseekV3ForCausalLM model (layers: 61): 11 → 5 sizes
2026-03-06T22:56:33.2399496Z (ApiServer_1 pid=1099) INFO 03-06 22:56:33 [platform.py:436] Set PYTORCH_NPU_ALLOC_CONF=expandable_segments:True
2026-03-06T22:56:33.2567087Z (ApiServer_0 pid=1098) The argument `trust_remote_code` is to be used with Auto classes. It has no effect here and is ignored.
2026-03-06T22:56:33.2647457Z (ApiServer_0 pid=1098) The argument `trust_remote_code` is to be used with Auto classes. It has no effect here and is ignored.
2026-03-06T22:56:33.2767211Z (ApiServer_0 pid=1098) You are using a model of type kimi_k2 to instantiate a model of type deepseek_v3. This is not supported for all configurations of models and can yield errors.
2026-03-06T22:56:33.2820541Z (ApiServer_0 pid=1098) INFO 03-06 22:56:33 [config.py:379] Replacing legacy 'type' key with 'rope_type'
2026-03-06T22:56:33.4317913Z (ApiServer_0 pid=1098) INFO 03-06 22:56:33 [model.py:529] Resolved architecture: DeepseekV3ForCausalLM
2026-03-06T22:56:33.4338565Z (ApiServer_0 pid=1098) INFO 03-06 22:56:33 [model.py:1549] Using max model len 8192
2026-03-06T22:56:33.4348294Z (ApiServer_0 pid=1098) INFO 03-06 22:56:33 [scheduler.py:224] Chunked prefill is enabled with max_num_batched_tokens=8192.
2026-03-06T22:56:33.6277383Z (ApiServer_0 pid=1098) INFO 03-06 22:56:33 [vllm.py:689] Asynchronous scheduling is enabled.
2026-03-06T22:56:33.6297756Z (ApiServer_0 pid=1098) INFO 03-06 22:56:33 [vllm.py:699] Disabling NCCL for DP synchronization when using async scheduling.
2026-03-06T22:56:33.6307536Z (ApiServer_0 pid=1098) WARNING 03-06 22:56:33 [platform.py:764] Ignored parameter 'use_trtllm_ragged_deepseek_prefill'. This is a GPU-specific feature not supported on Ascend. Resetting to False.
2026-03-06T22:56:33.6315826Z (ApiServer_0 pid=1098) INFO 03-06 22:56:33 [ascend_config.py:433] Dynamic EPLB is False
2026-03-06T22:56:33.6324543Z (ApiServer_0 pid=1098) INFO 03-06 22:56:33 [ascend_config.py:434] The number of redundant experts is 0
2026-03-06T22:56:33.6334508Z (ApiServer_0 pid=1098) INFO 03-06 22:56:33 [ascend_config.py:55] Linear layer sharding enabled with config: None. Note: This feature works optimally with FLASHCOMM2 and DSA-CP enabled; using it without these features may result in significant performance degradation.
2026-03-06T22:56:33.6343231Z (ApiServer_0 pid=1098) INFO 03-06 22:56:33 [platform.py:284] PIECEWISE compilation enabled on NPU. use_inductor not supported - using only ACL Graph mode
2026-03-06T22:56:33.6352257Z (ApiServer_0 pid=1098) INFO 03-06 22:56:33 [utils.py:542] Calculated maximum supported batch sizes for ACL graph: 5
2026-03-06T22:56:33.6363135Z (ApiServer_0 pid=1098) WARNING 03-06 22:56:33 [utils.py:543] Currently, communication is performed using FFTS+ method, which reduces the number of available streams and, as a result, limits the range of runtime shapes that can be handled. To both improve communication performance and increase the number of supported shapes, set HCCL_OP_EXPANSION_MODE=AIV.
2026-03-06T22:56:33.6372046Z (ApiServer_0 pid=1098) INFO 03-06 22:56:33 [utils.py:563] Adjusted ACL graph batch sizes for DeepseekV3ForCausalLM model (layers: 61): 11 → 5 sizes
2026-03-06T22:56:33.6380013Z (ApiServer_0 pid=1098) INFO 03-06 22:56:33 [platform.py:436] Set PYTORCH_NPU_ALLOC_CONF=expandable_segments:True
2026-03-06T22:56:33.9430717Z (ApiServer_1 pid=1099) WARNING 03-06 22:56:33 [registry.py:218] Using a slow tokenizer. This might cause a significant slowdown. Consider using a fast tokenizer instead.
2026-03-06T22:56:34.3189742Z (ApiServer_0 pid=1098) WARNING 03-06 22:56:34 [registry.py:218] Using a slow tokenizer. This might cause a significant slowdown. Consider using a fast tokenizer instead.
2026-03-06T22:56:34.3738506Z /usr/local/python3.11.14/lib/python3.11/site-packages/transformers/models/auto/image_processing_auto.py:647: FutureWarning: The image_processor_class argument is deprecated and will be removed in v4.42. Please use `slow_image_processor_class`, or `fast_image_processor_class` instead
2026-03-06T22:56:34.3745182Z   warnings.warn(
2026-03-06T22:56:34.3766397Z /usr/local/python3.11.14/lib/python3.11/site-packages/transformers/models/auto/image_processing_auto.py:647: FutureWarning: The image_processor_class argument is deprecated and will be removed in v4.42. Please use `slow_image_processor_class`, or `fast_image_processor_class` instead
2026-03-06T22:56:34.3774180Z   warnings.warn(
2026-03-06T22:56:36.9382196Z INFO 03-06 22:56:36 [__init__.py:43] Available plugins for group vllm.platform_plugins:
2026-03-06T22:56:36.9390448Z INFO 03-06 22:56:36 [__init__.py:45] - ascend -> vllm_ascend:register
2026-03-06T22:56:36.9399580Z INFO 03-06 22:56:36 [__init__.py:48] All plugins in this group will be loaded. Set `VLLM_PLUGINS` to control which plugins to load.
2026-03-06T22:56:36.9452417Z INFO 03-06 22:56:36 [__init__.py:212] Platform plugin ascend is activated
2026-03-06T22:56:37.2920007Z INFO 03-06 22:56:37 [__init__.py:43] Available plugins for group vllm.platform_plugins:
2026-03-06T22:56:37.2928571Z INFO 03-06 22:56:37 [__init__.py:45] - ascend -> vllm_ascend:register
2026-03-06T22:56:37.2938103Z INFO 03-06 22:56:37 [__init__.py:48] All plugins in this group will be loaded. Set `VLLM_PLUGINS` to control which plugins to load.
2026-03-06T22:56:37.2992557Z INFO 03-06 22:56:37 [__init__.py:212] Platform plugin ascend is activated
2026-03-06T22:56:37.5579482Z INFO 03-06 22:56:37 [ascend_config.py:433] Dynamic EPLB is False
2026-03-06T22:56:37.5588633Z INFO 03-06 22:56:37 [ascend_config.py:434] The number of redundant experts is 0
2026-03-06T22:56:37.5599000Z INFO 03-06 22:56:37 [ascend_config.py:55] Linear layer sharding enabled with config: None. Note: This feature works optimally with FLASHCOMM2 and DSA-CP enabled; using it without these features may result in significant performance degradation.
2026-03-06T22:56:37.5670858Z INFO 03-06 22:56:37 [ascend_config.py:433] Dynamic EPLB is False
2026-03-06T22:56:37.5679224Z INFO 03-06 22:56:37 [ascend_config.py:434] The number of redundant experts is 0
2026-03-06T22:56:37.5688961Z INFO 03-06 22:56:37 [ascend_config.py:55] Linear layer sharding enabled with config: None. Note: This feature works optimally with FLASHCOMM2 and DSA-CP enabled; using it without these features may result in significant performance degradation.
2026-03-06T22:56:37.9351064Z INFO 03-06 22:56:37 [parallel_state.py:1234] world_size=32 rank=0 local_rank=0 distributed_init_method=tcp://10.0.0.74:49465 backend=hccl
2026-03-06T22:56:38.0886387Z INFO 03-06 22:56:38 [parallel_state.py:1234] world_size=32 rank=8 local_rank=0 distributed_init_method=tcp://10.0.0.74:49465 backend=hccl
2026-03-06T22:56:42.0723200Z 2026-03-06 22:56:42,070 - 2054 - vllmProfiler - INFO - VLLM_USE_V1 not set, auto-detected via vLLM 0.16.0+empty: default 1
2026-03-06T22:56:42.0756223Z INFO 03-06 22:56:42 [__init__.py:108] Registered model loader `<class 'vllm_ascend.model_loader.netloader.netloader.ModelNetLoaderElastic'>` with load format `netloader`
2026-03-06T22:56:42.4282481Z 2026-03-06 22:56:42,426 - 2120 - vllmProfiler - INFO - VLLM_USE_V1 not set, auto-detected via vLLM 0.16.0+empty: default 1
2026-03-06T22:56:42.4319610Z INFO 03-06 22:56:42 [__init__.py:108] Registered model loader `<class 'vllm_ascend.model_loader.netloader.netloader.ModelNetLoaderElastic'>` with load format `netloader`
2026-03-06T22:56:43.5148799Z /usr/local/python3.11.14/lib/python3.11/site-packages/transformers/models/auto/image_processing_auto.py:647: FutureWarning: The image_processor_class argument is deprecated and will be removed in v4.42. Please use `slow_image_processor_class`, or `fast_image_processor_class` instead
2026-03-06T22:56:43.5154926Z   warnings.warn(
2026-03-06T22:56:43.8964943Z /usr/local/python3.11.14/lib/python3.11/site-packages/transformers/models/auto/image_processing_auto.py:647: FutureWarning: The image_processor_class argument is deprecated and will be removed in v4.42. Please use `slow_image_processor_class`, or `fast_image_processor_class` instead
2026-03-06T22:56:43.8970974Z   warnings.warn(
2026-03-06T22:56:45.1875666Z INFO 03-06 22:56:45 [ascend_config.py:433] Dynamic EPLB is False
2026-03-06T22:56:45.1876655Z INFO 03-06 22:56:45 [ascend_config.py:434] The number of redundant experts is 0
2026-03-06T22:56:45.1878250Z INFO 03-06 22:56:45 [ascend_config.py:55] Linear layer sharding enabled with config: None. Note: This feature works optimally with FLASHCOMM2 and DSA-CP enabled; using it without these features may result in significant performance degradation.
2026-03-06T22:56:45.5690253Z INFO 03-06 22:56:45 [ascend_config.py:433] Dynamic EPLB is False
2026-03-06T22:56:45.5698608Z INFO 03-06 22:56:45 [ascend_config.py:434] The number of redundant experts is 0
2026-03-06T22:56:45.5708710Z INFO 03-06 22:56:45 [ascend_config.py:55] Linear layer sharding enabled with config: None. Note: This feature works optimally with FLASHCOMM2 and DSA-CP enabled; using it without these features may result in significant performance degradation.
2026-03-06T22:56:45.9187456Z INFO 03-06 22:56:45 [parallel_state.py:1234] world_size=32 rank=1 local_rank=1 distributed_init_method=tcp://10.0.0.74:49465 backend=hccl
2026-03-06T22:56:46.3201855Z INFO 03-06 22:56:46 [parallel_state.py:1234] world_size=32 rank=9 local_rank=1 distributed_init_method=tcp://10.0.0.74:49465 backend=hccl
2026-03-06T22:56:46.9327805Z INFO 03-06 22:56:46 [__init__.py:43] Available plugins for group vllm.platform_plugins:
2026-03-06T22:56:46.9335926Z INFO 03-06 22:56:46 [__init__.py:45] - ascend -> vllm_ascend:register
2026-03-06T22:56:46.9345760Z INFO 03-06 22:56:46 [__init__.py:48] All plugins in this group will be loaded. Set `VLLM_PLUGINS` to control which plugins to load.
2026-03-06T22:56:46.9398389Z INFO 03-06 22:56:46 [__init__.py:212] Platform plugin ascend is activated
2026-03-06T22:56:47.1928940Z INFO 03-06 22:56:47 [__init__.py:43] Available plugins for group vllm.platform_plugins:
2026-03-06T22:56:47.1937646Z INFO 03-06 22:56:47 [__init__.py:45] - ascend -> vllm_ascend:register
2026-03-06T22:56:47.1947436Z INFO 03-06 22:56:47 [__init__.py:48] All plugins in this group will be loaded. Set `VLLM_PLUGINS` to control which plugins to load.
2026-03-06T22:56:47.1999406Z INFO 03-06 22:56:47 [__init__.py:212] Platform plugin ascend is activated
2026-03-06T22:56:52.0979266Z 2026-03-06 22:56:52,095 - 2612 - vllmProfiler - INFO - VLLM_USE_V1 not set, auto-detected via vLLM 0.16.0+empty: default 1
2026-03-06T22:56:52.1016440Z INFO 03-06 22:56:52 [__init__.py:108] Registered model loader `<class 'vllm_ascend.model_loader.netloader.netloader.ModelNetLoaderElastic'>` with load format `netloader`
2026-03-06T22:56:52.2714866Z 2026-03-06 22:56:52,269 - 2615 - vllmProfiler - INFO - VLLM_USE_V1 not set, auto-detected via vLLM 0.16.0+empty: default 1
2026-03-06T22:56:52.2752154Z INFO 03-06 22:56:52 [__init__.py:108] Registered model loader `<class 'vllm_ascend.model_loader.netloader.netloader.ModelNetLoaderElastic'>` with load format `netloader`
2026-03-06T22:56:53.5578997Z /usr/local/python3.11.14/lib/python3.11/site-packages/transformers/models/auto/image_processing_auto.py:647: FutureWarning: The image_processor_class argument is deprecated and will be removed in v4.42. Please use `slow_image_processor_class`, or `fast_image_processor_class` instead
2026-03-06T22:56:53.5585179Z   warnings.warn(
2026-03-06T22:56:53.7396855Z /usr/local/python3.11.14/lib/python3.11/site-packages/transformers/models/auto/image_processing_auto.py:647: FutureWarning: The image_processor_class argument is deprecated and will be removed in v4.42. Please use `slow_image_processor_class`, or `fast_image_processor_class` instead
2026-03-06T22:56:53.7403967Z   warnings.warn(
2026-03-06T22:56:55.3174792Z INFO 03-06 22:56:55 [ascend_config.py:433] Dynamic EPLB is False
2026-03-06T22:56:55.3182772Z INFO 03-06 22:56:55 [ascend_config.py:434] The number of redundant experts is 0
2026-03-06T22:56:55.3193508Z INFO 03-06 22:56:55 [ascend_config.py:55] Linear layer sharding enabled with config: None. Note: This feature works optimally with FLASHCOMM2 and DSA-CP enabled; using it without these features may result in significant performance degradation.
2026-03-06T22:56:55.4582943Z INFO 03-06 22:56:55 [ascend_config.py:433] Dynamic EPLB is False
2026-03-06T22:56:55.4590994Z INFO 03-06 22:56:55 [ascend_config.py:434] The number of redundant experts is 0
2026-03-06T22:56:55.4601420Z INFO 03-06 22:56:55 [ascend_config.py:55] Linear layer sharding enabled with config: None. Note: This feature works optimally with FLASHCOMM2 and DSA-CP enabled; using it without these features may result in significant performance degradation.
2026-03-06T22:56:56.1297707Z INFO 03-06 22:56:56 [parallel_state.py:1234] world_size=32 rank=2 local_rank=2 distributed_init_method=tcp://10.0.0.74:49465 backend=hccl
2026-03-06T22:56:56.2238968Z INFO 03-06 22:56:56 [parallel_state.py:1234] world_size=32 rank=10 local_rank=2 distributed_init_method=tcp://10.0.0.74:49465 backend=hccl
2026-03-06T22:56:56.9236105Z INFO 03-06 22:56:56 [__init__.py:43] Available plugins for group vllm.platform_plugins:
2026-03-06T22:56:56.9243533Z INFO 03-06 22:56:56 [__init__.py:45] - ascend -> vllm_ascend:register
2026-03-06T22:56:56.9252894Z INFO 03-06 22:56:56 [__init__.py:48] All plugins in this group will be loaded. Set `VLLM_PLUGINS` to control which plugins to load.
2026-03-06T22:56:56.9308820Z INFO 03-06 22:56:56 [__init__.py:212] Platform plugin ascend is activated
2026-03-06T22:56:57.0225524Z INFO 03-06 22:56:57 [__init__.py:43] Available plugins for group vllm.platform_plugins:
2026-03-06T22:56:57.0235130Z INFO 03-06 22:56:57 [__init__.py:45] - ascend -> vllm_ascend:register
2026-03-06T22:56:57.0244055Z INFO 03-06 22:56:57 [__init__.py:48] All plugins in this group will be loaded. Set `VLLM_PLUGINS` to control which plugins to load.
2026-03-06T22:56:57.0299963Z INFO 03-06 22:56:57 [__init__.py:212] Platform plugin ascend is activated
2026-03-06T22:57:02.0558885Z 2026-03-06 22:57:02,052 - 3170 - vllmProfiler - INFO - VLLM_USE_V1 not set, auto-detected via vLLM 0.16.0+empty: default 1
2026-03-06T22:57:02.0580913Z INFO 03-06 22:57:02 [__init__.py:108] Registered model loader `<class 'vllm_ascend.model_loader.netloader.netloader.ModelNetLoaderElastic'>` with load format `netloader`
2026-03-06T22:57:02.1446966Z 2026-03-06 22:57:02,143 - 3168 - vllmProfiler - INFO - VLLM_USE_V1 not set, auto-detected via vLLM 0.16.0+empty: default 1
2026-03-06T22:57:02.1486236Z INFO 03-06 22:57:02 [__init__.py:108] Registered model loader `<class 'vllm_ascend.model_loader.netloader.netloader.ModelNetLoaderElastic'>` with load format `netloader`
2026-03-06T22:57:03.5404048Z /usr/local/python3.11.14/lib/python3.11/site-packages/transformers/models/auto/image_processing_auto.py:647: FutureWarning: The image_processor_class argument is deprecated and will be removed in v4.42. Please use `slow_image_processor_class`, or `fast_image_processor_class` instead
2026-03-06T22:57:03.5410231Z   warnings.warn(
2026-03-06T22:57:03.6423855Z /usr/local/python3.11.14/lib/python3.11/site-packages/transformers/models/auto/image_processing_auto.py:647: FutureWarning: The image_processor_class argument is deprecated and will be removed in v4.42. Please use `slow_image_processor_class`, or `fast_image_processor_class` instead
2026-03-06T22:57:03.6431936Z   warnings.warn(
2026-03-06T22:57:05.3044829Z INFO 03-06 22:57:05 [ascend_config.py:433] Dynamic EPLB is False
2026-03-06T22:57:05.3052712Z INFO 03-06 22:57:05 [ascend_config.py:434] The number of redundant experts is 0
2026-03-06T22:57:05.3062468Z INFO 03-06 22:57:05 [ascend_config.py:55] Linear layer sharding enabled with config: None. Note: This feature works optimally with FLASHCOMM2 and DSA-CP enabled; using it without these features may result in significant performance degradation.
2026-03-06T22:57:05.3355367Z INFO 03-06 22:57:05 [ascend_config.py:433] Dynamic EPLB is False
2026-03-06T22:57:05.3363282Z INFO 03-06 22:57:05 [ascend_config.py:434] The number of redundant experts is 0
2026-03-06T22:57:05.3373559Z INFO 03-06 22:57:05 [ascend_config.py:55] Linear layer sharding enabled with config: None. Note: This feature works optimally with FLASHCOMM2 and DSA-CP enabled; using it without these features may result in significant performance degradation.
2026-03-06T22:57:06.1169630Z INFO 03-06 22:57:06 [parallel_state.py:1234] world_size=32 rank=3 local_rank=3 distributed_init_method=tcp://10.0.0.74:49465 backend=hccl
2026-03-06T22:57:06.3900806Z INFO 03-06 22:57:06 [__init__.py:43] Available plugins for group vllm.platform_plugins:
2026-03-06T22:57:06.3909426Z INFO 03-06 22:57:06 [__init__.py:45] - ascend -> vllm_ascend:register
2026-03-06T22:57:06.3919418Z INFO 03-06 22:57:06 [__init__.py:48] All plugins in this group will be loaded. Set `VLLM_PLUGINS` to control which plugins to load.
2026-03-06T22:57:06.3975495Z INFO 03-06 22:57:06 [__init__.py:212] Platform plugin ascend is activated
2026-03-06T22:57:06.7634289Z INFO 03-06 22:57:06 [parallel_state.py:1234] world_size=32 rank=11 local_rank=3 distributed_init_method=tcp://10.0.0.74:49465 backend=hccl
2026-03-06T22:57:06.8401248Z INFO 03-06 22:57:06 [__init__.py:43] Available plugins for group vllm.platform_plugins:
2026-03-06T22:57:06.8408829Z INFO 03-06 22:57:06 [__init__.py:45] - ascend -> vllm_ascend:register
2026-03-06T22:57:06.8418649Z INFO 03-06 22:57:06 [__init__.py:48] All plugins in this group will be loaded. Set `VLLM_PLUGINS` to control which plugins to load.
2026-03-06T22:57:06.8474014Z INFO 03-06 22:57:06 [__init__.py:212] Platform plugin ascend is activated
2026-03-06T22:57:11.4288149Z 2026-03-06 22:57:11,426 - 3724 - vllmProfiler - INFO - VLLM_USE_V1 not set, auto-detected via vLLM 0.16.0+empty: default 1
2026-03-06T22:57:11.4334873Z INFO 03-06 22:57:11 [__init__.py:108] Registered model loader `<class 'vllm_ascend.model_loader.netloader.netloader.ModelNetLoaderElastic'>` with load format `netloader`
2026-03-06T22:57:11.9988553Z 2026-03-06 22:57:11,996 - 3725 - vllmProfiler - INFO - VLLM_USE_V1 not set, auto-detected via vLLM 0.16.0+empty: default 1
2026-03-06T22:57:12.0022699Z INFO 03-06 22:57:12 [__init__.py:108] Registered model loader `<class 'vllm_ascend.model_loader.netloader.netloader.ModelNetLoaderElastic'>` with load format `netloader`
2026-03-06T22:57:12.9078082Z /usr/local/python3.11.14/lib/python3.11/site-packages/transformers/models/auto/image_processing_auto.py:647: FutureWarning: The image_processor_class argument is deprecated and will be removed in v4.42. Please use `slow_image_processor_class`, or `fast_image_processor_class` instead
2026-03-06T22:57:12.9084323Z   warnings.warn(
2026-03-06T22:57:13.4711342Z /usr/local/python3.11.14/lib/python3.11/site-packages/transformers/models/auto/image_processing_auto.py:647: FutureWarning: The image_processor_class argument is deprecated and will be removed in v4.42. Please use `slow_image_processor_class`, or `fast_image_processor_class` instead
2026-03-06T22:57:13.4718693Z   warnings.warn(
2026-03-06T22:57:14.5918802Z INFO 03-06 22:57:14 [ascend_config.py:433] Dynamic EPLB is False
2026-03-06T22:57:14.5926867Z INFO 03-06 22:57:14 [ascend_config.py:434] The number of redundant experts is 0
2026-03-06T22:57:14.5937877Z INFO 03-06 22:57:14 [ascend_config.py:55] Linear layer sharding enabled with config: None. Note: This feature works optimally with FLASHCOMM2 and DSA-CP enabled; using it without these features may result in significant performance degradation.
2026-03-06T22:57:15.1406218Z INFO 03-06 22:57:15 [ascend_config.py:433] Dynamic EPLB is False
2026-03-06T22:57:15.1413875Z INFO 03-06 22:57:15 [ascend_config.py:434] The number of redundant experts is 0
2026-03-06T22:57:15.1423983Z INFO 03-06 22:57:15 [ascend_config.py:55] Linear layer sharding enabled with config: None. Note: This feature works optimally with FLASHCOMM2 and DSA-CP enabled; using it without these features may result in significant performance degradation.
2026-03-06T22:57:15.3470110Z INFO 03-06 22:57:15 [parallel_state.py:1234] world_size=32 rank=12 local_rank=4 distributed_init_method=tcp://10.0.0.74:49465 backend=hccl
2026-03-06T22:57:15.9008012Z INFO 03-06 22:57:15 [parallel_state.py:1234] world_size=32 rank=4 local_rank=4 distributed_init_method=tcp://10.0.0.74:49465 backend=hccl
2026-03-06T22:57:16.0831604Z INFO 03-06 22:57:16 [__init__.py:43] Available plugins for group vllm.platform_plugins:
2026-03-06T22:57:16.0839951Z INFO 03-06 22:57:16 [__init__.py:45] - ascend -> vllm_ascend:register
2026-03-06T22:57:16.0848857Z INFO 03-06 22:57:16 [__init__.py:48] All plugins in this group will be loaded. Set `VLLM_PLUGINS` to control which plugins to load.
2026-03-06T22:57:16.0904851Z INFO 03-06 22:57:16 [__init__.py:212] Platform plugin ascend is activated
2026-03-06T22:57:16.8162085Z INFO 03-06 22:57:16 [__init__.py:43] Available plugins for group vllm.platform_plugins:
2026-03-06T22:57:16.8169701Z INFO 03-06 22:57:16 [__init__.py:45] - ascend -> vllm_ascend:register
2026-03-06T22:57:16.8178925Z INFO 03-06 22:57:16 [__init__.py:48] All plugins in this group will be loaded. Set `VLLM_PLUGINS` to control which plugins to load.
2026-03-06T22:57:16.8234053Z INFO 03-06 22:57:16 [__init__.py:212] Platform plugin ascend is activated
2026-03-06T22:57:21.1960295Z 2026-03-06 22:57:21,193 - 4280 - vllmProfiler - INFO - VLLM_USE_V1 not set, auto-detected via vLLM 0.16.0+empty: default 1
2026-03-06T22:57:21.1995564Z INFO 03-06 22:57:21 [__init__.py:108] Registered model loader `<class 'vllm_ascend.model_loader.netloader.netloader.ModelNetLoaderElastic'>` with load format `netloader`
2026-03-06T22:57:21.8537709Z 2026-03-06 22:57:21,851 - 4346 - vllmProfiler - INFO - VLLM_USE_V1 not set, auto-detected via vLLM 0.16.0+empty: default 1
2026-03-06T22:57:21.8572697Z INFO 03-06 22:57:21 [__init__.py:108] Registered model loader `<class 'vllm_ascend.model_loader.netloader.netloader.ModelNetLoaderElastic'>` with load format `netloader`
2026-03-06T22:57:22.6676212Z /usr/local/python3.11.14/lib/python3.11/site-packages/transformers/models/auto/image_processing_auto.py:647: FutureWarning: The image_processor_class argument is deprecated and will be removed in v4.42. Please use `slow_image_processor_class`, or `fast_image_processor_class` instead
2026-03-06T22:57:22.6681995Z   warnings.warn(
2026-03-06T22:57:23.2990911Z /usr/local/python3.11.14/lib/python3.11/site-packages/transformers/models/auto/image_processing_auto.py:647: FutureWarning: The image_processor_class argument is deprecated and will be removed in v4.42. Please use `slow_image_processor_class`, or `fast_image_processor_class` instead
2026-03-06T22:57:23.2996902Z   warnings.warn(
2026-03-06T22:57:24.3308719Z INFO 03-06 22:57:24 [ascend_config.py:433] Dynamic EPLB is False
2026-03-06T22:57:24.3316981Z INFO 03-06 22:57:24 [ascend_config.py:434] The number of redundant experts is 0
2026-03-06T22:57:24.3326652Z INFO 03-06 22:57:24 [ascend_config.py:55] Linear layer sharding enabled with config: None. Note: This feature works optimally with FLASHCOMM2 and DSA-CP enabled; using it without these features may result in significant performance degradation.
2026-03-06T22:57:25.0526897Z INFO 03-06 22:57:25 [ascend_config.py:433] Dynamic EPLB is False
2026-03-06T22:57:25.0534981Z INFO 03-06 22:57:25 [ascend_config.py:434] The number of redundant experts is 0
2026-03-06T22:57:25.0584378Z INFO 03-06 22:57:25 [ascend_config.py:55] Linear layer sharding enabled with config: None. Note: This feature works optimally with FLASHCOMM2 and DSA-CP enabled; using it without these features may result in significant performance degradation.
2026-03-06T22:57:25.0755368Z INFO 03-06 22:57:25 [parallel_state.py:1234] world_size=32 rank=13 local_rank=5 distributed_init_method=tcp://10.0.0.74:49465 backend=hccl
2026-03-06T22:57:25.8724170Z INFO 03-06 22:57:25 [parallel_state.py:1234] world_size=32 rank=5 local_rank=5 distributed_init_method=tcp://10.0.0.74:49465 backend=hccl
2026-03-06T22:57:26.0533120Z INFO 03-06 22:57:26 [__init__.py:43] Available plugins for group vllm.platform_plugins:
2026-03-06T22:57:26.0541328Z INFO 03-06 22:57:26 [__init__.py:45] - ascend -> vllm_ascend:register
2026-03-06T22:57:26.0550956Z INFO 03-06 22:57:26 [__init__.py:48] All plugins in this group will be loaded. Set `VLLM_PLUGINS` to control which plugins to load.
2026-03-06T22:57:26.0609076Z INFO 03-06 22:57:26 [__init__.py:212] Platform plugin ascend is activated
2026-03-06T22:57:26.4679604Z INFO 03-06 22:57:26 [__init__.py:43] Available plugins for group vllm.platform_plugins:
2026-03-06T22:57:26.4688225Z INFO 03-06 22:57:26 [__init__.py:45] - ascend -> vllm_ascend:register
2026-03-06T22:57:26.4698096Z INFO 03-06 22:57:26 [__init__.py:48] All plugins in this group will be loaded. Set `VLLM_PLUGINS` to control which plugins to load.
2026-03-06T22:57:26.4752023Z INFO 03-06 22:57:26 [__init__.py:212] Platform plugin ascend is activated
2026-03-06T22:57:31.1828048Z 2026-03-06 22:57:31,180 - 4836 - vllmProfiler - INFO - VLLM_USE_V1 not set, auto-detected via vLLM 0.16.0+empty: default 1
2026-03-06T22:57:31.1863849Z INFO 03-06 22:57:31 [__init__.py:108] Registered model loader `<class 'vllm_ascend.model_loader.netloader.netloader.ModelNetLoaderElastic'>` with load format `netloader`
2026-03-06T22:57:31.5054219Z 2026-03-06 22:57:31,503 - 4902 - vllmProfiler - INFO - VLLM_USE_V1 not set, auto-detected via vLLM 0.16.0+empty: default 1
2026-03-06T22:57:31.5088945Z INFO 03-06 22:57:31 [__init__.py:108] Registered model loader `<class 'vllm_ascend.model_loader.netloader.netloader.ModelNetLoaderElastic'>` with load format `netloader`
2026-03-06T22:57:32.6324621Z /usr/local/python3.11.14/lib/python3.11/site-packages/transformers/models/auto/image_processing_auto.py:647: FutureWarning: The image_processor_class argument is deprecated and will be removed in v4.42. Please use `slow_image_processor_class`, or `fast_image_processor_class` instead
2026-03-06T22:57:32.6331601Z   warnings.warn(
2026-03-06T22:57:32.9543595Z /usr/local/python3.11.14/lib/python3.11/site-packages/transformers/models/auto/image_processing_auto.py:647: FutureWarning: The image_processor_class argument is deprecated and will be removed in v4.42. Please use `slow_image_processor_class`, or `fast_image_processor_class` instead
2026-03-06T22:57:32.9550257Z   warnings.warn(
2026-03-06T22:57:34.3030592Z INFO 03-06 22:57:34 [ascend_config.py:433] Dynamic EPLB is False
2026-03-06T22:57:34.3038297Z INFO 03-06 22:57:34 [ascend_config.py:434] The number of redundant experts is 0
2026-03-06T22:57:34.3048689Z INFO 03-06 22:57:34 [ascend_config.py:55] Linear layer sharding enabled with config: None. Note: This feature works optimally with FLASHCOMM2 and DSA-CP enabled; using it without these features may result in significant performance degradation.
2026-03-06T22:57:34.6541388Z INFO 03-06 22:57:34 [ascend_config.py:433] Dynamic EPLB is False
2026-03-06T22:57:34.6549953Z INFO 03-06 22:57:34 [ascend_config.py:434] The number of redundant experts is 0
2026-03-06T22:57:34.6560528Z INFO 03-06 22:57:34 [ascend_config.py:55] Linear layer sharding enabled with config: None. Note: This feature works optimally with FLASHCOMM2 and DSA-CP enabled; using it without these features may result in significant performance degradation.
2026-03-06T22:57:35.0604239Z INFO 03-06 22:57:35 [parallel_state.py:1234] world_size=32 rank=14 local_rank=6 distributed_init_method=tcp://10.0.0.74:49465 backend=hccl
2026-03-06T22:57:35.4205968Z INFO 03-06 22:57:35 [parallel_state.py:1234] world_size=32 rank=6 local_rank=6 distributed_init_method=tcp://10.0.0.74:49465 backend=hccl
2026-03-06T22:57:36.0501726Z INFO 03-06 22:57:36 [__init__.py:43] Available plugins for group vllm.platform_plugins:
2026-03-06T22:57:36.0509374Z INFO 03-06 22:57:36 [__init__.py:45] - ascend -> vllm_ascend:register
2026-03-06T22:57:36.0518163Z INFO 03-06 22:57:36 [__init__.py:48] All plugins in this group will be loaded. Set `VLLM_PLUGINS` to control which plugins to load.
2026-03-06T22:57:36.0579655Z INFO 03-06 22:57:36 [__init__.py:212] Platform plugin ascend is activated
2026-03-06T22:57:36.1188941Z INFO 03-06 22:57:36 [__init__.py:43] Available plugins for group vllm.platform_plugins:
2026-03-06T22:57:36.1196899Z INFO 03-06 22:57:36 [__init__.py:45] - ascend -> vllm_ascend:register
2026-03-06T22:57:36.1205682Z INFO 03-06 22:57:36 [__init__.py:48] All plugins in this group will be loaded. Set `VLLM_PLUGINS` to control which plugins to load.
2026-03-06T22:57:36.1267066Z INFO 03-06 22:57:36 [__init__.py:212] Platform plugin ascend is activated
2026-03-06T22:57:41.2292335Z 2026-03-06 22:57:41,227 - 5395 - vllmProfiler - INFO - VLLM_USE_V1 not set, auto-detected via vLLM 0.16.0+empty: default 1
2026-03-06T22:57:41.2327144Z INFO 03-06 22:57:41 [__init__.py:108] Registered model loader `<class 'vllm_ascend.model_loader.netloader.netloader.ModelNetLoaderElastic'>` with load format `netloader`
2026-03-06T22:57:41.3573382Z 2026-03-06 22:57:41,355 - 5392 - vllmProfiler - INFO - VLLM_USE_V1 not set, auto-detected via vLLM 0.16.0+empty: default 1
2026-03-06T22:57:41.3670566Z INFO 03-06 22:57:41 [__init__.py:108] Registered model loader `<class 'vllm_ascend.model_loader.netloader.netloader.ModelNetLoaderElastic'>` with load format `netloader`
2026-03-06T22:57:42.6774699Z /usr/local/python3.11.14/lib/python3.11/site-packages/transformers/models/auto/image_processing_auto.py:647: FutureWarning: The image_processor_class argument is deprecated and will be removed in v4.42. Please use `slow_image_processor_class`, or `fast_image_processor_class` instead
2026-03-06T22:57:42.6781615Z   warnings.warn(
2026-03-06T22:57:42.8181857Z /usr/local/python3.11.14/lib/python3.11/site-packages/transformers/models/auto/image_processing_auto.py:647: FutureWarning: The image_processor_class argument is deprecated and will be removed in v4.42. Please use `slow_image_processor_class`, or `fast_image_processor_class` instead
2026-03-06T22:57:42.8189202Z   warnings.warn(
2026-03-06T22:57:44.4229099Z INFO 03-06 22:57:44 [ascend_config.py:433] Dynamic EPLB is False
2026-03-06T22:57:44.4236138Z INFO 03-06 22:57:44 [ascend_config.py:434] The number of redundant experts is 0
2026-03-06T22:57:44.4246049Z INFO 03-06 22:57:44 [ascend_config.py:55] Linear layer sharding enabled with config: None. Note: This feature works optimally with FLASHCOMM2 and DSA-CP enabled; using it without these features may result in significant performance degradation.
2026-03-06T22:57:44.5796617Z INFO 03-06 22:57:44 [ascend_config.py:433] Dynamic EPLB is False
2026-03-06T22:57:44.5798412Z INFO 03-06 22:57:44 [ascend_config.py:434] The number of redundant experts is 0
2026-03-06T22:57:44.5799454Z INFO 03-06 22:57:44 [ascend_config.py:55] Linear layer sharding enabled with config: None. Note: This feature works optimally with FLASHCOMM2 and DSA-CP enabled; using it without these features may result in significant performance degradation.
2026-03-06T22:57:45.3301400Z INFO 03-06 22:57:45 [parallel_state.py:1234] world_size=32 rank=15 local_rank=7 distributed_init_method=tcp://10.0.0.74:49465 backend=hccl
2026-03-06T22:57:45.5605013Z INFO 03-06 22:57:45 [parallel_state.py:1234] world_size=32 rank=7 local_rank=7 distributed_init_method=tcp://10.0.0.74:49465 backend=hccl
2026-03-06T22:57:45.6045397Z [Gloo] Rank 0 is connected to 31 peer ranks. Expected number of connected peer ranks is : 31
2026-03-06T22:57:45.6073415Z [Gloo] Rank 3 is connected to 31 peer ranks. Expected number of connected peer ranks is : 31
2026-03-06T22:57:45.6082465Z [Gloo] Rank 2 is connected to 31 peer ranks. Expected number of connected peer ranks is : 31
2026-03-06T22:57:45.6091243Z [Gloo] Rank 4 is connected to 31 peer ranks. Expected number of connected peer ranks is : 31
2026-03-06T22:57:45.6100323Z [Gloo] Rank 6 is connected to 31 peer ranks. Expected number of connected peer ranks is : 31
2026-03-06T22:57:45.6368889Z [Gloo] Rank 9 is connected to 31 peer ranks. Expected number of connected peer ranks is : 31
2026-03-06T22:57:45.6376730Z [Gloo] Rank 10 is connected to 31 peer ranks. Expected number of connected peer ranks is : 31
2026-03-06T22:57:45.6390751Z [Gloo] Rank 1 is connected to 31 peer ranks. Expected number of connected peer ranks is : 31
2026-03-06T22:57:45.6399484Z [Gloo] Rank 5 is connected to 31 peer ranks. Expected number of connected peer ranks is : 31
2026-03-06T22:57:45.6407975Z [Gloo] Rank 7 is connected to 31 peer ranks. Expected number of connected peer ranks is : 31
2026-03-06T22:57:45.6417480Z [Gloo] Rank 8 is connected to 31 peer ranks. Expected number of connected peer ranks is : 31
2026-03-06T22:57:45.6661930Z [Gloo] Rank 12 is connected to 31 peer ranks. Expected number of connected peer ranks is : 31
2026-03-06T22:57:45.6669693Z [Gloo] Rank 11 is connected to 31 peer ranks. Expected number of connected peer ranks is : 31
2026-03-06T22:57:45.6691957Z [Gloo] Rank 14 is connected to 31 peer ranks. Expected number of connected peer ranks is : 31
2026-03-06T22:57:45.6700244Z [Gloo] Rank 13 is connected to 31 peer ranks. Expected number of connected peer ranks is : 31
2026-03-06T22:57:45.6708672Z [Gloo] Rank 15 is connected to 31 peer ranks. Expected number of connected peer ranks is : 31
2026-03-06T22:57:45.7045055Z [Gloo] Rank 0 is connected to 7 peer ranks. Expected number of connected peer ranks is : 7
2026-03-06T22:57:45.7073281Z [Gloo] Rank 1 is connected to 7 peer ranks. Expected number of connected peer ranks is : 7
2026-03-06T22:57:45.7082370Z [Gloo] Rank 3 is connected to 7 peer ranks. Expected number of connected peer ranks is : 7
2026-03-06T22:57:45.7091015Z [Gloo] Rank 1 is connected to 7 peer ranks. Expected number of connected peer ranks is : 7
2026-03-06T22:57:45.7099006Z [Gloo] Rank 5 is connected to 7 peer ranks. Expected number of connected peer ranks is : 7
2026-03-06T22:57:45.7106805Z [Gloo] Rank 0 is connected to 7 peer ranks. Expected number of connected peer ranks is : 7
2026-03-06T22:57:45.7119745Z [Gloo] Rank 3 is connected to 7 peer ranks. Expected number of connected peer ranks is : 7
2026-03-06T22:57:45.7124268Z [Gloo] Rank 4 is connected to 7 peer ranks. Expected number of connected peer ranks is : 7
2026-03-06T22:57:45.7132801Z [Gloo] Rank 4 is connected to 7 peer ranks. Expected number of connected peer ranks is : 7
2026-03-06T22:57:45.7142133Z [Gloo] Rank 2 is connected to 7 peer ranks. Expected number of connected peer ranks is : 7
2026-03-06T22:57:45.7151501Z [Gloo] Rank 6 is connected to 7 peer ranks. Expected number of connected peer ranks is : 7
2026-03-06T22:57:45.7159143Z [Gloo] Rank 2 is connected to 7 peer ranks. Expected number of connected peer ranks is : 7
2026-03-06T22:57:45.7167867Z [Gloo] Rank 7 is connected to 7 peer ranks. Expected number of connected peer ranks is : 7
2026-03-06T22:57:45.7176173Z [Gloo] Rank 6 is connected to 7 peer ranks. Expected number of connected peer ranks is : 7
2026-03-06T22:57:45.7184528Z [Gloo] Rank 7 is connected to 7 peer ranks. Expected number of connected peer ranks is : 7
2026-03-06T22:57:45.7192766Z [Gloo] Rank 5 is connected to 7 peer ranks. Expected number of connected peer ranks is : 7
2026-03-06T22:57:45.7201520Z [Gloo] Rank 0 is connected to 0 peer ranks. Expected number of connected peer ranks is : 0
2026-03-06T22:57:45.7209449Z [Gloo] Rank 0 is connected to 0 peer ranks. Expected number of connected peer ranks is : 0
2026-03-06T22:57:45.7217916Z [Gloo] Rank 0 is connected to 0 peer ranks. Expected number of connected peer ranks is : 0
2026-03-06T22:57:45.7226465Z [Gloo] Rank 0 is connected to 0 peer ranks. Expected number of connected peer ranks is : 0
2026-03-06T22:57:45.7234488Z [Gloo] Rank 0 is connected to 0 peer ranks. Expected number of connected peer ranks is : 0
2026-03-06T22:57:45.7242889Z [Gloo] Rank 0 is connected to 0 peer ranks. Expected number of connected peer ranks is : 0
2026-03-06T22:57:45.7251890Z [Gloo] Rank 0 is connected to 0 peer ranks. Expected number of connected peer ranks is : 0
2026-03-06T22:57:45.7260417Z [Gloo] Rank 0 is connected to 0 peer ranks. Expected number of connected peer ranks is : 0
2026-03-06T22:57:45.7268542Z [Gloo] Rank 0 is connected to 0 peer ranks. Expected number of connected peer ranks is : 0
2026-03-06T22:57:45.7277528Z [Gloo] Rank 0 is connected to 0 peer ranks. Expected number of connected peer ranks is : 0
2026-03-06T22:57:45.7285580Z [Gloo] Rank 0 is connected to 0 peer ranks. Expected number of connected peer ranks is : 0
2026-03-06T22:57:45.7294157Z [Gloo] Rank 0 is connected to 0 peer ranks. Expected number of connected peer ranks is : 0
2026-03-06T22:57:45.7302669Z [Gloo] Rank 0 is connected to 0 peer ranks. Expected number of connected peer ranks is : 0
2026-03-06T22:57:45.7311143Z [Gloo] Rank 0 is connected to 0 peer ranks. Expected number of connected peer ranks is : 0
2026-03-06T22:57:45.7320229Z [Gloo] Rank 0 is connected to 0 peer ranks. Expected number of connected peer ranks is : 0
2026-03-06T22:57:45.7328176Z [Gloo] Rank 0 is connected to 0 peer ranks. Expected number of connected peer ranks is : 0
2026-03-06T22:57:45.7336655Z [Gloo] Rank 0 is connected to 0 peer ranks. Expected number of connected peer ranks is : 0
2026-03-06T22:57:45.7344697Z [Gloo] Rank 0 is connected to 0 peer ranks. Expected number of connected peer ranks is : 0
2026-03-06T22:57:45.7352828Z [Gloo] Rank 0 is connected to 0 peer ranks. Expected number of connected peer ranks is : 0
2026-03-06T22:57:45.7360871Z [Gloo] Rank 0 is connected to 0 peer ranks. Expected number of connected peer ranks is : 0
2026-03-06T22:57:45.7370196Z [Gloo] Rank 0 is connected to 0 peer ranks. Expected number of connected peer ranks is : 0
2026-03-06T22:57:45.7378305Z [Gloo] Rank 0 is connected to 0 peer ranks. Expected number of connected peer ranks is : 0
2026-03-06T22:57:45.7386369Z [Gloo] Rank 0 is connected to 0 peer ranks. Expected number of connected peer ranks is : 0
2026-03-06T22:57:45.7394459Z [Gloo] Rank 0 is connected to 0 peer ranks. Expected number of connected peer ranks is : 0
2026-03-06T22:57:45.7734387Z [Gloo] Rank 0 is connected to 0 peer ranks. Expected number of connected peer ranks is : 0
2026-03-06T22:57:45.7734979Z [Gloo] Rank 0 is connected to 0 peer ranks. Expected number of connected peer ranks is : 0
2026-03-06T22:57:45.7741993Z [Gloo] Rank 0 is connected to 0 peer ranks. Expected number of connected peer ranks is : 0
2026-03-06T22:57:45.7749892Z [Gloo] Rank 0 is connected to 0 peer ranks. Expected number of connected peer ranks is : 0
2026-03-06T22:57:45.7758373Z [Gloo] Rank 0 is connected to 0 peer ranks. Expected number of connected peer ranks is : 0
2026-03-06T22:57:45.7766289Z [Gloo] Rank 0 is connected to 0 peer ranks. Expected number of connected peer ranks is : 0
2026-03-06T22:57:45.7774450Z [Gloo] Rank 0 is connected to 0 peer ranks. Expected number of connected peer ranks is : 0
2026-03-06T22:57:45.7782445Z [Gloo] Rank 0 is connected to 0 peer ranks. Expected number of connected peer ranks is : 0
2026-03-06T22:57:45.7790903Z [Gloo] Rank 0 is connected to 0 peer ranks. Expected number of connected peer ranks is : 0
2026-03-06T22:57:45.7799760Z [Gloo] Rank 0 is connected to 0 peer ranks. Expected number of connected peer ranks is : 0
2026-03-06T22:57:45.7808404Z [Gloo] Rank 0 is connected to 0 peer ranks. Expected number of connected peer ranks is : 0
2026-03-06T22:57:45.7816269Z [Gloo] Rank 0 is connected to 0 peer ranks. Expected number of connected peer ranks is : 0
2026-03-06T22:57:45.7824816Z [Gloo] Rank 0 is connected to 0 peer ranks. Expected number of connected peer ranks is : 0
2026-03-06T22:57:45.7833006Z [Gloo] Rank 0 is connected to 0 peer ranks. Expected number of connected peer ranks is : 0
2026-03-06T22:57:45.7841738Z [Gloo] Rank 0 is connected to 0 peer ranks. Expected number of connected peer ranks is : 0
2026-03-06T22:57:45.7849100Z [Gloo] Rank 0 is connected to 0 peer ranks. Expected number of connected peer ranks is : 0
2026-03-06T22:57:45.7857852Z [Gloo] Rank 0 is connected to 0 peer ranks. Expected number of connected peer ranks is : 0
2026-03-06T22:57:45.7865837Z [Gloo] Rank 0 is connected to 0 peer ranks. Expected number of connected peer ranks is : 0
2026-03-06T22:57:45.7874106Z [Gloo] Rank 0 is connected to 0 peer ranks. Expected number of connected peer ranks is : 0
2026-03-06T22:57:45.7891637Z [Gloo] Rank 0 is connected to 0 peer ranks. Expected number of connected peer ranks is : 0
2026-03-06T22:57:45.7892233Z [Gloo] Rank 0 is connected to 0 peer ranks. Expected number of connected peer ranks is : 0
2026-03-06T22:57:45.7899243Z [Gloo] Rank 0 is connected to 0 peer ranks. Expected number of connected peer ranks is : 0
2026-03-06T22:57:45.7907646Z [Gloo] Rank 0 is connected to 0 peer ranks. Expected number of connected peer ranks is : 0
2026-03-06T22:57:45.7915641Z [Gloo] Rank 0 is connected to 0 peer ranks. Expected number of connected peer ranks is : 0
2026-03-06T22:57:45.7924083Z [Gloo] Rank 0 is connected to 3 peer ranks. Expected number of connected peer ranks is : 3
2026-03-06T22:57:45.7934792Z [Gloo] Rank 1 is connected to 3 peer ranks. Expected number of connected peer ranks is : 3
2026-03-06T22:57:45.7942170Z [Gloo] Rank 0 is connected to 3 peer ranks. Expected number of connected peer ranks is : 3
2026-03-06T22:57:45.7949643Z [Gloo] Rank 0 is connected to 3 peer ranks. Expected number of connected peer ranks is : 3
2026-03-06T22:57:45.7975525Z [Gloo] Rank 0 is connected to 3 peer ranks. Expected number of connected peer ranks is : 3
2026-03-06T22:57:45.7976217Z [Gloo] Rank 1 is connected to 3 peer ranks. Expected number of connected peer ranks is : 3
2026-03-06T22:57:45.7976881Z [Gloo] Rank 1 is connected to 3 peer ranks. Expected number of connected peer ranks is : 3
2026-03-06T22:57:45.7992491Z [Gloo] Rank 1 is connected to 3 peer ranks. Expected number of connected peer ranks is : 3
2026-03-06T22:57:45.7993067Z [Gloo] Rank 0 is connected to 3 peer ranks. Expected number of connected peer ranks is : 3
2026-03-06T22:57:45.7999668Z [Gloo] Rank 1 is connected to 3 peer ranks. Expected number of connected peer ranks is : 3
2026-03-06T22:57:45.8008211Z [Gloo] Rank 0 is connected to 3 peer ranks. Expected number of connected peer ranks is : 3
2026-03-06T22:57:45.8016355Z [Gloo] Rank 0 is connected to 3 peer ranks. Expected number of connected peer ranks is : 3
2026-03-06T22:57:45.8024496Z [Gloo] Rank 1 is connected to 3 peer ranks. Expected number of connected peer ranks is : 3
2026-03-06T22:57:45.8032972Z [Gloo] Rank 1 is connected to 3 peer ranks. Expected number of connected peer ranks is : 3
2026-03-06T22:57:45.8041333Z [Gloo] Rank 0 is connected to 3 peer ranks. Expected number of connected peer ranks is : 3
2026-03-06T22:57:45.8049513Z [Gloo] Rank 1 is connected to 3 peer ranks. Expected number of connected peer ranks is : 3
2026-03-06T22:57:45.8176122Z [Gloo] Rank 0 is connected to 31 peer ranks. Expected number of connected peer ranks is : 31
2026-03-06T22:57:45.8206827Z INFO 03-06 22:57:45 [parallel_state.py:1445] rank 0 in world size 32 is assigned as DP rank 0, PP rank 0, PCP rank 0, TP rank 0, EP rank 0
2026-03-06T22:57:45.8980269Z [Gloo] Rank 1 is connected to 31 peer ranks. Expected number of connected peer ranks is : 31
2026-03-06T22:57:45.9002482Z INFO 03-06 22:57:45 [parallel_state.py:1445] rank 1 in world size 32 is assigned as DP rank 0, PP rank 0, PCP rank 0, TP rank 1, EP rank 1
2026-03-06T22:57:45.9025703Z [Gloo] Rank 3 is connected to 31 peer ranks. Expected number of connected peer ranks is : 31
2026-03-06T22:57:45.9053891Z INFO 03-06 22:57:45 [parallel_state.py:1445] rank 3 in world size 32 is assigned as DP rank 0, PP rank 0, PCP rank 0, TP rank 3, EP rank 3
2026-03-06T22:57:45.9061806Z [Gloo] Rank 8 is connected to 31 peer ranks. Expected number of connected peer ranks is : 31
2026-03-06T22:57:45.9069719Z [Gloo] Rank 10 is connected to 31 peer ranks. Expected number of connected peer ranks is : 31
2026-03-06T22:57:45.9079108Z INFO 03-06 22:57:45 [parallel_state.py:1445] rank 8 in world size 32 is assigned as DP rank 1, PP rank 0, PCP rank 0, TP rank 0, EP rank 8
2026-03-06T22:57:45.9087290Z [Gloo] Rank 11 is connected to 31 peer ranks. Expected number of connected peer ranks is : 31
2026-03-06T22:57:45.9095973Z INFO 03-06 22:57:45 [parallel_state.py:1445] rank 10 in world size 32 is assigned as DP rank 1, PP rank 0, PCP rank 0, TP rank 2, EP rank 10
2026-03-06T22:57:45.9104851Z [Gloo] Rank 13 is connected to 31 peer ranks. Expected number of connected peer ranks is : 31
2026-03-06T22:57:45.9113672Z [Gloo] Rank 14 is connected to 31 peer ranks. Expected number of connected peer ranks is : 31
2026-03-06T22:57:45.9122573Z INFO 03-06 22:57:45 [parallel_state.py:1445] rank 11 in world size 32 is assigned as DP rank 1, PP rank 0, PCP rank 0, TP rank 3, EP rank 11
2026-03-06T22:57:45.9131022Z [Gloo] Rank 15 is connected to 31 peer ranks. Expected number of connected peer ranks is : 31
2026-03-06T22:57:45.9139390Z INFO 03-06 22:57:45 [parallel_state.py:1445] rank 13 in world size 32 is assigned as DP rank 1, PP rank 0, PCP rank 0, TP rank 5, EP rank 13
2026-03-06T22:57:45.9147863Z INFO 03-06 22:57:45 [parallel_state.py:1445] rank 14 in world size 32 is assigned as DP rank 1, PP rank 0, PCP rank 0, TP rank 6, EP rank 14
2026-03-06T22:57:45.9156036Z INFO 03-06 22:57:45 [parallel_state.py:1445] rank 15 in world size 32 is assigned as DP rank 1, PP rank 0, PCP rank 0, TP rank 7, EP rank 15
2026-03-06T22:57:45.9378571Z [Gloo] Rank 2 is connected to 31 peer ranks. Expected number of connected peer ranks is : 31
2026-03-06T22:57:45.9396140Z [Gloo] Rank 5 is connected to 31 peer ranks. Expected number of connected peer ranks is : 31
2026-03-06T22:57:45.9404364Z INFO 03-06 22:57:45 [parallel_state.py:1445] rank 2 in world size 32 is assigned as DP rank 0, PP rank 0, PCP rank 0, TP rank 2, EP rank 2
2026-03-06T22:57:45.9412599Z INFO 03-06 22:57:45 [parallel_state.py:1445] rank 5 in world size 32 is assigned as DP rank 0, PP rank 0, PCP rank 0, TP rank 5, EP rank 5
2026-03-06T22:57:45.9528613Z [Gloo] Rank 4 is connected to 31 peer ranks. Expected number of connected peer ranks is : 31
2026-03-06T22:57:45.9555607Z [Gloo] Rank 12 is connected to 31 peer ranks. Expected number of connected peer ranks is : 31
2026-03-06T22:57:45.9563720Z [Gloo] Rank 6 is connected to 31 peer ranks. Expected number of connected peer ranks is : 31
2026-03-06T22:57:45.9572065Z INFO 03-06 22:57:45 [parallel_state.py:1445] rank 4 in world size 32 is assigned as DP rank 0, PP rank 0, PCP rank 0, TP rank 4, EP rank 4
2026-03-06T22:57:45.9580181Z [Gloo] Rank 9 is connected to 31 peer ranks. Expected number of connected peer ranks is : 31
2026-03-06T22:57:45.9588581Z [Gloo] Rank 7 is connected to 31 peer ranks. Expected number of connected peer ranks is : 31
2026-03-06T22:57:45.9597191Z INFO 03-06 22:57:45 [parallel_state.py:1445] rank 12 in world size 32 is assigned as DP rank 1, PP rank 0, PCP rank 0, TP rank 4, EP rank 12
2026-03-06T22:57:45.9606216Z INFO 03-06 22:57:45 [parallel_state.py:1445] rank 6 in world size 32 is assigned as DP rank 0, PP rank 0, PCP rank 0, TP rank 6, EP rank 6
2026-03-06T22:57:45.9614412Z INFO 03-06 22:57:45 [parallel_state.py:1445] rank 9 in world size 32 is assigned as DP rank 1, PP rank 0, PCP rank 0, TP rank 1, EP rank 9
2026-03-06T22:57:45.9622628Z INFO 03-06 22:57:45 [parallel_state.py:1445] rank 7 in world size 32 is assigned as DP rank 0, PP rank 0, PCP rank 0, TP rank 7, EP rank 7
2026-03-06T22:57:45.9821969Z [Gloo] Rank 0 is connected to 31 peer ranks. Expected number of connected peer ranks is : 31
2026-03-06T22:57:45.9848774Z [Gloo] Rank 1 is connected to 31 peer ranks. Expected number of connected peer ranks is : 31
2026-03-06T22:57:45.9856767Z [Gloo] Rank 2 is connected to 31 peer ranks. Expected number of connected peer ranks is : 31
2026-03-06T22:57:45.9864290Z [Gloo] Rank 3 is connected to 31 peer ranks. Expected number of connected peer ranks is : 31
2026-03-06T22:57:45.9873134Z [Gloo] Rank 4 is connected to 31 peer ranks. Expected number of connected peer ranks is : 31
2026-03-06T22:57:45.9881141Z [Gloo] Rank 5 is connected to 31 peer ranks. Expected number of connected peer ranks is : 31
2026-03-06T22:57:45.9889369Z [Gloo] Rank 6 is connected to 31 peer ranks. Expected number of connected peer ranks is : 31
2026-03-06T22:57:45.9897837Z [Gloo] Rank 7 is connected to 31 peer ranks. Expected number of connected peer ranks is : 31
2026-03-06T22:57:45.9906294Z [Gloo] Rank 8 is connected to 31 peer ranks. Expected number of connected peer ranks is : 31
2026-03-06T22:57:45.9914289Z [Gloo] Rank 9 is connected to 31 peer ranks. Expected number of connected peer ranks is : 31
2026-03-06T22:57:45.9922815Z [Gloo] Rank 10 is connected to 31 peer ranks. Expected number of connected peer ranks is : 31
2026-03-06T22:57:45.9931491Z [Gloo] Rank 11 is connected to 31 peer ranks. Expected number of connected peer ranks is : 31
2026-03-06T22:57:45.9939666Z [Gloo] Rank 12 is connected to 31 peer ranks. Expected number of connected peer ranks is : 31
2026-03-06T22:57:45.9947789Z [Gloo] Rank 13 is connected to 31 peer ranks. Expected number of connected peer ranks is : 31
2026-03-06T22:57:45.9956103Z [Gloo] Rank 14 is connected to 31 peer ranks. Expected number of connected peer ranks is : 31
2026-03-06T22:57:45.9964123Z [Gloo] Rank 15 is connected to 31 peer ranks. Expected number of connected peer ranks is : 31
2026-03-06T22:57:49.3898512Z INFO 03-06 22:57:49 [cpu_binding.py:320] [cpu_bind_mode] mode=global_slice rank=0 visible_npus=[0, 1, 2, 3, 4, 5, 6, 7]
2026-03-06T22:57:49.3906171Z INFO 03-06 22:57:49 [cpu_binding.py:367] The CPU allocation plan is as follows:
2026-03-06T22:57:49.3914727Z INFO 03-06 22:57:49 [cpu_binding.py:372] NPU0: main=[2 3 4 5 6 7 8 9 10 11 12 13 14 15 16 17]  acl=[18]  release=[[19]]
2026-03-06T22:57:49.5770363Z INFO 03-06 22:57:49 [cpu_binding.py:383] The 'migratepages' command is not available, skipping memory binding.
2026-03-06T22:57:49.6924038Z (Worker_DP0_TP0_EP0 pid=1242) INFO 03-06 22:57:49 [model_runner_v1.py:2420] Starting to load model /root/.cache/modelscope/hub/models/vllm-ascend/Kimi-K2-Instruct-W8A8...
2026-03-06T22:57:49.7547070Z INFO 03-06 22:57:49 [cpu_binding.py:320] [cpu_bind_mode] mode=global_slice rank=0 visible_npus=[8, 9, 10, 11, 12, 13, 14, 15]
2026-03-06T22:57:49.7569170Z INFO 03-06 22:57:49 [cpu_binding.py:367] The CPU allocation plan is as follows:
2026-03-06T22:57:49.7578635Z INFO 03-06 22:57:49 [cpu_binding.py:372] NPU8: main=[162 163 164 165 166 167 168 169 170 171 172 173 174 175 176 177]  acl=[178]  release=[[179]]
2026-03-06T22:57:49.9435442Z INFO 03-06 22:57:49 [cpu_binding.py:383] The 'migratepages' command is not available, skipping memory binding.
2026-03-06T22:57:50.0262015Z INFO 03-06 22:57:50 [cpu_binding.py:320] [cpu_bind_mode] mode=global_slice rank=6 visible_npus=[0, 1, 2, 3, 4, 5, 6, 7]
2026-03-06T22:57:50.0284228Z INFO 03-06 22:57:50 [cpu_binding.py:367] The CPU allocation plan is as follows:
2026-03-06T22:57:50.0292810Z INFO 03-06 22:57:50 [cpu_binding.py:372] NPU6: main=[122 123 124 125 126 127 128 129 130 131 132 133 134 135 136 137]  acl=[138]  release=[[139]]
2026-03-06T22:57:50.0332810Z (Worker_DP1_TP0_EP8 pid=1243) INFO 03-06 22:57:50 [model_runner_v1.py:2420] Starting to load model /root/.cache/modelscope/hub/models/vllm-ascend/Kimi-K2-Instruct-W8A8...
2026-03-06T22:57:50.2080617Z INFO 03-06 22:57:50 [cpu_binding.py:383] The 'migratepages' command is not available, skipping memory binding.
2026-03-06T22:57:50.2103725Z INFO 03-06 22:57:50 [cpu_binding.py:383] The 'migratepages' command is not available, skipping memory binding.
2026-03-06T22:57:50.2799264Z INFO 03-06 22:57:50 [cpu_binding.py:320] [cpu_bind_mode] mode=global_slice rank=3 visible_npus=[0, 1, 2, 3, 4, 5, 6, 7]
2026-03-06T22:57:50.2824892Z INFO 03-06 22:57:50 [cpu_binding.py:367] The CPU allocation plan is as follows:
2026-03-06T22:57:50.2834231Z INFO 03-06 22:57:50 [cpu_binding.py:372] NPU3: main=[62 63 64 65 66 67 68 69 70 71 72 73 74 75 76 77]  acl=[78]  release=[[79]]
2026-03-06T22:57:50.3041565Z (Worker_DP0_TP6_EP6 pid=4902) INFO 03-06 22:57:50 [model_runner_v1.py:2420] Starting to load model /root/.cache/modelscope/hub/models/vllm-ascend/Kimi-K2-Instruct-W8A8...
2026-03-06T22:57:50.5003009Z INFO 03-06 22:57:50 [cpu_binding.py:320] [cpu_bind_mode] mode=global_slice rank=2 visible_npus=[0, 1, 2, 3, 4, 5, 6, 7]
2026-03-06T22:57:50.5024627Z INFO 03-06 22:57:50 [cpu_binding.py:367] The CPU allocation plan is as follows:
2026-03-06T22:57:50.5033157Z INFO 03-06 22:57:50 [cpu_binding.py:372] NPU2: main=[42 43 44 45 46 47 48 49 50 51 52 53 54 55 56 57]  acl=[58]  release=[[59]]
2026-03-06T22:57:50.5201040Z INFO 03-06 22:57:50 [cpu_binding.py:383] The 'migratepages' command is not available, skipping memory binding.
2026-03-06T22:57:50.5225034Z INFO 03-06 22:57:50 [cpu_binding.py:383] The 'migratepages' command is not available, skipping memory binding.
2026-03-06T22:57:50.6037490Z (Worker_DP0_TP0_EP0 pid=1242) INFO 03-06 22:57:50 [layer.py:481] [EP Rank 0/32] Expert parallelism is enabled. Expert placement strategy: linear. Local/global number of experts: 12/384. Experts local to global index map: 0->0, 1->1, 2->2, 3->3, 4->4, 5->5, 6->6, 7->7, 8->8, 9->9, 10->10, 11->11.
2026-03-06T22:57:50.6420451Z (Worker_DP0_TP3_EP3 pid=3168) INFO 03-06 22:57:50 [model_runner_v1.py:2420] Starting to load model /root/.cache/modelscope/hub/models/vllm-ascend/Kimi-K2-Instruct-W8A8...
2026-03-06T22:57:50.7228226Z INFO 03-06 22:57:50 [cpu_binding.py:383] The 'migratepages' command is not available, skipping memory binding.
2026-03-06T22:57:50.7253544Z INFO 03-06 22:57:50 [cpu_binding.py:383] The 'migratepages' command is not available, skipping memory binding.
2026-03-06T22:57:50.8185606Z (Worker_DP0_TP2_EP2 pid=2612) INFO 03-06 22:57:50 [model_runner_v1.py:2420] Starting to load model /root/.cache/modelscope/hub/models/vllm-ascend/Kimi-K2-Instruct-W8A8...
2026-03-06T22:57:50.8822878Z INFO 03-06 22:57:50 [cpu_binding.py:320] [cpu_bind_mode] mode=global_slice rank=1 visible_npus=[8, 9, 10, 11, 12, 13, 14, 15]
2026-03-06T22:57:50.8846797Z INFO 03-06 22:57:50 [cpu_binding.py:367] The CPU allocation plan is as follows:
2026-03-06T22:57:50.8856109Z INFO 03-06 22:57:50 [cpu_binding.py:372] NPU9: main=[182 183 184 185 186 187 188 189 190 191 192 193 194 195 196 197]  acl=[198]  release=[[199]]
2026-03-06T22:57:51.1227280Z INFO 03-06 22:57:51 [cpu_binding.py:320] [cpu_bind_mode] mode=global_slice rank=4 visible_npus=[8, 9, 10, 11, 12, 13, 14, 15]
2026-03-06T22:57:51.1235079Z INFO 03-06 22:57:51 [cpu_binding.py:367] The CPU allocation plan is as follows:
2026-03-06T22:57:51.1244389Z INFO 03-06 22:57:51 [cpu_binding.py:372] NPU12: main=[242 243 244 245 246 247 248 249 250 251 252 253 254 255 256 257]  acl=[258]  release=[[259]]
2026-03-06T22:57:51.1328015Z INFO 03-06 22:57:51 [cpu_binding.py:383] The 'migratepages' command is not available, skipping memory binding.
2026-03-06T22:57:51.1336316Z INFO 03-06 22:57:51 [cpu_binding.py:383] The 'migratepages' command is not available, skipping memory binding.
2026-03-06T22:57:51.1391564Z (Worker_DP1_TP0_EP8 pid=1243) INFO 03-06 22:57:51 [layer.py:481] [EP Rank 8/32] Expert parallelism is enabled. Expert placement strategy: linear. Local/global number of experts: 12/384. Experts local to global index map: 0->96, 1->97, 2->98, 3->99, 4->100, 5->101, 6->102, 7->103, 8->104, 9->105, 10->106, 11->107.
2026-03-06T22:57:51.2285207Z (Worker_DP1_TP1_EP9 pid=2120) INFO 03-06 22:57:51 [model_runner_v1.py:2420] Starting to load model /root/.cache/modelscope/hub/models/vllm-ascend/Kimi-K2-Instruct-W8A8...
2026-03-06T22:57:51.3176253Z INFO 03-06 22:57:51 [cpu_binding.py:383] The 'migratepages' command is not available, skipping memory binding.
2026-03-06T22:57:51.3196032Z INFO 03-06 22:57:51 [cpu_binding.py:383] The 'migratepages' command is not available, skipping memory binding.
2026-03-06T22:57:51.3460371Z (Worker_DP0_TP6_EP6 pid=4902) INFO 03-06 22:57:51 [layer.py:481] [EP Rank 6/32] Expert parallelism is enabled. Expert placement strategy: linear. Local/global number of experts: 12/384. Experts local to global index map: 0->72, 1->73, 2->74, 3->75, 4->76, 5->77, 6->78, 7->79, 8->80, 9->81, 10->82, 11->83.
2026-03-06T22:57:51.4095277Z INFO 03-06 22:57:51 [cpu_binding.py:320] [cpu_bind_mode] mode=global_slice rank=7 visible_npus=[8, 9, 10, 11, 12, 13, 14, 15]
2026-03-06T22:57:51.4119637Z INFO 03-06 22:57:51 [cpu_binding.py:367] The CPU allocation plan is as follows:
2026-03-06T22:57:51.4128055Z INFO 03-06 22:57:51 [cpu_binding.py:372] NPU15: main=[302 303 304 305 306 307 308 309 310 311 312 313 314 315 316 317]  acl=[318]  release=[[319]]
2026-03-06T22:57:51.4146122Z (Worker_DP1_TP4_EP12 pid=3724) INFO 03-06 22:57:51 [model_runner_v1.py:2420] Starting to load model /root/.cache/modelscope/hub/models/vllm-ascend/Kimi-K2-Instruct-W8A8...
2026-03-06T22:57:51.4774615Z INFO 03-06 22:57:51 [cpu_binding.py:320] [cpu_bind_mode] mode=global_slice rank=2 visible_npus=[8, 9, 10, 11, 12, 13, 14, 15]
2026-03-06T22:57:51.4800226Z INFO 03-06 22:57:51 [cpu_binding.py:367] The CPU allocation plan is as follows:
2026-03-06T22:57:51.4808277Z INFO 03-06 22:57:51 [cpu_binding.py:372] NPU10: main=[202 203 204 205 206 207 208 209 210 211 212 213 214 215 216 217]  acl=[218]  release=[[219]]
2026-03-06T22:57:51.6212266Z INFO 03-06 22:57:51 [cpu_binding.py:320] [cpu_bind_mode] mode=global_slice rank=5 visible_npus=[0, 1, 2, 3, 4, 5, 6, 7]
2026-03-06T22:57:51.6236343Z INFO 03-06 22:57:51 [cpu_binding.py:367] The CPU allocation plan is as follows:
2026-03-06T22:57:51.6244742Z INFO 03-06 22:57:51 [cpu_binding.py:372] NPU5: main=[102 103 104 105 106 107 108 109 110 111 112 113 114 115 116 117]  acl=[118]  release=[[119]]
2026-03-06T22:57:51.6253372Z INFO 03-06 22:57:51 [cpu_binding.py:383] The 'migratepages' command is not available, skipping memory binding.
2026-03-06T22:57:51.6261731Z INFO 03-06 22:57:51 [cpu_binding.py:383] The 'migratepages' command is not available, skipping memory binding.
2026-03-06T22:57:51.7264734Z INFO 03-06 22:57:51 [cpu_binding.py:383] The 'migratepages' command is not available, skipping memory binding.
2026-03-06T22:57:51.7284716Z (Worker_DP1_TP7_EP15 pid=5392) INFO 03-06 22:57:51 [model_runner_v1.py:2420] Starting to load model /root/.cache/modelscope/hub/models/vllm-ascend/Kimi-K2-Instruct-W8A8...
2026-03-06T22:57:51.7302869Z INFO 03-06 22:57:51 [cpu_binding.py:383] The 'migratepages' command is not available, skipping memory binding.
2026-03-06T22:57:51.7457730Z (Worker_DP0_TP3_EP3 pid=3168) INFO 03-06 22:57:51 [layer.py:481] [EP Rank 3/32] Expert parallelism is enabled. Expert placement strategy: linear. Local/global number of experts: 12/384. Experts local to global index map: 0->36, 1->37, 2->38, 3->39, 4->40, 5->41, 6->42, 7->43, 8->44, 9->45, 10->46, 11->47.
2026-03-06T22:57:51.7806655Z (Worker_DP0_TP2_EP2 pid=2612) INFO 03-06 22:57:51 [layer.py:481] [EP Rank 2/32] Expert parallelism is enabled. Expert placement strategy: linear. Local/global number of experts: 12/384. Experts local to global index map: 0->24, 1->25, 2->26, 3->27, 4->28, 5->29, 6->30, 7->31, 8->32, 9->33, 10->34, 11->35.
2026-03-06T22:57:51.8045600Z INFO 03-06 22:57:51 [cpu_binding.py:320] [cpu_bind_mode] mode=global_slice rank=1 visible_npus=[0, 1, 2, 3, 4, 5, 6, 7]
2026-03-06T22:57:51.8053292Z INFO 03-06 22:57:51 [cpu_binding.py:367] The CPU allocation plan is as follows:
2026-03-06T22:57:51.8061736Z INFO 03-06 22:57:51 [cpu_binding.py:372] NPU1: main=[22 23 24 25 26 27 28 29 30 31 32 33 34 35 36 37]  acl=[38]  release=[[39]]
2026-03-06T22:57:51.8348243Z (Worker_DP1_TP2_EP10 pid=2615) INFO 03-06 22:57:51 [model_runner_v1.py:2420] Starting to load model /root/.cache/modelscope/hub/models/vllm-ascend/Kimi-K2-Instruct-W8A8...
2026-03-06T22:57:51.9005457Z INFO 03-06 22:57:51 [cpu_binding.py:383] The 'migratepages' command is not available, skipping memory binding.
2026-03-06T22:57:51.9034861Z INFO 03-06 22:57:51 [cpu_binding.py:383] The 'migratepages' command is not available, skipping memory binding.
2026-03-06T22:57:52.0102768Z INFO 03-06 22:57:52 [cpu_binding.py:320] [cpu_bind_mode] mode=global_slice rank=4 visible_npus=[0, 1, 2, 3, 4, 5, 6, 7]
2026-03-06T22:57:52.0129123Z INFO 03-06 22:57:52 [cpu_binding.py:367] The CPU allocation plan is as follows:
2026-03-06T22:57:52.0137618Z INFO 03-06 22:57:52 [cpu_binding.py:372] NPU4: main=[82 83 84 85 86 87 88 89 90 91 92 93 94 95 96 97]  acl=[98]  release=[[99]]
2026-03-06T22:57:52.0416578Z (Worker_DP0_TP5_EP5 pid=4346) INFO 03-06 22:57:52 [model_runner_v1.py:2420] Starting to load model /root/.cache/modelscope/hub/models/vllm-ascend/Kimi-K2-Instruct-W8A8...
2026-03-06T22:57:52.0527452Z INFO 03-06 22:57:52 [cpu_binding.py:383] The 'migratepages' command is not available, skipping memory binding.
2026-03-06T22:57:52.0553378Z INFO 03-06 22:57:52 [cpu_binding.py:383] The 'migratepages' command is not available, skipping memory binding.
2026-03-06T22:57:52.0924916Z INFO 03-06 22:57:52 [cpu_binding.py:320] [cpu_bind_mode] mode=global_slice rank=5 visible_npus=[8, 9, 10, 11, 12, 13, 14, 15]
2026-03-06T22:57:52.0955974Z INFO 03-06 22:57:52 [cpu_binding.py:367] The CPU allocation plan is as follows:
2026-03-06T22:57:52.0964218Z INFO 03-06 22:57:52 [cpu_binding.py:372] NPU13: main=[262 263 264 265 266 267 268 269 270 271 272 273 274 275 276 277]  acl=[278]  release=[[279]]
2026-03-06T22:57:52.1816078Z (Worker_DP0_TP1_EP1 pid=2054) INFO 03-06 22:57:52 [model_runner_v1.py:2420] Starting to load model /root/.cache/modelscope/hub/models/vllm-ascend/Kimi-K2-Instruct-W8A8...
2026-03-06T22:57:52.2474108Z INFO 03-06 22:57:52 [cpu_binding.py:383] The 'migratepages' command is not available, skipping memory binding.
2026-03-06T22:57:52.2481790Z INFO 03-06 22:57:52 [cpu_binding.py:383] The 'migratepages' command is not available, skipping memory binding.
2026-03-06T22:57:52.2490479Z INFO 03-06 22:57:52 [cpu_binding.py:320] [cpu_bind_mode] mode=global_slice rank=7 visible_npus=[0, 1, 2, 3, 4, 5, 6, 7]
2026-03-06T22:57:52.2499422Z INFO 03-06 22:57:52 [cpu_binding.py:367] The CPU allocation plan is as follows:
2026-03-06T22:57:52.2508267Z INFO 03-06 22:57:52 [cpu_binding.py:372] NPU7: main=[142 143 144 145 146 147 148 149 150 151 152 153 154 155 156 157]  acl=[158]  release=[[159]]
2026-03-06T22:57:52.2563711Z (Worker_DP1_TP1_EP9 pid=2120) INFO 03-06 22:57:52 [layer.py:481] [EP Rank 9/32] Expert parallelism is enabled. Expert placement strategy: linear. Local/global number of experts: 12/384. Experts local to global index map: 0->108, 1->109, 2->110, 3->111, 4->112, 5->113, 6->114, 7->115, 8->116, 9->117, 10->118, 11->119.
2026-03-06T22:57:52.3357517Z (Worker_DP0_TP4_EP4 pid=3725) INFO 03-06 22:57:52 [model_runner_v1.py:2420] Starting to load model /root/.cache/modelscope/hub/models/vllm-ascend/Kimi-K2-Instruct-W8A8...
2026-03-06T22:57:52.3921269Z INFO 03-06 22:57:52 [cpu_binding.py:383] The 'migratepages' command is not available, skipping memory binding.
2026-03-06T22:57:52.3945313Z INFO 03-06 22:57:52 [cpu_binding.py:383] The 'migratepages' command is not available, skipping memory binding.
2026-03-06T22:57:52.4105280Z (Worker_DP1_TP4_EP12 pid=3724) INFO 03-06 22:57:52 [layer.py:481] [EP Rank 12/32] Expert parallelism is enabled. Expert placement strategy: linear. Local/global number of experts: 12/384. Experts local to global index map: 0->144, 1->145, 2->146, 3->147, 4->148, 5->149, 6->150, 7->151, 8->152, 9->153, 10->154, 11->155.
2026-03-06T22:57:52.5110840Z INFO 03-06 22:57:52 [cpu_binding.py:320] [cpu_bind_mode] mode=global_slice rank=6 visible_npus=[8, 9, 10, 11, 12, 13, 14, 15]
2026-03-06T22:57:52.5118334Z INFO 03-06 22:57:52 [cpu_binding.py:367] The CPU allocation plan is as follows:
2026-03-06T22:57:52.5126891Z INFO 03-06 22:57:52 [cpu_binding.py:372] NPU14: main=[282 283 284 285 286 287 288 289 290 291 292 293 294 295 296 297]  acl=[298]  release=[[299]]
2026-03-06T22:57:52.5172942Z INFO 03-06 22:57:52 [cpu_binding.py:383] The 'migratepages' command is not available, skipping memory binding.
2026-03-06T22:57:52.5199489Z INFO 03-06 22:57:52 [cpu_binding.py:383] The 'migratepages' command is not available, skipping memory binding.
2026-03-06T22:57:52.5451565Z INFO 03-06 22:57:52 [cpu_binding.py:320] [cpu_bind_mode] mode=global_slice rank=3 visible_npus=[8, 9, 10, 11, 12, 13, 14, 15]
2026-03-06T22:57:52.5472971Z INFO 03-06 22:57:52 [cpu_binding.py:367] The CPU allocation plan is as follows:
2026-03-06T22:57:52.5481817Z INFO 03-06 22:57:52 [cpu_binding.py:372] NPU11: main=[222 223 224 225 226 227 228 229 230 231 232 233 234 235 236 237]  acl=[238]  release=[[239]]
2026-03-06T22:57:52.5839780Z (Worker_DP1_TP5_EP13 pid=4280) INFO 03-06 22:57:52 [model_runner_v1.py:2420] Starting to load model /root/.cache/modelscope/hub/models/vllm-ascend/Kimi-K2-Instruct-W8A8...
2026-03-06T22:57:52.6122718Z (Worker_DP0_TP7_EP7 pid=5395) INFO 03-06 22:57:52 [model_runner_v1.py:2420] Starting to load model /root/.cache/modelscope/hub/models/vllm-ascend/Kimi-K2-Instruct-W8A8...
2026-03-06T22:57:52.6614616Z (Worker_DP0_TP5_EP5 pid=4346) INFO 03-06 22:57:52 [layer.py:481] [EP Rank 5/32] Expert parallelism is enabled. Expert placement strategy: linear. Local/global number of experts: 12/384. Experts local to global index map: 0->60, 1->61, 2->62, 3->63, 4->64, 5->65, 6->66, 7->67, 8->68, 9->69, 10->70, 11->71.
2026-03-06T22:57:52.7645933Z (Worker_DP1_TP7_EP15 pid=5392) INFO 03-06 22:57:52 [layer.py:481] [EP Rank 15/32] Expert parallelism is enabled. Expert placement strategy: linear. Local/global number of experts: 12/384. Experts local to global index map: 0->180, 1->181, 2->182, 3->183, 4->184, 5->185, 6->186, 7->187, 8->188, 9->189, 10->190, 11->191.
2026-03-06T22:57:52.7653739Z INFO 03-06 22:57:52 [cpu_binding.py:383] The 'migratepages' command is not available, skipping memory binding.
2026-03-06T22:57:52.7662792Z INFO 03-06 22:57:52 [cpu_binding.py:383] The 'migratepages' command is not available, skipping memory binding.
2026-03-06T22:57:52.8322667Z INFO 03-06 22:57:52 [cpu_binding.py:383] The 'migratepages' command is not available, skipping memory binding.
2026-03-06T22:57:52.8344873Z INFO 03-06 22:57:52 [cpu_binding.py:383] The 'migratepages' command is not available, skipping memory binding.
2026-03-06T22:57:52.8935483Z (Worker_DP1_TP6_EP14 pid=4836) INFO 03-06 22:57:52 [model_runner_v1.py:2420] Starting to load model /root/.cache/modelscope/hub/models/vllm-ascend/Kimi-K2-Instruct-W8A8...
2026-03-06T22:57:52.9207546Z (Worker_DP1_TP3_EP11 pid=3170) INFO 03-06 22:57:52 [model_runner_v1.py:2420] Starting to load model /root/.cache/modelscope/hub/models/vllm-ascend/Kimi-K2-Instruct-W8A8...
2026-03-06T22:57:52.9356557Z (Worker_DP0_TP4_EP4 pid=3725) INFO 03-06 22:57:52 [layer.py:481] [EP Rank 4/32] Expert parallelism is enabled. Expert placement strategy: linear. Local/global number of experts: 12/384. Experts local to global index map: 0->48, 1->49, 2->50, 3->51, 4->52, 5->53, 6->54, 7->55, 8->56, 9->57, 10->58, 11->59.
2026-03-06T22:57:53.0808080Z (Worker_DP1_TP2_EP10 pid=2615) INFO 03-06 22:57:53 [layer.py:481] [EP Rank 10/32] Expert parallelism is enabled. Expert placement strategy: linear. Local/global number of experts: 12/384. Experts local to global index map: 0->120, 1->121, 2->122, 3->123, 4->124, 5->125, 6->126, 7->127, 8->128, 9->129, 10->130, 11->131.
2026-03-06T22:57:53.3239189Z (Worker_DP0_TP7_EP7 pid=5395) INFO 03-06 22:57:53 [layer.py:481] [EP Rank 7/32] Expert parallelism is enabled. Expert placement strategy: linear. Local/global number of experts: 12/384. Experts local to global index map: 0->84, 1->85, 2->86, 3->87, 4->88, 5->89, 6->90, 7->91, 8->92, 9->93, 10->94, 11->95.
2026-03-06T22:57:53.4941087Z (Worker_DP0_TP1_EP1 pid=2054) INFO 03-06 22:57:53 [layer.py:481] [EP Rank 1/32] Expert parallelism is enabled. Expert placement strategy: linear. Local/global number of experts: 12/384. Experts local to global index map: 0->12, 1->13, 2->14, 3->15, 4->16, 5->17, 6->18, 7->19, 8->20, 9->21, 10->22, 11->23.
2026-03-06T22:57:53.5243874Z (Worker_DP1_TP5_EP13 pid=4280) INFO 03-06 22:57:53 [layer.py:481] [EP Rank 13/32] Expert parallelism is enabled. Expert placement strategy: linear. Local/global number of experts: 12/384. Experts local to global index map: 0->156, 1->157, 2->158, 3->159, 4->160, 5->161, 6->162, 7->163, 8->164, 9->165, 10->166, 11->167.
2026-03-06T22:57:53.6404251Z (Worker_DP1_TP3_EP11 pid=3170) INFO 03-06 22:57:53 [layer.py:481] [EP Rank 11/32] Expert parallelism is enabled. Expert placement strategy: linear. Local/global number of experts: 12/384. Experts local to global index map: 0->132, 1->133, 2->134, 3->135, 4->136, 5->137, 6->138, 7->139, 8->140, 9->141, 10->142, 11->143.
2026-03-06T22:57:53.9214834Z (Worker_DP1_TP6_EP14 pid=4836) INFO 03-06 22:57:53 [layer.py:481] [EP Rank 14/32] Expert parallelism is enabled. Expert placement strategy: linear. Local/global number of experts: 12/384. Experts local to global index map: 0->168, 1->169, 2->170, 3->171, 4->172, 5->173, 6->174, 7->175, 8->176, 9->177, 10->178, 11->179.
2026-03-06T22:57:54.4361275Z (Worker_DP1_TP7_EP15 pid=5392) /usr/local/python3.11.14/lib/python3.11/site-packages/torch/utils/_device.py:103: UserWarning: Creating a tensor from a list of numpy.ndarrays is extremely slow. Please consider converting the list to a single numpy.ndarray with numpy.array() before converting to a tensor. (Triggered internally at /pytorch/torch/csrc/utils/tensor_new.cpp:253.)
2026-03-06T22:57:54.4368718Z (Worker_DP1_TP7_EP15 pid=5392)   return func(*args, **kwargs)
2026-03-06T22:57:54.4392668Z (Worker_DP0_TP4_EP4 pid=3725) /usr/local/python3.11.14/lib/python3.11/site-packages/torch/utils/_device.py:103: UserWarning: Creating a tensor from a list of numpy.ndarrays is extremely slow. Please consider converting the list to a single numpy.ndarray with numpy.array() before converting to a tensor. (Triggered internally at /pytorch/torch/csrc/utils/tensor_new.cpp:253.)
2026-03-06T22:57:54.4399926Z (Worker_DP0_TP4_EP4 pid=3725)   return func(*args, **kwargs)
2026-03-06T22:57:54.4886633Z (Worker_DP1_TP0_EP8 pid=1243) /usr/local/python3.11.14/lib/python3.11/site-packages/torch/utils/_device.py:103: UserWarning: Creating a tensor from a list of numpy.ndarrays is extremely slow. Please consider converting the list to a single numpy.ndarray with numpy.array() before converting to a tensor. (Triggered internally at /pytorch/torch/csrc/utils/tensor_new.cpp:253.)
2026-03-06T22:57:54.4893923Z (Worker_DP1_TP0_EP8 pid=1243)   return func(*args, **kwargs)
2026-03-06T22:57:54.4946493Z (Worker_DP0_TP6_EP6 pid=4902) /usr/local/python3.11.14/lib/python3.11/site-packages/torch/utils/_device.py:103: UserWarning: Creating a tensor from a list of numpy.ndarrays is extremely slow. Please consider converting the list to a single numpy.ndarray with numpy.array() before converting to a tensor. (Triggered internally at /pytorch/torch/csrc/utils/tensor_new.cpp:253.)
2026-03-06T22:57:54.4953477Z (Worker_DP0_TP6_EP6 pid=4902)   return func(*args, **kwargs)
2026-03-06T22:57:54.5030592Z (Worker_DP0_TP0_EP0 pid=1242) /usr/local/python3.11.14/lib/python3.11/site-packages/torch/utils/_device.py:103: UserWarning: Creating a tensor from a list of numpy.ndarrays is extremely slow. Please consider converting the list to a single numpy.ndarray with numpy.array() before converting to a tensor. (Triggered internally at /pytorch/torch/csrc/utils/tensor_new.cpp:253.)
2026-03-06T22:57:54.5037443Z (Worker_DP0_TP0_EP0 pid=1242)   return func(*args, **kwargs)
2026-03-06T22:57:54.5062375Z (Worker_DP0_TP3_EP3 pid=3168) /usr/local/python3.11.14/lib/python3.11/site-packages/torch/utils/_device.py:103: UserWarning: Creating a tensor from a list of numpy.ndarrays is extremely slow. Please consider converting the list to a single numpy.ndarray with numpy.array() before converting to a tensor. (Triggered internally at /pytorch/torch/csrc/utils/tensor_new.cpp:253.)
2026-03-06T22:57:54.5070892Z (Worker_DP0_TP3_EP3 pid=3168)   return func(*args, **kwargs)
2026-03-06T22:57:54.5139517Z (Worker_DP0_TP4_EP4 pid=3725) INFO 03-06 22:57:54 [fused_moe.py:293] [EP Rank 4/32] Expert parallelism is enabled. Local/global number of experts: 12/384. Experts local to global index map: 0->48, 1->49, 2->50, 3->51, 4->52, 5->53, 6->54, 7->55, 8->56, 9->57, 10->58, 11->59.
2026-03-06T22:57:54.5166629Z (Worker_DP1_TP7_EP15 pid=5392) INFO 03-06 22:57:54 [fused_moe.py:293] [EP Rank 15/32] Expert parallelism is enabled. Local/global number of experts: 12/384. Experts local to global index map: 0->180, 1->181, 2->182, 3->183, 4->184, 5->185, 6->186, 7->187, 8->188, 9->189, 10->190, 11->191.
2026-03-06T22:57:54.5176719Z (Worker_DP0_TP2_EP2 pid=2612) /usr/local/python3.11.14/lib/python3.11/site-packages/torch/utils/_device.py:103: UserWarning: Creating a tensor from a list of numpy.ndarrays is extremely slow. Please consider converting the list to a single numpy.ndarray with numpy.array() before converting to a tensor. (Triggered internally at /pytorch/torch/csrc/utils/tensor_new.cpp:253.)
2026-03-06T22:57:54.5183538Z (Worker_DP0_TP2_EP2 pid=2612)   return func(*args, **kwargs)
2026-03-06T22:57:54.5194714Z (Worker_DP1_TP3_EP11 pid=3170) /usr/local/python3.11.14/lib/python3.11/site-packages/torch/utils/_device.py:103: UserWarning: Creating a tensor from a list of numpy.ndarrays is extremely slow. Please consider converting the list to a single numpy.ndarray with numpy.array() before converting to a tensor. (Triggered internally at /pytorch/torch/csrc/utils/tensor_new.cpp:253.)
2026-03-06T22:57:54.5202128Z (Worker_DP1_TP3_EP11 pid=3170)   return func(*args, **kwargs)
2026-03-06T22:57:54.5343266Z (Worker_DP1_TP4_EP12 pid=3724) /usr/local/python3.11.14/lib/python3.11/site-packages/torch/utils/_device.py:103: UserWarning: Creating a tensor from a list of numpy.ndarrays is extremely slow. Please consider converting the list to a single numpy.ndarray with numpy.array() before converting to a tensor. (Triggered internally at /pytorch/torch/csrc/utils/tensor_new.cpp:253.)
2026-03-06T22:57:54.5350189Z (Worker_DP1_TP4_EP12 pid=3724)   return func(*args, **kwargs)
2026-03-06T22:57:54.5457986Z (Worker_DP1_TP0_EP8 pid=1243) INFO 03-06 22:57:54 [fused_moe.py:293] [EP Rank 8/32] Expert parallelism is enabled. Local/global number of experts: 12/384. Experts local to global index map: 0->96, 1->97, 2->98, 3->99, 4->100, 5->101, 6->102, 7->103, 8->104, 9->105, 10->106, 11->107.
2026-03-06T22:57:54.5520040Z (Worker_DP1_TP2_EP10 pid=2615) /usr/local/python3.11.14/lib/python3.11/site-packages/torch/utils/_device.py:103: UserWarning: Creating a tensor from a list of numpy.ndarrays is extremely slow. Please consider converting the list to a single numpy.ndarray with numpy.array() before converting to a tensor. (Triggered internally at /pytorch/torch/csrc/utils/tensor_new.cpp:253.)
2026-03-06T22:57:54.5527602Z (Worker_DP1_TP2_EP10 pid=2615)   return func(*args, **kwargs)
2026-03-06T22:57:54.5610009Z (Worker_DP0_TP0_EP0 pid=1242) INFO 03-06 22:57:54 [fused_moe.py:293] [EP Rank 0/32] Expert parallelism is enabled. Local/global number of experts: 12/384. Experts local to global index map: 0->0, 1->1, 2->2, 3->3, 4->4, 5->5, 6->6, 7->7, 8->8, 9->9, 10->10, 11->11.
2026-03-06T22:57:54.5620486Z (Worker_DP1_TP6_EP14 pid=4836) /usr/local/python3.11.14/lib/python3.11/site-packages/torch/utils/_device.py:103: UserWarning: Creating a tensor from a list of numpy.ndarrays is extremely slow. Please consider converting the list to a single numpy.ndarray with numpy.array() before converting to a tensor. (Triggered internally at /pytorch/torch/csrc/utils/tensor_new.cpp:253.)
2026-03-06T22:57:54.5628587Z (Worker_DP1_TP6_EP14 pid=4836)   return func(*args, **kwargs)
2026-03-06T22:57:54.5639677Z (Worker_DP0_TP6_EP6 pid=4902) INFO 03-06 22:57:54 [fused_moe.py:293] [EP Rank 6/32] Expert parallelism is enabled. Local/global number of experts: 12/384. Experts local to global index map: 0->72, 1->73, 2->74, 3->75, 4->76, 5->77, 6->78, 7->79, 8->80, 9->81, 10->82, 11->83.
2026-03-06T22:57:54.5659139Z (Worker_DP0_TP3_EP3 pid=3168) INFO 03-06 22:57:54 [fused_moe.py:293] [EP Rank 3/32] Expert parallelism is enabled. Local/global number of experts: 12/384. Experts local to global index map: 0->36, 1->37, 2->38, 3->39, 4->40, 5->41, 6->42, 7->43, 8->44, 9->45, 10->46, 11->47.
2026-03-06T22:57:54.5721587Z (Worker_DP0_TP1_EP1 pid=2054) /usr/local/python3.11.14/lib/python3.11/site-packages/torch/utils/_device.py:103: UserWarning: Creating a tensor from a list of numpy.ndarrays is extremely slow. Please consider converting the list to a single numpy.ndarray with numpy.array() before converting to a tensor. (Triggered internally at /pytorch/torch/csrc/utils/tensor_new.cpp:253.)
2026-03-06T22:57:54.5732229Z (Worker_DP0_TP1_EP1 pid=2054)   return func(*args, **kwargs)
2026-03-06T22:57:54.5738057Z (Worker_DP1_TP1_EP9 pid=2120) /usr/local/python3.11.14/lib/python3.11/site-packages/torch/utils/_device.py:103: UserWarning: Creating a tensor from a list of numpy.ndarrays is extremely slow. Please consider converting the list to a single numpy.ndarray with numpy.array() before converting to a tensor. (Triggered internally at /pytorch/torch/csrc/utils/tensor_new.cpp:253.)
2026-03-06T22:57:54.5745650Z (Worker_DP1_TP1_EP9 pid=2120)   return func(*args, **kwargs)
2026-03-06T22:57:54.5787091Z (Worker_DP0_TP2_EP2 pid=2612) INFO 03-06 22:57:54 [fused_moe.py:293] [EP Rank 2/32] Expert parallelism is enabled. Local/global number of experts: 12/384. Experts local to global index map: 0->24, 1->25, 2->26, 3->27, 4->28, 5->29, 6->30, 7->31, 8->32, 9->33, 10->34, 11->35.
2026-03-06T22:57:54.5829071Z (Worker_DP1_TP3_EP11 pid=3170) INFO 03-06 22:57:54 [fused_moe.py:293] [EP Rank 11/32] Expert parallelism is enabled. Local/global number of experts: 12/384. Experts local to global index map: 0->132, 1->133, 2->134, 3->135, 4->136, 5->137, 6->138, 7->139, 8->140, 9->141, 10->142, 11->143.
2026-03-06T22:57:54.5911370Z (Worker_DP0_TP5_EP5 pid=4346) /usr/local/python3.11.14/lib/python3.11/site-packages/torch/utils/_device.py:103: UserWarning: Creating a tensor from a list of numpy.ndarrays is extremely slow. Please consider converting the list to a single numpy.ndarray with numpy.array() before converting to a tensor. (Triggered internally at /pytorch/torch/csrc/utils/tensor_new.cpp:253.)
2026-03-06T22:57:54.5918392Z (Worker_DP0_TP5_EP5 pid=4346)   return func(*args, **kwargs)
2026-03-06T22:57:54.5962915Z (Worker_DP1_TP4_EP12 pid=3724) INFO 03-06 22:57:54 [fused_moe.py:293] [EP Rank 12/32] Expert parallelism is enabled. Local/global number of experts: 12/384. Experts local to global index map: 0->144, 1->145, 2->146, 3->147, 4->148, 5->149, 6->150, 7->151, 8->152, 9->153, 10->154, 11->155.
2026-03-06T22:57:54.6001127Z (Worker_DP1_TP5_EP13 pid=4280) /usr/local/python3.11.14/lib/python3.11/site-packages/torch/utils/_device.py:103: UserWarning: Creating a tensor from a list of numpy.ndarrays is extremely slow. Please consider converting the list to a single numpy.ndarray with numpy.array() before converting to a tensor. (Triggered internally at /pytorch/torch/csrc/utils/tensor_new.cpp:253.)
2026-03-06T22:57:54.6009019Z (Worker_DP1_TP5_EP13 pid=4280)   return func(*args, **kwargs)
2026-03-06T22:57:54.6092036Z (Worker_DP0_TP7_EP7 pid=5395) /usr/local/python3.11.14/lib/python3.11/site-packages/torch/utils/_device.py:103: UserWarning: Creating a tensor from a list of numpy.ndarrays is extremely slow. Please consider converting the list to a single numpy.ndarray with numpy.array() before converting to a tensor. (Triggered internally at /pytorch/torch/csrc/utils/tensor_new.cpp:253.)
2026-03-06T22:57:54.6100354Z (Worker_DP0_TP7_EP7 pid=5395)   return func(*args, **kwargs)
2026-03-06T22:57:54.6118414Z (Worker_DP1_TP2_EP10 pid=2615) INFO 03-06 22:57:54 [fused_moe.py:293] [EP Rank 10/32] Expert parallelism is enabled. Local/global number of experts: 12/384. Experts local to global index map: 0->120, 1->121, 2->122, 3->123, 4->124, 5->125, 6->126, 7->127, 8->128, 9->129, 10->130, 11->131.
2026-03-06T22:57:54.6194825Z (Worker_DP1_TP6_EP14 pid=4836) INFO 03-06 22:57:54 [fused_moe.py:293] [EP Rank 14/32] Expert parallelism is enabled. Local/global number of experts: 12/384. Experts local to global index map: 0->168, 1->169, 2->170, 3->171, 4->172, 5->173, 6->174, 7->175, 8->176, 9->177, 10->178, 11->179.
2026-03-06T22:57:54.6318175Z (Worker_DP1_TP1_EP9 pid=2120) INFO 03-06 22:57:54 [fused_moe.py:293] [EP Rank 9/32] Expert parallelism is enabled. Local/global number of experts: 12/384. Experts local to global index map: 0->108, 1->109, 2->110, 3->111, 4->112, 5->113, 6->114, 7->115, 8->116, 9->117, 10->118, 11->119.
2026-03-06T22:57:54.6341035Z (Worker_DP0_TP1_EP1 pid=2054) INFO 03-06 22:57:54 [fused_moe.py:293] [EP Rank 1/32] Expert parallelism is enabled. Local/global number of experts: 12/384. Experts local to global index map: 0->12, 1->13, 2->14, 3->15, 4->16, 5->17, 6->18, 7->19, 8->20, 9->21, 10->22, 11->23.
2026-03-06T22:57:54.6537264Z (Worker_DP0_TP5_EP5 pid=4346) INFO 03-06 22:57:54 [fused_moe.py:293] [EP Rank 5/32] Expert parallelism is enabled. Local/global number of experts: 12/384. Experts local to global index map: 0->60, 1->61, 2->62, 3->63, 4->64, 5->65, 6->66, 7->67, 8->68, 9->69, 10->70, 11->71.
2026-03-06T22:57:54.6606813Z (Worker_DP1_TP5_EP13 pid=4280) INFO 03-06 22:57:54 [fused_moe.py:293] [EP Rank 13/32] Expert parallelism is enabled. Local/global number of experts: 12/384. Experts local to global index map: 0->156, 1->157, 2->158, 3->159, 4->160, 5->161, 6->162, 7->163, 8->164, 9->165, 10->166, 11->167.
2026-03-06T22:57:54.6655049Z (Worker_DP0_TP7_EP7 pid=5395) INFO 03-06 22:57:54 [fused_moe.py:293] [EP Rank 7/32] Expert parallelism is enabled. Local/global number of experts: 12/384. Experts local to global index map: 0->84, 1->85, 2->86, 3->87, 4->88, 5->89, 6->90, 7->91, 8->92, 9->93, 10->94, 11->95.
2026-03-06T22:58:03.6197279Z (Worker_DP0_TP3_EP3 pid=3168) INFO 03-06 22:58:03 [compilation.py:903] Using OOT custom backend for compilation.
2026-03-06T22:58:03.6495406Z (Worker_DP0_TP4_EP4 pid=3725) INFO 03-06 22:58:03 [compilation.py:903] Using OOT custom backend for compilation.
2026-03-06T22:58:03.6920186Z (Worker_DP0_TP2_EP2 pid=2612) INFO 03-06 22:58:03 [compilation.py:903] Using OOT custom backend for compilation.
2026-03-06T22:58:03.7227023Z (Worker_DP0_TP5_EP5 pid=4346) INFO 03-06 22:58:03 [compilation.py:903] Using OOT custom backend for compilation.
2026-03-06T22:58:03.7733702Z (Worker_DP0_TP6_EP6 pid=4902) INFO 03-06 22:58:03 [compilation.py:903] Using OOT custom backend for compilation.
2026-03-06T22:58:03.8755208Z (Worker_DP0_TP7_EP7 pid=5395) INFO 03-06 22:58:03 [compilation.py:903] Using OOT custom backend for compilation.
2026-03-06T22:58:03.9198715Z (Worker_DP1_TP3_EP11 pid=3170) INFO 03-06 22:58:03 [compilation.py:903] Using OOT custom backend for compilation.
2026-03-06T22:58:04.0905258Z (Worker_DP0_TP1_EP1 pid=2054) INFO 03-06 22:58:04 [compilation.py:903] Using OOT custom backend for compilation.
2026-03-06T22:58:04.1279722Z (Worker_DP1_TP2_EP10 pid=2615) INFO 03-06 22:58:04 [compilation.py:903] Using OOT custom backend for compilation.
2026-03-06T22:58:04.2014270Z (Worker_DP1_TP6_EP14 pid=4836) INFO 03-06 22:58:04 [compilation.py:903] Using OOT custom backend for compilation.
2026-03-06T22:58:04.2021869Z (Worker_DP0_TP0_EP0 pid=1242) INFO 03-06 22:58:04 [compilation.py:903] Using OOT custom backend for compilation.
2026-03-06T22:58:04.2327346Z (Worker_DP1_TP7_EP15 pid=5392) INFO 03-06 22:58:04 [compilation.py:903] Using OOT custom backend for compilation.
2026-03-06T22:58:04.2780048Z (Worker_DP1_TP1_EP9 pid=2120) INFO 03-06 22:58:04 [compilation.py:903] Using OOT custom backend for compilation.
2026-03-06T22:58:04.3353672Z (Worker_DP0_TP0_EP0 pid=1242) 
2026-03-06T22:58:04.3354479Z Loading safetensors checkpoint shards:   0% Completed | 0/241 [00:00<?, ?it/s]
2026-03-06T22:58:04.3608150Z (Worker_DP1_TP0_EP8 pid=1243) INFO 03-06 22:58:04 [compilation.py:903] Using OOT custom backend for compilation.
2026-03-06T22:58:04.5275905Z (Worker_DP1_TP5_EP13 pid=4280) INFO 03-06 22:58:04 [compilation.py:903] Using OOT custom backend for compilation.
2026-03-06T22:58:04.5362073Z (Worker_DP1_TP4_EP12 pid=3724) INFO 03-06 22:58:04 [compilation.py:903] Using OOT custom backend for compilation.
2026-03-06T22:58:09.1335421Z (Worker_DP0_TP0_EP0 pid=1242) 
2026-03-06T22:58:09.1335924Z Loading safetensors checkpoint shards:   0% Completed | 1/241 [00:04<19:11,  4.80s/it]
2026-03-06T22:58:09.3743209Z (Worker_DP0_TP0_EP0 pid=1242) 
2026-03-06T22:58:09.3743679Z Loading safetensors checkpoint shards:   1% Completed | 2/241 [00:05<08:25,  2.12s/it]
2026-03-06T22:58:10.3521783Z (Worker_DP0_TP0_EP0 pid=1242) 
2026-03-06T22:58:10.3522282Z Loading safetensors checkpoint shards:   1% Completed | 3/241 [00:06<06:20,  1.60s/it]
2026-03-06T22:58:11.9086175Z (Worker_DP0_TP0_EP0 pid=1242) 
2026-03-06T22:58:11.9086680Z Loading safetensors checkpoint shards:   2% Completed | 4/241 [00:07<06:14,  1.58s/it]
2026-03-06T22:58:14.9608638Z (Worker_DP0_TP0_EP0 pid=1242) 
2026-03-06T22:58:14.9609128Z Loading safetensors checkpoint shards:   2% Completed | 5/241 [00:10<08:18,  2.11s/it]
2026-03-06T22:58:15.4617879Z (Worker_DP0_TP0_EP0 pid=1242) 
2026-03-06T22:58:15.4618353Z Loading safetensors checkpoint shards:   2% Completed | 6/241 [00:11<06:07,  1.56s/it]
2026-03-06T22:58:17.3068876Z (Worker_DP0_TP0_EP0 pid=1242) 
2026-03-06T22:58:17.3069363Z Loading safetensors checkpoint shards:   3% Completed | 7/241 [00:12<06:27,  1.66s/it]
2026-03-06T22:58:18.8307924Z (Worker_DP0_TP0_EP0 pid=1242) 
2026-03-06T22:58:18.8308434Z Loading safetensors checkpoint shards:   3% Completed | 8/241 [00:14<06:16,  1.61s/it]
2026-03-06T22:58:21.9239093Z (Worker_DP0_TP0_EP0 pid=1242) 
2026-03-06T22:58:21.9239592Z Loading safetensors checkpoint shards:   4% Completed | 9/241 [00:17<08:01,  2.08s/it]
2026-03-06T22:58:22.5502985Z (Worker_DP0_TP0_EP0 pid=1242) 
2026-03-06T22:58:22.5503477Z Loading safetensors checkpoint shards:   4% Completed | 10/241 [00:18<06:16,  1.63s/it]
2026-03-06T22:58:24.4600402Z (Worker_DP0_TP0_EP0 pid=1242) 
2026-03-06T22:58:24.4600920Z Loading safetensors checkpoint shards:   5% Completed | 11/241 [00:20<06:34,  1.71s/it]
2026-03-06T22:58:26.0647334Z (Worker_DP0_TP0_EP0 pid=1242) 
2026-03-06T22:58:26.0647836Z Loading safetensors checkpoint shards:   5% Completed | 12/241 [00:21<06:24,  1.68s/it]
2026-03-06T22:58:29.0134377Z (Worker_DP0_TP0_EP0 pid=1242) 
2026-03-06T22:58:29.0134967Z Loading safetensors checkpoint shards:   5% Completed | 13/241 [00:24<07:50,  2.07s/it]
2026-03-06T22:58:29.6807669Z (Worker_DP0_TP0_EP0 pid=1242) 
2026-03-06T22:58:29.6808167Z Loading safetensors checkpoint shards:   6% Completed | 14/241 [00:25<06:13,  1.64s/it]
2026-03-06T22:58:31.5527665Z (Worker_DP0_TP0_EP0 pid=1242) 
2026-03-06T22:58:31.5528149Z Loading safetensors checkpoint shards:   6% Completed | 15/241 [00:27<06:26,  1.71s/it]
2026-03-06T22:58:33.0968851Z (Worker_DP0_TP0_EP0 pid=1242) 
2026-03-06T22:58:33.0969357Z Loading safetensors checkpoint shards:   7% Completed | 16/241 [00:28<06:13,  1.66s/it]
2026-03-06T22:58:36.0516318Z (Worker_DP0_TP0_EP0 pid=1242) 
2026-03-06T22:58:36.0516820Z Loading safetensors checkpoint shards:   7% Completed | 17/241 [00:31<07:39,  2.05s/it]
2026-03-06T22:58:36.6903143Z (Worker_DP0_TP0_EP0 pid=1242) 
2026-03-06T22:58:36.6903602Z Loading safetensors checkpoint shards:   7% Completed | 18/241 [00:32<06:02,  1.63s/it]
2026-03-06T22:58:38.5768659Z (Worker_DP0_TP0_EP0 pid=1242) 
2026-03-06T22:58:38.5769178Z Loading safetensors checkpoint shards:   8% Completed | 19/241 [00:34<06:18,  1.70s/it]
2026-03-06T22:58:40.1301211Z (Worker_DP0_TP0_EP0 pid=1242) 
2026-03-06T22:58:40.1301720Z Loading safetensors checkpoint shards:   8% Completed | 20/241 [00:35<06:06,  1.66s/it]
2026-03-06T22:58:43.1564370Z (Worker_DP0_TP0_EP0 pid=1242) 
2026-03-06T22:58:43.1564871Z Loading safetensors checkpoint shards:   9% Completed | 21/241 [00:38<07:35,  2.07s/it]
2026-03-06T22:58:43.7382926Z (Worker_DP0_TP0_EP0 pid=1242) 
2026-03-06T22:58:43.7383427Z Loading safetensors checkpoint shards:   9% Completed | 22/241 [00:39<05:55,  1.62s/it]
2026-03-06T22:58:45.6998175Z (Worker_DP0_TP0_EP0 pid=1242) 
2026-03-06T22:58:45.6998687Z Loading safetensors checkpoint shards:  10% Completed | 23/241 [00:41<06:15,  1.72s/it]
2026-03-06T22:58:47.2643089Z (Worker_DP0_TP0_EP0 pid=1242) 
2026-03-06T22:58:47.2643587Z Loading safetensors checkpoint shards:  10% Completed | 24/241 [00:42<06:03,  1.68s/it]
2026-03-06T22:58:50.4440048Z (Worker_DP0_TP0_EP0 pid=1242) 
2026-03-06T22:58:50.4440550Z Loading safetensors checkpoint shards:  10% Completed | 25/241 [00:46<07:39,  2.13s/it]
2026-03-06T22:58:51.0122471Z (Worker_DP0_TP0_EP0 pid=1242) 
2026-03-06T22:58:51.0122938Z Loading safetensors checkpoint shards:  11% Completed | 26/241 [00:46<05:56,  1.66s/it]
2026-03-06T22:58:52.9618391Z (Worker_DP0_TP0_EP0 pid=1242) 
2026-03-06T22:58:52.9618893Z Loading safetensors checkpoint shards:  11% Completed | 27/241 [00:48<06:13,  1.74s/it]
2026-03-06T22:58:54.5449730Z (Worker_DP0_TP0_EP0 pid=1242) 
2026-03-06T22:58:54.5450362Z Loading safetensors checkpoint shards:  12% Completed | 28/241 [00:50<06:01,  1.70s/it]
2026-03-06T22:58:57.6993151Z (Worker_DP0_TP0_EP0 pid=1242) 
2026-03-06T22:58:57.6993649Z Loading safetensors checkpoint shards:  12% Completed | 29/241 [00:53<07:32,  2.14s/it]
2026-03-06T22:58:58.2731008Z (Worker_DP0_TP0_EP0 pid=1242) 
2026-03-06T22:58:58.2731523Z Loading safetensors checkpoint shards:  12% Completed | 30/241 [00:53<05:51,  1.67s/it]
2026-03-06T22:59:00.1996265Z (Worker_DP0_TP0_EP0 pid=1242) 
2026-03-06T22:59:00.1996781Z Loading safetensors checkpoint shards:  13% Completed | 31/241 [00:55<06:06,  1.74s/it]
2026-03-06T22:59:01.6744497Z (Worker_DP0_TP0_EP0 pid=1242) 
2026-03-06T22:59:01.6744955Z Loading safetensors checkpoint shards:  13% Completed | 32/241 [00:57<05:47,  1.66s/it]
2026-03-06T22:59:04.7148954Z (Worker_DP0_TP0_EP0 pid=1242) 
2026-03-06T22:59:04.7149426Z Loading safetensors checkpoint shards:  14% Completed | 33/241 [01:00<07:11,  2.08s/it]
2026-03-06T22:59:05.2107164Z (Worker_DP0_TP0_EP0 pid=1242) 
2026-03-06T22:59:05.2107676Z Loading safetensors checkpoint shards:  14% Completed | 34/241 [01:00<05:31,  1.60s/it]
2026-03-06T22:59:06.9661784Z (Worker_DP0_TP0_EP0 pid=1242) 
2026-03-06T22:59:06.9662231Z Loading safetensors checkpoint shards:  15% Completed | 35/241 [01:02<05:39,  1.65s/it]
2026-03-06T22:59:08.6201397Z (Worker_DP0_TP0_EP0 pid=1242) 
2026-03-06T22:59:08.6201892Z Loading safetensors checkpoint shards:  15% Completed | 36/241 [01:04<05:38,  1.65s/it]
2026-03-06T22:59:11.2618328Z (Worker_DP0_TP0_EP0 pid=1242) 
2026-03-06T22:59:11.2618832Z Loading safetensors checkpoint shards:  15% Completed | 37/241 [01:06<06:37,  1.95s/it]
2026-03-06T22:59:12.2886006Z (Worker_DP0_TP0_EP0 pid=1242) 
2026-03-06T22:59:12.2886480Z Loading safetensors checkpoint shards:  16% Completed | 38/241 [01:07<05:39,  1.67s/it]
2026-03-06T22:59:14.1193377Z (Worker_DP0_TP0_EP0 pid=1242) 
2026-03-06T22:59:14.1193884Z Loading safetensors checkpoint shards:  16% Completed | 39/241 [01:09<05:47,  1.72s/it]
2026-03-06T22:59:15.5985952Z (Worker_DP0_TP0_EP0 pid=1242) 
2026-03-06T22:59:15.5986464Z Loading safetensors checkpoint shards:  17% Completed | 40/241 [01:11<05:31,  1.65s/it]
2026-03-06T22:59:18.4568315Z (Worker_DP0_TP0_EP0 pid=1242) 
2026-03-06T22:59:18.4568831Z Loading safetensors checkpoint shards:  17% Completed | 41/241 [01:14<06:42,  2.01s/it]
2026-03-06T22:59:19.3759445Z (Worker_DP0_TP0_EP0 pid=1242) 
2026-03-06T22:59:19.3760080Z Loading safetensors checkpoint shards:  17% Completed | 42/241 [01:15<05:34,  1.68s/it]
2026-03-06T22:59:21.1648485Z (Worker_DP0_TP0_EP0 pid=1242) 
2026-03-06T22:59:21.1648934Z Loading safetensors checkpoint shards:  18% Completed | 43/241 [01:16<05:39,  1.71s/it]
2026-03-06T22:59:22.7152046Z (Worker_DP0_TP0_EP0 pid=1242) 
2026-03-06T22:59:22.7152946Z Loading safetensors checkpoint shards:  18% Completed | 44/241 [01:18<05:28,  1.67s/it]
2026-03-06T22:59:26.0289131Z (Worker_DP0_TP0_EP0 pid=1242) 
2026-03-06T22:59:26.0289630Z Loading safetensors checkpoint shards:  19% Completed | 45/241 [01:21<07:03,  2.16s/it]
2026-03-06T22:59:26.4274231Z (Worker_DP0_TP0_EP0 pid=1242) 
2026-03-06T22:59:26.4274725Z Loading safetensors checkpoint shards:  19% Completed | 46/241 [01:22<05:18,  1.63s/it]
2026-03-06T22:59:28.2594713Z (Worker_DP0_TP0_EP0 pid=1242) 
2026-03-06T22:59:28.2595210Z Loading safetensors checkpoint shards:  20% Completed | 47/241 [01:23<05:28,  1.69s/it]
2026-03-06T22:59:29.7973274Z (Worker_DP0_TP0_EP0 pid=1242) 
2026-03-06T22:59:29.7973825Z Loading safetensors checkpoint shards:  20% Completed | 48/241 [01:25<05:17,  1.65s/it]
2026-03-06T22:59:33.0441966Z (Worker_DP0_TP0_EP0 pid=1242) 
2026-03-06T22:59:33.0442483Z Loading safetensors checkpoint shards:  20% Completed | 49/241 [01:28<06:48,  2.13s/it]
2026-03-06T22:59:33.5547275Z (Worker_DP0_TP0_EP0 pid=1242) 
2026-03-06T22:59:33.5547765Z Loading safetensors checkpoint shards:  21% Completed | 50/241 [01:29<05:13,  1.64s/it]
2026-03-06T22:59:35.4132705Z (Worker_DP0_TP0_EP0 pid=1242) 
2026-03-06T22:59:35.4133198Z Loading safetensors checkpoint shards:  21% Completed | 51/241 [01:31<05:24,  1.71s/it]
2026-03-06T22:59:36.9186264Z (Worker_DP0_TP0_EP0 pid=1242) 
2026-03-06T22:59:36.9186808Z Loading safetensors checkpoint shards:  22% Completed | 52/241 [01:32<05:11,  1.65s/it]
2026-03-06T22:59:40.2149628Z (Worker_DP0_TP0_EP0 pid=1242) 
2026-03-06T22:59:40.2150244Z Loading safetensors checkpoint shards:  22% Completed | 53/241 [01:35<06:42,  2.14s/it]
2026-03-06T22:59:40.5783031Z (Worker_DP0_TP0_EP0 pid=1242) 
2026-03-06T22:59:40.5783822Z Loading safetensors checkpoint shards:  22% Completed | 54/241 [01:36<05:00,  1.61s/it]
2026-03-06T22:59:42.3364868Z (Worker_DP0_TP0_EP0 pid=1242) 
2026-03-06T22:59:42.3365369Z Loading safetensors checkpoint shards:  23% Completed | 55/241 [01:38<05:07,  1.65s/it]
2026-03-06T22:59:43.8753268Z (Worker_DP0_TP0_EP0 pid=1242) 
2026-03-06T22:59:43.8753773Z Loading safetensors checkpoint shards:  23% Completed | 56/241 [01:39<04:59,  1.62s/it]
2026-03-06T22:59:46.7891219Z (Worker_DP0_TP0_EP0 pid=1242) 
2026-03-06T22:59:46.7891666Z Loading safetensors checkpoint shards:  24% Completed | 57/241 [01:42<06:09,  2.01s/it]
2026-03-06T22:59:47.6124702Z (Worker_DP0_TP0_EP0 pid=1242) 
2026-03-06T22:59:47.6125205Z Loading safetensors checkpoint shards:  24% Completed | 58/241 [01:43<05:02,  1.65s/it]
2026-03-06T22:59:49.4644638Z (Worker_DP0_TP0_EP0 pid=1242) 
2026-03-06T22:59:49.4645140Z Loading safetensors checkpoint shards:  24% Completed | 59/241 [01:45<05:11,  1.71s/it]
2026-03-06T22:59:50.8900465Z (Worker_DP0_TP0_EP0 pid=1242) 
2026-03-06T22:59:50.8900962Z Loading safetensors checkpoint shards:  25% Completed | 60/241 [01:46<04:54,  1.63s/it]
2026-03-06T22:59:54.2351099Z (Worker_DP0_TP0_EP0 pid=1242) 
2026-03-06T22:59:54.2351599Z Loading safetensors checkpoint shards:  25% Completed | 61/241 [01:49<06:25,  2.14s/it]
2026-03-06T22:59:54.6503350Z (Worker_DP0_TP0_EP0 pid=1242) 
2026-03-06T22:59:54.6503836Z Loading safetensors checkpoint shards:  26% Completed | 62/241 [01:50<04:50,  1.62s/it]
2026-03-06T22:59:56.4924533Z (Worker_DP0_TP0_EP0 pid=1242) 
2026-03-06T22:59:56.4925027Z Loading safetensors checkpoint shards:  26% Completed | 63/241 [01:52<05:00,  1.69s/it]
2026-03-06T22:59:57.9670571Z (Worker_DP0_TP0_EP0 pid=1242) 
2026-03-06T22:59:57.9671028Z Loading safetensors checkpoint shards:  27% Completed | 64/241 [01:53<04:47,  1.62s/it]
2026-03-06T23:00:00.9313810Z (Worker_DP0_TP0_EP0 pid=1242) 
2026-03-06T23:00:00.9314337Z Loading safetensors checkpoint shards:  27% Completed | 65/241 [01:56<05:56,  2.03s/it]
2026-03-06T23:00:01.6134379Z (Worker_DP0_TP0_EP0 pid=1242) 
2026-03-06T23:00:01.6134883Z Loading safetensors checkpoint shards:  27% Completed | 66/241 [01:57<04:44,  1.62s/it]
2026-03-06T23:00:03.3201480Z (Worker_DP0_TP0_EP0 pid=1242) 
2026-03-06T23:00:03.3202358Z Loading safetensors checkpoint shards:  28% Completed | 67/241 [01:58<04:46,  1.65s/it]
2026-03-06T23:00:04.8982713Z (Worker_DP0_TP0_EP0 pid=1242) 
2026-03-06T23:00:04.8983224Z Loading safetensors checkpoint shards:  28% Completed | 68/241 [02:00<04:41,  1.63s/it]
2026-03-06T23:00:07.9475502Z (Worker_DP0_TP0_EP0 pid=1242) 
2026-03-06T23:00:07.9476012Z Loading safetensors checkpoint shards:  29% Completed | 69/241 [02:03<05:53,  2.05s/it]
2026-03-06T23:00:08.6793976Z (Worker_DP0_TP0_EP0 pid=1242) 
2026-03-06T23:00:08.6794462Z Loading safetensors checkpoint shards:  29% Completed | 70/241 [02:04<04:43,  1.66s/it]
2026-03-06T23:00:10.5222190Z (Worker_DP0_TP0_EP0 pid=1242) 
2026-03-06T23:00:10.5222715Z Loading safetensors checkpoint shards:  29% Completed | 71/241 [02:06<04:51,  1.71s/it]
2026-03-06T23:00:12.0373653Z (Worker_DP0_TP0_EP0 pid=1242) 
2026-03-06T23:00:12.0374155Z Loading safetensors checkpoint shards:  30% Completed | 72/241 [02:07<04:39,  1.65s/it]
2026-03-06T23:00:15.0538754Z (Worker_DP0_TP0_EP0 pid=1242) 
2026-03-06T23:00:15.0539281Z Loading safetensors checkpoint shards:  30% Completed | 73/241 [02:10<05:46,  2.06s/it]
2026-03-06T23:00:15.9517029Z (Worker_DP0_TP0_EP0 pid=1242) 
2026-03-06T23:00:15.9517527Z Loading safetensors checkpoint shards:  31% Completed | 74/241 [02:11<04:46,  1.71s/it]
2026-03-06T23:00:17.7624459Z (Worker_DP0_TP0_EP0 pid=1242) 
2026-03-06T23:00:17.7624975Z Loading safetensors checkpoint shards:  31% Completed | 75/241 [02:13<04:49,  1.74s/it]
2026-03-06T23:00:19.2744675Z (Worker_DP0_TP0_EP0 pid=1242) 
2026-03-06T23:00:19.2745128Z Loading safetensors checkpoint shards:  32% Completed | 76/241 [02:14<04:36,  1.67s/it]
2026-03-06T23:00:22.2047696Z (Worker_DP0_TP0_EP0 pid=1242) 
2026-03-06T23:00:22.2048663Z Loading safetensors checkpoint shards:  32% Completed | 77/241 [02:17<05:36,  2.05s/it]
2026-03-06T23:00:23.0609751Z (Worker_DP0_TP0_EP0 pid=1242) 
2026-03-06T23:00:23.0610364Z Loading safetensors checkpoint shards:  32% Completed | 78/241 [02:18<04:35,  1.69s/it]
2026-03-06T23:00:24.9044581Z (Worker_DP0_TP0_EP0 pid=1242) 
2026-03-06T23:00:24.9045075Z Loading safetensors checkpoint shards:  33% Completed | 79/241 [02:20<04:41,  1.74s/it]
2026-03-06T23:00:26.4114576Z (Worker_DP0_TP0_EP0 pid=1242) 
2026-03-06T23:00:26.4115092Z Loading safetensors checkpoint shards:  33% Completed | 80/241 [02:22<04:28,  1.67s/it]
2026-03-06T23:00:29.2592929Z (Worker_DP0_TP0_EP0 pid=1242) 
2026-03-06T23:00:29.2593428Z Loading safetensors checkpoint shards:  34% Completed | 81/241 [02:24<05:23,  2.02s/it]
2026-03-06T23:00:30.1484396Z (Worker_DP0_TP0_EP0 pid=1242) 
2026-03-06T23:00:30.1484885Z Loading safetensors checkpoint shards:  34% Completed | 82/241 [02:25<04:27,  1.68s/it]
2026-03-06T23:00:31.9662935Z (Worker_DP0_TP0_EP0 pid=1242) 
2026-03-06T23:00:31.9663440Z Loading safetensors checkpoint shards:  34% Completed | 83/241 [02:27<04:32,  1.72s/it]
2026-03-06T23:00:33.5437903Z (Worker_DP0_TP0_EP0 pid=1242) 
2026-03-06T23:00:33.5438456Z Loading safetensors checkpoint shards:  35% Completed | 84/241 [02:29<04:23,  1.68s/it]
2026-03-06T23:00:36.4805194Z (Worker_DP0_TP0_EP0 pid=1242) 
2026-03-06T23:00:36.4805690Z Loading safetensors checkpoint shards:  35% Completed | 85/241 [02:32<05:20,  2.06s/it]
2026-03-06T23:00:37.2877795Z (Worker_DP0_TP0_EP0 pid=1242) 
2026-03-06T23:00:37.2878361Z Loading safetensors checkpoint shards:  36% Completed | 86/241 [02:32<04:20,  1.68s/it]
2026-03-06T23:00:39.0628167Z (Worker_DP0_TP0_EP0 pid=1242) 
2026-03-06T23:00:39.0628725Z Loading safetensors checkpoint shards:  36% Completed | 87/241 [02:34<04:23,  1.71s/it]
2026-03-06T23:00:40.6017143Z (Worker_DP0_TP0_EP0 pid=1242) 
2026-03-06T23:00:40.6017667Z Loading safetensors checkpoint shards:  37% Completed | 88/241 [02:36<04:13,  1.66s/it]
2026-03-06T23:00:43.5195346Z (Worker_DP0_TP0_EP0 pid=1242) 
2026-03-06T23:00:43.5195849Z Loading safetensors checkpoint shards:  37% Completed | 89/241 [02:39<05:09,  2.04s/it]
2026-03-06T23:00:44.4993262Z (Worker_DP0_TP0_EP0 pid=1242) 
2026-03-06T23:00:44.4993754Z Loading safetensors checkpoint shards:  37% Completed | 90/241 [02:40<04:19,  1.72s/it]
2026-03-06T23:00:46.2892313Z (Worker_DP0_TP0_EP0 pid=1242) 
2026-03-06T23:00:46.2892824Z Loading safetensors checkpoint shards:  38% Completed | 91/241 [02:41<04:21,  1.74s/it]
2026-03-06T23:00:47.6671182Z (Worker_DP0_TP0_EP0 pid=1242) 
2026-03-06T23:00:47.6671694Z Loading safetensors checkpoint shards:  38% Completed | 92/241 [02:43<04:03,  1.63s/it]
2026-03-06T23:00:50.7996812Z (Worker_DP0_TP0_EP0 pid=1242) 
2026-03-06T23:00:50.7997256Z Loading safetensors checkpoint shards:  39% Completed | 93/241 [02:46<05:08,  2.08s/it]
2026-03-06T23:00:51.6317598Z (Worker_DP0_TP0_EP0 pid=1242) 
2026-03-06T23:00:51.6318079Z Loading safetensors checkpoint shards:  39% Completed | 94/241 [02:47<04:10,  1.71s/it]
2026-03-06T23:00:53.4183046Z (Worker_DP0_TP0_EP0 pid=1242) 
2026-03-06T23:00:53.4183549Z Loading safetensors checkpoint shards:  39% Completed | 95/241 [02:49<04:12,  1.73s/it]
2026-03-06T23:00:54.9554235Z (Worker_DP0_TP0_EP0 pid=1242) 
2026-03-06T23:00:54.9554754Z Loading safetensors checkpoint shards:  40% Completed | 96/241 [02:50<04:02,  1.67s/it]
2026-03-06T23:00:57.8275453Z (Worker_DP0_TP0_EP0 pid=1242) 
2026-03-06T23:00:57.8275956Z Loading safetensors checkpoint shards:  40% Completed | 97/241 [02:53<04:52,  2.03s/it]
2026-03-06T23:00:58.9129956Z (Worker_DP0_TP0_EP0 pid=1242) 
2026-03-06T23:00:58.9130479Z Loading safetensors checkpoint shards:  41% Completed | 98/241 [02:54<04:10,  1.75s/it]
2026-03-06T23:01:00.6698486Z (Worker_DP0_TP0_EP0 pid=1242) 
2026-03-06T23:01:00.6698988Z Loading safetensors checkpoint shards:  41% Completed | 99/241 [02:56<04:08,  1.75s/it]
2026-03-06T23:01:02.2403899Z (Worker_DP0_TP0_EP0 pid=1242) 
2026-03-06T23:01:02.2404773Z Loading safetensors checkpoint shards:  41% Completed | 100/241 [02:57<03:59,  1.70s/it]
2026-03-06T23:01:05.1451825Z (Worker_DP0_TP0_EP0 pid=1242) 
2026-03-06T23:01:05.1452334Z Loading safetensors checkpoint shards:  42% Completed | 101/241 [03:00<04:48,  2.06s/it]
2026-03-06T23:01:06.1073149Z (Worker_DP0_TP0_EP0 pid=1242) 
2026-03-06T23:01:06.1073661Z Loading safetensors checkpoint shards:  42% Completed | 102/241 [03:01<04:00,  1.73s/it]
2026-03-06T23:01:07.7556866Z (Worker_DP0_TP0_EP0 pid=1242) 
2026-03-06T23:01:07.7557320Z Loading safetensors checkpoint shards:  43% Completed | 103/241 [03:03<03:55,  1.71s/it]
2026-03-06T23:01:09.3560293Z (Worker_DP0_TP0_EP0 pid=1242) 
2026-03-06T23:01:09.3560802Z Loading safetensors checkpoint shards:  43% Completed | 104/241 [03:05<03:49,  1.67s/it]
2026-03-06T23:01:12.4796276Z (Worker_DP0_TP0_EP0 pid=1242) 
2026-03-06T23:01:12.4796753Z Loading safetensors checkpoint shards:  44% Completed | 105/241 [03:08<04:46,  2.11s/it]
2026-03-06T23:01:13.2011513Z (Worker_DP0_TP0_EP0 pid=1242) 
2026-03-06T23:01:13.2012049Z Loading safetensors checkpoint shards:  44% Completed | 106/241 [03:08<03:48,  1.69s/it]
2026-03-06T23:01:15.0236991Z (Worker_DP0_TP0_EP0 pid=1242) 
2026-03-06T23:01:15.0237522Z Loading safetensors checkpoint shards:  44% Completed | 107/241 [03:10<03:52,  1.73s/it]
2026-03-06T23:01:16.4772059Z (Worker_DP0_TP0_EP0 pid=1242) 
2026-03-06T23:01:16.4772571Z Loading safetensors checkpoint shards:  45% Completed | 108/241 [03:12<03:39,  1.65s/it]
2026-03-06T23:01:19.4530057Z (Worker_DP0_TP0_EP0 pid=1242) 
2026-03-06T23:01:19.4530582Z Loading safetensors checkpoint shards:  45% Completed | 109/241 [03:15<04:30,  2.05s/it]
2026-03-06T23:01:20.2963788Z (Worker_DP0_TP0_EP0 pid=1242) 
2026-03-06T23:01:20.2964292Z Loading safetensors checkpoint shards:  46% Completed | 110/241 [03:15<03:40,  1.69s/it]
2026-03-06T23:01:22.0414869Z (Worker_DP0_TP0_EP0 pid=1242) 
2026-03-06T23:01:22.0415379Z Loading safetensors checkpoint shards:  46% Completed | 111/241 [03:17<03:41,  1.70s/it]
2026-03-06T23:01:23.4229808Z (Worker_DP0_TP0_EP0 pid=1242) 
2026-03-06T23:01:23.4230417Z Loading safetensors checkpoint shards:  46% Completed | 112/241 [03:19<03:27,  1.61s/it]
2026-03-06T23:01:26.6118262Z (Worker_DP0_TP0_EP0 pid=1242) 
2026-03-06T23:01:26.6118778Z Loading safetensors checkpoint shards:  47% Completed | 113/241 [03:22<04:26,  2.08s/it]
2026-03-06T23:01:27.3082608Z (Worker_DP0_TP0_EP0 pid=1242) 
2026-03-06T23:01:27.3083120Z Loading safetensors checkpoint shards:  47% Completed | 114/241 [03:22<03:31,  1.67s/it]
2026-03-06T23:01:29.1240935Z (Worker_DP0_TP0_EP0 pid=1242) 
2026-03-06T23:01:29.1241430Z Loading safetensors checkpoint shards:  48% Completed | 115/241 [03:24<03:35,  1.71s/it]
2026-03-06T23:01:30.5126884Z (Worker_DP0_TP0_EP0 pid=1242) 
2026-03-06T23:01:30.5127407Z Loading safetensors checkpoint shards:  48% Completed | 116/241 [03:26<03:21,  1.61s/it]
2026-03-06T23:01:33.3560582Z (Worker_DP0_TP0_EP0 pid=1242) 
2026-03-06T23:01:33.3561112Z Loading safetensors checkpoint shards:  49% Completed | 117/241 [03:29<04:05,  1.98s/it]
2026-03-06T23:01:34.4816762Z (Worker_DP0_TP0_EP0 pid=1242) 
2026-03-06T23:01:34.4817277Z Loading safetensors checkpoint shards:  49% Completed | 118/241 [03:30<03:32,  1.73s/it]
2026-03-06T23:01:36.1694625Z (Worker_DP0_TP0_EP0 pid=1242) 
2026-03-06T23:01:36.1695120Z Loading safetensors checkpoint shards:  49% Completed | 119/241 [03:31<03:29,  1.71s/it]
2026-03-06T23:01:37.5921201Z (Worker_DP0_TP0_EP0 pid=1242) 
2026-03-06T23:01:37.5921726Z Loading safetensors checkpoint shards:  50% Completed | 120/241 [03:33<03:16,  1.63s/it]
2026-03-06T23:01:40.5211319Z (Worker_DP0_TP0_EP0 pid=1242) 
2026-03-06T23:01:40.5211845Z Loading safetensors checkpoint shards:  50% Completed | 121/241 [03:36<04:02,  2.02s/it]
2026-03-06T23:01:41.5412113Z (Worker_DP0_TP0_EP0 pid=1242) 
2026-03-06T23:01:41.5412637Z Loading safetensors checkpoint shards:  51% Completed | 122/241 [03:37<03:24,  1.72s/it]
2026-03-06T23:01:43.2616575Z (Worker_DP0_TP0_EP0 pid=1242) 
2026-03-06T23:01:43.2617422Z Loading safetensors checkpoint shards:  51% Completed | 123/241 [03:38<03:22,  1.72s/it]
2026-03-06T23:01:44.6577321Z (Worker_DP0_TP0_EP0 pid=1242) 
2026-03-06T23:01:44.6577806Z Loading safetensors checkpoint shards:  51% Completed | 124/241 [03:40<03:09,  1.62s/it]
2026-03-06T23:01:47.5517610Z (Worker_DP0_TP0_EP0 pid=1242) 
2026-03-06T23:01:47.5518120Z Loading safetensors checkpoint shards:  52% Completed | 125/241 [03:43<03:52,  2.00s/it]
2026-03-06T23:01:48.6650747Z (Worker_DP0_TP0_EP0 pid=1242) 
2026-03-06T23:01:48.6651247Z Loading safetensors checkpoint shards:  52% Completed | 126/241 [03:44<03:19,  1.74s/it]
2026-03-06T23:01:50.3679758Z (Worker_DP0_TP0_EP0 pid=1242) 
2026-03-06T23:01:50.3680369Z Loading safetensors checkpoint shards:  53% Completed | 127/241 [03:46<03:16,  1.73s/it]
2026-03-06T23:01:51.8830968Z (Worker_DP0_TP0_EP0 pid=1242) 
2026-03-06T23:01:51.8831464Z Loading safetensors checkpoint shards:  53% Completed | 128/241 [03:47<03:07,  1.66s/it]
2026-03-06T23:01:54.9435226Z (Worker_DP0_TP0_EP0 pid=1242) 
2026-03-06T23:01:54.9445445Z Loading safetensors checkpoint shards:  54% Completed | 129/241 [03:50<03:53,  2.08s/it]
2026-03-06T23:01:55.8714501Z (Worker_DP0_TP0_EP0 pid=1242) 
2026-03-06T23:01:55.8714996Z Loading safetensors checkpoint shards:  54% Completed | 130/241 [03:51<03:12,  1.74s/it]
2026-03-06T23:01:57.5869672Z (Worker_DP0_TP0_EP0 pid=1242) 
2026-03-06T23:01:57.5870290Z Loading safetensors checkpoint shards:  54% Completed | 131/241 [03:53<03:10,  1.73s/it]
2026-03-06T23:01:59.0289641Z (Worker_DP0_TP0_EP0 pid=1242) 
2026-03-06T23:01:59.0290252Z Loading safetensors checkpoint shards:  55% Completed | 132/241 [03:54<02:59,  1.64s/it]
2026-03-06T23:02:01.9311662Z (Worker_DP0_TP0_EP0 pid=1242) 
2026-03-06T23:02:01.9312174Z Loading safetensors checkpoint shards:  55% Completed | 133/241 [03:57<03:38,  2.02s/it]
2026-03-06T23:02:03.0018988Z (Worker_DP0_TP0_EP0 pid=1242) 
2026-03-06T23:02:03.0019509Z Loading safetensors checkpoint shards:  56% Completed | 134/241 [03:58<03:05,  1.74s/it]
2026-03-06T23:02:04.7257613Z (Worker_DP0_TP0_EP0 pid=1242) 
2026-03-06T23:02:04.7258047Z Loading safetensors checkpoint shards:  56% Completed | 135/241 [04:00<03:03,  1.73s/it]
2026-03-06T23:02:06.1448380Z (Worker_DP0_TP0_EP0 pid=1242) 
2026-03-06T23:02:06.1448910Z Loading safetensors checkpoint shards:  56% Completed | 136/241 [04:01<02:52,  1.64s/it]
2026-03-06T23:02:09.0670946Z (Worker_DP0_TP0_EP0 pid=1242) 
2026-03-06T23:02:09.0671469Z Loading safetensors checkpoint shards:  57% Completed | 137/241 [04:04<03:30,  2.02s/it]
2026-03-06T23:02:10.2322213Z (Worker_DP0_TP0_EP0 pid=1242) 
2026-03-06T23:02:10.2322747Z Loading safetensors checkpoint shards:  57% Completed | 138/241 [04:05<03:01,  1.77s/it]
2026-03-06T23:02:11.9211928Z (Worker_DP0_TP0_EP0 pid=1242) 
2026-03-06T23:02:11.9212424Z Loading safetensors checkpoint shards:  58% Completed | 139/241 [04:07<02:57,  1.74s/it]
2026-03-06T23:02:13.2983095Z (Worker_DP0_TP0_EP0 pid=1242) 
2026-03-06T23:02:13.2983654Z Loading safetensors checkpoint shards:  58% Completed | 140/241 [04:08<02:44,  1.63s/it]
2026-03-06T23:02:16.2762549Z (Worker_DP0_TP0_EP0 pid=1242) 
2026-03-06T23:02:16.2763057Z Loading safetensors checkpoint shards:  59% Completed | 141/241 [04:11<03:23,  2.04s/it]
2026-03-06T23:02:17.2660207Z (Worker_DP0_TP0_EP0 pid=1242) 
2026-03-06T23:02:17.2660768Z Loading safetensors checkpoint shards:  59% Completed | 142/241 [04:12<02:50,  1.72s/it]
2026-03-06T23:02:18.9795647Z (Worker_DP0_TP0_EP0 pid=1242) 
2026-03-06T23:02:18.9796117Z Loading safetensors checkpoint shards:  59% Completed | 143/241 [04:14<02:48,  1.72s/it]
2026-03-06T23:02:20.3805689Z (Worker_DP0_TP0_EP0 pid=1242) 
2026-03-06T23:02:20.3806148Z Loading safetensors checkpoint shards:  60% Completed | 144/241 [04:16<02:37,  1.62s/it]
2026-03-06T23:02:23.4336234Z (Worker_DP0_TP0_EP0 pid=1242) 
2026-03-06T23:02:23.4336746Z Loading safetensors checkpoint shards:  60% Completed | 145/241 [04:19<03:17,  2.05s/it]
2026-03-06T23:02:24.4064276Z (Worker_DP0_TP0_EP0 pid=1242) 
2026-03-06T23:02:24.4065145Z Loading safetensors checkpoint shards:  61% Completed | 146/241 [04:20<02:44,  1.73s/it]
2026-03-06T23:02:26.0584999Z (Worker_DP0_TP0_EP0 pid=1242) 
2026-03-06T23:02:26.0585509Z Loading safetensors checkpoint shards:  61% Completed | 147/241 [04:21<02:40,  1.71s/it]
2026-03-06T23:02:27.4345688Z (Worker_DP0_TP0_EP0 pid=1242) 
2026-03-06T23:02:27.4346196Z Loading safetensors checkpoint shards:  61% Completed | 148/241 [04:23<02:29,  1.61s/it]
2026-03-06T23:02:30.6303499Z (Worker_DP0_TP0_EP0 pid=1242) 
2026-03-06T23:02:30.6304007Z Loading safetensors checkpoint shards:  62% Completed | 149/241 [04:26<03:11,  2.08s/it]
2026-03-06T23:02:31.4035023Z (Worker_DP0_TP0_EP0 pid=1242) 
2026-03-06T23:02:31.4035477Z Loading safetensors checkpoint shards:  62% Completed | 150/241 [04:27<02:33,  1.69s/it]
2026-03-06T23:02:33.1693487Z (Worker_DP0_TP0_EP0 pid=1242) 
2026-03-06T23:02:33.1693983Z Loading safetensors checkpoint shards:  63% Completed | 151/241 [04:28<02:34,  1.71s/it]
2026-03-06T23:02:34.5217145Z (Worker_DP0_TP0_EP0 pid=1242) 
2026-03-06T23:02:34.5217675Z Loading safetensors checkpoint shards:  63% Completed | 152/241 [04:30<02:22,  1.60s/it]
2026-03-06T23:02:37.2814200Z (Worker_DP0_TP0_EP0 pid=1242) 
2026-03-06T23:02:37.2814723Z Loading safetensors checkpoint shards:  63% Completed | 153/241 [04:32<02:51,  1.95s/it]
2026-03-06T23:02:38.6231822Z (Worker_DP0_TP0_EP0 pid=1242) 
2026-03-06T23:02:38.6232325Z Loading safetensors checkpoint shards:  64% Completed | 154/241 [04:34<02:33,  1.77s/it]
2026-03-06T23:02:40.3152749Z (Worker_DP0_TP0_EP0 pid=1242) 
2026-03-06T23:02:40.3153265Z Loading safetensors checkpoint shards:  64% Completed | 155/241 [04:35<02:30,  1.75s/it]
2026-03-06T23:02:41.6974134Z (Worker_DP0_TP0_EP0 pid=1242) 
2026-03-06T23:02:41.6974635Z Loading safetensors checkpoint shards:  65% Completed | 156/241 [04:37<02:19,  1.64s/it]
2026-03-06T23:02:44.6105248Z (Worker_DP0_TP0_EP0 pid=1242) 
2026-03-06T23:02:44.6105680Z Loading safetensors checkpoint shards:  65% Completed | 157/241 [04:40<02:49,  2.02s/it]
2026-03-06T23:02:45.5403463Z (Worker_DP0_TP0_EP0 pid=1242) 
2026-03-06T23:02:45.5403972Z Loading safetensors checkpoint shards:  66% Completed | 158/241 [04:41<02:20,  1.69s/it]
2026-03-06T23:02:47.0603004Z (Worker_DP0_TP0_EP0 pid=1242) 
2026-03-06T23:02:47.0603521Z Loading safetensors checkpoint shards:  66% Completed | 159/241 [04:42<02:14,  1.64s/it]
2026-03-06T23:02:48.5788004Z (Worker_DP0_TP0_EP0 pid=1242) 
2026-03-06T23:02:48.5788515Z Loading safetensors checkpoint shards:  66% Completed | 160/241 [04:44<02:09,  1.60s/it]
2026-03-06T23:02:51.6170250Z (Worker_DP0_TP0_EP0 pid=1242) 
2026-03-06T23:02:51.6170759Z Loading safetensors checkpoint shards:  67% Completed | 161/241 [04:47<02:42,  2.03s/it]
2026-03-06T23:02:52.4374441Z (Worker_DP0_TP0_EP0 pid=1242) 
2026-03-06T23:02:52.4374952Z Loading safetensors checkpoint shards:  67% Completed | 162/241 [04:48<02:11,  1.67s/it]
2026-03-06T23:02:54.2111813Z (Worker_DP0_TP0_EP0 pid=1242) 
2026-03-06T23:02:54.2112335Z Loading safetensors checkpoint shards:  68% Completed | 163/241 [04:49<02:12,  1.70s/it]
2026-03-06T23:02:55.6859356Z (Worker_DP0_TP0_EP0 pid=1242) 
2026-03-06T23:02:55.6859932Z Loading safetensors checkpoint shards:  68% Completed | 164/241 [04:51<02:05,  1.63s/it]
2026-03-06T23:02:58.4309285Z (Worker_DP0_TP0_EP0 pid=1242) 
2026-03-06T23:02:58.4309814Z Loading safetensors checkpoint shards:  68% Completed | 165/241 [04:54<02:29,  1.97s/it]
2026-03-06T23:02:59.4468468Z (Worker_DP0_TP0_EP0 pid=1242) 
2026-03-06T23:02:59.4468985Z Loading safetensors checkpoint shards:  69% Completed | 166/241 [04:55<02:06,  1.68s/it]
2026-03-06T23:03:01.1711542Z (Worker_DP0_TP0_EP0 pid=1242) 
2026-03-06T23:03:01.1712064Z Loading safetensors checkpoint shards:  69% Completed | 167/241 [04:56<02:05,  1.69s/it]
2026-03-06T23:03:02.7802626Z (Worker_DP0_TP0_EP0 pid=1242) 
2026-03-06T23:03:02.7803171Z Loading safetensors checkpoint shards:  70% Completed | 168/241 [04:58<02:01,  1.67s/it]
2026-03-06T23:03:05.0877929Z (Worker_DP0_TP0_EP0 pid=1242) 
2026-03-06T23:03:05.0878860Z Loading safetensors checkpoint shards:  70% Completed | 169/241 [05:00<02:13,  1.86s/it]
2026-03-06T23:03:06.4997385Z (Worker_DP0_TP0_EP0 pid=1242) 
2026-03-06T23:03:06.4997850Z Loading safetensors checkpoint shards:  71% Completed | 170/241 [05:02<02:02,  1.73s/it]
2026-03-06T23:03:08.0957010Z (Worker_DP0_TP0_EP0 pid=1242) 
2026-03-06T23:03:08.0957511Z Loading safetensors checkpoint shards:  71% Completed | 171/241 [05:03<01:58,  1.69s/it]
2026-03-06T23:03:09.9224315Z (Worker_DP0_TP0_EP0 pid=1242) 
2026-03-06T23:03:09.9224841Z Loading safetensors checkpoint shards:  71% Completed | 172/241 [05:05<01:59,  1.73s/it]
2026-03-06T23:03:12.0658269Z (Worker_DP0_TP0_EP0 pid=1242) 
2026-03-06T23:03:12.0658765Z Loading safetensors checkpoint shards:  72% Completed | 173/241 [05:07<02:06,  1.85s/it]
2026-03-06T23:03:13.5333847Z (Worker_DP0_TP0_EP0 pid=1242) 
2026-03-06T23:03:13.5334314Z Loading safetensors checkpoint shards:  72% Completed | 174/241 [05:09<01:56,  1.74s/it]
2026-03-06T23:03:15.2772273Z (Worker_DP0_TP0_EP0 pid=1242) 
2026-03-06T23:03:15.2772745Z Loading safetensors checkpoint shards:  73% Completed | 175/241 [05:10<01:54,  1.74s/it]
2026-03-06T23:03:17.2491527Z (Worker_DP0_TP0_EP0 pid=1242) 
2026-03-06T23:03:17.2492032Z Loading safetensors checkpoint shards:  73% Completed | 176/241 [05:12<01:57,  1.81s/it]
2026-03-06T23:03:19.5651186Z (Worker_DP0_TP0_EP0 pid=1242) 
2026-03-06T23:03:19.5651641Z Loading safetensors checkpoint shards:  73% Completed | 177/241 [05:15<02:05,  1.96s/it]
2026-03-06T23:03:20.5876869Z (Worker_DP0_TP0_EP0 pid=1242) 
2026-03-06T23:03:22.3779920Z Loading safetensors checkpoint shards:  74% Completed | 178/241 [05:16<01:45,  1.68s/it]
2026-03-06T23:03:22.3780477Z (Worker_DP0_TP0_EP0 pid=1242) 
2026-03-06T23:03:22.3780917Z Loading safetensors checkpoint shards:  74% Completed | 179/241 [05:18<01:46,  1.71s/it]
2026-03-06T23:03:24.4135332Z (Worker_DP0_TP0_EP0 pid=1242) 
2026-03-06T23:03:24.4135835Z Loading safetensors checkpoint shards:  75% Completed | 180/241 [05:20<01:50,  1.81s/it]
2026-03-06T23:03:25.8612914Z (Worker_DP0_TP0_EP0 pid=1242) 
2026-03-06T23:03:25.8613413Z Loading safetensors checkpoint shards:  75% Completed | 181/241 [05:21<01:42,  1.70s/it]
2026-03-06T23:03:27.6080207Z (Worker_DP0_TP0_EP0 pid=1242) 
2026-03-06T23:03:27.6080700Z Loading safetensors checkpoint shards:  76% Completed | 182/241 [05:23<01:41,  1.71s/it]
2026-03-06T23:03:29.3173134Z (Worker_DP0_TP0_EP0 pid=1242) 
2026-03-06T23:03:29.3173642Z Loading safetensors checkpoint shards:  76% Completed | 183/241 [05:24<01:39,  1.71s/it]
2026-03-06T23:03:31.7018878Z (Worker_DP0_TP0_EP0 pid=1242) 
2026-03-06T23:03:31.7019374Z Loading safetensors checkpoint shards:  76% Completed | 184/241 [05:27<01:49,  1.91s/it]
2026-03-06T23:03:32.7723813Z (Worker_DP0_TP0_EP0 pid=1242) 
2026-03-06T23:03:32.7724364Z Loading safetensors checkpoint shards:  77% Completed | 185/241 [05:28<01:33,  1.66s/it]
2026-03-06T23:03:34.5991764Z (Worker_DP0_TP0_EP0 pid=1242) 
2026-03-06T23:03:34.5992504Z Loading safetensors checkpoint shards:  77% Completed | 186/241 [05:30<01:34,  1.71s/it]
2026-03-06T23:03:36.2640552Z (Worker_DP0_TP0_EP0 pid=1242) 
2026-03-06T23:03:36.2641058Z Loading safetensors checkpoint shards:  78% Completed | 187/241 [05:31<01:31,  1.70s/it]
2026-03-06T23:03:38.8204209Z (Worker_DP0_TP0_EP0 pid=1242) 
2026-03-06T23:03:38.8204808Z Loading safetensors checkpoint shards:  78% Completed | 188/241 [05:34<01:43,  1.95s/it]
2026-03-06T23:03:39.5102031Z (Worker_DP0_TP0_EP0 pid=1242) 
2026-03-06T23:03:39.5102495Z Loading safetensors checkpoint shards:  78% Completed | 189/241 [05:35<01:21,  1.58s/it]
2026-03-06T23:03:41.5224377Z (Worker_DP0_TP0_EP0 pid=1242) 
2026-03-06T23:03:41.5224887Z Loading safetensors checkpoint shards:  79% Completed | 190/241 [05:37<01:27,  1.71s/it]
2026-03-06T23:03:42.9935304Z (Worker_DP0_TP0_EP0 pid=1242) 
2026-03-06T23:03:42.9935804Z Loading safetensors checkpoint shards:  79% Completed | 191/241 [05:38<01:21,  1.64s/it]
2026-03-06T23:03:46.4425430Z (Worker_DP0_TP0_EP0 pid=1242) 
2026-03-06T23:03:46.4426258Z Loading safetensors checkpoint shards:  80% Completed | 192/241 [05:42<01:46,  2.18s/it]
2026-03-06T23:03:46.6569083Z (Worker_DP0_TP0_EP0 pid=1242) 
2026-03-06T23:03:46.6569576Z Loading safetensors checkpoint shards:  80% Completed | 193/241 [05:42<01:16,  1.59s/it]
2026-03-06T23:03:48.4386558Z (Worker_DP0_TP0_EP0 pid=1242) 
2026-03-06T23:03:48.4387078Z Loading safetensors checkpoint shards:  80% Completed | 194/241 [05:44<01:17,  1.65s/it]
2026-03-06T23:03:50.1334083Z (Worker_DP0_TP0_EP0 pid=1242) 
2026-03-06T23:03:50.1334587Z Loading safetensors checkpoint shards:  81% Completed | 195/241 [05:45<01:16,  1.66s/it]
2026-03-06T23:03:53.2337946Z (Worker_DP0_TP0_EP0 pid=1242) 
2026-03-06T23:03:53.2338397Z Loading safetensors checkpoint shards:  81% Completed | 196/241 [05:48<01:34,  2.09s/it]
2026-03-06T23:03:53.4601341Z (Worker_DP0_TP0_EP0 pid=1242) 
2026-03-06T23:03:53.4601798Z Loading safetensors checkpoint shards:  82% Completed | 197/241 [05:49<01:07,  1.53s/it]
2026-03-06T23:03:55.4743677Z (Worker_DP0_TP0_EP0 pid=1242) 
2026-03-06T23:03:55.4744199Z Loading safetensors checkpoint shards:  82% Completed | 198/241 [05:51<01:12,  1.68s/it]
2026-03-06T23:03:57.1190656Z (Worker_DP0_TP0_EP0 pid=1242) 
2026-03-06T23:03:57.1191162Z Loading safetensors checkpoint shards:  83% Completed | 199/241 [05:52<01:10,  1.67s/it]
2026-03-06T23:04:00.4036171Z (Worker_DP0_TP0_EP0 pid=1242) 
2026-03-06T23:04:00.4036684Z Loading safetensors checkpoint shards:  83% Completed | 200/241 [05:56<01:28,  2.15s/it]
2026-03-06T23:04:00.6145854Z (Worker_DP0_TP0_EP0 pid=1242) 
2026-03-06T23:04:00.6146346Z Loading safetensors checkpoint shards:  83% Completed | 201/241 [05:56<01:02,  1.57s/it]
2026-03-06T23:04:02.4853431Z (Worker_DP0_TP0_EP0 pid=1242) 
2026-03-06T23:04:02.4853940Z Loading safetensors checkpoint shards:  84% Completed | 202/241 [05:58<01:04,  1.66s/it]
2026-03-06T23:04:04.0616795Z (Worker_DP0_TP0_EP0 pid=1242) 
2026-03-06T23:04:04.0617300Z Loading safetensors checkpoint shards:  84% Completed | 203/241 [05:59<01:02,  1.64s/it]
2026-03-06T23:04:07.2758841Z (Worker_DP0_TP0_EP0 pid=1242) 
2026-03-06T23:04:07.2759361Z Loading safetensors checkpoint shards:  85% Completed | 204/241 [06:02<01:18,  2.11s/it]
2026-03-06T23:04:07.4742212Z (Worker_DP0_TP0_EP0 pid=1242) 
2026-03-06T23:04:07.4742676Z Loading safetensors checkpoint shards:  85% Completed | 205/241 [06:03<00:55,  1.54s/it]
2026-03-06T23:04:09.3776995Z (Worker_DP0_TP0_EP0 pid=1242) 
2026-03-06T23:04:09.3777512Z Loading safetensors checkpoint shards:  85% Completed | 206/241 [06:05<00:57,  1.65s/it]
2026-03-06T23:04:11.0017284Z (Worker_DP0_TP0_EP0 pid=1242) 
2026-03-06T23:04:11.0017777Z Loading safetensors checkpoint shards:  86% Completed | 207/241 [06:06<00:55,  1.64s/it]
2026-03-06T23:04:14.2805790Z (Worker_DP0_TP0_EP0 pid=1242) 
2026-03-06T23:04:14.2806233Z Loading safetensors checkpoint shards:  86% Completed | 208/241 [06:09<01:10,  2.13s/it]
2026-03-06T23:04:14.4852520Z (Worker_DP0_TP0_EP0 pid=1242) 
2026-03-06T23:04:14.4852978Z Loading safetensors checkpoint shards:  87% Completed | 209/241 [06:10<00:49,  1.55s/it]
2026-03-06T23:04:16.5075180Z (Worker_DP0_TP0_EP0 pid=1242) 
2026-03-06T23:04:16.5075742Z Loading safetensors checkpoint shards:  87% Completed | 210/241 [06:12<00:52,  1.69s/it]
2026-03-06T23:04:18.0429733Z (Worker_DP0_TP0_EP0 pid=1242) 
2026-03-06T23:04:18.0430409Z Loading safetensors checkpoint shards:  88% Completed | 211/241 [06:13<00:49,  1.65s/it]
2026-03-06T23:04:21.2331586Z (Worker_DP0_TP0_EP0 pid=1242) 
2026-03-06T23:04:21.2332309Z Loading safetensors checkpoint shards:  88% Completed | 212/241 [06:16<01:01,  2.11s/it]
2026-03-06T23:04:21.5064714Z (Worker_DP0_TP0_EP0 pid=1242) 
2026-03-06T23:04:21.5065191Z Loading safetensors checkpoint shards:  88% Completed | 213/241 [06:17<00:43,  1.56s/it]
2026-03-06T23:04:23.5388168Z (Worker_DP0_TP0_EP0 pid=1242) 
2026-03-06T23:04:23.5388681Z Loading safetensors checkpoint shards:  89% Completed | 214/241 [06:19<00:45,  1.70s/it]
2026-03-06T23:04:25.0829421Z (Worker_DP0_TP0_EP0 pid=1242) 
2026-03-06T23:04:25.0830327Z Loading safetensors checkpoint shards:  89% Completed | 215/241 [06:20<00:42,  1.65s/it]
2026-03-06T23:04:28.1095027Z (Worker_DP0_TP0_EP0 pid=1242) 
2026-03-06T23:04:28.1095530Z Loading safetensors checkpoint shards:  90% Completed | 216/241 [06:23<00:51,  2.07s/it]
2026-03-06T23:04:28.4148567Z (Worker_DP0_TP0_EP0 pid=1242) 
2026-03-06T23:04:28.4149027Z Loading safetensors checkpoint shards:  90% Completed | 217/241 [06:24<00:36,  1.54s/it]
2026-03-06T23:04:30.4752984Z (Worker_DP0_TP0_EP0 pid=1242) 
2026-03-06T23:04:30.4753495Z Loading safetensors checkpoint shards:  90% Completed | 218/241 [06:26<00:38,  1.69s/it]
2026-03-06T23:04:32.0640522Z (Worker_DP0_TP0_EP0 pid=1242) 
2026-03-06T23:04:32.0640966Z Loading safetensors checkpoint shards:  91% Completed | 219/241 [06:27<00:36,  1.66s/it]
2026-03-06T23:04:35.1865954Z (Worker_DP0_TP0_EP0 pid=1242) 
2026-03-06T23:04:35.1866513Z Loading safetensors checkpoint shards:  91% Completed | 220/241 [06:30<00:44,  2.10s/it]
2026-03-06T23:04:35.5182249Z (Worker_DP0_TP0_EP0 pid=1242) 
2026-03-06T23:04:35.5182743Z Loading safetensors checkpoint shards:  92% Completed | 221/241 [06:31<00:31,  1.57s/it]
2026-03-06T23:04:37.4887057Z (Worker_DP0_TP0_EP0 pid=1242) 
2026-03-06T23:04:37.4887568Z Loading safetensors checkpoint shards:  92% Completed | 222/241 [06:33<00:32,  1.69s/it]
2026-03-06T23:04:39.1329205Z (Worker_DP0_TP0_EP0 pid=1242) 
2026-03-06T23:04:39.1329713Z Loading safetensors checkpoint shards:  93% Completed | 223/241 [06:34<00:30,  1.68s/it]
2026-03-06T23:04:42.4931542Z (Worker_DP0_TP0_EP0 pid=1242) 
2026-03-06T23:04:42.4932052Z Loading safetensors checkpoint shards:  93% Completed | 224/241 [06:38<00:37,  2.18s/it]
2026-03-06T23:04:42.7026742Z (Worker_DP0_TP0_EP0 pid=1242) 
2026-03-06T23:04:42.7027244Z Loading safetensors checkpoint shards:  93% Completed | 225/241 [06:38<00:25,  1.59s/it]
2026-03-06T23:04:44.5587135Z (Worker_DP0_TP0_EP0 pid=1242) 
2026-03-06T23:04:44.5587634Z Loading safetensors checkpoint shards:  94% Completed | 226/241 [06:40<00:25,  1.67s/it]
2026-03-06T23:04:46.1414521Z (Worker_DP0_TP0_EP0 pid=1242) 
2026-03-06T23:04:46.1415025Z Loading safetensors checkpoint shards:  94% Completed | 227/241 [06:41<00:23,  1.64s/it]
2026-03-06T23:04:49.4536347Z (Worker_DP0_TP0_EP0 pid=1242) 
2026-03-06T23:04:49.4536930Z Loading safetensors checkpoint shards:  95% Completed | 228/241 [06:45<00:27,  2.14s/it]
2026-03-06T23:04:49.6803249Z (Worker_DP0_TP0_EP0 pid=1242) 
2026-03-06T23:04:49.6803760Z Loading safetensors checkpoint shards:  95% Completed | 229/241 [06:45<00:18,  1.57s/it]
2026-03-06T23:04:51.6458436Z (Worker_DP0_TP0_EP0 pid=1242) 
2026-03-06T23:04:51.6458939Z Loading safetensors checkpoint shards:  95% Completed | 230/241 [06:47<00:18,  1.69s/it]
2026-03-06T23:04:53.2277717Z (Worker_DP0_TP0_EP0 pid=1242) 
2026-03-06T23:04:53.2278231Z Loading safetensors checkpoint shards:  96% Completed | 231/241 [06:48<00:16,  1.66s/it]
2026-03-06T23:04:56.4515523Z (Worker_DP0_TP0_EP0 pid=1242) 
2026-03-06T23:04:56.4516054Z Loading safetensors checkpoint shards:  96% Completed | 232/241 [06:52<00:19,  2.13s/it]
2026-03-06T23:04:56.7422064Z (Worker_DP0_TP0_EP0 pid=1242) 
2026-03-06T23:04:56.7422560Z Loading safetensors checkpoint shards:  97% Completed | 233/241 [06:52<00:12,  1.58s/it]
2026-03-06T23:04:58.6262743Z (Worker_DP0_TP0_EP0 pid=1242) 
2026-03-06T23:04:58.6263276Z Loading safetensors checkpoint shards:  97% Completed | 234/241 [06:54<00:11,  1.67s/it]
2026-03-06T23:05:00.1644626Z (Worker_DP0_TP0_EP0 pid=1242) 
2026-03-06T23:05:00.1645136Z Loading safetensors checkpoint shards:  98% Completed | 235/241 [06:55<00:09,  1.63s/it]
2026-03-06T23:05:03.3900921Z (Worker_DP0_TP0_EP0 pid=1242) 
2026-03-06T23:05:03.3901418Z Loading safetensors checkpoint shards:  98% Completed | 236/241 [06:59<00:10,  2.11s/it]
2026-03-06T23:05:03.7557522Z (Worker_DP0_TP0_EP0 pid=1242) 
2026-03-06T23:05:03.7558029Z Loading safetensors checkpoint shards:  98% Completed | 237/241 [06:59<00:06,  1.59s/it]
2026-03-06T23:05:05.6257677Z (Worker_DP0_TP0_EP0 pid=1242) 
2026-03-06T23:05:05.6258615Z Loading safetensors checkpoint shards:  99% Completed | 238/241 [07:01<00:05,  1.67s/it]
2026-03-06T23:05:07.2288443Z (Worker_DP0_TP0_EP0 pid=1242) 
2026-03-06T23:05:07.2288944Z Loading safetensors checkpoint shards:  99% Completed | 239/241 [07:02<00:03,  1.65s/it]
2026-03-06T23:05:08.1518895Z (Worker_DP0_TP0_EP0 pid=1242) 
2026-03-06T23:05:08.1519379Z Loading safetensors checkpoint shards: 100% Completed | 240/241 [07:03<00:01,  1.43s/it]
2026-03-06T23:05:10.0850600Z (Worker_DP0_TP0_EP0 pid=1242) 
2026-03-06T23:05:10.0851101Z Loading safetensors checkpoint shards: 100% Completed | 241/241 [07:05<00:00,  1.58s/it]
2026-03-06T23:05:10.0877057Z (Worker_DP0_TP0_EP0 pid=1242) 
2026-03-06T23:05:10.0877492Z Loading safetensors checkpoint shards: 100% Completed | 241/241 [07:05<00:00,  1.77s/it]
2026-03-06T23:05:10.0885762Z (Worker_DP0_TP0_EP0 pid=1242) 
2026-03-06T23:05:10.1120103Z (Worker_DP1_TP0_EP8 pid=1243) INFO 03-06 23:05:10 [default_loader.py:293] Loading weights took 425.58 seconds
2026-03-06T23:05:10.1700697Z (Worker_DP0_TP0_EP0 pid=1242) INFO 03-06 23:05:10 [default_loader.py:293] Loading weights took 425.84 seconds
2026-03-06T23:05:25.5182961Z INFO 03-06 23:05:25 [__init__.py:43] Available plugins for group vllm.platform_plugins:
2026-03-06T23:05:25.5190253Z INFO 03-06 23:05:25 [__init__.py:45] - ascend -> vllm_ascend:register
2026-03-06T23:05:25.5199319Z INFO 03-06 23:05:25 [__init__.py:48] All plugins in this group will be loaded. Set `VLLM_PLUGINS` to control which plugins to load.
2026-03-06T23:05:25.5238057Z INFO 03-06 23:05:25 [__init__.py:43] Available plugins for group vllm.platform_plugins:
2026-03-06T23:05:25.5246405Z INFO 03-06 23:05:25 [__init__.py:45] - ascend -> vllm_ascend:register
2026-03-06T23:05:25.5255011Z INFO 03-06 23:05:25 [__init__.py:48] All plugins in this group will be loaded. Set `VLLM_PLUGINS` to control which plugins to load.
2026-03-06T23:05:25.5263708Z INFO 03-06 23:05:25 [__init__.py:43] Available plugins for group vllm.platform_plugins:
2026-03-06T23:05:25.5272478Z INFO 03-06 23:05:25 [__init__.py:45] - ascend -> vllm_ascend:register
2026-03-06T23:05:25.5281869Z INFO 03-06 23:05:25 [__init__.py:48] All plugins in this group will be loaded. Set `VLLM_PLUGINS` to control which plugins to load.
2026-03-06T23:05:25.5290691Z INFO 03-06 23:05:25 [__init__.py:43] Available plugins for group vllm.platform_plugins:
2026-03-06T23:05:25.5299412Z INFO 03-06 23:05:25 [__init__.py:45] - ascend -> vllm_ascend:register
2026-03-06T23:05:25.5308364Z INFO 03-06 23:05:25 [__init__.py:48] All plugins in this group will be loaded. Set `VLLM_PLUGINS` to control which plugins to load.
2026-03-06T23:05:25.5316218Z INFO 03-06 23:05:25 [__init__.py:43] Available plugins for group vllm.platform_plugins:
2026-03-06T23:05:25.5325274Z INFO 03-06 23:05:25 [__init__.py:43] Available plugins for group vllm.platform_plugins:
2026-03-06T23:05:25.5333977Z INFO 03-06 23:05:25 [__init__.py:45] - ascend -> vllm_ascend:register
2026-03-06T23:05:25.5342818Z INFO 03-06 23:05:25 [__init__.py:45] - ascend -> vllm_ascend:register
2026-03-06T23:05:25.5351265Z INFO 03-06 23:05:25 [__init__.py:48] All plugins in this group will be loaded. Set `VLLM_PLUGINS` to control which plugins to load.
2026-03-06T23:05:25.5359998Z INFO 03-06 23:05:25 [__init__.py:48] All plugins in this group will be loaded. Set `VLLM_PLUGINS` to control which plugins to load.
2026-03-06T23:05:25.5368761Z INFO 03-06 23:05:25 [__init__.py:43] Available plugins for group vllm.platform_plugins:
2026-03-06T23:05:25.5377110Z INFO 03-06 23:05:25 [__init__.py:45] - ascend -> vllm_ascend:register
2026-03-06T23:05:25.5385930Z INFO 03-06 23:05:25 [__init__.py:48] All plugins in this group will be loaded. Set `VLLM_PLUGINS` to control which plugins to load.
2026-03-06T23:05:25.5394005Z INFO 03-06 23:05:25 [__init__.py:43] Available plugins for group vllm.platform_plugins:
2026-03-06T23:05:25.5402157Z INFO 03-06 23:05:25 [__init__.py:45] - ascend -> vllm_ascend:register
2026-03-06T23:05:25.5411128Z INFO 03-06 23:05:25 [__init__.py:48] All plugins in this group will be loaded. Set `VLLM_PLUGINS` to control which plugins to load.
2026-03-06T23:05:25.5419349Z INFO 03-06 23:05:25 [__init__.py:43] Available plugins for group vllm.platform_plugins:
2026-03-06T23:05:25.5428024Z INFO 03-06 23:05:25 [__init__.py:45] - ascend -> vllm_ascend:register
2026-03-06T23:05:25.5437188Z INFO 03-06 23:05:25 [__init__.py:48] All plugins in this group will be loaded. Set `VLLM_PLUGINS` to control which plugins to load.
2026-03-06T23:05:25.5445279Z INFO 03-06 23:05:25 [__init__.py:43] Available plugins for group vllm.platform_plugins:
2026-03-06T23:05:25.5453506Z INFO 03-06 23:05:25 [__init__.py:45] - ascend -> vllm_ascend:register
2026-03-06T23:05:25.5462116Z INFO 03-06 23:05:25 [__init__.py:48] All plugins in this group will be loaded. Set `VLLM_PLUGINS` to control which plugins to load.
2026-03-06T23:05:25.5470604Z INFO 03-06 23:05:25 [__init__.py:43] Available plugins for group vllm.platform_plugins:
2026-03-06T23:05:25.5478199Z INFO 03-06 23:05:25 [__init__.py:45] - ascend -> vllm_ascend:register
2026-03-06T23:05:25.5486923Z INFO 03-06 23:05:25 [__init__.py:48] All plugins in this group will be loaded. Set `VLLM_PLUGINS` to control which plugins to load.
2026-03-06T23:05:25.5494736Z INFO 03-06 23:05:25 [__init__.py:43] Available plugins for group vllm.platform_plugins:
2026-03-06T23:05:25.5503344Z INFO 03-06 23:05:25 [__init__.py:45] - ascend -> vllm_ascend:register
2026-03-06T23:05:25.5511431Z INFO 03-06 23:05:25 [__init__.py:48] All plugins in this group will be loaded. Set `VLLM_PLUGINS` to control which plugins to load.
2026-03-06T23:05:25.5519819Z INFO 03-06 23:05:25 [__init__.py:212] Platform plugin ascend is activated
2026-03-06T23:05:25.5528227Z INFO 03-06 23:05:25 [__init__.py:212] Platform plugin ascend is activated
2026-03-06T23:05:25.5536468Z INFO 03-06 23:05:25 [__init__.py:212] Platform plugin ascend is activated
2026-03-06T23:05:25.5544224Z INFO 03-06 23:05:25 [__init__.py:212] Platform plugin ascend is activated
2026-03-06T23:05:25.5552566Z INFO 03-06 23:05:25 [__init__.py:212] Platform plugin ascend is activated
2026-03-06T23:05:25.5561084Z INFO 03-06 23:05:25 [__init__.py:212] Platform plugin ascend is activated
2026-03-06T23:05:25.5569413Z INFO 03-06 23:05:25 [__init__.py:212] Platform plugin ascend is activated
2026-03-06T23:05:25.5577346Z INFO 03-06 23:05:25 [__init__.py:212] Platform plugin ascend is activated
2026-03-06T23:05:25.5585700Z INFO 03-06 23:05:25 [__init__.py:212] Platform plugin ascend is activated
2026-03-06T23:05:25.5593975Z INFO 03-06 23:05:25 [__init__.py:212] Platform plugin ascend is activated
2026-03-06T23:05:25.5601740Z INFO 03-06 23:05:25 [__init__.py:212] Platform plugin ascend is activated
2026-03-06T23:05:25.5610613Z INFO 03-06 23:05:25 [__init__.py:212] Platform plugin ascend is activated
2026-03-06T23:05:25.5956665Z INFO 03-06 23:05:25 [__init__.py:43] Available plugins for group vllm.platform_plugins:
2026-03-06T23:05:25.5964662Z INFO 03-06 23:05:25 [__init__.py:45] - ascend -> vllm_ascend:register
2026-03-06T23:05:25.5973119Z INFO 03-06 23:05:25 [__init__.py:48] All plugins in this group will be loaded. Set `VLLM_PLUGINS` to control which plugins to load.
2026-03-06T23:05:25.6015264Z INFO 03-06 23:05:25 [__init__.py:43] Available plugins for group vllm.platform_plugins:
2026-03-06T23:05:25.6023196Z INFO 03-06 23:05:25 [__init__.py:45] - ascend -> vllm_ascend:register
2026-03-06T23:05:25.6031507Z INFO 03-06 23:05:25 [__init__.py:48] All plugins in this group will be loaded. Set `VLLM_PLUGINS` to control which plugins to load.
2026-03-06T23:05:25.6059033Z INFO 03-06 23:05:25 [__init__.py:212] Platform plugin ascend is activated
2026-03-06T23:05:25.6067662Z INFO 03-06 23:05:25 [__init__.py:212] Platform plugin ascend is activated
2026-03-06T23:05:25.6945500Z INFO 03-06 23:05:25 [__init__.py:43] Available plugins for group vllm.platform_plugins:
2026-03-06T23:05:25.6953298Z INFO 03-06 23:05:25 [__init__.py:43] Available plugins for group vllm.platform_plugins:
2026-03-06T23:05:25.6961248Z INFO 03-06 23:05:25 [__init__.py:45] - ascend -> vllm_ascend:register
2026-03-06T23:05:25.6970134Z INFO 03-06 23:05:25 [__init__.py:45] - ascend -> vllm_ascend:register
2026-03-06T23:05:25.6978569Z INFO 03-06 23:05:25 [__init__.py:48] All plugins in this group will be loaded. Set `VLLM_PLUGINS` to control which plugins to load.
2026-03-06T23:05:25.6987175Z INFO 03-06 23:05:25 [__init__.py:48] All plugins in this group will be loaded. Set `VLLM_PLUGINS` to control which plugins to load.
2026-03-06T23:05:25.7032439Z INFO 03-06 23:05:25 [__init__.py:212] Platform plugin ascend is activated
2026-03-06T23:05:25.7040748Z INFO 03-06 23:05:25 [__init__.py:212] Platform plugin ascend is activated
2026-03-06T23:05:52.0002289Z (Worker_DP0_TP5_EP5 pid=4346) INFO 03-06 23:05:51 [model_runner_v1.py:2438] Loading model weights took 32.5601 GB
2026-03-06T23:05:52.0031258Z (Worker_DP0_TP1_EP1 pid=2054) INFO 03-06 23:05:51 [model_runner_v1.py:2438] Loading model weights took 32.5601 GB
2026-03-06T23:05:52.0357700Z (Worker_DP0_TP4_EP4 pid=3725) INFO 03-06 23:05:52 [model_runner_v1.py:2438] Loading model weights took 32.5601 GB
2026-03-06T23:05:52.2220463Z (Worker_DP0_TP6_EP6 pid=4902) INFO 03-06 23:05:52 [model_runner_v1.py:2438] Loading model weights took 32.5601 GB
2026-03-06T23:05:52.5779988Z (Worker_DP1_TP2_EP10 pid=2615) INFO 03-06 23:05:52 [model_runner_v1.py:2438] Loading model weights took 32.5601 GB
2026-03-06T23:05:52.7451925Z (Worker_DP1_TP4_EP12 pid=3724) INFO 03-06 23:05:52 [model_runner_v1.py:2438] Loading model weights took 32.5601 GB
2026-03-06T23:05:52.8543735Z (Worker_DP0_TP0_EP0 pid=1242) INFO 03-06 23:05:52 [model_runner_v1.py:2438] Loading model weights took 32.5601 GB
2026-03-06T23:05:52.8581514Z (Worker_DP1_TP1_EP9 pid=2120) INFO 03-06 23:05:52 [model_runner_v1.py:2438] Loading model weights took 32.5601 GB
2026-03-06T23:05:52.8591203Z (Worker_DP1_TP3_EP11 pid=3170) INFO 03-06 23:05:52 [model_runner_v1.py:2438] Loading model weights took 32.5601 GB
2026-03-06T23:05:52.9206110Z (Worker_DP0_TP3_EP3 pid=3168) INFO 03-06 23:05:52 [model_runner_v1.py:2438] Loading model weights took 32.5601 GB
2026-03-06T23:05:52.9858137Z (Worker_DP1_TP6_EP14 pid=4836) INFO 03-06 23:05:52 [model_runner_v1.py:2438] Loading model weights took 32.5601 GB
2026-03-06T23:05:52.9971255Z (Worker_DP0_TP7_EP7 pid=5395) INFO 03-06 23:05:52 [model_runner_v1.py:2438] Loading model weights took 32.5601 GB
2026-03-06T23:05:53.0536920Z (Worker_DP1_TP7_EP15 pid=5392) INFO 03-06 23:05:53 [model_runner_v1.py:2438] Loading model weights took 32.5601 GB
2026-03-06T23:05:53.0629320Z (Worker_DP0_TP2_EP2 pid=2612) INFO 03-06 23:05:53 [model_runner_v1.py:2438] Loading model weights took 32.5601 GB
2026-03-06T23:05:53.1085979Z (Worker_DP1_TP0_EP8 pid=1243) INFO 03-06 23:05:53 [model_runner_v1.py:2438] Loading model weights took 32.5601 GB
2026-03-06T23:05:53.1975653Z (Worker_DP1_TP5_EP13 pid=4280) INFO 03-06 23:05:53 [model_runner_v1.py:2438] Loading model weights took 32.5601 GB
2026-03-06T23:06:00.9477031Z (Worker_DP1_TP0_EP8 pid=1243) INFO 03-06 23:06:00 [backends.py:916] Using cache directory: /root/.cache/vllm/torch_compile_cache/b72be2d9e7/rank_0_1/backbone for vLLM's torch.compile
2026-03-06T23:06:00.9677297Z (Worker_DP1_TP0_EP8 pid=1243) INFO 03-06 23:06:00 [backends.py:976] Dynamo bytecode transform time: 4.62 s
2026-03-06T23:06:00.9729365Z (Worker_DP0_TP0_EP0 pid=1242) INFO 03-06 23:06:00 [backends.py:916] Using cache directory: /root/.cache/vllm/torch_compile_cache/b72be2d9e7/rank_0_0/backbone for vLLM's torch.compile
2026-03-06T23:06:00.9819933Z (Worker_DP0_TP0_EP0 pid=1242) INFO 03-06 23:06:00 [backends.py:976] Dynamo bytecode transform time: 4.64 s
2026-03-06T23:06:07.3872432Z (Worker_DP0_TP0_EP0 pid=1242) /usr/local/python3.11.14/lib/python3.11/site-packages/torch_npu/dynamo/torchair/configs/compiler_config.py:106: UserWarning: The following torchair config or properties may not take effect or report error in reduce-overhead mode: config.experimental_config.enable_view_optimize:True, set_dim_gears, dynamo_export, scope, npu_print
2026-03-06T23:06:07.3878669Z (Worker_DP0_TP0_EP0 pid=1242)   warnings.warn(
2026-03-06T23:06:07.4094302Z (Worker_DP0_TP1_EP1 pid=2054) /usr/local/python3.11.14/lib/python3.11/site-packages/torch_npu/dynamo/torchair/configs/compiler_config.py:106: UserWarning: The following torchair config or properties may not take effect or report error in reduce-overhead mode: config.experimental_config.enable_view_optimize:True, set_dim_gears, dynamo_export, scope, npu_print
2026-03-06T23:06:07.4101284Z (Worker_DP0_TP1_EP1 pid=2054)   warnings.warn(
2026-03-06T23:06:07.6836175Z (Worker_DP1_TP7_EP15 pid=5392) /usr/local/python3.11.14/lib/python3.11/site-packages/torch_npu/dynamo/torchair/configs/compiler_config.py:106: UserWarning: The following torchair config or properties may not take effect or report error in reduce-overhead mode: config.experimental_config.enable_view_optimize:True, set_dim_gears, dynamo_export, scope, npu_print
2026-03-06T23:06:07.6842540Z (Worker_DP1_TP7_EP15 pid=5392)   warnings.warn(
2026-03-06T23:06:07.7696753Z (Worker_DP0_TP6_EP6 pid=4902) /usr/local/python3.11.14/lib/python3.11/site-packages/torch_npu/dynamo/torchair/configs/compiler_config.py:106: UserWarning: The following torchair config or properties may not take effect or report error in reduce-overhead mode: config.experimental_config.enable_view_optimize:True, set_dim_gears, dynamo_export, scope, npu_print
2026-03-06T23:06:07.7703481Z (Worker_DP0_TP6_EP6 pid=4902)   warnings.warn(
2026-03-06T23:06:07.7909532Z (Worker_DP0_TP3_EP3 pid=3168) /usr/local/python3.11.14/lib/python3.11/site-packages/torch_npu/dynamo/torchair/configs/compiler_config.py:106: UserWarning: The following torchair config or properties may not take effect or report error in reduce-overhead mode: config.experimental_config.enable_view_optimize:True, set_dim_gears, dynamo_export, scope, npu_print
2026-03-06T23:06:07.7916776Z (Worker_DP0_TP3_EP3 pid=3168)   warnings.warn(
2026-03-06T23:06:07.7959507Z (Worker_DP0_TP5_EP5 pid=4346) /usr/local/python3.11.14/lib/python3.11/site-packages/torch_npu/dynamo/torchair/configs/compiler_config.py:106: UserWarning: The following torchair config or properties may not take effect or report error in reduce-overhead mode: config.experimental_config.enable_view_optimize:True, set_dim_gears, dynamo_export, scope, npu_print
2026-03-06T23:06:07.7966331Z (Worker_DP0_TP5_EP5 pid=4346)   warnings.warn(
2026-03-06T23:06:07.7992468Z (Worker_DP1_TP0_EP8 pid=1243) /usr/local/python3.11.14/lib/python3.11/site-packages/torch_npu/dynamo/torchair/configs/compiler_config.py:106: UserWarning: The following torchair config or properties may not take effect or report error in reduce-overhead mode: config.experimental_config.enable_view_optimize:True, set_dim_gears, dynamo_export, scope, npu_print
2026-03-06T23:06:07.7999686Z (Worker_DP1_TP0_EP8 pid=1243)   warnings.warn(
2026-03-06T23:06:07.8013942Z (Worker_DP1_TP5_EP13 pid=4280) /usr/local/python3.11.14/lib/python3.11/site-packages/torch_npu/dynamo/torchair/configs/compiler_config.py:106: UserWarning: The following torchair config or properties may not take effect or report error in reduce-overhead mode: config.experimental_config.enable_view_optimize:True, set_dim_gears, dynamo_export, scope, npu_print
2026-03-06T23:06:07.8021657Z (Worker_DP1_TP5_EP13 pid=4280)   warnings.warn(
2026-03-06T23:06:07.8133661Z (Worker_DP0_TP4_EP4 pid=3725) /usr/local/python3.11.14/lib/python3.11/site-packages/torch_npu/dynamo/torchair/configs/compiler_config.py:106: UserWarning: The following torchair config or properties may not take effect or report error in reduce-overhead mode: config.experimental_config.enable_view_optimize:True, set_dim_gears, dynamo_export, scope, npu_print
2026-03-06T23:06:07.8140875Z (Worker_DP0_TP4_EP4 pid=3725)   warnings.warn(
2026-03-06T23:06:07.8234793Z (Worker_DP0_TP7_EP7 pid=5395) /usr/local/python3.11.14/lib/python3.11/site-packages/torch_npu/dynamo/torchair/configs/compiler_config.py:106: UserWarning: The following torchair config or properties may not take effect or report error in reduce-overhead mode: config.experimental_config.enable_view_optimize:True, set_dim_gears, dynamo_export, scope, npu_print
2026-03-06T23:06:07.8241683Z (Worker_DP0_TP7_EP7 pid=5395)   warnings.warn(
2026-03-06T23:06:07.8542273Z (Worker_DP1_TP6_EP14 pid=4836) /usr/local/python3.11.14/lib/python3.11/site-packages/torch_npu/dynamo/torchair/configs/compiler_config.py:106: UserWarning: The following torchair config or properties may not take effect or report error in reduce-overhead mode: config.experimental_config.enable_view_optimize:True, set_dim_gears, dynamo_export, scope, npu_print
2026-03-06T23:06:07.8549133Z (Worker_DP1_TP6_EP14 pid=4836)   warnings.warn(
2026-03-06T23:06:07.8728753Z (Worker_DP1_TP4_EP12 pid=3724) /usr/local/python3.11.14/lib/python3.11/site-packages/torch_npu/dynamo/torchair/configs/compiler_config.py:106: UserWarning: The following torchair config or properties may not take effect or report error in reduce-overhead mode: config.experimental_config.enable_view_optimize:True, set_dim_gears, dynamo_export, scope, npu_print
2026-03-06T23:06:07.8735777Z (Worker_DP1_TP4_EP12 pid=3724)   warnings.warn(
2026-03-06T23:06:08.0324935Z (Worker_DP0_TP2_EP2 pid=2612) /usr/local/python3.11.14/lib/python3.11/site-packages/torch_npu/dynamo/torchair/configs/compiler_config.py:106: UserWarning: The following torchair config or properties may not take effect or report error in reduce-overhead mode: config.experimental_config.enable_view_optimize:True, set_dim_gears, dynamo_export, scope, npu_print
2026-03-06T23:06:08.0331882Z (Worker_DP0_TP2_EP2 pid=2612)   warnings.warn(
2026-03-06T23:06:08.0594411Z (Worker_DP1_TP2_EP10 pid=2615) /usr/local/python3.11.14/lib/python3.11/site-packages/torch_npu/dynamo/torchair/configs/compiler_config.py:106: UserWarning: The following torchair config or properties may not take effect or report error in reduce-overhead mode: config.experimental_config.enable_view_optimize:True, set_dim_gears, dynamo_export, scope, npu_print
2026-03-06T23:06:08.0601218Z (Worker_DP1_TP2_EP10 pid=2615)   warnings.warn(
2026-03-06T23:06:08.1454529Z (Worker_DP1_TP1_EP9 pid=2120) /usr/local/python3.11.14/lib/python3.11/site-packages/torch_npu/dynamo/torchair/configs/compiler_config.py:106: UserWarning: The following torchair config or properties may not take effect or report error in reduce-overhead mode: config.experimental_config.enable_view_optimize:True, set_dim_gears, dynamo_export, scope, npu_print
2026-03-06T23:06:08.1461554Z (Worker_DP1_TP1_EP9 pid=2120)   warnings.warn(
2026-03-06T23:06:08.1974876Z (Worker_DP1_TP3_EP11 pid=3170) /usr/local/python3.11.14/lib/python3.11/site-packages/torch_npu/dynamo/torchair/configs/compiler_config.py:106: UserWarning: The following torchair config or properties may not take effect or report error in reduce-overhead mode: config.experimental_config.enable_view_optimize:True, set_dim_gears, dynamo_export, scope, npu_print
2026-03-06T23:06:08.1982384Z (Worker_DP1_TP3_EP11 pid=3170)   warnings.warn(
2026-03-06T23:06:08.8235552Z (Worker_DP0_TP4_EP4 pid=3725) /usr/local/python3.11.14/lib/python3.11/site-packages/torch_npu/dynamo/torchair/configs/compiler_config.py:106: UserWarning: The following torchair config or properties may not take effect or report error in reduce-overhead mode: config.experimental_config.enable_view_optimize:True, set_dim_gears, dynamo_export, scope, npu_print
2026-03-06T23:06:08.8242147Z (Worker_DP0_TP4_EP4 pid=3725)   warnings.warn(
2026-03-06T23:06:08.8252956Z (Worker_DP0_TP7_EP7 pid=5395) /usr/local/python3.11.14/lib/python3.11/site-packages/torch_npu/dynamo/torchair/configs/compiler_config.py:106: UserWarning: The following torchair config or properties may not take effect or report error in reduce-overhead mode: config.experimental_config.enable_view_optimize:True, set_dim_gears, dynamo_export, scope, npu_print
2026-03-06T23:06:08.8262424Z (Worker_DP0_TP5_EP5 pid=4346) /usr/local/python3.11.14/lib/python3.11/site-packages/torch_npu/dynamo/torchair/configs/compiler_config.py:106: UserWarning: The following torchair config or properties may not take effect or report error in reduce-overhead mode: config.experimental_config.enable_view_optimize:True, set_dim_gears, dynamo_export, scope, npu_print
2026-03-06T23:06:08.8270527Z (Worker_DP0_TP7_EP7 pid=5395)   warnings.warn(
2026-03-06T23:06:08.8278889Z (Worker_DP0_TP5_EP5 pid=4346)   warnings.warn(
2026-03-06T23:06:08.8289273Z (Worker_DP0_TP1_EP1 pid=2054) /usr/local/python3.11.14/lib/python3.11/site-packages/torch_npu/dynamo/torchair/configs/compiler_config.py:106: UserWarning: The following torchair config or properties may not take effect or report error in reduce-overhead mode: config.experimental_config.enable_view_optimize:True, set_dim_gears, dynamo_export, scope, npu_print
2026-03-06T23:06:08.8298261Z (Worker_DP0_TP2_EP2 pid=2612) /usr/local/python3.11.14/lib/python3.11/site-packages/torch_npu/dynamo/torchair/configs/compiler_config.py:106: UserWarning: The following torchair config or properties may not take effect or report error in reduce-overhead mode: config.experimental_config.enable_view_optimize:True, set_dim_gears, dynamo_export, scope, npu_print
2026-03-06T23:06:08.8306103Z (Worker_DP0_TP1_EP1 pid=2054)   warnings.warn(
2026-03-06T23:06:08.8316778Z (Worker_DP0_TP6_EP6 pid=4902) /usr/local/python3.11.14/lib/python3.11/site-packages/torch_npu/dynamo/torchair/configs/compiler_config.py:106: UserWarning: The following torchair config or properties may not take effect or report error in reduce-overhead mode: config.experimental_config.enable_view_optimize:True, set_dim_gears, dynamo_export, scope, npu_print
2026-03-06T23:06:08.8323988Z (Worker_DP0_TP2_EP2 pid=2612)   warnings.warn(
2026-03-06T23:06:08.8332320Z (Worker_DP0_TP6_EP6 pid=4902)   warnings.warn(
2026-03-06T23:06:08.8343182Z (Worker_DP0_TP3_EP3 pid=3168) /usr/local/python3.11.14/lib/python3.11/site-packages/torch_npu/dynamo/torchair/configs/compiler_config.py:106: UserWarning: The following torchair config or properties may not take effect or report error in reduce-overhead mode: config.experimental_config.enable_view_optimize:True, set_dim_gears, dynamo_export, scope, npu_print
2026-03-06T23:06:08.8350637Z (Worker_DP0_TP3_EP3 pid=3168)   warnings.warn(
2026-03-06T23:06:08.8361076Z (Worker_DP0_TP0_EP0 pid=1242) /usr/local/python3.11.14/lib/python3.11/site-packages/torch_npu/dynamo/torchair/configs/compiler_config.py:106: UserWarning: The following torchair config or properties may not take effect or report error in reduce-overhead mode: config.experimental_config.enable_view_optimize:True, set_dim_gears, dynamo_export, scope, npu_print
2026-03-06T23:06:08.8368853Z (Worker_DP0_TP0_EP0 pid=1242)   warnings.warn(
2026-03-06T23:06:08.9862925Z (Worker_DP1_TP1_EP9 pid=2120) /usr/local/python3.11.14/lib/python3.11/site-packages/torch_npu/dynamo/torchair/configs/compiler_config.py:106: UserWarning: The following torchair config or properties may not take effect or report error in reduce-overhead mode: config.experimental_config.enable_view_optimize:True, set_dim_gears, dynamo_export, scope, npu_print
2026-03-06T23:06:08.9869740Z (Worker_DP1_TP1_EP9 pid=2120)   warnings.warn(
2026-03-06T23:06:08.9879815Z (Worker_DP1_TP0_EP8 pid=1243) /usr/local/python3.11.14/lib/python3.11/site-packages/torch_npu/dynamo/torchair/configs/compiler_config.py:106: UserWarning: The following torchair config or properties may not take effect or report error in reduce-overhead mode: config.experimental_config.enable_view_optimize:True, set_dim_gears, dynamo_export, scope, npu_print
2026-03-06T23:06:08.9886844Z (Worker_DP1_TP0_EP8 pid=1243)   warnings.warn(
2026-03-06T23:06:08.9897384Z (Worker_DP1_TP5_EP13 pid=4280) /usr/local/python3.11.14/lib/python3.11/site-packages/torch_npu/dynamo/torchair/configs/compiler_config.py:106: UserWarning: The following torchair config or properties may not take effect or report error in reduce-overhead mode: config.experimental_config.enable_view_optimize:True, set_dim_gears, dynamo_export, scope, npu_print
2026-03-06T23:06:08.9907112Z (Worker_DP1_TP6_EP14 pid=4836) /usr/local/python3.11.14/lib/python3.11/site-packages/torch_npu/dynamo/torchair/configs/compiler_config.py:106: UserWarning: The following torchair config or properties may not take effect or report error in reduce-overhead mode: config.experimental_config.enable_view_optimize:True, set_dim_gears, dynamo_export, scope, npu_print
2026-03-06T23:06:08.9915840Z (Worker_DP1_TP4_EP12 pid=3724) /usr/local/python3.11.14/lib/python3.11/site-packages/torch_npu/dynamo/torchair/configs/compiler_config.py:106: UserWarning: The following torchair config or properties may not take effect or report error in reduce-overhead mode: config.experimental_config.enable_view_optimize:True, set_dim_gears, dynamo_export, scope, npu_print
2026-03-06T23:06:08.9922887Z (Worker_DP1_TP5_EP13 pid=4280)   warnings.warn(
2026-03-06T23:06:08.9930997Z (Worker_DP1_TP6_EP14 pid=4836)   warnings.warn(
2026-03-06T23:06:08.9939562Z (Worker_DP1_TP4_EP12 pid=3724)   warnings.warn(
2026-03-06T23:06:08.9950155Z (Worker_DP1_TP2_EP10 pid=2615) /usr/local/python3.11.14/lib/python3.11/site-packages/torch_npu/dynamo/torchair/configs/compiler_config.py:106: UserWarning: The following torchair config or properties may not take effect or report error in reduce-overhead mode: config.experimental_config.enable_view_optimize:True, set_dim_gears, dynamo_export, scope, npu_print
2026-03-06T23:06:08.9958108Z (Worker_DP1_TP2_EP10 pid=2615)   warnings.warn(
2026-03-06T23:06:08.9968186Z (Worker_DP1_TP3_EP11 pid=3170) /usr/local/python3.11.14/lib/python3.11/site-packages/torch_npu/dynamo/torchair/configs/compiler_config.py:106: UserWarning: The following torchair config or properties may not take effect or report error in reduce-overhead mode: config.experimental_config.enable_view_optimize:True, set_dim_gears, dynamo_export, scope, npu_print
2026-03-06T23:06:08.9975457Z (Worker_DP1_TP3_EP11 pid=3170)   warnings.warn(
2026-03-06T23:06:08.9985264Z (Worker_DP1_TP7_EP15 pid=5392) /usr/local/python3.11.14/lib/python3.11/site-packages/torch_npu/dynamo/torchair/configs/compiler_config.py:106: UserWarning: The following torchair config or properties may not take effect or report error in reduce-overhead mode: config.experimental_config.enable_view_optimize:True, set_dim_gears, dynamo_export, scope, npu_print
2026-03-06T23:06:08.9992918Z (Worker_DP1_TP7_EP15 pid=5392)   warnings.warn(
2026-03-06T23:06:09.1972933Z (Worker_DP0_TP6_EP6 pid=4902) /usr/local/python3.11.14/lib/python3.11/site-packages/torch_npu/dynamo/torchair/configs/compiler_config.py:106: UserWarning: The following torchair config or properties may not take effect or report error in reduce-overhead mode: config.experimental_config.enable_view_optimize:True, set_dim_gears, dynamo_export, scope, npu_print
2026-03-06T23:06:09.1981801Z (Worker_DP0_TP4_EP4 pid=3725) /usr/local/python3.11.14/lib/python3.11/site-packages/torch_npu/dynamo/torchair/configs/compiler_config.py:106: UserWarning: The following torchair config or properties may not take effect or report error in reduce-overhead mode: config.experimental_config.enable_view_optimize:True, set_dim_gears, dynamo_export, scope, npu_print
2026-03-06T23:06:09.1990782Z (Worker_DP0_TP7_EP7 pid=5395) /usr/local/python3.11.14/lib/python3.11/site-packages/torch_npu/dynamo/torchair/configs/compiler_config.py:106: UserWarning: The following torchair config or properties may not take effect or report error in reduce-overhead mode: config.experimental_config.enable_view_optimize:True, set_dim_gears, dynamo_export, scope, npu_print
2026-03-06T23:06:09.2000671Z (Worker_DP0_TP5_EP5 pid=4346) /usr/local/python3.11.14/lib/python3.11/site-packages/torch_npu/dynamo/torchair/configs/compiler_config.py:106: UserWarning: The following torchair config or properties may not take effect or report error in reduce-overhead mode: config.experimental_config.enable_view_optimize:True, set_dim_gears, dynamo_export, scope, npu_print
2026-03-06T23:06:09.2008002Z (Worker_DP0_TP6_EP6 pid=4902)   warnings.warn(
2026-03-06T23:06:09.2016389Z (Worker_DP0_TP4_EP4 pid=3725)   warnings.warn(
2026-03-06T23:06:09.2024699Z (Worker_DP0_TP5_EP5 pid=4346)   warnings.warn(
2026-03-06T23:06:09.2033769Z (Worker_DP0_TP7_EP7 pid=5395)   warnings.warn(
2026-03-06T23:06:09.2044575Z (Worker_DP0_TP1_EP1 pid=2054) /usr/local/python3.11.14/lib/python3.11/site-packages/torch_npu/dynamo/torchair/configs/compiler_config.py:106: UserWarning: The following torchair config or properties may not take effect or report error in reduce-overhead mode: config.experimental_config.enable_view_optimize:True, set_dim_gears, dynamo_export, scope, npu_print
2026-03-06T23:06:09.2053339Z (Worker_DP0_TP0_EP0 pid=1242) /usr/local/python3.11.14/lib/python3.11/site-packages/torch_npu/dynamo/torchair/configs/compiler_config.py:106: UserWarning: The following torchair config or properties may not take effect or report error in reduce-overhead mode: config.experimental_config.enable_view_optimize:True, set_dim_gears, dynamo_export, scope, npu_print
2026-03-06T23:06:09.2060457Z (Worker_DP0_TP0_EP0 pid=1242)   warnings.warn(
2026-03-06T23:06:09.2068553Z (Worker_DP0_TP1_EP1 pid=2054)   warnings.warn(
2026-03-06T23:06:09.2079390Z (Worker_DP0_TP2_EP2 pid=2612) /usr/local/python3.11.14/lib/python3.11/site-packages/torch_npu/dynamo/torchair/configs/compiler_config.py:106: UserWarning: The following torchair config or properties may not take effect or report error in reduce-overhead mode: config.experimental_config.enable_view_optimize:True, set_dim_gears, dynamo_export, scope, npu_print
2026-03-06T23:06:09.2086317Z (Worker_DP0_TP2_EP2 pid=2612)   warnings.warn(
2026-03-06T23:06:09.2096473Z (Worker_DP0_TP3_EP3 pid=3168) /usr/local/python3.11.14/lib/python3.11/site-packages/torch_npu/dynamo/torchair/configs/compiler_config.py:106: UserWarning: The following torchair config or properties may not take effect or report error in reduce-overhead mode: config.experimental_config.enable_view_optimize:True, set_dim_gears, dynamo_export, scope, npu_print
2026-03-06T23:06:09.2103370Z (Worker_DP0_TP3_EP3 pid=3168)   warnings.warn(
2026-03-06T23:06:09.4184646Z (Worker_DP1_TP1_EP9 pid=2120) /usr/local/python3.11.14/lib/python3.11/site-packages/torch_npu/dynamo/torchair/configs/compiler_config.py:106: UserWarning: The following torchair config or properties may not take effect or report error in reduce-overhead mode: config.experimental_config.enable_view_optimize:True, set_dim_gears, dynamo_export, scope, npu_print
2026-03-06T23:06:09.4191280Z (Worker_DP1_TP1_EP9 pid=2120)   warnings.warn(
2026-03-06T23:06:09.4202281Z (Worker_DP1_TP0_EP8 pid=1243) /usr/local/python3.11.14/lib/python3.11/site-packages/torch_npu/dynamo/torchair/configs/compiler_config.py:106: UserWarning: The following torchair config or properties may not take effect or report error in reduce-overhead mode: config.experimental_config.enable_view_optimize:True, set_dim_gears, dynamo_export, scope, npu_print
2026-03-06T23:06:09.4212447Z (Worker_DP1_TP5_EP13 pid=4280) /usr/local/python3.11.14/lib/python3.11/site-packages/torch_npu/dynamo/torchair/configs/compiler_config.py:106: UserWarning: The following torchair config or properties may not take effect or report error in reduce-overhead mode: config.experimental_config.enable_view_optimize:True, set_dim_gears, dynamo_export, scope, npu_print
2026-03-06T23:06:09.4224718Z (Worker_DP1_TP4_EP12 pid=3724) /usr/local/python3.11.14/lib/python3.11/site-packages/torch_npu/dynamo/torchair/configs/compiler_config.py:106: UserWarning: The following torchair config or properties may not take effect or report error in reduce-overhead mode: config.experimental_config.enable_view_optimize:True, set_dim_gears, dynamo_export, scope, npu_print
2026-03-06T23:06:09.4228768Z (Worker_DP1_TP0_EP8 pid=1243)   warnings.warn(
2026-03-06T23:06:09.4239578Z (Worker_DP1_TP6_EP14 pid=4836) /usr/local/python3.11.14/lib/python3.11/site-packages/torch_npu/dynamo/torchair/configs/compiler_config.py:106: UserWarning: The following torchair config or properties may not take effect or report error in reduce-overhead mode: config.experimental_config.enable_view_optimize:True, set_dim_gears, dynamo_export, scope, npu_print
2026-03-06T23:06:09.4248625Z (Worker_DP1_TP7_EP15 pid=5392) /usr/local/python3.11.14/lib/python3.11/site-packages/torch_npu/dynamo/torchair/configs/compiler_config.py:106: UserWarning: The following torchair config or properties may not take effect or report error in reduce-overhead mode: config.experimental_config.enable_view_optimize:True, set_dim_gears, dynamo_export, scope, npu_print
2026-03-06T23:06:09.4255601Z (Worker_DP1_TP4_EP12 pid=3724)   warnings.warn(
2026-03-06T23:06:09.4263955Z (Worker_DP1_TP5_EP13 pid=4280)   warnings.warn(
2026-03-06T23:06:09.4272170Z (Worker_DP1_TP6_EP14 pid=4836)   warnings.warn(
2026-03-06T23:06:09.4281677Z (Worker_DP1_TP7_EP15 pid=5392)   warnings.warn(
2026-03-06T23:06:09.4292293Z (Worker_DP1_TP3_EP11 pid=3170) /usr/local/python3.11.14/lib/python3.11/site-packages/torch_npu/dynamo/torchair/configs/compiler_config.py:106: UserWarning: The following torchair config or properties may not take effect or report error in reduce-overhead mode: config.experimental_config.enable_view_optimize:True, set_dim_gears, dynamo_export, scope, npu_print
2026-03-06T23:06:09.4298866Z (Worker_DP1_TP3_EP11 pid=3170)   warnings.warn(
2026-03-06T23:06:09.4309757Z (Worker_DP1_TP2_EP10 pid=2615) /usr/local/python3.11.14/lib/python3.11/site-packages/torch_npu/dynamo/torchair/configs/compiler_config.py:106: UserWarning: The following torchair config or properties may not take effect or report error in reduce-overhead mode: config.experimental_config.enable_view_optimize:True, set_dim_gears, dynamo_export, scope, npu_print
2026-03-06T23:06:09.4316072Z (Worker_DP1_TP2_EP10 pid=2615)   warnings.warn(
2026-03-06T23:06:25.4892930Z (Worker_DP0_TP6_EP6 pid=4902) /usr/local/python3.11.14/lib/python3.11/site-packages/torch_npu/dynamo/torchair/configs/compiler_config.py:106: UserWarning: The following torchair config or properties may not take effect or report error in reduce-overhead mode: config.experimental_config.enable_view_optimize:True, set_dim_gears, dynamo_export, scope, npu_print
2026-03-06T23:06:25.4897465Z (Worker_DP0_TP6_EP6 pid=4902)   warnings.warn(
2026-03-06T23:06:25.5367780Z (Worker_DP0_TP0_EP0 pid=1242) /usr/local/python3.11.14/lib/python3.11/site-packages/torch_npu/dynamo/torchair/configs/compiler_config.py:106: UserWarning: The following torchair config or properties may not take effect or report error in reduce-overhead mode: config.experimental_config.enable_view_optimize:True, set_dim_gears, dynamo_export, scope, npu_print
2026-03-06T23:06:25.5374797Z (Worker_DP0_TP0_EP0 pid=1242)   warnings.warn(
2026-03-06T23:06:25.5384903Z (Worker_DP0_TP1_EP1 pid=2054) /usr/local/python3.11.14/lib/python3.11/site-packages/torch_npu/dynamo/torchair/configs/compiler_config.py:106: UserWarning: The following torchair config or properties may not take effect or report error in reduce-overhead mode: config.experimental_config.enable_view_optimize:True, set_dim_gears, dynamo_export, scope, npu_print
2026-03-06T23:06:25.5392717Z (Worker_DP0_TP1_EP1 pid=2054)   warnings.warn(
2026-03-06T23:06:25.5424008Z (Worker_DP1_TP5_EP13 pid=4280) /usr/local/python3.11.14/lib/python3.11/site-packages/torch_npu/dynamo/torchair/configs/compiler_config.py:106: UserWarning: The following torchair config or properties may not take effect or report error in reduce-overhead mode: config.experimental_config.enable_view_optimize:True, set_dim_gears, dynamo_export, scope, npu_print
2026-03-06T23:06:25.5431288Z (Worker_DP1_TP5_EP13 pid=4280)   warnings.warn(
2026-03-06T23:06:25.5481937Z (Worker_DP0_TP5_EP5 pid=4346) /usr/local/python3.11.14/lib/python3.11/site-packages/torch_npu/dynamo/torchair/configs/compiler_config.py:106: UserWarning: The following torchair config or properties may not take effect or report error in reduce-overhead mode: config.experimental_config.enable_view_optimize:True, set_dim_gears, dynamo_export, scope, npu_print
2026-03-06T23:06:25.5488944Z (Worker_DP0_TP5_EP5 pid=4346)   warnings.warn(
2026-03-06T23:06:25.5499745Z (Worker_DP0_TP4_EP4 pid=3725) /usr/local/python3.11.14/lib/python3.11/site-packages/torch_npu/dynamo/torchair/configs/compiler_config.py:106: UserWarning: The following torchair config or properties may not take effect or report error in reduce-overhead mode: config.experimental_config.enable_view_optimize:True, set_dim_gears, dynamo_export, scope, npu_print
2026-03-06T23:06:25.5506200Z (Worker_DP0_TP4_EP4 pid=3725)   warnings.warn(
2026-03-06T23:06:25.5519558Z (Worker_DP0_TP7_EP7 pid=5395) /usr/local/python3.11.14/lib/python3.11/site-packages/torch_npu/dynamo/torchair/configs/compiler_config.py:106: UserWarning: The following torchair config or properties may not take effect or report error in reduce-overhead mode: config.experimental_config.enable_view_optimize:True, set_dim_gears, dynamo_export, scope, npu_print
2026-03-06T23:06:25.5526816Z (Worker_DP0_TP7_EP7 pid=5395)   warnings.warn(
2026-03-06T23:06:25.5536983Z (Worker_DP1_TP4_EP12 pid=3724) /usr/local/python3.11.14/lib/python3.11/site-packages/torch_npu/dynamo/torchair/configs/compiler_config.py:106: UserWarning: The following torchair config or properties may not take effect or report error in reduce-overhead mode: config.experimental_config.enable_view_optimize:True, set_dim_gears, dynamo_export, scope, npu_print
2026-03-06T23:06:25.5544582Z (Worker_DP1_TP4_EP12 pid=3724)   warnings.warn(
2026-03-06T23:06:25.5554696Z (Worker_DP1_TP0_EP8 pid=1243) /usr/local/python3.11.14/lib/python3.11/site-packages/torch_npu/dynamo/torchair/configs/compiler_config.py:106: UserWarning: The following torchair config or properties may not take effect or report error in reduce-overhead mode: config.experimental_config.enable_view_optimize:True, set_dim_gears, dynamo_export, scope, npu_print
2026-03-06T23:06:25.5562146Z (Worker_DP1_TP0_EP8 pid=1243)   warnings.warn(
2026-03-06T23:06:25.5572848Z (Worker_DP1_TP1_EP9 pid=2120) /usr/local/python3.11.14/lib/python3.11/site-packages/torch_npu/dynamo/torchair/configs/compiler_config.py:106: UserWarning: The following torchair config or properties may not take effect or report error in reduce-overhead mode: config.experimental_config.enable_view_optimize:True, set_dim_gears, dynamo_export, scope, npu_print
2026-03-06T23:06:25.5579273Z (Worker_DP1_TP1_EP9 pid=2120)   warnings.warn(
2026-03-06T23:06:25.5590054Z (Worker_DP0_TP2_EP2 pid=2612) /usr/local/python3.11.14/lib/python3.11/site-packages/torch_npu/dynamo/torchair/configs/compiler_config.py:106: UserWarning: The following torchair config or properties may not take effect or report error in reduce-overhead mode: config.experimental_config.enable_view_optimize:True, set_dim_gears, dynamo_export, scope, npu_print
2026-03-06T23:06:25.5597031Z (Worker_DP0_TP2_EP2 pid=2612)   warnings.warn(
2026-03-06T23:06:25.5607947Z (Worker_DP1_TP6_EP14 pid=4836) /usr/local/python3.11.14/lib/python3.11/site-packages/torch_npu/dynamo/torchair/configs/compiler_config.py:106: UserWarning: The following torchair config or properties may not take effect or report error in reduce-overhead mode: config.experimental_config.enable_view_optimize:True, set_dim_gears, dynamo_export, scope, npu_print
2026-03-06T23:06:25.5615370Z (Worker_DP1_TP6_EP14 pid=4836)   warnings.warn(
2026-03-06T23:06:25.5626290Z (Worker_DP0_TP3_EP3 pid=3168) /usr/local/python3.11.14/lib/python3.11/site-packages/torch_npu/dynamo/torchair/configs/compiler_config.py:106: UserWarning: The following torchair config or properties may not take effect or report error in reduce-overhead mode: config.experimental_config.enable_view_optimize:True, set_dim_gears, dynamo_export, scope, npu_print
2026-03-06T23:06:25.5632929Z (Worker_DP0_TP3_EP3 pid=3168)   warnings.warn(
2026-03-06T23:06:25.5643126Z (Worker_DP1_TP7_EP15 pid=5392) /usr/local/python3.11.14/lib/python3.11/site-packages/torch_npu/dynamo/torchair/configs/compiler_config.py:106: UserWarning: The following torchair config or properties may not take effect or report error in reduce-overhead mode: config.experimental_config.enable_view_optimize:True, set_dim_gears, dynamo_export, scope, npu_print
2026-03-06T23:06:25.5650744Z (Worker_DP1_TP7_EP15 pid=5392)   warnings.warn(
2026-03-06T23:06:26.0593428Z (Worker_DP1_TP3_EP11 pid=3170) /usr/local/python3.11.14/lib/python3.11/site-packages/torch_npu/dynamo/torchair/configs/compiler_config.py:106: UserWarning: The following torchair config or properties may not take effect or report error in reduce-overhead mode: config.experimental_config.enable_view_optimize:True, set_dim_gears, dynamo_export, scope, npu_print
2026-03-06T23:06:26.0600973Z (Worker_DP1_TP3_EP11 pid=3170)   warnings.warn(
2026-03-06T23:06:26.1010250Z (Worker_DP1_TP2_EP10 pid=2615) /usr/local/python3.11.14/lib/python3.11/site-packages/torch_npu/dynamo/torchair/configs/compiler_config.py:106: UserWarning: The following torchair config or properties may not take effect or report error in reduce-overhead mode: config.experimental_config.enable_view_optimize:True, set_dim_gears, dynamo_export, scope, npu_print
2026-03-06T23:06:26.1016256Z (Worker_DP1_TP2_EP10 pid=2615)   warnings.warn(
2026-03-06T23:06:26.3471637Z (Worker_DP0_TP4_EP4 pid=3725) /usr/local/python3.11.14/lib/python3.11/site-packages/torch_npu/dynamo/torchair/configs/compiler_config.py:106: UserWarning: The following torchair config or properties may not take effect or report error in reduce-overhead mode: config.experimental_config.enable_view_optimize:True, set_dim_gears, dynamo_export, scope, npu_print
2026-03-06T23:06:26.3482218Z (Worker_DP0_TP2_EP2 pid=2612) /usr/local/python3.11.14/lib/python3.11/site-packages/torch_npu/dynamo/torchair/configs/compiler_config.py:106: UserWarning: The following torchair config or properties may not take effect or report error in reduce-overhead mode: config.experimental_config.enable_view_optimize:True, set_dim_gears, dynamo_export, scope, npu_print
2026-03-06T23:06:26.3488054Z (Worker_DP0_TP4_EP4 pid=3725)   warnings.warn(
2026-03-06T23:06:26.3498851Z (Worker_DP0_TP5_EP5 pid=4346) /usr/local/python3.11.14/lib/python3.11/site-packages/torch_npu/dynamo/torchair/configs/compiler_config.py:106: UserWarning: The following torchair config or properties may not take effect or report error in reduce-overhead mode: config.experimental_config.enable_view_optimize:True, set_dim_gears, dynamo_export, scope, npu_print
2026-03-06T23:06:26.3506169Z (Worker_DP0_TP2_EP2 pid=2612)   warnings.warn(
2026-03-06T23:06:26.3517308Z (Worker_DP0_TP3_EP3 pid=3168) /usr/local/python3.11.14/lib/python3.11/site-packages/torch_npu/dynamo/torchair/configs/compiler_config.py:106: UserWarning: The following torchair config or properties may not take effect or report error in reduce-overhead mode: config.experimental_config.enable_view_optimize:True, set_dim_gears, dynamo_export, scope, npu_print
2026-03-06T23:06:26.3524412Z (Worker_DP0_TP5_EP5 pid=4346)   warnings.warn(
2026-03-06T23:06:26.3533050Z (Worker_DP0_TP3_EP3 pid=3168)   warnings.warn(
2026-03-06T23:06:26.3543378Z (Worker_DP0_TP7_EP7 pid=5395) /usr/local/python3.11.14/lib/python3.11/site-packages/torch_npu/dynamo/torchair/configs/compiler_config.py:106: UserWarning: The following torchair config or properties may not take effect or report error in reduce-overhead mode: config.experimental_config.enable_view_optimize:True, set_dim_gears, dynamo_export, scope, npu_print
2026-03-06T23:06:26.3553184Z (Worker_DP0_TP1_EP1 pid=2054) /usr/local/python3.11.14/lib/python3.11/site-packages/torch_npu/dynamo/torchair/configs/compiler_config.py:106: UserWarning: The following torchair config or properties may not take effect or report error in reduce-overhead mode: config.experimental_config.enable_view_optimize:True, set_dim_gears, dynamo_export, scope, npu_print
2026-03-06T23:06:26.3562453Z (Worker_DP0_TP0_EP0 pid=1242) /usr/local/python3.11.14/lib/python3.11/site-packages/torch_npu/dynamo/torchair/configs/compiler_config.py:106: UserWarning: The following torchair config or properties may not take effect or report error in reduce-overhead mode: config.experimental_config.enable_view_optimize:True, set_dim_gears, dynamo_export, scope, npu_print
2026-03-06T23:06:26.3569951Z (Worker_DP0_TP7_EP7 pid=5395)   warnings.warn(
2026-03-06T23:06:26.3578226Z (Worker_DP0_TP0_EP0 pid=1242)   warnings.warn(
2026-03-06T23:06:26.3587260Z (Worker_DP0_TP1_EP1 pid=2054)   warnings.warn(
2026-03-06T23:06:26.3597822Z (Worker_DP0_TP6_EP6 pid=4902) /usr/local/python3.11.14/lib/python3.11/site-packages/torch_npu/dynamo/torchair/configs/compiler_config.py:106: UserWarning: The following torchair config or properties may not take effect or report error in reduce-overhead mode: config.experimental_config.enable_view_optimize:True, set_dim_gears, dynamo_export, scope, npu_print
2026-03-06T23:06:26.3603974Z (Worker_DP0_TP6_EP6 pid=4902)   warnings.warn(
2026-03-06T23:06:26.3614192Z (Worker_DP1_TP3_EP11 pid=3170) /usr/local/python3.11.14/lib/python3.11/site-packages/torch_npu/dynamo/torchair/configs/compiler_config.py:106: UserWarning: The following torchair config or properties may not take effect or report error in reduce-overhead mode: config.experimental_config.enable_view_optimize:True, set_dim_gears, dynamo_export, scope, npu_print
2026-03-06T23:06:26.3621057Z (Worker_DP1_TP3_EP11 pid=3170)   warnings.warn(
2026-03-06T23:06:26.3631824Z (Worker_DP1_TP6_EP14 pid=4836) /usr/local/python3.11.14/lib/python3.11/site-packages/torch_npu/dynamo/torchair/configs/compiler_config.py:106: UserWarning: The following torchair config or properties may not take effect or report error in reduce-overhead mode: config.experimental_config.enable_view_optimize:True, set_dim_gears, dynamo_export, scope, npu_print
2026-03-06T23:06:26.3639942Z (Worker_DP1_TP7_EP15 pid=5392) /usr/local/python3.11.14/lib/python3.11/site-packages/torch_npu/dynamo/torchair/configs/compiler_config.py:106: UserWarning: The following torchair config or properties may not take effect or report error in reduce-overhead mode: config.experimental_config.enable_view_optimize:True, set_dim_gears, dynamo_export, scope, npu_print
2026-03-06T23:06:26.3647041Z (Worker_DP1_TP6_EP14 pid=4836)   warnings.warn(
2026-03-06T23:06:26.3655438Z (Worker_DP1_TP7_EP15 pid=5392)   warnings.warn(
2026-03-06T23:06:26.3666279Z (Worker_DP1_TP0_EP8 pid=1243) /usr/local/python3.11.14/lib/python3.11/site-packages/torch_npu/dynamo/torchair/configs/compiler_config.py:106: UserWarning: The following torchair config or properties may not take effect or report error in reduce-overhead mode: config.experimental_config.enable_view_optimize:True, set_dim_gears, dynamo_export, scope, npu_print
2026-03-06T23:06:26.3723455Z (Worker_DP1_TP1_EP9 pid=2120) /usr/local/python3.11.14/lib/python3.11/site-packages/torch_npu/dynamo/torchair/configs/compiler_config.py:106: UserWarning: The following torchair config or properties may not take effect or report error in reduce-overhead mode: config.experimental_config.enable_view_optimize:True, set_dim_gears, dynamo_export, scope, npu_print
2026-03-06T23:06:26.3725097Z (Worker_DP1_TP1_EP9 pid=2120)   warnings.warn(
2026-03-06T23:06:26.3725435Z (Worker_DP1_TP0_EP8 pid=1243)   warnings.warn(
2026-03-06T23:06:26.3726787Z (Worker_DP1_TP5_EP13 pid=4280) /usr/local/python3.11.14/lib/python3.11/site-packages/torch_npu/dynamo/torchair/configs/compiler_config.py:106: UserWarning: The following torchair config or properties may not take effect or report error in reduce-overhead mode: config.experimental_config.enable_view_optimize:True, set_dim_gears, dynamo_export, scope, npu_print
2026-03-06T23:06:26.3729456Z (Worker_DP1_TP4_EP12 pid=3724) /usr/local/python3.11.14/lib/python3.11/site-packages/torch_npu/dynamo/torchair/configs/compiler_config.py:106: UserWarning: The following torchair config or properties may not take effect or report error in reduce-overhead mode: config.experimental_config.enable_view_optimize:True, set_dim_gears, dynamo_export, scope, npu_print
2026-03-06T23:06:26.3731146Z (Worker_DP1_TP5_EP13 pid=4280)   warnings.warn(
2026-03-06T23:06:26.3731463Z (Worker_DP1_TP4_EP12 pid=3724)   warnings.warn(
2026-03-06T23:06:26.3735051Z (Worker_DP1_TP2_EP10 pid=2615) /usr/local/python3.11.14/lib/python3.11/site-packages/torch_npu/dynamo/torchair/configs/compiler_config.py:106: UserWarning: The following torchair config or properties may not take effect or report error in reduce-overhead mode: config.experimental_config.enable_view_optimize:True, set_dim_gears, dynamo_export, scope, npu_print
2026-03-06T23:06:26.3742081Z (Worker_DP1_TP2_EP10 pid=2615)   warnings.warn(
2026-03-06T23:06:26.7076523Z (Worker_DP0_TP5_EP5 pid=4346) /usr/local/python3.11.14/lib/python3.11/site-packages/torch_npu/dynamo/torchair/configs/compiler_config.py:106: UserWarning: The following torchair config or properties may not take effect or report error in reduce-overhead mode: config.experimental_config.enable_view_optimize:True, set_dim_gears, dynamo_export, scope, npu_print
2026-03-06T23:06:26.7084438Z (Worker_DP0_TP4_EP4 pid=3725) /usr/local/python3.11.14/lib/python3.11/site-packages/torch_npu/dynamo/torchair/configs/compiler_config.py:106: UserWarning: The following torchair config or properties may not take effect or report error in reduce-overhead mode: config.experimental_config.enable_view_optimize:True, set_dim_gears, dynamo_export, scope, npu_print
2026-03-06T23:06:26.7091527Z (Worker_DP0_TP4_EP4 pid=3725)   warnings.warn(
2026-03-06T23:06:26.7100668Z (Worker_DP0_TP5_EP5 pid=4346)   warnings.warn(
2026-03-06T23:06:26.7111620Z (Worker_DP1_TP0_EP8 pid=1243) /usr/local/python3.11.14/lib/python3.11/site-packages/torch_npu/dynamo/torchair/configs/compiler_config.py:106: UserWarning: The following torchair config or properties may not take effect or report error in reduce-overhead mode: config.experimental_config.enable_view_optimize:True, set_dim_gears, dynamo_export, scope, npu_print
2026-03-06T23:06:26.7121179Z (Worker_DP0_TP6_EP6 pid=4902) /usr/local/python3.11.14/lib/python3.11/site-packages/torch_npu/dynamo/torchair/configs/compiler_config.py:106: UserWarning: The following torchair config or properties may not take effect or report error in reduce-overhead mode: config.experimental_config.enable_view_optimize:True, set_dim_gears, dynamo_export, scope, npu_print
2026-03-06T23:06:26.7132242Z (Worker_DP1_TP4_EP12 pid=3724) /usr/local/python3.11.14/lib/python3.11/site-packages/torch_npu/dynamo/torchair/configs/compiler_config.py:106: UserWarning: The following torchair config or properties may not take effect or report error in reduce-overhead mode: config.experimental_config.enable_view_optimize:True, set_dim_gears, dynamo_export, scope, npu_print
2026-03-06T23:06:26.7142516Z (Worker_DP0_TP2_EP2 pid=2612) /usr/local/python3.11.14/lib/python3.11/site-packages/torch_npu/dynamo/torchair/configs/compiler_config.py:106: UserWarning: The following torchair config or properties may not take effect or report error in reduce-overhead mode: config.experimental_config.enable_view_optimize:True, set_dim_gears, dynamo_export, scope, npu_print
2026-03-06T23:06:26.7150662Z (Worker_DP1_TP0_EP8 pid=1243)   warnings.warn(
2026-03-06T23:06:26.7162006Z (Worker_DP1_TP1_EP9 pid=2120) /usr/local/python3.11.14/lib/python3.11/site-packages/torch_npu/dynamo/torchair/configs/compiler_config.py:106: UserWarning: The following torchair config or properties may not take effect or report error in reduce-overhead mode: config.experimental_config.enable_view_optimize:True, set_dim_gears, dynamo_export, scope, npu_print
2026-03-06T23:06:26.7170862Z (Worker_DP0_TP6_EP6 pid=4902)   warnings.warn(
2026-03-06T23:06:26.7182295Z (Worker_DP1_TP4_EP12 pid=3724)   warnings.warn(
2026-03-06T23:06:26.7191530Z (Worker_DP0_TP2_EP2 pid=2612)   warnings.warn(
2026-03-06T23:06:26.7200447Z (Worker_DP1_TP1_EP9 pid=2120)   warnings.warn(
2026-03-06T23:06:26.7211604Z (Worker_DP0_TP3_EP3 pid=3168) /usr/local/python3.11.14/lib/python3.11/site-packages/torch_npu/dynamo/torchair/configs/compiler_config.py:106: UserWarning: The following torchair config or properties may not take effect or report error in reduce-overhead mode: config.experimental_config.enable_view_optimize:True, set_dim_gears, dynamo_export, scope, npu_print
2026-03-06T23:06:26.7222145Z (Worker_DP1_TP3_EP11 pid=3170) /usr/local/python3.11.14/lib/python3.11/site-packages/torch_npu/dynamo/torchair/configs/compiler_config.py:106: UserWarning: The following torchair config or properties may not take effect or report error in reduce-overhead mode: config.experimental_config.enable_view_optimize:True, set_dim_gears, dynamo_export, scope, npu_print
2026-03-06T23:06:26.7229418Z (Worker_DP0_TP3_EP3 pid=3168)   warnings.warn(
2026-03-06T23:06:26.7241840Z (Worker_DP0_TP7_EP7 pid=5395) /usr/local/python3.11.14/lib/python3.11/site-packages/torch_npu/dynamo/torchair/configs/compiler_config.py:106: UserWarning: The following torchair config or properties may not take effect or report error in reduce-overhead mode: config.experimental_config.enable_view_optimize:True, set_dim_gears, dynamo_export, scope, npu_print
2026-03-06T23:06:26.7249268Z (Worker_DP1_TP3_EP11 pid=3170)   warnings.warn(
2026-03-06T23:06:26.7261149Z (Worker_DP1_TP6_EP14 pid=4836) /usr/local/python3.11.14/lib/python3.11/site-packages/torch_npu/dynamo/torchair/configs/compiler_config.py:106: UserWarning: The following torchair config or properties may not take effect or report error in reduce-overhead mode: config.experimental_config.enable_view_optimize:True, set_dim_gears, dynamo_export, scope, npu_print
2026-03-06T23:06:26.7271315Z (Worker_DP1_TP7_EP15 pid=5392) /usr/local/python3.11.14/lib/python3.11/site-packages/torch_npu/dynamo/torchair/configs/compiler_config.py:106: UserWarning: The following torchair config or properties may not take effect or report error in reduce-overhead mode: config.experimental_config.enable_view_optimize:True, set_dim_gears, dynamo_export, scope, npu_print
2026-03-06T23:06:26.7281515Z (Worker_DP1_TP5_EP13 pid=4280) /usr/local/python3.11.14/lib/python3.11/site-packages/torch_npu/dynamo/torchair/configs/compiler_config.py:106: UserWarning: The following torchair config or properties may not take effect or report error in reduce-overhead mode: config.experimental_config.enable_view_optimize:True, set_dim_gears, dynamo_export, scope, npu_print
2026-03-06T23:06:26.7290160Z (Worker_DP0_TP7_EP7 pid=5395)   warnings.warn(
2026-03-06T23:06:26.7301832Z (Worker_DP0_TP1_EP1 pid=2054) /usr/local/python3.11.14/lib/python3.11/site-packages/torch_npu/dynamo/torchair/configs/compiler_config.py:106: UserWarning: The following torchair config or properties may not take effect or report error in reduce-overhead mode: config.experimental_config.enable_view_optimize:True, set_dim_gears, dynamo_export, scope, npu_print
2026-03-06T23:06:26.7311215Z (Worker_DP1_TP5_EP13 pid=4280)   warnings.warn(
2026-03-06T23:06:26.7321875Z (Worker_DP0_TP0_EP0 pid=1242) /usr/local/python3.11.14/lib/python3.11/site-packages/torch_npu/dynamo/torchair/configs/compiler_config.py:106: UserWarning: The following torchair config or properties may not take effect or report error in reduce-overhead mode: config.experimental_config.enable_view_optimize:True, set_dim_gears, dynamo_export, scope, npu_print
2026-03-06T23:06:26.7329556Z (Worker_DP1_TP6_EP14 pid=4836)   warnings.warn(
2026-03-06T23:06:26.7338842Z (Worker_DP1_TP7_EP15 pid=5392)   warnings.warn(
2026-03-06T23:06:26.7348069Z (Worker_DP0_TP1_EP1 pid=2054)   warnings.warn(
2026-03-06T23:06:26.7356882Z (Worker_DP0_TP0_EP0 pid=1242)   warnings.warn(
2026-03-06T23:06:26.7367637Z (Worker_DP1_TP2_EP10 pid=2615) /usr/local/python3.11.14/lib/python3.11/site-packages/torch_npu/dynamo/torchair/configs/compiler_config.py:106: UserWarning: The following torchair config or properties may not take effect or report error in reduce-overhead mode: config.experimental_config.enable_view_optimize:True, set_dim_gears, dynamo_export, scope, npu_print
2026-03-06T23:06:26.7375529Z (Worker_DP1_TP2_EP10 pid=2615)   warnings.warn(
2026-03-06T23:06:27.0365381Z (Worker_DP1_TP0_EP8 pid=1243) /usr/local/python3.11.14/lib/python3.11/site-packages/torch_npu/dynamo/torchair/configs/compiler_config.py:106: UserWarning: The following torchair config or properties may not take effect or report error in reduce-overhead mode: config.experimental_config.enable_view_optimize:True, set_dim_gears, dynamo_export, scope, npu_print
2026-03-06T23:06:27.0374512Z (Worker_DP1_TP1_EP9 pid=2120) /usr/local/python3.11.14/lib/python3.11/site-packages/torch_npu/dynamo/torchair/configs/compiler_config.py:106: UserWarning: The following torchair config or properties may not take effect or report error in reduce-overhead mode: config.experimental_config.enable_view_optimize:True, set_dim_gears, dynamo_export, scope, npu_print
2026-03-06T23:06:27.0384986Z (Worker_DP1_TP2_EP10 pid=2615) /usr/local/python3.11.14/lib/python3.11/site-packages/torch_npu/dynamo/torchair/configs/compiler_config.py:106: UserWarning: The following torchair config or properties may not take effect or report error in reduce-overhead mode: config.experimental_config.enable_view_optimize:True, set_dim_gears, dynamo_export, scope, npu_print
2026-03-06T23:06:27.0391485Z (Worker_DP1_TP0_EP8 pid=1243)   warnings.warn(
2026-03-06T23:06:27.0402160Z (Worker_DP0_TP2_EP2 pid=2612) /usr/local/python3.11.14/lib/python3.11/site-packages/torch_npu/dynamo/torchair/configs/compiler_config.py:106: UserWarning: The following torchair config or properties may not take effect or report error in reduce-overhead mode: config.experimental_config.enable_view_optimize:True, set_dim_gears, dynamo_export, scope, npu_print
2026-03-06T23:06:27.0410177Z (Worker_DP1_TP1_EP9 pid=2120)   warnings.warn(
2026-03-06T23:06:27.0420914Z (Worker_DP0_TP5_EP5 pid=4346) /usr/local/python3.11.14/lib/python3.11/site-packages/torch_npu/dynamo/torchair/configs/compiler_config.py:106: UserWarning: The following torchair config or properties may not take effect or report error in reduce-overhead mode: config.experimental_config.enable_view_optimize:True, set_dim_gears, dynamo_export, scope, npu_print
2026-03-06T23:06:27.0428218Z (Worker_DP1_TP2_EP10 pid=2615)   warnings.warn(
2026-03-06T23:06:27.0437398Z (Worker_DP0_TP2_EP2 pid=2612)   warnings.warn(
2026-03-06T23:06:27.0445257Z (Worker_DP0_TP5_EP5 pid=4346)   warnings.warn(
2026-03-06T23:06:27.0458167Z (Worker_DP0_TP1_EP1 pid=2054) /usr/local/python3.11.14/lib/python3.11/site-packages/torch_npu/dynamo/torchair/configs/compiler_config.py:106: UserWarning: The following torchair config or properties may not take effect or report error in reduce-overhead mode: config.experimental_config.enable_view_optimize:True, set_dim_gears, dynamo_export, scope, npu_print
2026-03-06T23:06:27.0467376Z (Worker_DP0_TP3_EP3 pid=3168) /usr/local/python3.11.14/lib/python3.11/site-packages/torch_npu/dynamo/torchair/configs/compiler_config.py:106: UserWarning: The following torchair config or properties may not take effect or report error in reduce-overhead mode: config.experimental_config.enable_view_optimize:True, set_dim_gears, dynamo_export, scope, npu_print
2026-03-06T23:06:27.0476009Z (Worker_DP0_TP4_EP4 pid=3725) /usr/local/python3.11.14/lib/python3.11/site-packages/torch_npu/dynamo/torchair/configs/compiler_config.py:106: UserWarning: The following torchair config or properties may not take effect or report error in reduce-overhead mode: config.experimental_config.enable_view_optimize:True, set_dim_gears, dynamo_export, scope, npu_print
2026-03-06T23:06:27.0484836Z (Worker_DP0_TP7_EP7 pid=5395) /usr/local/python3.11.14/lib/python3.11/site-packages/torch_npu/dynamo/torchair/configs/compiler_config.py:106: UserWarning: The following torchair config or properties may not take effect or report error in reduce-overhead mode: config.experimental_config.enable_view_optimize:True, set_dim_gears, dynamo_export, scope, npu_print
2026-03-06T23:06:27.0494279Z (Worker_DP0_TP6_EP6 pid=4902) /usr/local/python3.11.14/lib/python3.11/site-packages/torch_npu/dynamo/torchair/configs/compiler_config.py:106: UserWarning: The following torchair config or properties may not take effect or report error in reduce-overhead mode: config.experimental_config.enable_view_optimize:True, set_dim_gears, dynamo_export, scope, npu_print
2026-03-06T23:06:27.0501236Z (Worker_DP0_TP1_EP1 pid=2054)   warnings.warn(
2026-03-06T23:06:27.0509193Z (Worker_DP0_TP3_EP3 pid=3168)   warnings.warn(
2026-03-06T23:06:27.0517385Z (Worker_DP0_TP4_EP4 pid=3725)   warnings.warn(
2026-03-06T23:06:27.0525448Z (Worker_DP0_TP7_EP7 pid=5395)   warnings.warn(
2026-03-06T23:06:27.0533399Z (Worker_DP0_TP6_EP6 pid=4902)   warnings.warn(
2026-03-06T23:06:27.0543616Z (Worker_DP0_TP0_EP0 pid=1242) /usr/local/python3.11.14/lib/python3.11/site-packages/torch_npu/dynamo/torchair/configs/compiler_config.py:106: UserWarning: The following torchair config or properties may not take effect or report error in reduce-overhead mode: config.experimental_config.enable_view_optimize:True, set_dim_gears, dynamo_export, scope, npu_print
2026-03-06T23:06:27.0550872Z (Worker_DP0_TP0_EP0 pid=1242)   warnings.warn(
2026-03-06T23:06:27.0561622Z (Worker_DP1_TP5_EP13 pid=4280) /usr/local/python3.11.14/lib/python3.11/site-packages/torch_npu/dynamo/torchair/configs/compiler_config.py:106: UserWarning: The following torchair config or properties may not take effect or report error in reduce-overhead mode: config.experimental_config.enable_view_optimize:True, set_dim_gears, dynamo_export, scope, npu_print
2026-03-06T23:06:27.0570759Z (Worker_DP1_TP4_EP12 pid=3724) /usr/local/python3.11.14/lib/python3.11/site-packages/torch_npu/dynamo/torchair/configs/compiler_config.py:106: UserWarning: The following torchair config or properties may not take effect or report error in reduce-overhead mode: config.experimental_config.enable_view_optimize:True, set_dim_gears, dynamo_export, scope, npu_print
2026-03-06T23:06:27.0577721Z (Worker_DP1_TP5_EP13 pid=4280)   warnings.warn(
2026-03-06T23:06:27.0585841Z (Worker_DP1_TP4_EP12 pid=3724)   warnings.warn(
2026-03-06T23:06:27.0595585Z (Worker_DP1_TP3_EP11 pid=3170) /usr/local/python3.11.14/lib/python3.11/site-packages/torch_npu/dynamo/torchair/configs/compiler_config.py:106: UserWarning: The following torchair config or properties may not take effect or report error in reduce-overhead mode: config.experimental_config.enable_view_optimize:True, set_dim_gears, dynamo_export, scope, npu_print
2026-03-06T23:06:27.0602038Z (Worker_DP1_TP3_EP11 pid=3170)   warnings.warn(
2026-03-06T23:06:27.0612482Z (Worker_DP1_TP7_EP15 pid=5392) /usr/local/python3.11.14/lib/python3.11/site-packages/torch_npu/dynamo/torchair/configs/compiler_config.py:106: UserWarning: The following torchair config or properties may not take effect or report error in reduce-overhead mode: config.experimental_config.enable_view_optimize:True, set_dim_gears, dynamo_export, scope, npu_print
2026-03-06T23:06:27.0619060Z (Worker_DP1_TP7_EP15 pid=5392)   warnings.warn(
2026-03-06T23:06:27.0629022Z (Worker_DP1_TP6_EP14 pid=4836) /usr/local/python3.11.14/lib/python3.11/site-packages/torch_npu/dynamo/torchair/configs/compiler_config.py:106: UserWarning: The following torchair config or properties may not take effect or report error in reduce-overhead mode: config.experimental_config.enable_view_optimize:True, set_dim_gears, dynamo_export, scope, npu_print
2026-03-06T23:06:27.0636327Z (Worker_DP1_TP6_EP14 pid=4836)   warnings.warn(
2026-03-06T23:06:27.3718000Z (Worker_DP1_TP1_EP9 pid=2120) /usr/local/python3.11.14/lib/python3.11/site-packages/torch_npu/dynamo/torchair/configs/compiler_config.py:106: UserWarning: The following torchair config or properties may not take effect or report error in reduce-overhead mode: config.experimental_config.enable_view_optimize:True, set_dim_gears, dynamo_export, scope, npu_print
2026-03-06T23:06:27.3749729Z (Worker_DP0_TP5_EP5 pid=4346) /usr/local/python3.11.14/lib/python3.11/site-packages/torch_npu/dynamo/torchair/configs/compiler_config.py:106: UserWarning: The following torchair config or properties may not take effect or report error in reduce-overhead mode: config.experimental_config.enable_view_optimize:True, set_dim_gears, dynamo_export, scope, npu_print
2026-03-06T23:06:27.3752390Z (Worker_DP0_TP6_EP6 pid=4902) /usr/local/python3.11.14/lib/python3.11/site-packages/torch_npu/dynamo/torchair/configs/compiler_config.py:106: UserWarning: The following torchair config or properties may not take effect or report error in reduce-overhead mode: config.experimental_config.enable_view_optimize:True, set_dim_gears, dynamo_export, scope, npu_print
2026-03-06T23:06:27.3755017Z (Worker_DP0_TP3_EP3 pid=3168) /usr/local/python3.11.14/lib/python3.11/site-packages/torch_npu/dynamo/torchair/configs/compiler_config.py:106: UserWarning: The following torchair config or properties may not take effect or report error in reduce-overhead mode: config.experimental_config.enable_view_optimize:True, set_dim_gears, dynamo_export, scope, npu_print
2026-03-06T23:06:27.3756410Z (Worker_DP1_TP1_EP9 pid=2120)   warnings.warn(
2026-03-06T23:06:27.3764674Z (Worker_DP1_TP5_EP13 pid=4280) /usr/local/python3.11.14/lib/python3.11/site-packages/torch_npu/dynamo/torchair/configs/compiler_config.py:106: UserWarning: The following torchair config or properties may not take effect or report error in reduce-overhead mode: config.experimental_config.enable_view_optimize:True, set_dim_gears, dynamo_export, scope, npu_print
2026-03-06T23:06:27.3771919Z (Worker_DP0_TP5_EP5 pid=4346)   warnings.warn(
2026-03-06T23:06:27.3782503Z (Worker_DP1_TP4_EP12 pid=3724) /usr/local/python3.11.14/lib/python3.11/site-packages/torch_npu/dynamo/torchair/configs/compiler_config.py:106: UserWarning: The following torchair config or properties may not take effect or report error in reduce-overhead mode: config.experimental_config.enable_view_optimize:True, set_dim_gears, dynamo_export, scope, npu_print
2026-03-06T23:06:27.3789559Z (Worker_DP0_TP6_EP6 pid=4902)   warnings.warn(
2026-03-06T23:06:27.3798378Z (Worker_DP0_TP3_EP3 pid=3168)   warnings.warn(
2026-03-06T23:06:27.3806700Z (Worker_DP1_TP5_EP13 pid=4280)   warnings.warn(
2026-03-06T23:06:27.3815028Z (Worker_DP1_TP4_EP12 pid=3724)   warnings.warn(
2026-03-06T23:06:27.3825433Z (Worker_DP0_TP1_EP1 pid=2054) /usr/local/python3.11.14/lib/python3.11/site-packages/torch_npu/dynamo/torchair/configs/compiler_config.py:106: UserWarning: The following torchair config or properties may not take effect or report error in reduce-overhead mode: config.experimental_config.enable_view_optimize:True, set_dim_gears, dynamo_export, scope, npu_print
2026-03-06T23:06:27.3834282Z (Worker_DP0_TP0_EP0 pid=1242) /usr/local/python3.11.14/lib/python3.11/site-packages/torch_npu/dynamo/torchair/configs/compiler_config.py:106: UserWarning: The following torchair config or properties may not take effect or report error in reduce-overhead mode: config.experimental_config.enable_view_optimize:True, set_dim_gears, dynamo_export, scope, npu_print
2026-03-06T23:06:27.3842885Z (Worker_DP1_TP6_EP14 pid=4836) /usr/local/python3.11.14/lib/python3.11/site-packages/torch_npu/dynamo/torchair/configs/compiler_config.py:106: UserWarning: The following torchair config or properties may not take effect or report error in reduce-overhead mode: config.experimental_config.enable_view_optimize:True, set_dim_gears, dynamo_export, scope, npu_print
2026-03-06T23:06:27.3852364Z (Worker_DP0_TP4_EP4 pid=3725) /usr/local/python3.11.14/lib/python3.11/site-packages/torch_npu/dynamo/torchair/configs/compiler_config.py:106: UserWarning: The following torchair config or properties may not take effect or report error in reduce-overhead mode: config.experimental_config.enable_view_optimize:True, set_dim_gears, dynamo_export, scope, npu_print
2026-03-06T23:06:27.3858927Z (Worker_DP0_TP1_EP1 pid=2054)   warnings.warn(
2026-03-06T23:06:27.3869370Z (Worker_DP1_TP7_EP15 pid=5392) /usr/local/python3.11.14/lib/python3.11/site-packages/torch_npu/dynamo/torchair/configs/compiler_config.py:106: UserWarning: The following torchair config or properties may not take effect or report error in reduce-overhead mode: config.experimental_config.enable_view_optimize:True, set_dim_gears, dynamo_export, scope, npu_print
2026-03-06T23:06:27.3878456Z (Worker_DP1_TP0_EP8 pid=1243) /usr/local/python3.11.14/lib/python3.11/site-packages/torch_npu/dynamo/torchair/configs/compiler_config.py:106: UserWarning: The following torchair config or properties may not take effect or report error in reduce-overhead mode: config.experimental_config.enable_view_optimize:True, set_dim_gears, dynamo_export, scope, npu_print
2026-03-06T23:06:27.3886245Z (Worker_DP1_TP6_EP14 pid=4836)   warnings.warn(
2026-03-06T23:06:27.3894519Z (Worker_DP0_TP0_EP0 pid=1242)   warnings.warn(
2026-03-06T23:06:27.3904825Z (Worker_DP0_TP2_EP2 pid=2612) /usr/local/python3.11.14/lib/python3.11/site-packages/torch_npu/dynamo/torchair/configs/compiler_config.py:106: UserWarning: The following torchair config or properties may not take effect or report error in reduce-overhead mode: config.experimental_config.enable_view_optimize:True, set_dim_gears, dynamo_export, scope, npu_print
2026-03-06T23:06:27.3913583Z (Worker_DP1_TP3_EP11 pid=3170) /usr/local/python3.11.14/lib/python3.11/site-packages/torch_npu/dynamo/torchair/configs/compiler_config.py:106: UserWarning: The following torchair config or properties may not take effect or report error in reduce-overhead mode: config.experimental_config.enable_view_optimize:True, set_dim_gears, dynamo_export, scope, npu_print
2026-03-06T23:06:27.3920693Z (Worker_DP0_TP4_EP4 pid=3725)   warnings.warn(
2026-03-06T23:06:27.3928774Z (Worker_DP1_TP0_EP8 pid=1243)   warnings.warn(
2026-03-06T23:06:27.3936929Z (Worker_DP0_TP2_EP2 pid=2612)   warnings.warn(
2026-03-06T23:06:27.3945190Z (Worker_DP1_TP3_EP11 pid=3170)   warnings.warn(
2026-03-06T23:06:27.3953258Z (Worker_DP1_TP7_EP15 pid=5392)   warnings.warn(
2026-03-06T23:06:27.3963790Z (Worker_DP0_TP7_EP7 pid=5395) /usr/local/python3.11.14/lib/python3.11/site-packages/torch_npu/dynamo/torchair/configs/compiler_config.py:106: UserWarning: The following torchair config or properties may not take effect or report error in reduce-overhead mode: config.experimental_config.enable_view_optimize:True, set_dim_gears, dynamo_export, scope, npu_print
2026-03-06T23:06:27.3970822Z (Worker_DP0_TP7_EP7 pid=5395)   warnings.warn(
2026-03-06T23:06:27.3981659Z (Worker_DP1_TP2_EP10 pid=2615) /usr/local/python3.11.14/lib/python3.11/site-packages/torch_npu/dynamo/torchair/configs/compiler_config.py:106: UserWarning: The following torchair config or properties may not take effect or report error in reduce-overhead mode: config.experimental_config.enable_view_optimize:True, set_dim_gears, dynamo_export, scope, npu_print
2026-03-06T23:06:27.3988259Z (Worker_DP1_TP2_EP10 pid=2615)   warnings.warn(
2026-03-06T23:06:27.7328970Z (Worker_DP0_TP6_EP6 pid=4902) /usr/local/python3.11.14/lib/python3.11/site-packages/torch_npu/dynamo/torchair/configs/compiler_config.py:106: UserWarning: The following torchair config or properties may not take effect or report error in reduce-overhead mode: config.experimental_config.enable_view_optimize:True, set_dim_gears, dynamo_export, scope, npu_print
2026-03-06T23:06:27.7339265Z (Worker_DP1_TP4_EP12 pid=3724) /usr/local/python3.11.14/lib/python3.11/site-packages/torch_npu/dynamo/torchair/configs/compiler_config.py:106: UserWarning: The following torchair config or properties may not take effect or report error in reduce-overhead mode: config.experimental_config.enable_view_optimize:True, set_dim_gears, dynamo_export, scope, npu_print
2026-03-06T23:06:27.7347425Z (Worker_DP0_TP6_EP6 pid=4902)   warnings.warn(
2026-03-06T23:06:27.7358879Z (Worker_DP0_TP2_EP2 pid=2612) /usr/local/python3.11.14/lib/python3.11/site-packages/torch_npu/dynamo/torchair/configs/compiler_config.py:106: UserWarning: The following torchair config or properties may not take effect or report error in reduce-overhead mode: config.experimental_config.enable_view_optimize:True, set_dim_gears, dynamo_export, scope, npu_print
2026-03-06T23:06:27.7365113Z (Worker_DP1_TP4_EP12 pid=3724)   warnings.warn(
2026-03-06T23:06:27.7375835Z (Worker_DP0_TP3_EP3 pid=3168) /usr/local/python3.11.14/lib/python3.11/site-packages/torch_npu/dynamo/torchair/configs/compiler_config.py:106: UserWarning: The following torchair config or properties may not take effect or report error in reduce-overhead mode: config.experimental_config.enable_view_optimize:True, set_dim_gears, dynamo_export, scope, npu_print
2026-03-06T23:06:27.7404387Z (Worker_DP0_TP4_EP4 pid=3725) /usr/local/python3.11.14/lib/python3.11/site-packages/torch_npu/dynamo/torchair/configs/compiler_config.py:106: UserWarning: The following torchair config or properties may not take effect or report error in reduce-overhead mode: config.experimental_config.enable_view_optimize:True, set_dim_gears, dynamo_export, scope, npu_print
2026-03-06T23:06:27.7407213Z (Worker_DP1_TP2_EP10 pid=2615) /usr/local/python3.11.14/lib/python3.11/site-packages/torch_npu/dynamo/torchair/configs/compiler_config.py:106: UserWarning: The following torchair config or properties may not take effect or report error in reduce-overhead mode: config.experimental_config.enable_view_optimize:True, set_dim_gears, dynamo_export, scope, npu_print
2026-03-06T23:06:27.7408611Z (Worker_DP0_TP2_EP2 pid=2612)   warnings.warn(
2026-03-06T23:06:27.7412687Z (Worker_DP0_TP1_EP1 pid=2054) /usr/local/python3.11.14/lib/python3.11/site-packages/torch_npu/dynamo/torchair/configs/compiler_config.py:106: UserWarning: The following torchair config or properties may not take effect or report error in reduce-overhead mode: config.experimental_config.enable_view_optimize:True, set_dim_gears, dynamo_export, scope, npu_print
2026-03-06T23:06:27.7420670Z (Worker_DP0_TP3_EP3 pid=3168)   warnings.warn(
2026-03-06T23:06:27.7430685Z (Worker_DP1_TP1_EP9 pid=2120) /usr/local/python3.11.14/lib/python3.11/site-packages/torch_npu/dynamo/torchair/configs/compiler_config.py:106: UserWarning: The following torchair config or properties may not take effect or report error in reduce-overhead mode: config.experimental_config.enable_view_optimize:True, set_dim_gears, dynamo_export, scope, npu_print
2026-03-06T23:06:27.7437546Z (Worker_DP0_TP4_EP4 pid=3725)   warnings.warn(
2026-03-06T23:06:27.7445781Z (Worker_DP1_TP2_EP10 pid=2615)   warnings.warn(
2026-03-06T23:06:27.7456387Z (Worker_DP1_TP6_EP14 pid=4836) /usr/local/python3.11.14/lib/python3.11/site-packages/torch_npu/dynamo/torchair/configs/compiler_config.py:106: UserWarning: The following torchair config or properties may not take effect or report error in reduce-overhead mode: config.experimental_config.enable_view_optimize:True, set_dim_gears, dynamo_export, scope, npu_print
2026-03-06T23:06:27.7469638Z (Worker_DP1_TP0_EP8 pid=1243) /usr/local/python3.11.14/lib/python3.11/site-packages/torch_npu/dynamo/torchair/configs/compiler_config.py:106: UserWarning: The following torchair config or properties may not take effect or report error in reduce-overhead mode: config.experimental_config.enable_view_optimize:True, set_dim_gears, dynamo_export, scope, npu_print
2026-03-06T23:06:27.7474904Z (Worker_DP1_TP5_EP13 pid=4280) /usr/local/python3.11.14/lib/python3.11/site-packages/torch_npu/dynamo/torchair/configs/compiler_config.py:106: UserWarning: The following torchair config or properties may not take effect or report error in reduce-overhead mode: config.experimental_config.enable_view_optimize:True, set_dim_gears, dynamo_export, scope, npu_print
2026-03-06T23:06:27.7481945Z (Worker_DP0_TP1_EP1 pid=2054)   warnings.warn(
2026-03-06T23:06:27.7492537Z (Worker_DP0_TP0_EP0 pid=1242) /usr/local/python3.11.14/lib/python3.11/site-packages/torch_npu/dynamo/torchair/configs/compiler_config.py:106: UserWarning: The following torchair config or properties may not take effect or report error in reduce-overhead mode: config.experimental_config.enable_view_optimize:True, set_dim_gears, dynamo_export, scope, npu_print
2026-03-06T23:06:27.7499634Z (Worker_DP1_TP1_EP9 pid=2120)   warnings.warn(
2026-03-06T23:06:27.7509544Z (Worker_DP0_TP5_EP5 pid=4346) /usr/local/python3.11.14/lib/python3.11/site-packages/torch_npu/dynamo/torchair/configs/compiler_config.py:106: UserWarning: The following torchair config or properties may not take effect or report error in reduce-overhead mode: config.experimental_config.enable_view_optimize:True, set_dim_gears, dynamo_export, scope, npu_print
2026-03-06T23:06:27.7516384Z (Worker_DP1_TP0_EP8 pid=1243)   warnings.warn(
2026-03-06T23:06:27.7524446Z (Worker_DP1_TP6_EP14 pid=4836)   warnings.warn(
2026-03-06T23:06:27.7532497Z (Worker_DP0_TP5_EP5 pid=4346)   warnings.warn(
2026-03-06T23:06:27.7541051Z (Worker_DP1_TP5_EP13 pid=4280)   warnings.warn(
2026-03-06T23:06:27.7549409Z (Worker_DP0_TP0_EP0 pid=1242)   warnings.warn(
2026-03-06T23:06:27.7560464Z (Worker_DP1_TP3_EP11 pid=3170) /usr/local/python3.11.14/lib/python3.11/site-packages/torch_npu/dynamo/torchair/configs/compiler_config.py:106: UserWarning: The following torchair config or properties may not take effect or report error in reduce-overhead mode: config.experimental_config.enable_view_optimize:True, set_dim_gears, dynamo_export, scope, npu_print
2026-03-06T23:06:27.7568979Z (Worker_DP0_TP7_EP7 pid=5395) /usr/local/python3.11.14/lib/python3.11/site-packages/torch_npu/dynamo/torchair/configs/compiler_config.py:106: UserWarning: The following torchair config or properties may not take effect or report error in reduce-overhead mode: config.experimental_config.enable_view_optimize:True, set_dim_gears, dynamo_export, scope, npu_print
2026-03-06T23:06:27.7576253Z (Worker_DP1_TP3_EP11 pid=3170)   warnings.warn(
2026-03-06T23:06:27.7586090Z (Worker_DP1_TP7_EP15 pid=5392) /usr/local/python3.11.14/lib/python3.11/site-packages/torch_npu/dynamo/torchair/configs/compiler_config.py:106: UserWarning: The following torchair config or properties may not take effect or report error in reduce-overhead mode: config.experimental_config.enable_view_optimize:True, set_dim_gears, dynamo_export, scope, npu_print
2026-03-06T23:06:27.7593364Z (Worker_DP0_TP7_EP7 pid=5395)   warnings.warn(
2026-03-06T23:06:27.7601389Z (Worker_DP1_TP7_EP15 pid=5392)   warnings.warn(
2026-03-06T23:06:28.0665333Z (Worker_DP0_TP4_EP4 pid=3725) /usr/local/python3.11.14/lib/python3.11/site-packages/torch_npu/dynamo/torchair/configs/compiler_config.py:106: UserWarning: The following torchair config or properties may not take effect or report error in reduce-overhead mode: config.experimental_config.enable_view_optimize:True, set_dim_gears, dynamo_export, scope, npu_print
2026-03-06T23:06:28.0673741Z (Worker_DP0_TP3_EP3 pid=3168) /usr/local/python3.11.14/lib/python3.11/site-packages/torch_npu/dynamo/torchair/configs/compiler_config.py:106: UserWarning: The following torchair config or properties may not take effect or report error in reduce-overhead mode: config.experimental_config.enable_view_optimize:True, set_dim_gears, dynamo_export, scope, npu_print
2026-03-06T23:06:28.0683638Z (Worker_DP0_TP5_EP5 pid=4346) /usr/local/python3.11.14/lib/python3.11/site-packages/torch_npu/dynamo/torchair/configs/compiler_config.py:106: UserWarning: The following torchair config or properties may not take effect or report error in reduce-overhead mode: config.experimental_config.enable_view_optimize:True, set_dim_gears, dynamo_export, scope, npu_print
2026-03-06T23:06:28.0693336Z (Worker_DP1_TP3_EP11 pid=3170) /usr/local/python3.11.14/lib/python3.11/site-packages/torch_npu/dynamo/torchair/configs/compiler_config.py:106: UserWarning: The following torchair config or properties may not take effect or report error in reduce-overhead mode: config.experimental_config.enable_view_optimize:True, set_dim_gears, dynamo_export, scope, npu_print
2026-03-06T23:06:28.0701078Z (Worker_DP0_TP4_EP4 pid=3725)   warnings.warn(
2026-03-06T23:06:28.0709317Z (Worker_DP0_TP5_EP5 pid=4346)   warnings.warn(
2026-03-06T23:06:28.0717908Z (Worker_DP0_TP3_EP3 pid=3168)   warnings.warn(
2026-03-06T23:06:28.0728017Z (Worker_DP1_TP0_EP8 pid=1243) /usr/local/python3.11.14/lib/python3.11/site-packages/torch_npu/dynamo/torchair/configs/compiler_config.py:106: UserWarning: The following torchair config or properties may not take effect or report error in reduce-overhead mode: config.experimental_config.enable_view_optimize:True, set_dim_gears, dynamo_export, scope, npu_print
2026-03-06T23:06:28.0737939Z (Worker_DP0_TP2_EP2 pid=2612) /usr/local/python3.11.14/lib/python3.11/site-packages/torch_npu/dynamo/torchair/configs/compiler_config.py:106: UserWarning: The following torchair config or properties may not take effect or report error in reduce-overhead mode: config.experimental_config.enable_view_optimize:True, set_dim_gears, dynamo_export, scope, npu_print
2026-03-06T23:06:28.0744465Z (Worker_DP1_TP3_EP11 pid=3170)   warnings.warn(
2026-03-06T23:06:28.0755650Z (Worker_DP1_TP1_EP9 pid=2120) /usr/local/python3.11.14/lib/python3.11/site-packages/torch_npu/dynamo/torchair/configs/compiler_config.py:106: UserWarning: The following torchair config or properties may not take effect or report error in reduce-overhead mode: config.experimental_config.enable_view_optimize:True, set_dim_gears, dynamo_export, scope, npu_print
2026-03-06T23:06:28.0765639Z (Worker_DP1_TP7_EP15 pid=5392) /usr/local/python3.11.14/lib/python3.11/site-packages/torch_npu/dynamo/torchair/configs/compiler_config.py:106: UserWarning: The following torchair config or properties may not take effect or report error in reduce-overhead mode: config.experimental_config.enable_view_optimize:True, set_dim_gears, dynamo_export, scope, npu_print
2026-03-06T23:06:28.0774200Z (Worker_DP1_TP6_EP14 pid=4836) /usr/local/python3.11.14/lib/python3.11/site-packages/torch_npu/dynamo/torchair/configs/compiler_config.py:106: UserWarning: The following torchair config or properties may not take effect or report error in reduce-overhead mode: config.experimental_config.enable_view_optimize:True, set_dim_gears, dynamo_export, scope, npu_print
2026-03-06T23:06:28.0780689Z (Worker_DP1_TP0_EP8 pid=1243)   warnings.warn(
2026-03-06T23:06:28.0789017Z (Worker_DP0_TP2_EP2 pid=2612)   warnings.warn(
2026-03-06T23:06:28.0799810Z (Worker_DP0_TP7_EP7 pid=5395) /usr/local/python3.11.14/lib/python3.11/site-packages/torch_npu/dynamo/torchair/configs/compiler_config.py:106: UserWarning: The following torchair config or properties may not take effect or report error in reduce-overhead mode: config.experimental_config.enable_view_optimize:True, set_dim_gears, dynamo_export, scope, npu_print
2026-03-06T23:06:28.0808607Z (Worker_DP1_TP4_EP12 pid=3724) /usr/local/python3.11.14/lib/python3.11/site-packages/torch_npu/dynamo/torchair/configs/compiler_config.py:106: UserWarning: The following torchair config or properties may not take effect or report error in reduce-overhead mode: config.experimental_config.enable_view_optimize:True, set_dim_gears, dynamo_export, scope, npu_print
2026-03-06T23:06:28.0816304Z (Worker_DP1_TP1_EP9 pid=2120)   warnings.warn(
2026-03-06T23:06:28.0827039Z (Worker_DP0_TP0_EP0 pid=1242) /usr/local/python3.11.14/lib/python3.11/site-packages/torch_npu/dynamo/torchair/configs/compiler_config.py:106: UserWarning: The following torchair config or properties may not take effect or report error in reduce-overhead mode: config.experimental_config.enable_view_optimize:True, set_dim_gears, dynamo_export, scope, npu_print
2026-03-06T23:06:28.0834457Z (Worker_DP1_TP7_EP15 pid=5392)   warnings.warn(
2026-03-06T23:06:28.0842895Z (Worker_DP1_TP6_EP14 pid=4836)   warnings.warn(
2026-03-06T23:06:28.0853415Z (Worker_DP0_TP6_EP6 pid=4902) /usr/local/python3.11.14/lib/python3.11/site-packages/torch_npu/dynamo/torchair/configs/compiler_config.py:106: UserWarning: The following torchair config or properties may not take effect or report error in reduce-overhead mode: config.experimental_config.enable_view_optimize:True, set_dim_gears, dynamo_export, scope, npu_print
2026-03-06T23:06:28.0862015Z (Worker_DP0_TP1_EP1 pid=2054) /usr/local/python3.11.14/lib/python3.11/site-packages/torch_npu/dynamo/torchair/configs/compiler_config.py:106: UserWarning: The following torchair config or properties may not take effect or report error in reduce-overhead mode: config.experimental_config.enable_view_optimize:True, set_dim_gears, dynamo_export, scope, npu_print
2026-03-06T23:06:28.0871576Z (Worker_DP1_TP2_EP10 pid=2615) /usr/local/python3.11.14/lib/python3.11/site-packages/torch_npu/dynamo/torchair/configs/compiler_config.py:106: UserWarning: The following torchair config or properties may not take effect or report error in reduce-overhead mode: config.experimental_config.enable_view_optimize:True, set_dim_gears, dynamo_export, scope, npu_print
2026-03-06T23:06:28.0878182Z (Worker_DP0_TP7_EP7 pid=5395)   warnings.warn(
2026-03-06T23:06:28.0887018Z (Worker_DP1_TP4_EP12 pid=3724)   warnings.warn(
2026-03-06T23:06:28.0894687Z (Worker_DP0_TP0_EP0 pid=1242)   warnings.warn(
2026-03-06T23:06:28.0902907Z (Worker_DP0_TP6_EP6 pid=4902)   warnings.warn(
2026-03-06T23:06:28.0911171Z (Worker_DP0_TP1_EP1 pid=2054)   warnings.warn(
2026-03-06T23:06:28.0922089Z (Worker_DP1_TP5_EP13 pid=4280) /usr/local/python3.11.14/lib/python3.11/site-packages/torch_npu/dynamo/torchair/configs/compiler_config.py:106: UserWarning: The following torchair config or properties may not take effect or report error in reduce-overhead mode: config.experimental_config.enable_view_optimize:True, set_dim_gears, dynamo_export, scope, npu_print
2026-03-06T23:06:28.0928621Z (Worker_DP1_TP2_EP10 pid=2615)   warnings.warn(
2026-03-06T23:06:28.0936672Z (Worker_DP1_TP5_EP13 pid=4280)   warnings.warn(
2026-03-06T23:06:28.4246422Z (Worker_DP0_TP2_EP2 pid=2612) /usr/local/python3.11.14/lib/python3.11/site-packages/torch_npu/dynamo/torchair/configs/compiler_config.py:106: UserWarning: The following torchair config or properties may not take effect or report error in reduce-overhead mode: config.experimental_config.enable_view_optimize:True, set_dim_gears, dynamo_export, scope, npu_print
2026-03-06T23:06:28.4255157Z (Worker_DP0_TP0_EP0 pid=1242) /usr/local/python3.11.14/lib/python3.11/site-packages/torch_npu/dynamo/torchair/configs/compiler_config.py:106: UserWarning: The following torchair config or properties may not take effect or report error in reduce-overhead mode: config.experimental_config.enable_view_optimize:True, set_dim_gears, dynamo_export, scope, npu_print
2026-03-06T23:06:28.4265823Z (Worker_DP1_TP3_EP11 pid=3170) /usr/local/python3.11.14/lib/python3.11/site-packages/torch_npu/dynamo/torchair/configs/compiler_config.py:106: UserWarning: The following torchair config or properties may not take effect or report error in reduce-overhead mode: config.experimental_config.enable_view_optimize:True, set_dim_gears, dynamo_export, scope, npu_print
2026-03-06T23:06:28.4275254Z (Worker_DP0_TP3_EP3 pid=3168) /usr/local/python3.11.14/lib/python3.11/site-packages/torch_npu/dynamo/torchair/configs/compiler_config.py:106: UserWarning: The following torchair config or properties may not take effect or report error in reduce-overhead mode: config.experimental_config.enable_view_optimize:True, set_dim_gears, dynamo_export, scope, npu_print
2026-03-06T23:06:28.4284602Z (Worker_DP0_TP1_EP1 pid=2054) /usr/local/python3.11.14/lib/python3.11/site-packages/torch_npu/dynamo/torchair/configs/compiler_config.py:106: UserWarning: The following torchair config or properties may not take effect or report error in reduce-overhead mode: config.experimental_config.enable_view_optimize:True, set_dim_gears, dynamo_export, scope, npu_print
2026-03-06T23:06:28.4292047Z (Worker_DP0_TP2_EP2 pid=2612)   warnings.warn(
2026-03-06T23:06:28.4302999Z (Worker_DP0_TP7_EP7 pid=5395) /usr/local/python3.11.14/lib/python3.11/site-packages/torch_npu/dynamo/torchair/configs/compiler_config.py:106: UserWarning: The following torchair config or properties may not take effect or report error in reduce-overhead mode: config.experimental_config.enable_view_optimize:True, set_dim_gears, dynamo_export, scope, npu_print
2026-03-06T23:06:28.4312379Z (Worker_DP0_TP6_EP6 pid=4902) /usr/local/python3.11.14/lib/python3.11/site-packages/torch_npu/dynamo/torchair/configs/compiler_config.py:106: UserWarning: The following torchair config or properties may not take effect or report error in reduce-overhead mode: config.experimental_config.enable_view_optimize:True, set_dim_gears, dynamo_export, scope, npu_print
2026-03-06T23:06:28.4321805Z (Worker_DP1_TP7_EP15 pid=5392) /usr/local/python3.11.14/lib/python3.11/site-packages/torch_npu/dynamo/torchair/configs/compiler_config.py:106: UserWarning: The following torchair config or properties may not take effect or report error in reduce-overhead mode: config.experimental_config.enable_view_optimize:True, set_dim_gears, dynamo_export, scope, npu_print
2026-03-06T23:06:28.4329553Z (Worker_DP0_TP0_EP0 pid=1242)   warnings.warn(
2026-03-06T23:06:28.4340539Z (Worker_DP0_TP4_EP4 pid=3725) /usr/local/python3.11.14/lib/python3.11/site-packages/torch_npu/dynamo/torchair/configs/compiler_config.py:106: UserWarning: The following torchair config or properties may not take effect or report error in reduce-overhead mode: config.experimental_config.enable_view_optimize:True, set_dim_gears, dynamo_export, scope, npu_print
2026-03-06T23:06:28.4347414Z (Worker_DP1_TP3_EP11 pid=3170)   warnings.warn(
2026-03-06T23:06:28.4355578Z (Worker_DP0_TP3_EP3 pid=3168)   warnings.warn(
2026-03-06T23:06:28.4363555Z (Worker_DP0_TP1_EP1 pid=2054)   warnings.warn(
2026-03-06T23:06:28.4372282Z (Worker_DP0_TP7_EP7 pid=5395)   warnings.warn(
2026-03-06T23:06:28.4380804Z (Worker_DP0_TP4_EP4 pid=3725)   warnings.warn(
2026-03-06T23:06:28.4389119Z (Worker_DP0_TP6_EP6 pid=4902)   warnings.warn(
2026-03-06T23:06:28.4399672Z (Worker_DP0_TP5_EP5 pid=4346) /usr/local/python3.11.14/lib/python3.11/site-packages/torch_npu/dynamo/torchair/configs/compiler_config.py:106: UserWarning: The following torchair config or properties may not take effect or report error in reduce-overhead mode: config.experimental_config.enable_view_optimize:True, set_dim_gears, dynamo_export, scope, npu_print
2026-03-06T23:06:28.4407675Z (Worker_DP1_TP7_EP15 pid=5392)   warnings.warn(
2026-03-06T23:06:28.4417938Z (Worker_DP1_TP0_EP8 pid=1243) /usr/local/python3.11.14/lib/python3.11/site-packages/torch_npu/dynamo/torchair/configs/compiler_config.py:106: UserWarning: The following torchair config or properties may not take effect or report error in reduce-overhead mode: config.experimental_config.enable_view_optimize:True, set_dim_gears, dynamo_export, scope, npu_print
2026-03-06T23:06:28.4426933Z (Worker_DP1_TP1_EP9 pid=2120) /usr/local/python3.11.14/lib/python3.11/site-packages/torch_npu/dynamo/torchair/configs/compiler_config.py:106: UserWarning: The following torchair config or properties may not take effect or report error in reduce-overhead mode: config.experimental_config.enable_view_optimize:True, set_dim_gears, dynamo_export, scope, npu_print
2026-03-06T23:06:28.4435745Z (Worker_DP1_TP2_EP10 pid=2615) /usr/local/python3.11.14/lib/python3.11/site-packages/torch_npu/dynamo/torchair/configs/compiler_config.py:106: UserWarning: The following torchair config or properties may not take effect or report error in reduce-overhead mode: config.experimental_config.enable_view_optimize:True, set_dim_gears, dynamo_export, scope, npu_print
2026-03-06T23:06:28.4444295Z (Worker_DP1_TP5_EP13 pid=4280) /usr/local/python3.11.14/lib/python3.11/site-packages/torch_npu/dynamo/torchair/configs/compiler_config.py:106: UserWarning: The following torchair config or properties may not take effect or report error in reduce-overhead mode: config.experimental_config.enable_view_optimize:True, set_dim_gears, dynamo_export, scope, npu_print
2026-03-06T23:06:28.4451827Z (Worker_DP0_TP5_EP5 pid=4346)   warnings.warn(
2026-03-06T23:06:28.4462755Z (Worker_DP1_TP6_EP14 pid=4836) /usr/local/python3.11.14/lib/python3.11/site-packages/torch_npu/dynamo/torchair/configs/compiler_config.py:106: UserWarning: The following torchair config or properties may not take effect or report error in reduce-overhead mode: config.experimental_config.enable_view_optimize:True, set_dim_gears, dynamo_export, scope, npu_print
2026-03-06T23:06:28.4469721Z (Worker_DP1_TP1_EP9 pid=2120)   warnings.warn(
2026-03-06T23:06:28.4477788Z (Worker_DP1_TP0_EP8 pid=1243)   warnings.warn(
2026-03-06T23:06:28.4485707Z (Worker_DP1_TP2_EP10 pid=2615)   warnings.warn(
2026-03-06T23:06:28.4495819Z (Worker_DP1_TP4_EP12 pid=3724) /usr/local/python3.11.14/lib/python3.11/site-packages/torch_npu/dynamo/torchair/configs/compiler_config.py:106: UserWarning: The following torchair config or properties may not take effect or report error in reduce-overhead mode: config.experimental_config.enable_view_optimize:True, set_dim_gears, dynamo_export, scope, npu_print
2026-03-06T23:06:28.4502637Z (Worker_DP1_TP5_EP13 pid=4280)   warnings.warn(
2026-03-06T23:06:28.4510642Z (Worker_DP1_TP6_EP14 pid=4836)   warnings.warn(
2026-03-06T23:06:28.4519614Z (Worker_DP1_TP4_EP12 pid=3724)   warnings.warn(
2026-03-06T23:06:28.7732512Z (Worker_DP1_TP6_EP14 pid=4836) /usr/local/python3.11.14/lib/python3.11/site-packages/torch_npu/dynamo/torchair/configs/compiler_config.py:106: UserWarning: The following torchair config or properties may not take effect or report error in reduce-overhead mode: config.experimental_config.enable_view_optimize:True, set_dim_gears, dynamo_export, scope, npu_print
2026-03-06T23:06:28.7741587Z (Worker_DP1_TP7_EP15 pid=5392) /usr/local/python3.11.14/lib/python3.11/site-packages/torch_npu/dynamo/torchair/configs/compiler_config.py:106: UserWarning: The following torchair config or properties may not take effect or report error in reduce-overhead mode: config.experimental_config.enable_view_optimize:True, set_dim_gears, dynamo_export, scope, npu_print
2026-03-06T23:06:28.7750486Z (Worker_DP0_TP6_EP6 pid=4902) /usr/local/python3.11.14/lib/python3.11/site-packages/torch_npu/dynamo/torchair/configs/compiler_config.py:106: UserWarning: The following torchair config or properties may not take effect or report error in reduce-overhead mode: config.experimental_config.enable_view_optimize:True, set_dim_gears, dynamo_export, scope, npu_print
2026-03-06T23:06:28.7759183Z (Worker_DP1_TP7_EP15 pid=5392)   warnings.warn(
2026-03-06T23:06:28.7767711Z (Worker_DP1_TP6_EP14 pid=4836)   warnings.warn(
2026-03-06T23:06:28.7777868Z (Worker_DP1_TP5_EP13 pid=4280) /usr/local/python3.11.14/lib/python3.11/site-packages/torch_npu/dynamo/torchair/configs/compiler_config.py:106: UserWarning: The following torchair config or properties may not take effect or report error in reduce-overhead mode: config.experimental_config.enable_view_optimize:True, set_dim_gears, dynamo_export, scope, npu_print
2026-03-06T23:06:28.7786763Z (Worker_DP0_TP4_EP4 pid=3725) /usr/local/python3.11.14/lib/python3.11/site-packages/torch_npu/dynamo/torchair/configs/compiler_config.py:106: UserWarning: The following torchair config or properties may not take effect or report error in reduce-overhead mode: config.experimental_config.enable_view_optimize:True, set_dim_gears, dynamo_export, scope, npu_print
2026-03-06T23:06:28.7794049Z (Worker_DP0_TP6_EP6 pid=4902)   warnings.warn(
2026-03-06T23:06:28.7804504Z (Worker_DP0_TP5_EP5 pid=4346) /usr/local/python3.11.14/lib/python3.11/site-packages/torch_npu/dynamo/torchair/configs/compiler_config.py:106: UserWarning: The following torchair config or properties may not take effect or report error in reduce-overhead mode: config.experimental_config.enable_view_optimize:True, set_dim_gears, dynamo_export, scope, npu_print
2026-03-06T23:06:28.7814021Z (Worker_DP0_TP7_EP7 pid=5395) /usr/local/python3.11.14/lib/python3.11/site-packages/torch_npu/dynamo/torchair/configs/compiler_config.py:106: UserWarning: The following torchair config or properties may not take effect or report error in reduce-overhead mode: config.experimental_config.enable_view_optimize:True, set_dim_gears, dynamo_export, scope, npu_print
2026-03-06T23:06:28.7822554Z (Worker_DP0_TP3_EP3 pid=3168) /usr/local/python3.11.14/lib/python3.11/site-packages/torch_npu/dynamo/torchair/configs/compiler_config.py:106: UserWarning: The following torchair config or properties may not take effect or report error in reduce-overhead mode: config.experimental_config.enable_view_optimize:True, set_dim_gears, dynamo_export, scope, npu_print
2026-03-06T23:06:28.7830002Z (Worker_DP1_TP5_EP13 pid=4280)   warnings.warn(
2026-03-06T23:06:28.7837927Z (Worker_DP0_TP4_EP4 pid=3725)   warnings.warn(
2026-03-06T23:06:28.7846479Z (Worker_DP0_TP5_EP5 pid=4346)   warnings.warn(
2026-03-06T23:06:28.7854152Z (Worker_DP0_TP7_EP7 pid=5395)   warnings.warn(
2026-03-06T23:06:28.7864266Z (Worker_DP1_TP3_EP11 pid=3170) /usr/local/python3.11.14/lib/python3.11/site-packages/torch_npu/dynamo/torchair/configs/compiler_config.py:106: UserWarning: The following torchair config or properties may not take effect or report error in reduce-overhead mode: config.experimental_config.enable_view_optimize:True, set_dim_gears, dynamo_export, scope, npu_print
2026-03-06T23:06:28.7871859Z (Worker_DP0_TP3_EP3 pid=3168)   warnings.warn(
2026-03-06T23:06:28.7880585Z (Worker_DP1_TP3_EP11 pid=3170)   warnings.warn(
2026-03-06T23:06:28.7892003Z (Worker_DP1_TP4_EP12 pid=3724) /usr/local/python3.11.14/lib/python3.11/site-packages/torch_npu/dynamo/torchair/configs/compiler_config.py:106: UserWarning: The following torchair config or properties may not take effect or report error in reduce-overhead mode: config.experimental_config.enable_view_optimize:True, set_dim_gears, dynamo_export, scope, npu_print
2026-03-06T23:06:28.7900271Z (Worker_DP1_TP1_EP9 pid=2120) /usr/local/python3.11.14/lib/python3.11/site-packages/torch_npu/dynamo/torchair/configs/compiler_config.py:106: UserWarning: The following torchair config or properties may not take effect or report error in reduce-overhead mode: config.experimental_config.enable_view_optimize:True, set_dim_gears, dynamo_export, scope, npu_print
2026-03-06T23:06:28.7906952Z (Worker_DP1_TP4_EP12 pid=3724)   warnings.warn(
2026-03-06T23:06:28.7917075Z (Worker_DP1_TP0_EP8 pid=1243) /usr/local/python3.11.14/lib/python3.11/site-packages/torch_npu/dynamo/torchair/configs/compiler_config.py:106: UserWarning: The following torchair config or properties may not take effect or report error in reduce-overhead mode: config.experimental_config.enable_view_optimize:True, set_dim_gears, dynamo_export, scope, npu_print
2026-03-06T23:06:28.7923925Z (Worker_DP1_TP1_EP9 pid=2120)   warnings.warn(
2026-03-06T23:06:28.7931843Z (Worker_DP1_TP0_EP8 pid=1243)   warnings.warn(
2026-03-06T23:06:28.7942524Z (Worker_DP0_TP1_EP1 pid=2054) /usr/local/python3.11.14/lib/python3.11/site-packages/torch_npu/dynamo/torchair/configs/compiler_config.py:106: UserWarning: The following torchair config or properties may not take effect or report error in reduce-overhead mode: config.experimental_config.enable_view_optimize:True, set_dim_gears, dynamo_export, scope, npu_print
2026-03-06T23:06:28.7949970Z (Worker_DP0_TP1_EP1 pid=2054)   warnings.warn(
2026-03-06T23:06:28.7960475Z (Worker_DP0_TP0_EP0 pid=1242) /usr/local/python3.11.14/lib/python3.11/site-packages/torch_npu/dynamo/torchair/configs/compiler_config.py:106: UserWarning: The following torchair config or properties may not take effect or report error in reduce-overhead mode: config.experimental_config.enable_view_optimize:True, set_dim_gears, dynamo_export, scope, npu_print
2026-03-06T23:06:28.7969000Z (Worker_DP1_TP2_EP10 pid=2615) /usr/local/python3.11.14/lib/python3.11/site-packages/torch_npu/dynamo/torchair/configs/compiler_config.py:106: UserWarning: The following torchair config or properties may not take effect or report error in reduce-overhead mode: config.experimental_config.enable_view_optimize:True, set_dim_gears, dynamo_export, scope, npu_print
2026-03-06T23:06:28.7976045Z (Worker_DP0_TP0_EP0 pid=1242)   warnings.warn(
2026-03-06T23:06:28.7983866Z (Worker_DP1_TP2_EP10 pid=2615)   warnings.warn(
2026-03-06T23:06:28.7994890Z (Worker_DP0_TP2_EP2 pid=2612) /usr/local/python3.11.14/lib/python3.11/site-packages/torch_npu/dynamo/torchair/configs/compiler_config.py:106: UserWarning: The following torchair config or properties may not take effect or report error in reduce-overhead mode: config.experimental_config.enable_view_optimize:True, set_dim_gears, dynamo_export, scope, npu_print
2026-03-06T23:06:28.8001260Z (Worker_DP0_TP2_EP2 pid=2612)   warnings.warn(
2026-03-06T23:06:29.1084467Z (Worker_DP0_TP2_EP2 pid=2612) /usr/local/python3.11.14/lib/python3.11/site-packages/torch_npu/dynamo/torchair/configs/compiler_config.py:106: UserWarning: The following torchair config or properties may not take effect or report error in reduce-overhead mode: config.experimental_config.enable_view_optimize:True, set_dim_gears, dynamo_export, scope, npu_print
2026-03-06T23:06:29.1092160Z (Worker_DP0_TP2_EP2 pid=2612)   warnings.warn(
2026-03-06T23:06:29.1102198Z (Worker_DP1_TP2_EP10 pid=2615) /usr/local/python3.11.14/lib/python3.11/site-packages/torch_npu/dynamo/torchair/configs/compiler_config.py:106: UserWarning: The following torchair config or properties may not take effect or report error in reduce-overhead mode: config.experimental_config.enable_view_optimize:True, set_dim_gears, dynamo_export, scope, npu_print
2026-03-06T23:06:29.1112792Z (Worker_DP0_TP0_EP0 pid=1242) /usr/local/python3.11.14/lib/python3.11/site-packages/torch_npu/dynamo/torchair/configs/compiler_config.py:106: UserWarning: The following torchair config or properties may not take effect or report error in reduce-overhead mode: config.experimental_config.enable_view_optimize:True, set_dim_gears, dynamo_export, scope, npu_print
2026-03-06T23:06:29.1122163Z (Worker_DP0_TP1_EP1 pid=2054) /usr/local/python3.11.14/lib/python3.11/site-packages/torch_npu/dynamo/torchair/configs/compiler_config.py:106: UserWarning: The following torchair config or properties may not take effect or report error in reduce-overhead mode: config.experimental_config.enable_view_optimize:True, set_dim_gears, dynamo_export, scope, npu_print
2026-03-06T23:06:29.1130298Z (Worker_DP1_TP2_EP10 pid=2615)   warnings.warn(
2026-03-06T23:06:29.1138222Z (Worker_DP0_TP0_EP0 pid=1242)   warnings.warn(
2026-03-06T23:06:29.1147227Z (Worker_DP0_TP1_EP1 pid=2054)   warnings.warn(
2026-03-06T23:06:29.1158025Z (Worker_DP1_TP1_EP9 pid=2120) /usr/local/python3.11.14/lib/python3.11/site-packages/torch_npu/dynamo/torchair/configs/compiler_config.py:106: UserWarning: The following torchair config or properties may not take effect or report error in reduce-overhead mode: config.experimental_config.enable_view_optimize:True, set_dim_gears, dynamo_export, scope, npu_print
2026-03-06T23:06:29.1165242Z (Worker_DP1_TP1_EP9 pid=2120)   warnings.warn(
2026-03-06T23:06:29.1175524Z (Worker_DP1_TP0_EP8 pid=1243) /usr/local/python3.11.14/lib/python3.11/site-packages/torch_npu/dynamo/torchair/configs/compiler_config.py:106: UserWarning: The following torchair config or properties may not take effect or report error in reduce-overhead mode: config.experimental_config.enable_view_optimize:True, set_dim_gears, dynamo_export, scope, npu_print
2026-03-06T23:06:29.1182657Z (Worker_DP1_TP0_EP8 pid=1243)   warnings.warn(
2026-03-06T23:06:29.1193027Z (Worker_DP0_TP4_EP4 pid=3725) /usr/local/python3.11.14/lib/python3.11/site-packages/torch_npu/dynamo/torchair/configs/compiler_config.py:106: UserWarning: The following torchair config or properties may not take effect or report error in reduce-overhead mode: config.experimental_config.enable_view_optimize:True, set_dim_gears, dynamo_export, scope, npu_print
2026-03-06T23:06:29.1202265Z (Worker_DP0_TP3_EP3 pid=3168) /usr/local/python3.11.14/lib/python3.11/site-packages/torch_npu/dynamo/torchair/configs/compiler_config.py:106: UserWarning: The following torchair config or properties may not take effect or report error in reduce-overhead mode: config.experimental_config.enable_view_optimize:True, set_dim_gears, dynamo_export, scope, npu_print
2026-03-06T23:06:29.1210234Z (Worker_DP0_TP4_EP4 pid=3725)   warnings.warn(
2026-03-06T23:06:29.1220293Z (Worker_DP0_TP7_EP7 pid=5395) /usr/local/python3.11.14/lib/python3.11/site-packages/torch_npu/dynamo/torchair/configs/compiler_config.py:106: UserWarning: The following torchair config or properties may not take effect or report error in reduce-overhead mode: config.experimental_config.enable_view_optimize:True, set_dim_gears, dynamo_export, scope, npu_print
2026-03-06T23:06:29.1229526Z (Worker_DP0_TP5_EP5 pid=4346) /usr/local/python3.11.14/lib/python3.11/site-packages/torch_npu/dynamo/torchair/configs/compiler_config.py:106: UserWarning: The following torchair config or properties may not take effect or report error in reduce-overhead mode: config.experimental_config.enable_view_optimize:True, set_dim_gears, dynamo_export, scope, npu_print
2026-03-06T23:06:29.1237576Z (Worker_DP1_TP3_EP11 pid=3170) /usr/local/python3.11.14/lib/python3.11/site-packages/torch_npu/dynamo/torchair/configs/compiler_config.py:106: UserWarning: The following torchair config or properties may not take effect or report error in reduce-overhead mode: config.experimental_config.enable_view_optimize:True, set_dim_gears, dynamo_export, scope, npu_print
2026-03-06T23:06:29.1244232Z (Worker_DP0_TP3_EP3 pid=3168)   warnings.warn(
2026-03-06T23:06:29.1253053Z (Worker_DP0_TP5_EP5 pid=4346)   warnings.warn(
2026-03-06T23:06:29.1261232Z (Worker_DP0_TP7_EP7 pid=5395)   warnings.warn(
2026-03-06T23:06:29.1271630Z (Worker_DP0_TP6_EP6 pid=4902) /usr/local/python3.11.14/lib/python3.11/site-packages/torch_npu/dynamo/torchair/configs/compiler_config.py:106: UserWarning: The following torchair config or properties may not take effect or report error in reduce-overhead mode: config.experimental_config.enable_view_optimize:True, set_dim_gears, dynamo_export, scope, npu_print
2026-03-06T23:06:29.1278072Z (Worker_DP1_TP3_EP11 pid=3170)   warnings.warn(
2026-03-06T23:06:29.1288343Z (Worker_DP1_TP5_EP13 pid=4280) /usr/local/python3.11.14/lib/python3.11/site-packages/torch_npu/dynamo/torchair/configs/compiler_config.py:106: UserWarning: The following torchair config or properties may not take effect or report error in reduce-overhead mode: config.experimental_config.enable_view_optimize:True, set_dim_gears, dynamo_export, scope, npu_print
2026-03-06T23:06:29.1295023Z (Worker_DP0_TP6_EP6 pid=4902)   warnings.warn(
2026-03-06T23:06:29.1304883Z (Worker_DP1_TP4_EP12 pid=3724) /usr/local/python3.11.14/lib/python3.11/site-packages/torch_npu/dynamo/torchair/configs/compiler_config.py:106: UserWarning: The following torchair config or properties may not take effect or report error in reduce-overhead mode: config.experimental_config.enable_view_optimize:True, set_dim_gears, dynamo_export, scope, npu_print
2026-03-06T23:06:29.1311590Z (Worker_DP1_TP5_EP13 pid=4280)   warnings.warn(
2026-03-06T23:06:29.1319551Z (Worker_DP1_TP4_EP12 pid=3724)   warnings.warn(
2026-03-06T23:06:29.1331579Z (Worker_DP1_TP6_EP14 pid=4836) /usr/local/python3.11.14/lib/python3.11/site-packages/torch_npu/dynamo/torchair/configs/compiler_config.py:106: UserWarning: The following torchair config or properties may not take effect or report error in reduce-overhead mode: config.experimental_config.enable_view_optimize:True, set_dim_gears, dynamo_export, scope, npu_print
2026-03-06T23:06:29.1336986Z (Worker_DP1_TP6_EP14 pid=4836)   warnings.warn(
2026-03-06T23:06:29.1347223Z (Worker_DP1_TP7_EP15 pid=5392) /usr/local/python3.11.14/lib/python3.11/site-packages/torch_npu/dynamo/torchair/configs/compiler_config.py:106: UserWarning: The following torchair config or properties may not take effect or report error in reduce-overhead mode: config.experimental_config.enable_view_optimize:True, set_dim_gears, dynamo_export, scope, npu_print
2026-03-06T23:06:29.1353580Z (Worker_DP1_TP7_EP15 pid=5392)   warnings.warn(
2026-03-06T23:06:29.4412821Z (Worker_DP1_TP3_EP11 pid=3170) /usr/local/python3.11.14/lib/python3.11/site-packages/torch_npu/dynamo/torchair/configs/compiler_config.py:106: UserWarning: The following torchair config or properties may not take effect or report error in reduce-overhead mode: config.experimental_config.enable_view_optimize:True, set_dim_gears, dynamo_export, scope, npu_print
2026-03-06T23:06:29.4421718Z (Worker_DP1_TP1_EP9 pid=2120) /usr/local/python3.11.14/lib/python3.11/site-packages/torch_npu/dynamo/torchair/configs/compiler_config.py:106: UserWarning: The following torchair config or properties may not take effect or report error in reduce-overhead mode: config.experimental_config.enable_view_optimize:True, set_dim_gears, dynamo_export, scope, npu_print
2026-03-06T23:06:29.4431645Z (Worker_DP1_TP0_EP8 pid=1243) /usr/local/python3.11.14/lib/python3.11/site-packages/torch_npu/dynamo/torchair/configs/compiler_config.py:106: UserWarning: The following torchair config or properties may not take effect or report error in reduce-overhead mode: config.experimental_config.enable_view_optimize:True, set_dim_gears, dynamo_export, scope, npu_print
2026-03-06T23:06:29.4440898Z (Worker_DP1_TP5_EP13 pid=4280) /usr/local/python3.11.14/lib/python3.11/site-packages/torch_npu/dynamo/torchair/configs/compiler_config.py:106: UserWarning: The following torchair config or properties may not take effect or report error in reduce-overhead mode: config.experimental_config.enable_view_optimize:True, set_dim_gears, dynamo_export, scope, npu_print
2026-03-06T23:06:29.4449409Z (Worker_DP1_TP3_EP11 pid=3170)   warnings.warn(
2026-03-06T23:06:29.4461580Z (Worker_DP1_TP4_EP12 pid=3724) /usr/local/python3.11.14/lib/python3.11/site-packages/torch_npu/dynamo/torchair/configs/compiler_config.py:106: UserWarning: The following torchair config or properties may not take effect or report error in reduce-overhead mode: config.experimental_config.enable_view_optimize:True, set_dim_gears, dynamo_export, scope, npu_print
2026-03-06T23:06:29.4468319Z (Worker_DP1_TP1_EP9 pid=2120)   warnings.warn(
2026-03-06T23:06:29.4477526Z (Worker_DP1_TP0_EP8 pid=1243)   warnings.warn(
2026-03-06T23:06:29.4485348Z (Worker_DP1_TP5_EP13 pid=4280)   warnings.warn(
2026-03-06T23:06:29.4495834Z (Worker_DP1_TP2_EP10 pid=2615) /usr/local/python3.11.14/lib/python3.11/site-packages/torch_npu/dynamo/torchair/configs/compiler_config.py:106: UserWarning: The following torchair config or properties may not take effect or report error in reduce-overhead mode: config.experimental_config.enable_view_optimize:True, set_dim_gears, dynamo_export, scope, npu_print
2026-03-06T23:06:29.4506003Z (Worker_DP1_TP6_EP14 pid=4836) /usr/local/python3.11.14/lib/python3.11/site-packages/torch_npu/dynamo/torchair/configs/compiler_config.py:106: UserWarning: The following torchair config or properties may not take effect or report error in reduce-overhead mode: config.experimental_config.enable_view_optimize:True, set_dim_gears, dynamo_export, scope, npu_print
2026-03-06T23:06:29.4514860Z (Worker_DP1_TP7_EP15 pid=5392) /usr/local/python3.11.14/lib/python3.11/site-packages/torch_npu/dynamo/torchair/configs/compiler_config.py:106: UserWarning: The following torchair config or properties may not take effect or report error in reduce-overhead mode: config.experimental_config.enable_view_optimize:True, set_dim_gears, dynamo_export, scope, npu_print
2026-03-06T23:06:29.4520989Z (Worker_DP1_TP4_EP12 pid=3724)   warnings.warn(
2026-03-06T23:06:29.4529358Z (Worker_DP1_TP2_EP10 pid=2615)   warnings.warn(
2026-03-06T23:06:29.4537964Z (Worker_DP1_TP6_EP14 pid=4836)   warnings.warn(
2026-03-06T23:06:29.4546797Z (Worker_DP1_TP7_EP15 pid=5392)   warnings.warn(
2026-03-06T23:06:29.4556708Z (Worker_DP0_TP5_EP5 pid=4346) /usr/local/python3.11.14/lib/python3.11/site-packages/torch_npu/dynamo/torchair/configs/compiler_config.py:106: UserWarning: The following torchair config or properties may not take effect or report error in reduce-overhead mode: config.experimental_config.enable_view_optimize:True, set_dim_gears, dynamo_export, scope, npu_print
2026-03-06T23:06:29.4565784Z (Worker_DP0_TP6_EP6 pid=4902) /usr/local/python3.11.14/lib/python3.11/site-packages/torch_npu/dynamo/torchair/configs/compiler_config.py:106: UserWarning: The following torchair config or properties may not take effect or report error in reduce-overhead mode: config.experimental_config.enable_view_optimize:True, set_dim_gears, dynamo_export, scope, npu_print
2026-03-06T23:06:29.4575393Z (Worker_DP0_TP7_EP7 pid=5395) /usr/local/python3.11.14/lib/python3.11/site-packages/torch_npu/dynamo/torchair/configs/compiler_config.py:106: UserWarning: The following torchair config or properties may not take effect or report error in reduce-overhead mode: config.experimental_config.enable_view_optimize:True, set_dim_gears, dynamo_export, scope, npu_print
2026-03-06T23:06:29.4582120Z (Worker_DP0_TP5_EP5 pid=4346)   warnings.warn(
2026-03-06T23:06:29.4593608Z (Worker_DP0_TP3_EP3 pid=3168) /usr/local/python3.11.14/lib/python3.11/site-packages/torch_npu/dynamo/torchair/configs/compiler_config.py:106: UserWarning: The following torchair config or properties may not take effect or report error in reduce-overhead mode: config.experimental_config.enable_view_optimize:True, set_dim_gears, dynamo_export, scope, npu_print
2026-03-06T23:06:29.4601110Z (Worker_DP0_TP6_EP6 pid=4902)   warnings.warn(
2026-03-06T23:06:29.4609283Z (Worker_DP0_TP7_EP7 pid=5395)   warnings.warn(
2026-03-06T23:06:29.4619490Z (Worker_DP0_TP4_EP4 pid=3725) /usr/local/python3.11.14/lib/python3.11/site-packages/torch_npu/dynamo/torchair/configs/compiler_config.py:106: UserWarning: The following torchair config or properties may not take effect or report error in reduce-overhead mode: config.experimental_config.enable_view_optimize:True, set_dim_gears, dynamo_export, scope, npu_print
2026-03-06T23:06:29.4628197Z (Worker_DP0_TP2_EP2 pid=2612) /usr/local/python3.11.14/lib/python3.11/site-packages/torch_npu/dynamo/torchair/configs/compiler_config.py:106: UserWarning: The following torchair config or properties may not take effect or report error in reduce-overhead mode: config.experimental_config.enable_view_optimize:True, set_dim_gears, dynamo_export, scope, npu_print
2026-03-06T23:06:29.4636978Z (Worker_DP0_TP1_EP1 pid=2054) /usr/local/python3.11.14/lib/python3.11/site-packages/torch_npu/dynamo/torchair/configs/compiler_config.py:106: UserWarning: The following torchair config or properties may not take effect or report error in reduce-overhead mode: config.experimental_config.enable_view_optimize:True, set_dim_gears, dynamo_export, scope, npu_print
2026-03-06T23:06:29.4643356Z (Worker_DP0_TP3_EP3 pid=3168)   warnings.warn(
2026-03-06T23:06:29.4651507Z (Worker_DP0_TP4_EP4 pid=3725)   warnings.warn(
2026-03-06T23:06:29.4691821Z (Worker_DP0_TP2_EP2 pid=2612)   warnings.warn(
2026-03-06T23:06:29.4692141Z (Worker_DP0_TP1_EP1 pid=2054)   warnings.warn(
2026-03-06T23:06:29.4693617Z (Worker_DP0_TP0_EP0 pid=1242) /usr/local/python3.11.14/lib/python3.11/site-packages/torch_npu/dynamo/torchair/configs/compiler_config.py:106: UserWarning: The following torchair config or properties may not take effect or report error in reduce-overhead mode: config.experimental_config.enable_view_optimize:True, set_dim_gears, dynamo_export, scope, npu_print
2026-03-06T23:06:29.4694994Z (Worker_DP0_TP0_EP0 pid=1242)   warnings.warn(
2026-03-06T23:06:29.7766196Z (Worker_DP1_TP3_EP11 pid=3170) /usr/local/python3.11.14/lib/python3.11/site-packages/torch_npu/dynamo/torchair/configs/compiler_config.py:106: UserWarning: The following torchair config or properties may not take effect or report error in reduce-overhead mode: config.experimental_config.enable_view_optimize:True, set_dim_gears, dynamo_export, scope, npu_print
2026-03-06T23:06:29.7773229Z (Worker_DP0_TP5_EP5 pid=4346) /usr/local/python3.11.14/lib/python3.11/site-packages/torch_npu/dynamo/torchair/configs/compiler_config.py:106: UserWarning: The following torchair config or properties may not take effect or report error in reduce-overhead mode: config.experimental_config.enable_view_optimize:True, set_dim_gears, dynamo_export, scope, npu_print
2026-03-06T23:06:29.7782828Z (Worker_DP0_TP6_EP6 pid=4902) /usr/local/python3.11.14/lib/python3.11/site-packages/torch_npu/dynamo/torchair/configs/compiler_config.py:106: UserWarning: The following torchair config or properties may not take effect or report error in reduce-overhead mode: config.experimental_config.enable_view_optimize:True, set_dim_gears, dynamo_export, scope, npu_print
2026-03-06T23:06:29.7792866Z (Worker_DP0_TP3_EP3 pid=3168) /usr/local/python3.11.14/lib/python3.11/site-packages/torch_npu/dynamo/torchair/configs/compiler_config.py:106: UserWarning: The following torchair config or properties may not take effect or report error in reduce-overhead mode: config.experimental_config.enable_view_optimize:True, set_dim_gears, dynamo_export, scope, npu_print
2026-03-06T23:06:29.7799804Z (Worker_DP1_TP3_EP11 pid=3170)   warnings.warn(
2026-03-06T23:06:29.7808636Z (Worker_DP0_TP6_EP6 pid=4902)   warnings.warn(
2026-03-06T23:06:29.7817288Z (Worker_DP0_TP5_EP5 pid=4346)   warnings.warn(
2026-03-06T23:06:29.7826070Z (Worker_DP0_TP3_EP3 pid=3168)   warnings.warn(
2026-03-06T23:06:29.7836637Z (Worker_DP0_TP4_EP4 pid=3725) /usr/local/python3.11.14/lib/python3.11/site-packages/torch_npu/dynamo/torchair/configs/compiler_config.py:106: UserWarning: The following torchair config or properties may not take effect or report error in reduce-overhead mode: config.experimental_config.enable_view_optimize:True, set_dim_gears, dynamo_export, scope, npu_print
2026-03-06T23:06:29.7845154Z (Worker_DP1_TP4_EP12 pid=3724) /usr/local/python3.11.14/lib/python3.11/site-packages/torch_npu/dynamo/torchair/configs/compiler_config.py:106: UserWarning: The following torchair config or properties may not take effect or report error in reduce-overhead mode: config.experimental_config.enable_view_optimize:True, set_dim_gears, dynamo_export, scope, npu_print
2026-03-06T23:06:29.7853232Z (Worker_DP0_TP4_EP4 pid=3725)   warnings.warn(
2026-03-06T23:06:29.7864612Z (Worker_DP0_TP7_EP7 pid=5395) /usr/local/python3.11.14/lib/python3.11/site-packages/torch_npu/dynamo/torchair/configs/compiler_config.py:106: UserWarning: The following torchair config or properties may not take effect or report error in reduce-overhead mode: config.experimental_config.enable_view_optimize:True, set_dim_gears, dynamo_export, scope, npu_print
2026-03-06T23:06:29.7871701Z (Worker_DP1_TP4_EP12 pid=3724)   warnings.warn(
2026-03-06T23:06:29.7879647Z (Worker_DP0_TP7_EP7 pid=5395)   warnings.warn(
2026-03-06T23:06:29.7890515Z (Worker_DP1_TP5_EP13 pid=4280) /usr/local/python3.11.14/lib/python3.11/site-packages/torch_npu/dynamo/torchair/configs/compiler_config.py:106: UserWarning: The following torchair config or properties may not take effect or report error in reduce-overhead mode: config.experimental_config.enable_view_optimize:True, set_dim_gears, dynamo_export, scope, npu_print
2026-03-06T23:06:29.7898910Z (Worker_DP1_TP6_EP14 pid=4836) /usr/local/python3.11.14/lib/python3.11/site-packages/torch_npu/dynamo/torchair/configs/compiler_config.py:106: UserWarning: The following torchair config or properties may not take effect or report error in reduce-overhead mode: config.experimental_config.enable_view_optimize:True, set_dim_gears, dynamo_export, scope, npu_print
2026-03-06T23:06:29.7906460Z (Worker_DP1_TP5_EP13 pid=4280)   warnings.warn(
2026-03-06T23:06:29.7914743Z (Worker_DP1_TP6_EP14 pid=4836)   warnings.warn(
2026-03-06T23:06:29.7925034Z (Worker_DP1_TP7_EP15 pid=5392) /usr/local/python3.11.14/lib/python3.11/site-packages/torch_npu/dynamo/torchair/configs/compiler_config.py:106: UserWarning: The following torchair config or properties may not take effect or report error in reduce-overhead mode: config.experimental_config.enable_view_optimize:True, set_dim_gears, dynamo_export, scope, npu_print
2026-03-06T23:06:29.7932232Z (Worker_DP1_TP7_EP15 pid=5392)   warnings.warn(
2026-03-06T23:06:29.7942414Z (Worker_DP0_TP2_EP2 pid=2612) /usr/local/python3.11.14/lib/python3.11/site-packages/torch_npu/dynamo/torchair/configs/compiler_config.py:106: UserWarning: The following torchair config or properties may not take effect or report error in reduce-overhead mode: config.experimental_config.enable_view_optimize:True, set_dim_gears, dynamo_export, scope, npu_print
2026-03-06T23:06:29.7952193Z (Worker_DP1_TP1_EP9 pid=2120) /usr/local/python3.11.14/lib/python3.11/site-packages/torch_npu/dynamo/torchair/configs/compiler_config.py:106: UserWarning: The following torchair config or properties may not take effect or report error in reduce-overhead mode: config.experimental_config.enable_view_optimize:True, set_dim_gears, dynamo_export, scope, npu_print
2026-03-06T23:06:29.7960980Z (Worker_DP1_TP0_EP8 pid=1243) /usr/local/python3.11.14/lib/python3.11/site-packages/torch_npu/dynamo/torchair/configs/compiler_config.py:106: UserWarning: The following torchair config or properties may not take effect or report error in reduce-overhead mode: config.experimental_config.enable_view_optimize:True, set_dim_gears, dynamo_export, scope, npu_print
2026-03-06T23:06:29.7967774Z (Worker_DP0_TP2_EP2 pid=2612)   warnings.warn(
2026-03-06T23:06:29.7975967Z (Worker_DP1_TP1_EP9 pid=2120)   warnings.warn(
2026-03-06T23:06:29.7983516Z (Worker_DP1_TP0_EP8 pid=1243)   warnings.warn(
2026-03-06T23:06:29.7993810Z (Worker_DP1_TP2_EP10 pid=2615) /usr/local/python3.11.14/lib/python3.11/site-packages/torch_npu/dynamo/torchair/configs/compiler_config.py:106: UserWarning: The following torchair config or properties may not take effect or report error in reduce-overhead mode: config.experimental_config.enable_view_optimize:True, set_dim_gears, dynamo_export, scope, npu_print
2026-03-06T23:06:29.8001840Z (Worker_DP1_TP2_EP10 pid=2615)   warnings.warn(
2026-03-06T23:06:29.8012270Z (Worker_DP0_TP1_EP1 pid=2054) /usr/local/python3.11.14/lib/python3.11/site-packages/torch_npu/dynamo/torchair/configs/compiler_config.py:106: UserWarning: The following torchair config or properties may not take effect or report error in reduce-overhead mode: config.experimental_config.enable_view_optimize:True, set_dim_gears, dynamo_export, scope, npu_print
2026-03-06T23:06:29.8018833Z (Worker_DP0_TP1_EP1 pid=2054)   warnings.warn(
2026-03-06T23:06:29.8029259Z (Worker_DP0_TP0_EP0 pid=1242) /usr/local/python3.11.14/lib/python3.11/site-packages/torch_npu/dynamo/torchair/configs/compiler_config.py:106: UserWarning: The following torchair config or properties may not take effect or report error in reduce-overhead mode: config.experimental_config.enable_view_optimize:True, set_dim_gears, dynamo_export, scope, npu_print
2026-03-06T23:06:29.8036359Z (Worker_DP0_TP0_EP0 pid=1242)   warnings.warn(
2026-03-06T23:06:30.1132358Z (Worker_DP1_TP3_EP11 pid=3170) /usr/local/python3.11.14/lib/python3.11/site-packages/torch_npu/dynamo/torchair/configs/compiler_config.py:106: UserWarning: The following torchair config or properties may not take effect or report error in reduce-overhead mode: config.experimental_config.enable_view_optimize:True, set_dim_gears, dynamo_export, scope, npu_print
2026-03-06T23:06:30.1142307Z (Worker_DP1_TP0_EP8 pid=1243) /usr/local/python3.11.14/lib/python3.11/site-packages/torch_npu/dynamo/torchair/configs/compiler_config.py:106: UserWarning: The following torchair config or properties may not take effect or report error in reduce-overhead mode: config.experimental_config.enable_view_optimize:True, set_dim_gears, dynamo_export, scope, npu_print
2026-03-06T23:06:30.1149599Z (Worker_DP1_TP3_EP11 pid=3170)   warnings.warn(
2026-03-06T23:06:30.1160856Z (Worker_DP0_TP5_EP5 pid=4346) /usr/local/python3.11.14/lib/python3.11/site-packages/torch_npu/dynamo/torchair/configs/compiler_config.py:106: UserWarning: The following torchair config or properties may not take effect or report error in reduce-overhead mode: config.experimental_config.enable_view_optimize:True, set_dim_gears, dynamo_export, scope, npu_print
2026-03-06T23:06:30.1170464Z (Worker_DP0_TP2_EP2 pid=2612) /usr/local/python3.11.14/lib/python3.11/site-packages/torch_npu/dynamo/torchair/configs/compiler_config.py:106: UserWarning: The following torchair config or properties may not take effect or report error in reduce-overhead mode: config.experimental_config.enable_view_optimize:True, set_dim_gears, dynamo_export, scope, npu_print
2026-03-06T23:06:30.1177983Z (Worker_DP1_TP0_EP8 pid=1243)   warnings.warn(
2026-03-06T23:06:30.1188843Z (Worker_DP0_TP4_EP4 pid=3725) /usr/local/python3.11.14/lib/python3.11/site-packages/torch_npu/dynamo/torchair/configs/compiler_config.py:106: UserWarning: The following torchair config or properties may not take effect or report error in reduce-overhead mode: config.experimental_config.enable_view_optimize:True, set_dim_gears, dynamo_export, scope, npu_print
2026-03-06T23:06:30.1197630Z (Worker_DP1_TP2_EP10 pid=2615) /usr/local/python3.11.14/lib/python3.11/site-packages/torch_npu/dynamo/torchair/configs/compiler_config.py:106: UserWarning: The following torchair config or properties may not take effect or report error in reduce-overhead mode: config.experimental_config.enable_view_optimize:True, set_dim_gears, dynamo_export, scope, npu_print
2026-03-06T23:06:30.1205139Z (Worker_DP0_TP5_EP5 pid=4346)   warnings.warn(
2026-03-06T23:06:30.1216030Z (Worker_DP1_TP1_EP9 pid=2120) /usr/local/python3.11.14/lib/python3.11/site-packages/torch_npu/dynamo/torchair/configs/compiler_config.py:106: UserWarning: The following torchair config or properties may not take effect or report error in reduce-overhead mode: config.experimental_config.enable_view_optimize:True, set_dim_gears, dynamo_export, scope, npu_print
2026-03-06T23:06:30.1225688Z (Worker_DP0_TP3_EP3 pid=3168) /usr/local/python3.11.14/lib/python3.11/site-packages/torch_npu/dynamo/torchair/configs/compiler_config.py:106: UserWarning: The following torchair config or properties may not take effect or report error in reduce-overhead mode: config.experimental_config.enable_view_optimize:True, set_dim_gears, dynamo_export, scope, npu_print
2026-03-06T23:06:30.1232509Z (Worker_DP0_TP2_EP2 pid=2612)   warnings.warn(
2026-03-06T23:06:30.1241024Z (Worker_DP0_TP4_EP4 pid=3725)   warnings.warn(
2026-03-06T23:06:30.1249426Z (Worker_DP1_TP2_EP10 pid=2615)   warnings.warn(
2026-03-06T23:06:30.1260413Z (Worker_DP1_TP4_EP12 pid=3724) /usr/local/python3.11.14/lib/python3.11/site-packages/torch_npu/dynamo/torchair/configs/compiler_config.py:106: UserWarning: The following torchair config or properties may not take effect or report error in reduce-overhead mode: config.experimental_config.enable_view_optimize:True, set_dim_gears, dynamo_export, scope, npu_print
2026-03-06T23:06:30.1266941Z (Worker_DP1_TP1_EP9 pid=2120)   warnings.warn(
2026-03-06T23:06:30.1277969Z (Worker_DP0_TP1_EP1 pid=2054) /usr/local/python3.11.14/lib/python3.11/site-packages/torch_npu/dynamo/torchair/configs/compiler_config.py:106: UserWarning: The following torchair config or properties may not take effect or report error in reduce-overhead mode: config.experimental_config.enable_view_optimize:True, set_dim_gears, dynamo_export, scope, npu_print
2026-03-06T23:06:30.1284997Z (Worker_DP0_TP3_EP3 pid=3168)   warnings.warn(
2026-03-06T23:06:30.1293624Z (Worker_DP1_TP4_EP12 pid=3724)   warnings.warn(
2026-03-06T23:06:30.1304084Z (Worker_DP0_TP6_EP6 pid=4902) /usr/local/python3.11.14/lib/python3.11/site-packages/torch_npu/dynamo/torchair/configs/compiler_config.py:106: UserWarning: The following torchair config or properties may not take effect or report error in reduce-overhead mode: config.experimental_config.enable_view_optimize:True, set_dim_gears, dynamo_export, scope, npu_print
2026-03-06T23:06:30.1311107Z (Worker_DP0_TP1_EP1 pid=2054)   warnings.warn(
2026-03-06T23:06:30.1321620Z (Worker_DP1_TP5_EP13 pid=4280) /usr/local/python3.11.14/lib/python3.11/site-packages/torch_npu/dynamo/torchair/configs/compiler_config.py:106: UserWarning: The following torchair config or properties may not take effect or report error in reduce-overhead mode: config.experimental_config.enable_view_optimize:True, set_dim_gears, dynamo_export, scope, npu_print
2026-03-06T23:06:30.1328456Z (Worker_DP0_TP6_EP6 pid=4902)   warnings.warn(
2026-03-06T23:06:30.1336810Z (Worker_DP1_TP5_EP13 pid=4280)   warnings.warn(
2026-03-06T23:06:30.1347512Z (Worker_DP0_TP0_EP0 pid=1242) /usr/local/python3.11.14/lib/python3.11/site-packages/torch_npu/dynamo/torchair/configs/compiler_config.py:106: UserWarning: The following torchair config or properties may not take effect or report error in reduce-overhead mode: config.experimental_config.enable_view_optimize:True, set_dim_gears, dynamo_export, scope, npu_print
2026-03-06T23:06:30.1354255Z (Worker_DP0_TP0_EP0 pid=1242)   warnings.warn(
2026-03-06T23:06:30.1364769Z (Worker_DP1_TP6_EP14 pid=4836) /usr/local/python3.11.14/lib/python3.11/site-packages/torch_npu/dynamo/torchair/configs/compiler_config.py:106: UserWarning: The following torchair config or properties may not take effect or report error in reduce-overhead mode: config.experimental_config.enable_view_optimize:True, set_dim_gears, dynamo_export, scope, npu_print
2026-03-06T23:06:30.1371684Z (Worker_DP1_TP6_EP14 pid=4836)   warnings.warn(
2026-03-06T23:06:30.1382544Z (Worker_DP0_TP7_EP7 pid=5395) /usr/local/python3.11.14/lib/python3.11/site-packages/torch_npu/dynamo/torchair/configs/compiler_config.py:106: UserWarning: The following torchair config or properties may not take effect or report error in reduce-overhead mode: config.experimental_config.enable_view_optimize:True, set_dim_gears, dynamo_export, scope, npu_print
2026-03-06T23:06:30.1389733Z (Worker_DP0_TP7_EP7 pid=5395)   warnings.warn(
2026-03-06T23:06:30.1400745Z (Worker_DP1_TP7_EP15 pid=5392) /usr/local/python3.11.14/lib/python3.11/site-packages/torch_npu/dynamo/torchair/configs/compiler_config.py:106: UserWarning: The following torchair config or properties may not take effect or report error in reduce-overhead mode: config.experimental_config.enable_view_optimize:True, set_dim_gears, dynamo_export, scope, npu_print
2026-03-06T23:06:30.1407566Z (Worker_DP1_TP7_EP15 pid=5392)   warnings.warn(
2026-03-06T23:06:30.4483715Z (Worker_DP0_TP2_EP2 pid=2612) /usr/local/python3.11.14/lib/python3.11/site-packages/torch_npu/dynamo/torchair/configs/compiler_config.py:106: UserWarning: The following torchair config or properties may not take effect or report error in reduce-overhead mode: config.experimental_config.enable_view_optimize:True, set_dim_gears, dynamo_export, scope, npu_print
2026-03-06T23:06:30.4493640Z (Worker_DP0_TP1_EP1 pid=2054) /usr/local/python3.11.14/lib/python3.11/site-packages/torch_npu/dynamo/torchair/configs/compiler_config.py:106: UserWarning: The following torchair config or properties may not take effect or report error in reduce-overhead mode: config.experimental_config.enable_view_optimize:True, set_dim_gears, dynamo_export, scope, npu_print
2026-03-06T23:06:30.4503341Z (Worker_DP1_TP1_EP9 pid=2120) /usr/local/python3.11.14/lib/python3.11/site-packages/torch_npu/dynamo/torchair/configs/compiler_config.py:106: UserWarning: The following torchair config or properties may not take effect or report error in reduce-overhead mode: config.experimental_config.enable_view_optimize:True, set_dim_gears, dynamo_export, scope, npu_print
2026-03-06T23:06:30.4512940Z (Worker_DP1_TP0_EP8 pid=1243) /usr/local/python3.11.14/lib/python3.11/site-packages/torch_npu/dynamo/torchair/configs/compiler_config.py:106: UserWarning: The following torchair config or properties may not take effect or report error in reduce-overhead mode: config.experimental_config.enable_view_optimize:True, set_dim_gears, dynamo_export, scope, npu_print
2026-03-06T23:06:30.4522469Z (Worker_DP1_TP4_EP12 pid=3724) /usr/local/python3.11.14/lib/python3.11/site-packages/torch_npu/dynamo/torchair/configs/compiler_config.py:106: UserWarning: The following torchair config or properties may not take effect or report error in reduce-overhead mode: config.experimental_config.enable_view_optimize:True, set_dim_gears, dynamo_export, scope, npu_print
2026-03-06T23:06:30.4530143Z (Worker_DP0_TP1_EP1 pid=2054)   warnings.warn(
2026-03-06T23:06:30.4538978Z (Worker_DP0_TP2_EP2 pid=2612)   warnings.warn(
2026-03-06T23:06:30.4547277Z (Worker_DP1_TP0_EP8 pid=1243)   warnings.warn(
2026-03-06T23:06:30.4556204Z (Worker_DP1_TP1_EP9 pid=2120)   warnings.warn(
2026-03-06T23:06:30.4566496Z (Worker_DP0_TP6_EP6 pid=4902) /usr/local/python3.11.14/lib/python3.11/site-packages/torch_npu/dynamo/torchair/configs/compiler_config.py:106: UserWarning: The following torchair config or properties may not take effect or report error in reduce-overhead mode: config.experimental_config.enable_view_optimize:True, set_dim_gears, dynamo_export, scope, npu_print
2026-03-06T23:06:30.4575853Z (Worker_DP1_TP5_EP13 pid=4280) /usr/local/python3.11.14/lib/python3.11/site-packages/torch_npu/dynamo/torchair/configs/compiler_config.py:106: UserWarning: The following torchair config or properties may not take effect or report error in reduce-overhead mode: config.experimental_config.enable_view_optimize:True, set_dim_gears, dynamo_export, scope, npu_print
2026-03-06T23:06:30.4583064Z (Worker_DP1_TP4_EP12 pid=3724)   warnings.warn(
2026-03-06T23:06:30.4594528Z (Worker_DP0_TP5_EP5 pid=4346) /usr/local/python3.11.14/lib/python3.11/site-packages/torch_npu/dynamo/torchair/configs/compiler_config.py:106: UserWarning: The following torchair config or properties may not take effect or report error in reduce-overhead mode: config.experimental_config.enable_view_optimize:True, set_dim_gears, dynamo_export, scope, npu_print
2026-03-06T23:06:30.4602965Z (Worker_DP1_TP3_EP11 pid=3170) /usr/local/python3.11.14/lib/python3.11/site-packages/torch_npu/dynamo/torchair/configs/compiler_config.py:106: UserWarning: The following torchair config or properties may not take effect or report error in reduce-overhead mode: config.experimental_config.enable_view_optimize:True, set_dim_gears, dynamo_export, scope, npu_print
2026-03-06T23:06:30.4610536Z (Worker_DP0_TP6_EP6 pid=4902)   warnings.warn(
2026-03-06T23:06:30.4621401Z (Worker_DP0_TP4_EP4 pid=3725) /usr/local/python3.11.14/lib/python3.11/site-packages/torch_npu/dynamo/torchair/configs/compiler_config.py:106: UserWarning: The following torchair config or properties may not take effect or report error in reduce-overhead mode: config.experimental_config.enable_view_optimize:True, set_dim_gears, dynamo_export, scope, npu_print
2026-03-06T23:06:30.4630018Z (Worker_DP1_TP2_EP10 pid=2615) /usr/local/python3.11.14/lib/python3.11/site-packages/torch_npu/dynamo/torchair/configs/compiler_config.py:106: UserWarning: The following torchair config or properties may not take effect or report error in reduce-overhead mode: config.experimental_config.enable_view_optimize:True, set_dim_gears, dynamo_export, scope, npu_print
2026-03-06T23:06:30.4637182Z (Worker_DP1_TP5_EP13 pid=4280)   warnings.warn(
2026-03-06T23:06:30.4645679Z (Worker_DP0_TP5_EP5 pid=4346)   warnings.warn(
2026-03-06T23:06:30.4654406Z (Worker_DP1_TP3_EP11 pid=3170)   warnings.warn(
2026-03-06T23:06:30.4662667Z (Worker_DP0_TP4_EP4 pid=3725)   warnings.warn(
2026-03-06T23:06:30.4671812Z (Worker_DP1_TP2_EP10 pid=2615)   warnings.warn(
2026-03-06T23:06:30.4681961Z (Worker_DP0_TP0_EP0 pid=1242) /usr/local/python3.11.14/lib/python3.11/site-packages/torch_npu/dynamo/torchair/configs/compiler_config.py:106: UserWarning: The following torchair config or properties may not take effect or report error in reduce-overhead mode: config.experimental_config.enable_view_optimize:True, set_dim_gears, dynamo_export, scope, npu_print
2026-03-06T23:06:30.4691586Z (Worker_DP0_TP3_EP3 pid=3168) /usr/local/python3.11.14/lib/python3.11/site-packages/torch_npu/dynamo/torchair/configs/compiler_config.py:106: UserWarning: The following torchair config or properties may not take effect or report error in reduce-overhead mode: config.experimental_config.enable_view_optimize:True, set_dim_gears, dynamo_export, scope, npu_print
2026-03-06T23:06:30.4698210Z (Worker_DP0_TP0_EP0 pid=1242)   warnings.warn(
2026-03-06T23:06:30.4710544Z (Worker_DP0_TP3_EP3 pid=3168)   warnings.warn(
2026-03-06T23:06:30.4722594Z (Worker_DP0_TP7_EP7 pid=5395) /usr/local/python3.11.14/lib/python3.11/site-packages/torch_npu/dynamo/torchair/configs/compiler_config.py:106: UserWarning: The following torchair config or properties may not take effect or report error in reduce-overhead mode: config.experimental_config.enable_view_optimize:True, set_dim_gears, dynamo_export, scope, npu_print
2026-03-06T23:06:30.4724470Z (Worker_DP0_TP7_EP7 pid=5395)   warnings.warn(
2026-03-06T23:06:30.4735129Z (Worker_DP1_TP6_EP14 pid=4836) /usr/local/python3.11.14/lib/python3.11/site-packages/torch_npu/dynamo/torchair/configs/compiler_config.py:106: UserWarning: The following torchair config or properties may not take effect or report error in reduce-overhead mode: config.experimental_config.enable_view_optimize:True, set_dim_gears, dynamo_export, scope, npu_print
2026-03-06T23:06:30.4751293Z (Worker_DP1_TP6_EP14 pid=4836)   warnings.warn(
2026-03-06T23:06:30.4753261Z (Worker_DP1_TP7_EP15 pid=5392) /usr/local/python3.11.14/lib/python3.11/site-packages/torch_npu/dynamo/torchair/configs/compiler_config.py:106: UserWarning: The following torchair config or properties may not take effect or report error in reduce-overhead mode: config.experimental_config.enable_view_optimize:True, set_dim_gears, dynamo_export, scope, npu_print
2026-03-06T23:06:30.4757310Z (Worker_DP1_TP7_EP15 pid=5392)   warnings.warn(
2026-03-06T23:06:30.7910062Z (Worker_DP0_TP2_EP2 pid=2612) /usr/local/python3.11.14/lib/python3.11/site-packages/torch_npu/dynamo/torchair/configs/compiler_config.py:106: UserWarning: The following torchair config or properties may not take effect or report error in reduce-overhead mode: config.experimental_config.enable_view_optimize:True, set_dim_gears, dynamo_export, scope, npu_print
2026-03-06T23:06:30.7919324Z (Worker_DP0_TP5_EP5 pid=4346) /usr/local/python3.11.14/lib/python3.11/site-packages/torch_npu/dynamo/torchair/configs/compiler_config.py:106: UserWarning: The following torchair config or properties may not take effect or report error in reduce-overhead mode: config.experimental_config.enable_view_optimize:True, set_dim_gears, dynamo_export, scope, npu_print
2026-03-06T23:06:30.7927191Z (Worker_DP0_TP2_EP2 pid=2612)   warnings.warn(
2026-03-06T23:06:30.7936291Z (Worker_DP0_TP5_EP5 pid=4346)   warnings.warn(
2026-03-06T23:06:30.7950087Z (Worker_DP1_TP1_EP9 pid=2120) /usr/local/python3.11.14/lib/python3.11/site-packages/torch_npu/dynamo/torchair/configs/compiler_config.py:106: UserWarning: The following torchair config or properties may not take effect or report error in reduce-overhead mode: config.experimental_config.enable_view_optimize:True, set_dim_gears, dynamo_export, scope, npu_print
2026-03-06T23:06:30.7960345Z (Worker_DP0_TP4_EP4 pid=3725) /usr/local/python3.11.14/lib/python3.11/site-packages/torch_npu/dynamo/torchair/configs/compiler_config.py:106: UserWarning: The following torchair config or properties may not take effect or report error in reduce-overhead mode: config.experimental_config.enable_view_optimize:True, set_dim_gears, dynamo_export, scope, npu_print
2026-03-06T23:06:30.7972058Z (Worker_DP0_TP3_EP3 pid=3168) /usr/local/python3.11.14/lib/python3.11/site-packages/torch_npu/dynamo/torchair/configs/compiler_config.py:106: UserWarning: The following torchair config or properties may not take effect or report error in reduce-overhead mode: config.experimental_config.enable_view_optimize:True, set_dim_gears, dynamo_export, scope, npu_print
2026-03-06T23:06:30.7978824Z (Worker_DP0_TP4_EP4 pid=3725)   warnings.warn(
2026-03-06T23:06:30.7988932Z (Worker_DP1_TP1_EP9 pid=2120)   warnings.warn(
2026-03-06T23:06:30.8001298Z (Worker_DP0_TP1_EP1 pid=2054) /usr/local/python3.11.14/lib/python3.11/site-packages/torch_npu/dynamo/torchair/configs/compiler_config.py:106: UserWarning: The following torchair config or properties may not take effect or report error in reduce-overhead mode: config.experimental_config.enable_view_optimize:True, set_dim_gears, dynamo_export, scope, npu_print
2026-03-06T23:06:30.8007804Z (Worker_DP0_TP3_EP3 pid=3168)   warnings.warn(
2026-03-06T23:06:30.8017247Z (Worker_DP0_TP1_EP1 pid=2054)   warnings.warn(
2026-03-06T23:06:30.8029171Z (Worker_DP1_TP0_EP8 pid=1243) /usr/local/python3.11.14/lib/python3.11/site-packages/torch_npu/dynamo/torchair/configs/compiler_config.py:106: UserWarning: The following torchair config or properties may not take effect or report error in reduce-overhead mode: config.experimental_config.enable_view_optimize:True, set_dim_gears, dynamo_export, scope, npu_print
2026-03-06T23:06:30.8039777Z (Worker_DP0_TP0_EP0 pid=1242) /usr/local/python3.11.14/lib/python3.11/site-packages/torch_npu/dynamo/torchair/configs/compiler_config.py:106: UserWarning: The following torchair config or properties may not take effect or report error in reduce-overhead mode: config.experimental_config.enable_view_optimize:True, set_dim_gears, dynamo_export, scope, npu_print
2026-03-06T23:06:30.8049723Z (Worker_DP1_TP5_EP13 pid=4280) /usr/local/python3.11.14/lib/python3.11/site-packages/torch_npu/dynamo/torchair/configs/compiler_config.py:106: UserWarning: The following torchair config or properties may not take effect or report error in reduce-overhead mode: config.experimental_config.enable_view_optimize:True, set_dim_gears, dynamo_export, scope, npu_print
2026-03-06T23:06:30.8061084Z (Worker_DP1_TP2_EP10 pid=2615) /usr/local/python3.11.14/lib/python3.11/site-packages/torch_npu/dynamo/torchair/configs/compiler_config.py:106: UserWarning: The following torchair config or properties may not take effect or report error in reduce-overhead mode: config.experimental_config.enable_view_optimize:True, set_dim_gears, dynamo_export, scope, npu_print
2026-03-06T23:06:30.8071867Z (Worker_DP1_TP6_EP14 pid=4836) /usr/local/python3.11.14/lib/python3.11/site-packages/torch_npu/dynamo/torchair/configs/compiler_config.py:106: UserWarning: The following torchair config or properties may not take effect or report error in reduce-overhead mode: config.experimental_config.enable_view_optimize:True, set_dim_gears, dynamo_export, scope, npu_print
2026-03-06T23:06:30.8078095Z (Worker_DP0_TP0_EP0 pid=1242)   warnings.warn(
2026-03-06T23:06:30.8087472Z (Worker_DP1_TP0_EP8 pid=1243)   warnings.warn(
2026-03-06T23:06:30.8099650Z (Worker_DP1_TP4_EP12 pid=3724) /usr/local/python3.11.14/lib/python3.11/site-packages/torch_npu/dynamo/torchair/configs/compiler_config.py:106: UserWarning: The following torchair config or properties may not take effect or report error in reduce-overhead mode: config.experimental_config.enable_view_optimize:True, set_dim_gears, dynamo_export, scope, npu_print
2026-03-06T23:06:30.8106742Z (Worker_DP1_TP5_EP13 pid=4280)   warnings.warn(
2026-03-06T23:06:30.8118601Z (Worker_DP1_TP3_EP11 pid=3170) /usr/local/python3.11.14/lib/python3.11/site-packages/torch_npu/dynamo/torchair/configs/compiler_config.py:106: UserWarning: The following torchair config or properties may not take effect or report error in reduce-overhead mode: config.experimental_config.enable_view_optimize:True, set_dim_gears, dynamo_export, scope, npu_print
2026-03-06T23:06:30.8125143Z (Worker_DP1_TP2_EP10 pid=2615)   warnings.warn(
2026-03-06T23:06:30.8133948Z (Worker_DP1_TP6_EP14 pid=4836)   warnings.warn(
2026-03-06T23:06:30.8146060Z (Worker_DP1_TP7_EP15 pid=5392) /usr/local/python3.11.14/lib/python3.11/site-packages/torch_npu/dynamo/torchair/configs/compiler_config.py:106: UserWarning: The following torchair config or properties may not take effect or report error in reduce-overhead mode: config.experimental_config.enable_view_optimize:True, set_dim_gears, dynamo_export, scope, npu_print
2026-03-06T23:06:30.8152631Z (Worker_DP1_TP3_EP11 pid=3170)   warnings.warn(
2026-03-06T23:06:30.8164678Z (Worker_DP0_TP7_EP7 pid=5395) /usr/local/python3.11.14/lib/python3.11/site-packages/torch_npu/dynamo/torchair/configs/compiler_config.py:106: UserWarning: The following torchair config or properties may not take effect or report error in reduce-overhead mode: config.experimental_config.enable_view_optimize:True, set_dim_gears, dynamo_export, scope, npu_print
2026-03-06T23:06:30.8175137Z (Worker_DP0_TP6_EP6 pid=4902) /usr/local/python3.11.14/lib/python3.11/site-packages/torch_npu/dynamo/torchair/configs/compiler_config.py:106: UserWarning: The following torchair config or properties may not take effect or report error in reduce-overhead mode: config.experimental_config.enable_view_optimize:True, set_dim_gears, dynamo_export, scope, npu_print
2026-03-06T23:06:30.8183177Z (Worker_DP1_TP4_EP12 pid=3724)   warnings.warn(
2026-03-06T23:06:30.8193132Z (Worker_DP1_TP7_EP15 pid=5392)   warnings.warn(
2026-03-06T23:06:30.8200983Z (Worker_DP0_TP7_EP7 pid=5395)   warnings.warn(
2026-03-06T23:06:30.8209497Z (Worker_DP0_TP6_EP6 pid=4902)   warnings.warn(
2026-03-06T23:06:32.9808150Z (Worker_DP1_TP1_EP9 pid=2120) /usr/local/python3.11.14/lib/python3.11/site-packages/torch_npu/dynamo/torchair/configs/compiler_config.py:106: UserWarning: The following torchair config or properties may not take effect or report error in reduce-overhead mode: config.experimental_config.enable_view_optimize:True, set_dim_gears, dynamo_export, scope, npu_print
2026-03-06T23:06:32.9814063Z (Worker_DP1_TP1_EP9 pid=2120)   warnings.warn(
2026-03-06T23:06:32.9825013Z (Worker_DP0_TP1_EP1 pid=2054) /usr/local/python3.11.14/lib/python3.11/site-packages/torch_npu/dynamo/torchair/configs/compiler_config.py:106: UserWarning: The following torchair config or properties may not take effect or report error in reduce-overhead mode: config.experimental_config.enable_view_optimize:True, set_dim_gears, dynamo_export, scope, npu_print
2026-03-06T23:06:32.9832301Z (Worker_DP0_TP1_EP1 pid=2054)   warnings.warn(
2026-03-06T23:06:32.9843336Z (Worker_DP0_TP2_EP2 pid=2612) /usr/local/python3.11.14/lib/python3.11/site-packages/torch_npu/dynamo/torchair/configs/compiler_config.py:106: UserWarning: The following torchair config or properties may not take effect or report error in reduce-overhead mode: config.experimental_config.enable_view_optimize:True, set_dim_gears, dynamo_export, scope, npu_print
2026-03-06T23:06:32.9852482Z (Worker_DP1_TP2_EP10 pid=2615) /usr/local/python3.11.14/lib/python3.11/site-packages/torch_npu/dynamo/torchair/configs/compiler_config.py:106: UserWarning: The following torchair config or properties may not take effect or report error in reduce-overhead mode: config.experimental_config.enable_view_optimize:True, set_dim_gears, dynamo_export, scope, npu_print
2026-03-06T23:06:32.9860226Z (Worker_DP0_TP2_EP2 pid=2612)   warnings.warn(
2026-03-06T23:06:32.9868608Z (Worker_DP1_TP2_EP10 pid=2615)   warnings.warn(
2026-03-06T23:06:32.9879941Z (Worker_DP1_TP0_EP8 pid=1243) /usr/local/python3.11.14/lib/python3.11/site-packages/torch_npu/dynamo/torchair/configs/compiler_config.py:106: UserWarning: The following torchair config or properties may not take effect or report error in reduce-overhead mode: config.experimental_config.enable_view_optimize:True, set_dim_gears, dynamo_export, scope, npu_print
2026-03-06T23:06:32.9886441Z (Worker_DP1_TP0_EP8 pid=1243)   warnings.warn(
2026-03-06T23:06:32.9896662Z (Worker_DP0_TP0_EP0 pid=1242) /usr/local/python3.11.14/lib/python3.11/site-packages/torch_npu/dynamo/torchair/configs/compiler_config.py:106: UserWarning: The following torchair config or properties may not take effect or report error in reduce-overhead mode: config.experimental_config.enable_view_optimize:True, set_dim_gears, dynamo_export, scope, npu_print
2026-03-06T23:06:32.9902816Z (Worker_DP0_TP0_EP0 pid=1242)   warnings.warn(
2026-03-06T23:06:32.9912895Z (Worker_DP0_TP6_EP6 pid=4902) /usr/local/python3.11.14/lib/python3.11/site-packages/torch_npu/dynamo/torchair/configs/compiler_config.py:106: UserWarning: The following torchair config or properties may not take effect or report error in reduce-overhead mode: config.experimental_config.enable_view_optimize:True, set_dim_gears, dynamo_export, scope, npu_print
2026-03-06T23:06:32.9922778Z (Worker_DP0_TP3_EP3 pid=3168) /usr/local/python3.11.14/lib/python3.11/site-packages/torch_npu/dynamo/torchair/configs/compiler_config.py:106: UserWarning: The following torchair config or properties may not take effect or report error in reduce-overhead mode: config.experimental_config.enable_view_optimize:True, set_dim_gears, dynamo_export, scope, npu_print
2026-03-06T23:06:32.9929631Z (Worker_DP0_TP6_EP6 pid=4902)   warnings.warn(
2026-03-06T23:06:32.9938086Z (Worker_DP0_TP3_EP3 pid=3168)   warnings.warn(
2026-03-06T23:06:32.9948613Z (Worker_DP1_TP3_EP11 pid=3170) /usr/local/python3.11.14/lib/python3.11/site-packages/torch_npu/dynamo/torchair/configs/compiler_config.py:106: UserWarning: The following torchair config or properties may not take effect or report error in reduce-overhead mode: config.experimental_config.enable_view_optimize:True, set_dim_gears, dynamo_export, scope, npu_print
2026-03-06T23:06:32.9956239Z (Worker_DP1_TP3_EP11 pid=3170)   warnings.warn(
2026-03-06T23:06:32.9966941Z (Worker_DP0_TP7_EP7 pid=5395) /usr/local/python3.11.14/lib/python3.11/site-packages/torch_npu/dynamo/torchair/configs/compiler_config.py:106: UserWarning: The following torchair config or properties may not take effect or report error in reduce-overhead mode: config.experimental_config.enable_view_optimize:True, set_dim_gears, dynamo_export, scope, npu_print
2026-03-06T23:06:32.9973615Z (Worker_DP0_TP7_EP7 pid=5395)   warnings.warn(
2026-03-06T23:06:32.9983652Z (Worker_DP0_TP5_EP5 pid=4346) /usr/local/python3.11.14/lib/python3.11/site-packages/torch_npu/dynamo/torchair/configs/compiler_config.py:106: UserWarning: The following torchair config or properties may not take effect or report error in reduce-overhead mode: config.experimental_config.enable_view_optimize:True, set_dim_gears, dynamo_export, scope, npu_print
2026-03-06T23:06:32.9990837Z (Worker_DP0_TP5_EP5 pid=4346)   warnings.warn(
2026-03-06T23:06:33.0002202Z (Worker_DP0_TP4_EP4 pid=3725) /usr/local/python3.11.14/lib/python3.11/site-packages/torch_npu/dynamo/torchair/configs/compiler_config.py:106: UserWarning: The following torchair config or properties may not take effect or report error in reduce-overhead mode: config.experimental_config.enable_view_optimize:True, set_dim_gears, dynamo_export, scope, npu_print
2026-03-06T23:06:33.0009009Z (Worker_DP0_TP4_EP4 pid=3725)   warnings.warn(
2026-03-06T23:06:33.0018778Z (Worker_DP1_TP4_EP12 pid=3724) /usr/local/python3.11.14/lib/python3.11/site-packages/torch_npu/dynamo/torchair/configs/compiler_config.py:106: UserWarning: The following torchair config or properties may not take effect or report error in reduce-overhead mode: config.experimental_config.enable_view_optimize:True, set_dim_gears, dynamo_export, scope, npu_print
2026-03-06T23:06:33.0027540Z (Worker_DP1_TP6_EP14 pid=4836) /usr/local/python3.11.14/lib/python3.11/site-packages/torch_npu/dynamo/torchair/configs/compiler_config.py:106: UserWarning: The following torchair config or properties may not take effect or report error in reduce-overhead mode: config.experimental_config.enable_view_optimize:True, set_dim_gears, dynamo_export, scope, npu_print
2026-03-06T23:06:33.0033782Z (Worker_DP1_TP4_EP12 pid=3724)   warnings.warn(
2026-03-06T23:06:33.0042123Z (Worker_DP1_TP6_EP14 pid=4836)   warnings.warn(
2026-03-06T23:06:33.0052209Z (Worker_DP1_TP7_EP15 pid=5392) /usr/local/python3.11.14/lib/python3.11/site-packages/torch_npu/dynamo/torchair/configs/compiler_config.py:106: UserWarning: The following torchair config or properties may not take effect or report error in reduce-overhead mode: config.experimental_config.enable_view_optimize:True, set_dim_gears, dynamo_export, scope, npu_print
2026-03-06T23:06:33.0059050Z (Worker_DP1_TP7_EP15 pid=5392)   warnings.warn(
2026-03-06T23:06:33.0069622Z (Worker_DP1_TP5_EP13 pid=4280) /usr/local/python3.11.14/lib/python3.11/site-packages/torch_npu/dynamo/torchair/configs/compiler_config.py:106: UserWarning: The following torchair config or properties may not take effect or report error in reduce-overhead mode: config.experimental_config.enable_view_optimize:True, set_dim_gears, dynamo_export, scope, npu_print
2026-03-06T23:06:33.0076770Z (Worker_DP1_TP5_EP13 pid=4280)   warnings.warn(
2026-03-06T23:06:34.7305081Z (Worker_DP0_TP4_EP4 pid=3725) /usr/local/python3.11.14/lib/python3.11/site-packages/torch_npu/dynamo/torchair/configs/compiler_config.py:106: UserWarning: The following torchair config or properties may not take effect or report error in reduce-overhead mode: config.experimental_config.enable_view_optimize:True, set_dim_gears, dynamo_export, scope, npu_print
2026-03-06T23:06:34.7311048Z (Worker_DP0_TP4_EP4 pid=3725)   warnings.warn(
2026-03-06T23:06:34.7322095Z (Worker_DP0_TP7_EP7 pid=5395) /usr/local/python3.11.14/lib/python3.11/site-packages/torch_npu/dynamo/torchair/configs/compiler_config.py:106: UserWarning: The following torchair config or properties may not take effect or report error in reduce-overhead mode: config.experimental_config.enable_view_optimize:True, set_dim_gears, dynamo_export, scope, npu_print
2026-03-06T23:06:34.7330667Z (Worker_DP0_TP7_EP7 pid=5395)   warnings.warn(
2026-03-06T23:06:34.7342829Z (Worker_DP0_TP3_EP3 pid=3168) /usr/local/python3.11.14/lib/python3.11/site-packages/torch_npu/dynamo/torchair/configs/compiler_config.py:106: UserWarning: The following torchair config or properties may not take effect or report error in reduce-overhead mode: config.experimental_config.enable_view_optimize:True, set_dim_gears, dynamo_export, scope, npu_print
2026-03-06T23:06:34.7352539Z (Worker_DP0_TP2_EP2 pid=2612) /usr/local/python3.11.14/lib/python3.11/site-packages/torch_npu/dynamo/torchair/configs/compiler_config.py:106: UserWarning: The following torchair config or properties may not take effect or report error in reduce-overhead mode: config.experimental_config.enable_view_optimize:True, set_dim_gears, dynamo_export, scope, npu_print
2026-03-06T23:06:34.7362319Z (Worker_DP0_TP2_EP2 pid=2612)   warnings.warn(
2026-03-06T23:06:34.7371017Z (Worker_DP0_TP3_EP3 pid=3168)   warnings.warn(
2026-03-06T23:06:34.7383102Z (Worker_DP0_TP0_EP0 pid=1242) /usr/local/python3.11.14/lib/python3.11/site-packages/torch_npu/dynamo/torchair/configs/compiler_config.py:106: UserWarning: The following torchair config or properties may not take effect or report error in reduce-overhead mode: config.experimental_config.enable_view_optimize:True, set_dim_gears, dynamo_export, scope, npu_print
2026-03-06T23:06:34.7390796Z (Worker_DP0_TP0_EP0 pid=1242)   warnings.warn(
2026-03-06T23:06:34.7402173Z (Worker_DP0_TP1_EP1 pid=2054) /usr/local/python3.11.14/lib/python3.11/site-packages/torch_npu/dynamo/torchair/configs/compiler_config.py:106: UserWarning: The following torchair config or properties may not take effect or report error in reduce-overhead mode: config.experimental_config.enable_view_optimize:True, set_dim_gears, dynamo_export, scope, npu_print
2026-03-06T23:06:34.7410406Z (Worker_DP0_TP1_EP1 pid=2054)   warnings.warn(
2026-03-06T23:06:34.7421625Z (Worker_DP0_TP6_EP6 pid=4902) /usr/local/python3.11.14/lib/python3.11/site-packages/torch_npu/dynamo/torchair/configs/compiler_config.py:106: UserWarning: The following torchair config or properties may not take effect or report error in reduce-overhead mode: config.experimental_config.enable_view_optimize:True, set_dim_gears, dynamo_export, scope, npu_print
2026-03-06T23:06:34.7431649Z (Worker_DP0_TP5_EP5 pid=4346) /usr/local/python3.11.14/lib/python3.11/site-packages/torch_npu/dynamo/torchair/configs/compiler_config.py:106: UserWarning: The following torchair config or properties may not take effect or report error in reduce-overhead mode: config.experimental_config.enable_view_optimize:True, set_dim_gears, dynamo_export, scope, npu_print
2026-03-06T23:06:34.7439633Z (Worker_DP0_TP6_EP6 pid=4902)   warnings.warn(
2026-03-06T23:06:34.7448625Z (Worker_DP0_TP5_EP5 pid=4346)   warnings.warn(
2026-03-06T23:06:34.7459943Z (Worker_DP1_TP3_EP11 pid=3170) /usr/local/python3.11.14/lib/python3.11/site-packages/torch_npu/dynamo/torchair/configs/compiler_config.py:106: UserWarning: The following torchair config or properties may not take effect or report error in reduce-overhead mode: config.experimental_config.enable_view_optimize:True, set_dim_gears, dynamo_export, scope, npu_print
2026-03-06T23:06:34.7468013Z (Worker_DP1_TP3_EP11 pid=3170)   warnings.warn(
2026-03-06T23:06:34.7480136Z (Worker_DP1_TP5_EP13 pid=4280) /usr/local/python3.11.14/lib/python3.11/site-packages/torch_npu/dynamo/torchair/configs/compiler_config.py:106: UserWarning: The following torchair config or properties may not take effect or report error in reduce-overhead mode: config.experimental_config.enable_view_optimize:True, set_dim_gears, dynamo_export, scope, npu_print
2026-03-06T23:06:34.7490468Z (Worker_DP1_TP4_EP12 pid=3724) /usr/local/python3.11.14/lib/python3.11/site-packages/torch_npu/dynamo/torchair/configs/compiler_config.py:106: UserWarning: The following torchair config or properties may not take effect or report error in reduce-overhead mode: config.experimental_config.enable_view_optimize:True, set_dim_gears, dynamo_export, scope, npu_print
2026-03-06T23:06:34.7498960Z (Worker_DP1_TP4_EP12 pid=3724)   warnings.warn(
2026-03-06T23:06:34.7508106Z (Worker_DP1_TP5_EP13 pid=4280)   warnings.warn(
2026-03-06T23:06:34.7519169Z (Worker_DP1_TP7_EP15 pid=5392) /usr/local/python3.11.14/lib/python3.11/site-packages/torch_npu/dynamo/torchair/configs/compiler_config.py:106: UserWarning: The following torchair config or properties may not take effect or report error in reduce-overhead mode: config.experimental_config.enable_view_optimize:True, set_dim_gears, dynamo_export, scope, npu_print
2026-03-06T23:06:34.7527266Z (Worker_DP1_TP7_EP15 pid=5392)   warnings.warn(
2026-03-06T23:06:34.7538223Z (Worker_DP1_TP2_EP10 pid=2615) /usr/local/python3.11.14/lib/python3.11/site-packages/torch_npu/dynamo/torchair/configs/compiler_config.py:106: UserWarning: The following torchair config or properties may not take effect or report error in reduce-overhead mode: config.experimental_config.enable_view_optimize:True, set_dim_gears, dynamo_export, scope, npu_print
2026-03-06T23:06:34.7545432Z (Worker_DP1_TP2_EP10 pid=2615)   warnings.warn(
2026-03-06T23:06:34.7557498Z (Worker_DP1_TP0_EP8 pid=1243) /usr/local/python3.11.14/lib/python3.11/site-packages/torch_npu/dynamo/torchair/configs/compiler_config.py:106: UserWarning: The following torchair config or properties may not take effect or report error in reduce-overhead mode: config.experimental_config.enable_view_optimize:True, set_dim_gears, dynamo_export, scope, npu_print
2026-03-06T23:06:34.7566684Z (Worker_DP1_TP0_EP8 pid=1243)   warnings.warn(
2026-03-06T23:06:34.7579438Z (Worker_DP1_TP6_EP14 pid=4836) /usr/local/python3.11.14/lib/python3.11/site-packages/torch_npu/dynamo/torchair/configs/compiler_config.py:106: UserWarning: The following torchair config or properties may not take effect or report error in reduce-overhead mode: config.experimental_config.enable_view_optimize:True, set_dim_gears, dynamo_export, scope, npu_print
2026-03-06T23:06:34.7587315Z (Worker_DP1_TP6_EP14 pid=4836)   warnings.warn(
2026-03-06T23:06:34.7598943Z (Worker_DP1_TP1_EP9 pid=2120) /usr/local/python3.11.14/lib/python3.11/site-packages/torch_npu/dynamo/torchair/configs/compiler_config.py:106: UserWarning: The following torchair config or properties may not take effect or report error in reduce-overhead mode: config.experimental_config.enable_view_optimize:True, set_dim_gears, dynamo_export, scope, npu_print
2026-03-06T23:06:34.7607505Z (Worker_DP1_TP1_EP9 pid=2120)   warnings.warn(
2026-03-06T23:06:35.0618615Z (Worker_DP0_TP0_EP0 pid=1242) /usr/local/python3.11.14/lib/python3.11/site-packages/torch_npu/dynamo/torchair/configs/compiler_config.py:106: UserWarning: The following torchair config or properties may not take effect or report error in reduce-overhead mode: config.experimental_config.enable_view_optimize:True, set_dim_gears, dynamo_export, scope, npu_print
2026-03-06T23:06:35.0625541Z (Worker_DP0_TP0_EP0 pid=1242)   warnings.warn(
2026-03-06T23:06:35.0637108Z (Worker_DP0_TP7_EP7 pid=5395) /usr/local/python3.11.14/lib/python3.11/site-packages/torch_npu/dynamo/torchair/configs/compiler_config.py:106: UserWarning: The following torchair config or properties may not take effect or report error in reduce-overhead mode: config.experimental_config.enable_view_optimize:True, set_dim_gears, dynamo_export, scope, npu_print
2026-03-06T23:06:35.0644630Z (Worker_DP0_TP7_EP7 pid=5395)   warnings.warn(
2026-03-06T23:06:35.0654894Z (Worker_DP0_TP1_EP1 pid=2054) /usr/local/python3.11.14/lib/python3.11/site-packages/torch_npu/dynamo/torchair/configs/compiler_config.py:106: UserWarning: The following torchair config or properties may not take effect or report error in reduce-overhead mode: config.experimental_config.enable_view_optimize:True, set_dim_gears, dynamo_export, scope, npu_print
2026-03-06T23:06:35.0664208Z (Worker_DP0_TP3_EP3 pid=3168) /usr/local/python3.11.14/lib/python3.11/site-packages/torch_npu/dynamo/torchair/configs/compiler_config.py:106: UserWarning: The following torchair config or properties may not take effect or report error in reduce-overhead mode: config.experimental_config.enable_view_optimize:True, set_dim_gears, dynamo_export, scope, npu_print
2026-03-06T23:06:35.0671762Z (Worker_DP0_TP1_EP1 pid=2054)   warnings.warn(
2026-03-06T23:06:35.0680832Z (Worker_DP0_TP3_EP3 pid=3168)   warnings.warn(
2026-03-06T23:06:35.0692066Z (Worker_DP1_TP0_EP8 pid=1243) /usr/local/python3.11.14/lib/python3.11/site-packages/torch_npu/dynamo/torchair/configs/compiler_config.py:106: UserWarning: The following torchair config or properties may not take effect or report error in reduce-overhead mode: config.experimental_config.enable_view_optimize:True, set_dim_gears, dynamo_export, scope, npu_print
2026-03-06T23:06:35.0701184Z (Worker_DP1_TP3_EP11 pid=3170) /usr/local/python3.11.14/lib/python3.11/site-packages/torch_npu/dynamo/torchair/configs/compiler_config.py:106: UserWarning: The following torchair config or properties may not take effect or report error in reduce-overhead mode: config.experimental_config.enable_view_optimize:True, set_dim_gears, dynamo_export, scope, npu_print
2026-03-06T23:06:35.0709624Z (Worker_DP1_TP6_EP14 pid=4836) /usr/local/python3.11.14/lib/python3.11/site-packages/torch_npu/dynamo/torchair/configs/compiler_config.py:106: UserWarning: The following torchair config or properties may not take effect or report error in reduce-overhead mode: config.experimental_config.enable_view_optimize:True, set_dim_gears, dynamo_export, scope, npu_print
2026-03-06T23:06:35.0719441Z (Worker_DP1_TP2_EP10 pid=2615) /usr/local/python3.11.14/lib/python3.11/site-packages/torch_npu/dynamo/torchair/configs/compiler_config.py:106: UserWarning: The following torchair config or properties may not take effect or report error in reduce-overhead mode: config.experimental_config.enable_view_optimize:True, set_dim_gears, dynamo_export, scope, npu_print
2026-03-06T23:06:35.0726699Z (Worker_DP1_TP0_EP8 pid=1243)   warnings.warn(
2026-03-06T23:06:35.0735078Z (Worker_DP1_TP3_EP11 pid=3170)   warnings.warn(
2026-03-06T23:06:35.0743370Z (Worker_DP1_TP6_EP14 pid=4836)   warnings.warn(
2026-03-06T23:06:35.0751643Z (Worker_DP1_TP2_EP10 pid=2615)   warnings.warn(
2026-03-06T23:06:35.0762625Z (Worker_DP1_TP4_EP12 pid=3724) /usr/local/python3.11.14/lib/python3.11/site-packages/torch_npu/dynamo/torchair/configs/compiler_config.py:106: UserWarning: The following torchair config or properties may not take effect or report error in reduce-overhead mode: config.experimental_config.enable_view_optimize:True, set_dim_gears, dynamo_export, scope, npu_print
2026-03-06T23:06:35.0771864Z (Worker_DP0_TP6_EP6 pid=4902) /usr/local/python3.11.14/lib/python3.11/site-packages/torch_npu/dynamo/torchair/configs/compiler_config.py:106: UserWarning: The following torchair config or properties may not take effect or report error in reduce-overhead mode: config.experimental_config.enable_view_optimize:True, set_dim_gears, dynamo_export, scope, npu_print
2026-03-06T23:06:35.0779133Z (Worker_DP1_TP4_EP12 pid=3724)   warnings.warn(
2026-03-06T23:06:35.0789460Z (Worker_DP1_TP5_EP13 pid=4280) /usr/local/python3.11.14/lib/python3.11/site-packages/torch_npu/dynamo/torchair/configs/compiler_config.py:106: UserWarning: The following torchair config or properties may not take effect or report error in reduce-overhead mode: config.experimental_config.enable_view_optimize:True, set_dim_gears, dynamo_export, scope, npu_print
2026-03-06T23:06:35.0796565Z (Worker_DP0_TP6_EP6 pid=4902)   warnings.warn(
2026-03-06T23:06:35.0804500Z (Worker_DP1_TP5_EP13 pid=4280)   warnings.warn(
2026-03-06T23:06:35.0814832Z (Worker_DP1_TP7_EP15 pid=5392) /usr/local/python3.11.14/lib/python3.11/site-packages/torch_npu/dynamo/torchair/configs/compiler_config.py:106: UserWarning: The following torchair config or properties may not take effect or report error in reduce-overhead mode: config.experimental_config.enable_view_optimize:True, set_dim_gears, dynamo_export, scope, npu_print
2026-03-06T23:06:35.0821894Z (Worker_DP1_TP7_EP15 pid=5392)   warnings.warn(
2026-03-06T23:06:35.0831954Z (Worker_DP0_TP5_EP5 pid=4346) /usr/local/python3.11.14/lib/python3.11/site-packages/torch_npu/dynamo/torchair/configs/compiler_config.py:106: UserWarning: The following torchair config or properties may not take effect or report error in reduce-overhead mode: config.experimental_config.enable_view_optimize:True, set_dim_gears, dynamo_export, scope, npu_print
2026-03-06T23:06:35.0838852Z (Worker_DP0_TP5_EP5 pid=4346)   warnings.warn(
2026-03-06T23:06:35.0849319Z (Worker_DP1_TP1_EP9 pid=2120) /usr/local/python3.11.14/lib/python3.11/site-packages/torch_npu/dynamo/torchair/configs/compiler_config.py:106: UserWarning: The following torchair config or properties may not take effect or report error in reduce-overhead mode: config.experimental_config.enable_view_optimize:True, set_dim_gears, dynamo_export, scope, npu_print
2026-03-06T23:06:35.0856328Z (Worker_DP1_TP1_EP9 pid=2120)   warnings.warn(
2026-03-06T23:06:35.0867017Z (Worker_DP0_TP4_EP4 pid=3725) /usr/local/python3.11.14/lib/python3.11/site-packages/torch_npu/dynamo/torchair/configs/compiler_config.py:106: UserWarning: The following torchair config or properties may not take effect or report error in reduce-overhead mode: config.experimental_config.enable_view_optimize:True, set_dim_gears, dynamo_export, scope, npu_print
2026-03-06T23:06:35.0873618Z (Worker_DP0_TP4_EP4 pid=3725)   warnings.warn(
2026-03-06T23:06:35.0884353Z (Worker_DP0_TP2_EP2 pid=2612) /usr/local/python3.11.14/lib/python3.11/site-packages/torch_npu/dynamo/torchair/configs/compiler_config.py:106: UserWarning: The following torchair config or properties may not take effect or report error in reduce-overhead mode: config.experimental_config.enable_view_optimize:True, set_dim_gears, dynamo_export, scope, npu_print
2026-03-06T23:06:35.0891941Z (Worker_DP0_TP2_EP2 pid=2612)   warnings.warn(
2026-03-06T23:06:35.3951924Z (Worker_DP1_TP4_EP12 pid=3724) /usr/local/python3.11.14/lib/python3.11/site-packages/torch_npu/dynamo/torchair/configs/compiler_config.py:106: UserWarning: The following torchair config or properties may not take effect or report error in reduce-overhead mode: config.experimental_config.enable_view_optimize:True, set_dim_gears, dynamo_export, scope, npu_print
2026-03-06T23:06:35.3962588Z (Worker_DP1_TP3_EP11 pid=3170) /usr/local/python3.11.14/lib/python3.11/site-packages/torch_npu/dynamo/torchair/configs/compiler_config.py:106: UserWarning: The following torchair config or properties may not take effect or report error in reduce-overhead mode: config.experimental_config.enable_view_optimize:True, set_dim_gears, dynamo_export, scope, npu_print
2026-03-06T23:06:35.3971712Z (Worker_DP1_TP1_EP9 pid=2120) /usr/local/python3.11.14/lib/python3.11/site-packages/torch_npu/dynamo/torchair/configs/compiler_config.py:106: UserWarning: The following torchair config or properties may not take effect or report error in reduce-overhead mode: config.experimental_config.enable_view_optimize:True, set_dim_gears, dynamo_export, scope, npu_print
2026-03-06T23:06:35.3981363Z (Worker_DP0_TP0_EP0 pid=1242) /usr/local/python3.11.14/lib/python3.11/site-packages/torch_npu/dynamo/torchair/configs/compiler_config.py:106: UserWarning: The following torchair config or properties may not take effect or report error in reduce-overhead mode: config.experimental_config.enable_view_optimize:True, set_dim_gears, dynamo_export, scope, npu_print
2026-03-06T23:06:35.3988752Z (Worker_DP1_TP4_EP12 pid=3724)   warnings.warn(
2026-03-06T23:06:35.3997429Z (Worker_DP1_TP3_EP11 pid=3170)   warnings.warn(
2026-03-06T23:06:35.4006037Z (Worker_DP1_TP1_EP9 pid=2120)   warnings.warn(
2026-03-06T23:06:35.4014449Z (Worker_DP0_TP0_EP0 pid=1242)   warnings.warn(
2026-03-06T23:06:35.4025360Z (Worker_DP0_TP3_EP3 pid=3168) /usr/local/python3.11.14/lib/python3.11/site-packages/torch_npu/dynamo/torchair/configs/compiler_config.py:106: UserWarning: The following torchair config or properties may not take effect or report error in reduce-overhead mode: config.experimental_config.enable_view_optimize:True, set_dim_gears, dynamo_export, scope, npu_print
2026-03-06T23:06:35.4034300Z (Worker_DP1_TP7_EP15 pid=5392) /usr/local/python3.11.14/lib/python3.11/site-packages/torch_npu/dynamo/torchair/configs/compiler_config.py:106: UserWarning: The following torchair config or properties may not take effect or report error in reduce-overhead mode: config.experimental_config.enable_view_optimize:True, set_dim_gears, dynamo_export, scope, npu_print
2026-03-06T23:06:35.4043965Z (Worker_DP1_TP6_EP14 pid=4836) /usr/local/python3.11.14/lib/python3.11/site-packages/torch_npu/dynamo/torchair/configs/compiler_config.py:106: UserWarning: The following torchair config or properties may not take effect or report error in reduce-overhead mode: config.experimental_config.enable_view_optimize:True, set_dim_gears, dynamo_export, scope, npu_print
2026-03-06T23:06:35.4052774Z (Worker_DP0_TP1_EP1 pid=2054) /usr/local/python3.11.14/lib/python3.11/site-packages/torch_npu/dynamo/torchair/configs/compiler_config.py:106: UserWarning: The following torchair config or properties may not take effect or report error in reduce-overhead mode: config.experimental_config.enable_view_optimize:True, set_dim_gears, dynamo_export, scope, npu_print
2026-03-06T23:06:35.4061916Z (Worker_DP1_TP2_EP10 pid=2615) /usr/local/python3.11.14/lib/python3.11/site-packages/torch_npu/dynamo/torchair/configs/compiler_config.py:106: UserWarning: The following torchair config or properties may not take effect or report error in reduce-overhead mode: config.experimental_config.enable_view_optimize:True, set_dim_gears, dynamo_export, scope, npu_print
2026-03-06T23:06:35.4068956Z (Worker_DP1_TP7_EP15 pid=5392)   warnings.warn(
2026-03-06T23:06:35.4077741Z (Worker_DP1_TP6_EP14 pid=4836)   warnings.warn(
2026-03-06T23:06:35.4088024Z (Worker_DP0_TP7_EP7 pid=5395) /usr/local/python3.11.14/lib/python3.11/site-packages/torch_npu/dynamo/torchair/configs/compiler_config.py:106: UserWarning: The following torchair config or properties may not take effect or report error in reduce-overhead mode: config.experimental_config.enable_view_optimize:True, set_dim_gears, dynamo_export, scope, npu_print
2026-03-06T23:06:35.4095011Z (Worker_DP0_TP3_EP3 pid=3168)   warnings.warn(
2026-03-06T23:06:35.4103333Z (Worker_DP0_TP1_EP1 pid=2054)   warnings.warn(
2026-03-06T23:06:35.4111828Z (Worker_DP1_TP2_EP10 pid=2615)   warnings.warn(
2026-03-06T23:06:35.4120975Z (Worker_DP0_TP7_EP7 pid=5395)   warnings.warn(
2026-03-06T23:06:35.4130485Z (Worker_DP1_TP5_EP13 pid=4280) /usr/local/python3.11.14/lib/python3.11/site-packages/torch_npu/dynamo/torchair/configs/compiler_config.py:106: UserWarning: The following torchair config or properties may not take effect or report error in reduce-overhead mode: config.experimental_config.enable_view_optimize:True, set_dim_gears, dynamo_export, scope, npu_print
2026-03-06T23:06:35.4137487Z (Worker_DP1_TP5_EP13 pid=4280)   warnings.warn(
2026-03-06T23:06:35.4147525Z (Worker_DP1_TP0_EP8 pid=1243) /usr/local/python3.11.14/lib/python3.11/site-packages/torch_npu/dynamo/torchair/configs/compiler_config.py:106: UserWarning: The following torchair config or properties may not take effect or report error in reduce-overhead mode: config.experimental_config.enable_view_optimize:True, set_dim_gears, dynamo_export, scope, npu_print
2026-03-06T23:06:35.4156314Z (Worker_DP0_TP4_EP4 pid=3725) /usr/local/python3.11.14/lib/python3.11/site-packages/torch_npu/dynamo/torchair/configs/compiler_config.py:106: UserWarning: The following torchair config or properties may not take effect or report error in reduce-overhead mode: config.experimental_config.enable_view_optimize:True, set_dim_gears, dynamo_export, scope, npu_print
2026-03-06T23:06:35.4163627Z (Worker_DP1_TP0_EP8 pid=1243)   warnings.warn(
2026-03-06T23:06:35.4172791Z (Worker_DP0_TP4_EP4 pid=3725)   warnings.warn(
2026-03-06T23:06:35.4182871Z (Worker_DP0_TP2_EP2 pid=2612) /usr/local/python3.11.14/lib/python3.11/site-packages/torch_npu/dynamo/torchair/configs/compiler_config.py:106: UserWarning: The following torchair config or properties may not take effect or report error in reduce-overhead mode: config.experimental_config.enable_view_optimize:True, set_dim_gears, dynamo_export, scope, npu_print
2026-03-06T23:06:35.4189817Z (Worker_DP0_TP2_EP2 pid=2612)   warnings.warn(
2026-03-06T23:06:35.4200091Z (Worker_DP0_TP5_EP5 pid=4346) /usr/local/python3.11.14/lib/python3.11/site-packages/torch_npu/dynamo/torchair/configs/compiler_config.py:106: UserWarning: The following torchair config or properties may not take effect or report error in reduce-overhead mode: config.experimental_config.enable_view_optimize:True, set_dim_gears, dynamo_export, scope, npu_print
2026-03-06T23:06:35.4207226Z (Worker_DP0_TP5_EP5 pid=4346)   warnings.warn(
2026-03-06T23:06:35.4217538Z (Worker_DP0_TP6_EP6 pid=4902) /usr/local/python3.11.14/lib/python3.11/site-packages/torch_npu/dynamo/torchair/configs/compiler_config.py:106: UserWarning: The following torchair config or properties may not take effect or report error in reduce-overhead mode: config.experimental_config.enable_view_optimize:True, set_dim_gears, dynamo_export, scope, npu_print
2026-03-06T23:06:35.4224097Z (Worker_DP0_TP6_EP6 pid=4902)   warnings.warn(
2026-03-06T23:06:35.7278556Z (Worker_DP0_TP0_EP0 pid=1242) /usr/local/python3.11.14/lib/python3.11/site-packages/torch_npu/dynamo/torchair/configs/compiler_config.py:106: UserWarning: The following torchair config or properties may not take effect or report error in reduce-overhead mode: config.experimental_config.enable_view_optimize:True, set_dim_gears, dynamo_export, scope, npu_print
2026-03-06T23:06:35.7286711Z (Worker_DP0_TP1_EP1 pid=2054) /usr/local/python3.11.14/lib/python3.11/site-packages/torch_npu/dynamo/torchair/configs/compiler_config.py:106: UserWarning: The following torchair config or properties may not take effect or report error in reduce-overhead mode: config.experimental_config.enable_view_optimize:True, set_dim_gears, dynamo_export, scope, npu_print
2026-03-06T23:06:35.7296560Z (Worker_DP0_TP2_EP2 pid=2612) /usr/local/python3.11.14/lib/python3.11/site-packages/torch_npu/dynamo/torchair/configs/compiler_config.py:106: UserWarning: The following torchair config or properties may not take effect or report error in reduce-overhead mode: config.experimental_config.enable_view_optimize:True, set_dim_gears, dynamo_export, scope, npu_print
2026-03-06T23:06:35.7305066Z (Worker_DP0_TP4_EP4 pid=3725) /usr/local/python3.11.14/lib/python3.11/site-packages/torch_npu/dynamo/torchair/configs/compiler_config.py:106: UserWarning: The following torchair config or properties may not take effect or report error in reduce-overhead mode: config.experimental_config.enable_view_optimize:True, set_dim_gears, dynamo_export, scope, npu_print
2026-03-06T23:06:35.7315054Z (Worker_DP0_TP5_EP5 pid=4346) /usr/local/python3.11.14/lib/python3.11/site-packages/torch_npu/dynamo/torchair/configs/compiler_config.py:106: UserWarning: The following torchair config or properties may not take effect or report error in reduce-overhead mode: config.experimental_config.enable_view_optimize:True, set_dim_gears, dynamo_export, scope, npu_print
2026-03-06T23:06:35.7324289Z (Worker_DP1_TP3_EP11 pid=3170) /usr/local/python3.11.14/lib/python3.11/site-packages/torch_npu/dynamo/torchair/configs/compiler_config.py:106: UserWarning: The following torchair config or properties may not take effect or report error in reduce-overhead mode: config.experimental_config.enable_view_optimize:True, set_dim_gears, dynamo_export, scope, npu_print
2026-03-06T23:06:35.7333134Z (Worker_DP1_TP0_EP8 pid=1243) /usr/local/python3.11.14/lib/python3.11/site-packages/torch_npu/dynamo/torchair/configs/compiler_config.py:106: UserWarning: The following torchair config or properties may not take effect or report error in reduce-overhead mode: config.experimental_config.enable_view_optimize:True, set_dim_gears, dynamo_export, scope, npu_print
2026-03-06T23:06:35.7343159Z (Worker_DP1_TP6_EP14 pid=4836) /usr/local/python3.11.14/lib/python3.11/site-packages/torch_npu/dynamo/torchair/configs/compiler_config.py:106: UserWarning: The following torchair config or properties may not take effect or report error in reduce-overhead mode: config.experimental_config.enable_view_optimize:True, set_dim_gears, dynamo_export, scope, npu_print
2026-03-06T23:06:35.7350867Z (Worker_DP0_TP5_EP5 pid=4346)   warnings.warn(
2026-03-06T23:06:35.7358871Z (Worker_DP0_TP1_EP1 pid=2054)   warnings.warn(
2026-03-06T23:06:35.7367697Z (Worker_DP0_TP0_EP0 pid=1242)   warnings.warn(
2026-03-06T23:06:35.7378591Z (Worker_DP1_TP4_EP12 pid=3724) /usr/local/python3.11.14/lib/python3.11/site-packages/torch_npu/dynamo/torchair/configs/compiler_config.py:106: UserWarning: The following torchair config or properties may not take effect or report error in reduce-overhead mode: config.experimental_config.enable_view_optimize:True, set_dim_gears, dynamo_export, scope, npu_print
2026-03-06T23:06:35.7387627Z (Worker_DP1_TP1_EP9 pid=2120) /usr/local/python3.11.14/lib/python3.11/site-packages/torch_npu/dynamo/torchair/configs/compiler_config.py:106: UserWarning: The following torchair config or properties may not take effect or report error in reduce-overhead mode: config.experimental_config.enable_view_optimize:True, set_dim_gears, dynamo_export, scope, npu_print
2026-03-06T23:06:35.7394643Z (Worker_DP0_TP4_EP4 pid=3725)   warnings.warn(
2026-03-06T23:06:35.7402673Z (Worker_DP0_TP2_EP2 pid=2612)   warnings.warn(
2026-03-06T23:06:35.7412664Z (Worker_DP0_TP7_EP7 pid=5395) /usr/local/python3.11.14/lib/python3.11/site-packages/torch_npu/dynamo/torchair/configs/compiler_config.py:106: UserWarning: The following torchair config or properties may not take effect or report error in reduce-overhead mode: config.experimental_config.enable_view_optimize:True, set_dim_gears, dynamo_export, scope, npu_print
2026-03-06T23:06:35.7420786Z (Worker_DP1_TP3_EP11 pid=3170)   warnings.warn(
2026-03-06T23:06:35.7428876Z (Worker_DP1_TP0_EP8 pid=1243)   warnings.warn(
2026-03-06T23:06:35.7439040Z (Worker_DP0_TP6_EP6 pid=4902) /usr/local/python3.11.14/lib/python3.11/site-packages/torch_npu/dynamo/torchair/configs/compiler_config.py:106: UserWarning: The following torchair config or properties may not take effect or report error in reduce-overhead mode: config.experimental_config.enable_view_optimize:True, set_dim_gears, dynamo_export, scope, npu_print
2026-03-06T23:06:35.7446153Z (Worker_DP1_TP6_EP14 pid=4836)   warnings.warn(
2026-03-06T23:06:35.7454757Z (Worker_DP1_TP4_EP12 pid=3724)   warnings.warn(
2026-03-06T23:06:35.7462554Z (Worker_DP1_TP1_EP9 pid=2120)   warnings.warn(
2026-03-06T23:06:35.7471333Z (Worker_DP0_TP7_EP7 pid=5395)   warnings.warn(
2026-03-06T23:06:35.7482108Z (Worker_DP1_TP5_EP13 pid=4280) /usr/local/python3.11.14/lib/python3.11/site-packages/torch_npu/dynamo/torchair/configs/compiler_config.py:106: UserWarning: The following torchair config or properties may not take effect or report error in reduce-overhead mode: config.experimental_config.enable_view_optimize:True, set_dim_gears, dynamo_export, scope, npu_print
2026-03-06T23:06:35.7489500Z (Worker_DP0_TP6_EP6 pid=4902)   warnings.warn(
2026-03-06T23:06:35.7499821Z (Worker_DP0_TP3_EP3 pid=3168) /usr/local/python3.11.14/lib/python3.11/site-packages/torch_npu/dynamo/torchair/configs/compiler_config.py:106: UserWarning: The following torchair config or properties may not take effect or report error in reduce-overhead mode: config.experimental_config.enable_view_optimize:True, set_dim_gears, dynamo_export, scope, npu_print
2026-03-06T23:06:35.7507078Z (Worker_DP1_TP5_EP13 pid=4280)   warnings.warn(
2026-03-06T23:06:35.7516845Z (Worker_DP1_TP2_EP10 pid=2615) /usr/local/python3.11.14/lib/python3.11/site-packages/torch_npu/dynamo/torchair/configs/compiler_config.py:106: UserWarning: The following torchair config or properties may not take effect or report error in reduce-overhead mode: config.experimental_config.enable_view_optimize:True, set_dim_gears, dynamo_export, scope, npu_print
2026-03-06T23:06:35.7523342Z (Worker_DP0_TP3_EP3 pid=3168)   warnings.warn(
2026-03-06T23:06:35.7531320Z (Worker_DP1_TP2_EP10 pid=2615)   warnings.warn(
2026-03-06T23:06:35.7542032Z (Worker_DP1_TP7_EP15 pid=5392) /usr/local/python3.11.14/lib/python3.11/site-packages/torch_npu/dynamo/torchair/configs/compiler_config.py:106: UserWarning: The following torchair config or properties may not take effect or report error in reduce-overhead mode: config.experimental_config.enable_view_optimize:True, set_dim_gears, dynamo_export, scope, npu_print
2026-03-06T23:06:35.7548803Z (Worker_DP1_TP7_EP15 pid=5392)   warnings.warn(
2026-03-06T23:06:36.0597887Z (Worker_DP0_TP0_EP0 pid=1242) /usr/local/python3.11.14/lib/python3.11/site-packages/torch_npu/dynamo/torchair/configs/compiler_config.py:106: UserWarning: The following torchair config or properties may not take effect or report error in reduce-overhead mode: config.experimental_config.enable_view_optimize:True, set_dim_gears, dynamo_export, scope, npu_print
2026-03-06T23:06:36.0606003Z (Worker_DP1_TP0_EP8 pid=1243) /usr/local/python3.11.14/lib/python3.11/site-packages/torch_npu/dynamo/torchair/configs/compiler_config.py:106: UserWarning: The following torchair config or properties may not take effect or report error in reduce-overhead mode: config.experimental_config.enable_view_optimize:True, set_dim_gears, dynamo_export, scope, npu_print
2026-03-06T23:06:36.0616033Z (Worker_DP1_TP1_EP9 pid=2120) /usr/local/python3.11.14/lib/python3.11/site-packages/torch_npu/dynamo/torchair/configs/compiler_config.py:106: UserWarning: The following torchair config or properties may not take effect or report error in reduce-overhead mode: config.experimental_config.enable_view_optimize:True, set_dim_gears, dynamo_export, scope, npu_print
2026-03-06T23:06:36.0625118Z (Worker_DP0_TP2_EP2 pid=2612) /usr/local/python3.11.14/lib/python3.11/site-packages/torch_npu/dynamo/torchair/configs/compiler_config.py:106: UserWarning: The following torchair config or properties may not take effect or report error in reduce-overhead mode: config.experimental_config.enable_view_optimize:True, set_dim_gears, dynamo_export, scope, npu_print
2026-03-06T23:06:36.0632600Z (Worker_DP0_TP0_EP0 pid=1242)   warnings.warn(
2026-03-06T23:06:36.0641343Z (Worker_DP1_TP0_EP8 pid=1243)   warnings.warn(
2026-03-06T23:06:36.0650401Z (Worker_DP1_TP1_EP9 pid=2120)   warnings.warn(
2026-03-06T23:06:36.0658920Z (Worker_DP0_TP2_EP2 pid=2612)   warnings.warn(
2026-03-06T23:06:36.0669925Z (Worker_DP1_TP4_EP12 pid=3724) /usr/local/python3.11.14/lib/python3.11/site-packages/torch_npu/dynamo/torchair/configs/compiler_config.py:106: UserWarning: The following torchair config or properties may not take effect or report error in reduce-overhead mode: config.experimental_config.enable_view_optimize:True, set_dim_gears, dynamo_export, scope, npu_print
2026-03-06T23:06:36.0679004Z (Worker_DP1_TP7_EP15 pid=5392) /usr/local/python3.11.14/lib/python3.11/site-packages/torch_npu/dynamo/torchair/configs/compiler_config.py:106: UserWarning: The following torchair config or properties may not take effect or report error in reduce-overhead mode: config.experimental_config.enable_view_optimize:True, set_dim_gears, dynamo_export, scope, npu_print
2026-03-06T23:06:36.0688595Z (Worker_DP0_TP4_EP4 pid=3725) /usr/local/python3.11.14/lib/python3.11/site-packages/torch_npu/dynamo/torchair/configs/compiler_config.py:106: UserWarning: The following torchair config or properties may not take effect or report error in reduce-overhead mode: config.experimental_config.enable_view_optimize:True, set_dim_gears, dynamo_export, scope, npu_print
2026-03-06T23:06:36.0695444Z (Worker_DP1_TP7_EP15 pid=5392)   warnings.warn(
2026-03-06T23:06:36.0706336Z (Worker_DP0_TP3_EP3 pid=3168) /usr/local/python3.11.14/lib/python3.11/site-packages/torch_npu/dynamo/torchair/configs/compiler_config.py:106: UserWarning: The following torchair config or properties may not take effect or report error in reduce-overhead mode: config.experimental_config.enable_view_optimize:True, set_dim_gears, dynamo_export, scope, npu_print
2026-03-06T23:06:36.0713421Z (Worker_DP1_TP4_EP12 pid=3724)   warnings.warn(
2026-03-06T23:06:36.0721943Z (Worker_DP0_TP4_EP4 pid=3725)   warnings.warn(
2026-03-06T23:06:36.0732916Z (Worker_DP1_TP2_EP10 pid=2615) /usr/local/python3.11.14/lib/python3.11/site-packages/torch_npu/dynamo/torchair/configs/compiler_config.py:106: UserWarning: The following torchair config or properties may not take effect or report error in reduce-overhead mode: config.experimental_config.enable_view_optimize:True, set_dim_gears, dynamo_export, scope, npu_print
2026-03-06T23:06:36.0741776Z (Worker_DP1_TP3_EP11 pid=3170) /usr/local/python3.11.14/lib/python3.11/site-packages/torch_npu/dynamo/torchair/configs/compiler_config.py:106: UserWarning: The following torchair config or properties may not take effect or report error in reduce-overhead mode: config.experimental_config.enable_view_optimize:True, set_dim_gears, dynamo_export, scope, npu_print
2026-03-06T23:06:36.0748460Z (Worker_DP0_TP3_EP3 pid=3168)   warnings.warn(
2026-03-06T23:06:36.0758969Z (Worker_DP0_TP1_EP1 pid=2054) /usr/local/python3.11.14/lib/python3.11/site-packages/torch_npu/dynamo/torchair/configs/compiler_config.py:106: UserWarning: The following torchair config or properties may not take effect or report error in reduce-overhead mode: config.experimental_config.enable_view_optimize:True, set_dim_gears, dynamo_export, scope, npu_print
2026-03-06T23:06:36.0768167Z (Worker_DP1_TP6_EP14 pid=4836) /usr/local/python3.11.14/lib/python3.11/site-packages/torch_npu/dynamo/torchair/configs/compiler_config.py:106: UserWarning: The following torchair config or properties may not take effect or report error in reduce-overhead mode: config.experimental_config.enable_view_optimize:True, set_dim_gears, dynamo_export, scope, npu_print
2026-03-06T23:06:36.0773770Z (Worker_DP1_TP3_EP11 pid=3170)   warnings.warn(
2026-03-06T23:06:36.0782146Z (Worker_DP1_TP2_EP10 pid=2615)   warnings.warn(
2026-03-06T23:06:36.0790770Z (Worker_DP0_TP1_EP1 pid=2054)   warnings.warn(
2026-03-06T23:06:36.0799366Z (Worker_DP1_TP6_EP14 pid=4836)   warnings.warn(
2026-03-06T23:06:36.0809667Z (Worker_DP0_TP7_EP7 pid=5395) /usr/local/python3.11.14/lib/python3.11/site-packages/torch_npu/dynamo/torchair/configs/compiler_config.py:106: UserWarning: The following torchair config or properties may not take effect or report error in reduce-overhead mode: config.experimental_config.enable_view_optimize:True, set_dim_gears, dynamo_export, scope, npu_print
2026-03-06T23:06:36.0818423Z (Worker_DP0_TP6_EP6 pid=4902) /usr/local/python3.11.14/lib/python3.11/site-packages/torch_npu/dynamo/torchair/configs/compiler_config.py:106: UserWarning: The following torchair config or properties may not take effect or report error in reduce-overhead mode: config.experimental_config.enable_view_optimize:True, set_dim_gears, dynamo_export, scope, npu_print
2026-03-06T23:06:36.0825971Z (Worker_DP0_TP7_EP7 pid=5395)   warnings.warn(
2026-03-06T23:06:36.0833811Z (Worker_DP0_TP6_EP6 pid=4902)   warnings.warn(
2026-03-06T23:06:36.0843733Z (Worker_DP1_TP5_EP13 pid=4280) /usr/local/python3.11.14/lib/python3.11/site-packages/torch_npu/dynamo/torchair/configs/compiler_config.py:106: UserWarning: The following torchair config or properties may not take effect or report error in reduce-overhead mode: config.experimental_config.enable_view_optimize:True, set_dim_gears, dynamo_export, scope, npu_print
2026-03-06T23:06:36.0850843Z (Worker_DP1_TP5_EP13 pid=4280)   warnings.warn(
2026-03-06T23:06:36.0861715Z (Worker_DP0_TP5_EP5 pid=4346) /usr/local/python3.11.14/lib/python3.11/site-packages/torch_npu/dynamo/torchair/configs/compiler_config.py:106: UserWarning: The following torchair config or properties may not take effect or report error in reduce-overhead mode: config.experimental_config.enable_view_optimize:True, set_dim_gears, dynamo_export, scope, npu_print
2026-03-06T23:06:36.0868249Z (Worker_DP0_TP5_EP5 pid=4346)   warnings.warn(
2026-03-06T23:06:36.3896162Z (Worker_DP0_TP0_EP0 pid=1242) /usr/local/python3.11.14/lib/python3.11/site-packages/torch_npu/dynamo/torchair/configs/compiler_config.py:106: UserWarning: The following torchair config or properties may not take effect or report error in reduce-overhead mode: config.experimental_config.enable_view_optimize:True, set_dim_gears, dynamo_export, scope, npu_print
2026-03-06T23:06:36.3906017Z (Worker_DP0_TP2_EP2 pid=2612) /usr/local/python3.11.14/lib/python3.11/site-packages/torch_npu/dynamo/torchair/configs/compiler_config.py:106: UserWarning: The following torchair config or properties may not take effect or report error in reduce-overhead mode: config.experimental_config.enable_view_optimize:True, set_dim_gears, dynamo_export, scope, npu_print
2026-03-06T23:06:36.3914767Z (Worker_DP1_TP1_EP9 pid=2120) /usr/local/python3.11.14/lib/python3.11/site-packages/torch_npu/dynamo/torchair/configs/compiler_config.py:106: UserWarning: The following torchair config or properties may not take effect or report error in reduce-overhead mode: config.experimental_config.enable_view_optimize:True, set_dim_gears, dynamo_export, scope, npu_print
2026-03-06T23:06:36.3922324Z (Worker_DP0_TP0_EP0 pid=1242)   warnings.warn(
2026-03-06T23:06:36.3931060Z (Worker_DP0_TP2_EP2 pid=2612)   warnings.warn(
2026-03-06T23:06:36.3942364Z (Worker_DP0_TP5_EP5 pid=4346) /usr/local/python3.11.14/lib/python3.11/site-packages/torch_npu/dynamo/torchair/configs/compiler_config.py:106: UserWarning: The following torchair config or properties may not take effect or report error in reduce-overhead mode: config.experimental_config.enable_view_optimize:True, set_dim_gears, dynamo_export, scope, npu_print
2026-03-06T23:06:36.3951067Z (Worker_DP0_TP4_EP4 pid=3725) /usr/local/python3.11.14/lib/python3.11/site-packages/torch_npu/dynamo/torchair/configs/compiler_config.py:106: UserWarning: The following torchair config or properties may not take effect or report error in reduce-overhead mode: config.experimental_config.enable_view_optimize:True, set_dim_gears, dynamo_export, scope, npu_print
2026-03-06T23:06:36.3961541Z (Worker_DP1_TP3_EP11 pid=3170) /usr/local/python3.11.14/lib/python3.11/site-packages/torch_npu/dynamo/torchair/configs/compiler_config.py:106: UserWarning: The following torchair config or properties may not take effect or report error in reduce-overhead mode: config.experimental_config.enable_view_optimize:True, set_dim_gears, dynamo_export, scope, npu_print
2026-03-06T23:06:36.3970701Z (Worker_DP1_TP1_EP9 pid=2120)   warnings.warn(
2026-03-06T23:06:36.3979084Z (Worker_DP0_TP6_EP6 pid=4902) /usr/local/python3.11.14/lib/python3.11/site-packages/torch_npu/dynamo/torchair/configs/compiler_config.py:106: UserWarning: The following torchair config or properties may not take effect or report error in reduce-overhead mode: config.experimental_config.enable_view_optimize:True, set_dim_gears, dynamo_export, scope, npu_print
2026-03-06T23:06:36.3988838Z (Worker_DP0_TP3_EP3 pid=3168) /usr/local/python3.11.14/lib/python3.11/site-packages/torch_npu/dynamo/torchair/configs/compiler_config.py:106: UserWarning: The following torchair config or properties may not take effect or report error in reduce-overhead mode: config.experimental_config.enable_view_optimize:True, set_dim_gears, dynamo_export, scope, npu_print
2026-03-06T23:06:36.3995473Z (Worker_DP0_TP5_EP5 pid=4346)   warnings.warn(
2026-03-06T23:06:36.4004172Z (Worker_DP0_TP4_EP4 pid=3725)   warnings.warn(
2026-03-06T23:06:36.4014807Z (Worker_DP0_TP7_EP7 pid=5395) /usr/local/python3.11.14/lib/python3.11/site-packages/torch_npu/dynamo/torchair/configs/compiler_config.py:106: UserWarning: The following torchair config or properties may not take effect or report error in reduce-overhead mode: config.experimental_config.enable_view_optimize:True, set_dim_gears, dynamo_export, scope, npu_print
2026-03-06T23:06:36.4022121Z (Worker_DP1_TP3_EP11 pid=3170)   warnings.warn(
2026-03-06T23:06:36.4031052Z (Worker_DP0_TP6_EP6 pid=4902)   warnings.warn(
2026-03-06T23:06:36.4042027Z (Worker_DP1_TP4_EP12 pid=3724) /usr/local/python3.11.14/lib/python3.11/site-packages/torch_npu/dynamo/torchair/configs/compiler_config.py:106: UserWarning: The following torchair config or properties may not take effect or report error in reduce-overhead mode: config.experimental_config.enable_view_optimize:True, set_dim_gears, dynamo_export, scope, npu_print
2026-03-06T23:06:36.4048926Z (Worker_DP0_TP3_EP3 pid=3168)   warnings.warn(
2026-03-06T23:06:36.4059335Z (Worker_DP1_TP6_EP14 pid=4836) /usr/local/python3.11.14/lib/python3.11/site-packages/torch_npu/dynamo/torchair/configs/compiler_config.py:106: UserWarning: The following torchair config or properties may not take effect or report error in reduce-overhead mode: config.experimental_config.enable_view_optimize:True, set_dim_gears, dynamo_export, scope, npu_print
2026-03-06T23:06:36.4066568Z (Worker_DP0_TP7_EP7 pid=5395)   warnings.warn(
2026-03-06T23:06:36.4076483Z (Worker_DP0_TP1_EP1 pid=2054) /usr/local/python3.11.14/lib/python3.11/site-packages/torch_npu/dynamo/torchair/configs/compiler_config.py:106: UserWarning: The following torchair config or properties may not take effect or report error in reduce-overhead mode: config.experimental_config.enable_view_optimize:True, set_dim_gears, dynamo_export, scope, npu_print
2026-03-06T23:06:36.4083382Z (Worker_DP1_TP4_EP12 pid=3724)   warnings.warn(
2026-03-06T23:06:36.4091446Z (Worker_DP1_TP6_EP14 pid=4836)   warnings.warn(
2026-03-06T23:06:36.4100155Z (Worker_DP0_TP1_EP1 pid=2054)   warnings.warn(
2026-03-06T23:06:36.4110638Z (Worker_DP1_TP2_EP10 pid=2615) /usr/local/python3.11.14/lib/python3.11/site-packages/torch_npu/dynamo/torchair/configs/compiler_config.py:106: UserWarning: The following torchair config or properties may not take effect or report error in reduce-overhead mode: config.experimental_config.enable_view_optimize:True, set_dim_gears, dynamo_export, scope, npu_print
2026-03-06T23:06:36.4119586Z (Worker_DP1_TP0_EP8 pid=1243) /usr/local/python3.11.14/lib/python3.11/site-packages/torch_npu/dynamo/torchair/configs/compiler_config.py:106: UserWarning: The following torchair config or properties may not take effect or report error in reduce-overhead mode: config.experimental_config.enable_view_optimize:True, set_dim_gears, dynamo_export, scope, npu_print
2026-03-06T23:06:36.4127067Z (Worker_DP1_TP2_EP10 pid=2615)   warnings.warn(
2026-03-06T23:06:36.4135621Z (Worker_DP1_TP0_EP8 pid=1243)   warnings.warn(
2026-03-06T23:06:36.4145884Z (Worker_DP1_TP7_EP15 pid=5392) /usr/local/python3.11.14/lib/python3.11/site-packages/torch_npu/dynamo/torchair/configs/compiler_config.py:106: UserWarning: The following torchair config or properties may not take effect or report error in reduce-overhead mode: config.experimental_config.enable_view_optimize:True, set_dim_gears, dynamo_export, scope, npu_print
2026-03-06T23:06:36.4152616Z (Worker_DP1_TP7_EP15 pid=5392)   warnings.warn(
2026-03-06T23:06:36.4162241Z (Worker_DP1_TP5_EP13 pid=4280) /usr/local/python3.11.14/lib/python3.11/site-packages/torch_npu/dynamo/torchair/configs/compiler_config.py:106: UserWarning: The following torchair config or properties may not take effect or report error in reduce-overhead mode: config.experimental_config.enable_view_optimize:True, set_dim_gears, dynamo_export, scope, npu_print
2026-03-06T23:06:36.4169133Z (Worker_DP1_TP5_EP13 pid=4280)   warnings.warn(
2026-03-06T23:06:36.7243025Z (Worker_DP1_TP3_EP11 pid=3170) /usr/local/python3.11.14/lib/python3.11/site-packages/torch_npu/dynamo/torchair/configs/compiler_config.py:106: UserWarning: The following torchair config or properties may not take effect or report error in reduce-overhead mode: config.experimental_config.enable_view_optimize:True, set_dim_gears, dynamo_export, scope, npu_print
2026-03-06T23:06:36.7253652Z (Worker_DP1_TP4_EP12 pid=3724) /usr/local/python3.11.14/lib/python3.11/site-packages/torch_npu/dynamo/torchair/configs/compiler_config.py:106: UserWarning: The following torchair config or properties may not take effect or report error in reduce-overhead mode: config.experimental_config.enable_view_optimize:True, set_dim_gears, dynamo_export, scope, npu_print
2026-03-06T23:06:36.7260922Z (Worker_DP1_TP3_EP11 pid=3170)   warnings.warn(
2026-03-06T23:06:36.7269368Z (Worker_DP1_TP4_EP12 pid=3724)   warnings.warn(
2026-03-06T23:06:36.7281218Z (Worker_DP1_TP7_EP15 pid=5392) /usr/local/python3.11.14/lib/python3.11/site-packages/torch_npu/dynamo/torchair/configs/compiler_config.py:106: UserWarning: The following torchair config or properties may not take effect or report error in reduce-overhead mode: config.experimental_config.enable_view_optimize:True, set_dim_gears, dynamo_export, scope, npu_print
2026-03-06T23:06:36.7289648Z (Worker_DP1_TP6_EP14 pid=4836) /usr/local/python3.11.14/lib/python3.11/site-packages/torch_npu/dynamo/torchair/configs/compiler_config.py:106: UserWarning: The following torchair config or properties may not take effect or report error in reduce-overhead mode: config.experimental_config.enable_view_optimize:True, set_dim_gears, dynamo_export, scope, npu_print
2026-03-06T23:06:36.7296933Z (Worker_DP1_TP7_EP15 pid=5392)   warnings.warn(
2026-03-06T23:06:36.7305361Z (Worker_DP1_TP6_EP14 pid=4836)   warnings.warn(
2026-03-06T23:06:36.7315401Z (Worker_DP1_TP5_EP13 pid=4280) /usr/local/python3.11.14/lib/python3.11/site-packages/torch_npu/dynamo/torchair/configs/compiler_config.py:106: UserWarning: The following torchair config or properties may not take effect or report error in reduce-overhead mode: config.experimental_config.enable_view_optimize:True, set_dim_gears, dynamo_export, scope, npu_print
2026-03-06T23:06:36.7322564Z (Worker_DP1_TP5_EP13 pid=4280)   warnings.warn(
2026-03-06T23:06:36.7333212Z (Worker_DP1_TP1_EP9 pid=2120) /usr/local/python3.11.14/lib/python3.11/site-packages/torch_npu/dynamo/torchair/configs/compiler_config.py:106: UserWarning: The following torchair config or properties may not take effect or report error in reduce-overhead mode: config.experimental_config.enable_view_optimize:True, set_dim_gears, dynamo_export, scope, npu_print
2026-03-06T23:06:36.7340267Z (Worker_DP1_TP1_EP9 pid=2120)   warnings.warn(
2026-03-06T23:06:36.7351152Z (Worker_DP1_TP2_EP10 pid=2615) /usr/local/python3.11.14/lib/python3.11/site-packages/torch_npu/dynamo/torchair/configs/compiler_config.py:106: UserWarning: The following torchair config or properties may not take effect or report error in reduce-overhead mode: config.experimental_config.enable_view_optimize:True, set_dim_gears, dynamo_export, scope, npu_print
2026-03-06T23:06:36.7360180Z (Worker_DP1_TP0_EP8 pid=1243) /usr/local/python3.11.14/lib/python3.11/site-packages/torch_npu/dynamo/torchair/configs/compiler_config.py:106: UserWarning: The following torchair config or properties may not take effect or report error in reduce-overhead mode: config.experimental_config.enable_view_optimize:True, set_dim_gears, dynamo_export, scope, npu_print
2026-03-06T23:06:36.7367542Z (Worker_DP1_TP2_EP10 pid=2615)   warnings.warn(
2026-03-06T23:06:36.7376181Z (Worker_DP1_TP0_EP8 pid=1243)   warnings.warn(
2026-03-06T23:06:36.7386422Z (Worker_DP0_TP5_EP5 pid=4346) /usr/local/python3.11.14/lib/python3.11/site-packages/torch_npu/dynamo/torchair/configs/compiler_config.py:106: UserWarning: The following torchair config or properties may not take effect or report error in reduce-overhead mode: config.experimental_config.enable_view_optimize:True, set_dim_gears, dynamo_export, scope, npu_print
2026-03-06T23:06:36.7394955Z (Worker_DP0_TP3_EP3 pid=3168) /usr/local/python3.11.14/lib/python3.11/site-packages/torch_npu/dynamo/torchair/configs/compiler_config.py:106: UserWarning: The following torchair config or properties may not take effect or report error in reduce-overhead mode: config.experimental_config.enable_view_optimize:True, set_dim_gears, dynamo_export, scope, npu_print
2026-03-06T23:06:36.7403082Z (Worker_DP0_TP5_EP5 pid=4346)   warnings.warn(
2026-03-06T23:06:36.7411207Z (Worker_DP0_TP3_EP3 pid=3168)   warnings.warn(
2026-03-06T23:06:36.7422263Z (Worker_DP0_TP7_EP7 pid=5395) /usr/local/python3.11.14/lib/python3.11/site-packages/torch_npu/dynamo/torchair/configs/compiler_config.py:106: UserWarning: The following torchair config or properties may not take effect or report error in reduce-overhead mode: config.experimental_config.enable_view_optimize:True, set_dim_gears, dynamo_export, scope, npu_print
2026-03-06T23:06:36.7430878Z (Worker_DP0_TP4_EP4 pid=3725) /usr/local/python3.11.14/lib/python3.11/site-packages/torch_npu/dynamo/torchair/configs/compiler_config.py:106: UserWarning: The following torchair config or properties may not take effect or report error in reduce-overhead mode: config.experimental_config.enable_view_optimize:True, set_dim_gears, dynamo_export, scope, npu_print
2026-03-06T23:06:36.7437926Z (Worker_DP0_TP7_EP7 pid=5395)   warnings.warn(
2026-03-06T23:06:36.7446186Z (Worker_DP0_TP4_EP4 pid=3725)   warnings.warn(
2026-03-06T23:06:36.7456715Z (Worker_DP0_TP0_EP0 pid=1242) /usr/local/python3.11.14/lib/python3.11/site-packages/torch_npu/dynamo/torchair/configs/compiler_config.py:106: UserWarning: The following torchair config or properties may not take effect or report error in reduce-overhead mode: config.experimental_config.enable_view_optimize:True, set_dim_gears, dynamo_export, scope, npu_print
2026-03-06T23:06:36.7465022Z (Worker_DP0_TP2_EP2 pid=2612) /usr/local/python3.11.14/lib/python3.11/site-packages/torch_npu/dynamo/torchair/configs/compiler_config.py:106: UserWarning: The following torchair config or properties may not take effect or report error in reduce-overhead mode: config.experimental_config.enable_view_optimize:True, set_dim_gears, dynamo_export, scope, npu_print
2026-03-06T23:06:36.7471586Z (Worker_DP0_TP0_EP0 pid=1242)   warnings.warn(
2026-03-06T23:06:36.7480222Z (Worker_DP0_TP2_EP2 pid=2612)   warnings.warn(
2026-03-06T23:06:36.7490406Z (Worker_DP0_TP1_EP1 pid=2054) /usr/local/python3.11.14/lib/python3.11/site-packages/torch_npu/dynamo/torchair/configs/compiler_config.py:106: UserWarning: The following torchair config or properties may not take effect or report error in reduce-overhead mode: config.experimental_config.enable_view_optimize:True, set_dim_gears, dynamo_export, scope, npu_print
2026-03-06T23:06:36.7496605Z (Worker_DP0_TP1_EP1 pid=2054)   warnings.warn(
2026-03-06T23:06:36.7506691Z (Worker_DP0_TP6_EP6 pid=4902) /usr/local/python3.11.14/lib/python3.11/site-packages/torch_npu/dynamo/torchair/configs/compiler_config.py:106: UserWarning: The following torchair config or properties may not take effect or report error in reduce-overhead mode: config.experimental_config.enable_view_optimize:True, set_dim_gears, dynamo_export, scope, npu_print
2026-03-06T23:06:36.7513163Z (Worker_DP0_TP6_EP6 pid=4902)   warnings.warn(
2026-03-06T23:06:37.0586783Z (Worker_DP1_TP5_EP13 pid=4280) /usr/local/python3.11.14/lib/python3.11/site-packages/torch_npu/dynamo/torchair/configs/compiler_config.py:106: UserWarning: The following torchair config or properties may not take effect or report error in reduce-overhead mode: config.experimental_config.enable_view_optimize:True, set_dim_gears, dynamo_export, scope, npu_print
2026-03-06T23:06:37.0595462Z (Worker_DP0_TP5_EP5 pid=4346) /usr/local/python3.11.14/lib/python3.11/site-packages/torch_npu/dynamo/torchair/configs/compiler_config.py:106: UserWarning: The following torchair config or properties may not take effect or report error in reduce-overhead mode: config.experimental_config.enable_view_optimize:True, set_dim_gears, dynamo_export, scope, npu_print
2026-03-06T23:06:37.0605617Z (Worker_DP1_TP3_EP11 pid=3170) /usr/local/python3.11.14/lib/python3.11/site-packages/torch_npu/dynamo/torchair/configs/compiler_config.py:106: UserWarning: The following torchair config or properties may not take effect or report error in reduce-overhead mode: config.experimental_config.enable_view_optimize:True, set_dim_gears, dynamo_export, scope, npu_print
2026-03-06T23:06:37.0615222Z (Worker_DP0_TP6_EP6 pid=4902) /usr/local/python3.11.14/lib/python3.11/site-packages/torch_npu/dynamo/torchair/configs/compiler_config.py:106: UserWarning: The following torchair config or properties may not take effect or report error in reduce-overhead mode: config.experimental_config.enable_view_optimize:True, set_dim_gears, dynamo_export, scope, npu_print
2026-03-06T23:06:37.0622626Z (Worker_DP1_TP5_EP13 pid=4280)   warnings.warn(
2026-03-06T23:06:37.0631262Z (Worker_DP0_TP5_EP5 pid=4346)   warnings.warn(
2026-03-06T23:06:37.0640138Z (Worker_DP1_TP3_EP11 pid=3170)   warnings.warn(
2026-03-06T23:06:37.0649108Z (Worker_DP0_TP6_EP6 pid=4902)   warnings.warn(
2026-03-06T23:06:37.0659425Z (Worker_DP0_TP7_EP7 pid=5395) /usr/local/python3.11.14/lib/python3.11/site-packages/torch_npu/dynamo/torchair/configs/compiler_config.py:106: UserWarning: The following torchair config or properties may not take effect or report error in reduce-overhead mode: config.experimental_config.enable_view_optimize:True, set_dim_gears, dynamo_export, scope, npu_print
2026-03-06T23:06:37.0669227Z (Worker_DP1_TP4_EP12 pid=3724) /usr/local/python3.11.14/lib/python3.11/site-packages/torch_npu/dynamo/torchair/configs/compiler_config.py:106: UserWarning: The following torchair config or properties may not take effect or report error in reduce-overhead mode: config.experimental_config.enable_view_optimize:True, set_dim_gears, dynamo_export, scope, npu_print
2026-03-06T23:06:37.0676647Z (Worker_DP0_TP7_EP7 pid=5395)   warnings.warn(
2026-03-06T23:06:37.0685337Z (Worker_DP1_TP4_EP12 pid=3724)   warnings.warn(
2026-03-06T23:06:37.0696001Z (Worker_DP0_TP4_EP4 pid=3725) /usr/local/python3.11.14/lib/python3.11/site-packages/torch_npu/dynamo/torchair/configs/compiler_config.py:106: UserWarning: The following torchair config or properties may not take effect or report error in reduce-overhead mode: config.experimental_config.enable_view_optimize:True, set_dim_gears, dynamo_export, scope, npu_print
2026-03-06T23:06:37.0702388Z (Worker_DP0_TP4_EP4 pid=3725)   warnings.warn(
2026-03-06T23:06:37.0713412Z (Worker_DP1_TP7_EP15 pid=5392) /usr/local/python3.11.14/lib/python3.11/site-packages/torch_npu/dynamo/torchair/configs/compiler_config.py:106: UserWarning: The following torchair config or properties may not take effect or report error in reduce-overhead mode: config.experimental_config.enable_view_optimize:True, set_dim_gears, dynamo_export, scope, npu_print
2026-03-06T23:06:37.0720720Z (Worker_DP1_TP7_EP15 pid=5392)   warnings.warn(
2026-03-06T23:06:37.0731786Z (Worker_DP0_TP3_EP3 pid=3168) /usr/local/python3.11.14/lib/python3.11/site-packages/torch_npu/dynamo/torchair/configs/compiler_config.py:106: UserWarning: The following torchair config or properties may not take effect or report error in reduce-overhead mode: config.experimental_config.enable_view_optimize:True, set_dim_gears, dynamo_export, scope, npu_print
2026-03-06T23:06:37.0738532Z (Worker_DP0_TP3_EP3 pid=3168)   warnings.warn(
2026-03-06T23:06:37.0748582Z (Worker_DP1_TP1_EP9 pid=2120) /usr/local/python3.11.14/lib/python3.11/site-packages/torch_npu/dynamo/torchair/configs/compiler_config.py:106: UserWarning: The following torchair config or properties may not take effect or report error in reduce-overhead mode: config.experimental_config.enable_view_optimize:True, set_dim_gears, dynamo_export, scope, npu_print
2026-03-06T23:06:37.0757894Z (Worker_DP0_TP0_EP0 pid=1242) /usr/local/python3.11.14/lib/python3.11/site-packages/torch_npu/dynamo/torchair/configs/compiler_config.py:106: UserWarning: The following torchair config or properties may not take effect or report error in reduce-overhead mode: config.experimental_config.enable_view_optimize:True, set_dim_gears, dynamo_export, scope, npu_print
2026-03-06T23:06:37.0764910Z (Worker_DP1_TP1_EP9 pid=2120)   warnings.warn(
2026-03-06T23:06:37.0773172Z (Worker_DP0_TP0_EP0 pid=1242)   warnings.warn(
2026-03-06T23:06:37.0783525Z (Worker_DP1_TP0_EP8 pid=1243) /usr/local/python3.11.14/lib/python3.11/site-packages/torch_npu/dynamo/torchair/configs/compiler_config.py:106: UserWarning: The following torchair config or properties may not take effect or report error in reduce-overhead mode: config.experimental_config.enable_view_optimize:True, set_dim_gears, dynamo_export, scope, npu_print
2026-03-06T23:06:37.0790366Z (Worker_DP1_TP0_EP8 pid=1243)   warnings.warn(
2026-03-06T23:06:37.0800811Z (Worker_DP0_TP1_EP1 pid=2054) /usr/local/python3.11.14/lib/python3.11/site-packages/torch_npu/dynamo/torchair/configs/compiler_config.py:106: UserWarning: The following torchair config or properties may not take effect or report error in reduce-overhead mode: config.experimental_config.enable_view_optimize:True, set_dim_gears, dynamo_export, scope, npu_print
2026-03-06T23:06:37.0807966Z (Worker_DP0_TP1_EP1 pid=2054)   warnings.warn(
2026-03-06T23:06:37.0818077Z (Worker_DP0_TP2_EP2 pid=2612) /usr/local/python3.11.14/lib/python3.11/site-packages/torch_npu/dynamo/torchair/configs/compiler_config.py:106: UserWarning: The following torchair config or properties may not take effect or report error in reduce-overhead mode: config.experimental_config.enable_view_optimize:True, set_dim_gears, dynamo_export, scope, npu_print
2026-03-06T23:06:37.0824700Z (Worker_DP0_TP2_EP2 pid=2612)   warnings.warn(
2026-03-06T23:06:37.0834697Z (Worker_DP1_TP2_EP10 pid=2615) /usr/local/python3.11.14/lib/python3.11/site-packages/torch_npu/dynamo/torchair/configs/compiler_config.py:106: UserWarning: The following torchair config or properties may not take effect or report error in reduce-overhead mode: config.experimental_config.enable_view_optimize:True, set_dim_gears, dynamo_export, scope, npu_print
2026-03-06T23:06:37.0841874Z (Worker_DP1_TP2_EP10 pid=2615)   warnings.warn(
2026-03-06T23:06:37.0852670Z (Worker_DP1_TP6_EP14 pid=4836) /usr/local/python3.11.14/lib/python3.11/site-packages/torch_npu/dynamo/torchair/configs/compiler_config.py:106: UserWarning: The following torchair config or properties may not take effect or report error in reduce-overhead mode: config.experimental_config.enable_view_optimize:True, set_dim_gears, dynamo_export, scope, npu_print
2026-03-06T23:06:37.0859449Z (Worker_DP1_TP6_EP14 pid=4836)   warnings.warn(
2026-03-06T23:06:37.3901508Z (Worker_DP1_TP3_EP11 pid=3170) /usr/local/python3.11.14/lib/python3.11/site-packages/torch_npu/dynamo/torchair/configs/compiler_config.py:106: UserWarning: The following torchair config or properties may not take effect or report error in reduce-overhead mode: config.experimental_config.enable_view_optimize:True, set_dim_gears, dynamo_export, scope, npu_print
2026-03-06T23:06:37.3909820Z (Worker_DP0_TP5_EP5 pid=4346) /usr/local/python3.11.14/lib/python3.11/site-packages/torch_npu/dynamo/torchair/configs/compiler_config.py:106: UserWarning: The following torchair config or properties may not take effect or report error in reduce-overhead mode: config.experimental_config.enable_view_optimize:True, set_dim_gears, dynamo_export, scope, npu_print
2026-03-06T23:06:37.3917873Z (Worker_DP1_TP3_EP11 pid=3170)   warnings.warn(
2026-03-06T23:06:37.3929068Z (Worker_DP0_TP4_EP4 pid=3725) /usr/local/python3.11.14/lib/python3.11/site-packages/torch_npu/dynamo/torchair/configs/compiler_config.py:106: UserWarning: The following torchair config or properties may not take effect or report error in reduce-overhead mode: config.experimental_config.enable_view_optimize:True, set_dim_gears, dynamo_export, scope, npu_print
2026-03-06T23:06:37.3936844Z (Worker_DP0_TP5_EP5 pid=4346)   warnings.warn(
2026-03-06T23:06:37.3945941Z (Worker_DP0_TP4_EP4 pid=3725)   warnings.warn(
2026-03-06T23:06:37.3956908Z (Worker_DP1_TP5_EP13 pid=4280) /usr/local/python3.11.14/lib/python3.11/site-packages/torch_npu/dynamo/torchair/configs/compiler_config.py:106: UserWarning: The following torchair config or properties may not take effect or report error in reduce-overhead mode: config.experimental_config.enable_view_optimize:True, set_dim_gears, dynamo_export, scope, npu_print
2026-03-06T23:06:37.3964459Z (Worker_DP1_TP5_EP13 pid=4280)   warnings.warn(
2026-03-06T23:06:37.3974791Z (Worker_DP1_TP4_EP12 pid=3724) /usr/local/python3.11.14/lib/python3.11/site-packages/torch_npu/dynamo/torchair/configs/compiler_config.py:106: UserWarning: The following torchair config or properties may not take effect or report error in reduce-overhead mode: config.experimental_config.enable_view_optimize:True, set_dim_gears, dynamo_export, scope, npu_print
2026-03-06T23:06:37.3983692Z (Worker_DP0_TP6_EP6 pid=4902) /usr/local/python3.11.14/lib/python3.11/site-packages/torch_npu/dynamo/torchair/configs/compiler_config.py:106: UserWarning: The following torchair config or properties may not take effect or report error in reduce-overhead mode: config.experimental_config.enable_view_optimize:True, set_dim_gears, dynamo_export, scope, npu_print
2026-03-06T23:06:37.3991402Z (Worker_DP1_TP4_EP12 pid=3724)   warnings.warn(
2026-03-06T23:06:37.4002781Z (Worker_DP0_TP3_EP3 pid=3168) /usr/local/python3.11.14/lib/python3.11/site-packages/torch_npu/dynamo/torchair/configs/compiler_config.py:106: UserWarning: The following torchair config or properties may not take effect or report error in reduce-overhead mode: config.experimental_config.enable_view_optimize:True, set_dim_gears, dynamo_export, scope, npu_print
2026-03-06T23:06:37.4011903Z (Worker_DP1_TP6_EP14 pid=4836) /usr/local/python3.11.14/lib/python3.11/site-packages/torch_npu/dynamo/torchair/configs/compiler_config.py:106: UserWarning: The following torchair config or properties may not take effect or report error in reduce-overhead mode: config.experimental_config.enable_view_optimize:True, set_dim_gears, dynamo_export, scope, npu_print
2026-03-06T23:06:37.4018934Z (Worker_DP0_TP6_EP6 pid=4902)   warnings.warn(
2026-03-06T23:06:37.4028023Z (Worker_DP0_TP3_EP3 pid=3168)   warnings.warn(
2026-03-06T23:06:37.4036536Z (Worker_DP1_TP6_EP14 pid=4836)   warnings.warn(
2026-03-06T23:06:37.4046698Z (Worker_DP1_TP7_EP15 pid=5392) /usr/local/python3.11.14/lib/python3.11/site-packages/torch_npu/dynamo/torchair/configs/compiler_config.py:106: UserWarning: The following torchair config or properties may not take effect or report error in reduce-overhead mode: config.experimental_config.enable_view_optimize:True, set_dim_gears, dynamo_export, scope, npu_print
2026-03-06T23:06:37.4054935Z (Worker_DP0_TP7_EP7 pid=5395) /usr/local/python3.11.14/lib/python3.11/site-packages/torch_npu/dynamo/torchair/configs/compiler_config.py:106: UserWarning: The following torchair config or properties may not take effect or report error in reduce-overhead mode: config.experimental_config.enable_view_optimize:True, set_dim_gears, dynamo_export, scope, npu_print
2026-03-06T23:06:37.4061800Z (Worker_DP1_TP7_EP15 pid=5392)   warnings.warn(
2026-03-06T23:06:37.4070607Z (Worker_DP0_TP7_EP7 pid=5395)   warnings.warn(
2026-03-06T23:06:37.4081401Z (Worker_DP0_TP2_EP2 pid=2612) /usr/local/python3.11.14/lib/python3.11/site-packages/torch_npu/dynamo/torchair/configs/compiler_config.py:106: UserWarning: The following torchair config or properties may not take effect or report error in reduce-overhead mode: config.experimental_config.enable_view_optimize:True, set_dim_gears, dynamo_export, scope, npu_print
2026-03-06T23:06:37.4090498Z (Worker_DP1_TP1_EP9 pid=2120) /usr/local/python3.11.14/lib/python3.11/site-packages/torch_npu/dynamo/torchair/configs/compiler_config.py:106: UserWarning: The following torchair config or properties may not take effect or report error in reduce-overhead mode: config.experimental_config.enable_view_optimize:True, set_dim_gears, dynamo_export, scope, npu_print
2026-03-06T23:06:37.4098634Z (Worker_DP0_TP2_EP2 pid=2612)   warnings.warn(
2026-03-06T23:06:37.4106538Z (Worker_DP1_TP1_EP9 pid=2120)   warnings.warn(
2026-03-06T23:06:37.4116447Z (Worker_DP0_TP0_EP0 pid=1242) /usr/local/python3.11.14/lib/python3.11/site-packages/torch_npu/dynamo/torchair/configs/compiler_config.py:106: UserWarning: The following torchair config or properties may not take effect or report error in reduce-overhead mode: config.experimental_config.enable_view_optimize:True, set_dim_gears, dynamo_export, scope, npu_print
2026-03-06T23:06:37.4124963Z (Worker_DP1_TP2_EP10 pid=2615) /usr/local/python3.11.14/lib/python3.11/site-packages/torch_npu/dynamo/torchair/configs/compiler_config.py:106: UserWarning: The following torchair config or properties may not take effect or report error in reduce-overhead mode: config.experimental_config.enable_view_optimize:True, set_dim_gears, dynamo_export, scope, npu_print
2026-03-06T23:06:37.4132471Z (Worker_DP0_TP0_EP0 pid=1242)   warnings.warn(
2026-03-06T23:06:37.4140924Z (Worker_DP1_TP2_EP10 pid=2615)   warnings.warn(
2026-03-06T23:06:37.4151266Z (Worker_DP0_TP1_EP1 pid=2054) /usr/local/python3.11.14/lib/python3.11/site-packages/torch_npu/dynamo/torchair/configs/compiler_config.py:106: UserWarning: The following torchair config or properties may not take effect or report error in reduce-overhead mode: config.experimental_config.enable_view_optimize:True, set_dim_gears, dynamo_export, scope, npu_print
2026-03-06T23:06:37.4159654Z (Worker_DP1_TP0_EP8 pid=1243) /usr/local/python3.11.14/lib/python3.11/site-packages/torch_npu/dynamo/torchair/configs/compiler_config.py:106: UserWarning: The following torchair config or properties may not take effect or report error in reduce-overhead mode: config.experimental_config.enable_view_optimize:True, set_dim_gears, dynamo_export, scope, npu_print
2026-03-06T23:06:37.4166850Z (Worker_DP0_TP1_EP1 pid=2054)   warnings.warn(
2026-03-06T23:06:37.4174751Z (Worker_DP1_TP0_EP8 pid=1243)   warnings.warn(
2026-03-06T23:06:37.7253223Z (Worker_DP1_TP3_EP11 pid=3170) /usr/local/python3.11.14/lib/python3.11/site-packages/torch_npu/dynamo/torchair/configs/compiler_config.py:106: UserWarning: The following torchair config or properties may not take effect or report error in reduce-overhead mode: config.experimental_config.enable_view_optimize:True, set_dim_gears, dynamo_export, scope, npu_print
2026-03-06T23:06:37.7261181Z (Worker_DP0_TP4_EP4 pid=3725) /usr/local/python3.11.14/lib/python3.11/site-packages/torch_npu/dynamo/torchair/configs/compiler_config.py:106: UserWarning: The following torchair config or properties may not take effect or report error in reduce-overhead mode: config.experimental_config.enable_view_optimize:True, set_dim_gears, dynamo_export, scope, npu_print
2026-03-06T23:06:37.7270873Z (Worker_DP0_TP1_EP1 pid=2054) /usr/local/python3.11.14/lib/python3.11/site-packages/torch_npu/dynamo/torchair/configs/compiler_config.py:106: UserWarning: The following torchair config or properties may not take effect or report error in reduce-overhead mode: config.experimental_config.enable_view_optimize:True, set_dim_gears, dynamo_export, scope, npu_print
2026-03-06T23:06:37.7277362Z (Worker_DP1_TP3_EP11 pid=3170)   warnings.warn(
2026-03-06T23:06:37.7289247Z (Worker_DP0_TP6_EP6 pid=4902) /usr/local/python3.11.14/lib/python3.11/site-packages/torch_npu/dynamo/torchair/configs/compiler_config.py:106: UserWarning: The following torchair config or properties may not take effect or report error in reduce-overhead mode: config.experimental_config.enable_view_optimize:True, set_dim_gears, dynamo_export, scope, npu_print
2026-03-06T23:06:37.7298930Z (Worker_DP1_TP2_EP10 pid=2615) /usr/local/python3.11.14/lib/python3.11/site-packages/torch_npu/dynamo/torchair/configs/compiler_config.py:106: UserWarning: The following torchair config or properties may not take effect or report error in reduce-overhead mode: config.experimental_config.enable_view_optimize:True, set_dim_gears, dynamo_export, scope, npu_print
2026-03-06T23:06:37.7307640Z (Worker_DP1_TP1_EP9 pid=2120) /usr/local/python3.11.14/lib/python3.11/site-packages/torch_npu/dynamo/torchair/configs/compiler_config.py:106: UserWarning: The following torchair config or properties may not take effect or report error in reduce-overhead mode: config.experimental_config.enable_view_optimize:True, set_dim_gears, dynamo_export, scope, npu_print
2026-03-06T23:06:37.7317344Z (Worker_DP1_TP4_EP12 pid=3724) /usr/local/python3.11.14/lib/python3.11/site-packages/torch_npu/dynamo/torchair/configs/compiler_config.py:106: UserWarning: The following torchair config or properties may not take effect or report error in reduce-overhead mode: config.experimental_config.enable_view_optimize:True, set_dim_gears, dynamo_export, scope, npu_print
2026-03-06T23:06:37.7326067Z (Worker_DP0_TP2_EP2 pid=2612) /usr/local/python3.11.14/lib/python3.11/site-packages/torch_npu/dynamo/torchair/configs/compiler_config.py:106: UserWarning: The following torchair config or properties may not take effect or report error in reduce-overhead mode: config.experimental_config.enable_view_optimize:True, set_dim_gears, dynamo_export, scope, npu_print
2026-03-06T23:06:37.7333811Z (Worker_DP0_TP4_EP4 pid=3725)   warnings.warn(
2026-03-06T23:06:37.7342119Z (Worker_DP1_TP2_EP10 pid=2615)   warnings.warn(
2026-03-06T23:06:37.7353199Z (Worker_DP0_TP5_EP5 pid=4346) /usr/local/python3.11.14/lib/python3.11/site-packages/torch_npu/dynamo/torchair/configs/compiler_config.py:106: UserWarning: The following torchair config or properties may not take effect or report error in reduce-overhead mode: config.experimental_config.enable_view_optimize:True, set_dim_gears, dynamo_export, scope, npu_print
2026-03-06T23:06:37.7360416Z (Worker_DP0_TP1_EP1 pid=2054)   warnings.warn(
2026-03-06T23:06:37.7368853Z (Worker_DP0_TP6_EP6 pid=4902)   warnings.warn(
2026-03-06T23:06:37.7379128Z (Worker_DP0_TP7_EP7 pid=5395) /usr/local/python3.11.14/lib/python3.11/site-packages/torch_npu/dynamo/torchair/configs/compiler_config.py:106: UserWarning: The following torchair config or properties may not take effect or report error in reduce-overhead mode: config.experimental_config.enable_view_optimize:True, set_dim_gears, dynamo_export, scope, npu_print
2026-03-06T23:06:37.7386436Z (Worker_DP1_TP1_EP9 pid=2120)   warnings.warn(
2026-03-06T23:06:37.7396662Z (Worker_DP0_TP3_EP3 pid=3168) /usr/local/python3.11.14/lib/python3.11/site-packages/torch_npu/dynamo/torchair/configs/compiler_config.py:106: UserWarning: The following torchair config or properties may not take effect or report error in reduce-overhead mode: config.experimental_config.enable_view_optimize:True, set_dim_gears, dynamo_export, scope, npu_print
2026-03-06T23:06:37.7403548Z (Worker_DP1_TP4_EP12 pid=3724)   warnings.warn(
2026-03-06T23:06:37.7411763Z (Worker_DP0_TP2_EP2 pid=2612)   warnings.warn(
2026-03-06T23:06:37.7422305Z (Worker_DP0_TP0_EP0 pid=1242) /usr/local/python3.11.14/lib/python3.11/site-packages/torch_npu/dynamo/torchair/configs/compiler_config.py:106: UserWarning: The following torchair config or properties may not take effect or report error in reduce-overhead mode: config.experimental_config.enable_view_optimize:True, set_dim_gears, dynamo_export, scope, npu_print
2026-03-06T23:06:37.7431933Z (Worker_DP1_TP6_EP14 pid=4836) /usr/local/python3.11.14/lib/python3.11/site-packages/torch_npu/dynamo/torchair/configs/compiler_config.py:106: UserWarning: The following torchair config or properties may not take effect or report error in reduce-overhead mode: config.experimental_config.enable_view_optimize:True, set_dim_gears, dynamo_export, scope, npu_print
2026-03-06T23:06:37.7438312Z (Worker_DP0_TP5_EP5 pid=4346)   warnings.warn(
2026-03-06T23:06:37.7449054Z (Worker_DP1_TP0_EP8 pid=1243) /usr/local/python3.11.14/lib/python3.11/site-packages/torch_npu/dynamo/torchair/configs/compiler_config.py:106: UserWarning: The following torchair config or properties may not take effect or report error in reduce-overhead mode: config.experimental_config.enable_view_optimize:True, set_dim_gears, dynamo_export, scope, npu_print
2026-03-06T23:06:37.7456089Z (Worker_DP0_TP7_EP7 pid=5395)   warnings.warn(
2026-03-06T23:06:37.7464966Z (Worker_DP0_TP3_EP3 pid=3168)   warnings.warn(
2026-03-06T23:06:37.7474973Z (Worker_DP1_TP5_EP13 pid=4280) /usr/local/python3.11.14/lib/python3.11/site-packages/torch_npu/dynamo/torchair/configs/compiler_config.py:106: UserWarning: The following torchair config or properties may not take effect or report error in reduce-overhead mode: config.experimental_config.enable_view_optimize:True, set_dim_gears, dynamo_export, scope, npu_print
2026-03-06T23:06:37.7482282Z (Worker_DP1_TP0_EP8 pid=1243)   warnings.warn(
2026-03-06T23:06:37.7490504Z (Worker_DP0_TP0_EP0 pid=1242)   warnings.warn(
2026-03-06T23:06:37.7498564Z (Worker_DP1_TP6_EP14 pid=4836)   warnings.warn(
2026-03-06T23:06:37.7506940Z (Worker_DP1_TP5_EP13 pid=4280)   warnings.warn(
2026-03-06T23:06:37.7517262Z (Worker_DP1_TP7_EP15 pid=5392) /usr/local/python3.11.14/lib/python3.11/site-packages/torch_npu/dynamo/torchair/configs/compiler_config.py:106: UserWarning: The following torchair config or properties may not take effect or report error in reduce-overhead mode: config.experimental_config.enable_view_optimize:True, set_dim_gears, dynamo_export, scope, npu_print
2026-03-06T23:06:37.7523725Z (Worker_DP1_TP7_EP15 pid=5392)   warnings.warn(
2026-03-06T23:06:38.0611727Z (Worker_DP0_TP2_EP2 pid=2612) /usr/local/python3.11.14/lib/python3.11/site-packages/torch_npu/dynamo/torchair/configs/compiler_config.py:106: UserWarning: The following torchair config or properties may not take effect or report error in reduce-overhead mode: config.experimental_config.enable_view_optimize:True, set_dim_gears, dynamo_export, scope, npu_print
2026-03-06T23:06:38.0620042Z (Worker_DP0_TP2_EP2 pid=2612)   warnings.warn(
2026-03-06T23:06:38.0630765Z (Worker_DP1_TP1_EP9 pid=2120) /usr/local/python3.11.14/lib/python3.11/site-packages/torch_npu/dynamo/torchair/configs/compiler_config.py:106: UserWarning: The following torchair config or properties may not take effect or report error in reduce-overhead mode: config.experimental_config.enable_view_optimize:True, set_dim_gears, dynamo_export, scope, npu_print
2026-03-06T23:06:38.0640730Z (Worker_DP0_TP5_EP5 pid=4346) /usr/local/python3.11.14/lib/python3.11/site-packages/torch_npu/dynamo/torchair/configs/compiler_config.py:106: UserWarning: The following torchair config or properties may not take effect or report error in reduce-overhead mode: config.experimental_config.enable_view_optimize:True, set_dim_gears, dynamo_export, scope, npu_print
2026-03-06T23:06:38.0647760Z (Worker_DP1_TP1_EP9 pid=2120)   warnings.warn(
2026-03-06T23:06:38.0656431Z (Worker_DP0_TP5_EP5 pid=4346)   warnings.warn(
2026-03-06T23:06:38.0666472Z (Worker_DP1_TP0_EP8 pid=1243) /usr/local/python3.11.14/lib/python3.11/site-packages/torch_npu/dynamo/torchair/configs/compiler_config.py:106: UserWarning: The following torchair config or properties may not take effect or report error in reduce-overhead mode: config.experimental_config.enable_view_optimize:True, set_dim_gears, dynamo_export, scope, npu_print
2026-03-06T23:06:38.0676022Z (Worker_DP1_TP0_EP8 pid=1243)   warnings.warn(
2026-03-06T23:06:38.0685116Z (Worker_DP0_TP0_EP0 pid=1242) /usr/local/python3.11.14/lib/python3.11/site-packages/torch_npu/dynamo/torchair/configs/compiler_config.py:106: UserWarning: The following torchair config or properties may not take effect or report error in reduce-overhead mode: config.experimental_config.enable_view_optimize:True, set_dim_gears, dynamo_export, scope, npu_print
2026-03-06T23:06:38.0691720Z (Worker_DP0_TP0_EP0 pid=1242)   warnings.warn(
2026-03-06T23:06:38.0702665Z (Worker_DP0_TP1_EP1 pid=2054) /usr/local/python3.11.14/lib/python3.11/site-packages/torch_npu/dynamo/torchair/configs/compiler_config.py:106: UserWarning: The following torchair config or properties may not take effect or report error in reduce-overhead mode: config.experimental_config.enable_view_optimize:True, set_dim_gears, dynamo_export, scope, npu_print
2026-03-06T23:06:38.0711727Z (Worker_DP1_TP2_EP10 pid=2615) /usr/local/python3.11.14/lib/python3.11/site-packages/torch_npu/dynamo/torchair/configs/compiler_config.py:106: UserWarning: The following torchair config or properties may not take effect or report error in reduce-overhead mode: config.experimental_config.enable_view_optimize:True, set_dim_gears, dynamo_export, scope, npu_print
2026-03-06T23:06:38.0718677Z (Worker_DP0_TP1_EP1 pid=2054)   warnings.warn(
2026-03-06T23:06:38.0727638Z (Worker_DP1_TP2_EP10 pid=2615)   warnings.warn(
2026-03-06T23:06:38.0738447Z (Worker_DP0_TP6_EP6 pid=4902) /usr/local/python3.11.14/lib/python3.11/site-packages/torch_npu/dynamo/torchair/configs/compiler_config.py:106: UserWarning: The following torchair config or properties may not take effect or report error in reduce-overhead mode: config.experimental_config.enable_view_optimize:True, set_dim_gears, dynamo_export, scope, npu_print
2026-03-06T23:06:38.0745312Z (Worker_DP0_TP6_EP6 pid=4902)   warnings.warn(
2026-03-06T23:06:38.0756388Z (Worker_DP0_TP3_EP3 pid=3168) /usr/local/python3.11.14/lib/python3.11/site-packages/torch_npu/dynamo/torchair/configs/compiler_config.py:106: UserWarning: The following torchair config or properties may not take effect or report error in reduce-overhead mode: config.experimental_config.enable_view_optimize:True, set_dim_gears, dynamo_export, scope, npu_print
2026-03-06T23:06:38.0763365Z (Worker_DP0_TP3_EP3 pid=3168)   warnings.warn(
2026-03-06T23:06:38.0774230Z (Worker_DP1_TP5_EP13 pid=4280) /usr/local/python3.11.14/lib/python3.11/site-packages/torch_npu/dynamo/torchair/configs/compiler_config.py:106: UserWarning: The following torchair config or properties may not take effect or report error in reduce-overhead mode: config.experimental_config.enable_view_optimize:True, set_dim_gears, dynamo_export, scope, npu_print
2026-03-06T23:06:38.0783321Z (Worker_DP0_TP4_EP4 pid=3725) /usr/local/python3.11.14/lib/python3.11/site-packages/torch_npu/dynamo/torchair/configs/compiler_config.py:106: UserWarning: The following torchair config or properties may not take effect or report error in reduce-overhead mode: config.experimental_config.enable_view_optimize:True, set_dim_gears, dynamo_export, scope, npu_print
2026-03-06T23:06:38.0792264Z (Worker_DP1_TP4_EP12 pid=3724) /usr/local/python3.11.14/lib/python3.11/site-packages/torch_npu/dynamo/torchair/configs/compiler_config.py:106: UserWarning: The following torchair config or properties may not take effect or report error in reduce-overhead mode: config.experimental_config.enable_view_optimize:True, set_dim_gears, dynamo_export, scope, npu_print
2026-03-06T23:06:38.0798919Z (Worker_DP1_TP5_EP13 pid=4280)   warnings.warn(
2026-03-06T23:06:38.0806902Z (Worker_DP0_TP4_EP4 pid=3725)   warnings.warn(
2026-03-06T23:06:38.0815260Z (Worker_DP1_TP4_EP12 pid=3724)   warnings.warn(
2026-03-06T23:06:38.0825029Z (Worker_DP1_TP3_EP11 pid=3170) /usr/local/python3.11.14/lib/python3.11/site-packages/torch_npu/dynamo/torchair/configs/compiler_config.py:106: UserWarning: The following torchair config or properties may not take effect or report error in reduce-overhead mode: config.experimental_config.enable_view_optimize:True, set_dim_gears, dynamo_export, scope, npu_print
2026-03-06T23:06:38.0831632Z (Worker_DP1_TP3_EP11 pid=3170)   warnings.warn(
2026-03-06T23:06:38.0842119Z (Worker_DP1_TP7_EP15 pid=5392) /usr/local/python3.11.14/lib/python3.11/site-packages/torch_npu/dynamo/torchair/configs/compiler_config.py:106: UserWarning: The following torchair config or properties may not take effect or report error in reduce-overhead mode: config.experimental_config.enable_view_optimize:True, set_dim_gears, dynamo_export, scope, npu_print
2026-03-06T23:06:38.0851241Z (Worker_DP1_TP6_EP14 pid=4836) /usr/local/python3.11.14/lib/python3.11/site-packages/torch_npu/dynamo/torchair/configs/compiler_config.py:106: UserWarning: The following torchair config or properties may not take effect or report error in reduce-overhead mode: config.experimental_config.enable_view_optimize:True, set_dim_gears, dynamo_export, scope, npu_print
2026-03-06T23:06:38.0858298Z (Worker_DP1_TP7_EP15 pid=5392)   warnings.warn(
2026-03-06T23:06:38.0866461Z (Worker_DP1_TP6_EP14 pid=4836)   warnings.warn(
2026-03-06T23:06:38.0876422Z (Worker_DP0_TP7_EP7 pid=5395) /usr/local/python3.11.14/lib/python3.11/site-packages/torch_npu/dynamo/torchair/configs/compiler_config.py:106: UserWarning: The following torchair config or properties may not take effect or report error in reduce-overhead mode: config.experimental_config.enable_view_optimize:True, set_dim_gears, dynamo_export, scope, npu_print
2026-03-06T23:06:38.0883137Z (Worker_DP0_TP7_EP7 pid=5395)   warnings.warn(
2026-03-06T23:06:38.4086701Z (Worker_DP0_TP2_EP2 pid=2612) /usr/local/python3.11.14/lib/python3.11/site-packages/torch_npu/dynamo/torchair/configs/compiler_config.py:106: UserWarning: The following torchair config or properties may not take effect or report error in reduce-overhead mode: config.experimental_config.enable_view_optimize:True, set_dim_gears, dynamo_export, scope, npu_print
2026-03-06T23:06:38.4093466Z (Worker_DP0_TP2_EP2 pid=2612)   warnings.warn(
2026-03-06T23:06:38.4104136Z (Worker_DP0_TP3_EP3 pid=3168) /usr/local/python3.11.14/lib/python3.11/site-packages/torch_npu/dynamo/torchair/configs/compiler_config.py:106: UserWarning: The following torchair config or properties may not take effect or report error in reduce-overhead mode: config.experimental_config.enable_view_optimize:True, set_dim_gears, dynamo_export, scope, npu_print
2026-03-06T23:06:38.4113445Z (Worker_DP0_TP1_EP1 pid=2054) /usr/local/python3.11.14/lib/python3.11/site-packages/torch_npu/dynamo/torchair/configs/compiler_config.py:106: UserWarning: The following torchair config or properties may not take effect or report error in reduce-overhead mode: config.experimental_config.enable_view_optimize:True, set_dim_gears, dynamo_export, scope, npu_print
2026-03-06T23:06:38.4123142Z (Worker_DP0_TP5_EP5 pid=4346) /usr/local/python3.11.14/lib/python3.11/site-packages/torch_npu/dynamo/torchair/configs/compiler_config.py:106: UserWarning: The following torchair config or properties may not take effect or report error in reduce-overhead mode: config.experimental_config.enable_view_optimize:True, set_dim_gears, dynamo_export, scope, npu_print
2026-03-06T23:06:38.4132893Z (Worker_DP1_TP0_EP8 pid=1243) /usr/local/python3.11.14/lib/python3.11/site-packages/torch_npu/dynamo/torchair/configs/compiler_config.py:106: UserWarning: The following torchair config or properties may not take effect or report error in reduce-overhead mode: config.experimental_config.enable_view_optimize:True, set_dim_gears, dynamo_export, scope, npu_print
2026-03-06T23:06:38.4139613Z (Worker_DP0_TP3_EP3 pid=3168)   warnings.warn(
2026-03-06T23:06:38.4149787Z (Worker_DP0_TP6_EP6 pid=4902) /usr/local/python3.11.14/lib/python3.11/site-packages/torch_npu/dynamo/torchair/configs/compiler_config.py:106: UserWarning: The following torchair config or properties may not take effect or report error in reduce-overhead mode: config.experimental_config.enable_view_optimize:True, set_dim_gears, dynamo_export, scope, npu_print
2026-03-06T23:06:38.4156774Z (Worker_DP0_TP1_EP1 pid=2054)   warnings.warn(
2026-03-06T23:06:38.4165278Z (Worker_DP0_TP5_EP5 pid=4346)   warnings.warn(
2026-03-06T23:06:38.4174446Z (Worker_DP1_TP0_EP8 pid=1243)   warnings.warn(
2026-03-06T23:06:38.4185755Z (Worker_DP0_TP4_EP4 pid=3725) /usr/local/python3.11.14/lib/python3.11/site-packages/torch_npu/dynamo/torchair/configs/compiler_config.py:106: UserWarning: The following torchair config or properties may not take effect or report error in reduce-overhead mode: config.experimental_config.enable_view_optimize:True, set_dim_gears, dynamo_export, scope, npu_print
2026-03-06T23:06:38.4191872Z (Worker_DP0_TP6_EP6 pid=4902)   warnings.warn(
2026-03-06T23:06:38.4203144Z (Worker_DP0_TP0_EP0 pid=1242) /usr/local/python3.11.14/lib/python3.11/site-packages/torch_npu/dynamo/torchair/configs/compiler_config.py:106: UserWarning: The following torchair config or properties may not take effect or report error in reduce-overhead mode: config.experimental_config.enable_view_optimize:True, set_dim_gears, dynamo_export, scope, npu_print
2026-03-06T23:06:38.4210475Z (Worker_DP0_TP4_EP4 pid=3725)   warnings.warn(
2026-03-06T23:06:38.4221005Z (Worker_DP1_TP3_EP11 pid=3170) /usr/local/python3.11.14/lib/python3.11/site-packages/torch_npu/dynamo/torchair/configs/compiler_config.py:106: UserWarning: The following torchair config or properties may not take effect or report error in reduce-overhead mode: config.experimental_config.enable_view_optimize:True, set_dim_gears, dynamo_export, scope, npu_print
2026-03-06T23:06:38.4228281Z (Worker_DP0_TP0_EP0 pid=1242)   warnings.warn(
2026-03-06T23:06:38.4238663Z (Worker_DP1_TP4_EP12 pid=3724) /usr/local/python3.11.14/lib/python3.11/site-packages/torch_npu/dynamo/torchair/configs/compiler_config.py:106: UserWarning: The following torchair config or properties may not take effect or report error in reduce-overhead mode: config.experimental_config.enable_view_optimize:True, set_dim_gears, dynamo_export, scope, npu_print
2026-03-06T23:06:38.4245017Z (Worker_DP1_TP3_EP11 pid=3170)   warnings.warn(
2026-03-06T23:06:38.4255271Z (Worker_DP1_TP2_EP10 pid=2615) /usr/local/python3.11.14/lib/python3.11/site-packages/torch_npu/dynamo/torchair/configs/compiler_config.py:106: UserWarning: The following torchair config or properties may not take effect or report error in reduce-overhead mode: config.experimental_config.enable_view_optimize:True, set_dim_gears, dynamo_export, scope, npu_print
2026-03-06T23:06:38.4262137Z (Worker_DP1_TP4_EP12 pid=3724)   warnings.warn(
2026-03-06T23:06:38.4272364Z (Worker_DP1_TP1_EP9 pid=2120) /usr/local/python3.11.14/lib/python3.11/site-packages/torch_npu/dynamo/torchair/configs/compiler_config.py:106: UserWarning: The following torchair config or properties may not take effect or report error in reduce-overhead mode: config.experimental_config.enable_view_optimize:True, set_dim_gears, dynamo_export, scope, npu_print
2026-03-06T23:06:38.4281585Z (Worker_DP1_TP6_EP14 pid=4836) /usr/local/python3.11.14/lib/python3.11/site-packages/torch_npu/dynamo/torchair/configs/compiler_config.py:106: UserWarning: The following torchair config or properties may not take effect or report error in reduce-overhead mode: config.experimental_config.enable_view_optimize:True, set_dim_gears, dynamo_export, scope, npu_print
2026-03-06T23:06:38.4288052Z (Worker_DP1_TP2_EP10 pid=2615)   warnings.warn(
2026-03-06T23:06:38.4296886Z (Worker_DP1_TP1_EP9 pid=2120)   warnings.warn(
2026-03-06T23:06:38.4305542Z (Worker_DP1_TP6_EP14 pid=4836)   warnings.warn(
2026-03-06T23:06:38.4316004Z (Worker_DP1_TP7_EP15 pid=5392) /usr/local/python3.11.14/lib/python3.11/site-packages/torch_npu/dynamo/torchair/configs/compiler_config.py:106: UserWarning: The following torchair config or properties may not take effect or report error in reduce-overhead mode: config.experimental_config.enable_view_optimize:True, set_dim_gears, dynamo_export, scope, npu_print
2026-03-06T23:06:38.4322775Z (Worker_DP1_TP7_EP15 pid=5392)   warnings.warn(
2026-03-06T23:06:38.4333248Z (Worker_DP0_TP7_EP7 pid=5395) /usr/local/python3.11.14/lib/python3.11/site-packages/torch_npu/dynamo/torchair/configs/compiler_config.py:106: UserWarning: The following torchair config or properties may not take effect or report error in reduce-overhead mode: config.experimental_config.enable_view_optimize:True, set_dim_gears, dynamo_export, scope, npu_print
2026-03-06T23:06:38.4339766Z (Worker_DP0_TP7_EP7 pid=5395)   warnings.warn(
2026-03-06T23:06:38.4349917Z (Worker_DP1_TP5_EP13 pid=4280) /usr/local/python3.11.14/lib/python3.11/site-packages/torch_npu/dynamo/torchair/configs/compiler_config.py:106: UserWarning: The following torchair config or properties may not take effect or report error in reduce-overhead mode: config.experimental_config.enable_view_optimize:True, set_dim_gears, dynamo_export, scope, npu_print
2026-03-06T23:06:38.4357022Z (Worker_DP1_TP5_EP13 pid=4280)   warnings.warn(
2026-03-06T23:06:38.7498935Z (Worker_DP0_TP2_EP2 pid=2612) /usr/local/python3.11.14/lib/python3.11/site-packages/torch_npu/dynamo/torchair/configs/compiler_config.py:106: UserWarning: The following torchair config or properties may not take effect or report error in reduce-overhead mode: config.experimental_config.enable_view_optimize:True, set_dim_gears, dynamo_export, scope, npu_print
2026-03-06T23:06:38.7508108Z (Worker_DP1_TP1_EP9 pid=2120) /usr/local/python3.11.14/lib/python3.11/site-packages/torch_npu/dynamo/torchair/configs/compiler_config.py:106: UserWarning: The following torchair config or properties may not take effect or report error in reduce-overhead mode: config.experimental_config.enable_view_optimize:True, set_dim_gears, dynamo_export, scope, npu_print
2026-03-06T23:06:38.7517918Z (Worker_DP1_TP3_EP11 pid=3170) /usr/local/python3.11.14/lib/python3.11/site-packages/torch_npu/dynamo/torchair/configs/compiler_config.py:106: UserWarning: The following torchair config or properties may not take effect or report error in reduce-overhead mode: config.experimental_config.enable_view_optimize:True, set_dim_gears, dynamo_export, scope, npu_print
2026-03-06T23:06:38.7525353Z (Worker_DP0_TP2_EP2 pid=2612)   warnings.warn(
2026-03-06T23:06:38.7536525Z (Worker_DP0_TP0_EP0 pid=1242) /usr/local/python3.11.14/lib/python3.11/site-packages/torch_npu/dynamo/torchair/configs/compiler_config.py:106: UserWarning: The following torchair config or properties may not take effect or report error in reduce-overhead mode: config.experimental_config.enable_view_optimize:True, set_dim_gears, dynamo_export, scope, npu_print
2026-03-06T23:06:38.7545126Z (Worker_DP1_TP0_EP8 pid=1243) /usr/local/python3.11.14/lib/python3.11/site-packages/torch_npu/dynamo/torchair/configs/compiler_config.py:106: UserWarning: The following torchair config or properties may not take effect or report error in reduce-overhead mode: config.experimental_config.enable_view_optimize:True, set_dim_gears, dynamo_export, scope, npu_print
2026-03-06T23:06:38.7554792Z (Worker_DP0_TP5_EP5 pid=4346) /usr/local/python3.11.14/lib/python3.11/site-packages/torch_npu/dynamo/torchair/configs/compiler_config.py:106: UserWarning: The following torchair config or properties may not take effect or report error in reduce-overhead mode: config.experimental_config.enable_view_optimize:True, set_dim_gears, dynamo_export, scope, npu_print
2026-03-06T23:06:38.7563714Z (Worker_DP0_TP3_EP3 pid=3168) /usr/local/python3.11.14/lib/python3.11/site-packages/torch_npu/dynamo/torchair/configs/compiler_config.py:106: UserWarning: The following torchair config or properties may not take effect or report error in reduce-overhead mode: config.experimental_config.enable_view_optimize:True, set_dim_gears, dynamo_export, scope, npu_print
2026-03-06T23:06:38.7570958Z (Worker_DP1_TP3_EP11 pid=3170)   warnings.warn(
2026-03-06T23:06:38.7579706Z (Worker_DP1_TP1_EP9 pid=2120)   warnings.warn(
2026-03-06T23:06:38.7590611Z (Worker_DP1_TP5_EP13 pid=4280) /usr/local/python3.11.14/lib/python3.11/site-packages/torch_npu/dynamo/torchair/configs/compiler_config.py:106: UserWarning: The following torchair config or properties may not take effect or report error in reduce-overhead mode: config.experimental_config.enable_view_optimize:True, set_dim_gears, dynamo_export, scope, npu_print
2026-03-06T23:06:38.7600595Z (Worker_DP1_TP4_EP12 pid=3724) /usr/local/python3.11.14/lib/python3.11/site-packages/torch_npu/dynamo/torchair/configs/compiler_config.py:106: UserWarning: The following torchair config or properties may not take effect or report error in reduce-overhead mode: config.experimental_config.enable_view_optimize:True, set_dim_gears, dynamo_export, scope, npu_print
2026-03-06T23:06:38.7611520Z (Worker_DP0_TP4_EP4 pid=3725) /usr/local/python3.11.14/lib/python3.11/site-packages/torch_npu/dynamo/torchair/configs/compiler_config.py:106: UserWarning: The following torchair config or properties may not take effect or report error in reduce-overhead mode: config.experimental_config.enable_view_optimize:True, set_dim_gears, dynamo_export, scope, npu_print
2026-03-06T23:06:38.7617082Z (Worker_DP0_TP0_EP0 pid=1242)   warnings.warn(
2026-03-06T23:06:38.7625401Z (Worker_DP1_TP0_EP8 pid=1243)   warnings.warn(
2026-03-06T23:06:38.7633826Z (Worker_DP0_TP5_EP5 pid=4346)   warnings.warn(
2026-03-06T23:06:38.7642052Z (Worker_DP0_TP3_EP3 pid=3168)   warnings.warn(
2026-03-06T23:06:38.7652173Z (Worker_DP0_TP1_EP1 pid=2054) /usr/local/python3.11.14/lib/python3.11/site-packages/torch_npu/dynamo/torchair/configs/compiler_config.py:106: UserWarning: The following torchair config or properties may not take effect or report error in reduce-overhead mode: config.experimental_config.enable_view_optimize:True, set_dim_gears, dynamo_export, scope, npu_print
2026-03-06T23:06:38.7670873Z (Worker_DP1_TP4_EP12 pid=3724)   warnings.warn(
2026-03-06T23:06:38.7671208Z (Worker_DP1_TP5_EP13 pid=4280)   warnings.warn(
2026-03-06T23:06:38.7678007Z (Worker_DP1_TP2_EP10 pid=2615) /usr/local/python3.11.14/lib/python3.11/site-packages/torch_npu/dynamo/torchair/configs/compiler_config.py:106: UserWarning: The following torchair config or properties may not take effect or report error in reduce-overhead mode: config.experimental_config.enable_view_optimize:True, set_dim_gears, dynamo_export, scope, npu_print
2026-03-06T23:06:38.7685376Z (Worker_DP0_TP4_EP4 pid=3725)   warnings.warn(
2026-03-06T23:06:38.7693663Z (Worker_DP0_TP1_EP1 pid=2054)   warnings.warn(
2026-03-06T23:06:38.7703820Z (Worker_DP1_TP6_EP14 pid=4836) /usr/local/python3.11.14/lib/python3.11/site-packages/torch_npu/dynamo/torchair/configs/compiler_config.py:106: UserWarning: The following torchair config or properties may not take effect or report error in reduce-overhead mode: config.experimental_config.enable_view_optimize:True, set_dim_gears, dynamo_export, scope, npu_print
2026-03-06T23:06:38.7710590Z (Worker_DP1_TP2_EP10 pid=2615)   warnings.warn(
2026-03-06T23:06:38.7719019Z (Worker_DP1_TP6_EP14 pid=4836)   warnings.warn(
2026-03-06T23:06:38.7729170Z (Worker_DP0_TP6_EP6 pid=4902) /usr/local/python3.11.14/lib/python3.11/site-packages/torch_npu/dynamo/torchair/configs/compiler_config.py:106: UserWarning: The following torchair config or properties may not take effect or report error in reduce-overhead mode: config.experimental_config.enable_view_optimize:True, set_dim_gears, dynamo_export, scope, npu_print
2026-03-06T23:06:38.7738271Z (Worker_DP1_TP7_EP15 pid=5392) /usr/local/python3.11.14/lib/python3.11/site-packages/torch_npu/dynamo/torchair/configs/compiler_config.py:106: UserWarning: The following torchair config or properties may not take effect or report error in reduce-overhead mode: config.experimental_config.enable_view_optimize:True, set_dim_gears, dynamo_export, scope, npu_print
2026-03-06T23:06:38.7744312Z (Worker_DP0_TP6_EP6 pid=4902)   warnings.warn(
2026-03-06T23:06:38.7752735Z (Worker_DP1_TP7_EP15 pid=5392)   warnings.warn(
2026-03-06T23:06:38.7763918Z (Worker_DP0_TP7_EP7 pid=5395) /usr/local/python3.11.14/lib/python3.11/site-packages/torch_npu/dynamo/torchair/configs/compiler_config.py:106: UserWarning: The following torchair config or properties may not take effect or report error in reduce-overhead mode: config.experimental_config.enable_view_optimize:True, set_dim_gears, dynamo_export, scope, npu_print
2026-03-06T23:06:38.7770772Z (Worker_DP0_TP7_EP7 pid=5395)   warnings.warn(
2026-03-06T23:06:39.0859618Z (Worker_DP0_TP2_EP2 pid=2612) /usr/local/python3.11.14/lib/python3.11/site-packages/torch_npu/dynamo/torchair/configs/compiler_config.py:106: UserWarning: The following torchair config or properties may not take effect or report error in reduce-overhead mode: config.experimental_config.enable_view_optimize:True, set_dim_gears, dynamo_export, scope, npu_print
2026-03-06T23:06:39.0868006Z (Worker_DP1_TP3_EP11 pid=3170) /usr/local/python3.11.14/lib/python3.11/site-packages/torch_npu/dynamo/torchair/configs/compiler_config.py:106: UserWarning: The following torchair config or properties may not take effect or report error in reduce-overhead mode: config.experimental_config.enable_view_optimize:True, set_dim_gears, dynamo_export, scope, npu_print
2026-03-06T23:06:39.0877539Z (Worker_DP0_TP3_EP3 pid=3168) /usr/local/python3.11.14/lib/python3.11/site-packages/torch_npu/dynamo/torchair/configs/compiler_config.py:106: UserWarning: The following torchair config or properties may not take effect or report error in reduce-overhead mode: config.experimental_config.enable_view_optimize:True, set_dim_gears, dynamo_export, scope, npu_print
2026-03-06T23:06:39.0885217Z (Worker_DP0_TP2_EP2 pid=2612)   warnings.warn(
2026-03-06T23:06:39.0896339Z (Worker_DP0_TP4_EP4 pid=3725) /usr/local/python3.11.14/lib/python3.11/site-packages/torch_npu/dynamo/torchair/configs/compiler_config.py:106: UserWarning: The following torchair config or properties may not take effect or report error in reduce-overhead mode: config.experimental_config.enable_view_optimize:True, set_dim_gears, dynamo_export, scope, npu_print
2026-03-06T23:06:39.0902911Z (Worker_DP1_TP3_EP11 pid=3170)   warnings.warn(
2026-03-06T23:06:39.0911555Z (Worker_DP0_TP3_EP3 pid=3168)   warnings.warn(
2026-03-06T23:06:39.0921960Z (Worker_DP1_TP1_EP9 pid=2120) /usr/local/python3.11.14/lib/python3.11/site-packages/torch_npu/dynamo/torchair/configs/compiler_config.py:106: UserWarning: The following torchair config or properties may not take effect or report error in reduce-overhead mode: config.experimental_config.enable_view_optimize:True, set_dim_gears, dynamo_export, scope, npu_print
2026-03-06T23:06:39.0930930Z (Worker_DP1_TP0_EP8 pid=1243) /usr/local/python3.11.14/lib/python3.11/site-packages/torch_npu/dynamo/torchair/configs/compiler_config.py:106: UserWarning: The following torchair config or properties may not take effect or report error in reduce-overhead mode: config.experimental_config.enable_view_optimize:True, set_dim_gears, dynamo_export, scope, npu_print
2026-03-06T23:06:39.0938471Z (Worker_DP0_TP4_EP4 pid=3725)   warnings.warn(
2026-03-06T23:06:39.0947187Z (Worker_DP1_TP0_EP8 pid=1243)   warnings.warn(
2026-03-06T23:06:39.0955829Z (Worker_DP1_TP1_EP9 pid=2120)   warnings.warn(
2026-03-06T23:06:39.0965995Z (Worker_DP1_TP4_EP12 pid=3724) /usr/local/python3.11.14/lib/python3.11/site-packages/torch_npu/dynamo/torchair/configs/compiler_config.py:106: UserWarning: The following torchair config or properties may not take effect or report error in reduce-overhead mode: config.experimental_config.enable_view_optimize:True, set_dim_gears, dynamo_export, scope, npu_print
2026-03-06T23:06:39.0975427Z (Worker_DP0_TP7_EP7 pid=5395) /usr/local/python3.11.14/lib/python3.11/site-packages/torch_npu/dynamo/torchair/configs/compiler_config.py:106: UserWarning: The following torchair config or properties may not take effect or report error in reduce-overhead mode: config.experimental_config.enable_view_optimize:True, set_dim_gears, dynamo_export, scope, npu_print
2026-03-06T23:06:39.0984865Z (Worker_DP1_TP2_EP10 pid=2615) /usr/local/python3.11.14/lib/python3.11/site-packages/torch_npu/dynamo/torchair/configs/compiler_config.py:106: UserWarning: The following torchair config or properties may not take effect or report error in reduce-overhead mode: config.experimental_config.enable_view_optimize:True, set_dim_gears, dynamo_export, scope, npu_print
2026-03-06T23:06:39.0994286Z (Worker_DP1_TP5_EP13 pid=4280) /usr/local/python3.11.14/lib/python3.11/site-packages/torch_npu/dynamo/torchair/configs/compiler_config.py:106: UserWarning: The following torchair config or properties may not take effect or report error in reduce-overhead mode: config.experimental_config.enable_view_optimize:True, set_dim_gears, dynamo_export, scope, npu_print
2026-03-06T23:06:39.1002662Z (Worker_DP1_TP4_EP12 pid=3724)   warnings.warn(
2026-03-06T23:06:39.1011726Z (Worker_DP0_TP7_EP7 pid=5395)   warnings.warn(
2026-03-06T23:06:39.1019819Z (Worker_DP1_TP2_EP10 pid=2615)   warnings.warn(
2026-03-06T23:06:39.1027830Z (Worker_DP1_TP5_EP13 pid=4280)   warnings.warn(
2026-03-06T23:06:39.1038909Z (Worker_DP0_TP0_EP0 pid=1242) /usr/local/python3.11.14/lib/python3.11/site-packages/torch_npu/dynamo/torchair/configs/compiler_config.py:106: UserWarning: The following torchair config or properties may not take effect or report error in reduce-overhead mode: config.experimental_config.enable_view_optimize:True, set_dim_gears, dynamo_export, scope, npu_print
2026-03-06T23:06:39.1048376Z (Worker_DP0_TP1_EP1 pid=2054) /usr/local/python3.11.14/lib/python3.11/site-packages/torch_npu/dynamo/torchair/configs/compiler_config.py:106: UserWarning: The following torchair config or properties may not take effect or report error in reduce-overhead mode: config.experimental_config.enable_view_optimize:True, set_dim_gears, dynamo_export, scope, npu_print
2026-03-06T23:06:39.1057349Z (Worker_DP1_TP6_EP14 pid=4836) /usr/local/python3.11.14/lib/python3.11/site-packages/torch_npu/dynamo/torchair/configs/compiler_config.py:106: UserWarning: The following torchair config or properties may not take effect or report error in reduce-overhead mode: config.experimental_config.enable_view_optimize:True, set_dim_gears, dynamo_export, scope, npu_print
2026-03-06T23:06:39.1063766Z (Worker_DP0_TP0_EP0 pid=1242)   warnings.warn(
2026-03-06T23:06:39.1072064Z (Worker_DP0_TP1_EP1 pid=2054)   warnings.warn(
2026-03-06T23:06:39.1083064Z (Worker_DP1_TP7_EP15 pid=5392) /usr/local/python3.11.14/lib/python3.11/site-packages/torch_npu/dynamo/torchair/configs/compiler_config.py:106: UserWarning: The following torchair config or properties may not take effect or report error in reduce-overhead mode: config.experimental_config.enable_view_optimize:True, set_dim_gears, dynamo_export, scope, npu_print
2026-03-06T23:06:39.1089619Z (Worker_DP1_TP6_EP14 pid=4836)   warnings.warn(
2026-03-06T23:06:39.1098211Z (Worker_DP1_TP7_EP15 pid=5392)   warnings.warn(
2026-03-06T23:06:39.1107816Z (Worker_DP0_TP5_EP5 pid=4346) /usr/local/python3.11.14/lib/python3.11/site-packages/torch_npu/dynamo/torchair/configs/compiler_config.py:106: UserWarning: The following torchair config or properties may not take effect or report error in reduce-overhead mode: config.experimental_config.enable_view_optimize:True, set_dim_gears, dynamo_export, scope, npu_print
2026-03-06T23:06:39.1115195Z (Worker_DP0_TP5_EP5 pid=4346)   warnings.warn(
2026-03-06T23:06:39.1125244Z (Worker_DP0_TP6_EP6 pid=4902) /usr/local/python3.11.14/lib/python3.11/site-packages/torch_npu/dynamo/torchair/configs/compiler_config.py:106: UserWarning: The following torchair config or properties may not take effect or report error in reduce-overhead mode: config.experimental_config.enable_view_optimize:True, set_dim_gears, dynamo_export, scope, npu_print
2026-03-06T23:06:39.1132031Z (Worker_DP0_TP6_EP6 pid=4902)   warnings.warn(
2026-03-06T23:06:39.4252309Z (Worker_DP0_TP5_EP5 pid=4346) /usr/local/python3.11.14/lib/python3.11/site-packages/torch_npu/dynamo/torchair/configs/compiler_config.py:106: UserWarning: The following torchair config or properties may not take effect or report error in reduce-overhead mode: config.experimental_config.enable_view_optimize:True, set_dim_gears, dynamo_export, scope, npu_print
2026-03-06T23:06:39.4260147Z (Worker_DP0_TP5_EP5 pid=4346)   warnings.warn(
2026-03-06T23:06:39.4270600Z (Worker_DP0_TP6_EP6 pid=4902) /usr/local/python3.11.14/lib/python3.11/site-packages/torch_npu/dynamo/torchair/configs/compiler_config.py:106: UserWarning: The following torchair config or properties may not take effect or report error in reduce-overhead mode: config.experimental_config.enable_view_optimize:True, set_dim_gears, dynamo_export, scope, npu_print
2026-03-06T23:06:39.4277979Z (Worker_DP0_TP6_EP6 pid=4902)   warnings.warn(
2026-03-06T23:06:39.4288921Z (Worker_DP0_TP3_EP3 pid=3168) /usr/local/python3.11.14/lib/python3.11/site-packages/torch_npu/dynamo/torchair/configs/compiler_config.py:106: UserWarning: The following torchair config or properties may not take effect or report error in reduce-overhead mode: config.experimental_config.enable_view_optimize:True, set_dim_gears, dynamo_export, scope, npu_print
2026-03-06T23:06:39.4298128Z (Worker_DP0_TP2_EP2 pid=2612) /usr/local/python3.11.14/lib/python3.11/site-packages/torch_npu/dynamo/torchair/configs/compiler_config.py:106: UserWarning: The following torchair config or properties may not take effect or report error in reduce-overhead mode: config.experimental_config.enable_view_optimize:True, set_dim_gears, dynamo_export, scope, npu_print
2026-03-06T23:06:39.4307217Z (Worker_DP1_TP1_EP9 pid=2120) /usr/local/python3.11.14/lib/python3.11/site-packages/torch_npu/dynamo/torchair/configs/compiler_config.py:106: UserWarning: The following torchair config or properties may not take effect or report error in reduce-overhead mode: config.experimental_config.enable_view_optimize:True, set_dim_gears, dynamo_export, scope, npu_print
2026-03-06T23:06:39.4316357Z (Worker_DP1_TP3_EP11 pid=3170) /usr/local/python3.11.14/lib/python3.11/site-packages/torch_npu/dynamo/torchair/configs/compiler_config.py:106: UserWarning: The following torchair config or properties may not take effect or report error in reduce-overhead mode: config.experimental_config.enable_view_optimize:True, set_dim_gears, dynamo_export, scope, npu_print
2026-03-06T23:06:39.4326054Z (Worker_DP1_TP0_EP8 pid=1243) /usr/local/python3.11.14/lib/python3.11/site-packages/torch_npu/dynamo/torchair/configs/compiler_config.py:106: UserWarning: The following torchair config or properties may not take effect or report error in reduce-overhead mode: config.experimental_config.enable_view_optimize:True, set_dim_gears, dynamo_export, scope, npu_print
2026-03-06T23:06:39.4334989Z (Worker_DP0_TP4_EP4 pid=3725) /usr/local/python3.11.14/lib/python3.11/site-packages/torch_npu/dynamo/torchair/configs/compiler_config.py:106: UserWarning: The following torchair config or properties may not take effect or report error in reduce-overhead mode: config.experimental_config.enable_view_optimize:True, set_dim_gears, dynamo_export, scope, npu_print
2026-03-06T23:06:39.4344756Z (Worker_DP1_TP4_EP12 pid=3724) /usr/local/python3.11.14/lib/python3.11/site-packages/torch_npu/dynamo/torchair/configs/compiler_config.py:106: UserWarning: The following torchair config or properties may not take effect or report error in reduce-overhead mode: config.experimental_config.enable_view_optimize:True, set_dim_gears, dynamo_export, scope, npu_print
2026-03-06T23:06:39.4351688Z (Worker_DP0_TP3_EP3 pid=3168)   warnings.warn(
2026-03-06T23:06:39.4360062Z (Worker_DP0_TP2_EP2 pid=2612)   warnings.warn(
2026-03-06T23:06:39.4368466Z (Worker_DP1_TP1_EP9 pid=2120)   warnings.warn(
2026-03-06T23:06:39.4376922Z (Worker_DP0_TP4_EP4 pid=3725)   warnings.warn(
2026-03-06T23:06:39.4387209Z (Worker_DP1_TP2_EP10 pid=2615) /usr/local/python3.11.14/lib/python3.11/site-packages/torch_npu/dynamo/torchair/configs/compiler_config.py:106: UserWarning: The following torchair config or properties may not take effect or report error in reduce-overhead mode: config.experimental_config.enable_view_optimize:True, set_dim_gears, dynamo_export, scope, npu_print
2026-03-06T23:06:39.4393758Z (Worker_DP1_TP3_EP11 pid=3170)   warnings.warn(
2026-03-06T23:06:39.4404694Z (Worker_DP1_TP5_EP13 pid=4280) /usr/local/python3.11.14/lib/python3.11/site-packages/torch_npu/dynamo/torchair/configs/compiler_config.py:106: UserWarning: The following torchair config or properties may not take effect or report error in reduce-overhead mode: config.experimental_config.enable_view_optimize:True, set_dim_gears, dynamo_export, scope, npu_print
2026-03-06T23:06:39.4411750Z (Worker_DP1_TP0_EP8 pid=1243)   warnings.warn(
2026-03-06T23:06:39.4422280Z (Worker_DP0_TP1_EP1 pid=2054) /usr/local/python3.11.14/lib/python3.11/site-packages/torch_npu/dynamo/torchair/configs/compiler_config.py:106: UserWarning: The following torchair config or properties may not take effect or report error in reduce-overhead mode: config.experimental_config.enable_view_optimize:True, set_dim_gears, dynamo_export, scope, npu_print
2026-03-06T23:06:39.4431849Z (Worker_DP0_TP0_EP0 pid=1242) /usr/local/python3.11.14/lib/python3.11/site-packages/torch_npu/dynamo/torchair/configs/compiler_config.py:106: UserWarning: The following torchair config or properties may not take effect or report error in reduce-overhead mode: config.experimental_config.enable_view_optimize:True, set_dim_gears, dynamo_export, scope, npu_print
2026-03-06T23:06:39.4439062Z (Worker_DP1_TP4_EP12 pid=3724)   warnings.warn(
2026-03-06T23:06:39.4447188Z (Worker_DP1_TP2_EP10 pid=2615)   warnings.warn(
2026-03-06T23:06:39.4457283Z (Worker_DP1_TP6_EP14 pid=4836) /usr/local/python3.11.14/lib/python3.11/site-packages/torch_npu/dynamo/torchair/configs/compiler_config.py:106: UserWarning: The following torchair config or properties may not take effect or report error in reduce-overhead mode: config.experimental_config.enable_view_optimize:True, set_dim_gears, dynamo_export, scope, npu_print
2026-03-06T23:06:39.4464554Z (Worker_DP1_TP5_EP13 pid=4280)   warnings.warn(
2026-03-06T23:06:39.4475543Z (Worker_DP1_TP7_EP15 pid=5392) /usr/local/python3.11.14/lib/python3.11/site-packages/torch_npu/dynamo/torchair/configs/compiler_config.py:106: UserWarning: The following torchair config or properties may not take effect or report error in reduce-overhead mode: config.experimental_config.enable_view_optimize:True, set_dim_gears, dynamo_export, scope, npu_print
2026-03-06T23:06:39.4481888Z (Worker_DP0_TP1_EP1 pid=2054)   warnings.warn(
2026-03-06T23:06:39.4490501Z (Worker_DP0_TP0_EP0 pid=1242)   warnings.warn(
2026-03-06T23:06:39.4497944Z (Worker_DP1_TP6_EP14 pid=4836)   warnings.warn(
2026-03-06T23:06:39.4508461Z (Worker_DP0_TP7_EP7 pid=5395) /usr/local/python3.11.14/lib/python3.11/site-packages/torch_npu/dynamo/torchair/configs/compiler_config.py:106: UserWarning: The following torchair config or properties may not take effect or report error in reduce-overhead mode: config.experimental_config.enable_view_optimize:True, set_dim_gears, dynamo_export, scope, npu_print
2026-03-06T23:06:39.4515346Z (Worker_DP1_TP7_EP15 pid=5392)   warnings.warn(
2026-03-06T23:06:39.4523436Z (Worker_DP0_TP7_EP7 pid=5395)   warnings.warn(
2026-03-06T23:06:39.7600942Z (Worker_DP0_TP6_EP6 pid=4902) /usr/local/python3.11.14/lib/python3.11/site-packages/torch_npu/dynamo/torchair/configs/compiler_config.py:106: UserWarning: The following torchair config or properties may not take effect or report error in reduce-overhead mode: config.experimental_config.enable_view_optimize:True, set_dim_gears, dynamo_export, scope, npu_print
2026-03-06T23:06:39.7607612Z (Worker_DP0_TP6_EP6 pid=4902)   warnings.warn(
2026-03-06T23:06:39.7656627Z (Worker_DP1_TP2_EP10 pid=2615) /usr/local/python3.11.14/lib/python3.11/site-packages/torch_npu/dynamo/torchair/configs/compiler_config.py:106: UserWarning: The following torchair config or properties may not take effect or report error in reduce-overhead mode: config.experimental_config.enable_view_optimize:True, set_dim_gears, dynamo_export, scope, npu_print
2026-03-06T23:06:39.7659094Z (Worker_DP1_TP4_EP12 pid=3724) /usr/local/python3.11.14/lib/python3.11/site-packages/torch_npu/dynamo/torchair/configs/compiler_config.py:106: UserWarning: The following torchair config or properties may not take effect or report error in reduce-overhead mode: config.experimental_config.enable_view_optimize:True, set_dim_gears, dynamo_export, scope, npu_print
2026-03-06T23:06:39.7660622Z (Worker_DP1_TP2_EP10 pid=2615)   warnings.warn(
2026-03-06T23:06:39.7662064Z (Worker_DP0_TP5_EP5 pid=4346) /usr/local/python3.11.14/lib/python3.11/site-packages/torch_npu/dynamo/torchair/configs/compiler_config.py:106: UserWarning: The following torchair config or properties may not take effect or report error in reduce-overhead mode: config.experimental_config.enable_view_optimize:True, set_dim_gears, dynamo_export, scope, npu_print
2026-03-06T23:06:39.7663440Z (Worker_DP1_TP4_EP12 pid=3724)   warnings.warn(
2026-03-06T23:06:39.7664811Z (Worker_DP0_TP3_EP3 pid=3168) /usr/local/python3.11.14/lib/python3.11/site-packages/torch_npu/dynamo/torchair/configs/compiler_config.py:106: UserWarning: The following torchair config or properties may not take effect or report error in reduce-overhead mode: config.experimental_config.enable_view_optimize:True, set_dim_gears, dynamo_export, scope, npu_print
2026-03-06T23:06:39.7670574Z (Worker_DP0_TP5_EP5 pid=4346)   warnings.warn(
2026-03-06T23:06:39.7678931Z (Worker_DP0_TP3_EP3 pid=3168)   warnings.warn(
2026-03-06T23:06:39.7689643Z (Worker_DP1_TP0_EP8 pid=1243) /usr/local/python3.11.14/lib/python3.11/site-packages/torch_npu/dynamo/torchair/configs/compiler_config.py:106: UserWarning: The following torchair config or properties may not take effect or report error in reduce-overhead mode: config.experimental_config.enable_view_optimize:True, set_dim_gears, dynamo_export, scope, npu_print
2026-03-06T23:06:39.7698743Z (Worker_DP0_TP1_EP1 pid=2054) /usr/local/python3.11.14/lib/python3.11/site-packages/torch_npu/dynamo/torchair/configs/compiler_config.py:106: UserWarning: The following torchair config or properties may not take effect or report error in reduce-overhead mode: config.experimental_config.enable_view_optimize:True, set_dim_gears, dynamo_export, scope, npu_print
2026-03-06T23:06:39.7706104Z (Worker_DP1_TP0_EP8 pid=1243)   warnings.warn(
2026-03-06T23:06:39.7714787Z (Worker_DP0_TP1_EP1 pid=2054)   warnings.warn(
2026-03-06T23:06:39.7725652Z (Worker_DP0_TP7_EP7 pid=5395) /usr/local/python3.11.14/lib/python3.11/site-packages/torch_npu/dynamo/torchair/configs/compiler_config.py:106: UserWarning: The following torchair config or properties may not take effect or report error in reduce-overhead mode: config.experimental_config.enable_view_optimize:True, set_dim_gears, dynamo_export, scope, npu_print
2026-03-06T23:06:39.7788309Z (Worker_DP0_TP7_EP7 pid=5395)   warnings.warn(
2026-03-06T23:06:39.7789790Z (Worker_DP0_TP0_EP0 pid=1242) /usr/local/python3.11.14/lib/python3.11/site-packages/torch_npu/dynamo/torchair/configs/compiler_config.py:106: UserWarning: The following torchair config or properties may not take effect or report error in reduce-overhead mode: config.experimental_config.enable_view_optimize:True, set_dim_gears, dynamo_export, scope, npu_print
2026-03-06T23:06:39.7791311Z (Worker_DP0_TP0_EP0 pid=1242)   warnings.warn(
2026-03-06T23:06:39.7792673Z (Worker_DP1_TP7_EP15 pid=5392) /usr/local/python3.11.14/lib/python3.11/site-packages/torch_npu/dynamo/torchair/configs/compiler_config.py:106: UserWarning: The following torchair config or properties may not take effect or report error in reduce-overhead mode: config.experimental_config.enable_view_optimize:True, set_dim_gears, dynamo_export, scope, npu_print
2026-03-06T23:06:39.7794175Z (Worker_DP1_TP7_EP15 pid=5392)   warnings.warn(
2026-03-06T23:06:39.7795549Z (Worker_DP1_TP3_EP11 pid=3170) /usr/local/python3.11.14/lib/python3.11/site-packages/torch_npu/dynamo/torchair/configs/compiler_config.py:106: UserWarning: The following torchair config or properties may not take effect or report error in reduce-overhead mode: config.experimental_config.enable_view_optimize:True, set_dim_gears, dynamo_export, scope, npu_print
2026-03-06T23:06:39.7796955Z (Worker_DP1_TP3_EP11 pid=3170)   warnings.warn(
2026-03-06T23:06:39.7798307Z (Worker_DP0_TP4_EP4 pid=3725) /usr/local/python3.11.14/lib/python3.11/site-packages/torch_npu/dynamo/torchair/configs/compiler_config.py:106: UserWarning: The following torchair config or properties may not take effect or report error in reduce-overhead mode: config.experimental_config.enable_view_optimize:True, set_dim_gears, dynamo_export, scope, npu_print
2026-03-06T23:06:39.7820676Z (Worker_DP0_TP4_EP4 pid=3725)   warnings.warn(
2026-03-06T23:06:39.7822254Z (Worker_DP1_TP5_EP13 pid=4280) /usr/local/python3.11.14/lib/python3.11/site-packages/torch_npu/dynamo/torchair/configs/compiler_config.py:106: UserWarning: The following torchair config or properties may not take effect or report error in reduce-overhead mode: config.experimental_config.enable_view_optimize:True, set_dim_gears, dynamo_export, scope, npu_print
2026-03-06T23:06:39.7823548Z (Worker_DP1_TP5_EP13 pid=4280)   warnings.warn(
2026-03-06T23:06:39.7827454Z (Worker_DP1_TP6_EP14 pid=4836) /usr/local/python3.11.14/lib/python3.11/site-packages/torch_npu/dynamo/torchair/configs/compiler_config.py:106: UserWarning: The following torchair config or properties may not take effect or report error in reduce-overhead mode: config.experimental_config.enable_view_optimize:True, set_dim_gears, dynamo_export, scope, npu_print
2026-03-06T23:06:39.7834298Z (Worker_DP1_TP6_EP14 pid=4836)   warnings.warn(
2026-03-06T23:06:39.7845633Z (Worker_DP0_TP2_EP2 pid=2612) /usr/local/python3.11.14/lib/python3.11/site-packages/torch_npu/dynamo/torchair/configs/compiler_config.py:106: UserWarning: The following torchair config or properties may not take effect or report error in reduce-overhead mode: config.experimental_config.enable_view_optimize:True, set_dim_gears, dynamo_export, scope, npu_print
2026-03-06T23:06:39.7852842Z (Worker_DP0_TP2_EP2 pid=2612)   warnings.warn(
2026-03-06T23:06:39.7863180Z (Worker_DP1_TP1_EP9 pid=2120) /usr/local/python3.11.14/lib/python3.11/site-packages/torch_npu/dynamo/torchair/configs/compiler_config.py:106: UserWarning: The following torchair config or properties may not take effect or report error in reduce-overhead mode: config.experimental_config.enable_view_optimize:True, set_dim_gears, dynamo_export, scope, npu_print
2026-03-06T23:06:39.7869784Z (Worker_DP1_TP1_EP9 pid=2120)   warnings.warn(
2026-03-06T23:06:40.1009411Z (Worker_DP0_TP5_EP5 pid=4346) /usr/local/python3.11.14/lib/python3.11/site-packages/torch_npu/dynamo/torchair/configs/compiler_config.py:106: UserWarning: The following torchair config or properties may not take effect or report error in reduce-overhead mode: config.experimental_config.enable_view_optimize:True, set_dim_gears, dynamo_export, scope, npu_print
2026-03-06T23:06:40.1017701Z (Worker_DP0_TP2_EP2 pid=2612) /usr/local/python3.11.14/lib/python3.11/site-packages/torch_npu/dynamo/torchair/configs/compiler_config.py:106: UserWarning: The following torchair config or properties may not take effect or report error in reduce-overhead mode: config.experimental_config.enable_view_optimize:True, set_dim_gears, dynamo_export, scope, npu_print
2026-03-06T23:06:40.1026875Z (Worker_DP1_TP4_EP12 pid=3724) /usr/local/python3.11.14/lib/python3.11/site-packages/torch_npu/dynamo/torchair/configs/compiler_config.py:106: UserWarning: The following torchair config or properties may not take effect or report error in reduce-overhead mode: config.experimental_config.enable_view_optimize:True, set_dim_gears, dynamo_export, scope, npu_print
2026-03-06T23:06:40.1036567Z (Worker_DP1_TP0_EP8 pid=1243) /usr/local/python3.11.14/lib/python3.11/site-packages/torch_npu/dynamo/torchair/configs/compiler_config.py:106: UserWarning: The following torchair config or properties may not take effect or report error in reduce-overhead mode: config.experimental_config.enable_view_optimize:True, set_dim_gears, dynamo_export, scope, npu_print
2026-03-06T23:06:40.1045229Z (Worker_DP1_TP2_EP10 pid=2615) /usr/local/python3.11.14/lib/python3.11/site-packages/torch_npu/dynamo/torchair/configs/compiler_config.py:106: UserWarning: The following torchair config or properties may not take effect or report error in reduce-overhead mode: config.experimental_config.enable_view_optimize:True, set_dim_gears, dynamo_export, scope, npu_print
2026-03-06T23:06:40.1052330Z (Worker_DP0_TP5_EP5 pid=4346)   warnings.warn(
2026-03-06T23:06:40.1064209Z (Worker_DP1_TP5_EP13 pid=4280) /usr/local/python3.11.14/lib/python3.11/site-packages/torch_npu/dynamo/torchair/configs/compiler_config.py:106: UserWarning: The following torchair config or properties may not take effect or report error in reduce-overhead mode: config.experimental_config.enable_view_optimize:True, set_dim_gears, dynamo_export, scope, npu_print
2026-03-06T23:06:40.1071885Z (Worker_DP1_TP4_EP12 pid=3724)   warnings.warn(
2026-03-06T23:06:40.1080467Z (Worker_DP0_TP2_EP2 pid=2612)   warnings.warn(
2026-03-06T23:06:40.1088152Z (Worker_DP1_TP2_EP10 pid=2615)   warnings.warn(
2026-03-06T23:06:40.1099780Z (Worker_DP1_TP1_EP9 pid=2120) /usr/local/python3.11.14/lib/python3.11/site-packages/torch_npu/dynamo/torchair/configs/compiler_config.py:106: UserWarning: The following torchair config or properties may not take effect or report error in reduce-overhead mode: config.experimental_config.enable_view_optimize:True, set_dim_gears, dynamo_export, scope, npu_print
2026-03-06T23:06:40.1108685Z (Worker_DP0_TP1_EP1 pid=2054) /usr/local/python3.11.14/lib/python3.11/site-packages/torch_npu/dynamo/torchair/configs/compiler_config.py:106: UserWarning: The following torchair config or properties may not take effect or report error in reduce-overhead mode: config.experimental_config.enable_view_optimize:True, set_dim_gears, dynamo_export, scope, npu_print
2026-03-06T23:06:40.1115532Z (Worker_DP1_TP0_EP8 pid=1243)   warnings.warn(
2026-03-06T23:06:40.1123614Z (Worker_DP1_TP5_EP13 pid=4280)   warnings.warn(
2026-03-06T23:06:40.1133942Z (Worker_DP1_TP3_EP11 pid=3170) /usr/local/python3.11.14/lib/python3.11/site-packages/torch_npu/dynamo/torchair/configs/compiler_config.py:106: UserWarning: The following torchair config or properties may not take effect or report error in reduce-overhead mode: config.experimental_config.enable_view_optimize:True, set_dim_gears, dynamo_export, scope, npu_print
2026-03-06T23:06:40.1140891Z (Worker_DP1_TP1_EP9 pid=2120)   warnings.warn(
2026-03-06T23:06:40.1151638Z (Worker_DP1_TP6_EP14 pid=4836) /usr/local/python3.11.14/lib/python3.11/site-packages/torch_npu/dynamo/torchair/configs/compiler_config.py:106: UserWarning: The following torchair config or properties may not take effect or report error in reduce-overhead mode: config.experimental_config.enable_view_optimize:True, set_dim_gears, dynamo_export, scope, npu_print
2026-03-06T23:06:40.1160105Z (Worker_DP0_TP7_EP7 pid=5395) /usr/local/python3.11.14/lib/python3.11/site-packages/torch_npu/dynamo/torchair/configs/compiler_config.py:106: UserWarning: The following torchair config or properties may not take effect or report error in reduce-overhead mode: config.experimental_config.enable_view_optimize:True, set_dim_gears, dynamo_export, scope, npu_print
2026-03-06T23:06:40.1167376Z (Worker_DP0_TP1_EP1 pid=2054)   warnings.warn(
2026-03-06T23:06:40.1177571Z (Worker_DP0_TP3_EP3 pid=3168) /usr/local/python3.11.14/lib/python3.11/site-packages/torch_npu/dynamo/torchair/configs/compiler_config.py:106: UserWarning: The following torchair config or properties may not take effect or report error in reduce-overhead mode: config.experimental_config.enable_view_optimize:True, set_dim_gears, dynamo_export, scope, npu_print
2026-03-06T23:06:40.1186371Z (Worker_DP0_TP0_EP0 pid=1242) /usr/local/python3.11.14/lib/python3.11/site-packages/torch_npu/dynamo/torchair/configs/compiler_config.py:106: UserWarning: The following torchair config or properties may not take effect or report error in reduce-overhead mode: config.experimental_config.enable_view_optimize:True, set_dim_gears, dynamo_export, scope, npu_print
2026-03-06T23:06:40.1195302Z (Worker_DP0_TP4_EP4 pid=3725) /usr/local/python3.11.14/lib/python3.11/site-packages/torch_npu/dynamo/torchair/configs/compiler_config.py:106: UserWarning: The following torchair config or properties may not take effect or report error in reduce-overhead mode: config.experimental_config.enable_view_optimize:True, set_dim_gears, dynamo_export, scope, npu_print
2026-03-06T23:06:40.1201929Z (Worker_DP1_TP3_EP11 pid=3170)   warnings.warn(
2026-03-06T23:06:40.1212163Z (Worker_DP1_TP7_EP15 pid=5392) /usr/local/python3.11.14/lib/python3.11/site-packages/torch_npu/dynamo/torchair/configs/compiler_config.py:106: UserWarning: The following torchair config or properties may not take effect or report error in reduce-overhead mode: config.experimental_config.enable_view_optimize:True, set_dim_gears, dynamo_export, scope, npu_print
2026-03-06T23:06:40.1219345Z (Worker_DP1_TP6_EP14 pid=4836)   warnings.warn(
2026-03-06T23:06:40.1229367Z (Worker_DP0_TP7_EP7 pid=5395)   warnings.warn(
2026-03-06T23:06:40.1236558Z (Worker_DP0_TP3_EP3 pid=3168)   warnings.warn(
2026-03-06T23:06:40.1244123Z (Worker_DP0_TP0_EP0 pid=1242)   warnings.warn(
2026-03-06T23:06:40.1252855Z (Worker_DP0_TP4_EP4 pid=3725)   warnings.warn(
2026-03-06T23:06:40.1263080Z (Worker_DP0_TP6_EP6 pid=4902) /usr/local/python3.11.14/lib/python3.11/site-packages/torch_npu/dynamo/torchair/configs/compiler_config.py:106: UserWarning: The following torchair config or properties may not take effect or report error in reduce-overhead mode: config.experimental_config.enable_view_optimize:True, set_dim_gears, dynamo_export, scope, npu_print
2026-03-06T23:06:40.1270110Z (Worker_DP1_TP7_EP15 pid=5392)   warnings.warn(
2026-03-06T23:06:40.1277687Z (Worker_DP0_TP6_EP6 pid=4902)   warnings.warn(
2026-03-06T23:06:40.4358550Z (Worker_DP0_TP4_EP4 pid=3725) /usr/local/python3.11.14/lib/python3.11/site-packages/torch_npu/dynamo/torchair/configs/compiler_config.py:106: UserWarning: The following torchair config or properties may not take effect or report error in reduce-overhead mode: config.experimental_config.enable_view_optimize:True, set_dim_gears, dynamo_export, scope, npu_print
2026-03-06T23:06:40.4367767Z (Worker_DP1_TP0_EP8 pid=1243) /usr/local/python3.11.14/lib/python3.11/site-packages/torch_npu/dynamo/torchair/configs/compiler_config.py:106: UserWarning: The following torchair config or properties may not take effect or report error in reduce-overhead mode: config.experimental_config.enable_view_optimize:True, set_dim_gears, dynamo_export, scope, npu_print
2026-03-06T23:06:40.4377205Z (Worker_DP1_TP1_EP9 pid=2120) /usr/local/python3.11.14/lib/python3.11/site-packages/torch_npu/dynamo/torchair/configs/compiler_config.py:106: UserWarning: The following torchair config or properties may not take effect or report error in reduce-overhead mode: config.experimental_config.enable_view_optimize:True, set_dim_gears, dynamo_export, scope, npu_print
2026-03-06T23:06:40.4384663Z (Worker_DP0_TP4_EP4 pid=3725)   warnings.warn(
2026-03-06T23:06:40.4395284Z (Worker_DP0_TP2_EP2 pid=2612) /usr/local/python3.11.14/lib/python3.11/site-packages/torch_npu/dynamo/torchair/configs/compiler_config.py:106: UserWarning: The following torchair config or properties may not take effect or report error in reduce-overhead mode: config.experimental_config.enable_view_optimize:True, set_dim_gears, dynamo_export, scope, npu_print
2026-03-06T23:06:40.4404989Z (Worker_DP0_TP0_EP0 pid=1242) /usr/local/python3.11.14/lib/python3.11/site-packages/torch_npu/dynamo/torchair/configs/compiler_config.py:106: UserWarning: The following torchair config or properties may not take effect or report error in reduce-overhead mode: config.experimental_config.enable_view_optimize:True, set_dim_gears, dynamo_export, scope, npu_print
2026-03-06T23:06:40.4414643Z (Worker_DP1_TP3_EP11 pid=3170) /usr/local/python3.11.14/lib/python3.11/site-packages/torch_npu/dynamo/torchair/configs/compiler_config.py:106: UserWarning: The following torchair config or properties may not take effect or report error in reduce-overhead mode: config.experimental_config.enable_view_optimize:True, set_dim_gears, dynamo_export, scope, npu_print
2026-03-06T23:06:40.4423378Z (Worker_DP0_TP6_EP6 pid=4902) /usr/local/python3.11.14/lib/python3.11/site-packages/torch_npu/dynamo/torchair/configs/compiler_config.py:106: UserWarning: The following torchair config or properties may not take effect or report error in reduce-overhead mode: config.experimental_config.enable_view_optimize:True, set_dim_gears, dynamo_export, scope, npu_print
2026-03-06T23:06:40.4432428Z (Worker_DP0_TP5_EP5 pid=4346) /usr/local/python3.11.14/lib/python3.11/site-packages/torch_npu/dynamo/torchair/configs/compiler_config.py:106: UserWarning: The following torchair config or properties may not take effect or report error in reduce-overhead mode: config.experimental_config.enable_view_optimize:True, set_dim_gears, dynamo_export, scope, npu_print
2026-03-06T23:06:40.4440113Z (Worker_DP1_TP1_EP9 pid=2120)   warnings.warn(
2026-03-06T23:06:40.4448079Z (Worker_DP1_TP0_EP8 pid=1243)   warnings.warn(
2026-03-06T23:06:40.4456839Z (Worker_DP0_TP2_EP2 pid=2612)   warnings.warn(
2026-03-06T23:06:40.4465180Z (Worker_DP0_TP0_EP0 pid=1242)   warnings.warn(
2026-03-06T23:06:40.4473224Z (Worker_DP1_TP3_EP11 pid=3170)   warnings.warn(
2026-03-06T23:06:40.4481631Z (Worker_DP0_TP6_EP6 pid=4902)   warnings.warn(
2026-03-06T23:06:40.4490440Z (Worker_DP0_TP5_EP5 pid=4346)   warnings.warn(
2026-03-06T23:06:40.4500628Z (Worker_DP0_TP7_EP7 pid=5395) /usr/local/python3.11.14/lib/python3.11/site-packages/torch_npu/dynamo/torchair/configs/compiler_config.py:106: UserWarning: The following torchair config or properties may not take effect or report error in reduce-overhead mode: config.experimental_config.enable_view_optimize:True, set_dim_gears, dynamo_export, scope, npu_print
2026-03-06T23:06:40.4509031Z (Worker_DP1_TP6_EP14 pid=4836) /usr/local/python3.11.14/lib/python3.11/site-packages/torch_npu/dynamo/torchair/configs/compiler_config.py:106: UserWarning: The following torchair config or properties may not take effect or report error in reduce-overhead mode: config.experimental_config.enable_view_optimize:True, set_dim_gears, dynamo_export, scope, npu_print
2026-03-06T23:06:40.4517729Z (Worker_DP1_TP5_EP13 pid=4280) /usr/local/python3.11.14/lib/python3.11/site-packages/torch_npu/dynamo/torchair/configs/compiler_config.py:106: UserWarning: The following torchair config or properties may not take effect or report error in reduce-overhead mode: config.experimental_config.enable_view_optimize:True, set_dim_gears, dynamo_export, scope, npu_print
2026-03-06T23:06:40.4526508Z (Worker_DP1_TP4_EP12 pid=3724) /usr/local/python3.11.14/lib/python3.11/site-packages/torch_npu/dynamo/torchair/configs/compiler_config.py:106: UserWarning: The following torchair config or properties may not take effect or report error in reduce-overhead mode: config.experimental_config.enable_view_optimize:True, set_dim_gears, dynamo_export, scope, npu_print
2026-03-06T23:06:40.4533177Z (Worker_DP0_TP7_EP7 pid=5395)   warnings.warn(
2026-03-06T23:06:40.4544197Z (Worker_DP1_TP7_EP15 pid=5392) /usr/local/python3.11.14/lib/python3.11/site-packages/torch_npu/dynamo/torchair/configs/compiler_config.py:106: UserWarning: The following torchair config or properties may not take effect or report error in reduce-overhead mode: config.experimental_config.enable_view_optimize:True, set_dim_gears, dynamo_export, scope, npu_print
2026-03-06T23:06:40.4551469Z (Worker_DP1_TP6_EP14 pid=4836)   warnings.warn(
2026-03-06T23:06:40.4560583Z (Worker_DP1_TP4_EP12 pid=3724)   warnings.warn(
2026-03-06T23:06:40.4568948Z (Worker_DP1_TP5_EP13 pid=4280)   warnings.warn(
2026-03-06T23:06:40.4579094Z (Worker_DP1_TP2_EP10 pid=2615) /usr/local/python3.11.14/lib/python3.11/site-packages/torch_npu/dynamo/torchair/configs/compiler_config.py:106: UserWarning: The following torchair config or properties may not take effect or report error in reduce-overhead mode: config.experimental_config.enable_view_optimize:True, set_dim_gears, dynamo_export, scope, npu_print
2026-03-06T23:06:40.4587474Z (Worker_DP0_TP1_EP1 pid=2054) /usr/local/python3.11.14/lib/python3.11/site-packages/torch_npu/dynamo/torchair/configs/compiler_config.py:106: UserWarning: The following torchair config or properties may not take effect or report error in reduce-overhead mode: config.experimental_config.enable_view_optimize:True, set_dim_gears, dynamo_export, scope, npu_print
2026-03-06T23:06:40.4594079Z (Worker_DP1_TP7_EP15 pid=5392)   warnings.warn(
2026-03-06T23:06:40.4602318Z (Worker_DP1_TP2_EP10 pid=2615)   warnings.warn(
2026-03-06T23:06:40.4610564Z (Worker_DP0_TP1_EP1 pid=2054)   warnings.warn(
2026-03-06T23:06:40.4621396Z (Worker_DP0_TP3_EP3 pid=3168) /usr/local/python3.11.14/lib/python3.11/site-packages/torch_npu/dynamo/torchair/configs/compiler_config.py:106: UserWarning: The following torchair config or properties may not take effect or report error in reduce-overhead mode: config.experimental_config.enable_view_optimize:True, set_dim_gears, dynamo_export, scope, npu_print
2026-03-06T23:06:40.4628442Z (Worker_DP0_TP3_EP3 pid=3168)   warnings.warn(
2026-03-06T23:06:40.7681015Z (Worker_DP1_TP4_EP12 pid=3724) /usr/local/python3.11.14/lib/python3.11/site-packages/torch_npu/dynamo/torchair/configs/compiler_config.py:106: UserWarning: The following torchair config or properties may not take effect or report error in reduce-overhead mode: config.experimental_config.enable_view_optimize:True, set_dim_gears, dynamo_export, scope, npu_print
2026-03-06T23:06:40.7689455Z (Worker_DP1_TP1_EP9 pid=2120) /usr/local/python3.11.14/lib/python3.11/site-packages/torch_npu/dynamo/torchair/configs/compiler_config.py:106: UserWarning: The following torchair config or properties may not take effect or report error in reduce-overhead mode: config.experimental_config.enable_view_optimize:True, set_dim_gears, dynamo_export, scope, npu_print
2026-03-06T23:06:40.7699216Z (Worker_DP0_TP3_EP3 pid=3168) /usr/local/python3.11.14/lib/python3.11/site-packages/torch_npu/dynamo/torchair/configs/compiler_config.py:106: UserWarning: The following torchair config or properties may not take effect or report error in reduce-overhead mode: config.experimental_config.enable_view_optimize:True, set_dim_gears, dynamo_export, scope, npu_print
2026-03-06T23:06:40.7708198Z (Worker_DP0_TP2_EP2 pid=2612) /usr/local/python3.11.14/lib/python3.11/site-packages/torch_npu/dynamo/torchair/configs/compiler_config.py:106: UserWarning: The following torchair config or properties may not take effect or report error in reduce-overhead mode: config.experimental_config.enable_view_optimize:True, set_dim_gears, dynamo_export, scope, npu_print
2026-03-06T23:06:40.7715418Z (Worker_DP1_TP4_EP12 pid=3724)   warnings.warn(
2026-03-06T23:06:40.7726186Z (Worker_DP1_TP0_EP8 pid=1243) /usr/local/python3.11.14/lib/python3.11/site-packages/torch_npu/dynamo/torchair/configs/compiler_config.py:106: UserWarning: The following torchair config or properties may not take effect or report error in reduce-overhead mode: config.experimental_config.enable_view_optimize:True, set_dim_gears, dynamo_export, scope, npu_print
2026-03-06T23:06:40.7733430Z (Worker_DP1_TP1_EP9 pid=2120)   warnings.warn(
2026-03-06T23:06:40.7742570Z (Worker_DP0_TP2_EP2 pid=2612)   warnings.warn(
2026-03-06T23:06:40.7751466Z (Worker_DP0_TP3_EP3 pid=3168)   warnings.warn(
2026-03-06T23:06:40.7762255Z (Worker_DP0_TP6_EP6 pid=4902) /usr/local/python3.11.14/lib/python3.11/site-packages/torch_npu/dynamo/torchair/configs/compiler_config.py:106: UserWarning: The following torchair config or properties may not take effect or report error in reduce-overhead mode: config.experimental_config.enable_view_optimize:True, set_dim_gears, dynamo_export, scope, npu_print
2026-03-06T23:06:40.7772259Z (Worker_DP1_TP2_EP10 pid=2615) /usr/local/python3.11.14/lib/python3.11/site-packages/torch_npu/dynamo/torchair/configs/compiler_config.py:106: UserWarning: The following torchair config or properties may not take effect or report error in reduce-overhead mode: config.experimental_config.enable_view_optimize:True, set_dim_gears, dynamo_export, scope, npu_print
2026-03-06T23:06:40.7778672Z (Worker_DP1_TP0_EP8 pid=1243)   warnings.warn(
2026-03-06T23:06:40.7787194Z (Worker_DP0_TP6_EP6 pid=4902)   warnings.warn(
2026-03-06T23:06:40.7797494Z (Worker_DP1_TP3_EP11 pid=3170) /usr/local/python3.11.14/lib/python3.11/site-packages/torch_npu/dynamo/torchair/configs/compiler_config.py:106: UserWarning: The following torchair config or properties may not take effect or report error in reduce-overhead mode: config.experimental_config.enable_view_optimize:True, set_dim_gears, dynamo_export, scope, npu_print
2026-03-06T23:06:40.7804986Z (Worker_DP1_TP2_EP10 pid=2615)   warnings.warn(
2026-03-06T23:06:40.7815057Z (Worker_DP1_TP5_EP13 pid=4280) /usr/local/python3.11.14/lib/python3.11/site-packages/torch_npu/dynamo/torchair/configs/compiler_config.py:106: UserWarning: The following torchair config or properties may not take effect or report error in reduce-overhead mode: config.experimental_config.enable_view_optimize:True, set_dim_gears, dynamo_export, scope, npu_print
2026-03-06T23:06:40.7824158Z (Worker_DP1_TP6_EP14 pid=4836) /usr/local/python3.11.14/lib/python3.11/site-packages/torch_npu/dynamo/torchair/configs/compiler_config.py:106: UserWarning: The following torchair config or properties may not take effect or report error in reduce-overhead mode: config.experimental_config.enable_view_optimize:True, set_dim_gears, dynamo_export, scope, npu_print
2026-03-06T23:06:40.7833116Z (Worker_DP0_TP1_EP1 pid=2054) /usr/local/python3.11.14/lib/python3.11/site-packages/torch_npu/dynamo/torchair/configs/compiler_config.py:106: UserWarning: The following torchair config or properties may not take effect or report error in reduce-overhead mode: config.experimental_config.enable_view_optimize:True, set_dim_gears, dynamo_export, scope, npu_print
2026-03-06T23:06:40.7840348Z (Worker_DP1_TP3_EP11 pid=3170)   warnings.warn(
2026-03-06T23:06:40.7850437Z (Worker_DP0_TP0_EP0 pid=1242) /usr/local/python3.11.14/lib/python3.11/site-packages/torch_npu/dynamo/torchair/configs/compiler_config.py:106: UserWarning: The following torchair config or properties may not take effect or report error in reduce-overhead mode: config.experimental_config.enable_view_optimize:True, set_dim_gears, dynamo_export, scope, npu_print
2026-03-06T23:06:40.7859397Z (Worker_DP1_TP7_EP15 pid=5392) /usr/local/python3.11.14/lib/python3.11/site-packages/torch_npu/dynamo/torchair/configs/compiler_config.py:106: UserWarning: The following torchair config or properties may not take effect or report error in reduce-overhead mode: config.experimental_config.enable_view_optimize:True, set_dim_gears, dynamo_export, scope, npu_print
2026-03-06T23:06:40.7866013Z (Worker_DP1_TP6_EP14 pid=4836)   warnings.warn(
2026-03-06T23:06:40.7874343Z (Worker_DP1_TP5_EP13 pid=4280)   warnings.warn(
2026-03-06T23:06:40.7884329Z (Worker_DP0_TP4_EP4 pid=3725) /usr/local/python3.11.14/lib/python3.11/site-packages/torch_npu/dynamo/torchair/configs/compiler_config.py:106: UserWarning: The following torchair config or properties may not take effect or report error in reduce-overhead mode: config.experimental_config.enable_view_optimize:True, set_dim_gears, dynamo_export, scope, npu_print
2026-03-06T23:06:40.7891200Z (Worker_DP0_TP1_EP1 pid=2054)   warnings.warn(
2026-03-06T23:06:40.7900048Z (Worker_DP0_TP0_EP0 pid=1242)   warnings.warn(
2026-03-06T23:06:40.7908633Z (Worker_DP1_TP7_EP15 pid=5392)   warnings.warn(
2026-03-06T23:06:40.7917342Z (Worker_DP0_TP4_EP4 pid=3725)   warnings.warn(
2026-03-06T23:06:40.7927731Z (Worker_DP0_TP5_EP5 pid=4346) /usr/local/python3.11.14/lib/python3.11/site-packages/torch_npu/dynamo/torchair/configs/compiler_config.py:106: UserWarning: The following torchair config or properties may not take effect or report error in reduce-overhead mode: config.experimental_config.enable_view_optimize:True, set_dim_gears, dynamo_export, scope, npu_print
2026-03-06T23:06:40.7934344Z (Worker_DP0_TP5_EP5 pid=4346)   warnings.warn(
2026-03-06T23:06:40.7944665Z (Worker_DP0_TP7_EP7 pid=5395) /usr/local/python3.11.14/lib/python3.11/site-packages/torch_npu/dynamo/torchair/configs/compiler_config.py:106: UserWarning: The following torchair config or properties may not take effect or report error in reduce-overhead mode: config.experimental_config.enable_view_optimize:True, set_dim_gears, dynamo_export, scope, npu_print
2026-03-06T23:06:40.7951733Z (Worker_DP0_TP7_EP7 pid=5395)   warnings.warn(
2026-03-06T23:06:41.1031323Z (Worker_DP1_TP3_EP11 pid=3170) /usr/local/python3.11.14/lib/python3.11/site-packages/torch_npu/dynamo/torchair/configs/compiler_config.py:106: UserWarning: The following torchair config or properties may not take effect or report error in reduce-overhead mode: config.experimental_config.enable_view_optimize:True, set_dim_gears, dynamo_export, scope, npu_print
2026-03-06T23:06:41.1040911Z (Worker_DP1_TP2_EP10 pid=2615) /usr/local/python3.11.14/lib/python3.11/site-packages/torch_npu/dynamo/torchair/configs/compiler_config.py:106: UserWarning: The following torchair config or properties may not take effect or report error in reduce-overhead mode: config.experimental_config.enable_view_optimize:True, set_dim_gears, dynamo_export, scope, npu_print
2026-03-06T23:06:41.1050228Z (Worker_DP0_TP3_EP3 pid=3168) /usr/local/python3.11.14/lib/python3.11/site-packages/torch_npu/dynamo/torchair/configs/compiler_config.py:106: UserWarning: The following torchair config or properties may not take effect or report error in reduce-overhead mode: config.experimental_config.enable_view_optimize:True, set_dim_gears, dynamo_export, scope, npu_print
2026-03-06T23:06:41.1059963Z (Worker_DP1_TP1_EP9 pid=2120) /usr/local/python3.11.14/lib/python3.11/site-packages/torch_npu/dynamo/torchair/configs/compiler_config.py:106: UserWarning: The following torchair config or properties may not take effect or report error in reduce-overhead mode: config.experimental_config.enable_view_optimize:True, set_dim_gears, dynamo_export, scope, npu_print
2026-03-06T23:06:41.1112124Z (Worker_DP0_TP1_EP1 pid=2054) /usr/local/python3.11.14/lib/python3.11/site-packages/torch_npu/dynamo/torchair/configs/compiler_config.py:106: UserWarning: The following torchair config or properties may not take effect or report error in reduce-overhead mode: config.experimental_config.enable_view_optimize:True, set_dim_gears, dynamo_export, scope, npu_print
2026-03-06T23:06:41.1113701Z (Worker_DP1_TP3_EP11 pid=3170)   warnings.warn(
2026-03-06T23:06:41.1114029Z (Worker_DP1_TP2_EP10 pid=2615)   warnings.warn(
2026-03-06T23:06:41.1114349Z (Worker_DP0_TP3_EP3 pid=3168)   warnings.warn(
2026-03-06T23:06:41.1114657Z (Worker_DP1_TP1_EP9 pid=2120)   warnings.warn(
2026-03-06T23:06:41.1116253Z (Worker_DP0_TP0_EP0 pid=1242) /usr/local/python3.11.14/lib/python3.11/site-packages/torch_npu/dynamo/torchair/configs/compiler_config.py:106: UserWarning: The following torchair config or properties may not take effect or report error in reduce-overhead mode: config.experimental_config.enable_view_optimize:True, set_dim_gears, dynamo_export, scope, npu_print
2026-03-06T23:06:41.1121967Z (Worker_DP0_TP7_EP7 pid=5395) /usr/local/python3.11.14/lib/python3.11/site-packages/torch_npu/dynamo/torchair/configs/compiler_config.py:106: UserWarning: The following torchair config or properties may not take effect or report error in reduce-overhead mode: config.experimental_config.enable_view_optimize:True, set_dim_gears, dynamo_export, scope, npu_print
2026-03-06T23:06:41.1129262Z (Worker_DP0_TP1_EP1 pid=2054)   warnings.warn(
2026-03-06T23:06:41.1140374Z (Worker_DP0_TP4_EP4 pid=3725) /usr/local/python3.11.14/lib/python3.11/site-packages/torch_npu/dynamo/torchair/configs/compiler_config.py:106: UserWarning: The following torchair config or properties may not take effect or report error in reduce-overhead mode: config.experimental_config.enable_view_optimize:True, set_dim_gears, dynamo_export, scope, npu_print
2026-03-06T23:06:41.1149125Z (Worker_DP0_TP5_EP5 pid=4346) /usr/local/python3.11.14/lib/python3.11/site-packages/torch_npu/dynamo/torchair/configs/compiler_config.py:106: UserWarning: The following torchair config or properties may not take effect or report error in reduce-overhead mode: config.experimental_config.enable_view_optimize:True, set_dim_gears, dynamo_export, scope, npu_print
2026-03-06T23:06:41.1158555Z (Worker_DP0_TP2_EP2 pid=2612) /usr/local/python3.11.14/lib/python3.11/site-packages/torch_npu/dynamo/torchair/configs/compiler_config.py:106: UserWarning: The following torchair config or properties may not take effect or report error in reduce-overhead mode: config.experimental_config.enable_view_optimize:True, set_dim_gears, dynamo_export, scope, npu_print
2026-03-06T23:06:41.1165709Z (Worker_DP0_TP0_EP0 pid=1242)   warnings.warn(
2026-03-06T23:06:41.1174096Z (Worker_DP0_TP7_EP7 pid=5395)   warnings.warn(
2026-03-06T23:06:41.1182587Z (Worker_DP0_TP4_EP4 pid=3725)   warnings.warn(
2026-03-06T23:06:41.1190548Z (Worker_DP0_TP5_EP5 pid=4346)   warnings.warn(
2026-03-06T23:06:41.1198279Z (Worker_DP0_TP2_EP2 pid=2612)   warnings.warn(
2026-03-06T23:06:41.1208270Z (Worker_DP1_TP6_EP14 pid=4836) /usr/local/python3.11.14/lib/python3.11/site-packages/torch_npu/dynamo/torchair/configs/compiler_config.py:106: UserWarning: The following torchair config or properties may not take effect or report error in reduce-overhead mode: config.experimental_config.enable_view_optimize:True, set_dim_gears, dynamo_export, scope, npu_print
2026-03-06T23:06:41.1215961Z (Worker_DP1_TP6_EP14 pid=4836)   warnings.warn(
2026-03-06T23:06:41.1226378Z (Worker_DP1_TP0_EP8 pid=1243) /usr/local/python3.11.14/lib/python3.11/site-packages/torch_npu/dynamo/torchair/configs/compiler_config.py:106: UserWarning: The following torchair config or properties may not take effect or report error in reduce-overhead mode: config.experimental_config.enable_view_optimize:True, set_dim_gears, dynamo_export, scope, npu_print
2026-03-06T23:06:41.1232913Z (Worker_DP1_TP0_EP8 pid=1243)   warnings.warn(
2026-03-06T23:06:41.1243120Z (Worker_DP1_TP5_EP13 pid=4280) /usr/local/python3.11.14/lib/python3.11/site-packages/torch_npu/dynamo/torchair/configs/compiler_config.py:106: UserWarning: The following torchair config or properties may not take effect or report error in reduce-overhead mode: config.experimental_config.enable_view_optimize:True, set_dim_gears, dynamo_export, scope, npu_print
2026-03-06T23:06:41.1251824Z (Worker_DP1_TP4_EP12 pid=3724) /usr/local/python3.11.14/lib/python3.11/site-packages/torch_npu/dynamo/torchair/configs/compiler_config.py:106: UserWarning: The following torchair config or properties may not take effect or report error in reduce-overhead mode: config.experimental_config.enable_view_optimize:True, set_dim_gears, dynamo_export, scope, npu_print
2026-03-06T23:06:41.1258929Z (Worker_DP1_TP4_EP12 pid=3724)   warnings.warn(
2026-03-06T23:06:41.1267262Z (Worker_DP1_TP5_EP13 pid=4280)   warnings.warn(
2026-03-06T23:06:41.1277433Z (Worker_DP0_TP6_EP6 pid=4902) /usr/local/python3.11.14/lib/python3.11/site-packages/torch_npu/dynamo/torchair/configs/compiler_config.py:106: UserWarning: The following torchair config or properties may not take effect or report error in reduce-overhead mode: config.experimental_config.enable_view_optimize:True, set_dim_gears, dynamo_export, scope, npu_print
2026-03-06T23:06:41.1283813Z (Worker_DP0_TP6_EP6 pid=4902)   warnings.warn(
2026-03-06T23:06:41.1293581Z (Worker_DP1_TP7_EP15 pid=5392) /usr/local/python3.11.14/lib/python3.11/site-packages/torch_npu/dynamo/torchair/configs/compiler_config.py:106: UserWarning: The following torchair config or properties may not take effect or report error in reduce-overhead mode: config.experimental_config.enable_view_optimize:True, set_dim_gears, dynamo_export, scope, npu_print
2026-03-06T23:06:41.1300550Z (Worker_DP1_TP7_EP15 pid=5392)   warnings.warn(
2026-03-06T23:06:41.4383951Z (Worker_DP0_TP2_EP2 pid=2612) /usr/local/python3.11.14/lib/python3.11/site-packages/torch_npu/dynamo/torchair/configs/compiler_config.py:106: UserWarning: The following torchair config or properties may not take effect or report error in reduce-overhead mode: config.experimental_config.enable_view_optimize:True, set_dim_gears, dynamo_export, scope, npu_print
2026-03-06T23:06:41.4395124Z (Worker_DP0_TP1_EP1 pid=2054) /usr/local/python3.11.14/lib/python3.11/site-packages/torch_npu/dynamo/torchair/configs/compiler_config.py:106: UserWarning: The following torchair config or properties may not take effect or report error in reduce-overhead mode: config.experimental_config.enable_view_optimize:True, set_dim_gears, dynamo_export, scope, npu_print
2026-03-06T23:06:41.4404513Z (Worker_DP1_TP1_EP9 pid=2120) /usr/local/python3.11.14/lib/python3.11/site-packages/torch_npu/dynamo/torchair/configs/compiler_config.py:106: UserWarning: The following torchair config or properties may not take effect or report error in reduce-overhead mode: config.experimental_config.enable_view_optimize:True, set_dim_gears, dynamo_export, scope, npu_print
2026-03-06T23:06:41.4414002Z (Worker_DP1_TP0_EP8 pid=1243) /usr/local/python3.11.14/lib/python3.11/site-packages/torch_npu/dynamo/torchair/configs/compiler_config.py:106: UserWarning: The following torchair config or properties may not take effect or report error in reduce-overhead mode: config.experimental_config.enable_view_optimize:True, set_dim_gears, dynamo_export, scope, npu_print
2026-03-06T23:06:41.4423221Z (Worker_DP0_TP0_EP0 pid=1242) /usr/local/python3.11.14/lib/python3.11/site-packages/torch_npu/dynamo/torchair/configs/compiler_config.py:106: UserWarning: The following torchair config or properties may not take effect or report error in reduce-overhead mode: config.experimental_config.enable_view_optimize:True, set_dim_gears, dynamo_export, scope, npu_print
2026-03-06T23:06:41.4430524Z (Worker_DP0_TP1_EP1 pid=2054)   warnings.warn(
2026-03-06T23:06:41.4438824Z (Worker_DP0_TP2_EP2 pid=2612)   warnings.warn(
2026-03-06T23:06:41.4447416Z (Worker_DP1_TP1_EP9 pid=2120)   warnings.warn(
2026-03-06T23:06:41.4455825Z (Worker_DP1_TP0_EP8 pid=1243)   warnings.warn(
2026-03-06T23:06:41.4463684Z (Worker_DP0_TP0_EP0 pid=1242)   warnings.warn(
2026-03-06T23:06:41.4474424Z (Worker_DP1_TP2_EP10 pid=2615) /usr/local/python3.11.14/lib/python3.11/site-packages/torch_npu/dynamo/torchair/configs/compiler_config.py:106: UserWarning: The following torchair config or properties may not take effect or report error in reduce-overhead mode: config.experimental_config.enable_view_optimize:True, set_dim_gears, dynamo_export, scope, npu_print
2026-03-06T23:06:41.4482033Z (Worker_DP1_TP2_EP10 pid=2615)   warnings.warn(
2026-03-06T23:06:41.4492932Z (Worker_DP0_TP3_EP3 pid=3168) /usr/local/python3.11.14/lib/python3.11/site-packages/torch_npu/dynamo/torchair/configs/compiler_config.py:106: UserWarning: The following torchair config or properties may not take effect or report error in reduce-overhead mode: config.experimental_config.enable_view_optimize:True, set_dim_gears, dynamo_export, scope, npu_print
2026-03-06T23:06:41.4501943Z (Worker_DP1_TP5_EP13 pid=4280) /usr/local/python3.11.14/lib/python3.11/site-packages/torch_npu/dynamo/torchair/configs/compiler_config.py:106: UserWarning: The following torchair config or properties may not take effect or report error in reduce-overhead mode: config.experimental_config.enable_view_optimize:True, set_dim_gears, dynamo_export, scope, npu_print
2026-03-06T23:06:41.4510907Z (Worker_DP0_TP6_EP6 pid=4902) /usr/local/python3.11.14/lib/python3.11/site-packages/torch_npu/dynamo/torchair/configs/compiler_config.py:106: UserWarning: The following torchair config or properties may not take effect or report error in reduce-overhead mode: config.experimental_config.enable_view_optimize:True, set_dim_gears, dynamo_export, scope, npu_print
2026-03-06T23:06:41.4519750Z (Worker_DP1_TP4_EP12 pid=3724) /usr/local/python3.11.14/lib/python3.11/site-packages/torch_npu/dynamo/torchair/configs/compiler_config.py:106: UserWarning: The following torchair config or properties may not take effect or report error in reduce-overhead mode: config.experimental_config.enable_view_optimize:True, set_dim_gears, dynamo_export, scope, npu_print
2026-03-06T23:06:41.4526886Z (Worker_DP0_TP3_EP3 pid=3168)   warnings.warn(
2026-03-06T23:06:41.4536888Z (Worker_DP0_TP7_EP7 pid=5395) /usr/local/python3.11.14/lib/python3.11/site-packages/torch_npu/dynamo/torchair/configs/compiler_config.py:106: UserWarning: The following torchair config or properties may not take effect or report error in reduce-overhead mode: config.experimental_config.enable_view_optimize:True, set_dim_gears, dynamo_export, scope, npu_print
2026-03-06T23:06:41.4543572Z (Worker_DP1_TP5_EP13 pid=4280)   warnings.warn(
2026-03-06T23:06:41.4551817Z (Worker_DP0_TP6_EP6 pid=4902)   warnings.warn(
2026-03-06T23:06:41.4562110Z (Worker_DP1_TP3_EP11 pid=3170) /usr/local/python3.11.14/lib/python3.11/site-packages/torch_npu/dynamo/torchair/configs/compiler_config.py:106: UserWarning: The following torchair config or properties may not take effect or report error in reduce-overhead mode: config.experimental_config.enable_view_optimize:True, set_dim_gears, dynamo_export, scope, npu_print
2026-03-06T23:06:41.4569338Z (Worker_DP1_TP4_EP12 pid=3724)   warnings.warn(
2026-03-06T23:06:41.4580114Z (Worker_DP1_TP7_EP15 pid=5392) /usr/local/python3.11.14/lib/python3.11/site-packages/torch_npu/dynamo/torchair/configs/compiler_config.py:106: UserWarning: The following torchair config or properties may not take effect or report error in reduce-overhead mode: config.experimental_config.enable_view_optimize:True, set_dim_gears, dynamo_export, scope, npu_print
2026-03-06T23:06:41.4586291Z (Worker_DP0_TP7_EP7 pid=5395)   warnings.warn(
2026-03-06T23:06:41.4596804Z (Worker_DP0_TP5_EP5 pid=4346) /usr/local/python3.11.14/lib/python3.11/site-packages/torch_npu/dynamo/torchair/configs/compiler_config.py:106: UserWarning: The following torchair config or properties may not take effect or report error in reduce-overhead mode: config.experimental_config.enable_view_optimize:True, set_dim_gears, dynamo_export, scope, npu_print
2026-03-06T23:06:41.4605825Z (Worker_DP0_TP4_EP4 pid=3725) /usr/local/python3.11.14/lib/python3.11/site-packages/torch_npu/dynamo/torchair/configs/compiler_config.py:106: UserWarning: The following torchair config or properties may not take effect or report error in reduce-overhead mode: config.experimental_config.enable_view_optimize:True, set_dim_gears, dynamo_export, scope, npu_print
2026-03-06T23:06:41.4612454Z (Worker_DP1_TP3_EP11 pid=3170)   warnings.warn(
2026-03-06T23:06:41.4620847Z (Worker_DP1_TP7_EP15 pid=5392)   warnings.warn(
2026-03-06T23:06:41.4629051Z (Worker_DP0_TP5_EP5 pid=4346)   warnings.warn(
2026-03-06T23:06:41.4640310Z (Worker_DP1_TP6_EP14 pid=4836) /usr/local/python3.11.14/lib/python3.11/site-packages/torch_npu/dynamo/torchair/configs/compiler_config.py:106: UserWarning: The following torchair config or properties may not take effect or report error in reduce-overhead mode: config.experimental_config.enable_view_optimize:True, set_dim_gears, dynamo_export, scope, npu_print
2026-03-06T23:06:41.4646753Z (Worker_DP0_TP4_EP4 pid=3725)   warnings.warn(
2026-03-06T23:06:41.4654271Z (Worker_DP1_TP6_EP14 pid=4836)   warnings.warn(
2026-03-06T23:06:41.7733886Z (Worker_DP1_TP3_EP11 pid=3170) /usr/local/python3.11.14/lib/python3.11/site-packages/torch_npu/dynamo/torchair/configs/compiler_config.py:106: UserWarning: The following torchair config or properties may not take effect or report error in reduce-overhead mode: config.experimental_config.enable_view_optimize:True, set_dim_gears, dynamo_export, scope, npu_print
2026-03-06T23:06:41.7742323Z (Worker_DP0_TP5_EP5 pid=4346) /usr/local/python3.11.14/lib/python3.11/site-packages/torch_npu/dynamo/torchair/configs/compiler_config.py:106: UserWarning: The following torchair config or properties may not take effect or report error in reduce-overhead mode: config.experimental_config.enable_view_optimize:True, set_dim_gears, dynamo_export, scope, npu_print
2026-03-06T23:06:41.7752511Z (Worker_DP0_TP6_EP6 pid=4902) /usr/local/python3.11.14/lib/python3.11/site-packages/torch_npu/dynamo/torchair/configs/compiler_config.py:106: UserWarning: The following torchair config or properties may not take effect or report error in reduce-overhead mode: config.experimental_config.enable_view_optimize:True, set_dim_gears, dynamo_export, scope, npu_print
2026-03-06T23:06:41.7759356Z (Worker_DP1_TP3_EP11 pid=3170)   warnings.warn(
2026-03-06T23:06:41.7770556Z (Worker_DP0_TP4_EP4 pid=3725) /usr/local/python3.11.14/lib/python3.11/site-packages/torch_npu/dynamo/torchair/configs/compiler_config.py:106: UserWarning: The following torchair config or properties may not take effect or report error in reduce-overhead mode: config.experimental_config.enable_view_optimize:True, set_dim_gears, dynamo_export, scope, npu_print
2026-03-06T23:06:41.7777661Z (Worker_DP0_TP5_EP5 pid=4346)   warnings.warn(
2026-03-06T23:06:41.7786479Z (Worker_DP0_TP6_EP6 pid=4902)   warnings.warn(
2026-03-06T23:06:41.7795355Z (Worker_DP0_TP4_EP4 pid=3725)   warnings.warn(
2026-03-06T23:06:41.7805234Z (Worker_DP0_TP3_EP3 pid=3168) /usr/local/python3.11.14/lib/python3.11/site-packages/torch_npu/dynamo/torchair/configs/compiler_config.py:106: UserWarning: The following torchair config or properties may not take effect or report error in reduce-overhead mode: config.experimental_config.enable_view_optimize:True, set_dim_gears, dynamo_export, scope, npu_print
2026-03-06T23:06:41.7812992Z (Worker_DP0_TP3_EP3 pid=3168)   warnings.warn(
2026-03-06T23:06:41.7823433Z (Worker_DP0_TP7_EP7 pid=5395) /usr/local/python3.11.14/lib/python3.11/site-packages/torch_npu/dynamo/torchair/configs/compiler_config.py:106: UserWarning: The following torchair config or properties may not take effect or report error in reduce-overhead mode: config.experimental_config.enable_view_optimize:True, set_dim_gears, dynamo_export, scope, npu_print
2026-03-06T23:06:41.7833315Z (Worker_DP1_TP4_EP12 pid=3724) /usr/local/python3.11.14/lib/python3.11/site-packages/torch_npu/dynamo/torchair/configs/compiler_config.py:106: UserWarning: The following torchair config or properties may not take effect or report error in reduce-overhead mode: config.experimental_config.enable_view_optimize:True, set_dim_gears, dynamo_export, scope, npu_print
2026-03-06T23:06:41.7840324Z (Worker_DP0_TP7_EP7 pid=5395)   warnings.warn(
2026-03-06T23:06:41.7849486Z (Worker_DP1_TP4_EP12 pid=3724)   warnings.warn(
2026-03-06T23:06:41.7860068Z (Worker_DP1_TP7_EP15 pid=5392) /usr/local/python3.11.14/lib/python3.11/site-packages/torch_npu/dynamo/torchair/configs/compiler_config.py:106: UserWarning: The following torchair config or properties may not take effect or report error in reduce-overhead mode: config.experimental_config.enable_view_optimize:True, set_dim_gears, dynamo_export, scope, npu_print
2026-03-06T23:06:41.7868868Z (Worker_DP1_TP6_EP14 pid=4836) /usr/local/python3.11.14/lib/python3.11/site-packages/torch_npu/dynamo/torchair/configs/compiler_config.py:106: UserWarning: The following torchair config or properties may not take effect or report error in reduce-overhead mode: config.experimental_config.enable_view_optimize:True, set_dim_gears, dynamo_export, scope, npu_print
2026-03-06T23:06:41.7877932Z (Worker_DP1_TP5_EP13 pid=4280) /usr/local/python3.11.14/lib/python3.11/site-packages/torch_npu/dynamo/torchair/configs/compiler_config.py:106: UserWarning: The following torchair config or properties may not take effect or report error in reduce-overhead mode: config.experimental_config.enable_view_optimize:True, set_dim_gears, dynamo_export, scope, npu_print
2026-03-06T23:06:41.7885000Z (Worker_DP1_TP7_EP15 pid=5392)   warnings.warn(
2026-03-06T23:06:41.7893523Z (Worker_DP1_TP6_EP14 pid=4836)   warnings.warn(
2026-03-06T23:06:41.7901517Z (Worker_DP1_TP5_EP13 pid=4280)   warnings.warn(
2026-03-06T23:06:41.7912193Z (Worker_DP1_TP2_EP10 pid=2615) /usr/local/python3.11.14/lib/python3.11/site-packages/torch_npu/dynamo/torchair/configs/compiler_config.py:106: UserWarning: The following torchair config or properties may not take effect or report error in reduce-overhead mode: config.experimental_config.enable_view_optimize:True, set_dim_gears, dynamo_export, scope, npu_print
2026-03-06T23:06:41.7921583Z (Worker_DP0_TP2_EP2 pid=2612) /usr/local/python3.11.14/lib/python3.11/site-packages/torch_npu/dynamo/torchair/configs/compiler_config.py:106: UserWarning: The following torchair config or properties may not take effect or report error in reduce-overhead mode: config.experimental_config.enable_view_optimize:True, set_dim_gears, dynamo_export, scope, npu_print
2026-03-06T23:06:41.7928345Z (Worker_DP1_TP2_EP10 pid=2615)   warnings.warn(
2026-03-06T23:06:41.7936097Z (Worker_DP0_TP2_EP2 pid=2612)   warnings.warn(
2026-03-06T23:06:41.7946940Z (Worker_DP1_TP1_EP9 pid=2120) /usr/local/python3.11.14/lib/python3.11/site-packages/torch_npu/dynamo/torchair/configs/compiler_config.py:106: UserWarning: The following torchair config or properties may not take effect or report error in reduce-overhead mode: config.experimental_config.enable_view_optimize:True, set_dim_gears, dynamo_export, scope, npu_print
2026-03-06T23:06:41.7953467Z (Worker_DP1_TP1_EP9 pid=2120)   warnings.warn(
2026-03-06T23:06:41.7963813Z (Worker_DP1_TP0_EP8 pid=1243) /usr/local/python3.11.14/lib/python3.11/site-packages/torch_npu/dynamo/torchair/configs/compiler_config.py:106: UserWarning: The following torchair config or properties may not take effect or report error in reduce-overhead mode: config.experimental_config.enable_view_optimize:True, set_dim_gears, dynamo_export, scope, npu_print
2026-03-06T23:06:41.7970564Z (Worker_DP1_TP0_EP8 pid=1243)   warnings.warn(
2026-03-06T23:06:41.7981656Z (Worker_DP0_TP1_EP1 pid=2054) /usr/local/python3.11.14/lib/python3.11/site-packages/torch_npu/dynamo/torchair/configs/compiler_config.py:106: UserWarning: The following torchair config or properties may not take effect or report error in reduce-overhead mode: config.experimental_config.enable_view_optimize:True, set_dim_gears, dynamo_export, scope, npu_print
2026-03-06T23:06:41.7988561Z (Worker_DP0_TP1_EP1 pid=2054)   warnings.warn(
2026-03-06T23:06:41.7999749Z (Worker_DP0_TP0_EP0 pid=1242) /usr/local/python3.11.14/lib/python3.11/site-packages/torch_npu/dynamo/torchair/configs/compiler_config.py:106: UserWarning: The following torchair config or properties may not take effect or report error in reduce-overhead mode: config.experimental_config.enable_view_optimize:True, set_dim_gears, dynamo_export, scope, npu_print
2026-03-06T23:06:41.8006360Z (Worker_DP0_TP0_EP0 pid=1242)   warnings.warn(
2026-03-06T23:06:42.1066432Z (Worker_DP1_TP3_EP11 pid=3170) /usr/local/python3.11.14/lib/python3.11/site-packages/torch_npu/dynamo/torchair/configs/compiler_config.py:106: UserWarning: The following torchair config or properties may not take effect or report error in reduce-overhead mode: config.experimental_config.enable_view_optimize:True, set_dim_gears, dynamo_export, scope, npu_print
2026-03-06T23:06:42.1076132Z (Worker_DP1_TP4_EP12 pid=3724) /usr/local/python3.11.14/lib/python3.11/site-packages/torch_npu/dynamo/torchair/configs/compiler_config.py:106: UserWarning: The following torchair config or properties may not take effect or report error in reduce-overhead mode: config.experimental_config.enable_view_optimize:True, set_dim_gears, dynamo_export, scope, npu_print
2026-03-06T23:06:42.1084910Z (Worker_DP1_TP2_EP10 pid=2615) /usr/local/python3.11.14/lib/python3.11/site-packages/torch_npu/dynamo/torchair/configs/compiler_config.py:106: UserWarning: The following torchair config or properties may not take effect or report error in reduce-overhead mode: config.experimental_config.enable_view_optimize:True, set_dim_gears, dynamo_export, scope, npu_print
2026-03-06T23:06:42.1094652Z (Worker_DP0_TP7_EP7 pid=5395) /usr/local/python3.11.14/lib/python3.11/site-packages/torch_npu/dynamo/torchair/configs/compiler_config.py:106: UserWarning: The following torchair config or properties may not take effect or report error in reduce-overhead mode: config.experimental_config.enable_view_optimize:True, set_dim_gears, dynamo_export, scope, npu_print
2026-03-06T23:06:42.1103126Z (Worker_DP0_TP2_EP2 pid=2612) /usr/local/python3.11.14/lib/python3.11/site-packages/torch_npu/dynamo/torchair/configs/compiler_config.py:106: UserWarning: The following torchair config or properties may not take effect or report error in reduce-overhead mode: config.experimental_config.enable_view_optimize:True, set_dim_gears, dynamo_export, scope, npu_print
2026-03-06T23:06:42.1111991Z (Worker_DP0_TP3_EP3 pid=3168) /usr/local/python3.11.14/lib/python3.11/site-packages/torch_npu/dynamo/torchair/configs/compiler_config.py:106: UserWarning: The following torchair config or properties may not take effect or report error in reduce-overhead mode: config.experimental_config.enable_view_optimize:True, set_dim_gears, dynamo_export, scope, npu_print
2026-03-06T23:06:42.1119365Z (Worker_DP1_TP2_EP10 pid=2615)   warnings.warn(
2026-03-06T23:06:42.1130393Z (Worker_DP0_TP4_EP4 pid=3725) /usr/local/python3.11.14/lib/python3.11/site-packages/torch_npu/dynamo/torchair/configs/compiler_config.py:106: UserWarning: The following torchair config or properties may not take effect or report error in reduce-overhead mode: config.experimental_config.enable_view_optimize:True, set_dim_gears, dynamo_export, scope, npu_print
2026-03-06T23:06:42.1137798Z (Worker_DP0_TP7_EP7 pid=5395)   warnings.warn(
2026-03-06T23:06:42.1147124Z (Worker_DP1_TP3_EP11 pid=3170)   warnings.warn(
2026-03-06T23:06:42.1157635Z (Worker_DP1_TP7_EP15 pid=5392) /usr/local/python3.11.14/lib/python3.11/site-packages/torch_npu/dynamo/torchair/configs/compiler_config.py:106: UserWarning: The following torchair config or properties may not take effect or report error in reduce-overhead mode: config.experimental_config.enable_view_optimize:True, set_dim_gears, dynamo_export, scope, npu_print
2026-03-06T23:06:42.1164898Z (Worker_DP1_TP4_EP12 pid=3724)   warnings.warn(
2026-03-06T23:06:42.1173405Z (Worker_DP0_TP2_EP2 pid=2612)   warnings.warn(
2026-03-06T23:06:42.1181321Z (Worker_DP0_TP3_EP3 pid=3168)   warnings.warn(
2026-03-06T23:06:42.1191863Z (Worker_DP0_TP1_EP1 pid=2054) /usr/local/python3.11.14/lib/python3.11/site-packages/torch_npu/dynamo/torchair/configs/compiler_config.py:106: UserWarning: The following torchair config or properties may not take effect or report error in reduce-overhead mode: config.experimental_config.enable_view_optimize:True, set_dim_gears, dynamo_export, scope, npu_print
2026-03-06T23:06:42.1200315Z (Worker_DP0_TP0_EP0 pid=1242) /usr/local/python3.11.14/lib/python3.11/site-packages/torch_npu/dynamo/torchair/configs/compiler_config.py:106: UserWarning: The following torchair config or properties may not take effect or report error in reduce-overhead mode: config.experimental_config.enable_view_optimize:True, set_dim_gears, dynamo_export, scope, npu_print
2026-03-06T23:06:42.1207439Z (Worker_DP0_TP4_EP4 pid=3725)   warnings.warn(
2026-03-06T23:06:42.1218177Z (Worker_DP1_TP6_EP14 pid=4836) /usr/local/python3.11.14/lib/python3.11/site-packages/torch_npu/dynamo/torchair/configs/compiler_config.py:106: UserWarning: The following torchair config or properties may not take effect or report error in reduce-overhead mode: config.experimental_config.enable_view_optimize:True, set_dim_gears, dynamo_export, scope, npu_print
2026-03-06T23:06:42.1226711Z (Worker_DP1_TP1_EP9 pid=2120) /usr/local/python3.11.14/lib/python3.11/site-packages/torch_npu/dynamo/torchair/configs/compiler_config.py:106: UserWarning: The following torchair config or properties may not take effect or report error in reduce-overhead mode: config.experimental_config.enable_view_optimize:True, set_dim_gears, dynamo_export, scope, npu_print
2026-03-06T23:06:42.1233301Z (Worker_DP1_TP7_EP15 pid=5392)   warnings.warn(
2026-03-06T23:06:42.1243686Z (Worker_DP1_TP0_EP8 pid=1243) /usr/local/python3.11.14/lib/python3.11/site-packages/torch_npu/dynamo/torchair/configs/compiler_config.py:106: UserWarning: The following torchair config or properties may not take effect or report error in reduce-overhead mode: config.experimental_config.enable_view_optimize:True, set_dim_gears, dynamo_export, scope, npu_print
2026-03-06T23:06:42.1251024Z (Worker_DP0_TP0_EP0 pid=1242)   warnings.warn(
2026-03-06T23:06:42.1259455Z (Worker_DP0_TP1_EP1 pid=2054)   warnings.warn(
2026-03-06T23:06:42.1267700Z (Worker_DP1_TP6_EP14 pid=4836)   warnings.warn(
2026-03-06T23:06:42.1275868Z (Worker_DP1_TP1_EP9 pid=2120)   warnings.warn(
2026-03-06T23:06:42.1285784Z (Worker_DP1_TP5_EP13 pid=4280) /usr/local/python3.11.14/lib/python3.11/site-packages/torch_npu/dynamo/torchair/configs/compiler_config.py:106: UserWarning: The following torchair config or properties may not take effect or report error in reduce-overhead mode: config.experimental_config.enable_view_optimize:True, set_dim_gears, dynamo_export, scope, npu_print
2026-03-06T23:06:42.1292460Z (Worker_DP1_TP0_EP8 pid=1243)   warnings.warn(
2026-03-06T23:06:42.1300435Z (Worker_DP1_TP5_EP13 pid=4280)   warnings.warn(
2026-03-06T23:06:42.1310270Z (Worker_DP0_TP5_EP5 pid=4346) /usr/local/python3.11.14/lib/python3.11/site-packages/torch_npu/dynamo/torchair/configs/compiler_config.py:106: UserWarning: The following torchair config or properties may not take effect or report error in reduce-overhead mode: config.experimental_config.enable_view_optimize:True, set_dim_gears, dynamo_export, scope, npu_print
2026-03-06T23:06:42.1317122Z (Worker_DP0_TP5_EP5 pid=4346)   warnings.warn(
2026-03-06T23:06:42.1326915Z (Worker_DP0_TP6_EP6 pid=4902) /usr/local/python3.11.14/lib/python3.11/site-packages/torch_npu/dynamo/torchair/configs/compiler_config.py:106: UserWarning: The following torchair config or properties may not take effect or report error in reduce-overhead mode: config.experimental_config.enable_view_optimize:True, set_dim_gears, dynamo_export, scope, npu_print
2026-03-06T23:06:42.1333844Z (Worker_DP0_TP6_EP6 pid=4902)   warnings.warn(
2026-03-06T23:06:42.4385477Z (Worker_DP0_TP0_EP0 pid=1242) /usr/local/python3.11.14/lib/python3.11/site-packages/torch_npu/dynamo/torchair/configs/compiler_config.py:106: UserWarning: The following torchair config or properties may not take effect or report error in reduce-overhead mode: config.experimental_config.enable_view_optimize:True, set_dim_gears, dynamo_export, scope, npu_print
2026-03-06T23:06:42.4395152Z (Worker_DP0_TP1_EP1 pid=2054) /usr/local/python3.11.14/lib/python3.11/site-packages/torch_npu/dynamo/torchair/configs/compiler_config.py:106: UserWarning: The following torchair config or properties may not take effect or report error in reduce-overhead mode: config.experimental_config.enable_view_optimize:True, set_dim_gears, dynamo_export, scope, npu_print
2026-03-06T23:06:42.4405795Z (Worker_DP1_TP2_EP10 pid=2615) /usr/local/python3.11.14/lib/python3.11/site-packages/torch_npu/dynamo/torchair/configs/compiler_config.py:106: UserWarning: The following torchair config or properties may not take effect or report error in reduce-overhead mode: config.experimental_config.enable_view_optimize:True, set_dim_gears, dynamo_export, scope, npu_print
2026-03-06T23:06:42.4415617Z (Worker_DP0_TP6_EP6 pid=4902) /usr/local/python3.11.14/lib/python3.11/site-packages/torch_npu/dynamo/torchair/configs/compiler_config.py:106: UserWarning: The following torchair config or properties may not take effect or report error in reduce-overhead mode: config.experimental_config.enable_view_optimize:True, set_dim_gears, dynamo_export, scope, npu_print
2026-03-06T23:06:42.4422462Z (Worker_DP0_TP1_EP1 pid=2054)   warnings.warn(
2026-03-06T23:06:42.4430770Z (Worker_DP0_TP0_EP0 pid=1242)   warnings.warn(
2026-03-06T23:06:42.4439427Z (Worker_DP1_TP2_EP10 pid=2615)   warnings.warn(
2026-03-06T23:06:42.4448244Z (Worker_DP0_TP6_EP6 pid=4902)   warnings.warn(
2026-03-06T23:06:42.4458941Z (Worker_DP0_TP5_EP5 pid=4346) /usr/local/python3.11.14/lib/python3.11/site-packages/torch_npu/dynamo/torchair/configs/compiler_config.py:106: UserWarning: The following torchair config or properties may not take effect or report error in reduce-overhead mode: config.experimental_config.enable_view_optimize:True, set_dim_gears, dynamo_export, scope, npu_print
2026-03-06T23:06:42.4467587Z (Worker_DP1_TP0_EP8 pid=1243) /usr/local/python3.11.14/lib/python3.11/site-packages/torch_npu/dynamo/torchair/configs/compiler_config.py:106: UserWarning: The following torchair config or properties may not take effect or report error in reduce-overhead mode: config.experimental_config.enable_view_optimize:True, set_dim_gears, dynamo_export, scope, npu_print
2026-03-06T23:06:42.4475026Z (Worker_DP0_TP5_EP5 pid=4346)   warnings.warn(
2026-03-06T23:06:42.4482771Z (Worker_DP1_TP0_EP8 pid=1243)   warnings.warn(
2026-03-06T23:06:42.4493226Z (Worker_DP0_TP4_EP4 pid=3725) /usr/local/python3.11.14/lib/python3.11/site-packages/torch_npu/dynamo/torchair/configs/compiler_config.py:106: UserWarning: The following torchair config or properties may not take effect or report error in reduce-overhead mode: config.experimental_config.enable_view_optimize:True, set_dim_gears, dynamo_export, scope, npu_print
2026-03-06T23:06:42.4502166Z (Worker_DP1_TP4_EP12 pid=3724) /usr/local/python3.11.14/lib/python3.11/site-packages/torch_npu/dynamo/torchair/configs/compiler_config.py:106: UserWarning: The following torchair config or properties may not take effect or report error in reduce-overhead mode: config.experimental_config.enable_view_optimize:True, set_dim_gears, dynamo_export, scope, npu_print
2026-03-06T23:06:42.4510891Z (Worker_DP1_TP5_EP13 pid=4280) /usr/local/python3.11.14/lib/python3.11/site-packages/torch_npu/dynamo/torchair/configs/compiler_config.py:106: UserWarning: The following torchair config or properties may not take effect or report error in reduce-overhead mode: config.experimental_config.enable_view_optimize:True, set_dim_gears, dynamo_export, scope, npu_print
2026-03-06T23:06:42.4520452Z (Worker_DP1_TP3_EP11 pid=3170) /usr/local/python3.11.14/lib/python3.11/site-packages/torch_npu/dynamo/torchair/configs/compiler_config.py:106: UserWarning: The following torchair config or properties may not take effect or report error in reduce-overhead mode: config.experimental_config.enable_view_optimize:True, set_dim_gears, dynamo_export, scope, npu_print
2026-03-06T23:06:42.4528941Z (Worker_DP1_TP7_EP15 pid=5392) /usr/local/python3.11.14/lib/python3.11/site-packages/torch_npu/dynamo/torchair/configs/compiler_config.py:106: UserWarning: The following torchair config or properties may not take effect or report error in reduce-overhead mode: config.experimental_config.enable_view_optimize:True, set_dim_gears, dynamo_export, scope, npu_print
2026-03-06T23:06:42.4538497Z (Worker_DP1_TP6_EP14 pid=4836) /usr/local/python3.11.14/lib/python3.11/site-packages/torch_npu/dynamo/torchair/configs/compiler_config.py:106: UserWarning: The following torchair config or properties may not take effect or report error in reduce-overhead mode: config.experimental_config.enable_view_optimize:True, set_dim_gears, dynamo_export, scope, npu_print
2026-03-06T23:06:42.4545039Z (Worker_DP1_TP4_EP12 pid=3724)   warnings.warn(
2026-03-06T23:06:42.4553911Z (Worker_DP1_TP5_EP13 pid=4280)   warnings.warn(
2026-03-06T23:06:42.4561300Z (Worker_DP0_TP4_EP4 pid=3725)   warnings.warn(
2026-03-06T23:06:42.4569927Z (Worker_DP1_TP3_EP11 pid=3170)   warnings.warn(
2026-03-06T23:06:42.4577935Z (Worker_DP1_TP7_EP15 pid=5392)   warnings.warn(
2026-03-06T23:06:42.4586307Z (Worker_DP1_TP6_EP14 pid=4836)   warnings.warn(
2026-03-06T23:06:42.4597217Z (Worker_DP0_TP7_EP7 pid=5395) /usr/local/python3.11.14/lib/python3.11/site-packages/torch_npu/dynamo/torchair/configs/compiler_config.py:106: UserWarning: The following torchair config or properties may not take effect or report error in reduce-overhead mode: config.experimental_config.enable_view_optimize:True, set_dim_gears, dynamo_export, scope, npu_print
2026-03-06T23:06:42.4603940Z (Worker_DP0_TP7_EP7 pid=5395)   warnings.warn(
2026-03-06T23:06:42.4614425Z (Worker_DP0_TP3_EP3 pid=3168) /usr/local/python3.11.14/lib/python3.11/site-packages/torch_npu/dynamo/torchair/configs/compiler_config.py:106: UserWarning: The following torchair config or properties may not take effect or report error in reduce-overhead mode: config.experimental_config.enable_view_optimize:True, set_dim_gears, dynamo_export, scope, npu_print
2026-03-06T23:06:42.4621411Z (Worker_DP0_TP3_EP3 pid=3168)   warnings.warn(
2026-03-06T23:06:42.4631739Z (Worker_DP0_TP2_EP2 pid=2612) /usr/local/python3.11.14/lib/python3.11/site-packages/torch_npu/dynamo/torchair/configs/compiler_config.py:106: UserWarning: The following torchair config or properties may not take effect or report error in reduce-overhead mode: config.experimental_config.enable_view_optimize:True, set_dim_gears, dynamo_export, scope, npu_print
2026-03-06T23:06:42.4638644Z (Worker_DP0_TP2_EP2 pid=2612)   warnings.warn(
2026-03-06T23:06:42.4648633Z (Worker_DP1_TP1_EP9 pid=2120) /usr/local/python3.11.14/lib/python3.11/site-packages/torch_npu/dynamo/torchair/configs/compiler_config.py:106: UserWarning: The following torchair config or properties may not take effect or report error in reduce-overhead mode: config.experimental_config.enable_view_optimize:True, set_dim_gears, dynamo_export, scope, npu_print
2026-03-06T23:06:42.4655388Z (Worker_DP1_TP1_EP9 pid=2120)   warnings.warn(
2026-03-06T23:06:42.7812822Z (Worker_DP0_TP7_EP7 pid=5395) /usr/local/python3.11.14/lib/python3.11/site-packages/torch_npu/dynamo/torchair/configs/compiler_config.py:106: UserWarning: The following torchair config or properties may not take effect or report error in reduce-overhead mode: config.experimental_config.enable_view_optimize:True, set_dim_gears, dynamo_export, scope, npu_print
2026-03-06T23:06:42.7820211Z (Worker_DP0_TP7_EP7 pid=5395)   warnings.warn(
2026-03-06T23:06:42.7831919Z (Worker_DP0_TP0_EP0 pid=1242) /usr/local/python3.11.14/lib/python3.11/site-packages/torch_npu/dynamo/torchair/configs/compiler_config.py:106: UserWarning: The following torchair config or properties may not take effect or report error in reduce-overhead mode: config.experimental_config.enable_view_optimize:True, set_dim_gears, dynamo_export, scope, npu_print
2026-03-06T23:06:42.7839241Z (Worker_DP0_TP0_EP0 pid=1242)   warnings.warn(
2026-03-06T23:06:42.7849536Z (Worker_DP0_TP1_EP1 pid=2054) /usr/local/python3.11.14/lib/python3.11/site-packages/torch_npu/dynamo/torchair/configs/compiler_config.py:106: UserWarning: The following torchair config or properties may not take effect or report error in reduce-overhead mode: config.experimental_config.enable_view_optimize:True, set_dim_gears, dynamo_export, scope, npu_print
2026-03-06T23:06:42.7857357Z (Worker_DP0_TP1_EP1 pid=2054)   warnings.warn(
2026-03-06T23:06:42.7867681Z (Worker_DP1_TP4_EP12 pid=3724) /usr/local/python3.11.14/lib/python3.11/site-packages/torch_npu/dynamo/torchair/configs/compiler_config.py:106: UserWarning: The following torchair config or properties may not take effect or report error in reduce-overhead mode: config.experimental_config.enable_view_optimize:True, set_dim_gears, dynamo_export, scope, npu_print
2026-03-06T23:06:42.7877975Z (Worker_DP1_TP5_EP13 pid=4280) /usr/local/python3.11.14/lib/python3.11/site-packages/torch_npu/dynamo/torchair/configs/compiler_config.py:106: UserWarning: The following torchair config or properties may not take effect or report error in reduce-overhead mode: config.experimental_config.enable_view_optimize:True, set_dim_gears, dynamo_export, scope, npu_print
2026-03-06T23:06:42.7886506Z (Worker_DP1_TP7_EP15 pid=5392) /usr/local/python3.11.14/lib/python3.11/site-packages/torch_npu/dynamo/torchair/configs/compiler_config.py:106: UserWarning: The following torchair config or properties may not take effect or report error in reduce-overhead mode: config.experimental_config.enable_view_optimize:True, set_dim_gears, dynamo_export, scope, npu_print
2026-03-06T23:06:42.7893625Z (Worker_DP1_TP4_EP12 pid=3724)   warnings.warn(
2026-03-06T23:06:42.7901885Z (Worker_DP1_TP5_EP13 pid=4280)   warnings.warn(
2026-03-06T23:06:42.7910534Z (Worker_DP1_TP7_EP15 pid=5392)   warnings.warn(
2026-03-06T23:06:42.7921732Z (Worker_DP1_TP6_EP14 pid=4836) /usr/local/python3.11.14/lib/python3.11/site-packages/torch_npu/dynamo/torchair/configs/compiler_config.py:106: UserWarning: The following torchair config or properties may not take effect or report error in reduce-overhead mode: config.experimental_config.enable_view_optimize:True, set_dim_gears, dynamo_export, scope, npu_print
2026-03-06T23:06:42.7928724Z (Worker_DP1_TP6_EP14 pid=4836)   warnings.warn(
2026-03-06T23:06:42.7939412Z (Worker_DP0_TP6_EP6 pid=4902) /usr/local/python3.11.14/lib/python3.11/site-packages/torch_npu/dynamo/torchair/configs/compiler_config.py:106: UserWarning: The following torchair config or properties may not take effect or report error in reduce-overhead mode: config.experimental_config.enable_view_optimize:True, set_dim_gears, dynamo_export, scope, npu_print
2026-03-06T23:06:42.7946768Z (Worker_DP0_TP6_EP6 pid=4902)   warnings.warn(
2026-03-06T23:06:42.7956883Z (Worker_DP1_TP0_EP8 pid=1243) /usr/local/python3.11.14/lib/python3.11/site-packages/torch_npu/dynamo/torchair/configs/compiler_config.py:106: UserWarning: The following torchair config or properties may not take effect or report error in reduce-overhead mode: config.experimental_config.enable_view_optimize:True, set_dim_gears, dynamo_export, scope, npu_print
2026-03-06T23:06:42.7963438Z (Worker_DP1_TP0_EP8 pid=1243)   warnings.warn(
2026-03-06T23:06:42.7973563Z (Worker_DP0_TP3_EP3 pid=3168) /usr/local/python3.11.14/lib/python3.11/site-packages/torch_npu/dynamo/torchair/configs/compiler_config.py:106: UserWarning: The following torchair config or properties may not take effect or report error in reduce-overhead mode: config.experimental_config.enable_view_optimize:True, set_dim_gears, dynamo_export, scope, npu_print
2026-03-06T23:06:42.7980612Z (Worker_DP0_TP3_EP3 pid=3168)   warnings.warn(
2026-03-06T23:06:42.7990951Z (Worker_DP1_TP2_EP10 pid=2615) /usr/local/python3.11.14/lib/python3.11/site-packages/torch_npu/dynamo/torchair/configs/compiler_config.py:106: UserWarning: The following torchair config or properties may not take effect or report error in reduce-overhead mode: config.experimental_config.enable_view_optimize:True, set_dim_gears, dynamo_export, scope, npu_print
2026-03-06T23:06:42.7998815Z (Worker_DP1_TP2_EP10 pid=2615)   warnings.warn(
2026-03-06T23:06:42.8008424Z (Worker_DP0_TP2_EP2 pid=2612) /usr/local/python3.11.14/lib/python3.11/site-packages/torch_npu/dynamo/torchair/configs/compiler_config.py:106: UserWarning: The following torchair config or properties may not take effect or report error in reduce-overhead mode: config.experimental_config.enable_view_optimize:True, set_dim_gears, dynamo_export, scope, npu_print
2026-03-06T23:06:42.8015499Z (Worker_DP0_TP2_EP2 pid=2612)   warnings.warn(
2026-03-06T23:06:42.8025669Z (Worker_DP0_TP5_EP5 pid=4346) /usr/local/python3.11.14/lib/python3.11/site-packages/torch_npu/dynamo/torchair/configs/compiler_config.py:106: UserWarning: The following torchair config or properties may not take effect or report error in reduce-overhead mode: config.experimental_config.enable_view_optimize:True, set_dim_gears, dynamo_export, scope, npu_print
2026-03-06T23:06:42.8032781Z (Worker_DP0_TP5_EP5 pid=4346)   warnings.warn(
2026-03-06T23:06:42.8043804Z (Worker_DP0_TP4_EP4 pid=3725) /usr/local/python3.11.14/lib/python3.11/site-packages/torch_npu/dynamo/torchair/configs/compiler_config.py:106: UserWarning: The following torchair config or properties may not take effect or report error in reduce-overhead mode: config.experimental_config.enable_view_optimize:True, set_dim_gears, dynamo_export, scope, npu_print
2026-03-06T23:06:42.8050944Z (Worker_DP0_TP4_EP4 pid=3725)   warnings.warn(
2026-03-06T23:06:42.8061474Z (Worker_DP1_TP3_EP11 pid=3170) /usr/local/python3.11.14/lib/python3.11/site-packages/torch_npu/dynamo/torchair/configs/compiler_config.py:106: UserWarning: The following torchair config or properties may not take effect or report error in reduce-overhead mode: config.experimental_config.enable_view_optimize:True, set_dim_gears, dynamo_export, scope, npu_print
2026-03-06T23:06:42.8068006Z (Worker_DP1_TP3_EP11 pid=3170)   warnings.warn(
2026-03-06T23:06:42.8078390Z (Worker_DP1_TP1_EP9 pid=2120) /usr/local/python3.11.14/lib/python3.11/site-packages/torch_npu/dynamo/torchair/configs/compiler_config.py:106: UserWarning: The following torchair config or properties may not take effect or report error in reduce-overhead mode: config.experimental_config.enable_view_optimize:True, set_dim_gears, dynamo_export, scope, npu_print
2026-03-06T23:06:42.8085160Z (Worker_DP1_TP1_EP9 pid=2120)   warnings.warn(
2026-03-06T23:06:43.1163661Z (Worker_DP1_TP3_EP11 pid=3170) /usr/local/python3.11.14/lib/python3.11/site-packages/torch_npu/dynamo/torchair/configs/compiler_config.py:106: UserWarning: The following torchair config or properties may not take effect or report error in reduce-overhead mode: config.experimental_config.enable_view_optimize:True, set_dim_gears, dynamo_export, scope, npu_print
2026-03-06T23:06:43.1173374Z (Worker_DP1_TP4_EP12 pid=3724) /usr/local/python3.11.14/lib/python3.11/site-packages/torch_npu/dynamo/torchair/configs/compiler_config.py:106: UserWarning: The following torchair config or properties may not take effect or report error in reduce-overhead mode: config.experimental_config.enable_view_optimize:True, set_dim_gears, dynamo_export, scope, npu_print
2026-03-06T23:06:43.1182557Z (Worker_DP1_TP2_EP10 pid=2615) /usr/local/python3.11.14/lib/python3.11/site-packages/torch_npu/dynamo/torchair/configs/compiler_config.py:106: UserWarning: The following torchair config or properties may not take effect or report error in reduce-overhead mode: config.experimental_config.enable_view_optimize:True, set_dim_gears, dynamo_export, scope, npu_print
2026-03-06T23:06:43.1191994Z (Worker_DP0_TP5_EP5 pid=4346) /usr/local/python3.11.14/lib/python3.11/site-packages/torch_npu/dynamo/torchair/configs/compiler_config.py:106: UserWarning: The following torchair config or properties may not take effect or report error in reduce-overhead mode: config.experimental_config.enable_view_optimize:True, set_dim_gears, dynamo_export, scope, npu_print
2026-03-06T23:06:43.1201805Z (Worker_DP0_TP4_EP4 pid=3725) /usr/local/python3.11.14/lib/python3.11/site-packages/torch_npu/dynamo/torchair/configs/compiler_config.py:106: UserWarning: The following torchair config or properties may not take effect or report error in reduce-overhead mode: config.experimental_config.enable_view_optimize:True, set_dim_gears, dynamo_export, scope, npu_print
2026-03-06T23:06:43.1211221Z (Worker_DP0_TP2_EP2 pid=2612) /usr/local/python3.11.14/lib/python3.11/site-packages/torch_npu/dynamo/torchair/configs/compiler_config.py:106: UserWarning: The following torchair config or properties may not take effect or report error in reduce-overhead mode: config.experimental_config.enable_view_optimize:True, set_dim_gears, dynamo_export, scope, npu_print
2026-03-06T23:06:43.1219099Z (Worker_DP1_TP2_EP10 pid=2615)   warnings.warn(
2026-03-06T23:06:43.1230101Z (Worker_DP0_TP1_EP1 pid=2054) /usr/local/python3.11.14/lib/python3.11/site-packages/torch_npu/dynamo/torchair/configs/compiler_config.py:106: UserWarning: The following torchair config or properties may not take effect or report error in reduce-overhead mode: config.experimental_config.enable_view_optimize:True, set_dim_gears, dynamo_export, scope, npu_print
2026-03-06T23:06:43.1238576Z (Worker_DP1_TP1_EP9 pid=2120) /usr/local/python3.11.14/lib/python3.11/site-packages/torch_npu/dynamo/torchair/configs/compiler_config.py:106: UserWarning: The following torchair config or properties may not take effect or report error in reduce-overhead mode: config.experimental_config.enable_view_optimize:True, set_dim_gears, dynamo_export, scope, npu_print
2026-03-06T23:06:43.1245765Z (Worker_DP1_TP3_EP11 pid=3170)   warnings.warn(
2026-03-06T23:06:43.1256411Z (Worker_DP1_TP5_EP13 pid=4280) /usr/local/python3.11.14/lib/python3.11/site-packages/torch_npu/dynamo/torchair/configs/compiler_config.py:106: UserWarning: The following torchair config or properties may not take effect or report error in reduce-overhead mode: config.experimental_config.enable_view_optimize:True, set_dim_gears, dynamo_export, scope, npu_print
2026-03-06T23:06:43.1265582Z (Worker_DP1_TP6_EP14 pid=4836) /usr/local/python3.11.14/lib/python3.11/site-packages/torch_npu/dynamo/torchair/configs/compiler_config.py:106: UserWarning: The following torchair config or properties may not take effect or report error in reduce-overhead mode: config.experimental_config.enable_view_optimize:True, set_dim_gears, dynamo_export, scope, npu_print
2026-03-06T23:06:43.1272752Z (Worker_DP1_TP4_EP12 pid=3724)   warnings.warn(
2026-03-06T23:06:43.1283185Z (Worker_DP0_TP7_EP7 pid=5395) /usr/local/python3.11.14/lib/python3.11/site-packages/torch_npu/dynamo/torchair/configs/compiler_config.py:106: UserWarning: The following torchair config or properties may not take effect or report error in reduce-overhead mode: config.experimental_config.enable_view_optimize:True, set_dim_gears, dynamo_export, scope, npu_print
2026-03-06T23:06:43.1291950Z (Worker_DP1_TP7_EP15 pid=5392) /usr/local/python3.11.14/lib/python3.11/site-packages/torch_npu/dynamo/torchair/configs/compiler_config.py:106: UserWarning: The following torchair config or properties may not take effect or report error in reduce-overhead mode: config.experimental_config.enable_view_optimize:True, set_dim_gears, dynamo_export, scope, npu_print
2026-03-06T23:06:43.1301613Z (Worker_DP0_TP0_EP0 pid=1242) /usr/local/python3.11.14/lib/python3.11/site-packages/torch_npu/dynamo/torchair/configs/compiler_config.py:106: UserWarning: The following torchair config or properties may not take effect or report error in reduce-overhead mode: config.experimental_config.enable_view_optimize:True, set_dim_gears, dynamo_export, scope, npu_print
2026-03-06T23:06:43.1310173Z (Worker_DP0_TP6_EP6 pid=4902) /usr/local/python3.11.14/lib/python3.11/site-packages/torch_npu/dynamo/torchair/configs/compiler_config.py:106: UserWarning: The following torchair config or properties may not take effect or report error in reduce-overhead mode: config.experimental_config.enable_view_optimize:True, set_dim_gears, dynamo_export, scope, npu_print
2026-03-06T23:06:43.1317341Z (Worker_DP0_TP5_EP5 pid=4346)   warnings.warn(
2026-03-06T23:06:43.1325272Z (Worker_DP0_TP7_EP7 pid=5395)   warnings.warn(
2026-03-06T23:06:43.1334941Z (Worker_DP0_TP3_EP3 pid=3168) /usr/local/python3.11.14/lib/python3.11/site-packages/torch_npu/dynamo/torchair/configs/compiler_config.py:106: UserWarning: The following torchair config or properties may not take effect or report error in reduce-overhead mode: config.experimental_config.enable_view_optimize:True, set_dim_gears, dynamo_export, scope, npu_print
2026-03-06T23:06:43.1341883Z (Worker_DP0_TP4_EP4 pid=3725)   warnings.warn(
2026-03-06T23:06:43.1350010Z (Worker_DP0_TP3_EP3 pid=3168)   warnings.warn(
2026-03-06T23:06:43.1358674Z (Worker_DP0_TP2_EP2 pid=2612)   warnings.warn(
2026-03-06T23:06:43.1370602Z (Worker_DP1_TP0_EP8 pid=1243) /usr/local/python3.11.14/lib/python3.11/site-packages/torch_npu/dynamo/torchair/configs/compiler_config.py:106: UserWarning: The following torchair config or properties may not take effect or report error in reduce-overhead mode: config.experimental_config.enable_view_optimize:True, set_dim_gears, dynamo_export, scope, npu_print
2026-03-06T23:06:43.1376146Z (Worker_DP0_TP1_EP1 pid=2054)   warnings.warn(
2026-03-06T23:06:43.1384168Z (Worker_DP1_TP1_EP9 pid=2120)   warnings.warn(
2026-03-06T23:06:43.1392144Z (Worker_DP1_TP5_EP13 pid=4280)   warnings.warn(
2026-03-06T23:06:43.1400709Z (Worker_DP1_TP6_EP14 pid=4836)   warnings.warn(
2026-03-06T23:06:43.1409464Z (Worker_DP1_TP7_EP15 pid=5392)   warnings.warn(
2026-03-06T23:06:43.1418131Z (Worker_DP0_TP0_EP0 pid=1242)   warnings.warn(
2026-03-06T23:06:43.1426171Z (Worker_DP0_TP6_EP6 pid=4902)   warnings.warn(
2026-03-06T23:06:43.1434459Z (Worker_DP1_TP0_EP8 pid=1243)   warnings.warn(
2026-03-06T23:06:43.4531870Z (Worker_DP0_TP5_EP5 pid=4346) /usr/local/python3.11.14/lib/python3.11/site-packages/torch_npu/dynamo/torchair/configs/compiler_config.py:106: UserWarning: The following torchair config or properties may not take effect or report error in reduce-overhead mode: config.experimental_config.enable_view_optimize:True, set_dim_gears, dynamo_export, scope, npu_print
2026-03-06T23:06:43.4538411Z (Worker_DP0_TP5_EP5 pid=4346)   warnings.warn(
2026-03-06T23:06:43.4549406Z (Worker_DP1_TP4_EP12 pid=3724) /usr/local/python3.11.14/lib/python3.11/site-packages/torch_npu/dynamo/torchair/configs/compiler_config.py:106: UserWarning: The following torchair config or properties may not take effect or report error in reduce-overhead mode: config.experimental_config.enable_view_optimize:True, set_dim_gears, dynamo_export, scope, npu_print
2026-03-06T23:06:43.4559544Z (Worker_DP0_TP2_EP2 pid=2612) /usr/local/python3.11.14/lib/python3.11/site-packages/torch_npu/dynamo/torchair/configs/compiler_config.py:106: UserWarning: The following torchair config or properties may not take effect or report error in reduce-overhead mode: config.experimental_config.enable_view_optimize:True, set_dim_gears, dynamo_export, scope, npu_print
2026-03-06T23:06:43.4568134Z (Worker_DP0_TP3_EP3 pid=3168) /usr/local/python3.11.14/lib/python3.11/site-packages/torch_npu/dynamo/torchair/configs/compiler_config.py:106: UserWarning: The following torchair config or properties may not take effect or report error in reduce-overhead mode: config.experimental_config.enable_view_optimize:True, set_dim_gears, dynamo_export, scope, npu_print
2026-03-06T23:06:43.4577584Z (Worker_DP0_TP4_EP4 pid=3725) /usr/local/python3.11.14/lib/python3.11/site-packages/torch_npu/dynamo/torchair/configs/compiler_config.py:106: UserWarning: The following torchair config or properties may not take effect or report error in reduce-overhead mode: config.experimental_config.enable_view_optimize:True, set_dim_gears, dynamo_export, scope, npu_print
2026-03-06T23:06:43.4584503Z (Worker_DP1_TP4_EP12 pid=3724)   warnings.warn(
2026-03-06T23:06:43.4592930Z (Worker_DP0_TP2_EP2 pid=2612)   warnings.warn(
2026-03-06T23:06:43.4601324Z (Worker_DP0_TP3_EP3 pid=3168)   warnings.warn(
2026-03-06T23:06:43.4610285Z (Worker_DP0_TP4_EP4 pid=3725)   warnings.warn(
2026-03-06T23:06:43.4620477Z (Worker_DP0_TP1_EP1 pid=2054) /usr/local/python3.11.14/lib/python3.11/site-packages/torch_npu/dynamo/torchair/configs/compiler_config.py:106: UserWarning: The following torchair config or properties may not take effect or report error in reduce-overhead mode: config.experimental_config.enable_view_optimize:True, set_dim_gears, dynamo_export, scope, npu_print
2026-03-06T23:06:43.4629470Z (Worker_DP1_TP1_EP9 pid=2120) /usr/local/python3.11.14/lib/python3.11/site-packages/torch_npu/dynamo/torchair/configs/compiler_config.py:106: UserWarning: The following torchair config or properties may not take effect or report error in reduce-overhead mode: config.experimental_config.enable_view_optimize:True, set_dim_gears, dynamo_export, scope, npu_print
2026-03-06T23:06:43.4639095Z (Worker_DP1_TP0_EP8 pid=1243) /usr/local/python3.11.14/lib/python3.11/site-packages/torch_npu/dynamo/torchair/configs/compiler_config.py:106: UserWarning: The following torchair config or properties may not take effect or report error in reduce-overhead mode: config.experimental_config.enable_view_optimize:True, set_dim_gears, dynamo_export, scope, npu_print
2026-03-06T23:06:43.4645991Z (Worker_DP0_TP1_EP1 pid=2054)   warnings.warn(
2026-03-06T23:06:43.4656191Z (Worker_DP1_TP7_EP15 pid=5392) /usr/local/python3.11.14/lib/python3.11/site-packages/torch_npu/dynamo/torchair/configs/compiler_config.py:106: UserWarning: The following torchair config or properties may not take effect or report error in reduce-overhead mode: config.experimental_config.enable_view_optimize:True, set_dim_gears, dynamo_export, scope, npu_print
2026-03-06T23:06:43.4662885Z (Worker_DP1_TP1_EP9 pid=2120)   warnings.warn(
2026-03-06T23:06:43.4671814Z (Worker_DP1_TP0_EP8 pid=1243)   warnings.warn(
2026-03-06T23:06:43.4680689Z (Worker_DP1_TP7_EP15 pid=5392)   warnings.warn(
2026-03-06T23:06:43.4692169Z (Worker_DP1_TP2_EP10 pid=2615) /usr/local/python3.11.14/lib/python3.11/site-packages/torch_npu/dynamo/torchair/configs/compiler_config.py:106: UserWarning: The following torchair config or properties may not take effect or report error in reduce-overhead mode: config.experimental_config.enable_view_optimize:True, set_dim_gears, dynamo_export, scope, npu_print
2026-03-06T23:06:43.4700358Z (Worker_DP0_TP6_EP6 pid=4902) /usr/local/python3.11.14/lib/python3.11/site-packages/torch_npu/dynamo/torchair/configs/compiler_config.py:106: UserWarning: The following torchair config or properties may not take effect or report error in reduce-overhead mode: config.experimental_config.enable_view_optimize:True, set_dim_gears, dynamo_export, scope, npu_print
2026-03-06T23:06:43.4707841Z (Worker_DP1_TP2_EP10 pid=2615)   warnings.warn(
2026-03-06T23:06:43.4722025Z (Worker_DP0_TP6_EP6 pid=4902)   warnings.warn(
2026-03-06T23:06:43.4725987Z (Worker_DP1_TP3_EP11 pid=3170) /usr/local/python3.11.14/lib/python3.11/site-packages/torch_npu/dynamo/torchair/configs/compiler_config.py:106: UserWarning: The following torchair config or properties may not take effect or report error in reduce-overhead mode: config.experimental_config.enable_view_optimize:True, set_dim_gears, dynamo_export, scope, npu_print
2026-03-06T23:06:43.4735386Z (Worker_DP0_TP7_EP7 pid=5395) /usr/local/python3.11.14/lib/python3.11/site-packages/torch_npu/dynamo/torchair/configs/compiler_config.py:106: UserWarning: The following torchair config or properties may not take effect or report error in reduce-overhead mode: config.experimental_config.enable_view_optimize:True, set_dim_gears, dynamo_export, scope, npu_print
2026-03-06T23:06:43.4743718Z (Worker_DP0_TP0_EP0 pid=1242) /usr/local/python3.11.14/lib/python3.11/site-packages/torch_npu/dynamo/torchair/configs/compiler_config.py:106: UserWarning: The following torchair config or properties may not take effect or report error in reduce-overhead mode: config.experimental_config.enable_view_optimize:True, set_dim_gears, dynamo_export, scope, npu_print
2026-03-06T23:06:43.4751426Z (Worker_DP1_TP3_EP11 pid=3170)   warnings.warn(
2026-03-06T23:06:43.4759489Z (Worker_DP0_TP7_EP7 pid=5395)   warnings.warn(
2026-03-06T23:06:43.4767850Z (Worker_DP0_TP0_EP0 pid=1242)   warnings.warn(
2026-03-06T23:06:43.4778023Z (Worker_DP1_TP5_EP13 pid=4280) /usr/local/python3.11.14/lib/python3.11/site-packages/torch_npu/dynamo/torchair/configs/compiler_config.py:106: UserWarning: The following torchair config or properties may not take effect or report error in reduce-overhead mode: config.experimental_config.enable_view_optimize:True, set_dim_gears, dynamo_export, scope, npu_print
2026-03-06T23:06:43.4784556Z (Worker_DP1_TP5_EP13 pid=4280)   warnings.warn(
2026-03-06T23:06:43.4794769Z (Worker_DP1_TP6_EP14 pid=4836) /usr/local/python3.11.14/lib/python3.11/site-packages/torch_npu/dynamo/torchair/configs/compiler_config.py:106: UserWarning: The following torchair config or properties may not take effect or report error in reduce-overhead mode: config.experimental_config.enable_view_optimize:True, set_dim_gears, dynamo_export, scope, npu_print
2026-03-06T23:06:43.4801491Z (Worker_DP1_TP6_EP14 pid=4836)   warnings.warn(
2026-03-06T23:06:43.7891576Z (Worker_DP0_TP5_EP5 pid=4346) /usr/local/python3.11.14/lib/python3.11/site-packages/torch_npu/dynamo/torchair/configs/compiler_config.py:106: UserWarning: The following torchair config or properties may not take effect or report error in reduce-overhead mode: config.experimental_config.enable_view_optimize:True, set_dim_gears, dynamo_export, scope, npu_print
2026-03-06T23:06:43.7900024Z (Worker_DP1_TP2_EP10 pid=2615) /usr/local/python3.11.14/lib/python3.11/site-packages/torch_npu/dynamo/torchair/configs/compiler_config.py:106: UserWarning: The following torchair config or properties may not take effect or report error in reduce-overhead mode: config.experimental_config.enable_view_optimize:True, set_dim_gears, dynamo_export, scope, npu_print
2026-03-06T23:06:43.7910432Z (Worker_DP1_TP3_EP11 pid=3170) /usr/local/python3.11.14/lib/python3.11/site-packages/torch_npu/dynamo/torchair/configs/compiler_config.py:106: UserWarning: The following torchair config or properties may not take effect or report error in reduce-overhead mode: config.experimental_config.enable_view_optimize:True, set_dim_gears, dynamo_export, scope, npu_print
2026-03-06T23:06:43.7917485Z (Worker_DP0_TP5_EP5 pid=4346)   warnings.warn(
2026-03-06T23:06:43.7927528Z (Worker_DP0_TP4_EP4 pid=3725) /usr/local/python3.11.14/lib/python3.11/site-packages/torch_npu/dynamo/torchair/configs/compiler_config.py:106: UserWarning: The following torchair config or properties may not take effect or report error in reduce-overhead mode: config.experimental_config.enable_view_optimize:True, set_dim_gears, dynamo_export, scope, npu_print
2026-03-06T23:06:43.7935208Z (Worker_DP1_TP2_EP10 pid=2615)   warnings.warn(
2026-03-06T23:06:43.7943795Z (Worker_DP1_TP3_EP11 pid=3170)   warnings.warn(
2026-03-06T23:06:43.7954407Z (Worker_DP0_TP0_EP0 pid=1242) /usr/local/python3.11.14/lib/python3.11/site-packages/torch_npu/dynamo/torchair/configs/compiler_config.py:106: UserWarning: The following torchair config or properties may not take effect or report error in reduce-overhead mode: config.experimental_config.enable_view_optimize:True, set_dim_gears, dynamo_export, scope, npu_print
2026-03-06T23:06:43.7963327Z (Worker_DP1_TP1_EP9 pid=2120) /usr/local/python3.11.14/lib/python3.11/site-packages/torch_npu/dynamo/torchair/configs/compiler_config.py:106: UserWarning: The following torchair config or properties may not take effect or report error in reduce-overhead mode: config.experimental_config.enable_view_optimize:True, set_dim_gears, dynamo_export, scope, npu_print
2026-03-06T23:06:43.7970687Z (Worker_DP0_TP4_EP4 pid=3725)   warnings.warn(
2026-03-06T23:06:43.7983245Z (Worker_DP1_TP6_EP14 pid=4836) /usr/local/python3.11.14/lib/python3.11/site-packages/torch_npu/dynamo/torchair/configs/compiler_config.py:106: UserWarning: The following torchair config or properties may not take effect or report error in reduce-overhead mode: config.experimental_config.enable_view_optimize:True, set_dim_gears, dynamo_export, scope, npu_print
2026-03-06T23:06:43.7991594Z (Worker_DP0_TP1_EP1 pid=2054) /usr/local/python3.11.14/lib/python3.11/site-packages/torch_npu/dynamo/torchair/configs/compiler_config.py:106: UserWarning: The following torchair config or properties may not take effect or report error in reduce-overhead mode: config.experimental_config.enable_view_optimize:True, set_dim_gears, dynamo_export, scope, npu_print
2026-03-06T23:06:43.8000791Z (Worker_DP0_TP7_EP7 pid=5395) /usr/local/python3.11.14/lib/python3.11/site-packages/torch_npu/dynamo/torchair/configs/compiler_config.py:106: UserWarning: The following torchair config or properties may not take effect or report error in reduce-overhead mode: config.experimental_config.enable_view_optimize:True, set_dim_gears, dynamo_export, scope, npu_print
2026-03-06T23:06:43.8009678Z (Worker_DP0_TP6_EP6 pid=4902) /usr/local/python3.11.14/lib/python3.11/site-packages/torch_npu/dynamo/torchair/configs/compiler_config.py:106: UserWarning: The following torchair config or properties may not take effect or report error in reduce-overhead mode: config.experimental_config.enable_view_optimize:True, set_dim_gears, dynamo_export, scope, npu_print
2026-03-06T23:06:43.8016771Z (Worker_DP1_TP6_EP14 pid=4836)   warnings.warn(
2026-03-06T23:06:43.8026889Z (Worker_DP0_TP3_EP3 pid=3168) /usr/local/python3.11.14/lib/python3.11/site-packages/torch_npu/dynamo/torchair/configs/compiler_config.py:106: UserWarning: The following torchair config or properties may not take effect or report error in reduce-overhead mode: config.experimental_config.enable_view_optimize:True, set_dim_gears, dynamo_export, scope, npu_print
2026-03-06T23:06:43.8035305Z (Worker_DP1_TP0_EP8 pid=1243) /usr/local/python3.11.14/lib/python3.11/site-packages/torch_npu/dynamo/torchair/configs/compiler_config.py:106: UserWarning: The following torchair config or properties may not take effect or report error in reduce-overhead mode: config.experimental_config.enable_view_optimize:True, set_dim_gears, dynamo_export, scope, npu_print
2026-03-06T23:06:43.8042317Z (Worker_DP0_TP0_EP0 pid=1242)   warnings.warn(
2026-03-06T23:06:43.8051106Z (Worker_DP1_TP1_EP9 pid=2120)   warnings.warn(
2026-03-06T23:06:43.8061156Z (Worker_DP0_TP2_EP2 pid=2612) /usr/local/python3.11.14/lib/python3.11/site-packages/torch_npu/dynamo/torchair/configs/compiler_config.py:106: UserWarning: The following torchair config or properties may not take effect or report error in reduce-overhead mode: config.experimental_config.enable_view_optimize:True, set_dim_gears, dynamo_export, scope, npu_print
2026-03-06T23:06:43.8070045Z (Worker_DP1_TP4_EP12 pid=3724) /usr/local/python3.11.14/lib/python3.11/site-packages/torch_npu/dynamo/torchair/configs/compiler_config.py:106: UserWarning: The following torchair config or properties may not take effect or report error in reduce-overhead mode: config.experimental_config.enable_view_optimize:True, set_dim_gears, dynamo_export, scope, npu_print
2026-03-06T23:06:43.8080183Z (Worker_DP1_TP5_EP13 pid=4280) /usr/local/python3.11.14/lib/python3.11/site-packages/torch_npu/dynamo/torchair/configs/compiler_config.py:106: UserWarning: The following torchair config or properties may not take effect or report error in reduce-overhead mode: config.experimental_config.enable_view_optimize:True, set_dim_gears, dynamo_export, scope, npu_print
2026-03-06T23:06:43.8087004Z (Worker_DP0_TP1_EP1 pid=2054)   warnings.warn(
2026-03-06T23:06:43.8095448Z (Worker_DP0_TP7_EP7 pid=5395)   warnings.warn(
2026-03-06T23:06:43.8103445Z (Worker_DP0_TP6_EP6 pid=4902)   warnings.warn(
2026-03-06T23:06:43.8111987Z (Worker_DP0_TP2_EP2 pid=2612)   warnings.warn(
2026-03-06T23:06:43.8120553Z (Worker_DP0_TP3_EP3 pid=3168)   warnings.warn(
2026-03-06T23:06:43.8128798Z (Worker_DP1_TP0_EP8 pid=1243)   warnings.warn(
2026-03-06T23:06:43.8139153Z (Worker_DP1_TP7_EP15 pid=5392) /usr/local/python3.11.14/lib/python3.11/site-packages/torch_npu/dynamo/torchair/configs/compiler_config.py:106: UserWarning: The following torchair config or properties may not take effect or report error in reduce-overhead mode: config.experimental_config.enable_view_optimize:True, set_dim_gears, dynamo_export, scope, npu_print
2026-03-06T23:06:43.8146276Z (Worker_DP1_TP5_EP13 pid=4280)   warnings.warn(
2026-03-06T23:06:43.8154911Z (Worker_DP1_TP4_EP12 pid=3724)   warnings.warn(
2026-03-06T23:06:43.8163176Z (Worker_DP1_TP7_EP15 pid=5392)   warnings.warn(
2026-03-06T23:06:44.1370895Z (Worker_DP1_TP7_EP15 pid=5392) /usr/local/python3.11.14/lib/python3.11/site-packages/torch_npu/dynamo/torchair/configs/compiler_config.py:106: UserWarning: The following torchair config or properties may not take effect or report error in reduce-overhead mode: config.experimental_config.enable_view_optimize:True, set_dim_gears, dynamo_export, scope, npu_print
2026-03-06T23:06:44.1380948Z (Worker_DP0_TP2_EP2 pid=2612) /usr/local/python3.11.14/lib/python3.11/site-packages/torch_npu/dynamo/torchair/configs/compiler_config.py:106: UserWarning: The following torchair config or properties may not take effect or report error in reduce-overhead mode: config.experimental_config.enable_view_optimize:True, set_dim_gears, dynamo_export, scope, npu_print
2026-03-06T23:06:44.1389557Z (Worker_DP0_TP4_EP4 pid=3725) /usr/local/python3.11.14/lib/python3.11/site-packages/torch_npu/dynamo/torchair/configs/compiler_config.py:106: UserWarning: The following torchair config or properties may not take effect or report error in reduce-overhead mode: config.experimental_config.enable_view_optimize:True, set_dim_gears, dynamo_export, scope, npu_print
2026-03-06T23:06:44.1399105Z (Worker_DP0_TP3_EP3 pid=3168) /usr/local/python3.11.14/lib/python3.11/site-packages/torch_npu/dynamo/torchair/configs/compiler_config.py:106: UserWarning: The following torchair config or properties may not take effect or report error in reduce-overhead mode: config.experimental_config.enable_view_optimize:True, set_dim_gears, dynamo_export, scope, npu_print
2026-03-06T23:06:44.1408792Z (Worker_DP0_TP7_EP7 pid=5395) /usr/local/python3.11.14/lib/python3.11/site-packages/torch_npu/dynamo/torchair/configs/compiler_config.py:106: UserWarning: The following torchair config or properties may not take effect or report error in reduce-overhead mode: config.experimental_config.enable_view_optimize:True, set_dim_gears, dynamo_export, scope, npu_print
2026-03-06T23:06:44.1417392Z (Worker_DP0_TP0_EP0 pid=1242) /usr/local/python3.11.14/lib/python3.11/site-packages/torch_npu/dynamo/torchair/configs/compiler_config.py:106: UserWarning: The following torchair config or properties may not take effect or report error in reduce-overhead mode: config.experimental_config.enable_view_optimize:True, set_dim_gears, dynamo_export, scope, npu_print
2026-03-06T23:06:44.1427023Z (Worker_DP0_TP1_EP1 pid=2054) /usr/local/python3.11.14/lib/python3.11/site-packages/torch_npu/dynamo/torchair/configs/compiler_config.py:106: UserWarning: The following torchair config or properties may not take effect or report error in reduce-overhead mode: config.experimental_config.enable_view_optimize:True, set_dim_gears, dynamo_export, scope, npu_print
2026-03-06T23:06:44.1436091Z (Worker_DP1_TP1_EP9 pid=2120) /usr/local/python3.11.14/lib/python3.11/site-packages/torch_npu/dynamo/torchair/configs/compiler_config.py:106: UserWarning: The following torchair config or properties may not take effect or report error in reduce-overhead mode: config.experimental_config.enable_view_optimize:True, set_dim_gears, dynamo_export, scope, npu_print
2026-03-06T23:06:44.1444718Z (Worker_DP1_TP3_EP11 pid=3170) /usr/local/python3.11.14/lib/python3.11/site-packages/torch_npu/dynamo/torchair/configs/compiler_config.py:106: UserWarning: The following torchair config or properties may not take effect or report error in reduce-overhead mode: config.experimental_config.enable_view_optimize:True, set_dim_gears, dynamo_export, scope, npu_print
2026-03-06T23:06:44.1454057Z (Worker_DP1_TP6_EP14 pid=4836) /usr/local/python3.11.14/lib/python3.11/site-packages/torch_npu/dynamo/torchair/configs/compiler_config.py:106: UserWarning: The following torchair config or properties may not take effect or report error in reduce-overhead mode: config.experimental_config.enable_view_optimize:True, set_dim_gears, dynamo_export, scope, npu_print
2026-03-06T23:06:44.1461221Z (Worker_DP1_TP7_EP15 pid=5392)   warnings.warn(
2026-03-06T23:06:44.1470355Z (Worker_DP0_TP1_EP1 pid=2054)   warnings.warn(
2026-03-06T23:06:44.1478842Z (Worker_DP0_TP2_EP2 pid=2612)   warnings.warn(
2026-03-06T23:06:44.1487136Z (Worker_DP0_TP4_EP4 pid=3725)   warnings.warn(
2026-03-06T23:06:44.1497439Z (Worker_DP1_TP4_EP12 pid=3724) /usr/local/python3.11.14/lib/python3.11/site-packages/torch_npu/dynamo/torchair/configs/compiler_config.py:106: UserWarning: The following torchair config or properties may not take effect or report error in reduce-overhead mode: config.experimental_config.enable_view_optimize:True, set_dim_gears, dynamo_export, scope, npu_print
2026-03-06T23:06:44.1505904Z (Worker_DP1_TP0_EP8 pid=1243) /usr/local/python3.11.14/lib/python3.11/site-packages/torch_npu/dynamo/torchair/configs/compiler_config.py:106: UserWarning: The following torchair config or properties may not take effect or report error in reduce-overhead mode: config.experimental_config.enable_view_optimize:True, set_dim_gears, dynamo_export, scope, npu_print
2026-03-06T23:06:44.1514293Z (Worker_DP1_TP2_EP10 pid=2615) /usr/local/python3.11.14/lib/python3.11/site-packages/torch_npu/dynamo/torchair/configs/compiler_config.py:106: UserWarning: The following torchair config or properties may not take effect or report error in reduce-overhead mode: config.experimental_config.enable_view_optimize:True, set_dim_gears, dynamo_export, scope, npu_print
2026-03-06T23:06:44.1521878Z (Worker_DP0_TP3_EP3 pid=3168)   warnings.warn(
2026-03-06T23:06:44.1530450Z (Worker_DP0_TP7_EP7 pid=5395)   warnings.warn(
2026-03-06T23:06:44.1538312Z (Worker_DP1_TP0_EP8 pid=1243)   warnings.warn(
2026-03-06T23:06:44.1546979Z (Worker_DP0_TP0_EP0 pid=1242)   warnings.warn(
2026-03-06T23:06:44.1555021Z (Worker_DP1_TP1_EP9 pid=2120)   warnings.warn(
2026-03-06T23:06:44.1563541Z (Worker_DP1_TP3_EP11 pid=3170)   warnings.warn(
2026-03-06T23:06:44.1572469Z (Worker_DP1_TP6_EP14 pid=4836)   warnings.warn(
2026-03-06T23:06:44.1582363Z (Worker_DP1_TP5_EP13 pid=4280) /usr/local/python3.11.14/lib/python3.11/site-packages/torch_npu/dynamo/torchair/configs/compiler_config.py:106: UserWarning: The following torchair config or properties may not take effect or report error in reduce-overhead mode: config.experimental_config.enable_view_optimize:True, set_dim_gears, dynamo_export, scope, npu_print
2026-03-06T23:06:44.1589346Z (Worker_DP1_TP4_EP12 pid=3724)   warnings.warn(
2026-03-06T23:06:44.1597663Z (Worker_DP1_TP2_EP10 pid=2615)   warnings.warn(
2026-03-06T23:06:44.1605837Z (Worker_DP1_TP5_EP13 pid=4280)   warnings.warn(
2026-03-06T23:06:44.1615352Z (Worker_DP0_TP5_EP5 pid=4346) /usr/local/python3.11.14/lib/python3.11/site-packages/torch_npu/dynamo/torchair/configs/compiler_config.py:106: UserWarning: The following torchair config or properties may not take effect or report error in reduce-overhead mode: config.experimental_config.enable_view_optimize:True, set_dim_gears, dynamo_export, scope, npu_print
2026-03-06T23:06:44.1622017Z (Worker_DP0_TP5_EP5 pid=4346)   warnings.warn(
2026-03-06T23:06:44.1632256Z (Worker_DP0_TP6_EP6 pid=4902) /usr/local/python3.11.14/lib/python3.11/site-packages/torch_npu/dynamo/torchair/configs/compiler_config.py:106: UserWarning: The following torchair config or properties may not take effect or report error in reduce-overhead mode: config.experimental_config.enable_view_optimize:True, set_dim_gears, dynamo_export, scope, npu_print
2026-03-06T23:06:44.1638603Z (Worker_DP0_TP6_EP6 pid=4902)   warnings.warn(
2026-03-06T23:06:44.4702331Z (Worker_DP1_TP1_EP9 pid=2120) /usr/local/python3.11.14/lib/python3.11/site-packages/torch_npu/dynamo/torchair/configs/compiler_config.py:106: UserWarning: The following torchair config or properties may not take effect or report error in reduce-overhead mode: config.experimental_config.enable_view_optimize:True, set_dim_gears, dynamo_export, scope, npu_print
2026-03-06T23:06:44.4710943Z (Worker_DP1_TP0_EP8 pid=1243) /usr/local/python3.11.14/lib/python3.11/site-packages/torch_npu/dynamo/torchair/configs/compiler_config.py:106: UserWarning: The following torchair config or properties may not take effect or report error in reduce-overhead mode: config.experimental_config.enable_view_optimize:True, set_dim_gears, dynamo_export, scope, npu_print
2026-03-06T23:06:44.4720816Z (Worker_DP0_TP6_EP6 pid=4902) /usr/local/python3.11.14/lib/python3.11/site-packages/torch_npu/dynamo/torchair/configs/compiler_config.py:106: UserWarning: The following torchair config or properties may not take effect or report error in reduce-overhead mode: config.experimental_config.enable_view_optimize:True, set_dim_gears, dynamo_export, scope, npu_print
2026-03-06T23:06:44.4728105Z (Worker_DP1_TP0_EP8 pid=1243)   warnings.warn(
2026-03-06T23:06:44.4737043Z (Worker_DP1_TP1_EP9 pid=2120)   warnings.warn(
2026-03-06T23:06:44.4747730Z (Worker_DP0_TP2_EP2 pid=2612) /usr/local/python3.11.14/lib/python3.11/site-packages/torch_npu/dynamo/torchair/configs/compiler_config.py:106: UserWarning: The following torchair config or properties may not take effect or report error in reduce-overhead mode: config.experimental_config.enable_view_optimize:True, set_dim_gears, dynamo_export, scope, npu_print
2026-03-06T23:06:44.4755239Z (Worker_DP0_TP6_EP6 pid=4902)   warnings.warn(
2026-03-06T23:06:44.4763675Z (Worker_DP0_TP2_EP2 pid=2612)   warnings.warn(
2026-03-06T23:06:44.4774130Z (Worker_DP0_TP0_EP0 pid=1242) /usr/local/python3.11.14/lib/python3.11/site-packages/torch_npu/dynamo/torchair/configs/compiler_config.py:106: UserWarning: The following torchair config or properties may not take effect or report error in reduce-overhead mode: config.experimental_config.enable_view_optimize:True, set_dim_gears, dynamo_export, scope, npu_print
2026-03-06T23:06:44.4783207Z (Worker_DP0_TP5_EP5 pid=4346) /usr/local/python3.11.14/lib/python3.11/site-packages/torch_npu/dynamo/torchair/configs/compiler_config.py:106: UserWarning: The following torchair config or properties may not take effect or report error in reduce-overhead mode: config.experimental_config.enable_view_optimize:True, set_dim_gears, dynamo_export, scope, npu_print
2026-03-06T23:06:44.4792544Z (Worker_DP1_TP2_EP10 pid=2615) /usr/local/python3.11.14/lib/python3.11/site-packages/torch_npu/dynamo/torchair/configs/compiler_config.py:106: UserWarning: The following torchair config or properties may not take effect or report error in reduce-overhead mode: config.experimental_config.enable_view_optimize:True, set_dim_gears, dynamo_export, scope, npu_print
2026-03-06T23:06:44.4799439Z (Worker_DP0_TP0_EP0 pid=1242)   warnings.warn(
2026-03-06T23:06:44.4807960Z (Worker_DP0_TP5_EP5 pid=4346)   warnings.warn(
2026-03-06T23:06:44.4817026Z (Worker_DP1_TP2_EP10 pid=2615)   warnings.warn(
2026-03-06T23:06:44.4827585Z (Worker_DP0_TP1_EP1 pid=2054) /usr/local/python3.11.14/lib/python3.11/site-packages/torch_npu/dynamo/torchair/configs/compiler_config.py:106: UserWarning: The following torchair config or properties may not take effect or report error in reduce-overhead mode: config.experimental_config.enable_view_optimize:True, set_dim_gears, dynamo_export, scope, npu_print
2026-03-06T23:06:44.4834280Z (Worker_DP0_TP1_EP1 pid=2054)   warnings.warn(
2026-03-06T23:06:44.4844369Z (Worker_DP0_TP4_EP4 pid=3725) /usr/local/python3.11.14/lib/python3.11/site-packages/torch_npu/dynamo/torchair/configs/compiler_config.py:106: UserWarning: The following torchair config or properties may not take effect or report error in reduce-overhead mode: config.experimental_config.enable_view_optimize:True, set_dim_gears, dynamo_export, scope, npu_print
2026-03-06T23:06:44.4854271Z (Worker_DP1_TP3_EP11 pid=3170) /usr/local/python3.11.14/lib/python3.11/site-packages/torch_npu/dynamo/torchair/configs/compiler_config.py:106: UserWarning: The following torchair config or properties may not take effect or report error in reduce-overhead mode: config.experimental_config.enable_view_optimize:True, set_dim_gears, dynamo_export, scope, npu_print
2026-03-06T23:06:44.4860479Z (Worker_DP0_TP4_EP4 pid=3725)   warnings.warn(
2026-03-06T23:06:44.4868985Z (Worker_DP1_TP3_EP11 pid=3170)   warnings.warn(
2026-03-06T23:06:44.4879240Z (Worker_DP1_TP5_EP13 pid=4280) /usr/local/python3.11.14/lib/python3.11/site-packages/torch_npu/dynamo/torchair/configs/compiler_config.py:106: UserWarning: The following torchair config or properties may not take effect or report error in reduce-overhead mode: config.experimental_config.enable_view_optimize:True, set_dim_gears, dynamo_export, scope, npu_print
2026-03-06T23:06:44.4888106Z (Worker_DP1_TP6_EP14 pid=4836) /usr/local/python3.11.14/lib/python3.11/site-packages/torch_npu/dynamo/torchair/configs/compiler_config.py:106: UserWarning: The following torchair config or properties may not take effect or report error in reduce-overhead mode: config.experimental_config.enable_view_optimize:True, set_dim_gears, dynamo_export, scope, npu_print
2026-03-06T23:06:44.4897034Z (Worker_DP0_TP3_EP3 pid=3168) /usr/local/python3.11.14/lib/python3.11/site-packages/torch_npu/dynamo/torchair/configs/compiler_config.py:106: UserWarning: The following torchair config or properties may not take effect or report error in reduce-overhead mode: config.experimental_config.enable_view_optimize:True, set_dim_gears, dynamo_export, scope, npu_print
2026-03-06T23:06:44.4905503Z (Worker_DP1_TP4_EP12 pid=3724) /usr/local/python3.11.14/lib/python3.11/site-packages/torch_npu/dynamo/torchair/configs/compiler_config.py:106: UserWarning: The following torchair config or properties may not take effect or report error in reduce-overhead mode: config.experimental_config.enable_view_optimize:True, set_dim_gears, dynamo_export, scope, npu_print
2026-03-06T23:06:44.4912599Z (Worker_DP1_TP5_EP13 pid=4280)   warnings.warn(
2026-03-06T23:06:44.4921558Z (Worker_DP1_TP6_EP14 pid=4836)   warnings.warn(
2026-03-06T23:06:44.4930305Z (Worker_DP0_TP3_EP3 pid=3168)   warnings.warn(
2026-03-06T23:06:44.4940618Z (Worker_DP0_TP7_EP7 pid=5395) /usr/local/python3.11.14/lib/python3.11/site-packages/torch_npu/dynamo/torchair/configs/compiler_config.py:106: UserWarning: The following torchair config or properties may not take effect or report error in reduce-overhead mode: config.experimental_config.enable_view_optimize:True, set_dim_gears, dynamo_export, scope, npu_print
2026-03-06T23:06:44.4947471Z (Worker_DP1_TP4_EP12 pid=3724)   warnings.warn(
2026-03-06T23:06:44.4955096Z (Worker_DP0_TP7_EP7 pid=5395)   warnings.warn(
2026-03-06T23:06:44.4965699Z (Worker_DP1_TP7_EP15 pid=5392) /usr/local/python3.11.14/lib/python3.11/site-packages/torch_npu/dynamo/torchair/configs/compiler_config.py:106: UserWarning: The following torchair config or properties may not take effect or report error in reduce-overhead mode: config.experimental_config.enable_view_optimize:True, set_dim_gears, dynamo_export, scope, npu_print
2026-03-06T23:06:44.4972662Z (Worker_DP1_TP7_EP15 pid=5392)   warnings.warn(
2026-03-06T23:06:44.8031105Z (Worker_DP1_TP3_EP11 pid=3170) /usr/local/python3.11.14/lib/python3.11/site-packages/torch_npu/dynamo/torchair/configs/compiler_config.py:106: UserWarning: The following torchair config or properties may not take effect or report error in reduce-overhead mode: config.experimental_config.enable_view_optimize:True, set_dim_gears, dynamo_export, scope, npu_print
2026-03-06T23:06:44.8041448Z (Worker_DP0_TP4_EP4 pid=3725) /usr/local/python3.11.14/lib/python3.11/site-packages/torch_npu/dynamo/torchair/configs/compiler_config.py:106: UserWarning: The following torchair config or properties may not take effect or report error in reduce-overhead mode: config.experimental_config.enable_view_optimize:True, set_dim_gears, dynamo_export, scope, npu_print
2026-03-06T23:06:44.8051388Z (Worker_DP1_TP6_EP14 pid=4836) /usr/local/python3.11.14/lib/python3.11/site-packages/torch_npu/dynamo/torchair/configs/compiler_config.py:106: UserWarning: The following torchair config or properties may not take effect or report error in reduce-overhead mode: config.experimental_config.enable_view_optimize:True, set_dim_gears, dynamo_export, scope, npu_print
2026-03-06T23:06:44.8058809Z (Worker_DP1_TP3_EP11 pid=3170)   warnings.warn(
2026-03-06T23:06:44.8066970Z (Worker_DP0_TP4_EP4 pid=3725)   warnings.warn(
2026-03-06T23:06:44.8077862Z (Worker_DP1_TP7_EP15 pid=5392) /usr/local/python3.11.14/lib/python3.11/site-packages/torch_npu/dynamo/torchair/configs/compiler_config.py:106: UserWarning: The following torchair config or properties may not take effect or report error in reduce-overhead mode: config.experimental_config.enable_view_optimize:True, set_dim_gears, dynamo_export, scope, npu_print
2026-03-06T23:06:44.8084823Z (Worker_DP1_TP6_EP14 pid=4836)   warnings.warn(
2026-03-06T23:06:44.8094991Z (Worker_DP0_TP7_EP7 pid=5395) /usr/local/python3.11.14/lib/python3.11/site-packages/torch_npu/dynamo/torchair/configs/compiler_config.py:106: UserWarning: The following torchair config or properties may not take effect or report error in reduce-overhead mode: config.experimental_config.enable_view_optimize:True, set_dim_gears, dynamo_export, scope, npu_print
2026-03-06T23:06:44.8101660Z (Worker_DP1_TP7_EP15 pid=5392)   warnings.warn(
2026-03-06T23:06:44.8112604Z (Worker_DP1_TP4_EP12 pid=3724) /usr/local/python3.11.14/lib/python3.11/site-packages/torch_npu/dynamo/torchair/configs/compiler_config.py:106: UserWarning: The following torchair config or properties may not take effect or report error in reduce-overhead mode: config.experimental_config.enable_view_optimize:True, set_dim_gears, dynamo_export, scope, npu_print
2026-03-06T23:06:44.8121753Z (Worker_DP1_TP5_EP13 pid=4280) /usr/local/python3.11.14/lib/python3.11/site-packages/torch_npu/dynamo/torchair/configs/compiler_config.py:106: UserWarning: The following torchair config or properties may not take effect or report error in reduce-overhead mode: config.experimental_config.enable_view_optimize:True, set_dim_gears, dynamo_export, scope, npu_print
2026-03-06T23:06:44.8128459Z (Worker_DP0_TP7_EP7 pid=5395)   warnings.warn(
2026-03-06T23:06:44.8136974Z (Worker_DP1_TP4_EP12 pid=3724)   warnings.warn(
2026-03-06T23:06:44.8145861Z (Worker_DP1_TP5_EP13 pid=4280)   warnings.warn(
2026-03-06T23:06:44.8155688Z (Worker_DP0_TP3_EP3 pid=3168) /usr/local/python3.11.14/lib/python3.11/site-packages/torch_npu/dynamo/torchair/configs/compiler_config.py:106: UserWarning: The following torchair config or properties may not take effect or report error in reduce-overhead mode: config.experimental_config.enable_view_optimize:True, set_dim_gears, dynamo_export, scope, npu_print
2026-03-06T23:06:44.8163364Z (Worker_DP0_TP3_EP3 pid=3168)   warnings.warn(
2026-03-06T23:06:44.8174720Z (Worker_DP1_TP2_EP10 pid=2615) /usr/local/python3.11.14/lib/python3.11/site-packages/torch_npu/dynamo/torchair/configs/compiler_config.py:106: UserWarning: The following torchair config or properties may not take effect or report error in reduce-overhead mode: config.experimental_config.enable_view_optimize:True, set_dim_gears, dynamo_export, scope, npu_print
2026-03-06T23:06:44.8183077Z (Worker_DP0_TP2_EP2 pid=2612) /usr/local/python3.11.14/lib/python3.11/site-packages/torch_npu/dynamo/torchair/configs/compiler_config.py:106: UserWarning: The following torchair config or properties may not take effect or report error in reduce-overhead mode: config.experimental_config.enable_view_optimize:True, set_dim_gears, dynamo_export, scope, npu_print
2026-03-06T23:06:44.8192077Z (Worker_DP0_TP0_EP0 pid=1242) /usr/local/python3.11.14/lib/python3.11/site-packages/torch_npu/dynamo/torchair/configs/compiler_config.py:106: UserWarning: The following torchair config or properties may not take effect or report error in reduce-overhead mode: config.experimental_config.enable_view_optimize:True, set_dim_gears, dynamo_export, scope, npu_print
2026-03-06T23:06:44.8201097Z (Worker_DP1_TP1_EP9 pid=2120) /usr/local/python3.11.14/lib/python3.11/site-packages/torch_npu/dynamo/torchair/configs/compiler_config.py:106: UserWarning: The following torchair config or properties may not take effect or report error in reduce-overhead mode: config.experimental_config.enable_view_optimize:True, set_dim_gears, dynamo_export, scope, npu_print
2026-03-06T23:06:44.8208331Z (Worker_DP1_TP2_EP10 pid=2615)   warnings.warn(
2026-03-06T23:06:44.8216964Z (Worker_DP0_TP2_EP2 pid=2612)   warnings.warn(
2026-03-06T23:06:44.8225181Z (Worker_DP0_TP0_EP0 pid=1242)   warnings.warn(
2026-03-06T23:06:44.8235449Z (Worker_DP0_TP1_EP1 pid=2054) /usr/local/python3.11.14/lib/python3.11/site-packages/torch_npu/dynamo/torchair/configs/compiler_config.py:106: UserWarning: The following torchair config or properties may not take effect or report error in reduce-overhead mode: config.experimental_config.enable_view_optimize:True, set_dim_gears, dynamo_export, scope, npu_print
2026-03-06T23:06:44.8244711Z (Worker_DP1_TP0_EP8 pid=1243) /usr/local/python3.11.14/lib/python3.11/site-packages/torch_npu/dynamo/torchair/configs/compiler_config.py:106: UserWarning: The following torchair config or properties may not take effect or report error in reduce-overhead mode: config.experimental_config.enable_view_optimize:True, set_dim_gears, dynamo_export, scope, npu_print
2026-03-06T23:06:44.8251803Z (Worker_DP1_TP1_EP9 pid=2120)   warnings.warn(
2026-03-06T23:06:44.8262186Z (Worker_DP0_TP6_EP6 pid=4902) /usr/local/python3.11.14/lib/python3.11/site-packages/torch_npu/dynamo/torchair/configs/compiler_config.py:106: UserWarning: The following torchair config or properties may not take effect or report error in reduce-overhead mode: config.experimental_config.enable_view_optimize:True, set_dim_gears, dynamo_export, scope, npu_print
2026-03-06T23:06:44.8268519Z (Worker_DP0_TP1_EP1 pid=2054)   warnings.warn(
2026-03-06T23:06:44.8276845Z (Worker_DP1_TP0_EP8 pid=1243)   warnings.warn(
2026-03-06T23:06:44.8284312Z (Worker_DP0_TP6_EP6 pid=4902)   warnings.warn(
2026-03-06T23:06:44.8295041Z (Worker_DP0_TP5_EP5 pid=4346) /usr/local/python3.11.14/lib/python3.11/site-packages/torch_npu/dynamo/torchair/configs/compiler_config.py:106: UserWarning: The following torchair config or properties may not take effect or report error in reduce-overhead mode: config.experimental_config.enable_view_optimize:True, set_dim_gears, dynamo_export, scope, npu_print
2026-03-06T23:06:44.8302256Z (Worker_DP0_TP5_EP5 pid=4346)   warnings.warn(
2026-03-06T23:06:45.1356579Z (Worker_DP1_TP3_EP11 pid=3170) /usr/local/python3.11.14/lib/python3.11/site-packages/torch_npu/dynamo/torchair/configs/compiler_config.py:106: UserWarning: The following torchair config or properties may not take effect or report error in reduce-overhead mode: config.experimental_config.enable_view_optimize:True, set_dim_gears, dynamo_export, scope, npu_print
2026-03-06T23:06:45.1365415Z (Worker_DP1_TP2_EP10 pid=2615) /usr/local/python3.11.14/lib/python3.11/site-packages/torch_npu/dynamo/torchair/configs/compiler_config.py:106: UserWarning: The following torchair config or properties may not take effect or report error in reduce-overhead mode: config.experimental_config.enable_view_optimize:True, set_dim_gears, dynamo_export, scope, npu_print
2026-03-06T23:06:45.1375203Z (Worker_DP1_TP1_EP9 pid=2120) /usr/local/python3.11.14/lib/python3.11/site-packages/torch_npu/dynamo/torchair/configs/compiler_config.py:106: UserWarning: The following torchair config or properties may not take effect or report error in reduce-overhead mode: config.experimental_config.enable_view_optimize:True, set_dim_gears, dynamo_export, scope, npu_print
2026-03-06T23:06:45.1382855Z (Worker_DP1_TP2_EP10 pid=2615)   warnings.warn(
2026-03-06T23:06:45.1392132Z (Worker_DP1_TP3_EP11 pid=3170)   warnings.warn(
2026-03-06T23:06:45.1402915Z (Worker_DP1_TP0_EP8 pid=1243) /usr/local/python3.11.14/lib/python3.11/site-packages/torch_npu/dynamo/torchair/configs/compiler_config.py:106: UserWarning: The following torchair config or properties may not take effect or report error in reduce-overhead mode: config.experimental_config.enable_view_optimize:True, set_dim_gears, dynamo_export, scope, npu_print
2026-03-06T23:06:45.1410557Z (Worker_DP1_TP1_EP9 pid=2120)   warnings.warn(
2026-03-06T23:06:45.1419492Z (Worker_DP1_TP0_EP8 pid=1243)   warnings.warn(
2026-03-06T23:06:45.1429949Z (Worker_DP1_TP7_EP15 pid=5392) /usr/local/python3.11.14/lib/python3.11/site-packages/torch_npu/dynamo/torchair/configs/compiler_config.py:106: UserWarning: The following torchair config or properties may not take effect or report error in reduce-overhead mode: config.experimental_config.enable_view_optimize:True, set_dim_gears, dynamo_export, scope, npu_print
2026-03-06T23:06:45.1440204Z (Worker_DP1_TP6_EP14 pid=4836) /usr/local/python3.11.14/lib/python3.11/site-packages/torch_npu/dynamo/torchair/configs/compiler_config.py:106: UserWarning: The following torchair config or properties may not take effect or report error in reduce-overhead mode: config.experimental_config.enable_view_optimize:True, set_dim_gears, dynamo_export, scope, npu_print
2026-03-06T23:06:45.1446993Z (Worker_DP1_TP7_EP15 pid=5392)   warnings.warn(
2026-03-06T23:06:45.1455163Z (Worker_DP1_TP6_EP14 pid=4836)   warnings.warn(
2026-03-06T23:06:45.1465991Z (Worker_DP1_TP4_EP12 pid=3724) /usr/local/python3.11.14/lib/python3.11/site-packages/torch_npu/dynamo/torchair/configs/compiler_config.py:106: UserWarning: The following torchair config or properties may not take effect or report error in reduce-overhead mode: config.experimental_config.enable_view_optimize:True, set_dim_gears, dynamo_export, scope, npu_print
2026-03-06T23:06:45.1472807Z (Worker_DP1_TP4_EP12 pid=3724)   warnings.warn(
2026-03-06T23:06:45.1483605Z (Worker_DP1_TP5_EP13 pid=4280) /usr/local/python3.11.14/lib/python3.11/site-packages/torch_npu/dynamo/torchair/configs/compiler_config.py:106: UserWarning: The following torchair config or properties may not take effect or report error in reduce-overhead mode: config.experimental_config.enable_view_optimize:True, set_dim_gears, dynamo_export, scope, npu_print
2026-03-06T23:06:45.1490935Z (Worker_DP1_TP5_EP13 pid=4280)   warnings.warn(
2026-03-06T23:06:45.1502026Z (Worker_DP0_TP0_EP0 pid=1242) /usr/local/python3.11.14/lib/python3.11/site-packages/torch_npu/dynamo/torchair/configs/compiler_config.py:106: UserWarning: The following torchair config or properties may not take effect or report error in reduce-overhead mode: config.experimental_config.enable_view_optimize:True, set_dim_gears, dynamo_export, scope, npu_print
2026-03-06T23:06:45.1510976Z (Worker_DP0_TP7_EP7 pid=5395) /usr/local/python3.11.14/lib/python3.11/site-packages/torch_npu/dynamo/torchair/configs/compiler_config.py:106: UserWarning: The following torchair config or properties may not take effect or report error in reduce-overhead mode: config.experimental_config.enable_view_optimize:True, set_dim_gears, dynamo_export, scope, npu_print
2026-03-06T23:06:45.1519430Z (Worker_DP0_TP4_EP4 pid=3725) /usr/local/python3.11.14/lib/python3.11/site-packages/torch_npu/dynamo/torchair/configs/compiler_config.py:106: UserWarning: The following torchair config or properties may not take effect or report error in reduce-overhead mode: config.experimental_config.enable_view_optimize:True, set_dim_gears, dynamo_export, scope, npu_print
2026-03-06T23:06:45.1528320Z (Worker_DP0_TP6_EP6 pid=4902) /usr/local/python3.11.14/lib/python3.11/site-packages/torch_npu/dynamo/torchair/configs/compiler_config.py:106: UserWarning: The following torchair config or properties may not take effect or report error in reduce-overhead mode: config.experimental_config.enable_view_optimize:True, set_dim_gears, dynamo_export, scope, npu_print
2026-03-06T23:06:45.1535045Z (Worker_DP0_TP0_EP0 pid=1242)   warnings.warn(
2026-03-06T23:06:45.1542966Z (Worker_DP0_TP4_EP4 pid=3725)   warnings.warn(
2026-03-06T23:06:45.1551500Z (Worker_DP0_TP7_EP7 pid=5395)   warnings.warn(
2026-03-06T23:06:45.1560217Z (Worker_DP0_TP6_EP6 pid=4902)   warnings.warn(
2026-03-06T23:06:45.1570224Z (Worker_DP0_TP1_EP1 pid=2054) /usr/local/python3.11.14/lib/python3.11/site-packages/torch_npu/dynamo/torchair/configs/compiler_config.py:106: UserWarning: The following torchair config or properties may not take effect or report error in reduce-overhead mode: config.experimental_config.enable_view_optimize:True, set_dim_gears, dynamo_export, scope, npu_print
2026-03-06T23:06:45.1577077Z (Worker_DP0_TP1_EP1 pid=2054)   warnings.warn(
2026-03-06T23:06:45.1587793Z (Worker_DP0_TP3_EP3 pid=3168) /usr/local/python3.11.14/lib/python3.11/site-packages/torch_npu/dynamo/torchair/configs/compiler_config.py:106: UserWarning: The following torchair config or properties may not take effect or report error in reduce-overhead mode: config.experimental_config.enable_view_optimize:True, set_dim_gears, dynamo_export, scope, npu_print
2026-03-06T23:06:45.1595439Z (Worker_DP0_TP3_EP3 pid=3168)   warnings.warn(
2026-03-06T23:06:45.1605803Z (Worker_DP0_TP5_EP5 pid=4346) /usr/local/python3.11.14/lib/python3.11/site-packages/torch_npu/dynamo/torchair/configs/compiler_config.py:106: UserWarning: The following torchair config or properties may not take effect or report error in reduce-overhead mode: config.experimental_config.enable_view_optimize:True, set_dim_gears, dynamo_export, scope, npu_print
2026-03-06T23:06:45.1614053Z (Worker_DP0_TP2_EP2 pid=2612) /usr/local/python3.11.14/lib/python3.11/site-packages/torch_npu/dynamo/torchair/configs/compiler_config.py:106: UserWarning: The following torchair config or properties may not take effect or report error in reduce-overhead mode: config.experimental_config.enable_view_optimize:True, set_dim_gears, dynamo_export, scope, npu_print
2026-03-06T23:06:45.1621847Z (Worker_DP0_TP5_EP5 pid=4346)   warnings.warn(
2026-03-06T23:06:45.1630059Z (Worker_DP0_TP2_EP2 pid=2612)   warnings.warn(
2026-03-06T23:06:45.4834598Z (Worker_DP0_TP6_EP6 pid=4902) /usr/local/python3.11.14/lib/python3.11/site-packages/torch_npu/dynamo/torchair/configs/compiler_config.py:106: UserWarning: The following torchair config or properties may not take effect or report error in reduce-overhead mode: config.experimental_config.enable_view_optimize:True, set_dim_gears, dynamo_export, scope, npu_print
2026-03-06T23:06:45.4837398Z (Worker_DP0_TP5_EP5 pid=4346) /usr/local/python3.11.14/lib/python3.11/site-packages/torch_npu/dynamo/torchair/configs/compiler_config.py:106: UserWarning: The following torchair config or properties may not take effect or report error in reduce-overhead mode: config.experimental_config.enable_view_optimize:True, set_dim_gears, dynamo_export, scope, npu_print
2026-03-06T23:06:45.4839342Z (Worker_DP0_TP6_EP6 pid=4902)   warnings.warn(
2026-03-06T23:06:45.4841722Z (Worker_DP1_TP1_EP9 pid=2120) /usr/local/python3.11.14/lib/python3.11/site-packages/torch_npu/dynamo/torchair/configs/compiler_config.py:106: UserWarning: The following torchair config or properties may not take effect or report error in reduce-overhead mode: config.experimental_config.enable_view_optimize:True, set_dim_gears, dynamo_export, scope, npu_print
2026-03-06T23:06:45.4871509Z (Worker_DP0_TP5_EP5 pid=4346)   warnings.warn(
2026-03-06T23:06:45.4871844Z (Worker_DP1_TP1_EP9 pid=2120)   warnings.warn(
2026-03-06T23:06:45.4873434Z (Worker_DP1_TP2_EP10 pid=2615) /usr/local/python3.11.14/lib/python3.11/site-packages/torch_npu/dynamo/torchair/configs/compiler_config.py:106: UserWarning: The following torchair config or properties may not take effect or report error in reduce-overhead mode: config.experimental_config.enable_view_optimize:True, set_dim_gears, dynamo_export, scope, npu_print
2026-03-06T23:06:45.4874778Z (Worker_DP1_TP2_EP10 pid=2615)   warnings.warn(
2026-03-06T23:06:45.4876149Z (Worker_DP1_TP0_EP8 pid=1243) /usr/local/python3.11.14/lib/python3.11/site-packages/torch_npu/dynamo/torchair/configs/compiler_config.py:106: UserWarning: The following torchair config or properties may not take effect or report error in reduce-overhead mode: config.experimental_config.enable_view_optimize:True, set_dim_gears, dynamo_export, scope, npu_print
2026-03-06T23:06:45.4878184Z (Worker_DP1_TP0_EP8 pid=1243)   warnings.warn(
2026-03-06T23:06:45.4889125Z (Worker_DP0_TP2_EP2 pid=2612) /usr/local/python3.11.14/lib/python3.11/site-packages/torch_npu/dynamo/torchair/configs/compiler_config.py:106: UserWarning: The following torchair config or properties may not take effect or report error in reduce-overhead mode: config.experimental_config.enable_view_optimize:True, set_dim_gears, dynamo_export, scope, npu_print
2026-03-06T23:06:45.4896963Z (Worker_DP0_TP2_EP2 pid=2612)   warnings.warn(
2026-03-06T23:06:45.4906315Z (Worker_DP0_TP0_EP0 pid=1242) /usr/local/python3.11.14/lib/python3.11/site-packages/torch_npu/dynamo/torchair/configs/compiler_config.py:106: UserWarning: The following torchair config or properties may not take effect or report error in reduce-overhead mode: config.experimental_config.enable_view_optimize:True, set_dim_gears, dynamo_export, scope, npu_print
2026-03-06T23:06:45.4915335Z (Worker_DP0_TP1_EP1 pid=2054) /usr/local/python3.11.14/lib/python3.11/site-packages/torch_npu/dynamo/torchair/configs/compiler_config.py:106: UserWarning: The following torchair config or properties may not take effect or report error in reduce-overhead mode: config.experimental_config.enable_view_optimize:True, set_dim_gears, dynamo_export, scope, npu_print
2026-03-06T23:06:45.4922936Z (Worker_DP0_TP0_EP0 pid=1242)   warnings.warn(
2026-03-06T23:06:45.4931471Z (Worker_DP0_TP1_EP1 pid=2054)   warnings.warn(
2026-03-06T23:06:45.4941958Z (Worker_DP1_TP3_EP11 pid=3170) /usr/local/python3.11.14/lib/python3.11/site-packages/torch_npu/dynamo/torchair/configs/compiler_config.py:106: UserWarning: The following torchair config or properties may not take effect or report error in reduce-overhead mode: config.experimental_config.enable_view_optimize:True, set_dim_gears, dynamo_export, scope, npu_print
2026-03-06T23:06:45.4948863Z (Worker_DP1_TP3_EP11 pid=3170)   warnings.warn(
2026-03-06T23:06:45.4959255Z (Worker_DP0_TP4_EP4 pid=3725) /usr/local/python3.11.14/lib/python3.11/site-packages/torch_npu/dynamo/torchair/configs/compiler_config.py:106: UserWarning: The following torchair config or properties may not take effect or report error in reduce-overhead mode: config.experimental_config.enable_view_optimize:True, set_dim_gears, dynamo_export, scope, npu_print
2026-03-06T23:06:45.4966390Z (Worker_DP0_TP4_EP4 pid=3725)   warnings.warn(
2026-03-06T23:06:45.4977051Z (Worker_DP0_TP3_EP3 pid=3168) /usr/local/python3.11.14/lib/python3.11/site-packages/torch_npu/dynamo/torchair/configs/compiler_config.py:106: UserWarning: The following torchair config or properties may not take effect or report error in reduce-overhead mode: config.experimental_config.enable_view_optimize:True, set_dim_gears, dynamo_export, scope, npu_print
2026-03-06T23:06:45.4984307Z (Worker_DP0_TP3_EP3 pid=3168)   warnings.warn(
2026-03-06T23:06:45.4994648Z (Worker_DP0_TP7_EP7 pid=5395) /usr/local/python3.11.14/lib/python3.11/site-packages/torch_npu/dynamo/torchair/configs/compiler_config.py:106: UserWarning: The following torchair config or properties may not take effect or report error in reduce-overhead mode: config.experimental_config.enable_view_optimize:True, set_dim_gears, dynamo_export, scope, npu_print
2026-03-06T23:06:45.5004250Z (Worker_DP1_TP5_EP13 pid=4280) /usr/local/python3.11.14/lib/python3.11/site-packages/torch_npu/dynamo/torchair/configs/compiler_config.py:106: UserWarning: The following torchair config or properties may not take effect or report error in reduce-overhead mode: config.experimental_config.enable_view_optimize:True, set_dim_gears, dynamo_export, scope, npu_print
2026-03-06T23:06:45.5012782Z (Worker_DP1_TP4_EP12 pid=3724) /usr/local/python3.11.14/lib/python3.11/site-packages/torch_npu/dynamo/torchair/configs/compiler_config.py:106: UserWarning: The following torchair config or properties may not take effect or report error in reduce-overhead mode: config.experimental_config.enable_view_optimize:True, set_dim_gears, dynamo_export, scope, npu_print
2026-03-06T23:06:45.5020317Z (Worker_DP0_TP7_EP7 pid=5395)   warnings.warn(
2026-03-06T23:06:45.5028132Z (Worker_DP1_TP5_EP13 pid=4280)   warnings.warn(
2026-03-06T23:06:45.5038190Z (Worker_DP1_TP7_EP15 pid=5392) /usr/local/python3.11.14/lib/python3.11/site-packages/torch_npu/dynamo/torchair/configs/compiler_config.py:106: UserWarning: The following torchair config or properties may not take effect or report error in reduce-overhead mode: config.experimental_config.enable_view_optimize:True, set_dim_gears, dynamo_export, scope, npu_print
2026-03-06T23:06:45.5047568Z (Worker_DP1_TP6_EP14 pid=4836) /usr/local/python3.11.14/lib/python3.11/site-packages/torch_npu/dynamo/torchair/configs/compiler_config.py:106: UserWarning: The following torchair config or properties may not take effect or report error in reduce-overhead mode: config.experimental_config.enable_view_optimize:True, set_dim_gears, dynamo_export, scope, npu_print
2026-03-06T23:06:45.5054360Z (Worker_DP1_TP4_EP12 pid=3724)   warnings.warn(
2026-03-06T23:06:45.5062180Z (Worker_DP1_TP7_EP15 pid=5392)   warnings.warn(
2026-03-06T23:06:45.5071074Z (Worker_DP1_TP6_EP14 pid=4836)   warnings.warn(
2026-03-06T23:06:45.8126046Z (Worker_DP0_TP4_EP4 pid=3725) /usr/local/python3.11.14/lib/python3.11/site-packages/torch_npu/dynamo/torchair/configs/compiler_config.py:106: UserWarning: The following torchair config or properties may not take effect or report error in reduce-overhead mode: config.experimental_config.enable_view_optimize:True, set_dim_gears, dynamo_export, scope, npu_print
2026-03-06T23:06:45.8135750Z (Worker_DP0_TP7_EP7 pid=5395) /usr/local/python3.11.14/lib/python3.11/site-packages/torch_npu/dynamo/torchair/configs/compiler_config.py:106: UserWarning: The following torchair config or properties may not take effect or report error in reduce-overhead mode: config.experimental_config.enable_view_optimize:True, set_dim_gears, dynamo_export, scope, npu_print
2026-03-06T23:06:45.8145399Z (Worker_DP0_TP5_EP5 pid=4346) /usr/local/python3.11.14/lib/python3.11/site-packages/torch_npu/dynamo/torchair/configs/compiler_config.py:106: UserWarning: The following torchair config or properties may not take effect or report error in reduce-overhead mode: config.experimental_config.enable_view_optimize:True, set_dim_gears, dynamo_export, scope, npu_print
2026-03-06T23:06:45.8152961Z (Worker_DP0_TP4_EP4 pid=3725)   warnings.warn(
2026-03-06T23:06:45.8161887Z (Worker_DP0_TP7_EP7 pid=5395)   warnings.warn(
2026-03-06T23:06:45.8172998Z (Worker_DP0_TP6_EP6 pid=4902) /usr/local/python3.11.14/lib/python3.11/site-packages/torch_npu/dynamo/torchair/configs/compiler_config.py:106: UserWarning: The following torchair config or properties may not take effect or report error in reduce-overhead mode: config.experimental_config.enable_view_optimize:True, set_dim_gears, dynamo_export, scope, npu_print
2026-03-06T23:06:45.8179610Z (Worker_DP0_TP5_EP5 pid=4346)   warnings.warn(
2026-03-06T23:06:45.8190432Z (Worker_DP0_TP3_EP3 pid=3168) /usr/local/python3.11.14/lib/python3.11/site-packages/torch_npu/dynamo/torchair/configs/compiler_config.py:106: UserWarning: The following torchair config or properties may not take effect or report error in reduce-overhead mode: config.experimental_config.enable_view_optimize:True, set_dim_gears, dynamo_export, scope, npu_print
2026-03-06T23:06:45.8199016Z (Worker_DP1_TP4_EP12 pid=3724) /usr/local/python3.11.14/lib/python3.11/site-packages/torch_npu/dynamo/torchair/configs/compiler_config.py:106: UserWarning: The following torchair config or properties may not take effect or report error in reduce-overhead mode: config.experimental_config.enable_view_optimize:True, set_dim_gears, dynamo_export, scope, npu_print
2026-03-06T23:06:45.8206209Z (Worker_DP0_TP6_EP6 pid=4902)   warnings.warn(
2026-03-06T23:06:45.8214729Z (Worker_DP0_TP3_EP3 pid=3168)   warnings.warn(
2026-03-06T23:06:45.8222741Z (Worker_DP1_TP4_EP12 pid=3724)   warnings.warn(
2026-03-06T23:06:45.8233731Z (Worker_DP1_TP5_EP13 pid=4280) /usr/local/python3.11.14/lib/python3.11/site-packages/torch_npu/dynamo/torchair/configs/compiler_config.py:106: UserWarning: The following torchair config or properties may not take effect or report error in reduce-overhead mode: config.experimental_config.enable_view_optimize:True, set_dim_gears, dynamo_export, scope, npu_print
2026-03-06T23:06:45.8240573Z (Worker_DP1_TP5_EP13 pid=4280)   warnings.warn(
2026-03-06T23:06:45.8250902Z (Worker_DP1_TP3_EP11 pid=3170) /usr/local/python3.11.14/lib/python3.11/site-packages/torch_npu/dynamo/torchair/configs/compiler_config.py:106: UserWarning: The following torchair config or properties may not take effect or report error in reduce-overhead mode: config.experimental_config.enable_view_optimize:True, set_dim_gears, dynamo_export, scope, npu_print
2026-03-06T23:06:45.8261011Z (Worker_DP1_TP7_EP15 pid=5392) /usr/local/python3.11.14/lib/python3.11/site-packages/torch_npu/dynamo/torchair/configs/compiler_config.py:106: UserWarning: The following torchair config or properties may not take effect or report error in reduce-overhead mode: config.experimental_config.enable_view_optimize:True, set_dim_gears, dynamo_export, scope, npu_print
2026-03-06T23:06:45.8269490Z (Worker_DP1_TP6_EP14 pid=4836) /usr/local/python3.11.14/lib/python3.11/site-packages/torch_npu/dynamo/torchair/configs/compiler_config.py:106: UserWarning: The following torchair config or properties may not take effect or report error in reduce-overhead mode: config.experimental_config.enable_view_optimize:True, set_dim_gears, dynamo_export, scope, npu_print
2026-03-06T23:06:45.8276704Z (Worker_DP1_TP3_EP11 pid=3170)   warnings.warn(
2026-03-06T23:06:45.8284767Z (Worker_DP1_TP6_EP14 pid=4836)   warnings.warn(
2026-03-06T23:06:45.8292754Z (Worker_DP1_TP7_EP15 pid=5392)   warnings.warn(
2026-03-06T23:06:45.8303186Z (Worker_DP0_TP0_EP0 pid=1242) /usr/local/python3.11.14/lib/python3.11/site-packages/torch_npu/dynamo/torchair/configs/compiler_config.py:106: UserWarning: The following torchair config or properties may not take effect or report error in reduce-overhead mode: config.experimental_config.enable_view_optimize:True, set_dim_gears, dynamo_export, scope, npu_print
2026-03-06T23:06:45.8312296Z (Worker_DP0_TP1_EP1 pid=2054) /usr/local/python3.11.14/lib/python3.11/site-packages/torch_npu/dynamo/torchair/configs/compiler_config.py:106: UserWarning: The following torchair config or properties may not take effect or report error in reduce-overhead mode: config.experimental_config.enable_view_optimize:True, set_dim_gears, dynamo_export, scope, npu_print
2026-03-06T23:06:45.8321036Z (Worker_DP1_TP0_EP8 pid=1243) /usr/local/python3.11.14/lib/python3.11/site-packages/torch_npu/dynamo/torchair/configs/compiler_config.py:106: UserWarning: The following torchair config or properties may not take effect or report error in reduce-overhead mode: config.experimental_config.enable_view_optimize:True, set_dim_gears, dynamo_export, scope, npu_print
2026-03-06T23:06:45.8328137Z (Worker_DP0_TP0_EP0 pid=1242)   warnings.warn(
2026-03-06T23:06:45.8336405Z (Worker_DP0_TP1_EP1 pid=2054)   warnings.warn(
2026-03-06T23:06:45.8344380Z (Worker_DP1_TP0_EP8 pid=1243)   warnings.warn(
2026-03-06T23:06:45.8354750Z (Worker_DP1_TP1_EP9 pid=2120) /usr/local/python3.11.14/lib/python3.11/site-packages/torch_npu/dynamo/torchair/configs/compiler_config.py:106: UserWarning: The following torchair config or properties may not take effect or report error in reduce-overhead mode: config.experimental_config.enable_view_optimize:True, set_dim_gears, dynamo_export, scope, npu_print
2026-03-06T23:06:45.8363678Z (Worker_DP1_TP2_EP10 pid=2615) /usr/local/python3.11.14/lib/python3.11/site-packages/torch_npu/dynamo/torchair/configs/compiler_config.py:106: UserWarning: The following torchair config or properties may not take effect or report error in reduce-overhead mode: config.experimental_config.enable_view_optimize:True, set_dim_gears, dynamo_export, scope, npu_print
2026-03-06T23:06:45.8370987Z (Worker_DP1_TP1_EP9 pid=2120)   warnings.warn(
2026-03-06T23:06:45.8379619Z (Worker_DP1_TP2_EP10 pid=2615)   warnings.warn(
2026-03-06T23:06:45.8389348Z (Worker_DP0_TP2_EP2 pid=2612) /usr/local/python3.11.14/lib/python3.11/site-packages/torch_npu/dynamo/torchair/configs/compiler_config.py:106: UserWarning: The following torchair config or properties may not take effect or report error in reduce-overhead mode: config.experimental_config.enable_view_optimize:True, set_dim_gears, dynamo_export, scope, npu_print
2026-03-06T23:06:45.8396343Z (Worker_DP0_TP2_EP2 pid=2612)   warnings.warn(
2026-03-06T23:06:46.1456134Z (Worker_DP1_TP3_EP11 pid=3170) /usr/local/python3.11.14/lib/python3.11/site-packages/torch_npu/dynamo/torchair/configs/compiler_config.py:106: UserWarning: The following torchair config or properties may not take effect or report error in reduce-overhead mode: config.experimental_config.enable_view_optimize:True, set_dim_gears, dynamo_export, scope, npu_print
2026-03-06T23:06:46.1464953Z (Worker_DP0_TP6_EP6 pid=4902) /usr/local/python3.11.14/lib/python3.11/site-packages/torch_npu/dynamo/torchair/configs/compiler_config.py:106: UserWarning: The following torchair config or properties may not take effect or report error in reduce-overhead mode: config.experimental_config.enable_view_optimize:True, set_dim_gears, dynamo_export, scope, npu_print
2026-03-06T23:06:46.1474908Z (Worker_DP1_TP6_EP14 pid=4836) /usr/local/python3.11.14/lib/python3.11/site-packages/torch_npu/dynamo/torchair/configs/compiler_config.py:106: UserWarning: The following torchair config or properties may not take effect or report error in reduce-overhead mode: config.experimental_config.enable_view_optimize:True, set_dim_gears, dynamo_export, scope, npu_print
2026-03-06T23:06:46.1484189Z (Worker_DP0_TP2_EP2 pid=2612) /usr/local/python3.11.14/lib/python3.11/site-packages/torch_npu/dynamo/torchair/configs/compiler_config.py:106: UserWarning: The following torchair config or properties may not take effect or report error in reduce-overhead mode: config.experimental_config.enable_view_optimize:True, set_dim_gears, dynamo_export, scope, npu_print
2026-03-06T23:06:46.1493278Z (Worker_DP0_TP3_EP3 pid=3168) /usr/local/python3.11.14/lib/python3.11/site-packages/torch_npu/dynamo/torchair/configs/compiler_config.py:106: UserWarning: The following torchair config or properties may not take effect or report error in reduce-overhead mode: config.experimental_config.enable_view_optimize:True, set_dim_gears, dynamo_export, scope, npu_print
2026-03-06T23:06:46.1500869Z (Worker_DP0_TP6_EP6 pid=4902)   warnings.warn(
2026-03-06T23:06:46.1510327Z (Worker_DP1_TP3_EP11 pid=3170)   warnings.warn(
2026-03-06T23:06:46.1517873Z (Worker_DP1_TP6_EP14 pid=4836)   warnings.warn(
2026-03-06T23:06:46.1526695Z (Worker_DP0_TP2_EP2 pid=2612)   warnings.warn(
2026-03-06T23:06:46.1537112Z (Worker_DP1_TP4_EP12 pid=3724) /usr/local/python3.11.14/lib/python3.11/site-packages/torch_npu/dynamo/torchair/configs/compiler_config.py:106: UserWarning: The following torchair config or properties may not take effect or report error in reduce-overhead mode: config.experimental_config.enable_view_optimize:True, set_dim_gears, dynamo_export, scope, npu_print
2026-03-06T23:06:46.1545579Z (Worker_DP0_TP5_EP5 pid=4346) /usr/local/python3.11.14/lib/python3.11/site-packages/torch_npu/dynamo/torchair/configs/compiler_config.py:106: UserWarning: The following torchair config or properties may not take effect or report error in reduce-overhead mode: config.experimental_config.enable_view_optimize:True, set_dim_gears, dynamo_export, scope, npu_print
2026-03-06T23:06:46.1554415Z (Worker_DP1_TP2_EP10 pid=2615) /usr/local/python3.11.14/lib/python3.11/site-packages/torch_npu/dynamo/torchair/configs/compiler_config.py:106: UserWarning: The following torchair config or properties may not take effect or report error in reduce-overhead mode: config.experimental_config.enable_view_optimize:True, set_dim_gears, dynamo_export, scope, npu_print
2026-03-06T23:06:46.1563966Z (Worker_DP1_TP5_EP13 pid=4280) /usr/local/python3.11.14/lib/python3.11/site-packages/torch_npu/dynamo/torchair/configs/compiler_config.py:106: UserWarning: The following torchair config or properties may not take effect or report error in reduce-overhead mode: config.experimental_config.enable_view_optimize:True, set_dim_gears, dynamo_export, scope, npu_print
2026-03-06T23:06:46.1573089Z (Worker_DP0_TP4_EP4 pid=3725) /usr/local/python3.11.14/lib/python3.11/site-packages/torch_npu/dynamo/torchair/configs/compiler_config.py:106: UserWarning: The following torchair config or properties may not take effect or report error in reduce-overhead mode: config.experimental_config.enable_view_optimize:True, set_dim_gears, dynamo_export, scope, npu_print
2026-03-06T23:06:46.1581821Z (Worker_DP0_TP7_EP7 pid=5395) /usr/local/python3.11.14/lib/python3.11/site-packages/torch_npu/dynamo/torchair/configs/compiler_config.py:106: UserWarning: The following torchair config or properties may not take effect or report error in reduce-overhead mode: config.experimental_config.enable_view_optimize:True, set_dim_gears, dynamo_export, scope, npu_print
2026-03-06T23:06:46.1589041Z (Worker_DP0_TP3_EP3 pid=3168)   warnings.warn(
2026-03-06T23:06:46.1599380Z (Worker_DP1_TP0_EP8 pid=1243) /usr/local/python3.11.14/lib/python3.11/site-packages/torch_npu/dynamo/torchair/configs/compiler_config.py:106: UserWarning: The following torchair config or properties may not take effect or report error in reduce-overhead mode: config.experimental_config.enable_view_optimize:True, set_dim_gears, dynamo_export, scope, npu_print
2026-03-06T23:06:46.1607902Z (Worker_DP1_TP1_EP9 pid=2120) /usr/local/python3.11.14/lib/python3.11/site-packages/torch_npu/dynamo/torchair/configs/compiler_config.py:106: UserWarning: The following torchair config or properties may not take effect or report error in reduce-overhead mode: config.experimental_config.enable_view_optimize:True, set_dim_gears, dynamo_export, scope, npu_print
2026-03-06T23:06:46.1614680Z (Worker_DP1_TP4_EP12 pid=3724)   warnings.warn(
2026-03-06T23:06:46.1622557Z (Worker_DP0_TP5_EP5 pid=4346)   warnings.warn(
2026-03-06T23:06:46.1631313Z (Worker_DP1_TP2_EP10 pid=2615)   warnings.warn(
2026-03-06T23:06:46.1640160Z (Worker_DP1_TP5_EP13 pid=4280)   warnings.warn(
2026-03-06T23:06:46.1650884Z (Worker_DP1_TP7_EP15 pid=5392) /usr/local/python3.11.14/lib/python3.11/site-packages/torch_npu/dynamo/torchair/configs/compiler_config.py:106: UserWarning: The following torchair config or properties may not take effect or report error in reduce-overhead mode: config.experimental_config.enable_view_optimize:True, set_dim_gears, dynamo_export, scope, npu_print
2026-03-06T23:06:46.1658134Z (Worker_DP0_TP4_EP4 pid=3725)   warnings.warn(
2026-03-06T23:06:46.1666347Z (Worker_DP0_TP7_EP7 pid=5395)   warnings.warn(
2026-03-06T23:06:46.1676053Z (Worker_DP0_TP1_EP1 pid=2054) /usr/local/python3.11.14/lib/python3.11/site-packages/torch_npu/dynamo/torchair/configs/compiler_config.py:106: UserWarning: The following torchair config or properties may not take effect or report error in reduce-overhead mode: config.experimental_config.enable_view_optimize:True, set_dim_gears, dynamo_export, scope, npu_print
2026-03-06T23:06:46.1682501Z (Worker_DP1_TP1_EP9 pid=2120)   warnings.warn(
2026-03-06T23:06:46.1690826Z (Worker_DP1_TP0_EP8 pid=1243)   warnings.warn(
2026-03-06T23:06:46.1700891Z (Worker_DP0_TP0_EP0 pid=1242) /usr/local/python3.11.14/lib/python3.11/site-packages/torch_npu/dynamo/torchair/configs/compiler_config.py:106: UserWarning: The following torchair config or properties may not take effect or report error in reduce-overhead mode: config.experimental_config.enable_view_optimize:True, set_dim_gears, dynamo_export, scope, npu_print
2026-03-06T23:06:46.1707790Z (Worker_DP1_TP7_EP15 pid=5392)   warnings.warn(
2026-03-06T23:06:46.1716082Z (Worker_DP0_TP1_EP1 pid=2054)   warnings.warn(
2026-03-06T23:06:46.1723906Z (Worker_DP0_TP0_EP0 pid=1242)   warnings.warn(
2026-03-06T23:06:46.4767089Z (Worker_DP1_TP2_EP10 pid=2615) /usr/local/python3.11.14/lib/python3.11/site-packages/torch_npu/dynamo/torchair/configs/compiler_config.py:106: UserWarning: The following torchair config or properties may not take effect or report error in reduce-overhead mode: config.experimental_config.enable_view_optimize:True, set_dim_gears, dynamo_export, scope, npu_print
2026-03-06T23:06:46.4775232Z (Worker_DP0_TP6_EP6 pid=4902) /usr/local/python3.11.14/lib/python3.11/site-packages/torch_npu/dynamo/torchair/configs/compiler_config.py:106: UserWarning: The following torchair config or properties may not take effect or report error in reduce-overhead mode: config.experimental_config.enable_view_optimize:True, set_dim_gears, dynamo_export, scope, npu_print
2026-03-06T23:06:46.4785394Z (Worker_DP0_TP2_EP2 pid=2612) /usr/local/python3.11.14/lib/python3.11/site-packages/torch_npu/dynamo/torchair/configs/compiler_config.py:106: UserWarning: The following torchair config or properties may not take effect or report error in reduce-overhead mode: config.experimental_config.enable_view_optimize:True, set_dim_gears, dynamo_export, scope, npu_print
2026-03-06T23:06:46.4792648Z (Worker_DP0_TP6_EP6 pid=4902)   warnings.warn(
2026-03-06T23:06:46.4801710Z (Worker_DP1_TP2_EP10 pid=2615)   warnings.warn(
2026-03-06T23:06:46.4812008Z (Worker_DP1_TP6_EP14 pid=4836) /usr/local/python3.11.14/lib/python3.11/site-packages/torch_npu/dynamo/torchair/configs/compiler_config.py:106: UserWarning: The following torchair config or properties may not take effect or report error in reduce-overhead mode: config.experimental_config.enable_view_optimize:True, set_dim_gears, dynamo_export, scope, npu_print
2026-03-06T23:06:46.4822029Z (Worker_DP1_TP3_EP11 pid=3170) /usr/local/python3.11.14/lib/python3.11/site-packages/torch_npu/dynamo/torchair/configs/compiler_config.py:106: UserWarning: The following torchair config or properties may not take effect or report error in reduce-overhead mode: config.experimental_config.enable_view_optimize:True, set_dim_gears, dynamo_export, scope, npu_print
2026-03-06T23:06:46.4828705Z (Worker_DP0_TP2_EP2 pid=2612)   warnings.warn(
2026-03-06T23:06:46.4840050Z (Worker_DP0_TP3_EP3 pid=3168) /usr/local/python3.11.14/lib/python3.11/site-packages/torch_npu/dynamo/torchair/configs/compiler_config.py:106: UserWarning: The following torchair config or properties may not take effect or report error in reduce-overhead mode: config.experimental_config.enable_view_optimize:True, set_dim_gears, dynamo_export, scope, npu_print
2026-03-06T23:06:46.4848852Z (Worker_DP0_TP4_EP4 pid=3725) /usr/local/python3.11.14/lib/python3.11/site-packages/torch_npu/dynamo/torchair/configs/compiler_config.py:106: UserWarning: The following torchair config or properties may not take effect or report error in reduce-overhead mode: config.experimental_config.enable_view_optimize:True, set_dim_gears, dynamo_export, scope, npu_print
2026-03-06T23:06:46.4856376Z (Worker_DP1_TP6_EP14 pid=4836)   warnings.warn(
2026-03-06T23:06:46.4865492Z (Worker_DP1_TP3_EP11 pid=3170)   warnings.warn(
2026-03-06T23:06:46.4873609Z (Worker_DP0_TP3_EP3 pid=3168)   warnings.warn(
2026-03-06T23:06:46.4882252Z (Worker_DP0_TP4_EP4 pid=3725)   warnings.warn(
2026-03-06T23:06:46.4892602Z (Worker_DP1_TP0_EP8 pid=1243) /usr/local/python3.11.14/lib/python3.11/site-packages/torch_npu/dynamo/torchair/configs/compiler_config.py:106: UserWarning: The following torchair config or properties may not take effect or report error in reduce-overhead mode: config.experimental_config.enable_view_optimize:True, set_dim_gears, dynamo_export, scope, npu_print
2026-03-06T23:06:46.4901408Z (Worker_DP0_TP0_EP0 pid=1242) /usr/local/python3.11.14/lib/python3.11/site-packages/torch_npu/dynamo/torchair/configs/compiler_config.py:106: UserWarning: The following torchair config or properties may not take effect or report error in reduce-overhead mode: config.experimental_config.enable_view_optimize:True, set_dim_gears, dynamo_export, scope, npu_print
2026-03-06T23:06:46.4908997Z (Worker_DP1_TP0_EP8 pid=1243)   warnings.warn(
2026-03-06T23:06:46.4918778Z (Worker_DP0_TP1_EP1 pid=2054) /usr/local/python3.11.14/lib/python3.11/site-packages/torch_npu/dynamo/torchair/configs/compiler_config.py:106: UserWarning: The following torchair config or properties may not take effect or report error in reduce-overhead mode: config.experimental_config.enable_view_optimize:True, set_dim_gears, dynamo_export, scope, npu_print
2026-03-06T23:06:46.4927593Z (Worker_DP1_TP7_EP15 pid=5392) /usr/local/python3.11.14/lib/python3.11/site-packages/torch_npu/dynamo/torchair/configs/compiler_config.py:106: UserWarning: The following torchair config or properties may not take effect or report error in reduce-overhead mode: config.experimental_config.enable_view_optimize:True, set_dim_gears, dynamo_export, scope, npu_print
2026-03-06T23:06:46.4934015Z (Worker_DP0_TP0_EP0 pid=1242)   warnings.warn(
2026-03-06T23:06:46.4942358Z (Worker_DP0_TP1_EP1 pid=2054)   warnings.warn(
2026-03-06T23:06:46.4950823Z (Worker_DP1_TP7_EP15 pid=5392)   warnings.warn(
2026-03-06T23:06:46.4961703Z (Worker_DP0_TP7_EP7 pid=5395) /usr/local/python3.11.14/lib/python3.11/site-packages/torch_npu/dynamo/torchair/configs/compiler_config.py:106: UserWarning: The following torchair config or properties may not take effect or report error in reduce-overhead mode: config.experimental_config.enable_view_optimize:True, set_dim_gears, dynamo_export, scope, npu_print
2026-03-06T23:06:46.4970105Z (Worker_DP1_TP4_EP12 pid=3724) /usr/local/python3.11.14/lib/python3.11/site-packages/torch_npu/dynamo/torchair/configs/compiler_config.py:106: UserWarning: The following torchair config or properties may not take effect or report error in reduce-overhead mode: config.experimental_config.enable_view_optimize:True, set_dim_gears, dynamo_export, scope, npu_print
2026-03-06T23:06:46.4978499Z (Worker_DP1_TP5_EP13 pid=4280) /usr/local/python3.11.14/lib/python3.11/site-packages/torch_npu/dynamo/torchair/configs/compiler_config.py:106: UserWarning: The following torchair config or properties may not take effect or report error in reduce-overhead mode: config.experimental_config.enable_view_optimize:True, set_dim_gears, dynamo_export, scope, npu_print
2026-03-06T23:06:46.4986247Z (Worker_DP0_TP7_EP7 pid=5395)   warnings.warn(
2026-03-06T23:06:46.4994425Z (Worker_DP1_TP4_EP12 pid=3724)   warnings.warn(
2026-03-06T23:06:46.5002424Z (Worker_DP1_TP5_EP13 pid=4280)   warnings.warn(
2026-03-06T23:06:46.5012911Z (Worker_DP0_TP5_EP5 pid=4346) /usr/local/python3.11.14/lib/python3.11/site-packages/torch_npu/dynamo/torchair/configs/compiler_config.py:106: UserWarning: The following torchair config or properties may not take effect or report error in reduce-overhead mode: config.experimental_config.enable_view_optimize:True, set_dim_gears, dynamo_export, scope, npu_print
2026-03-06T23:06:46.5020238Z (Worker_DP0_TP5_EP5 pid=4346)   warnings.warn(
2026-03-06T23:06:46.5030883Z (Worker_DP1_TP1_EP9 pid=2120) /usr/local/python3.11.14/lib/python3.11/site-packages/torch_npu/dynamo/torchair/configs/compiler_config.py:106: UserWarning: The following torchair config or properties may not take effect or report error in reduce-overhead mode: config.experimental_config.enable_view_optimize:True, set_dim_gears, dynamo_export, scope, npu_print
2026-03-06T23:06:46.5037536Z (Worker_DP1_TP1_EP9 pid=2120)   warnings.warn(
2026-03-06T23:06:46.8079292Z (Worker_DP1_TP2_EP10 pid=2615) /usr/local/python3.11.14/lib/python3.11/site-packages/torch_npu/dynamo/torchair/configs/compiler_config.py:106: UserWarning: The following torchair config or properties may not take effect or report error in reduce-overhead mode: config.experimental_config.enable_view_optimize:True, set_dim_gears, dynamo_export, scope, npu_print
2026-03-06T23:06:46.8089224Z (Worker_DP0_TP3_EP3 pid=3168) /usr/local/python3.11.14/lib/python3.11/site-packages/torch_npu/dynamo/torchair/configs/compiler_config.py:106: UserWarning: The following torchair config or properties may not take effect or report error in reduce-overhead mode: config.experimental_config.enable_view_optimize:True, set_dim_gears, dynamo_export, scope, npu_print
2026-03-06T23:06:46.8098748Z (Worker_DP1_TP3_EP11 pid=3170) /usr/local/python3.11.14/lib/python3.11/site-packages/torch_npu/dynamo/torchair/configs/compiler_config.py:106: UserWarning: The following torchair config or properties may not take effect or report error in reduce-overhead mode: config.experimental_config.enable_view_optimize:True, set_dim_gears, dynamo_export, scope, npu_print
2026-03-06T23:06:46.8108563Z (Worker_DP0_TP0_EP0 pid=1242) /usr/local/python3.11.14/lib/python3.11/site-packages/torch_npu/dynamo/torchair/configs/compiler_config.py:106: UserWarning: The following torchair config or properties may not take effect or report error in reduce-overhead mode: config.experimental_config.enable_view_optimize:True, set_dim_gears, dynamo_export, scope, npu_print
2026-03-06T23:06:46.8117773Z (Worker_DP0_TP1_EP1 pid=2054) /usr/local/python3.11.14/lib/python3.11/site-packages/torch_npu/dynamo/torchair/configs/compiler_config.py:106: UserWarning: The following torchair config or properties may not take effect or report error in reduce-overhead mode: config.experimental_config.enable_view_optimize:True, set_dim_gears, dynamo_export, scope, npu_print
2026-03-06T23:06:46.8124974Z (Worker_DP1_TP2_EP10 pid=2615)   warnings.warn(
2026-03-06T23:06:46.8136515Z (Worker_DP0_TP7_EP7 pid=5395) /usr/local/python3.11.14/lib/python3.11/site-packages/torch_npu/dynamo/torchair/configs/compiler_config.py:106: UserWarning: The following torchair config or properties may not take effect or report error in reduce-overhead mode: config.experimental_config.enable_view_optimize:True, set_dim_gears, dynamo_export, scope, npu_print
2026-03-06T23:06:46.8144862Z (Worker_DP0_TP3_EP3 pid=3168)   warnings.warn(
2026-03-06T23:06:46.8153308Z (Worker_DP1_TP3_EP11 pid=3170)   warnings.warn(
2026-03-06T23:06:46.8164400Z (Worker_DP1_TP4_EP12 pid=3724) /usr/local/python3.11.14/lib/python3.11/site-packages/torch_npu/dynamo/torchair/configs/compiler_config.py:106: UserWarning: The following torchair config or properties may not take effect or report error in reduce-overhead mode: config.experimental_config.enable_view_optimize:True, set_dim_gears, dynamo_export, scope, npu_print
2026-03-06T23:06:46.8174886Z (Worker_DP1_TP5_EP13 pid=4280) /usr/local/python3.11.14/lib/python3.11/site-packages/torch_npu/dynamo/torchair/configs/compiler_config.py:106: UserWarning: The following torchair config or properties may not take effect or report error in reduce-overhead mode: config.experimental_config.enable_view_optimize:True, set_dim_gears, dynamo_export, scope, npu_print
2026-03-06T23:06:46.8183175Z (Worker_DP0_TP7_EP7 pid=5395)   warnings.warn(
2026-03-06T23:06:46.8194066Z (Worker_DP1_TP7_EP15 pid=5392) /usr/local/python3.11.14/lib/python3.11/site-packages/torch_npu/dynamo/torchair/configs/compiler_config.py:106: UserWarning: The following torchair config or properties may not take effect or report error in reduce-overhead mode: config.experimental_config.enable_view_optimize:True, set_dim_gears, dynamo_export, scope, npu_print
2026-03-06T23:06:46.8218846Z (Worker_DP1_TP6_EP14 pid=4836) /usr/local/python3.11.14/lib/python3.11/site-packages/torch_npu/dynamo/torchair/configs/compiler_config.py:106: UserWarning: The following torchair config or properties may not take effect or report error in reduce-overhead mode: config.experimental_config.enable_view_optimize:True, set_dim_gears, dynamo_export, scope, npu_print
2026-03-06T23:06:46.8226715Z (Worker_DP0_TP0_EP0 pid=1242)   warnings.warn(
2026-03-06T23:06:46.8235460Z (Worker_DP0_TP1_EP1 pid=2054)   warnings.warn(
2026-03-06T23:06:46.8247344Z (Worker_DP1_TP1_EP9 pid=2120) /usr/local/python3.11.14/lib/python3.11/site-packages/torch_npu/dynamo/torchair/configs/compiler_config.py:106: UserWarning: The following torchair config or properties may not take effect or report error in reduce-overhead mode: config.experimental_config.enable_view_optimize:True, set_dim_gears, dynamo_export, scope, npu_print
2026-03-06T23:06:46.8257431Z (Worker_DP0_TP4_EP4 pid=3725) /usr/local/python3.11.14/lib/python3.11/site-packages/torch_npu/dynamo/torchair/configs/compiler_config.py:106: UserWarning: The following torchair config or properties may not take effect or report error in reduce-overhead mode: config.experimental_config.enable_view_optimize:True, set_dim_gears, dynamo_export, scope, npu_print
2026-03-06T23:06:46.8268095Z (Worker_DP1_TP0_EP8 pid=1243) /usr/local/python3.11.14/lib/python3.11/site-packages/torch_npu/dynamo/torchair/configs/compiler_config.py:106: UserWarning: The following torchair config or properties may not take effect or report error in reduce-overhead mode: config.experimental_config.enable_view_optimize:True, set_dim_gears, dynamo_export, scope, npu_print
2026-03-06T23:06:46.8275753Z (Worker_DP1_TP5_EP13 pid=4280)   warnings.warn(
2026-03-06T23:06:46.8284554Z (Worker_DP1_TP4_EP12 pid=3724)   warnings.warn(
2026-03-06T23:06:46.8293672Z (Worker_DP1_TP6_EP14 pid=4836)   warnings.warn(
2026-03-06T23:06:46.8302636Z (Worker_DP1_TP7_EP15 pid=5392)   warnings.warn(
2026-03-06T23:06:46.8311624Z (Worker_DP1_TP1_EP9 pid=2120)   warnings.warn(
2026-03-06T23:06:46.8320094Z (Worker_DP0_TP4_EP4 pid=3725)   warnings.warn(
2026-03-06T23:06:46.8328169Z (Worker_DP1_TP0_EP8 pid=1243)   warnings.warn(
2026-03-06T23:06:46.8339055Z (Worker_DP0_TP6_EP6 pid=4902) /usr/local/python3.11.14/lib/python3.11/site-packages/torch_npu/dynamo/torchair/configs/compiler_config.py:106: UserWarning: The following torchair config or properties may not take effect or report error in reduce-overhead mode: config.experimental_config.enable_view_optimize:True, set_dim_gears, dynamo_export, scope, npu_print
2026-03-06T23:06:46.8345729Z (Worker_DP0_TP6_EP6 pid=4902)   warnings.warn(
2026-03-06T23:06:46.8355929Z (Worker_DP0_TP5_EP5 pid=4346) /usr/local/python3.11.14/lib/python3.11/site-packages/torch_npu/dynamo/torchair/configs/compiler_config.py:106: UserWarning: The following torchair config or properties may not take effect or report error in reduce-overhead mode: config.experimental_config.enable_view_optimize:True, set_dim_gears, dynamo_export, scope, npu_print
2026-03-06T23:06:46.8362682Z (Worker_DP0_TP5_EP5 pid=4346)   warnings.warn(
2026-03-06T23:06:46.8372962Z (Worker_DP0_TP2_EP2 pid=2612) /usr/local/python3.11.14/lib/python3.11/site-packages/torch_npu/dynamo/torchair/configs/compiler_config.py:106: UserWarning: The following torchair config or properties may not take effect or report error in reduce-overhead mode: config.experimental_config.enable_view_optimize:True, set_dim_gears, dynamo_export, scope, npu_print
2026-03-06T23:06:46.8380389Z (Worker_DP0_TP2_EP2 pid=2612)   warnings.warn(
2026-03-06T23:06:47.1424600Z (Worker_DP0_TP2_EP2 pid=2612) /usr/local/python3.11.14/lib/python3.11/site-packages/torch_npu/dynamo/torchair/configs/compiler_config.py:106: UserWarning: The following torchair config or properties may not take effect or report error in reduce-overhead mode: config.experimental_config.enable_view_optimize:True, set_dim_gears, dynamo_export, scope, npu_print
2026-03-06T23:06:47.1434095Z (Worker_DP0_TP5_EP5 pid=4346) /usr/local/python3.11.14/lib/python3.11/site-packages/torch_npu/dynamo/torchair/configs/compiler_config.py:106: UserWarning: The following torchair config or properties may not take effect or report error in reduce-overhead mode: config.experimental_config.enable_view_optimize:True, set_dim_gears, dynamo_export, scope, npu_print
2026-03-06T23:06:47.1443491Z (Worker_DP0_TP6_EP6 pid=4902) /usr/local/python3.11.14/lib/python3.11/site-packages/torch_npu/dynamo/torchair/configs/compiler_config.py:106: UserWarning: The following torchair config or properties may not take effect or report error in reduce-overhead mode: config.experimental_config.enable_view_optimize:True, set_dim_gears, dynamo_export, scope, npu_print
2026-03-06T23:06:47.1453017Z (Worker_DP1_TP4_EP12 pid=3724) /usr/local/python3.11.14/lib/python3.11/site-packages/torch_npu/dynamo/torchair/configs/compiler_config.py:106: UserWarning: The following torchair config or properties may not take effect or report error in reduce-overhead mode: config.experimental_config.enable_view_optimize:True, set_dim_gears, dynamo_export, scope, npu_print
2026-03-06T23:06:47.1462248Z (Worker_DP1_TP3_EP11 pid=3170) /usr/local/python3.11.14/lib/python3.11/site-packages/torch_npu/dynamo/torchair/configs/compiler_config.py:106: UserWarning: The following torchair config or properties may not take effect or report error in reduce-overhead mode: config.experimental_config.enable_view_optimize:True, set_dim_gears, dynamo_export, scope, npu_print
2026-03-06T23:06:47.1472012Z (Worker_DP1_TP1_EP9 pid=2120) /usr/local/python3.11.14/lib/python3.11/site-packages/torch_npu/dynamo/torchair/configs/compiler_config.py:106: UserWarning: The following torchair config or properties may not take effect or report error in reduce-overhead mode: config.experimental_config.enable_view_optimize:True, set_dim_gears, dynamo_export, scope, npu_print
2026-03-06T23:06:47.1481550Z (Worker_DP1_TP6_EP14 pid=4836) /usr/local/python3.11.14/lib/python3.11/site-packages/torch_npu/dynamo/torchair/configs/compiler_config.py:106: UserWarning: The following torchair config or properties may not take effect or report error in reduce-overhead mode: config.experimental_config.enable_view_optimize:True, set_dim_gears, dynamo_export, scope, npu_print
2026-03-06T23:06:47.1491420Z (Worker_DP0_TP4_EP4 pid=3725) /usr/local/python3.11.14/lib/python3.11/site-packages/torch_npu/dynamo/torchair/configs/compiler_config.py:106: UserWarning: The following torchair config or properties may not take effect or report error in reduce-overhead mode: config.experimental_config.enable_view_optimize:True, set_dim_gears, dynamo_export, scope, npu_print
2026-03-06T23:06:47.1500110Z (Worker_DP1_TP0_EP8 pid=1243) /usr/local/python3.11.14/lib/python3.11/site-packages/torch_npu/dynamo/torchair/configs/compiler_config.py:106: UserWarning: The following torchair config or properties may not take effect or report error in reduce-overhead mode: config.experimental_config.enable_view_optimize:True, set_dim_gears, dynamo_export, scope, npu_print
2026-03-06T23:06:47.1509999Z (Worker_DP1_TP5_EP13 pid=4280) /usr/local/python3.11.14/lib/python3.11/site-packages/torch_npu/dynamo/torchair/configs/compiler_config.py:106: UserWarning: The following torchair config or properties may not take effect or report error in reduce-overhead mode: config.experimental_config.enable_view_optimize:True, set_dim_gears, dynamo_export, scope, npu_print
2026-03-06T23:06:47.1517179Z (Worker_DP1_TP1_EP9 pid=2120)   warnings.warn(
2026-03-06T23:06:47.1526093Z (Worker_DP0_TP2_EP2 pid=2612)   warnings.warn(
2026-03-06T23:06:47.1534610Z (Worker_DP0_TP4_EP4 pid=3725)   warnings.warn(
2026-03-06T23:06:47.1543061Z (Worker_DP1_TP0_EP8 pid=1243)   warnings.warn(
2026-03-06T23:06:47.1553845Z (Worker_DP0_TP0_EP0 pid=1242) /usr/local/python3.11.14/lib/python3.11/site-packages/torch_npu/dynamo/torchair/configs/compiler_config.py:106: UserWarning: The following torchair config or properties may not take effect or report error in reduce-overhead mode: config.experimental_config.enable_view_optimize:True, set_dim_gears, dynamo_export, scope, npu_print
2026-03-06T23:06:47.1563371Z (Worker_DP0_TP1_EP1 pid=2054) /usr/local/python3.11.14/lib/python3.11/site-packages/torch_npu/dynamo/torchair/configs/compiler_config.py:106: UserWarning: The following torchair config or properties may not take effect or report error in reduce-overhead mode: config.experimental_config.enable_view_optimize:True, set_dim_gears, dynamo_export, scope, npu_print
2026-03-06T23:06:47.1570310Z (Worker_DP0_TP5_EP5 pid=4346)   warnings.warn(
2026-03-06T23:06:47.1578123Z (Worker_DP0_TP6_EP6 pid=4902)   warnings.warn(
2026-03-06T23:06:47.1588509Z (Worker_DP0_TP7_EP7 pid=5395) /usr/local/python3.11.14/lib/python3.11/site-packages/torch_npu/dynamo/torchair/configs/compiler_config.py:106: UserWarning: The following torchair config or properties may not take effect or report error in reduce-overhead mode: config.experimental_config.enable_view_optimize:True, set_dim_gears, dynamo_export, scope, npu_print
2026-03-06T23:06:47.1597894Z (Worker_DP0_TP3_EP3 pid=3168) /usr/local/python3.11.14/lib/python3.11/site-packages/torch_npu/dynamo/torchair/configs/compiler_config.py:106: UserWarning: The following torchair config or properties may not take effect or report error in reduce-overhead mode: config.experimental_config.enable_view_optimize:True, set_dim_gears, dynamo_export, scope, npu_print
2026-03-06T23:06:47.1604940Z (Worker_DP1_TP4_EP12 pid=3724)   warnings.warn(
2026-03-06T23:06:47.1613633Z (Worker_DP1_TP3_EP11 pid=3170)   warnings.warn(
2026-03-06T23:06:47.1622144Z (Worker_DP0_TP7_EP7 pid=5395)   warnings.warn(
2026-03-06T23:06:47.1630581Z (Worker_DP1_TP6_EP14 pid=4836)   warnings.warn(
2026-03-06T23:06:47.1641539Z (Worker_DP1_TP2_EP10 pid=2615) /usr/local/python3.11.14/lib/python3.11/site-packages/torch_npu/dynamo/torchair/configs/compiler_config.py:106: UserWarning: The following torchair config or properties may not take effect or report error in reduce-overhead mode: config.experimental_config.enable_view_optimize:True, set_dim_gears, dynamo_export, scope, npu_print
2026-03-06T23:06:47.1647855Z (Worker_DP1_TP5_EP13 pid=4280)   warnings.warn(
2026-03-06T23:06:47.1658530Z (Worker_DP1_TP7_EP15 pid=5392) /usr/local/python3.11.14/lib/python3.11/site-packages/torch_npu/dynamo/torchair/configs/compiler_config.py:106: UserWarning: The following torchair config or properties may not take effect or report error in reduce-overhead mode: config.experimental_config.enable_view_optimize:True, set_dim_gears, dynamo_export, scope, npu_print
2026-03-06T23:06:47.1665196Z (Worker_DP0_TP0_EP0 pid=1242)   warnings.warn(
2026-03-06T23:06:47.1673479Z (Worker_DP0_TP1_EP1 pid=2054)   warnings.warn(
2026-03-06T23:06:47.1681563Z (Worker_DP0_TP3_EP3 pid=3168)   warnings.warn(
2026-03-06T23:06:47.1690010Z (Worker_DP1_TP2_EP10 pid=2615)   warnings.warn(
2026-03-06T23:06:47.1698052Z (Worker_DP1_TP7_EP15 pid=5392)   warnings.warn(
2026-03-06T23:06:47.4750735Z (Worker_DP0_TP0_EP0 pid=1242) /usr/local/python3.11.14/lib/python3.11/site-packages/torch_npu/dynamo/torchair/configs/compiler_config.py:106: UserWarning: The following torchair config or properties may not take effect or report error in reduce-overhead mode: config.experimental_config.enable_view_optimize:True, set_dim_gears, dynamo_export, scope, npu_print
2026-03-06T23:06:47.4759643Z (Worker_DP1_TP1_EP9 pid=2120) /usr/local/python3.11.14/lib/python3.11/site-packages/torch_npu/dynamo/torchair/configs/compiler_config.py:106: UserWarning: The following torchair config or properties may not take effect or report error in reduce-overhead mode: config.experimental_config.enable_view_optimize:True, set_dim_gears, dynamo_export, scope, npu_print
2026-03-06T23:06:47.4767822Z (Worker_DP0_TP0_EP0 pid=1242)   warnings.warn(
2026-03-06T23:06:47.4778851Z (Worker_DP0_TP2_EP2 pid=2612) /usr/local/python3.11.14/lib/python3.11/site-packages/torch_npu/dynamo/torchair/configs/compiler_config.py:106: UserWarning: The following torchair config or properties may not take effect or report error in reduce-overhead mode: config.experimental_config.enable_view_optimize:True, set_dim_gears, dynamo_export, scope, npu_print
2026-03-06T23:06:47.4785583Z (Worker_DP1_TP1_EP9 pid=2120)   warnings.warn(
2026-03-06T23:06:47.4794077Z (Worker_DP0_TP2_EP2 pid=2612)   warnings.warn(
2026-03-06T23:06:47.4804922Z (Worker_DP1_TP2_EP10 pid=2615) /usr/local/python3.11.14/lib/python3.11/site-packages/torch_npu/dynamo/torchair/configs/compiler_config.py:106: UserWarning: The following torchair config or properties may not take effect or report error in reduce-overhead mode: config.experimental_config.enable_view_optimize:True, set_dim_gears, dynamo_export, scope, npu_print
2026-03-06T23:06:47.4814465Z (Worker_DP1_TP0_EP8 pid=1243) /usr/local/python3.11.14/lib/python3.11/site-packages/torch_npu/dynamo/torchair/configs/compiler_config.py:106: UserWarning: The following torchair config or properties may not take effect or report error in reduce-overhead mode: config.experimental_config.enable_view_optimize:True, set_dim_gears, dynamo_export, scope, npu_print
2026-03-06T23:06:47.4823919Z (Worker_DP0_TP1_EP1 pid=2054) /usr/local/python3.11.14/lib/python3.11/site-packages/torch_npu/dynamo/torchair/configs/compiler_config.py:106: UserWarning: The following torchair config or properties may not take effect or report error in reduce-overhead mode: config.experimental_config.enable_view_optimize:True, set_dim_gears, dynamo_export, scope, npu_print
2026-03-06T23:06:47.4830851Z (Worker_DP1_TP2_EP10 pid=2615)   warnings.warn(
2026-03-06T23:06:47.4839657Z (Worker_DP1_TP0_EP8 pid=1243)   warnings.warn(
2026-03-06T23:06:47.4848055Z (Worker_DP0_TP1_EP1 pid=2054)   warnings.warn(
2026-03-06T23:06:47.4858636Z (Worker_DP0_TP5_EP5 pid=4346) /usr/local/python3.11.14/lib/python3.11/site-packages/torch_npu/dynamo/torchair/configs/compiler_config.py:106: UserWarning: The following torchair config or properties may not take effect or report error in reduce-overhead mode: config.experimental_config.enable_view_optimize:True, set_dim_gears, dynamo_export, scope, npu_print
2026-03-06T23:06:47.4867655Z (Worker_DP0_TP6_EP6 pid=4902) /usr/local/python3.11.14/lib/python3.11/site-packages/torch_npu/dynamo/torchair/configs/compiler_config.py:106: UserWarning: The following torchair config or properties may not take effect or report error in reduce-overhead mode: config.experimental_config.enable_view_optimize:True, set_dim_gears, dynamo_export, scope, npu_print
2026-03-06T23:06:47.4875353Z (Worker_DP0_TP5_EP5 pid=4346)   warnings.warn(
2026-03-06T23:06:47.4886727Z (Worker_DP0_TP4_EP4 pid=3725) /usr/local/python3.11.14/lib/python3.11/site-packages/torch_npu/dynamo/torchair/configs/compiler_config.py:106: UserWarning: The following torchair config or properties may not take effect or report error in reduce-overhead mode: config.experimental_config.enable_view_optimize:True, set_dim_gears, dynamo_export, scope, npu_print
2026-03-06T23:06:47.4893940Z (Worker_DP0_TP6_EP6 pid=4902)   warnings.warn(
2026-03-06T23:06:47.4902377Z (Worker_DP0_TP4_EP4 pid=3725)   warnings.warn(
2026-03-06T23:06:47.4913008Z (Worker_DP0_TP3_EP3 pid=3168) /usr/local/python3.11.14/lib/python3.11/site-packages/torch_npu/dynamo/torchair/configs/compiler_config.py:106: UserWarning: The following torchair config or properties may not take effect or report error in reduce-overhead mode: config.experimental_config.enable_view_optimize:True, set_dim_gears, dynamo_export, scope, npu_print
2026-03-06T23:06:47.4923385Z (Worker_DP1_TP6_EP14 pid=4836) /usr/local/python3.11.14/lib/python3.11/site-packages/torch_npu/dynamo/torchair/configs/compiler_config.py:106: UserWarning: The following torchair config or properties may not take effect or report error in reduce-overhead mode: config.experimental_config.enable_view_optimize:True, set_dim_gears, dynamo_export, scope, npu_print
2026-03-06T23:06:47.4929446Z (Worker_DP0_TP3_EP3 pid=3168)   warnings.warn(
2026-03-06T23:06:47.4940394Z (Worker_DP1_TP7_EP15 pid=5392) /usr/local/python3.11.14/lib/python3.11/site-packages/torch_npu/dynamo/torchair/configs/compiler_config.py:106: UserWarning: The following torchair config or properties may not take effect or report error in reduce-overhead mode: config.experimental_config.enable_view_optimize:True, set_dim_gears, dynamo_export, scope, npu_print
2026-03-06T23:06:47.4995139Z (Worker_DP1_TP6_EP14 pid=4836)   warnings.warn(
2026-03-06T23:06:47.4995479Z (Worker_DP1_TP7_EP15 pid=5392)   warnings.warn(
2026-03-06T23:06:47.4996929Z (Worker_DP1_TP4_EP12 pid=3724) /usr/local/python3.11.14/lib/python3.11/site-packages/torch_npu/dynamo/torchair/configs/compiler_config.py:106: UserWarning: The following torchair config or properties may not take effect or report error in reduce-overhead mode: config.experimental_config.enable_view_optimize:True, set_dim_gears, dynamo_export, scope, npu_print
2026-03-06T23:06:47.4999348Z (Worker_DP0_TP7_EP7 pid=5395) /usr/local/python3.11.14/lib/python3.11/site-packages/torch_npu/dynamo/torchair/configs/compiler_config.py:106: UserWarning: The following torchair config or properties may not take effect or report error in reduce-overhead mode: config.experimental_config.enable_view_optimize:True, set_dim_gears, dynamo_export, scope, npu_print
2026-03-06T23:06:47.5000853Z (Worker_DP1_TP4_EP12 pid=3724)   warnings.warn(
2026-03-06T23:06:47.5002268Z (Worker_DP1_TP5_EP13 pid=4280) /usr/local/python3.11.14/lib/python3.11/site-packages/torch_npu/dynamo/torchair/configs/compiler_config.py:106: UserWarning: The following torchair config or properties may not take effect or report error in reduce-overhead mode: config.experimental_config.enable_view_optimize:True, set_dim_gears, dynamo_export, scope, npu_print
2026-03-06T23:06:47.5003638Z (Worker_DP0_TP7_EP7 pid=5395)   warnings.warn(
2026-03-06T23:06:47.5010400Z (Worker_DP1_TP3_EP11 pid=3170) /usr/local/python3.11.14/lib/python3.11/site-packages/torch_npu/dynamo/torchair/configs/compiler_config.py:106: UserWarning: The following torchair config or properties may not take effect or report error in reduce-overhead mode: config.experimental_config.enable_view_optimize:True, set_dim_gears, dynamo_export, scope, npu_print
2026-03-06T23:06:47.5017216Z (Worker_DP1_TP5_EP13 pid=4280)   warnings.warn(
2026-03-06T23:06:47.5025478Z (Worker_DP1_TP3_EP11 pid=3170)   warnings.warn(
2026-03-06T23:06:47.8080617Z (Worker_DP1_TP7_EP15 pid=5392) /usr/local/python3.11.14/lib/python3.11/site-packages/torch_npu/dynamo/torchair/configs/compiler_config.py:106: UserWarning: The following torchair config or properties may not take effect or report error in reduce-overhead mode: config.experimental_config.enable_view_optimize:True, set_dim_gears, dynamo_export, scope, npu_print
2026-03-06T23:06:47.8090543Z (Worker_DP0_TP5_EP5 pid=4346) /usr/local/python3.11.14/lib/python3.11/site-packages/torch_npu/dynamo/torchair/configs/compiler_config.py:106: UserWarning: The following torchair config or properties may not take effect or report error in reduce-overhead mode: config.experimental_config.enable_view_optimize:True, set_dim_gears, dynamo_export, scope, npu_print
2026-03-06T23:06:47.8100179Z (Worker_DP0_TP3_EP3 pid=3168) /usr/local/python3.11.14/lib/python3.11/site-packages/torch_npu/dynamo/torchair/configs/compiler_config.py:106: UserWarning: The following torchair config or properties may not take effect or report error in reduce-overhead mode: config.experimental_config.enable_view_optimize:True, set_dim_gears, dynamo_export, scope, npu_print
2026-03-06T23:06:47.8108801Z (Worker_DP1_TP6_EP14 pid=4836) /usr/local/python3.11.14/lib/python3.11/site-packages/torch_npu/dynamo/torchair/configs/compiler_config.py:106: UserWarning: The following torchair config or properties may not take effect or report error in reduce-overhead mode: config.experimental_config.enable_view_optimize:True, set_dim_gears, dynamo_export, scope, npu_print
2026-03-06T23:06:47.8118438Z (Worker_DP1_TP3_EP11 pid=3170) /usr/local/python3.11.14/lib/python3.11/site-packages/torch_npu/dynamo/torchair/configs/compiler_config.py:106: UserWarning: The following torchair config or properties may not take effect or report error in reduce-overhead mode: config.experimental_config.enable_view_optimize:True, set_dim_gears, dynamo_export, scope, npu_print
2026-03-06T23:06:47.8127822Z (Worker_DP0_TP4_EP4 pid=3725) /usr/local/python3.11.14/lib/python3.11/site-packages/torch_npu/dynamo/torchair/configs/compiler_config.py:106: UserWarning: The following torchair config or properties may not take effect or report error in reduce-overhead mode: config.experimental_config.enable_view_optimize:True, set_dim_gears, dynamo_export, scope, npu_print
2026-03-06T23:06:47.8134592Z (Worker_DP1_TP7_EP15 pid=5392)   warnings.warn(
2026-03-06T23:06:47.8143019Z (Worker_DP1_TP6_EP14 pid=4836)   warnings.warn(
2026-03-06T23:06:47.8151641Z (Worker_DP0_TP5_EP5 pid=4346)   warnings.warn(
2026-03-06T23:06:47.8161816Z (Worker_DP0_TP7_EP7 pid=5395) /usr/local/python3.11.14/lib/python3.11/site-packages/torch_npu/dynamo/torchair/configs/compiler_config.py:106: UserWarning: The following torchair config or properties may not take effect or report error in reduce-overhead mode: config.experimental_config.enable_view_optimize:True, set_dim_gears, dynamo_export, scope, npu_print
2026-03-06T23:06:47.8171929Z (Worker_DP0_TP6_EP6 pid=4902) /usr/local/python3.11.14/lib/python3.11/site-packages/torch_npu/dynamo/torchair/configs/compiler_config.py:106: UserWarning: The following torchair config or properties may not take effect or report error in reduce-overhead mode: config.experimental_config.enable_view_optimize:True, set_dim_gears, dynamo_export, scope, npu_print
2026-03-06T23:06:47.8178457Z (Worker_DP0_TP3_EP3 pid=3168)   warnings.warn(
2026-03-06T23:06:47.8186916Z (Worker_DP1_TP3_EP11 pid=3170)   warnings.warn(
2026-03-06T23:06:47.8195356Z (Worker_DP0_TP4_EP4 pid=3725)   warnings.warn(
2026-03-06T23:06:47.8205973Z (Worker_DP1_TP5_EP13 pid=4280) /usr/local/python3.11.14/lib/python3.11/site-packages/torch_npu/dynamo/torchair/configs/compiler_config.py:106: UserWarning: The following torchair config or properties may not take effect or report error in reduce-overhead mode: config.experimental_config.enable_view_optimize:True, set_dim_gears, dynamo_export, scope, npu_print
2026-03-06T23:06:47.8212473Z (Worker_DP0_TP7_EP7 pid=5395)   warnings.warn(
2026-03-06T23:06:47.8220691Z (Worker_DP0_TP6_EP6 pid=4902)   warnings.warn(
2026-03-06T23:06:47.8230469Z (Worker_DP1_TP4_EP12 pid=3724) /usr/local/python3.11.14/lib/python3.11/site-packages/torch_npu/dynamo/torchair/configs/compiler_config.py:106: UserWarning: The following torchair config or properties may not take effect or report error in reduce-overhead mode: config.experimental_config.enable_view_optimize:True, set_dim_gears, dynamo_export, scope, npu_print
2026-03-06T23:06:47.8237419Z (Worker_DP1_TP5_EP13 pid=4280)   warnings.warn(
2026-03-06T23:06:47.8245885Z (Worker_DP1_TP4_EP12 pid=3724)   warnings.warn(
2026-03-06T23:06:47.8256114Z (Worker_DP0_TP0_EP0 pid=1242) /usr/local/python3.11.14/lib/python3.11/site-packages/torch_npu/dynamo/torchair/configs/compiler_config.py:106: UserWarning: The following torchair config or properties may not take effect or report error in reduce-overhead mode: config.experimental_config.enable_view_optimize:True, set_dim_gears, dynamo_export, scope, npu_print
2026-03-06T23:06:47.8264780Z (Worker_DP1_TP2_EP10 pid=2615) /usr/local/python3.11.14/lib/python3.11/site-packages/torch_npu/dynamo/torchair/configs/compiler_config.py:106: UserWarning: The following torchair config or properties may not take effect or report error in reduce-overhead mode: config.experimental_config.enable_view_optimize:True, set_dim_gears, dynamo_export, scope, npu_print
2026-03-06T23:06:47.8274751Z (Worker_DP1_TP1_EP9 pid=2120) /usr/local/python3.11.14/lib/python3.11/site-packages/torch_npu/dynamo/torchair/configs/compiler_config.py:106: UserWarning: The following torchair config or properties may not take effect or report error in reduce-overhead mode: config.experimental_config.enable_view_optimize:True, set_dim_gears, dynamo_export, scope, npu_print
2026-03-06T23:06:47.8283162Z (Worker_DP0_TP1_EP1 pid=2054) /usr/local/python3.11.14/lib/python3.11/site-packages/torch_npu/dynamo/torchair/configs/compiler_config.py:106: UserWarning: The following torchair config or properties may not take effect or report error in reduce-overhead mode: config.experimental_config.enable_view_optimize:True, set_dim_gears, dynamo_export, scope, npu_print
2026-03-06T23:06:47.8291751Z (Worker_DP0_TP2_EP2 pid=2612) /usr/local/python3.11.14/lib/python3.11/site-packages/torch_npu/dynamo/torchair/configs/compiler_config.py:106: UserWarning: The following torchair config or properties may not take effect or report error in reduce-overhead mode: config.experimental_config.enable_view_optimize:True, set_dim_gears, dynamo_export, scope, npu_print
2026-03-06T23:06:47.8299123Z (Worker_DP0_TP0_EP0 pid=1242)   warnings.warn(
2026-03-06T23:06:47.8307335Z (Worker_DP1_TP2_EP10 pid=2615)   warnings.warn(
2026-03-06T23:06:47.8315352Z (Worker_DP0_TP1_EP1 pid=2054)   warnings.warn(
2026-03-06T23:06:47.8323439Z (Worker_DP1_TP1_EP9 pid=2120)   warnings.warn(
2026-03-06T23:06:47.8333683Z (Worker_DP1_TP0_EP8 pid=1243) /usr/local/python3.11.14/lib/python3.11/site-packages/torch_npu/dynamo/torchair/configs/compiler_config.py:106: UserWarning: The following torchair config or properties may not take effect or report error in reduce-overhead mode: config.experimental_config.enable_view_optimize:True, set_dim_gears, dynamo_export, scope, npu_print
2026-03-06T23:06:47.8340505Z (Worker_DP0_TP2_EP2 pid=2612)   warnings.warn(
2026-03-06T23:06:47.8348490Z (Worker_DP1_TP0_EP8 pid=1243)   warnings.warn(
2026-03-06T23:06:48.1423103Z (Worker_DP0_TP2_EP2 pid=2612) /usr/local/python3.11.14/lib/python3.11/site-packages/torch_npu/dynamo/torchair/configs/compiler_config.py:106: UserWarning: The following torchair config or properties may not take effect or report error in reduce-overhead mode: config.experimental_config.enable_view_optimize:True, set_dim_gears, dynamo_export, scope, npu_print
2026-03-06T23:06:48.1432710Z (Worker_DP1_TP1_EP9 pid=2120) /usr/local/python3.11.14/lib/python3.11/site-packages/torch_npu/dynamo/torchair/configs/compiler_config.py:106: UserWarning: The following torchair config or properties may not take effect or report error in reduce-overhead mode: config.experimental_config.enable_view_optimize:True, set_dim_gears, dynamo_export, scope, npu_print
2026-03-06T23:06:48.1442326Z (Worker_DP0_TP6_EP6 pid=4902) /usr/local/python3.11.14/lib/python3.11/site-packages/torch_npu/dynamo/torchair/configs/compiler_config.py:106: UserWarning: The following torchair config or properties may not take effect or report error in reduce-overhead mode: config.experimental_config.enable_view_optimize:True, set_dim_gears, dynamo_export, scope, npu_print
2026-03-06T23:06:48.1452233Z (Worker_DP1_TP3_EP11 pid=3170) /usr/local/python3.11.14/lib/python3.11/site-packages/torch_npu/dynamo/torchair/configs/compiler_config.py:106: UserWarning: The following torchair config or properties may not take effect or report error in reduce-overhead mode: config.experimental_config.enable_view_optimize:True, set_dim_gears, dynamo_export, scope, npu_print
2026-03-06T23:06:48.1459371Z (Worker_DP0_TP2_EP2 pid=2612)   warnings.warn(
2026-03-06T23:06:48.1469765Z (Worker_DP0_TP0_EP0 pid=1242) /usr/local/python3.11.14/lib/python3.11/site-packages/torch_npu/dynamo/torchair/configs/compiler_config.py:106: UserWarning: The following torchair config or properties may not take effect or report error in reduce-overhead mode: config.experimental_config.enable_view_optimize:True, set_dim_gears, dynamo_export, scope, npu_print
2026-03-06T23:06:48.1479006Z (Worker_DP0_TP1_EP1 pid=2054) /usr/local/python3.11.14/lib/python3.11/site-packages/torch_npu/dynamo/torchair/configs/compiler_config.py:106: UserWarning: The following torchair config or properties may not take effect or report error in reduce-overhead mode: config.experimental_config.enable_view_optimize:True, set_dim_gears, dynamo_export, scope, npu_print
2026-03-06T23:06:48.1486673Z (Worker_DP1_TP1_EP9 pid=2120)   warnings.warn(
2026-03-06T23:06:48.1495388Z (Worker_DP0_TP6_EP6 pid=4902)   warnings.warn(
2026-03-06T23:06:48.1503183Z (Worker_DP1_TP3_EP11 pid=3170)   warnings.warn(
2026-03-06T23:06:48.1513669Z (Worker_DP1_TP6_EP14 pid=4836) /usr/local/python3.11.14/lib/python3.11/site-packages/torch_npu/dynamo/torchair/configs/compiler_config.py:106: UserWarning: The following torchair config or properties may not take effect or report error in reduce-overhead mode: config.experimental_config.enable_view_optimize:True, set_dim_gears, dynamo_export, scope, npu_print
2026-03-06T23:06:48.1523449Z (Worker_DP0_TP4_EP4 pid=3725) /usr/local/python3.11.14/lib/python3.11/site-packages/torch_npu/dynamo/torchair/configs/compiler_config.py:106: UserWarning: The following torchair config or properties may not take effect or report error in reduce-overhead mode: config.experimental_config.enable_view_optimize:True, set_dim_gears, dynamo_export, scope, npu_print
2026-03-06T23:06:48.1533047Z (Worker_DP1_TP5_EP13 pid=4280) /usr/local/python3.11.14/lib/python3.11/site-packages/torch_npu/dynamo/torchair/configs/compiler_config.py:106: UserWarning: The following torchair config or properties may not take effect or report error in reduce-overhead mode: config.experimental_config.enable_view_optimize:True, set_dim_gears, dynamo_export, scope, npu_print
2026-03-06T23:06:48.1542254Z (Worker_DP0_TP5_EP5 pid=4346) /usr/local/python3.11.14/lib/python3.11/site-packages/torch_npu/dynamo/torchair/configs/compiler_config.py:106: UserWarning: The following torchair config or properties may not take effect or report error in reduce-overhead mode: config.experimental_config.enable_view_optimize:True, set_dim_gears, dynamo_export, scope, npu_print
2026-03-06T23:06:48.1552144Z (Worker_DP0_TP7_EP7 pid=5395) /usr/local/python3.11.14/lib/python3.11/site-packages/torch_npu/dynamo/torchair/configs/compiler_config.py:106: UserWarning: The following torchair config or properties may not take effect or report error in reduce-overhead mode: config.experimental_config.enable_view_optimize:True, set_dim_gears, dynamo_export, scope, npu_print
2026-03-06T23:06:48.1558856Z (Worker_DP0_TP1_EP1 pid=2054)   warnings.warn(
2026-03-06T23:06:48.1566995Z (Worker_DP0_TP0_EP0 pid=1242)   warnings.warn(
2026-03-06T23:06:48.1575214Z (Worker_DP1_TP6_EP14 pid=4836)   warnings.warn(
2026-03-06T23:06:48.1585254Z (Worker_DP1_TP2_EP10 pid=2615) /usr/local/python3.11.14/lib/python3.11/site-packages/torch_npu/dynamo/torchair/configs/compiler_config.py:106: UserWarning: The following torchair config or properties may not take effect or report error in reduce-overhead mode: config.experimental_config.enable_view_optimize:True, set_dim_gears, dynamo_export, scope, npu_print
2026-03-06T23:06:48.1592427Z (Worker_DP0_TP4_EP4 pid=3725)   warnings.warn(
2026-03-06T23:06:48.1602551Z (Worker_DP1_TP5_EP13 pid=4280)   warnings.warn(
2026-03-06T23:06:48.1610850Z (Worker_DP0_TP5_EP5 pid=4346)   warnings.warn(
2026-03-06T23:06:48.1621199Z (Worker_DP1_TP4_EP12 pid=3724) /usr/local/python3.11.14/lib/python3.11/site-packages/torch_npu/dynamo/torchair/configs/compiler_config.py:106: UserWarning: The following torchair config or properties may not take effect or report error in reduce-overhead mode: config.experimental_config.enable_view_optimize:True, set_dim_gears, dynamo_export, scope, npu_print
2026-03-06T23:06:48.1627833Z (Worker_DP0_TP7_EP7 pid=5395)   warnings.warn(
2026-03-06T23:06:48.1638052Z (Worker_DP1_TP7_EP15 pid=5392) /usr/local/python3.11.14/lib/python3.11/site-packages/torch_npu/dynamo/torchair/configs/compiler_config.py:106: UserWarning: The following torchair config or properties may not take effect or report error in reduce-overhead mode: config.experimental_config.enable_view_optimize:True, set_dim_gears, dynamo_export, scope, npu_print
2026-03-06T23:06:48.1647023Z (Worker_DP1_TP0_EP8 pid=1243) /usr/local/python3.11.14/lib/python3.11/site-packages/torch_npu/dynamo/torchair/configs/compiler_config.py:106: UserWarning: The following torchair config or properties may not take effect or report error in reduce-overhead mode: config.experimental_config.enable_view_optimize:True, set_dim_gears, dynamo_export, scope, npu_print
2026-03-06T23:06:48.1653514Z (Worker_DP1_TP2_EP10 pid=2615)   warnings.warn(
2026-03-06T23:06:48.1663492Z (Worker_DP0_TP3_EP3 pid=3168) /usr/local/python3.11.14/lib/python3.11/site-packages/torch_npu/dynamo/torchair/configs/compiler_config.py:106: UserWarning: The following torchair config or properties may not take effect or report error in reduce-overhead mode: config.experimental_config.enable_view_optimize:True, set_dim_gears, dynamo_export, scope, npu_print
2026-03-06T23:06:48.1670474Z (Worker_DP1_TP4_EP12 pid=3724)   warnings.warn(
2026-03-06T23:06:48.1678634Z (Worker_DP1_TP7_EP15 pid=5392)   warnings.warn(
2026-03-06T23:06:48.1686673Z (Worker_DP1_TP0_EP8 pid=1243)   warnings.warn(
2026-03-06T23:06:48.1694894Z (Worker_DP0_TP3_EP3 pid=3168)   warnings.warn(
2026-03-06T23:06:48.4789386Z (Worker_DP0_TP5_EP5 pid=4346) /usr/local/python3.11.14/lib/python3.11/site-packages/torch_npu/dynamo/torchair/configs/compiler_config.py:106: UserWarning: The following torchair config or properties may not take effect or report error in reduce-overhead mode: config.experimental_config.enable_view_optimize:True, set_dim_gears, dynamo_export, scope, npu_print
2026-03-06T23:06:48.4800571Z (Worker_DP0_TP6_EP6 pid=4902) /usr/local/python3.11.14/lib/python3.11/site-packages/torch_npu/dynamo/torchair/configs/compiler_config.py:106: UserWarning: The following torchair config or properties may not take effect or report error in reduce-overhead mode: config.experimental_config.enable_view_optimize:True, set_dim_gears, dynamo_export, scope, npu_print
2026-03-06T23:06:48.4810470Z (Worker_DP1_TP2_EP10 pid=2615) /usr/local/python3.11.14/lib/python3.11/site-packages/torch_npu/dynamo/torchair/configs/compiler_config.py:106: UserWarning: The following torchair config or properties may not take effect or report error in reduce-overhead mode: config.experimental_config.enable_view_optimize:True, set_dim_gears, dynamo_export, scope, npu_print
2026-03-06T23:06:48.4819330Z (Worker_DP1_TP1_EP9 pid=2120) /usr/local/python3.11.14/lib/python3.11/site-packages/torch_npu/dynamo/torchair/configs/compiler_config.py:106: UserWarning: The following torchair config or properties may not take effect or report error in reduce-overhead mode: config.experimental_config.enable_view_optimize:True, set_dim_gears, dynamo_export, scope, npu_print
2026-03-06T23:06:48.4829220Z (Worker_DP0_TP1_EP1 pid=2054) /usr/local/python3.11.14/lib/python3.11/site-packages/torch_npu/dynamo/torchair/configs/compiler_config.py:106: UserWarning: The following torchair config or properties may not take effect or report error in reduce-overhead mode: config.experimental_config.enable_view_optimize:True, set_dim_gears, dynamo_export, scope, npu_print
2026-03-06T23:06:48.4838581Z (Worker_DP0_TP2_EP2 pid=2612) /usr/local/python3.11.14/lib/python3.11/site-packages/torch_npu/dynamo/torchair/configs/compiler_config.py:106: UserWarning: The following torchair config or properties may not take effect or report error in reduce-overhead mode: config.experimental_config.enable_view_optimize:True, set_dim_gears, dynamo_export, scope, npu_print
2026-03-06T23:06:48.4845611Z (Worker_DP0_TP5_EP5 pid=4346)   warnings.warn(
2026-03-06T23:06:48.4853908Z (Worker_DP0_TP6_EP6 pid=4902)   warnings.warn(
2026-03-06T23:06:48.4862081Z (Worker_DP1_TP2_EP10 pid=2615)   warnings.warn(
2026-03-06T23:06:48.4873112Z (Worker_DP1_TP0_EP8 pid=1243) /usr/local/python3.11.14/lib/python3.11/site-packages/torch_npu/dynamo/torchair/configs/compiler_config.py:106: UserWarning: The following torchair config or properties may not take effect or report error in reduce-overhead mode: config.experimental_config.enable_view_optimize:True, set_dim_gears, dynamo_export, scope, npu_print
2026-03-06T23:06:48.4880488Z (Worker_DP1_TP1_EP9 pid=2120)   warnings.warn(
2026-03-06T23:06:48.4929578Z (Worker_DP0_TP1_EP1 pid=2054)   warnings.warn(
2026-03-06T23:06:48.4930012Z (Worker_DP0_TP2_EP2 pid=2612)   warnings.warn(
2026-03-06T23:06:48.4930326Z (Worker_DP1_TP0_EP8 pid=1243)   warnings.warn(
2026-03-06T23:06:48.4931880Z (Worker_DP0_TP0_EP0 pid=1242) /usr/local/python3.11.14/lib/python3.11/site-packages/torch_npu/dynamo/torchair/configs/compiler_config.py:106: UserWarning: The following torchair config or properties may not take effect or report error in reduce-overhead mode: config.experimental_config.enable_view_optimize:True, set_dim_gears, dynamo_export, scope, npu_print
2026-03-06T23:06:48.4933220Z (Worker_DP0_TP0_EP0 pid=1242)   warnings.warn(
2026-03-06T23:06:48.4934581Z (Worker_DP1_TP3_EP11 pid=3170) /usr/local/python3.11.14/lib/python3.11/site-packages/torch_npu/dynamo/torchair/configs/compiler_config.py:106: UserWarning: The following torchair config or properties may not take effect or report error in reduce-overhead mode: config.experimental_config.enable_view_optimize:True, set_dim_gears, dynamo_export, scope, npu_print
2026-03-06T23:06:48.4939409Z (Worker_DP1_TP3_EP11 pid=3170)   warnings.warn(
2026-03-06T23:06:48.4950085Z (Worker_DP0_TP3_EP3 pid=3168) /usr/local/python3.11.14/lib/python3.11/site-packages/torch_npu/dynamo/torchair/configs/compiler_config.py:106: UserWarning: The following torchair config or properties may not take effect or report error in reduce-overhead mode: config.experimental_config.enable_view_optimize:True, set_dim_gears, dynamo_export, scope, npu_print
2026-03-06T23:06:48.4956583Z (Worker_DP0_TP3_EP3 pid=3168)   warnings.warn(
2026-03-06T23:06:48.4967584Z (Worker_DP0_TP4_EP4 pid=3725) /usr/local/python3.11.14/lib/python3.11/site-packages/torch_npu/dynamo/torchair/configs/compiler_config.py:106: UserWarning: The following torchair config or properties may not take effect or report error in reduce-overhead mode: config.experimental_config.enable_view_optimize:True, set_dim_gears, dynamo_export, scope, npu_print
2026-03-06T23:06:48.4974009Z (Worker_DP0_TP4_EP4 pid=3725)   warnings.warn(
2026-03-06T23:06:48.4984883Z (Worker_DP1_TP5_EP13 pid=4280) /usr/local/python3.11.14/lib/python3.11/site-packages/torch_npu/dynamo/torchair/configs/compiler_config.py:106: UserWarning: The following torchair config or properties may not take effect or report error in reduce-overhead mode: config.experimental_config.enable_view_optimize:True, set_dim_gears, dynamo_export, scope, npu_print
2026-03-06T23:06:48.4993155Z (Worker_DP1_TP6_EP14 pid=4836) /usr/local/python3.11.14/lib/python3.11/site-packages/torch_npu/dynamo/torchair/configs/compiler_config.py:106: UserWarning: The following torchair config or properties may not take effect or report error in reduce-overhead mode: config.experimental_config.enable_view_optimize:True, set_dim_gears, dynamo_export, scope, npu_print
2026-03-06T23:06:48.5002207Z (Worker_DP1_TP4_EP12 pid=3724) /usr/local/python3.11.14/lib/python3.11/site-packages/torch_npu/dynamo/torchair/configs/compiler_config.py:106: UserWarning: The following torchair config or properties may not take effect or report error in reduce-overhead mode: config.experimental_config.enable_view_optimize:True, set_dim_gears, dynamo_export, scope, npu_print
2026-03-06T23:06:48.5009009Z (Worker_DP1_TP5_EP13 pid=4280)   warnings.warn(
2026-03-06T23:06:48.5017290Z (Worker_DP1_TP6_EP14 pid=4836)   warnings.warn(
2026-03-06T23:06:48.5025226Z (Worker_DP1_TP4_EP12 pid=3724)   warnings.warn(
2026-03-06T23:06:48.5035376Z (Worker_DP0_TP7_EP7 pid=5395) /usr/local/python3.11.14/lib/python3.11/site-packages/torch_npu/dynamo/torchair/configs/compiler_config.py:106: UserWarning: The following torchair config or properties may not take effect or report error in reduce-overhead mode: config.experimental_config.enable_view_optimize:True, set_dim_gears, dynamo_export, scope, npu_print
2026-03-06T23:06:48.5042128Z (Worker_DP0_TP7_EP7 pid=5395)   warnings.warn(
2026-03-06T23:06:48.5052517Z (Worker_DP1_TP7_EP15 pid=5392) /usr/local/python3.11.14/lib/python3.11/site-packages/torch_npu/dynamo/torchair/configs/compiler_config.py:106: UserWarning: The following torchair config or properties may not take effect or report error in reduce-overhead mode: config.experimental_config.enable_view_optimize:True, set_dim_gears, dynamo_export, scope, npu_print
2026-03-06T23:06:48.5059437Z (Worker_DP1_TP7_EP15 pid=5392)   warnings.warn(
2026-03-06T23:06:48.8116796Z (Worker_DP0_TP5_EP5 pid=4346) /usr/local/python3.11.14/lib/python3.11/site-packages/torch_npu/dynamo/torchair/configs/compiler_config.py:106: UserWarning: The following torchair config or properties may not take effect or report error in reduce-overhead mode: config.experimental_config.enable_view_optimize:True, set_dim_gears, dynamo_export, scope, npu_print
2026-03-06T23:06:48.8125401Z (Worker_DP0_TP6_EP6 pid=4902) /usr/local/python3.11.14/lib/python3.11/site-packages/torch_npu/dynamo/torchair/configs/compiler_config.py:106: UserWarning: The following torchair config or properties may not take effect or report error in reduce-overhead mode: config.experimental_config.enable_view_optimize:True, set_dim_gears, dynamo_export, scope, npu_print
2026-03-06T23:06:48.8134189Z (Worker_DP0_TP4_EP4 pid=3725) /usr/local/python3.11.14/lib/python3.11/site-packages/torch_npu/dynamo/torchair/configs/compiler_config.py:106: UserWarning: The following torchair config or properties may not take effect or report error in reduce-overhead mode: config.experimental_config.enable_view_optimize:True, set_dim_gears, dynamo_export, scope, npu_print
2026-03-06T23:06:48.8141807Z (Worker_DP0_TP5_EP5 pid=4346)   warnings.warn(
2026-03-06T23:06:48.8152755Z (Worker_DP1_TP3_EP11 pid=3170) /usr/local/python3.11.14/lib/python3.11/site-packages/torch_npu/dynamo/torchair/configs/compiler_config.py:106: UserWarning: The following torchair config or properties may not take effect or report error in reduce-overhead mode: config.experimental_config.enable_view_optimize:True, set_dim_gears, dynamo_export, scope, npu_print
2026-03-06T23:06:48.8162398Z (Worker_DP1_TP6_EP14 pid=4836) /usr/local/python3.11.14/lib/python3.11/site-packages/torch_npu/dynamo/torchair/configs/compiler_config.py:106: UserWarning: The following torchair config or properties may not take effect or report error in reduce-overhead mode: config.experimental_config.enable_view_optimize:True, set_dim_gears, dynamo_export, scope, npu_print
2026-03-06T23:06:48.8169456Z (Worker_DP0_TP6_EP6 pid=4902)   warnings.warn(
2026-03-06T23:06:48.8180354Z (Worker_DP1_TP4_EP12 pid=3724) /usr/local/python3.11.14/lib/python3.11/site-packages/torch_npu/dynamo/torchair/configs/compiler_config.py:106: UserWarning: The following torchair config or properties may not take effect or report error in reduce-overhead mode: config.experimental_config.enable_view_optimize:True, set_dim_gears, dynamo_export, scope, npu_print
2026-03-06T23:06:48.8187717Z (Worker_DP0_TP4_EP4 pid=3725)   warnings.warn(
2026-03-06T23:06:48.8196211Z (Worker_DP1_TP3_EP11 pid=3170)   warnings.warn(
2026-03-06T23:06:48.8204490Z (Worker_DP1_TP6_EP14 pid=4836)   warnings.warn(
2026-03-06T23:06:48.8212487Z (Worker_DP1_TP4_EP12 pid=3724)   warnings.warn(
2026-03-06T23:06:48.8223103Z (Worker_DP1_TP5_EP13 pid=4280) /usr/local/python3.11.14/lib/python3.11/site-packages/torch_npu/dynamo/torchair/configs/compiler_config.py:106: UserWarning: The following torchair config or properties may not take effect or report error in reduce-overhead mode: config.experimental_config.enable_view_optimize:True, set_dim_gears, dynamo_export, scope, npu_print
2026-03-06T23:06:48.8230411Z (Worker_DP1_TP5_EP13 pid=4280)   warnings.warn(
2026-03-06T23:06:48.8240533Z (Worker_DP0_TP3_EP3 pid=3168) /usr/local/python3.11.14/lib/python3.11/site-packages/torch_npu/dynamo/torchair/configs/compiler_config.py:106: UserWarning: The following torchair config or properties may not take effect or report error in reduce-overhead mode: config.experimental_config.enable_view_optimize:True, set_dim_gears, dynamo_export, scope, npu_print
2026-03-06T23:06:48.8252150Z (Worker_DP1_TP7_EP15 pid=5392) /usr/local/python3.11.14/lib/python3.11/site-packages/torch_npu/dynamo/torchair/configs/compiler_config.py:106: UserWarning: The following torchair config or properties may not take effect or report error in reduce-overhead mode: config.experimental_config.enable_view_optimize:True, set_dim_gears, dynamo_export, scope, npu_print
2026-03-06T23:06:48.8258476Z (Worker_DP0_TP7_EP7 pid=5395) /usr/local/python3.11.14/lib/python3.11/site-packages/torch_npu/dynamo/torchair/configs/compiler_config.py:106: UserWarning: The following torchair config or properties may not take effect or report error in reduce-overhead mode: config.experimental_config.enable_view_optimize:True, set_dim_gears, dynamo_export, scope, npu_print
2026-03-06T23:06:48.8265673Z (Worker_DP0_TP3_EP3 pid=3168)   warnings.warn(
2026-03-06T23:06:48.8273655Z (Worker_DP1_TP7_EP15 pid=5392)   warnings.warn(
2026-03-06T23:06:48.8281812Z (Worker_DP0_TP7_EP7 pid=5395)   warnings.warn(
2026-03-06T23:06:48.8292172Z (Worker_DP0_TP2_EP2 pid=2612) /usr/local/python3.11.14/lib/python3.11/site-packages/torch_npu/dynamo/torchair/configs/compiler_config.py:106: UserWarning: The following torchair config or properties may not take effect or report error in reduce-overhead mode: config.experimental_config.enable_view_optimize:True, set_dim_gears, dynamo_export, scope, npu_print
2026-03-06T23:06:48.8298746Z (Worker_DP0_TP2_EP2 pid=2612)   warnings.warn(
2026-03-06T23:06:48.8309690Z (Worker_DP1_TP1_EP9 pid=2120) /usr/local/python3.11.14/lib/python3.11/site-packages/torch_npu/dynamo/torchair/configs/compiler_config.py:106: UserWarning: The following torchair config or properties may not take effect or report error in reduce-overhead mode: config.experimental_config.enable_view_optimize:True, set_dim_gears, dynamo_export, scope, npu_print
2026-03-06T23:06:48.8316647Z (Worker_DP1_TP1_EP9 pid=2120)   warnings.warn(
2026-03-06T23:06:48.8326573Z (Worker_DP0_TP1_EP1 pid=2054) /usr/local/python3.11.14/lib/python3.11/site-packages/torch_npu/dynamo/torchair/configs/compiler_config.py:106: UserWarning: The following torchair config or properties may not take effect or report error in reduce-overhead mode: config.experimental_config.enable_view_optimize:True, set_dim_gears, dynamo_export, scope, npu_print
2026-03-06T23:06:48.8335547Z (Worker_DP1_TP2_EP10 pid=2615) /usr/local/python3.11.14/lib/python3.11/site-packages/torch_npu/dynamo/torchair/configs/compiler_config.py:106: UserWarning: The following torchair config or properties may not take effect or report error in reduce-overhead mode: config.experimental_config.enable_view_optimize:True, set_dim_gears, dynamo_export, scope, npu_print
2026-03-06T23:06:48.8344430Z (Worker_DP1_TP0_EP8 pid=1243) /usr/local/python3.11.14/lib/python3.11/site-packages/torch_npu/dynamo/torchair/configs/compiler_config.py:106: UserWarning: The following torchair config or properties may not take effect or report error in reduce-overhead mode: config.experimental_config.enable_view_optimize:True, set_dim_gears, dynamo_export, scope, npu_print
2026-03-06T23:06:48.8351476Z (Worker_DP0_TP1_EP1 pid=2054)   warnings.warn(
2026-03-06T23:06:48.8361985Z (Worker_DP0_TP0_EP0 pid=1242) /usr/local/python3.11.14/lib/python3.11/site-packages/torch_npu/dynamo/torchair/configs/compiler_config.py:106: UserWarning: The following torchair config or properties may not take effect or report error in reduce-overhead mode: config.experimental_config.enable_view_optimize:True, set_dim_gears, dynamo_export, scope, npu_print
2026-03-06T23:06:48.8368560Z (Worker_DP1_TP2_EP10 pid=2615)   warnings.warn(
2026-03-06T23:06:48.8376675Z (Worker_DP1_TP0_EP8 pid=1243)   warnings.warn(
2026-03-06T23:06:48.8384398Z (Worker_DP0_TP0_EP0 pid=1242)   warnings.warn(
2026-03-06T23:06:49.0953944Z (Worker_DP0_TP0_EP0 pid=1242) INFO 03-06 23:06:49 [backends.py:368] Compiling a graph for compile range (1, 8192) takes 41.71 s
2026-03-06T23:06:49.0961210Z (Worker_DP0_TP0_EP0 pid=1242) INFO 03-06 23:06:49 [monitor.py:34] torch.compile takes 46.35 s in total
2026-03-06T23:06:49.1009614Z (Worker_DP1_TP0_EP8 pid=1243) INFO 03-06 23:06:49 [backends.py:368] Compiling a graph for compile range (1, 8192) takes 41.30 s
2026-03-06T23:06:49.1017943Z (Worker_DP1_TP0_EP8 pid=1243) INFO 03-06 23:06:49 [monitor.py:34] torch.compile takes 45.93 s in total
2026-03-06T23:06:51.8193494Z (Worker_DP1_TP0_EP8 pid=1243) INFO 03-06 23:06:51 [worker.py:361] Available KV cache memory: 18.03 GiB
2026-03-06T23:06:51.8405683Z (Worker_DP0_TP0_EP0 pid=1242) INFO 03-06 23:06:51 [worker.py:361] Available KV cache memory: 18.03 GiB
2026-03-06T23:06:52.1752090Z (EngineCore_DP1 pid=858) INFO 03-06 23:06:52 [kv_cache_utils.py:1307] GPU KV cache size: 275,456 tokens
2026-03-06T23:06:52.1760226Z (EngineCore_DP1 pid=858) INFO 03-06 23:06:52 [kv_cache_utils.py:1312] Maximum concurrency for 8,192 tokens per request: 33.62x
2026-03-06T23:06:52.2046866Z (EngineCore_DP0 pid=387) INFO 03-06 23:06:52 [kv_cache_utils.py:1307] GPU KV cache size: 275,456 tokens
2026-03-06T23:06:52.2055085Z (EngineCore_DP0 pid=387) INFO 03-06 23:06:52 [kv_cache_utils.py:1312] Maximum concurrency for 8,192 tokens per request: 33.62x
2026-03-06T23:06:55.2991278Z (Worker_DP0_TP0_EP0 pid=1242) 
2026-03-06T23:06:55.2992356Z Capturing CUDA graphs (mixed prefill-decode, PIECEWISE):   0%|          | 0/5 [00:00<?, ?it/s][rank9]:[W306 23:06:55.150630876 compiler_depend.ts:207] Warning: Waiting for pending NCCL work to finish before starting graph capture. (function operator())
2026-03-06T23:06:55.2999762Z [rank5]:[W306 23:06:55.150637216 compiler_depend.ts:207] Warning: Waiting for pending NCCL work to finish before starting graph capture. (function operator())
2026-03-06T23:06:55.3009693Z [rank3]:[W306 23:06:55.150646206 compiler_depend.ts:207] Warning: Waiting for pending NCCL work to finish before starting graph capture. (function operator())
2026-03-06T23:06:55.3018864Z [rank4]:[W306 23:06:55.150657086 compiler_depend.ts:207] Warning: Waiting for pending NCCL work to finish before starting graph capture. (function operator())
2026-03-06T23:06:55.3027941Z [rank8]:[W306 23:06:55.150832988 compiler_depend.ts:207] Warning: Waiting for pending NCCL work to finish before starting graph capture. (function operator())
2026-03-06T23:06:55.3037602Z [rank6]:[W306 23:06:55.150897408 compiler_depend.ts:207] Warning: Waiting for pending NCCL work to finish before starting graph capture. (function operator())
2026-03-06T23:06:55.3046329Z [rank11]:[W306 23:06:55.151292852 compiler_depend.ts:207] Warning: Waiting for pending NCCL work to finish before starting graph capture. (function operator())
2026-03-06T23:06:55.3055081Z [rank12]:[W306 23:06:55.151323202 compiler_depend.ts:207] Warning: Waiting for pending NCCL work to finish before starting graph capture. (function operator())
2026-03-06T23:06:55.3063710Z [rank1]:[W306 23:06:55.151921377 compiler_depend.ts:207] Warning: Waiting for pending NCCL work to finish before starting graph capture. (function operator())
2026-03-06T23:06:55.3073101Z [rank0]:[W306 23:06:55.152480873 compiler_depend.ts:207] Warning: Waiting for pending NCCL work to finish before starting graph capture. (function operator())
2026-03-06T23:06:55.3081848Z [rank2]:[W306 23:06:55.152572623 compiler_depend.ts:207] Warning: Waiting for pending NCCL work to finish before starting graph capture. (function operator())
2026-03-06T23:06:55.3091050Z [rank7]:[W306 23:06:55.153358030 compiler_depend.ts:207] Warning: Waiting for pending NCCL work to finish before starting graph capture. (function operator())
2026-03-06T23:06:55.3099509Z [rank14]:[W306 23:06:55.153361240 compiler_depend.ts:207] Warning: Waiting for pending NCCL work to finish before starting graph capture. (function operator())
2026-03-06T23:06:55.3108105Z [rank15]:[W306 23:06:55.153361240 compiler_depend.ts:207] Warning: Waiting for pending NCCL work to finish before starting graph capture. (function operator())
2026-03-06T23:06:55.3116490Z [rank13]:[W306 23:06:55.154218028 compiler_depend.ts:207] Warning: Waiting for pending NCCL work to finish before starting graph capture. (function operator())
2026-03-06T23:06:55.3125516Z [rank10]:[W306 23:06:55.154373530 compiler_depend.ts:207] Warning: Waiting for pending NCCL work to finish before starting graph capture. (function operator())
2026-03-06T23:07:44.0995341Z 
2026-03-06T23:07:44.0996173Z Capturing CUDA graphs (mixed prefill-decode, PIECEWISE):  20%|██        | 1/5 [00:05<00:22,  5.58s/it]
2026-03-06T23:07:44.0996958Z Capturing CUDA graphs (mixed prefill-decode, PIECEWISE):  40%|████      | 2/5 [00:13<00:20,  6.70s/it]
2026-03-06T23:07:44.0997661Z Capturing CUDA graphs (mixed prefill-decode, PIECEWISE):  60%|██████    | 3/5 [00:21<00:15,  7.57s/it]
2026-03-06T23:07:44.0998381Z Capturing CUDA graphs (mixed prefill-decode, PIECEWISE):  80%|████████  | 4/5 [00:35<00:09,  9.96s/it]
2026-03-06T23:07:44.0999109Z Capturing CUDA graphs (mixed prefill-decode, PIECEWISE): 100%|██████████| 5/5 [00:49<00:00, 11.54s/it]
2026-03-06T23:07:44.0999824Z Capturing CUDA graphs (mixed prefill-decode, PIECEWISE): 100%|██████████| 5/5 [00:49<00:00,  9.93s/it]
2026-03-06T23:07:44.6273232Z (Worker_DP0_TP0_EP0 pid=1242) INFO 03-06 23:07:44 [gpu_model_runner.py:5246] Graph capturing finished in 51 secs, took 0.17 GiB
2026-03-06T23:07:44.6555765Z (EngineCore_DP0 pid=387) INFO 03-06 23:07:44 [core.py:278] init engine (profile, create kv cache, warmup model) took 111.39 seconds
2026-03-06T23:07:44.8601553Z (Worker_DP1_TP0_EP8 pid=1243) INFO 03-06 23:07:44 [gpu_model_runner.py:5246] Graph capturing finished in 51 secs, took 0.17 GiB
2026-03-06T23:07:44.8710256Z (EngineCore_DP1 pid=858) INFO 03-06 23:07:44 [core.py:278] init engine (profile, create kv cache, warmup model) took 111.49 seconds
2026-03-06T23:07:45.3343265Z (EngineCore_DP0 pid=387) WARNING 03-06 23:07:45 [registry.py:218] Using a slow tokenizer. This might cause a significant slowdown. Consider using a fast tokenizer instead.
2026-03-06T23:07:45.4930678Z (EngineCore_DP1 pid=858) WARNING 03-06 23:07:45 [registry.py:218] Using a slow tokenizer. This might cause a significant slowdown. Consider using a fast tokenizer instead.
2026-03-06T23:07:46.3821210Z INFO 03-06 23:07:46 [coordinator.py:200] All engine subscriptions received by DP coordinator
2026-03-06T23:07:46.3846419Z (ApiServer_1 pid=1099) WARNING 03-06 23:07:46 [loggers.py:1264] AsyncLLM created with api_server_count more than 1; disabling stats logging to avoid incomplete stats.
2026-03-06T23:07:46.3855445Z (EngineCore_DP1 pid=858) INFO 03-06 23:07:46 [vllm.py:689] Asynchronous scheduling is enabled.
2026-03-06T23:07:46.3864780Z (EngineCore_DP0 pid=387) INFO 03-06 23:07:46 [vllm.py:689] Asynchronous scheduling is enabled.
2026-03-06T23:07:46.3873866Z (ApiServer_0 pid=1098) WARNING 03-06 23:07:46 [loggers.py:1264] AsyncLLM created with api_server_count more than 1; disabling stats logging to avoid incomplete stats.
2026-03-06T23:07:46.3882261Z INFO 03-06 23:07:46 [utils.py:248] Waiting for API servers to complete ...
2026-03-06T23:07:46.3890975Z (EngineCore_DP0 pid=387) INFO 03-06 23:07:46 [ascend_config.py:433] Dynamic EPLB is False
2026-03-06T23:07:46.3900228Z (EngineCore_DP1 pid=858) INFO 03-06 23:07:46 [ascend_config.py:433] Dynamic EPLB is False
2026-03-06T23:07:46.3908691Z (EngineCore_DP0 pid=387) INFO 03-06 23:07:46 [ascend_config.py:434] The number of redundant experts is 0
2026-03-06T23:07:46.3917967Z (EngineCore_DP1 pid=858) INFO 03-06 23:07:46 [ascend_config.py:434] The number of redundant experts is 0
2026-03-06T23:07:46.3928199Z (EngineCore_DP0 pid=387) INFO 03-06 23:07:46 [ascend_config.py:55] Linear layer sharding enabled with config: None. Note: This feature works optimally with FLASHCOMM2 and DSA-CP enabled; using it without these features may result in significant performance degradation.
2026-03-06T23:07:46.3936921Z (EngineCore_DP1 pid=858) INFO 03-06 23:07:46 [ascend_config.py:55] Linear layer sharding enabled with config: None. Note: This feature works optimally with FLASHCOMM2 and DSA-CP enabled; using it without these features may result in significant performance degradation.
2026-03-06T23:07:46.3945840Z (EngineCore_DP0 pid=387) INFO 03-06 23:07:46 [platform.py:284] PIECEWISE compilation enabled on NPU. use_inductor not supported - using only ACL Graph mode
2026-03-06T23:07:46.3954184Z (EngineCore_DP1 pid=858) INFO 03-06 23:07:46 [platform.py:284] PIECEWISE compilation enabled on NPU. use_inductor not supported - using only ACL Graph mode
2026-03-06T23:07:46.3962798Z (EngineCore_DP1 pid=858) INFO 03-06 23:07:46 [utils.py:542] Calculated maximum supported batch sizes for ACL graph: 5
2026-03-06T23:07:46.3971685Z (EngineCore_DP0 pid=387) INFO 03-06 23:07:46 [utils.py:542] Calculated maximum supported batch sizes for ACL graph: 5
2026-03-06T23:07:46.3981898Z (EngineCore_DP1 pid=858) WARNING 03-06 23:07:46 [utils.py:543] Currently, communication is performed using FFTS+ method, which reduces the number of available streams and, as a result, limits the range of runtime shapes that can be handled. To both improve communication performance and increase the number of supported shapes, set HCCL_OP_EXPANSION_MODE=AIV.
2026-03-06T23:07:46.3990951Z (EngineCore_DP0 pid=387) WARNING 03-06 23:07:46 [utils.py:543] Currently, communication is performed using FFTS+ method, which reduces the number of available streams and, as a result, limits the range of runtime shapes that can be handled. To both improve communication performance and increase the number of supported shapes, set HCCL_OP_EXPANSION_MODE=AIV.
2026-03-06T23:07:46.3999302Z (EngineCore_DP1 pid=858) INFO 03-06 23:07:46 [utils.py:575] No adjustment needed for ACL graph batch sizes: DeepseekV3ForCausalLM model (layers: 61) with 5 sizes
2026-03-06T23:07:46.4007416Z (EngineCore_DP0 pid=387) INFO 03-06 23:07:46 [utils.py:575] No adjustment needed for ACL graph batch sizes: DeepseekV3ForCausalLM model (layers: 61) with 5 sizes
2026-03-06T23:07:46.4015980Z (EngineCore_DP1 pid=858) INFO 03-06 23:07:46 [platform.py:436] Set PYTORCH_NPU_ALLOC_CONF=expandable_segments:True
2026-03-06T23:07:46.4024846Z (EngineCore_DP0 pid=387) INFO 03-06 23:07:46 [platform.py:436] Set PYTORCH_NPU_ALLOC_CONF=expandable_segments:True
2026-03-06T23:07:46.4166092Z (ApiServer_1 pid=1099) INFO 03-06 23:07:46 [api_server.py:481] Supported tasks: ['generate']
2026-03-06T23:07:46.4186468Z (ApiServer_0 pid=1098) INFO 03-06 23:07:46 [api_server.py:481] Supported tasks: ['generate']
2026-03-06T23:07:46.5728843Z (ApiServer_1 pid=1099) INFO 03-06 23:07:46 [serving.py:188] Warming up chat template processing...
2026-03-06T23:07:46.5737726Z (ApiServer_0 pid=1098) INFO 03-06 23:07:46 [serving.py:188] Warming up chat template processing...
2026-03-06T23:07:46.5897259Z (ApiServer_1 pid=1099) You are using a model of type kimi_k2 to instantiate a model of type deepseek_v3. This is not supported for all configurations of models and can yield errors.
2026-03-06T23:07:46.5907087Z (ApiServer_0 pid=1098) You are using a model of type kimi_k2 to instantiate a model of type deepseek_v3. This is not supported for all configurations of models and can yield errors.
2026-03-06T23:07:47.1852893Z (ApiServer_1 pid=1099) INFO 03-06 23:07:47 [hf.py:318] Detected the chat template content format to be 'openai'. You can set `--chat-template-content-format` to override this.
2026-03-06T23:07:47.1992853Z (ApiServer_1 pid=1099) INFO 03-06 23:07:47 [serving.py:213] Chat template warmup completed in 626.0ms
2026-03-06T23:07:47.2014534Z (ApiServer_1 pid=1099) INFO 03-06 23:07:47 [api_server.py:486] Starting vLLM API server 1 on http://0.0.0.0:8080
2026-03-06T23:07:47.2023634Z (ApiServer_1 pid=1099) INFO 03-06 23:07:47 [launcher.py:38] Available routes are:
2026-03-06T23:07:47.2033150Z (ApiServer_1 pid=1099) INFO 03-06 23:07:47 [launcher.py:47] Route: /openapi.json, Methods: GET, HEAD
2026-03-06T23:07:47.2041923Z (ApiServer_1 pid=1099) INFO 03-06 23:07:47 [launcher.py:47] Route: /docs, Methods: GET, HEAD
2026-03-06T23:07:47.2050638Z (ApiServer_1 pid=1099) INFO 03-06 23:07:47 [launcher.py:47] Route: /docs/oauth2-redirect, Methods: GET, HEAD
2026-03-06T23:07:47.2059298Z (ApiServer_1 pid=1099) INFO 03-06 23:07:47 [launcher.py:47] Route: /redoc, Methods: GET, HEAD
2026-03-06T23:07:47.2068337Z (ApiServer_1 pid=1099) INFO 03-06 23:07:47 [launcher.py:47] Route: /load, Methods: GET
2026-03-06T23:07:47.2076982Z (ApiServer_1 pid=1099) INFO 03-06 23:07:47 [launcher.py:47] Route: /version, Methods: GET
2026-03-06T23:07:47.2085272Z (ApiServer_1 pid=1099) INFO 03-06 23:07:47 [launcher.py:47] Route: /scale_elastic_ep, Methods: POST
2026-03-06T23:07:47.2094097Z (ApiServer_1 pid=1099) INFO 03-06 23:07:47 [launcher.py:47] Route: /is_scaling_elastic_ep, Methods: POST
2026-03-06T23:07:47.2102302Z (ApiServer_1 pid=1099) INFO 03-06 23:07:47 [launcher.py:47] Route: /tokenize, Methods: POST
2026-03-06T23:07:47.2110616Z (ApiServer_1 pid=1099) INFO 03-06 23:07:47 [launcher.py:47] Route: /detokenize, Methods: POST
2026-03-06T23:07:47.2119936Z (ApiServer_1 pid=1099) INFO 03-06 23:07:47 [launcher.py:47] Route: /inference/v1/generate, Methods: POST
2026-03-06T23:07:47.2129015Z (ApiServer_1 pid=1099) INFO 03-06 23:07:47 [launcher.py:47] Route: /metrics, Methods: GET
2026-03-06T23:07:47.2137565Z (ApiServer_1 pid=1099) INFO 03-06 23:07:47 [launcher.py:47] Route: /health, Methods: GET
2026-03-06T23:07:47.2145817Z (ApiServer_1 pid=1099) INFO 03-06 23:07:47 [launcher.py:47] Route: /v1/models, Methods: GET
2026-03-06T23:07:47.2154023Z (ApiServer_1 pid=1099) INFO 03-06 23:07:47 [launcher.py:47] Route: /ping, Methods: GET
2026-03-06T23:07:47.2162445Z (ApiServer_1 pid=1099) INFO 03-06 23:07:47 [launcher.py:47] Route: /ping, Methods: POST
2026-03-06T23:07:47.2171064Z (ApiServer_1 pid=1099) INFO 03-06 23:07:47 [launcher.py:47] Route: /invocations, Methods: POST
2026-03-06T23:07:47.2180344Z (ApiServer_1 pid=1099) INFO 03-06 23:07:47 [launcher.py:47] Route: /v1/chat/completions, Methods: POST
2026-03-06T23:07:47.2188944Z (ApiServer_1 pid=1099) INFO 03-06 23:07:47 [launcher.py:47] Route: /v1/chat/completions/render, Methods: POST
2026-03-06T23:07:47.2197332Z (ApiServer_1 pid=1099) INFO 03-06 23:07:47 [launcher.py:47] Route: /v1/responses, Methods: POST
2026-03-06T23:07:47.2205500Z (ApiServer_1 pid=1099) INFO 03-06 23:07:47 [launcher.py:47] Route: /v1/responses/{response_id}, Methods: GET
2026-03-06T23:07:47.2213592Z (ApiServer_1 pid=1099) INFO 03-06 23:07:47 [launcher.py:47] Route: /v1/responses/{response_id}/cancel, Methods: POST
2026-03-06T23:07:47.2222414Z (ApiServer_1 pid=1099) INFO 03-06 23:07:47 [launcher.py:47] Route: /v1/completions, Methods: POST
2026-03-06T23:07:47.2231226Z (ApiServer_1 pid=1099) INFO 03-06 23:07:47 [launcher.py:47] Route: /v1/completions/render, Methods: POST
2026-03-06T23:07:47.2239603Z (ApiServer_1 pid=1099) INFO 03-06 23:07:47 [launcher.py:47] Route: /v1/messages, Methods: POST
2026-03-06T23:07:47.2248057Z (ApiServer_0 pid=1098) INFO 03-06 23:07:47 [hf.py:318] Detected the chat template content format to be 'openai'. You can set `--chat-template-content-format` to override this.
2026-03-06T23:07:47.2316379Z (ApiServer_1 pid=1099) WARNING 03-06 23:07:47 [warnings.py:110] /usr/local/python3.11.14/lib/python3.11/site-packages/websockets/legacy/__init__.py:6: DeprecationWarning: websockets.legacy is deprecated; see https://websockets.readthedocs.io/en/stable/howto/upgrade.html for upgrade instructions
2026-03-06T23:07:47.2364800Z (ApiServer_0 pid=1098) INFO 03-06 23:07:47 [serving.py:213] Chat template warmup completed in 663.1ms
2026-03-06T23:07:47.2388576Z (ApiServer_0 pid=1098) INFO 03-06 23:07:47 [api_server.py:486] Starting vLLM API server 0 on http://0.0.0.0:8080
2026-03-06T23:07:47.2410584Z (ApiServer_0 pid=1098) INFO 03-06 23:07:47 [launcher.py:38] Available routes are:
2026-03-06T23:07:47.2418911Z (ApiServer_0 pid=1098) INFO 03-06 23:07:47 [launcher.py:47] Route: /openapi.json, Methods: GET, HEAD
2026-03-06T23:07:47.2427043Z (ApiServer_0 pid=1098) INFO 03-06 23:07:47 [launcher.py:47] Route: /docs, Methods: GET, HEAD
2026-03-06T23:07:47.2435846Z (ApiServer_0 pid=1098) INFO 03-06 23:07:47 [launcher.py:47] Route: /docs/oauth2-redirect, Methods: GET, HEAD
2026-03-06T23:07:47.2443627Z (ApiServer_0 pid=1098) INFO 03-06 23:07:47 [launcher.py:47] Route: /redoc, Methods: GET, HEAD
2026-03-06T23:07:47.2452066Z (ApiServer_0 pid=1098) INFO 03-06 23:07:47 [launcher.py:47] Route: /load, Methods: GET
2026-03-06T23:07:47.2460710Z (ApiServer_0 pid=1098) INFO 03-06 23:07:47 [launcher.py:47] Route: /version, Methods: GET
2026-03-06T23:07:47.2469319Z (ApiServer_0 pid=1098) INFO 03-06 23:07:47 [launcher.py:47] Route: /scale_elastic_ep, Methods: POST
2026-03-06T23:07:47.2477959Z (ApiServer_0 pid=1098) INFO 03-06 23:07:47 [launcher.py:47] Route: /is_scaling_elastic_ep, Methods: POST
2026-03-06T23:07:47.2486230Z (ApiServer_0 pid=1098) INFO 03-06 23:07:47 [launcher.py:47] Route: /tokenize, Methods: POST
2026-03-06T23:07:47.2494322Z (ApiServer_0 pid=1098) INFO 03-06 23:07:47 [launcher.py:47] Route: /detokenize, Methods: POST
2026-03-06T23:07:47.2503344Z (ApiServer_0 pid=1098) INFO 03-06 23:07:47 [launcher.py:47] Route: /inference/v1/generate, Methods: POST
2026-03-06T23:07:47.2512321Z (ApiServer_0 pid=1098) INFO 03-06 23:07:47 [launcher.py:47] Route: /metrics, Methods: GET
2026-03-06T23:07:47.2520500Z (ApiServer_0 pid=1098) INFO 03-06 23:07:47 [launcher.py:47] Route: /health, Methods: GET
2026-03-06T23:07:47.2528752Z (ApiServer_0 pid=1098) INFO 03-06 23:07:47 [launcher.py:47] Route: /v1/models, Methods: GET
2026-03-06T23:07:47.2537059Z (ApiServer_0 pid=1098) INFO 03-06 23:07:47 [launcher.py:47] Route: /ping, Methods: GET
2026-03-06T23:07:47.2545826Z (ApiServer_0 pid=1098) INFO 03-06 23:07:47 [launcher.py:47] Route: /ping, Methods: POST
2026-03-06T23:07:47.2553954Z (ApiServer_0 pid=1098) INFO 03-06 23:07:47 [launcher.py:47] Route: /invocations, Methods: POST
2026-03-06T23:07:47.2562496Z (ApiServer_0 pid=1098) INFO 03-06 23:07:47 [launcher.py:47] Route: /v1/chat/completions, Methods: POST
2026-03-06T23:07:47.2571200Z (ApiServer_0 pid=1098) INFO 03-06 23:07:47 [launcher.py:47] Route: /v1/chat/completions/render, Methods: POST
2026-03-06T23:07:47.2580110Z (ApiServer_0 pid=1098) INFO 03-06 23:07:47 [launcher.py:47] Route: /v1/responses, Methods: POST
2026-03-06T23:07:47.2588595Z (ApiServer_0 pid=1098) INFO 03-06 23:07:47 [launcher.py:47] Route: /v1/responses/{response_id}, Methods: GET
2026-03-06T23:07:47.2597102Z (ApiServer_0 pid=1098) INFO 03-06 23:07:47 [launcher.py:47] Route: /v1/responses/{response_id}/cancel, Methods: POST
2026-03-06T23:07:47.2622570Z (ApiServer_0 pid=1098) INFO 03-06 23:07:47 [launcher.py:47] Route: /v1/completions, Methods: POST
2026-03-06T23:07:47.2623530Z (ApiServer_0 pid=1098) INFO 03-06 23:07:47 [launcher.py:47] Route: /v1/completions/render, Methods: POST
2026-03-06T23:07:47.2624162Z (ApiServer_0 pid=1098) INFO 03-06 23:07:47 [launcher.py:47] Route: /v1/messages, Methods: POST
2026-03-06T23:07:47.2631549Z (ApiServer_1 pid=1099) WARNING 03-06 23:07:47 [warnings.py:110] /usr/local/python3.11.14/lib/python3.11/site-packages/uvicorn/protocols/websockets/websockets_impl.py:17: DeprecationWarning: websockets.server.WebSocketServerProtocol is deprecated
2026-03-06T23:07:47.2641453Z (ApiServer_0 pid=1098) WARNING 03-06 23:07:47 [warnings.py:110] /usr/local/python3.11.14/lib/python3.11/site-packages/websockets/legacy/__init__.py:6: DeprecationWarning: websockets.legacy is deprecated; see https://websockets.readthedocs.io/en/stable/howto/upgrade.html for upgrade instructions
2026-03-06T23:07:47.2648605Z (ApiServer_1 pid=1099) INFO:     Started server process [1099]
2026-03-06T23:07:47.2657080Z (ApiServer_1 pid=1099) INFO:     Waiting for application startup.
2026-03-06T23:07:47.2666257Z (ApiServer_0 pid=1098) WARNING 03-06 23:07:47 [warnings.py:110] /usr/local/python3.11.14/lib/python3.11/site-packages/uvicorn/protocols/websockets/websockets_impl.py:17: DeprecationWarning: websockets.server.WebSocketServerProtocol is deprecated
2026-03-06T23:07:47.2673531Z (ApiServer_0 pid=1098) INFO:     Started server process [1098]
2026-03-06T23:07:47.2682337Z (ApiServer_0 pid=1098) INFO:     Waiting for application startup.
2026-03-06T23:07:47.5831061Z (ApiServer_1 pid=1099) INFO:     Application startup complete.
2026-03-06T23:07:47.7316966Z (ApiServer_0 pid=1098) INFO:     Application startup complete.
2026-03-06T23:07:49.8617233Z (ApiServer_1 pid=1099) INFO:     10.0.0.74:33800 - "GET /health HTTP/1.1" 200 OK
2026-03-06T23:07:49.8639989Z [2026-03-06 23:07:49] [INFO] [READY] Node 10.0.0.74 is ready.
2026-03-06T23:07:49.9016893Z 2026-03-06 23:07:49,900 - modelscope - WARNING - We can not confirm the cached file is for revision: master
2026-03-06T23:07:49.9336711Z 2026-03-06 23:07:49,932 - modelscope - WARNING - We can not confirm the cached file is for revision: master
2026-03-06T23:07:51.3744127Z (ApiServer_0 pid=1098) INFO:     10.0.0.102:43544 - "GET /health HTTP/1.1" 200 OK
2026-03-06T23:07:51.3758839Z (ApiServer_1 pid=1099) INFO:     10.0.0.102:43550 - "GET /health HTTP/1.1" 200 OK
2026-03-06T23:07:56.3810946Z (ApiServer_0 pid=1098) INFO:     10.0.0.102:50412 - "GET /health HTTP/1.1" 200 OK
2026-03-06T23:08:01.3846245Z (ApiServer_0 pid=1098) INFO:     10.0.0.102:50422 - "GET /health HTTP/1.1" 200 OK
2026-03-06T23:08:03.3137225Z (ApiServer_1 pid=1099) WARNING 03-06 23:08:03 [warnings.py:110] /vllm-workspace/vllm/vllm/entrypoints/openai/chat_completion/protocol.py:377: DeprecationWarning: max_tokens is deprecated in favor of the max_completion_tokens field
2026-03-06T23:08:03.3155925Z (ApiServer_0 pid=1098) WARNING 03-06 23:08:03 [warnings.py:110] /vllm-workspace/vllm/vllm/entrypoints/openai/chat_completion/protocol.py:377: DeprecationWarning: max_tokens is deprecated in favor of the max_completion_tokens field
2026-03-06T23:08:03.3182791Z (ApiServer_1 pid=1099) WARNING 03-06 23:08:03 [warnings.py:110] /vllm-workspace/vllm/vllm/entrypoints/openai/chat_completion/serving.py:393: DeprecationWarning: max_tokens is deprecated in favor of the max_completion_tokens field
2026-03-06T23:08:03.3845064Z (ApiServer_0 pid=1098) WARNING 03-06 23:08:03 [warnings.py:110] /vllm-workspace/vllm/vllm/entrypoints/openai/chat_completion/serving.py:393: DeprecationWarning: max_tokens is deprecated in favor of the max_completion_tokens field
2026-03-06T23:08:04.0551222Z [rank5]:[W306 23:08:04.906599084 compiler_depend.ts:4658] Warning: The current allgather operator has a defect in handling different tensor shape,         the work event forces a wait operation, and the allgather wait on the python side would be fake (function operator())
2026-03-06T23:08:04.0559272Z [rank10]:[W306 23:08:04.906742655 compiler_depend.ts:4658] Warning: The current allgather operator has a defect in handling different tensor shape,         the work event forces a wait operation, and the allgather wait on the python side would be fake (function operator())
2026-03-06T23:08:04.1045801Z [rank6]:[W306 23:08:04.906938577 compiler_depend.ts:4658] Warning: The current allgather operator has a defect in handling different tensor shape,         the work event forces a wait operation, and the allgather wait on the python side would be fake (function operator())
2026-03-06T23:08:04.1047545Z [rank13]:[W306 23:08:04.907054748 compiler_depend.ts:4658] Warning: The current allgather operator has a defect in handling different tensor shape,         the work event forces a wait operation, and the allgather wait on the python side would be fake (function operator())
2026-03-06T23:08:04.1049255Z [rank15]:[W306 23:08:04.907090479 compiler_depend.ts:4658] Warning: The current allgather operator has a defect in handling different tensor shape,         the work event forces a wait operation, and the allgather wait on the python side would be fake (function operator())
2026-03-06T23:08:04.1051126Z [rank4]:[W306 23:08:04.907135949 compiler_depend.ts:4658] Warning: The current allgather operator has a defect in handling different tensor shape,         the work event forces a wait operation, and the allgather wait on the python side would be fake (function operator())
2026-03-06T23:08:04.1052827Z [rank7]:[W306 23:08:04.907148429 compiler_depend.ts:4658] Warning: The current allgather operator has a defect in handling different tensor shape,         the work event forces a wait operation, and the allgather wait on the python side would be fake (function operator())
2026-03-06T23:08:04.1054790Z [rank14]:[W306 23:08:04.907171209 compiler_depend.ts:4658] Warning: The current allgather operator has a defect in handling different tensor shape,         the work event forces a wait operation, and the allgather wait on the python side would be fake (function operator())
2026-03-06T23:08:04.1056509Z [rank12]:[W306 23:08:04.907186939 compiler_depend.ts:4658] Warning: The current allgather operator has a defect in handling different tensor shape,         the work event forces a wait operation, and the allgather wait on the python side would be fake (function operator())
2026-03-06T23:08:04.1058225Z [rank11]:[W306 23:08:04.907186199 compiler_depend.ts:4658] Warning: The current allgather operator has a defect in handling different tensor shape,         the work event forces a wait operation, and the allgather wait on the python side would be fake (function operator())
2026-03-06T23:08:04.1060063Z [rank9]:[W306 23:08:04.907205270 compiler_depend.ts:4658] Warning: The current allgather operator has a defect in handling different tensor shape,         the work event forces a wait operation, and the allgather wait on the python side would be fake (function operator())
2026-03-06T23:08:04.1061759Z [rank8]:[W306 23:08:04.907221500 compiler_depend.ts:4658] Warning: The current allgather operator has a defect in handling different tensor shape,         the work event forces a wait operation, and the allgather wait on the python side would be fake (function operator())
2026-03-06T23:08:04.1063494Z [rank2]:[W306 23:08:04.907264660 compiler_depend.ts:4658] Warning: The current allgather operator has a defect in handling different tensor shape,         the work event forces a wait operation, and the allgather wait on the python side would be fake (function operator())
2026-03-06T23:08:04.1065273Z [rank3]:[W306 23:08:04.907351141 compiler_depend.ts:4658] Warning: The current allgather operator has a defect in handling different tensor shape,         the work event forces a wait operation, and the allgather wait on the python side would be fake (function operator())
2026-03-06T23:08:04.1066977Z [rank1]:[W306 23:08:04.907355531 compiler_depend.ts:4658] Warning: The current allgather operator has a defect in handling different tensor shape,         the work event forces a wait operation, and the allgather wait on the python side would be fake (function operator())
2026-03-06T23:08:04.1068773Z [rank0]:[W306 23:08:04.907547653 compiler_depend.ts:4658] Warning: The current allgather operator has a defect in handling different tensor shape,         the work event forces a wait operation, and the allgather wait on the python side would be fake (function operator())
2026-03-06T23:08:05.2917544Z (Worker_DP0_TP4_EP4 pid=3725) INFO 03-06 23:08:05 [acl_graph.py:185] Replaying aclgraph
2026-03-06T23:08:05.2925194Z (Worker_DP0_TP5_EP5 pid=4346) INFO 03-06 23:08:05 [acl_graph.py:185] Replaying aclgraph
2026-03-06T23:08:05.2933606Z (Worker_DP1_TP5_EP13 pid=4280) INFO 03-06 23:08:05 [acl_graph.py:185] Replaying aclgraph
2026-03-06T23:08:05.2942062Z (Worker_DP0_TP7_EP7 pid=5395) INFO 03-06 23:08:05 [acl_graph.py:185] Replaying aclgraph
2026-03-06T23:08:05.2951214Z (Worker_DP1_TP4_EP12 pid=3724) INFO 03-06 23:08:05 [acl_graph.py:185] Replaying aclgraph
2026-03-06T23:08:05.2960557Z (Worker_DP1_TP7_EP15 pid=5392) INFO 03-06 23:08:05 [acl_graph.py:185] Replaying aclgraph
2026-03-06T23:08:05.2968625Z (Worker_DP1_TP0_EP8 pid=1243) INFO 03-06 23:08:05 [acl_graph.py:185] Replaying aclgraph
2026-03-06T23:08:05.2978012Z (Worker_DP0_TP0_EP0 pid=1242) INFO 03-06 23:08:05 [acl_graph.py:185] Replaying aclgraph
2026-03-06T23:08:05.2986382Z (Worker_DP1_TP1_EP9 pid=2120) INFO 03-06 23:08:05 [acl_graph.py:185] Replaying aclgraph
2026-03-06T23:08:05.2994679Z (Worker_DP0_TP1_EP1 pid=2054) INFO 03-06 23:08:05 [acl_graph.py:185] Replaying aclgraph
2026-03-06T23:08:05.3002993Z (Worker_DP0_TP2_EP2 pid=2612) INFO 03-06 23:08:05 [acl_graph.py:185] Replaying aclgraph
2026-03-06T23:08:05.3012017Z (Worker_DP0_TP3_EP3 pid=3168) INFO 03-06 23:08:05 [acl_graph.py:185] Replaying aclgraph
2026-03-06T23:08:05.3020962Z (Worker_DP1_TP2_EP10 pid=2615) INFO 03-06 23:08:05 [acl_graph.py:185] Replaying aclgraph
2026-03-06T23:08:05.3029328Z (Worker_DP1_TP3_EP11 pid=3170) INFO 03-06 23:08:05 [acl_graph.py:185] Replaying aclgraph
2026-03-06T23:08:05.3038550Z (Worker_DP1_TP6_EP14 pid=4836) INFO 03-06 23:08:05 [acl_graph.py:185] Replaying aclgraph
2026-03-06T23:08:05.3046473Z (Worker_DP0_TP6_EP6 pid=4902) INFO 03-06 23:08:05 [acl_graph.py:185] Replaying aclgraph
2026-03-06T23:08:06.3887087Z (ApiServer_0 pid=1098) INFO:     10.0.0.102:49146 - "GET /health HTTP/1.1" 200 OK
2026-03-06T23:08:11.3925585Z (ApiServer_0 pid=1098) INFO:     10.0.0.102:49158 - "GET /health HTTP/1.1" 200 OK
2026-03-06T23:08:13.3669486Z (ApiServer_0 pid=1098) INFO:     10.0.0.74:49968 - "POST /v1/chat/completions HTTP/1.1" 200 OK
2026-03-06T23:08:14.7450768Z (ApiServer_1 pid=1099) INFO:     10.0.0.74:50040 - "POST /v1/chat/completions HTTP/1.1" 200 OK
2026-03-06T23:08:16.0254369Z (ApiServer_0 pid=1098) INFO:     10.0.0.74:49836 - "POST /v1/chat/completions HTTP/1.1" 200 OK
2026-03-06T23:08:16.2430211Z (ApiServer_1 pid=1099) INFO:     10.0.0.74:49854 - "POST /v1/chat/completions HTTP/1.1" 200 OK
2026-03-06T23:08:16.3952034Z (ApiServer_0 pid=1098) INFO:     10.0.0.102:53320 - "GET /health HTTP/1.1" 200 OK
2026-03-06T23:08:16.7668272Z (ApiServer_1 pid=1099) INFO:     10.0.0.74:50036 - "POST /v1/chat/completions HTTP/1.1" 200 OK
2026-03-06T23:08:16.7703982Z (ApiServer_1 pid=1099) INFO:     10.0.0.74:49984 - "POST /v1/chat/completions HTTP/1.1" 200 OK
2026-03-06T23:08:17.3150146Z (ApiServer_0 pid=1098) INFO:     10.0.0.74:49916 - "POST /v1/chat/completions HTTP/1.1" 200 OK
2026-03-06T23:08:17.6332098Z (ApiServer_0 pid=1098) INFO:     10.0.0.74:50068 - "POST /v1/chat/completions HTTP/1.1" 200 OK
2026-03-06T23:08:18.1915369Z (ApiServer_0 pid=1098) INFO:     10.0.0.74:50076 - "POST /v1/chat/completions HTTP/1.1" 200 OK
2026-03-06T23:08:18.4129782Z (ApiServer_1 pid=1099) INFO:     10.0.0.74:50014 - "POST /v1/chat/completions HTTP/1.1" 200 OK
2026-03-06T23:08:18.4139197Z (ApiServer_0 pid=1098) INFO:     10.0.0.74:49926 - "POST /v1/chat/completions HTTP/1.1" 200 OK
2026-03-06T23:08:18.8563128Z (ApiServer_0 pid=1098) INFO:     10.0.0.74:49882 - "POST /v1/chat/completions HTTP/1.1" 200 OK
2026-03-06T23:08:19.4141317Z (ApiServer_0 pid=1098) INFO:     10.0.0.74:49860 - "POST /v1/chat/completions HTTP/1.1" 200 OK
2026-03-06T23:08:20.3000439Z (ApiServer_1 pid=1099) INFO:     10.0.0.74:49834 - "POST /v1/chat/completions HTTP/1.1" 200 OK
2026-03-06T23:08:20.6219821Z (ApiServer_0 pid=1098) INFO:     10.0.0.74:49980 - "POST /v1/chat/completions HTTP/1.1" 200 OK
2026-03-06T23:08:20.8556298Z (ApiServer_0 pid=1098) INFO:     10.0.0.74:49950 - "POST /v1/chat/completions HTTP/1.1" 200 OK
2026-03-06T23:08:20.8564184Z (ApiServer_1 pid=1099) INFO:     10.0.0.74:50020 - "POST /v1/chat/completions HTTP/1.1" 200 OK
2026-03-06T23:08:21.3019408Z (ApiServer_0 pid=1098) INFO:     10.0.0.74:50096 - "POST /v1/chat/completions HTTP/1.1" 200 OK
2026-03-06T23:08:21.3985938Z (ApiServer_0 pid=1098) INFO:     10.0.0.102:53334 - "GET /health HTTP/1.1" 200 OK
2026-03-06T23:08:22.9512134Z (ApiServer_0 pid=1098) INFO:     10.0.0.74:49912 - "POST /v1/chat/completions HTTP/1.1" 200 OK
2026-03-06T23:08:23.2627534Z (ApiServer_0 pid=1098) INFO:     10.0.0.74:50066 - "POST /v1/chat/completions HTTP/1.1" 200 OK
2026-03-06T23:08:23.4648464Z (ApiServer_1 pid=1099) INFO:     10.0.0.74:50046 - "POST /v1/chat/completions HTTP/1.1" 200 OK
2026-03-06T23:08:24.9347788Z (ApiServer_0 pid=1098) INFO:     10.0.0.74:50090 - "POST /v1/chat/completions HTTP/1.1" 200 OK
2026-03-06T23:08:26.2081523Z (ApiServer_1 pid=1099) INFO:     10.0.0.74:49852 - "POST /v1/chat/completions HTTP/1.1" 200 OK
2026-03-06T23:08:26.4013648Z (ApiServer_1 pid=1099) INFO:     10.0.0.102:36940 - "GET /health HTTP/1.1" 200 OK
2026-03-06T23:08:27.1654754Z (ApiServer_0 pid=1098) INFO:     10.0.0.74:49962 - "POST /v1/chat/completions HTTP/1.1" 200 OK
2026-03-06T23:08:27.3612406Z (ApiServer_1 pid=1099) INFO:     10.0.0.74:50054 - "POST /v1/chat/completions HTTP/1.1" 200 OK
2026-03-06T23:08:28.1650771Z (ApiServer_0 pid=1098) INFO:     10.0.0.74:49938 - "POST /v1/chat/completions HTTP/1.1" 200 OK
2026-03-06T23:08:28.2654972Z (ApiServer_1 pid=1099) INFO:     10.0.0.74:49898 - "POST /v1/chat/completions HTTP/1.1" 200 OK
2026-03-06T23:08:31.4043411Z (ApiServer_0 pid=1098) INFO:     10.0.0.102:36944 - "GET /health HTTP/1.1" 200 OK
2026-03-06T23:08:31.7297865Z (ApiServer_1 pid=1099) INFO:     10.0.0.74:49996 - "POST /v1/chat/completions HTTP/1.1" 200 OK
2026-03-06T23:08:32.4439669Z (ApiServer_0 pid=1098) INFO:     10.0.0.74:49906 - "POST /v1/chat/completions HTTP/1.1" 200 OK
2026-03-06T23:08:32.6999131Z (ApiServer_1 pid=1099) INFO:     10.0.0.74:49870 - "POST /v1/chat/completions HTTP/1.1" 200 OK
2026-03-06T23:08:36.4067823Z (ApiServer_0 pid=1098) INFO:     10.0.0.102:55700 - "GET /health HTTP/1.1" 200 OK
2026-03-06T23:08:37.0143162Z (ApiServer_0 pid=1098) INFO:     10.0.0.74:49948 - "POST /v1/chat/completions HTTP/1.1" 200 OK
2026-03-06T23:08:41.2297022Z (ApiServer_1 pid=1099) INFO:     10.0.0.74:50010 - "POST /v1/chat/completions HTTP/1.1" 200 OK
2026-03-06T23:08:41.4092530Z (ApiServer_0 pid=1098) INFO:     10.0.0.102:55710 - "GET /health HTTP/1.1" 200 OK
2026-03-06T23:08:46.4130380Z (ApiServer_0 pid=1098) INFO:     10.0.0.102:41764 - "GET /health HTTP/1.1" 200 OK
2026-03-06T23:08:51.4178303Z (ApiServer_0 pid=1098) INFO:     10.0.0.102:41766 - "GET /health HTTP/1.1" 200 OK
2026-03-06T23:08:54.1960887Z 2026-03-06 23:08:54,194 - modelscope - WARNING - We can not confirm the cached file is for revision: master
2026-03-06T23:08:54.2216627Z 2026-03-06 23:08:54,220 - modelscope - WARNING - We can not confirm the cached file is for revision: master
2026-03-06T23:08:56.4185822Z (ApiServer_0 pid=1098) INFO:     10.0.0.102:42276 - "GET /health HTTP/1.1" 200 OK
2026-03-06T23:09:01.4217552Z (ApiServer_0 pid=1098) INFO:     10.0.0.102:42290 - "GET /health HTTP/1.1" 200 OK
2026-03-06T23:09:05.0428495Z (ApiServer_0 pid=1098) INFO:     10.0.0.74:54016 - "POST /v1/chat/completions HTTP/1.1" 200 OK
2026-03-06T23:09:05.0461068Z (ApiServer_0 pid=1098) INFO:     10.0.0.74:54030 - "POST /v1/chat/completions HTTP/1.1" 200 OK
2026-03-06T23:09:05.0544153Z (ApiServer_0 pid=1098) INFO:     10.0.0.74:54056 - "POST /v1/chat/completions HTTP/1.1" 200 OK
2026-03-06T23:09:05.0634335Z (ApiServer_1 pid=1099) INFO:     10.0.0.74:54028 - "POST /v1/chat/completions HTTP/1.1" 200 OK
2026-03-06T23:09:05.0642604Z (ApiServer_1 pid=1099) INFO:     10.0.0.74:54038 - "POST /v1/chat/completions HTTP/1.1" 200 OK
2026-03-06T23:09:05.0651752Z (ApiServer_1 pid=1099) INFO:     10.0.0.74:54050 - "POST /v1/chat/completions HTTP/1.1" 200 OK
2026-03-06T23:09:05.0688803Z (ApiServer_1 pid=1099) INFO:     10.0.0.74:54072 - "POST /v1/chat/completions HTTP/1.1" 200 OK
2026-03-06T23:09:05.1418537Z (ApiServer_0 pid=1098) INFO:     10.0.0.74:54076 - "POST /v1/chat/completions HTTP/1.1" 200 OK
2026-03-06T23:09:05.2309649Z (ApiServer_0 pid=1098) INFO:     10.0.0.74:54080 - "POST /v1/chat/completions HTTP/1.1" 200 OK
2026-03-06T23:09:05.3199593Z (ApiServer_0 pid=1098) INFO:     10.0.0.74:54092 - "POST /v1/chat/completions HTTP/1.1" 200 OK
2026-03-06T23:09:05.4097692Z (ApiServer_0 pid=1098) INFO:     10.0.0.74:54108 - "POST /v1/chat/completions HTTP/1.1" 200 OK
2026-03-06T23:09:05.4993984Z (ApiServer_0 pid=1098) INFO:     10.0.0.74:54116 - "POST /v1/chat/completions HTTP/1.1" 200 OK
2026-03-06T23:09:05.5874296Z (ApiServer_0 pid=1098) INFO:     10.0.0.74:54124 - "POST /v1/chat/completions HTTP/1.1" 200 OK
2026-03-06T23:09:05.6770903Z (ApiServer_0 pid=1098) INFO:     10.0.0.74:54132 - "POST /v1/chat/completions HTTP/1.1" 200 OK
2026-03-06T23:09:05.7684653Z (ApiServer_1 pid=1099) INFO:     10.0.0.74:54134 - "POST /v1/chat/completions HTTP/1.1" 200 OK
2026-03-06T23:09:05.8562569Z (ApiServer_0 pid=1098) INFO:     10.0.0.74:54150 - "POST /v1/chat/completions HTTP/1.1" 200 OK
2026-03-06T23:09:05.9466891Z (ApiServer_0 pid=1098) INFO:     10.0.0.74:54154 - "POST /v1/chat/completions HTTP/1.1" 200 OK
2026-03-06T23:09:06.0332675Z (ApiServer_0 pid=1098) INFO:     10.0.0.74:54166 - "POST /v1/chat/completions HTTP/1.1" 200 OK
2026-03-06T23:09:06.1229403Z (ApiServer_0 pid=1098) INFO:     10.0.0.74:54182 - "POST /v1/chat/completions HTTP/1.1" 200 OK
2026-03-06T23:09:06.2128742Z (ApiServer_0 pid=1098) INFO:     10.0.0.74:54196 - "POST /v1/chat/completions HTTP/1.1" 200 OK
2026-03-06T23:09:06.3018523Z (ApiServer_0 pid=1098) INFO:     10.0.0.74:54202 - "POST /v1/chat/completions HTTP/1.1" 200 OK
2026-03-06T23:09:06.3911252Z (ApiServer_0 pid=1098) INFO:     10.0.0.74:54206 - "POST /v1/chat/completions HTTP/1.1" 200 OK
2026-03-06T23:09:06.4247607Z (ApiServer_1 pid=1099) INFO:     10.0.0.102:36136 - "GET /health HTTP/1.1" 200 OK
2026-03-06T23:09:06.4800358Z (ApiServer_0 pid=1098) INFO:     10.0.0.74:54214 - "POST /v1/chat/completions HTTP/1.1" 200 OK
2026-03-06T23:09:06.5713595Z (ApiServer_1 pid=1099) INFO:     10.0.0.74:54226 - "POST /v1/chat/completions HTTP/1.1" 200 OK
2026-03-06T23:09:06.6593172Z (ApiServer_0 pid=1098) INFO:     10.0.0.74:54234 - "POST /v1/chat/completions HTTP/1.1" 200 OK
2026-03-06T23:09:06.7479386Z (ApiServer_1 pid=1099) INFO:     10.0.0.74:54240 - "POST /v1/chat/completions HTTP/1.1" 200 OK
2026-03-06T23:09:06.8368323Z (ApiServer_0 pid=1098) INFO:     10.0.0.74:54256 - "POST /v1/chat/completions HTTP/1.1" 200 OK
2026-03-06T23:09:06.9262408Z (ApiServer_1 pid=1099) INFO:     10.0.0.74:54268 - "POST /v1/chat/completions HTTP/1.1" 200 OK
2026-03-06T23:09:07.0166380Z (ApiServer_1 pid=1099) INFO:     10.0.0.74:54270 - "POST /v1/chat/completions HTTP/1.1" 200 OK
2026-03-06T23:09:07.1063479Z (ApiServer_0 pid=1098) INFO:     10.0.0.74:54280 - "POST /v1/chat/completions HTTP/1.1" 200 OK
2026-03-06T23:09:07.1937835Z (ApiServer_1 pid=1099) INFO:     10.0.0.74:54290 - "POST /v1/chat/completions HTTP/1.1" 200 OK
2026-03-06T23:09:07.2861580Z (ApiServer_0 pid=1098) INFO:     10.0.0.74:54298 - "POST /v1/chat/completions HTTP/1.1" 200 OK
2026-03-06T23:09:07.3734340Z (ApiServer_1 pid=1099) INFO:     10.0.0.74:54308 - "POST /v1/chat/completions HTTP/1.1" 200 OK
2026-03-06T23:09:07.4630839Z (ApiServer_0 pid=1098) INFO:     10.0.0.74:54318 - "POST /v1/chat/completions HTTP/1.1" 200 OK
2026-03-06T23:09:07.5356790Z (Worker_DP0_TP3_EP3 pid=3168) /vllm-workspace/vllm-ascend/vllm_ascend/attention/mla_v1.py:995: UserWarning: To copy construct from a tensor, it is recommended to use sourceTensor.detach().clone() or sourceTensor.detach().clone().requires_grad_(True), rather than torch.tensor(sourceTensor).
2026-03-06T23:09:07.5364771Z (Worker_DP0_TP3_EP3 pid=3168)   current_seq_len = torch.tensor(prefill_metadata.query_lens, dtype=torch.int32)
2026-03-06T23:09:07.5374835Z (Worker_DP0_TP5_EP5 pid=4346) /vllm-workspace/vllm-ascend/vllm_ascend/attention/mla_v1.py:995: UserWarning: To copy construct from a tensor, it is recommended to use sourceTensor.detach().clone() or sourceTensor.detach().clone().requires_grad_(True), rather than torch.tensor(sourceTensor).
2026-03-06T23:09:07.5384362Z (Worker_DP0_TP4_EP4 pid=3725) /vllm-workspace/vllm-ascend/vllm_ascend/attention/mla_v1.py:995: UserWarning: To copy construct from a tensor, it is recommended to use sourceTensor.detach().clone() or sourceTensor.detach().clone().requires_grad_(True), rather than torch.tensor(sourceTensor).
2026-03-06T23:09:07.5392457Z (Worker_DP0_TP5_EP5 pid=4346)   current_seq_len = torch.tensor(prefill_metadata.query_lens, dtype=torch.int32)
2026-03-06T23:09:07.5402728Z (Worker_DP0_TP6_EP6 pid=4902) /vllm-workspace/vllm-ascend/vllm_ascend/attention/mla_v1.py:995: UserWarning: To copy construct from a tensor, it is recommended to use sourceTensor.detach().clone() or sourceTensor.detach().clone().requires_grad_(True), rather than torch.tensor(sourceTensor).
2026-03-06T23:09:07.5411130Z (Worker_DP0_TP4_EP4 pid=3725)   current_seq_len = torch.tensor(prefill_metadata.query_lens, dtype=torch.int32)
2026-03-06T23:09:07.5421612Z (Worker_DP0_TP7_EP7 pid=5395) /vllm-workspace/vllm-ascend/vllm_ascend/attention/mla_v1.py:995: UserWarning: To copy construct from a tensor, it is recommended to use sourceTensor.detach().clone() or sourceTensor.detach().clone().requires_grad_(True), rather than torch.tensor(sourceTensor).
2026-03-06T23:09:07.5429718Z (Worker_DP0_TP6_EP6 pid=4902)   current_seq_len = torch.tensor(prefill_metadata.query_lens, dtype=torch.int32)
2026-03-06T23:09:07.5439428Z (Worker_DP0_TP2_EP2 pid=2612) /vllm-workspace/vllm-ascend/vllm_ascend/attention/mla_v1.py:995: UserWarning: To copy construct from a tensor, it is recommended to use sourceTensor.detach().clone() or sourceTensor.detach().clone().requires_grad_(True), rather than torch.tensor(sourceTensor).
2026-03-06T23:09:07.5447404Z (Worker_DP0_TP7_EP7 pid=5395)   current_seq_len = torch.tensor(prefill_metadata.query_lens, dtype=torch.int32)
2026-03-06T23:09:07.5457021Z (Worker_DP0_TP0_EP0 pid=1242) /vllm-workspace/vllm-ascend/vllm_ascend/attention/mla_v1.py:995: UserWarning: To copy construct from a tensor, it is recommended to use sourceTensor.detach().clone() or sourceTensor.detach().clone().requires_grad_(True), rather than torch.tensor(sourceTensor).
2026-03-06T23:09:07.5466162Z (Worker_DP0_TP1_EP1 pid=2054) /vllm-workspace/vllm-ascend/vllm_ascend/attention/mla_v1.py:995: UserWarning: To copy construct from a tensor, it is recommended to use sourceTensor.detach().clone() or sourceTensor.detach().clone().requires_grad_(True), rather than torch.tensor(sourceTensor).
2026-03-06T23:09:07.5473383Z (Worker_DP0_TP2_EP2 pid=2612)   current_seq_len = torch.tensor(prefill_metadata.query_lens, dtype=torch.int32)
2026-03-06T23:09:07.5482609Z (Worker_DP0_TP0_EP0 pid=1242)   current_seq_len = torch.tensor(prefill_metadata.query_lens, dtype=torch.int32)
2026-03-06T23:09:07.5491128Z (Worker_DP0_TP1_EP1 pid=2054)   current_seq_len = torch.tensor(prefill_metadata.query_lens, dtype=torch.int32)
2026-03-06T23:09:07.5524485Z (ApiServer_1 pid=1099) INFO:     10.0.0.74:54326 - "POST /v1/chat/completions HTTP/1.1" 200 OK
2026-03-06T23:09:07.6402825Z (ApiServer_1 pid=1099) INFO:     10.0.0.74:54336 - "POST /v1/chat/completions HTTP/1.1" 200 OK
2026-03-06T23:09:07.7314959Z (ApiServer_0 pid=1098) INFO:     10.0.0.74:54338 - "POST /v1/chat/completions HTTP/1.1" 200 OK
2026-03-06T23:09:07.8187712Z (ApiServer_1 pid=1099) INFO:     10.0.0.74:54346 - "POST /v1/chat/completions HTTP/1.1" 200 OK
2026-03-06T23:09:07.9081783Z (ApiServer_1 pid=1099) INFO:     10.0.0.74:54360 - "POST /v1/chat/completions HTTP/1.1" 200 OK
2026-03-06T23:09:07.9978866Z (ApiServer_1 pid=1099) INFO:     10.0.0.74:54372 - "POST /v1/chat/completions HTTP/1.1" 200 OK
2026-03-06T23:09:08.0883747Z (ApiServer_0 pid=1098) INFO:     10.0.0.74:54382 - "POST /v1/chat/completions HTTP/1.1" 200 OK
2026-03-06T23:09:08.1771376Z (ApiServer_1 pid=1099) INFO:     10.0.0.74:54396 - "POST /v1/chat/completions HTTP/1.1" 200 OK
2026-03-06T23:09:08.2696543Z (ApiServer_0 pid=1098) INFO:     10.0.0.74:54402 - "POST /v1/chat/completions HTTP/1.1" 200 OK
2026-03-06T23:09:08.3551000Z (ApiServer_1 pid=1099) INFO:     10.0.0.74:54408 - "POST /v1/chat/completions HTTP/1.1" 200 OK
2026-03-06T23:09:08.4488183Z (ApiServer_1 pid=1099) INFO:     10.0.0.74:54410 - "POST /v1/chat/completions HTTP/1.1" 200 OK
2026-03-06T23:09:08.5352544Z (ApiServer_1 pid=1099) INFO:     10.0.0.74:54422 - "POST /v1/chat/completions HTTP/1.1" 200 OK
2026-03-06T23:09:08.6779509Z (ApiServer_1 pid=1099) INFO:     10.0.0.74:54438 - "POST /v1/chat/completions HTTP/1.1" 200 OK
2026-03-06T23:09:08.7121016Z (ApiServer_0 pid=1098) INFO:     10.0.0.74:54452 - "POST /v1/chat/completions HTTP/1.1" 200 OK
2026-03-06T23:09:08.8018627Z (ApiServer_1 pid=1099) INFO:     10.0.0.74:54466 - "POST /v1/chat/completions HTTP/1.1" 200 OK
2026-03-06T23:09:08.8921337Z (ApiServer_0 pid=1098) INFO:     10.0.0.74:54468 - "POST /v1/chat/completions HTTP/1.1" 200 OK
2026-03-06T23:09:08.9795067Z (ApiServer_1 pid=1099) INFO:     10.0.0.74:54470 - "POST /v1/chat/completions HTTP/1.1" 200 OK
2026-03-06T23:09:09.0691746Z (ApiServer_0 pid=1098) INFO:     10.0.0.74:54480 - "POST /v1/chat/completions HTTP/1.1" 200 OK
2026-03-06T23:09:09.1580154Z (ApiServer_1 pid=1099) INFO:     10.0.0.74:54492 - "POST /v1/chat/completions HTTP/1.1" 200 OK
2026-03-06T23:09:09.2497048Z (ApiServer_0 pid=1098) INFO:     10.0.0.74:54508 - "POST /v1/chat/completions HTTP/1.1" 200 OK
2026-03-06T23:09:09.3374890Z (ApiServer_1 pid=1099) INFO:     10.0.0.74:54518 - "POST /v1/chat/completions HTTP/1.1" 200 OK
2026-03-06T23:09:09.4245555Z (ApiServer_1 pid=1099) INFO:     10.0.0.74:54528 - "POST /v1/chat/completions HTTP/1.1" 200 OK
2026-03-06T23:09:09.5152135Z (ApiServer_1 pid=1099) INFO:     10.0.0.74:54540 - "POST /v1/chat/completions HTTP/1.1" 200 OK
2026-03-06T23:09:09.6060183Z (ApiServer_1 pid=1099) INFO:     10.0.0.74:54552 - "POST /v1/chat/completions HTTP/1.1" 200 OK
2026-03-06T23:09:09.6962745Z (ApiServer_0 pid=1098) INFO:     10.0.0.74:54560 - "POST /v1/chat/completions HTTP/1.1" 200 OK
2026-03-06T23:09:09.7845356Z (ApiServer_1 pid=1099) INFO:     10.0.0.74:54576 - "POST /v1/chat/completions HTTP/1.1" 200 OK
2026-03-06T23:09:09.8722100Z (ApiServer_1 pid=1099) INFO:     10.0.0.74:54592 - "POST /v1/chat/completions HTTP/1.1" 200 OK
2026-03-06T23:09:09.9619332Z (ApiServer_1 pid=1099) INFO:     10.0.0.74:54598 - "POST /v1/chat/completions HTTP/1.1" 200 OK
2026-03-06T23:09:10.0512396Z (ApiServer_1 pid=1099) INFO:     10.0.0.74:54614 - "POST /v1/chat/completions HTTP/1.1" 200 OK
2026-03-06T23:09:10.1433619Z (ApiServer_0 pid=1098) INFO:     10.0.0.74:54624 - "POST /v1/chat/completions HTTP/1.1" 200 OK
2026-03-06T23:09:10.2988831Z (Worker_DP1_TP1_EP9 pid=2120) /vllm-workspace/vllm-ascend/vllm_ascend/attention/mla_v1.py:995: UserWarning: To copy construct from a tensor, it is recommended to use sourceTensor.detach().clone() or sourceTensor.detach().clone().requires_grad_(True), rather than torch.tensor(sourceTensor).
2026-03-06T23:09:10.2995745Z (Worker_DP1_TP1_EP9 pid=2120)   current_seq_len = torch.tensor(prefill_metadata.query_lens, dtype=torch.int32)
2026-03-06T23:09:10.3006376Z (Worker_DP1_TP0_EP8 pid=1243) /vllm-workspace/vllm-ascend/vllm_ascend/attention/mla_v1.py:995: UserWarning: To copy construct from a tensor, it is recommended to use sourceTensor.detach().clone() or sourceTensor.detach().clone().requires_grad_(True), rather than torch.tensor(sourceTensor).
2026-03-06T23:09:10.3014803Z (Worker_DP1_TP0_EP8 pid=1243)   current_seq_len = torch.tensor(prefill_metadata.query_lens, dtype=torch.int32)
2026-03-06T23:09:10.3025188Z (Worker_DP1_TP3_EP11 pid=3170) /vllm-workspace/vllm-ascend/vllm_ascend/attention/mla_v1.py:995: UserWarning: To copy construct from a tensor, it is recommended to use sourceTensor.detach().clone() or sourceTensor.detach().clone().requires_grad_(True), rather than torch.tensor(sourceTensor).
2026-03-06T23:09:10.3034457Z (Worker_DP1_TP2_EP10 pid=2615) /vllm-workspace/vllm-ascend/vllm_ascend/attention/mla_v1.py:995: UserWarning: To copy construct from a tensor, it is recommended to use sourceTensor.detach().clone() or sourceTensor.detach().clone().requires_grad_(True), rather than torch.tensor(sourceTensor).
2026-03-06T23:09:10.3042649Z (Worker_DP1_TP2_EP10 pid=2615)   current_seq_len = torch.tensor(prefill_metadata.query_lens, dtype=torch.int32)
2026-03-06T23:09:10.3051149Z (Worker_DP1_TP3_EP11 pid=3170)   current_seq_len = torch.tensor(prefill_metadata.query_lens, dtype=torch.int32)
2026-03-06T23:09:10.3061136Z (Worker_DP1_TP4_EP12 pid=3724) /vllm-workspace/vllm-ascend/vllm_ascend/attention/mla_v1.py:995: UserWarning: To copy construct from a tensor, it is recommended to use sourceTensor.detach().clone() or sourceTensor.detach().clone().requires_grad_(True), rather than torch.tensor(sourceTensor).
2026-03-06T23:09:10.3069766Z (Worker_DP1_TP5_EP13 pid=4280) /vllm-workspace/vllm-ascend/vllm_ascend/attention/mla_v1.py:995: UserWarning: To copy construct from a tensor, it is recommended to use sourceTensor.detach().clone() or sourceTensor.detach().clone().requires_grad_(True), rather than torch.tensor(sourceTensor).
2026-03-06T23:09:10.3078333Z (Worker_DP1_TP5_EP13 pid=4280)   current_seq_len = torch.tensor(prefill_metadata.query_lens, dtype=torch.int32)
2026-03-06T23:09:10.3087240Z (Worker_DP1_TP4_EP12 pid=3724)   current_seq_len = torch.tensor(prefill_metadata.query_lens, dtype=torch.int32)
2026-03-06T23:09:10.3097189Z (Worker_DP1_TP6_EP14 pid=4836) /vllm-workspace/vllm-ascend/vllm_ascend/attention/mla_v1.py:995: UserWarning: To copy construct from a tensor, it is recommended to use sourceTensor.detach().clone() or sourceTensor.detach().clone().requires_grad_(True), rather than torch.tensor(sourceTensor).
2026-03-06T23:09:10.3104852Z (Worker_DP1_TP6_EP14 pid=4836)   current_seq_len = torch.tensor(prefill_metadata.query_lens, dtype=torch.int32)
2026-03-06T23:09:10.3114261Z (Worker_DP1_TP7_EP15 pid=5392) /vllm-workspace/vllm-ascend/vllm_ascend/attention/mla_v1.py:995: UserWarning: To copy construct from a tensor, it is recommended to use sourceTensor.detach().clone() or sourceTensor.detach().clone().requires_grad_(True), rather than torch.tensor(sourceTensor).
2026-03-06T23:09:10.3122567Z (Worker_DP1_TP7_EP15 pid=5392)   current_seq_len = torch.tensor(prefill_metadata.query_lens, dtype=torch.int32)
2026-03-06T23:09:11.4285276Z (ApiServer_1 pid=1099) INFO:     10.0.0.102:36142 - "GET /health HTTP/1.1" 200 OK
2026-03-06T23:09:16.4315298Z (ApiServer_0 pid=1098) INFO:     10.0.0.102:48506 - "GET /health HTTP/1.1" 200 OK
2026-03-06T23:09:21.4364261Z (ApiServer_0 pid=1098) INFO:     10.0.0.102:48518 - "GET /health HTTP/1.1" 200 OK
2026-03-06T23:09:26.4390673Z (ApiServer_1 pid=1099) INFO:     10.0.0.102:50638 - "GET /health HTTP/1.1" 200 OK
2026-03-06T23:09:31.4432581Z (ApiServer_0 pid=1098) INFO:     10.0.0.102:50650 - "GET /health HTTP/1.1" 200 OK
2026-03-06T23:09:36.4474589Z (ApiServer_0 pid=1098) INFO:     10.0.0.102:37148 - "GET /health HTTP/1.1" 200 OK
2026-03-06T23:09:38.7558351Z (ApiServer_0 pid=1098) INFO:     10.0.0.74:34460 - "POST /v1/chat/completions HTTP/1.1" 200 OK
2026-03-06T23:09:38.7684811Z (ApiServer_0 pid=1098) INFO:     10.0.0.74:34474 - "POST /v1/chat/completions HTTP/1.1" 200 OK
2026-03-06T23:09:38.8578773Z (ApiServer_1 pid=1099) INFO:     10.0.0.74:34502 - "POST /v1/chat/completions HTTP/1.1" 200 OK
2026-03-06T23:09:38.8814943Z (ApiServer_0 pid=1098) INFO:     10.0.0.74:34484 - "POST /v1/chat/completions HTTP/1.1" 200 OK
2026-03-06T23:09:38.8835618Z (ApiServer_0 pid=1098) INFO:     10.0.0.74:34488 - "POST /v1/chat/completions HTTP/1.1" 200 OK
2026-03-06T23:09:38.8844767Z (ApiServer_0 pid=1098) INFO:     10.0.0.74:34514 - "POST /v1/chat/completions HTTP/1.1" 200 OK
2026-03-06T23:09:39.0038185Z (ApiServer_1 pid=1099) INFO:     10.0.0.74:34524 - "POST /v1/chat/completions HTTP/1.1" 200 OK
2026-03-06T23:09:39.0063995Z (ApiServer_1 pid=1099) INFO:     10.0.0.74:34536 - "POST /v1/chat/completions HTTP/1.1" 200 OK
2026-03-06T23:09:39.0072698Z (ApiServer_1 pid=1099) INFO:     10.0.0.74:34560 - "POST /v1/chat/completions HTTP/1.1" 200 OK
2026-03-06T23:09:39.0117674Z (ApiServer_0 pid=1098) INFO:     10.0.0.74:34516 - "POST /v1/chat/completions HTTP/1.1" 200 OK
2026-03-06T23:09:39.0126253Z (ApiServer_0 pid=1098) INFO:     10.0.0.74:34534 - "POST /v1/chat/completions HTTP/1.1" 200 OK
2026-03-06T23:09:39.0134405Z (ApiServer_0 pid=1098) INFO:     10.0.0.74:34544 - "POST /v1/chat/completions HTTP/1.1" 200 OK
2026-03-06T23:09:39.0142579Z (ApiServer_0 pid=1098) INFO:     10.0.0.74:34566 - "POST /v1/chat/completions HTTP/1.1" 200 OK
2026-03-06T23:09:39.5582549Z (ApiServer_1 pid=1099) INFO:     10.0.0.74:34602 - "POST /v1/chat/completions HTTP/1.1" 200 OK
2026-03-06T23:09:39.5613517Z (ApiServer_1 pid=1099) INFO:     10.0.0.74:34632 - "POST /v1/chat/completions HTTP/1.1" 200 OK
2026-03-06T23:09:39.5622322Z (ApiServer_1 pid=1099) INFO:     10.0.0.74:34578 - "POST /v1/chat/completions HTTP/1.1" 200 OK
2026-03-06T23:09:39.5631492Z (ApiServer_1 pid=1099) INFO:     10.0.0.74:34664 - "POST /v1/chat/completions HTTP/1.1" 200 OK
2026-03-06T23:09:39.5640688Z (ApiServer_0 pid=1098) INFO:     10.0.0.74:34616 - "POST /v1/chat/completions HTTP/1.1" 200 OK
2026-03-06T23:09:39.5649723Z (ApiServer_0 pid=1098) INFO:     10.0.0.74:34624 - "POST /v1/chat/completions HTTP/1.1" 200 OK
2026-03-06T23:09:39.5658732Z (ApiServer_0 pid=1098) INFO:     10.0.0.74:34588 - "POST /v1/chat/completions HTTP/1.1" 200 OK
2026-03-06T23:09:39.5668102Z (ApiServer_0 pid=1098) INFO:     10.0.0.74:34648 - "POST /v1/chat/completions HTTP/1.1" 200 OK
2026-03-06T23:09:40.4057318Z (ApiServer_0 pid=1098) INFO:     10.0.0.74:34672 - "POST /v1/chat/completions HTTP/1.1" 200 OK
2026-03-06T23:09:40.4081949Z (ApiServer_0 pid=1098) INFO:     10.0.0.74:34688 - "POST /v1/chat/completions HTTP/1.1" 200 OK
2026-03-06T23:09:40.4090939Z (ApiServer_0 pid=1098) INFO:     10.0.0.74:34682 - "POST /v1/chat/completions HTTP/1.1" 200 OK
2026-03-06T23:09:40.4099883Z (ApiServer_0 pid=1098) INFO:     10.0.0.74:34748 - "POST /v1/chat/completions HTTP/1.1" 200 OK
2026-03-06T23:09:40.4109067Z (ApiServer_1 pid=1099) INFO:     10.0.0.74:34720 - "POST /v1/chat/completions HTTP/1.1" 200 OK
2026-03-06T23:09:40.4118036Z (ApiServer_1 pid=1099) INFO:     10.0.0.74:34712 - "POST /v1/chat/completions HTTP/1.1" 200 OK
2026-03-06T23:09:40.4126915Z (ApiServer_1 pid=1099) INFO:     10.0.0.74:34736 - "POST /v1/chat/completions HTTP/1.1" 200 OK
2026-03-06T23:09:40.4135933Z (ApiServer_1 pid=1099) INFO:     10.0.0.74:34704 - "POST /v1/chat/completions HTTP/1.1" 200 OK
2026-03-06T23:09:41.2489532Z (ApiServer_0 pid=1098) INFO:     10.0.0.74:34762 - "POST /v1/chat/completions HTTP/1.1" 200 OK
2026-03-06T23:09:41.2572614Z (ApiServer_0 pid=1098) INFO:     10.0.0.74:34758 - "POST /v1/chat/completions HTTP/1.1" 200 OK
2026-03-06T23:09:41.2581084Z (ApiServer_0 pid=1098) INFO:     10.0.0.74:34768 - "POST /v1/chat/completions HTTP/1.1" 200 OK
2026-03-06T23:09:41.2590233Z (ApiServer_1 pid=1099) INFO:     10.0.0.74:34770 - "POST /v1/chat/completions HTTP/1.1" 200 OK
2026-03-06T23:09:41.2599374Z (ApiServer_1 pid=1099) INFO:     10.0.0.74:34788 - "POST /v1/chat/completions HTTP/1.1" 200 OK
2026-03-06T23:09:41.2607828Z (ApiServer_1 pid=1099) INFO:     10.0.0.74:34790 - "POST /v1/chat/completions HTTP/1.1" 200 OK
2026-03-06T23:09:41.2826416Z (ApiServer_0 pid=1098) INFO:     10.0.0.74:34784 - "POST /v1/chat/completions HTTP/1.1" 200 OK
2026-03-06T23:09:41.2855211Z (ApiServer_0 pid=1098) INFO:     10.0.0.74:34810 - "POST /v1/chat/completions HTTP/1.1" 200 OK
2026-03-06T23:09:41.2863293Z (ApiServer_0 pid=1098) INFO:     10.0.0.74:34800 - "POST /v1/chat/completions HTTP/1.1" 200 OK
2026-03-06T23:09:41.4510148Z (ApiServer_0 pid=1098) INFO:     10.0.0.102:37150 - "GET /health HTTP/1.1" 200 OK
2026-03-06T23:09:42.1333352Z (ApiServer_0 pid=1098) INFO:     10.0.0.74:34812 - "POST /v1/chat/completions HTTP/1.1" 200 OK
2026-03-06T23:09:42.1363030Z (ApiServer_0 pid=1098) INFO:     10.0.0.74:34828 - "POST /v1/chat/completions HTTP/1.1" 200 OK
2026-03-06T23:09:42.1458962Z (ApiServer_0 pid=1098) INFO:     10.0.0.74:34860 - "POST /v1/chat/completions HTTP/1.1" 200 OK
2026-03-06T23:09:42.1797344Z (ApiServer_1 pid=1099) INFO:     10.0.0.74:34856 - "POST /v1/chat/completions HTTP/1.1" 200 OK
2026-03-06T23:09:42.1823994Z (ApiServer_1 pid=1099) INFO:     10.0.0.74:34842 - "POST /v1/chat/completions HTTP/1.1" 200 OK
2026-03-06T23:09:42.1833058Z (ApiServer_1 pid=1099) INFO:     10.0.0.74:34862 - "POST /v1/chat/completions HTTP/1.1" 200 OK
2026-03-06T23:09:42.1841538Z (ApiServer_1 pid=1099) INFO:     10.0.0.74:34864 - "POST /v1/chat/completions HTTP/1.1" 200 OK
2026-03-06T23:09:42.1850708Z (ApiServer_1 pid=1099) INFO:     10.0.0.74:34880 - "POST /v1/chat/completions HTTP/1.1" 200 OK
2026-03-06T23:09:42.1859380Z (ApiServer_1 pid=1099) INFO:     10.0.0.74:34888 - "POST /v1/chat/completions HTTP/1.1" 200 OK
2026-03-06T23:09:43.0129297Z (ApiServer_0 pid=1098) INFO:     10.0.0.74:34902 - "POST /v1/chat/completions HTTP/1.1" 200 OK
2026-03-06T23:09:43.0389573Z (ApiServer_1 pid=1099) INFO:     10.0.0.74:34904 - "POST /v1/chat/completions HTTP/1.1" 200 OK
2026-03-06T23:09:43.0397939Z (ApiServer_1 pid=1099) INFO:     10.0.0.74:34926 - "POST /v1/chat/completions HTTP/1.1" 200 OK
2026-03-06T23:09:43.0407454Z (ApiServer_1 pid=1099) INFO:     10.0.0.74:34934 - "POST /v1/chat/completions HTTP/1.1" 200 OK
2026-03-06T23:09:43.0416522Z (ApiServer_1 pid=1099) INFO:     10.0.0.74:34936 - "POST /v1/chat/completions HTTP/1.1" 200 OK
2026-03-06T23:09:43.0551679Z (ApiServer_0 pid=1098) INFO:     10.0.0.74:34910 - "POST /v1/chat/completions HTTP/1.1" 200 OK
2026-03-06T23:09:43.0560163Z (ApiServer_0 pid=1098) INFO:     10.0.0.74:34906 - "POST /v1/chat/completions HTTP/1.1" 200 OK
2026-03-06T23:09:43.0568192Z (ApiServer_0 pid=1098) INFO:     10.0.0.74:34920 - "POST /v1/chat/completions HTTP/1.1" 200 OK
2026-03-06T23:09:43.0576913Z (ApiServer_0 pid=1098) INFO:     10.0.0.74:34932 - "POST /v1/chat/completions HTTP/1.1" 200 OK
2026-03-06T23:09:43.9156790Z (ApiServer_0 pid=1098) INFO:     10.0.0.74:34944 - "POST /v1/chat/completions HTTP/1.1" 200 OK
2026-03-06T23:09:43.9182833Z (ApiServer_0 pid=1098) INFO:     10.0.0.74:34946 - "POST /v1/chat/completions HTTP/1.1" 200 OK
2026-03-06T23:09:43.9378746Z (ApiServer_0 pid=1098) INFO:     10.0.0.74:34978 - "POST /v1/chat/completions HTTP/1.1" 200 OK
2026-03-06T23:09:43.9462674Z (ApiServer_0 pid=1098) INFO:     10.0.0.74:34958 - "POST /v1/chat/completions HTTP/1.1" 200 OK
2026-03-06T23:09:43.9470967Z (ApiServer_1 pid=1099) INFO:     10.0.0.74:34964 - "POST /v1/chat/completions HTTP/1.1" 200 OK
2026-03-06T23:09:43.9479517Z (ApiServer_1 pid=1099) INFO:     10.0.0.74:34976 - "POST /v1/chat/completions HTTP/1.1" 200 OK
2026-03-06T23:09:43.9488930Z (ApiServer_1 pid=1099) INFO:     10.0.0.74:34986 - "POST /v1/chat/completions HTTP/1.1" 200 OK
2026-03-06T23:09:43.9498137Z (ApiServer_1 pid=1099) INFO:     10.0.0.74:34992 - "POST /v1/chat/completions HTTP/1.1" 200 OK
2026-03-06T23:09:46.4550466Z (ApiServer_0 pid=1098) INFO:     10.0.0.102:42922 - "GET /health HTTP/1.1" 200 OK
2026-03-06T23:09:51.4629603Z (ApiServer_0 pid=1098) INFO:     10.0.0.102:42938 - "GET /health HTTP/1.1" 200 OK
2026-03-06T23:09:56.4643473Z (ApiServer_0 pid=1098) INFO:     10.0.0.102:38028 - "GET /health HTTP/1.1" 200 OK
2026-03-06T23:10:01.4661846Z (ApiServer_1 pid=1099) INFO:     10.0.0.102:38030 - "GET /health HTTP/1.1" 200 OK
2026-03-06T23:10:06.4748122Z (ApiServer_0 pid=1098) INFO:     10.0.0.102:35040 - "GET /health HTTP/1.1" 200 OK
2026-03-06T23:10:11.4808400Z (ApiServer_0 pid=1098) INFO:     10.0.0.102:35042 - "GET /health HTTP/1.1" 200 OK
2026-03-06T23:10:12.6960117Z (ApiServer_1 pid=1099) INFO:     10.0.0.74:46544 - "POST /v1/chat/completions HTTP/1.1" 200 OK
2026-03-06T23:10:12.6967213Z (ApiServer_0 pid=1098) INFO:     10.0.0.74:46542 - "POST /v1/chat/completions HTTP/1.1" 200 OK
2026-03-06T23:10:12.7940080Z (ApiServer_1 pid=1099) INFO:     10.0.0.74:46554 - "POST /v1/chat/completions HTTP/1.1" 200 OK
2026-03-06T23:10:12.8204569Z (ApiServer_0 pid=1098) INFO:     10.0.0.74:46570 - "POST /v1/chat/completions HTTP/1.1" 200 OK
2026-03-06T23:10:12.8228066Z (ApiServer_0 pid=1098) INFO:     10.0.0.74:46560 - "POST /v1/chat/completions HTTP/1.1" 200 OK
2026-03-06T23:10:12.8237381Z (ApiServer_0 pid=1098) INFO:     10.0.0.74:46574 - "POST /v1/chat/completions HTTP/1.1" 200 OK
2026-03-06T23:10:12.8953082Z (ApiServer_0 pid=1098) INFO:     10.0.0.74:46594 - "POST /v1/chat/completions HTTP/1.1" 200 OK
2026-03-06T23:10:12.8980818Z (ApiServer_1 pid=1099) INFO:     10.0.0.74:46582 - "POST /v1/chat/completions HTTP/1.1" 200 OK
2026-03-06T23:10:12.9483785Z (ApiServer_1 pid=1099) INFO:     10.0.0.74:46586 - "POST /v1/chat/completions HTTP/1.1" 200 OK
2026-03-06T23:10:12.9509622Z (ApiServer_1 pid=1099) INFO:     10.0.0.74:46608 - "POST /v1/chat/completions HTTP/1.1" 200 OK
2026-03-06T23:10:12.9518632Z (ApiServer_1 pid=1099) INFO:     10.0.0.74:46604 - "POST /v1/chat/completions HTTP/1.1" 200 OK
2026-03-06T23:10:12.9527129Z (ApiServer_1 pid=1099) INFO:     10.0.0.74:46616 - "POST /v1/chat/completions HTTP/1.1" 200 OK
2026-03-06T23:10:12.9536171Z (ApiServer_1 pid=1099) INFO:     10.0.0.74:46624 - "POST /v1/chat/completions HTTP/1.1" 200 OK
2026-03-06T23:10:13.7714463Z (ApiServer_1 pid=1099) INFO:     10.0.0.74:46636 - "POST /v1/chat/completions HTTP/1.1" 200 OK
2026-03-06T23:10:13.7747349Z (ApiServer_1 pid=1099) INFO:     10.0.0.74:46716 - "POST /v1/chat/completions HTTP/1.1" 200 OK
2026-03-06T23:10:13.7756455Z (ApiServer_1 pid=1099) INFO:     10.0.0.74:46722 - "POST /v1/chat/completions HTTP/1.1" 200 OK
2026-03-06T23:10:13.8001365Z (ApiServer_0 pid=1098) INFO:     10.0.0.74:46690 - "POST /v1/chat/completions HTTP/1.1" 200 OK
2026-03-06T23:10:13.8024694Z (ApiServer_0 pid=1098) INFO:     10.0.0.74:46678 - "POST /v1/chat/completions HTTP/1.1" 200 OK
2026-03-06T23:10:13.8035117Z (ApiServer_0 pid=1098) INFO:     10.0.0.74:46666 - "POST /v1/chat/completions HTTP/1.1" 200 OK
2026-03-06T23:10:13.8042114Z (ApiServer_0 pid=1098) INFO:     10.0.0.74:46652 - "POST /v1/chat/completions HTTP/1.1" 200 OK
2026-03-06T23:10:13.8051288Z (ApiServer_0 pid=1098) INFO:     10.0.0.74:46700 - "POST /v1/chat/completions HTTP/1.1" 200 OK
2026-03-06T23:10:14.6120414Z (ApiServer_1 pid=1099) INFO:     10.0.0.74:38350 - "POST /v1/chat/completions HTTP/1.1" 200 OK
2026-03-06T23:10:14.6154296Z (ApiServer_0 pid=1098) INFO:     10.0.0.74:38354 - "POST /v1/chat/completions HTTP/1.1" 200 OK
2026-03-06T23:10:14.6348513Z (ApiServer_1 pid=1099) INFO:     10.0.0.74:38368 - "POST /v1/chat/completions HTTP/1.1" 200 OK
2026-03-06T23:10:14.6357140Z (ApiServer_1 pid=1099) INFO:     10.0.0.74:38408 - "POST /v1/chat/completions HTTP/1.1" 200 OK
2026-03-06T23:10:14.6453708Z (ApiServer_0 pid=1098) INFO:     10.0.0.74:38358 - "POST /v1/chat/completions HTTP/1.1" 200 OK
2026-03-06T23:10:14.6477271Z (ApiServer_0 pid=1098) INFO:     10.0.0.74:38384 - "POST /v1/chat/completions HTTP/1.1" 200 OK
2026-03-06T23:10:14.6502190Z (ApiServer_0 pid=1098) INFO:     10.0.0.74:38386 - "POST /v1/chat/completions HTTP/1.1" 200 OK
2026-03-06T23:10:14.6576237Z (ApiServer_0 pid=1098) INFO:     10.0.0.74:38394 - "POST /v1/chat/completions HTTP/1.1" 200 OK
2026-03-06T23:10:15.4828589Z (ApiServer_1 pid=1099) INFO:     10.0.0.74:38420 - "POST /v1/chat/completions HTTP/1.1" 200 OK
2026-03-06T23:10:15.5048542Z (ApiServer_1 pid=1099) INFO:     10.0.0.74:38438 - "POST /v1/chat/completions HTTP/1.1" 200 OK
2026-03-06T23:10:15.5056514Z (ApiServer_1 pid=1099) INFO:     10.0.0.74:38480 - "POST /v1/chat/completions HTTP/1.1" 200 OK
2026-03-06T23:10:15.5214944Z (ApiServer_0 pid=1098) INFO:     10.0.0.74:38422 - "POST /v1/chat/completions HTTP/1.1" 200 OK
2026-03-06T23:10:15.5242289Z (ApiServer_0 pid=1098) INFO:     10.0.0.74:38434 - "POST /v1/chat/completions HTTP/1.1" 200 OK
2026-03-06T23:10:15.5251000Z (ApiServer_0 pid=1098) INFO:     10.0.0.74:38454 - "POST /v1/chat/completions HTTP/1.1" 200 OK
2026-03-06T23:10:15.5259800Z (ApiServer_0 pid=1098) INFO:     10.0.0.74:38468 - "POST /v1/chat/completions HTTP/1.1" 200 OK
2026-03-06T23:10:16.3996084Z (ApiServer_1 pid=1099) INFO:     10.0.0.74:38506 - "POST /v1/chat/completions HTTP/1.1" 200 OK
2026-03-06T23:10:16.4023299Z (ApiServer_1 pid=1099) INFO:     10.0.0.74:38534 - "POST /v1/chat/completions HTTP/1.1" 200 OK
2026-03-06T23:10:16.4032235Z (ApiServer_1 pid=1099) INFO:     10.0.0.74:38556 - "POST /v1/chat/completions HTTP/1.1" 200 OK
2026-03-06T23:10:16.4235937Z (ApiServer_0 pid=1098) INFO:     10.0.0.74:38496 - "POST /v1/chat/completions HTTP/1.1" 200 OK
2026-03-06T23:10:16.4258685Z (ApiServer_0 pid=1098) INFO:     10.0.0.74:38490 - "POST /v1/chat/completions HTTP/1.1" 200 OK
2026-03-06T23:10:16.4267336Z (ApiServer_0 pid=1098) INFO:     10.0.0.74:38520 - "POST /v1/chat/completions HTTP/1.1" 200 OK
2026-03-06T23:10:16.4276084Z (ApiServer_0 pid=1098) INFO:     10.0.0.74:38514 - "POST /v1/chat/completions HTTP/1.1" 200 OK
2026-03-06T23:10:16.4284643Z (ApiServer_0 pid=1098) INFO:     10.0.0.74:38546 - "POST /v1/chat/completions HTTP/1.1" 200 OK
2026-03-06T23:10:16.4810469Z (ApiServer_0 pid=1098) INFO:     10.0.0.102:43130 - "GET /health HTTP/1.1" 200 OK
2026-03-06T23:10:17.3113903Z (ApiServer_0 pid=1098) INFO:     10.0.0.74:38574 - "POST /v1/chat/completions HTTP/1.1" 200 OK
2026-03-06T23:10:17.3138233Z (ApiServer_0 pid=1098) INFO:     10.0.0.74:38558 - "POST /v1/chat/completions HTTP/1.1" 200 OK
2026-03-06T23:10:17.3146631Z (ApiServer_0 pid=1098) INFO:     10.0.0.74:38584 - "POST /v1/chat/completions HTTP/1.1" 200 OK
2026-03-06T23:10:17.3155985Z (ApiServer_0 pid=1098) INFO:     10.0.0.74:38616 - "POST /v1/chat/completions HTTP/1.1" 200 OK
2026-03-06T23:10:17.3165048Z (ApiServer_1 pid=1099) INFO:     10.0.0.74:38564 - "POST /v1/chat/completions HTTP/1.1" 200 OK
2026-03-06T23:10:17.3173383Z (ApiServer_1 pid=1099) INFO:     10.0.0.74:38610 - "POST /v1/chat/completions HTTP/1.1" 200 OK
2026-03-06T23:10:17.3182071Z (ApiServer_1 pid=1099) INFO:     10.0.0.74:38596 - "POST /v1/chat/completions HTTP/1.1" 200 OK
2026-03-06T23:10:17.3191015Z (ApiServer_1 pid=1099) INFO:     10.0.0.74:38626 - "POST /v1/chat/completions HTTP/1.1" 200 OK
2026-03-06T23:10:18.2121141Z (ApiServer_0 pid=1098) INFO:     10.0.0.74:38650 - "POST /v1/chat/completions HTTP/1.1" 200 OK
2026-03-06T23:10:18.2154059Z (ApiServer_0 pid=1098) INFO:     10.0.0.74:38678 - "POST /v1/chat/completions HTTP/1.1" 200 OK
2026-03-06T23:10:18.2163365Z (ApiServer_0 pid=1098) INFO:     10.0.0.74:38664 - "POST /v1/chat/completions HTTP/1.1" 200 OK
2026-03-06T23:10:18.2172674Z (ApiServer_0 pid=1098) INFO:     10.0.0.74:38694 - "POST /v1/chat/completions HTTP/1.1" 200 OK
2026-03-06T23:10:18.2213303Z (ApiServer_1 pid=1099) INFO:     10.0.0.74:38632 - "POST /v1/chat/completions HTTP/1.1" 200 OK
2026-03-06T23:10:18.2234316Z (ApiServer_1 pid=1099) INFO:     10.0.0.74:38646 - "POST /v1/chat/completions HTTP/1.1" 200 OK
2026-03-06T23:10:18.2242540Z (ApiServer_1 pid=1099) INFO:     10.0.0.74:38662 - "POST /v1/chat/completions HTTP/1.1" 200 OK
2026-03-06T23:10:18.2250867Z (ApiServer_1 pid=1099) INFO:     10.0.0.74:38684 - "POST /v1/chat/completions HTTP/1.1" 200 OK
2026-03-06T23:10:18.2259476Z (ApiServer_1 pid=1099) INFO:     10.0.0.74:38704 - "POST /v1/chat/completions HTTP/1.1" 200 OK
2026-03-06T23:10:19.0755869Z (ApiServer_0 pid=1098) INFO:     10.0.0.74:38708 - "POST /v1/chat/completions HTTP/1.1" 200 OK
2026-03-06T23:10:19.0851730Z (ApiServer_1 pid=1099) INFO:     10.0.0.74:38718 - "POST /v1/chat/completions HTTP/1.1" 200 OK
2026-03-06T23:10:19.0882197Z (ApiServer_1 pid=1099) INFO:     10.0.0.74:38734 - "POST /v1/chat/completions HTTP/1.1" 200 OK
2026-03-06T23:10:21.4845003Z (ApiServer_0 pid=1098) INFO:     10.0.0.102:43132 - "GET /health HTTP/1.1" 200 OK
2026-03-06T23:10:26.4879080Z (ApiServer_0 pid=1098) INFO:     10.0.0.102:55876 - "GET /health HTTP/1.1" 200 OK
2026-03-06T23:10:31.4923159Z (ApiServer_0 pid=1098) INFO:     10.0.0.102:55886 - "GET /health HTTP/1.1" 200 OK
2026-03-06T23:10:36.4968623Z (ApiServer_0 pid=1098) INFO:     10.0.0.102:40826 - "GET /health HTTP/1.1" 200 OK
2026-03-06T23:10:41.5008145Z (ApiServer_0 pid=1098) INFO:     10.0.0.102:40828 - "GET /health HTTP/1.1" 200 OK
2026-03-06T23:10:46.5054699Z (ApiServer_0 pid=1098) INFO:     10.0.0.102:46040 - "GET /health HTTP/1.1" 200 OK
2026-03-06T23:10:47.9058016Z (ApiServer_0 pid=1098) INFO:     10.0.0.74:53284 - "POST /v1/chat/completions HTTP/1.1" 200 OK
2026-03-06T23:10:47.9150245Z (ApiServer_1 pid=1099) INFO:     10.0.0.74:53300 - "POST /v1/chat/completions HTTP/1.1" 200 OK
2026-03-06T23:10:48.0258915Z (ApiServer_0 pid=1098) INFO:     10.0.0.74:53324 - "POST /v1/chat/completions HTTP/1.1" 200 OK
2026-03-06T23:10:48.0287573Z (ApiServer_0 pid=1098) INFO:     10.0.0.74:53332 - "POST /v1/chat/completions HTTP/1.1" 200 OK
2026-03-06T23:10:48.0295989Z (ApiServer_1 pid=1099) INFO:     10.0.0.74:53342 - "POST /v1/chat/completions HTTP/1.1" 200 OK
2026-03-06T23:10:48.0313685Z (ApiServer_1 pid=1099) INFO:     10.0.0.74:53314 - "POST /v1/chat/completions HTTP/1.1" 200 OK
2026-03-06T23:10:48.1406395Z (ApiServer_1 pid=1099) INFO:     10.0.0.74:53360 - "POST /v1/chat/completions HTTP/1.1" 200 OK
2026-03-06T23:10:48.1427600Z (ApiServer_1 pid=1099) INFO:     10.0.0.74:53368 - "POST /v1/chat/completions HTTP/1.1" 200 OK
2026-03-06T23:10:48.1526302Z (ApiServer_0 pid=1098) INFO:     10.0.0.74:53348 - "POST /v1/chat/completions HTTP/1.1" 200 OK
2026-03-06T23:10:48.1548102Z (ApiServer_0 pid=1098) INFO:     10.0.0.74:53352 - "POST /v1/chat/completions HTTP/1.1" 200 OK
2026-03-06T23:10:48.1556852Z (ApiServer_1 pid=1099) INFO:     10.0.0.74:53396 - "POST /v1/chat/completions HTTP/1.1" 200 OK
2026-03-06T23:10:48.1565699Z (ApiServer_0 pid=1098) INFO:     10.0.0.74:53380 - "POST /v1/chat/completions HTTP/1.1" 200 OK
2026-03-06T23:10:48.9839193Z (ApiServer_0 pid=1098) INFO:     10.0.0.74:53424 - "POST /v1/chat/completions HTTP/1.1" 200 OK
2026-03-06T23:10:48.9847699Z (ApiServer_0 pid=1098) INFO:     10.0.0.74:53416 - "POST /v1/chat/completions HTTP/1.1" 200 OK
2026-03-06T23:10:48.9856396Z (ApiServer_0 pid=1098) INFO:     10.0.0.74:53408 - "POST /v1/chat/completions HTTP/1.1" 200 OK
2026-03-06T23:10:48.9865341Z (ApiServer_0 pid=1098) INFO:     10.0.0.74:53430 - "POST /v1/chat/completions HTTP/1.1" 200 OK
2026-03-06T23:10:48.9873780Z (ApiServer_1 pid=1099) INFO:     10.0.0.74:53420 - "POST /v1/chat/completions HTTP/1.1" 200 OK
2026-03-06T23:10:48.9882421Z (ApiServer_1 pid=1099) INFO:     10.0.0.74:53436 - "POST /v1/chat/completions HTTP/1.1" 200 OK
2026-03-06T23:10:48.9891589Z (ApiServer_1 pid=1099) INFO:     10.0.0.74:53442 - "POST /v1/chat/completions HTTP/1.1" 200 OK
2026-03-06T23:10:48.9901317Z (ApiServer_1 pid=1099) INFO:     10.0.0.74:53450 - "POST /v1/chat/completions HTTP/1.1" 200 OK
2026-03-06T23:10:49.7861702Z (ApiServer_0 pid=1098) INFO:     10.0.0.74:53454 - "POST /v1/chat/completions HTTP/1.1" 200 OK
2026-03-06T23:10:49.8099427Z (ApiServer_0 pid=1098) INFO:     10.0.0.74:53456 - "POST /v1/chat/completions HTTP/1.1" 200 OK
2026-03-06T23:10:49.8124334Z (ApiServer_0 pid=1098) INFO:     10.0.0.74:53458 - "POST /v1/chat/completions HTTP/1.1" 200 OK
2026-03-06T23:10:49.8217885Z (ApiServer_1 pid=1099) INFO:     10.0.0.74:53460 - "POST /v1/chat/completions HTTP/1.1" 200 OK
2026-03-06T23:10:49.8239816Z (ApiServer_1 pid=1099) INFO:     10.0.0.74:53464 - "POST /v1/chat/completions HTTP/1.1" 200 OK
2026-03-06T23:10:49.8248222Z (ApiServer_1 pid=1099) INFO:     10.0.0.74:53470 - "POST /v1/chat/completions HTTP/1.1" 200 OK
2026-03-06T23:10:49.8256670Z (ApiServer_1 pid=1099) INFO:     10.0.0.74:53472 - "POST /v1/chat/completions HTTP/1.1" 200 OK
2026-03-06T23:10:50.6299713Z (ApiServer_1 pid=1099) INFO:     10.0.0.74:53480 - "POST /v1/chat/completions HTTP/1.1" 200 OK
2026-03-06T23:10:50.6684688Z (ApiServer_1 pid=1099) INFO:     10.0.0.74:53486 - "POST /v1/chat/completions HTTP/1.1" 200 OK
2026-03-06T23:10:50.6713194Z (ApiServer_1 pid=1099) INFO:     10.0.0.74:53492 - "POST /v1/chat/completions HTTP/1.1" 200 OK
2026-03-06T23:10:50.6722320Z (ApiServer_1 pid=1099) INFO:     10.0.0.74:53540 - "POST /v1/chat/completions HTTP/1.1" 200 OK
2026-03-06T23:10:50.6735904Z (ApiServer_0 pid=1098) INFO:     10.0.0.74:53500 - "POST /v1/chat/completions HTTP/1.1" 200 OK
2026-03-06T23:10:50.6745066Z (ApiServer_0 pid=1098) INFO:     10.0.0.74:53516 - "POST /v1/chat/completions HTTP/1.1" 200 OK
2026-03-06T23:10:50.6756352Z (ApiServer_0 pid=1098) INFO:     10.0.0.74:53524 - "POST /v1/chat/completions HTTP/1.1" 200 OK
2026-03-06T23:10:50.6765666Z (ApiServer_0 pid=1098) INFO:     10.0.0.74:53538 - "POST /v1/chat/completions HTTP/1.1" 200 OK
2026-03-06T23:10:51.5093375Z (ApiServer_1 pid=1099) INFO:     10.0.0.102:46044 - "GET /health HTTP/1.1" 200 OK
2026-03-06T23:10:51.5605746Z (ApiServer_0 pid=1098) INFO:     10.0.0.74:53542 - "POST /v1/chat/completions HTTP/1.1" 200 OK
2026-03-06T23:10:51.5647138Z (ApiServer_0 pid=1098) INFO:     10.0.0.74:53558 - "POST /v1/chat/completions HTTP/1.1" 200 OK
2026-03-06T23:10:51.5656059Z (ApiServer_0 pid=1098) INFO:     10.0.0.74:53554 - "POST /v1/chat/completions HTTP/1.1" 200 OK
2026-03-06T23:10:51.5664989Z (ApiServer_0 pid=1098) INFO:     10.0.0.74:53586 - "POST /v1/chat/completions HTTP/1.1" 200 OK
2026-03-06T23:10:51.5673759Z (ApiServer_1 pid=1099) INFO:     10.0.0.74:53566 - "POST /v1/chat/completions HTTP/1.1" 200 OK
2026-03-06T23:10:51.5682723Z (ApiServer_1 pid=1099) INFO:     10.0.0.74:53572 - "POST /v1/chat/completions HTTP/1.1" 200 OK
2026-03-06T23:10:51.5691562Z (ApiServer_1 pid=1099) INFO:     10.0.0.74:53576 - "POST /v1/chat/completions HTTP/1.1" 200 OK
2026-03-06T23:10:51.5700734Z (ApiServer_1 pid=1099) INFO:     10.0.0.74:53588 - "POST /v1/chat/completions HTTP/1.1" 200 OK
2026-03-06T23:10:52.4294488Z (ApiServer_1 pid=1099) INFO:     10.0.0.74:53600 - "POST /v1/chat/completions HTTP/1.1" 200 OK
2026-03-06T23:10:52.4331208Z (ApiServer_1 pid=1099) INFO:     10.0.0.74:53644 - "POST /v1/chat/completions HTTP/1.1" 200 OK
2026-03-06T23:10:52.4339190Z (ApiServer_1 pid=1099) INFO:     10.0.0.74:53654 - "POST /v1/chat/completions HTTP/1.1" 200 OK
2026-03-06T23:10:52.4487784Z (ApiServer_0 pid=1098) INFO:     10.0.0.74:53622 - "POST /v1/chat/completions HTTP/1.1" 200 OK
2026-03-06T23:10:52.4514584Z (ApiServer_0 pid=1098) INFO:     10.0.0.74:53592 - "POST /v1/chat/completions HTTP/1.1" 200 OK
2026-03-06T23:10:52.4522880Z (ApiServer_0 pid=1098) INFO:     10.0.0.74:53610 - "POST /v1/chat/completions HTTP/1.1" 200 OK
2026-03-06T23:10:52.4531955Z (ApiServer_0 pid=1098) INFO:     10.0.0.74:53638 - "POST /v1/chat/completions HTTP/1.1" 200 OK
2026-03-06T23:10:52.4540740Z (ApiServer_0 pid=1098) INFO:     10.0.0.74:53642 - "POST /v1/chat/completions HTTP/1.1" 200 OK
2026-03-06T23:10:53.2643051Z (ApiServer_0 pid=1098) INFO:     10.0.0.74:53664 - "POST /v1/chat/completions HTTP/1.1" 200 OK
2026-03-06T23:10:53.2697999Z (ApiServer_1 pid=1099) INFO:     10.0.0.74:53674 - "POST /v1/chat/completions HTTP/1.1" 200 OK
2026-03-06T23:10:53.2771440Z (ApiServer_0 pid=1098) INFO:     10.0.0.74:53680 - "POST /v1/chat/completions HTTP/1.1" 200 OK
2026-03-06T23:10:53.3229822Z (ApiServer_1 pid=1099) INFO:     10.0.0.74:53692 - "POST /v1/chat/completions HTTP/1.1" 200 OK
2026-03-06T23:10:53.3254299Z (ApiServer_1 pid=1099) INFO:     10.0.0.74:53688 - "POST /v1/chat/completions HTTP/1.1" 200 OK
2026-03-06T23:10:53.3263023Z (ApiServer_1 pid=1099) INFO:     10.0.0.74:53684 - "POST /v1/chat/completions HTTP/1.1" 200 OK
2026-03-06T23:10:53.3271646Z (ApiServer_1 pid=1099) INFO:     10.0.0.74:53696 - "POST /v1/chat/completions HTTP/1.1" 200 OK
2026-03-06T23:10:53.3281024Z (ApiServer_1 pid=1099) INFO:     10.0.0.74:53710 - "POST /v1/chat/completions HTTP/1.1" 200 OK
2026-03-06T23:10:54.1540318Z (ApiServer_1 pid=1099) INFO:     10.0.0.74:35444 - "POST /v1/chat/completions HTTP/1.1" 200 OK
2026-03-06T23:10:54.1569154Z (ApiServer_1 pid=1099) INFO:     10.0.0.74:35486 - "POST /v1/chat/completions HTTP/1.1" 200 OK
2026-03-06T23:10:54.1677275Z (ApiServer_0 pid=1098) INFO:     10.0.0.74:35462 - "POST /v1/chat/completions HTTP/1.1" 200 OK
2026-03-06T23:10:54.1750422Z (ApiServer_0 pid=1098) INFO:     10.0.0.74:35446 - "POST /v1/chat/completions HTTP/1.1" 200 OK
2026-03-06T23:10:54.1758143Z (ApiServer_0 pid=1098) INFO:     10.0.0.74:35478 - "POST /v1/chat/completions HTTP/1.1" 200 OK
2026-03-06T23:10:56.5155761Z (ApiServer_0 pid=1098) INFO:     10.0.0.102:57722 - "GET /health HTTP/1.1" 200 OK
2026-03-06T23:11:01.5171202Z (ApiServer_0 pid=1098) INFO:     10.0.0.102:57736 - "GET /health HTTP/1.1" 200 OK
2026-03-06T23:11:06.5202783Z (ApiServer_0 pid=1098) INFO:     10.0.0.102:37914 - "GET /health HTTP/1.1" 200 OK
2026-03-06T23:11:11.5242931Z (ApiServer_0 pid=1098) INFO:     10.0.0.102:37924 - "GET /health HTTP/1.1" 200 OK
2026-03-06T23:11:16.5292469Z (ApiServer_1 pid=1099) INFO:     10.0.0.102:52226 - "GET /health HTTP/1.1" 200 OK
2026-03-06T23:11:21.5333522Z (ApiServer_0 pid=1098) INFO:     10.0.0.102:52232 - "GET /health HTTP/1.1" 200 OK
2026-03-06T23:11:23.4333716Z (ApiServer_0 pid=1098) INFO:     10.0.0.74:50724 - "POST /v1/chat/completions HTTP/1.1" 200 OK
2026-03-06T23:11:23.4445484Z (ApiServer_0 pid=1098) INFO:     10.0.0.74:50740 - "POST /v1/chat/completions HTTP/1.1" 200 OK
2026-03-06T23:11:23.5523489Z (ApiServer_0 pid=1098) INFO:     10.0.0.74:50748 - "POST /v1/chat/completions HTTP/1.1" 200 OK
2026-03-06T23:11:23.5553594Z (ApiServer_0 pid=1098) INFO:     10.0.0.74:50754 - "POST /v1/chat/completions HTTP/1.1" 200 OK
2026-03-06T23:11:23.5613390Z (ApiServer_1 pid=1099) INFO:     10.0.0.74:50746 - "POST /v1/chat/completions HTTP/1.1" 200 OK
2026-03-06T23:11:23.5635238Z (ApiServer_1 pid=1099) INFO:     10.0.0.74:50764 - "POST /v1/chat/completions HTTP/1.1" 200 OK
2026-03-06T23:11:23.6571601Z (ApiServer_0 pid=1098) INFO:     10.0.0.74:50792 - "POST /v1/chat/completions HTTP/1.1" 200 OK
2026-03-06T23:11:23.6603997Z (ApiServer_0 pid=1098) INFO:     10.0.0.74:50780 - "POST /v1/chat/completions HTTP/1.1" 200 OK
2026-03-06T23:11:23.6693411Z (ApiServer_1 pid=1099) INFO:     10.0.0.74:50794 - "POST /v1/chat/completions HTTP/1.1" 200 OK
2026-03-06T23:11:23.6729181Z (ApiServer_1 pid=1099) INFO:     10.0.0.74:50806 - "POST /v1/chat/completions HTTP/1.1" 200 OK
2026-03-06T23:11:23.6737972Z (ApiServer_1 pid=1099) INFO:     10.0.0.74:50834 - "POST /v1/chat/completions HTTP/1.1" 200 OK
2026-03-06T23:11:23.6747215Z (ApiServer_0 pid=1098) INFO:     10.0.0.74:50818 - "POST /v1/chat/completions HTTP/1.1" 200 OK
2026-03-06T23:11:24.2139099Z (ApiServer_0 pid=1098) INFO:     10.0.0.74:43648 - "POST /v1/chat/completions HTTP/1.1" 200 OK
2026-03-06T23:11:24.2428989Z (ApiServer_1 pid=1099) INFO:     10.0.0.74:43706 - "POST /v1/chat/completions HTTP/1.1" 200 OK
2026-03-06T23:11:24.2456411Z (ApiServer_1 pid=1099) INFO:     10.0.0.74:43712 - "POST /v1/chat/completions HTTP/1.1" 200 OK
2026-03-06T23:11:24.2464871Z (ApiServer_1 pid=1099) INFO:     10.0.0.74:43722 - "POST /v1/chat/completions HTTP/1.1" 200 OK
2026-03-06T23:11:24.2561348Z (ApiServer_0 pid=1098) INFO:     10.0.0.74:43656 - "POST /v1/chat/completions HTTP/1.1" 200 OK
2026-03-06T23:11:24.2579673Z (ApiServer_0 pid=1098) INFO:     10.0.0.74:43672 - "POST /v1/chat/completions HTTP/1.1" 200 OK
2026-03-06T23:11:24.2588397Z (ApiServer_0 pid=1098) INFO:     10.0.0.74:43684 - "POST /v1/chat/completions HTTP/1.1" 200 OK
2026-03-06T23:11:24.2596566Z (ApiServer_0 pid=1098) INFO:     10.0.0.74:43694 - "POST /v1/chat/completions HTTP/1.1" 200 OK
2026-03-06T23:11:25.0788364Z (ApiServer_1 pid=1099) INFO:     10.0.0.74:43790 - "POST /v1/chat/completions HTTP/1.1" 200 OK
2026-03-06T23:11:25.0820204Z (ApiServer_1 pid=1099) INFO:     10.0.0.74:43774 - "POST /v1/chat/completions HTTP/1.1" 200 OK
2026-03-06T23:11:25.0829265Z (ApiServer_1 pid=1099) INFO:     10.0.0.74:43806 - "POST /v1/chat/completions HTTP/1.1" 200 OK
2026-03-06T23:11:25.0881404Z (ApiServer_0 pid=1098) INFO:     10.0.0.74:43760 - "POST /v1/chat/completions HTTP/1.1" 200 OK
2026-03-06T23:11:25.0890402Z (ApiServer_0 pid=1098) INFO:     10.0.0.74:43738 - "POST /v1/chat/completions HTTP/1.1" 200 OK
2026-03-06T23:11:25.0898855Z (ApiServer_0 pid=1098) INFO:     10.0.0.74:43752 - "POST /v1/chat/completions HTTP/1.1" 200 OK
2026-03-06T23:11:25.0908005Z (ApiServer_0 pid=1098) INFO:     10.0.0.74:43726 - "POST /v1/chat/completions HTTP/1.1" 200 OK
2026-03-06T23:11:25.9643672Z (ApiServer_1 pid=1099) INFO:     10.0.0.74:43858 - "POST /v1/chat/completions HTTP/1.1" 200 OK
2026-03-06T23:11:25.9681490Z (ApiServer_1 pid=1099) INFO:     10.0.0.74:43850 - "POST /v1/chat/completions HTTP/1.1" 200 OK
2026-03-06T23:11:25.9686776Z (ApiServer_1 pid=1099) INFO:     10.0.0.74:43852 - "POST /v1/chat/completions HTTP/1.1" 200 OK
2026-03-06T23:11:25.9695398Z (ApiServer_1 pid=1099) INFO:     10.0.0.74:43836 - "POST /v1/chat/completions HTTP/1.1" 200 OK
2026-03-06T23:11:25.9703568Z (ApiServer_0 pid=1098) INFO:     10.0.0.74:43816 - "POST /v1/chat/completions HTTP/1.1" 200 OK
2026-03-06T23:11:25.9712417Z (ApiServer_0 pid=1098) INFO:     10.0.0.74:43824 - "POST /v1/chat/completions HTTP/1.1" 200 OK
2026-03-06T23:11:25.9721415Z (ApiServer_0 pid=1098) INFO:     10.0.0.74:43862 - "POST /v1/chat/completions HTTP/1.1" 200 OK
2026-03-06T23:11:25.9730477Z (ApiServer_0 pid=1098) INFO:     10.0.0.74:43872 - "POST /v1/chat/completions HTTP/1.1" 200 OK
2026-03-06T23:11:26.5369265Z (ApiServer_0 pid=1098) INFO:     10.0.0.102:43874 - "GET /health HTTP/1.1" 200 OK
2026-03-06T23:11:26.8233742Z (ApiServer_1 pid=1099) INFO:     10.0.0.74:43888 - "POST /v1/chat/completions HTTP/1.1" 200 OK
2026-03-06T23:11:26.8269630Z (ApiServer_1 pid=1099) INFO:     10.0.0.74:43890 - "POST /v1/chat/completions HTTP/1.1" 200 OK
2026-03-06T23:11:26.8357382Z (ApiServer_1 pid=1099) INFO:     10.0.0.74:43924 - "POST /v1/chat/completions HTTP/1.1" 200 OK
2026-03-06T23:11:26.8461801Z (ApiServer_0 pid=1098) INFO:     10.0.0.74:43920 - "POST /v1/chat/completions HTTP/1.1" 200 OK
2026-03-06T23:11:26.8485540Z (ApiServer_0 pid=1098) INFO:     10.0.0.74:43916 - "POST /v1/chat/completions HTTP/1.1" 200 OK
2026-03-06T23:11:26.8493999Z (ApiServer_0 pid=1098) INFO:     10.0.0.74:43902 - "POST /v1/chat/completions HTTP/1.1" 200 OK
2026-03-06T23:11:26.8502540Z (ApiServer_0 pid=1098) INFO:     10.0.0.74:43934 - "POST /v1/chat/completions HTTP/1.1" 200 OK
2026-03-06T23:11:26.8628396Z (ApiServer_0 pid=1098) INFO:     10.0.0.74:43944 - "POST /v1/chat/completions HTTP/1.1" 200 OK
2026-03-06T23:11:27.7232674Z (ApiServer_0 pid=1098) INFO:     10.0.0.74:43950 - "POST /v1/chat/completions HTTP/1.1" 200 OK
2026-03-06T23:11:27.7258277Z (ApiServer_0 pid=1098) INFO:     10.0.0.74:44000 - "POST /v1/chat/completions HTTP/1.1" 200 OK
2026-03-06T23:11:27.7603202Z (ApiServer_1 pid=1099) INFO:     10.0.0.74:43960 - "POST /v1/chat/completions HTTP/1.1" 200 OK
2026-03-06T23:11:27.7611647Z (ApiServer_1 pid=1099) INFO:     10.0.0.74:43970 - "POST /v1/chat/completions HTTP/1.1" 200 OK
2026-03-06T23:11:27.7620658Z (ApiServer_1 pid=1099) INFO:     10.0.0.74:43982 - "POST /v1/chat/completions HTTP/1.1" 200 OK
2026-03-06T23:11:27.7629437Z (ApiServer_1 pid=1099) INFO:     10.0.0.74:43956 - "POST /v1/chat/completions HTTP/1.1" 200 OK
2026-03-06T23:11:27.7638034Z (ApiServer_1 pid=1099) INFO:     10.0.0.74:43992 - "POST /v1/chat/completions HTTP/1.1" 200 OK
2026-03-06T23:11:28.6187683Z (ApiServer_0 pid=1098) INFO:     10.0.0.74:44002 - "POST /v1/chat/completions HTTP/1.1" 200 OK
2026-03-06T23:11:28.6251676Z (ApiServer_1 pid=1099) INFO:     10.0.0.74:44006 - "POST /v1/chat/completions HTTP/1.1" 200 OK
2026-03-06T23:11:28.6327224Z (ApiServer_0 pid=1098) INFO:     10.0.0.74:44066 - "POST /v1/chat/completions HTTP/1.1" 200 OK
2026-03-06T23:11:28.6678012Z (ApiServer_1 pid=1099) INFO:     10.0.0.74:44026 - "POST /v1/chat/completions HTTP/1.1" 200 OK
2026-03-06T23:11:28.6702281Z (ApiServer_1 pid=1099) INFO:     10.0.0.74:44022 - "POST /v1/chat/completions HTTP/1.1" 200 OK
2026-03-06T23:11:28.6711278Z (ApiServer_1 pid=1099) INFO:     10.0.0.74:44042 - "POST /v1/chat/completions HTTP/1.1" 200 OK
2026-03-06T23:11:28.6730546Z (ApiServer_1 pid=1099) INFO:     10.0.0.74:44058 - "POST /v1/chat/completions HTTP/1.1" 200 OK
2026-03-06T23:11:29.5358356Z (ApiServer_0 pid=1098) INFO:     10.0.0.74:44090 - "POST /v1/chat/completions HTTP/1.1" 200 OK
2026-03-06T23:11:29.5412109Z (ApiServer_0 pid=1098) INFO:     10.0.0.74:44080 - "POST /v1/chat/completions HTTP/1.1" 200 OK
2026-03-06T23:11:29.5420981Z (ApiServer_0 pid=1098) INFO:     10.0.0.74:44138 - "POST /v1/chat/completions HTTP/1.1" 200 OK
2026-03-06T23:11:29.5501235Z (ApiServer_1 pid=1099) INFO:     10.0.0.74:44102 - "POST /v1/chat/completions HTTP/1.1" 200 OK
2026-03-06T23:11:29.5510091Z (ApiServer_1 pid=1099) INFO:     10.0.0.74:44088 - "POST /v1/chat/completions HTTP/1.1" 200 OK
2026-03-06T23:11:29.5519204Z (ApiServer_1 pid=1099) INFO:     10.0.0.74:44114 - "POST /v1/chat/completions HTTP/1.1" 200 OK
2026-03-06T23:11:29.5528423Z (ApiServer_1 pid=1099) INFO:     10.0.0.74:44124 - "POST /v1/chat/completions HTTP/1.1" 200 OK
2026-03-06T23:11:31.5440752Z (ApiServer_0 pid=1098) INFO:     10.0.0.102:43876 - "GET /health HTTP/1.1" 200 OK
2026-03-06T23:11:36.5436355Z (ApiServer_0 pid=1098) INFO:     10.0.0.102:54284 - "GET /health HTTP/1.1" 200 OK
2026-03-06T23:11:41.5491443Z (ApiServer_0 pid=1098) INFO:     10.0.0.102:54298 - "GET /health HTTP/1.1" 200 OK
2026-03-06T23:11:46.5549446Z (ApiServer_0 pid=1098) INFO:     10.0.0.102:49056 - "GET /health HTTP/1.1" 200 OK
2026-03-06T23:11:51.5552882Z (ApiServer_0 pid=1098) INFO:     10.0.0.102:49066 - "GET /health HTTP/1.1" 200 OK
2026-03-06T23:11:56.5603036Z (ApiServer_0 pid=1098) INFO:     10.0.0.102:42620 - "GET /health HTTP/1.1" 200 OK
2026-03-06T23:12:01.5617005Z (ApiServer_0 pid=1098) INFO:     10.0.0.102:42636 - "GET /health HTTP/1.1" 200 OK
2026-03-06T23:12:02.0547944Z (ApiServer_1 pid=1099) INFO:     10.0.0.74:52580 - "POST /v1/chat/completions HTTP/1.1" 200 OK
2026-03-06T23:12:02.0654145Z (ApiServer_0 pid=1098) INFO:     10.0.0.74:52588 - "POST /v1/chat/completions HTTP/1.1" 200 OK
2026-03-06T23:12:02.1748947Z (ApiServer_0 pid=1098) INFO:     10.0.0.74:52592 - "POST /v1/chat/completions HTTP/1.1" 200 OK
2026-03-06T23:12:02.1803701Z (ApiServer_0 pid=1098) INFO:     10.0.0.74:52600 - "POST /v1/chat/completions HTTP/1.1" 200 OK
2026-03-06T23:12:02.1811935Z (ApiServer_1 pid=1099) INFO:     10.0.0.74:52610 - "POST /v1/chat/completions HTTP/1.1" 200 OK
2026-03-06T23:12:02.1821112Z (ApiServer_1 pid=1099) INFO:     10.0.0.74:52622 - "POST /v1/chat/completions HTTP/1.1" 200 OK
2026-03-06T23:12:02.2766361Z (ApiServer_1 pid=1099) INFO:     10.0.0.74:52658 - "POST /v1/chat/completions HTTP/1.1" 200 OK
2026-03-06T23:12:02.3094826Z (ApiServer_0 pid=1098) INFO:     10.0.0.74:52642 - "POST /v1/chat/completions HTTP/1.1" 200 OK
2026-03-06T23:12:02.3119907Z (ApiServer_0 pid=1098) INFO:     10.0.0.74:52626 - "POST /v1/chat/completions HTTP/1.1" 200 OK
2026-03-06T23:12:02.3128729Z (ApiServer_0 pid=1098) INFO:     10.0.0.74:52654 - "POST /v1/chat/completions HTTP/1.1" 200 OK
2026-03-06T23:12:02.3137332Z (ApiServer_0 pid=1098) INFO:     10.0.0.74:52666 - "POST /v1/chat/completions HTTP/1.1" 200 OK
2026-03-06T23:12:02.3221808Z (ApiServer_0 pid=1098) INFO:     10.0.0.74:52672 - "POST /v1/chat/completions HTTP/1.1" 200 OK
2026-03-06T23:12:03.1146449Z (ApiServer_1 pid=1099) INFO:     10.0.0.74:52704 - "POST /v1/chat/completions HTTP/1.1" 200 OK
2026-03-06T23:12:03.1179237Z (ApiServer_1 pid=1099) INFO:     10.0.0.74:52718 - "POST /v1/chat/completions HTTP/1.1" 200 OK
2026-03-06T23:12:03.1188155Z (ApiServer_1 pid=1099) INFO:     10.0.0.74:52720 - "POST /v1/chat/completions HTTP/1.1" 200 OK
2026-03-06T23:12:03.1246216Z (ApiServer_0 pid=1098) INFO:     10.0.0.74:52682 - "POST /v1/chat/completions HTTP/1.1" 200 OK
2026-03-06T23:12:03.1271428Z (ApiServer_0 pid=1098) INFO:     10.0.0.74:52698 - "POST /v1/chat/completions HTTP/1.1" 200 OK
2026-03-06T23:12:03.1280571Z (ApiServer_0 pid=1098) INFO:     10.0.0.74:52692 - "POST /v1/chat/completions HTTP/1.1" 200 OK
2026-03-06T23:12:03.1289156Z (ApiServer_0 pid=1098) INFO:     10.0.0.74:52730 - "POST /v1/chat/completions HTTP/1.1" 200 OK
2026-03-06T23:12:03.9673026Z (ApiServer_0 pid=1098) INFO:     10.0.0.74:52738 - "POST /v1/chat/completions HTTP/1.1" 200 OK
2026-03-06T23:12:03.9705440Z (ApiServer_0 pid=1098) INFO:     10.0.0.74:52750 - "POST /v1/chat/completions HTTP/1.1" 200 OK
2026-03-06T23:12:03.9714588Z (ApiServer_0 pid=1098) INFO:     10.0.0.74:52758 - "POST /v1/chat/completions HTTP/1.1" 200 OK
2026-03-06T23:12:03.9723592Z (ApiServer_1 pid=1099) INFO:     10.0.0.74:52742 - "POST /v1/chat/completions HTTP/1.1" 200 OK
2026-03-06T23:12:03.9732466Z (ApiServer_1 pid=1099) INFO:     10.0.0.74:52748 - "POST /v1/chat/completions HTTP/1.1" 200 OK
2026-03-06T23:12:03.9741720Z (ApiServer_1 pid=1099) INFO:     10.0.0.74:52764 - "POST /v1/chat/completions HTTP/1.1" 200 OK
2026-03-06T23:12:03.9790373Z (ApiServer_0 pid=1098) INFO:     10.0.0.74:39272 - "POST /v1/chat/completions HTTP/1.1" 200 OK
2026-03-06T23:12:04.8295609Z (ApiServer_0 pid=1098) INFO:     10.0.0.74:39284 - "POST /v1/chat/completions HTTP/1.1" 200 OK
2026-03-06T23:12:04.8514543Z (ApiServer_0 pid=1098) INFO:     10.0.0.74:39300 - "POST /v1/chat/completions HTTP/1.1" 200 OK
2026-03-06T23:12:04.8553188Z (ApiServer_0 pid=1098) INFO:     10.0.0.74:39368 - "POST /v1/chat/completions HTTP/1.1" 200 OK
2026-03-06T23:12:04.8799772Z (ApiServer_1 pid=1099) INFO:     10.0.0.74:39316 - "POST /v1/chat/completions HTTP/1.1" 200 OK
2026-03-06T23:12:04.8825684Z (ApiServer_1 pid=1099) INFO:     10.0.0.74:39328 - "POST /v1/chat/completions HTTP/1.1" 200 OK
2026-03-06T23:12:04.8834654Z (ApiServer_1 pid=1099) INFO:     10.0.0.74:39344 - "POST /v1/chat/completions HTTP/1.1" 200 OK
2026-03-06T23:12:04.8843320Z (ApiServer_1 pid=1099) INFO:     10.0.0.74:39360 - "POST /v1/chat/completions HTTP/1.1" 200 OK
2026-03-06T23:12:04.8852351Z (ApiServer_1 pid=1099) INFO:     10.0.0.74:39358 - "POST /v1/chat/completions HTTP/1.1" 200 OK
2026-03-06T23:12:05.7640688Z (ApiServer_0 pid=1098) INFO:     10.0.0.74:39376 - "POST /v1/chat/completions HTTP/1.1" 200 OK
2026-03-06T23:12:05.7675408Z (ApiServer_0 pid=1098) INFO:     10.0.0.74:39386 - "POST /v1/chat/completions HTTP/1.1" 200 OK
2026-03-06T23:12:05.7684143Z (ApiServer_0 pid=1098) INFO:     10.0.0.74:39392 - "POST /v1/chat/completions HTTP/1.1" 200 OK
2026-03-06T23:12:05.7692939Z (ApiServer_0 pid=1098) INFO:     10.0.0.74:39420 - "POST /v1/chat/completions HTTP/1.1" 200 OK
2026-03-06T23:12:05.7701939Z (ApiServer_1 pid=1099) INFO:     10.0.0.74:39380 - "POST /v1/chat/completions HTTP/1.1" 200 OK
2026-03-06T23:12:05.7710992Z (ApiServer_1 pid=1099) INFO:     10.0.0.74:39378 - "POST /v1/chat/completions HTTP/1.1" 200 OK
2026-03-06T23:12:05.7719671Z (ApiServer_1 pid=1099) INFO:     10.0.0.74:39400 - "POST /v1/chat/completions HTTP/1.1" 200 OK
2026-03-06T23:12:05.7734438Z (ApiServer_1 pid=1099) INFO:     10.0.0.74:39408 - "POST /v1/chat/completions HTTP/1.1" 200 OK
2026-03-06T23:12:06.5653160Z (ApiServer_0 pid=1098) INFO:     10.0.0.102:41274 - "GET /health HTTP/1.1" 200 OK
2026-03-06T23:12:06.6143673Z (ApiServer_0 pid=1098) INFO:     10.0.0.74:39422 - "POST /v1/chat/completions HTTP/1.1" 200 OK
2026-03-06T23:12:06.6366206Z (ApiServer_0 pid=1098) INFO:     10.0.0.74:39428 - "POST /v1/chat/completions HTTP/1.1" 200 OK
2026-03-06T23:12:06.6392123Z (ApiServer_0 pid=1098) INFO:     10.0.0.74:39476 - "POST /v1/chat/completions HTTP/1.1" 200 OK
2026-03-06T23:12:06.6528556Z (ApiServer_1 pid=1099) INFO:     10.0.0.74:39446 - "POST /v1/chat/completions HTTP/1.1" 200 OK
2026-03-06T23:12:06.6558633Z (ApiServer_1 pid=1099) INFO:     10.0.0.74:39430 - "POST /v1/chat/completions HTTP/1.1" 200 OK
2026-03-06T23:12:06.6567441Z (ApiServer_1 pid=1099) INFO:     10.0.0.74:39452 - "POST /v1/chat/completions HTTP/1.1" 200 OK
2026-03-06T23:12:06.6646348Z (ApiServer_1 pid=1099) INFO:     10.0.0.74:39466 - "POST /v1/chat/completions HTTP/1.1" 200 OK
2026-03-06T23:12:07.5454672Z (ApiServer_0 pid=1098) INFO:     10.0.0.74:39488 - "POST /v1/chat/completions HTTP/1.1" 200 OK
2026-03-06T23:12:07.5483385Z (ApiServer_0 pid=1098) INFO:     10.0.0.74:39514 - "POST /v1/chat/completions HTTP/1.1" 200 OK
2026-03-06T23:12:07.5685758Z (ApiServer_1 pid=1099) INFO:     10.0.0.74:39490 - "POST /v1/chat/completions HTTP/1.1" 200 OK
2026-03-06T23:12:07.5706084Z (ApiServer_1 pid=1099) INFO:     10.0.0.74:39498 - "POST /v1/chat/completions HTTP/1.1" 200 OK
2026-03-06T23:12:07.5714804Z (ApiServer_1 pid=1099) INFO:     10.0.0.74:39510 - "POST /v1/chat/completions HTTP/1.1" 200 OK
2026-03-06T23:12:07.5723713Z (ApiServer_1 pid=1099) INFO:     10.0.0.74:39478 - "POST /v1/chat/completions HTTP/1.1" 200 OK
2026-03-06T23:12:08.4990203Z (ApiServer_0 pid=1098) INFO:     10.0.0.74:39518 - "POST /v1/chat/completions HTTP/1.1" 200 OK
2026-03-06T23:12:08.5226564Z (ApiServer_0 pid=1098) INFO:     10.0.0.74:39532 - "POST /v1/chat/completions HTTP/1.1" 200 OK
2026-03-06T23:12:08.5259962Z (ApiServer_0 pid=1098) INFO:     10.0.0.74:39542 - "POST /v1/chat/completions HTTP/1.1" 200 OK
2026-03-06T23:12:08.5464836Z (ApiServer_1 pid=1099) INFO:     10.0.0.74:39566 - "POST /v1/chat/completions HTTP/1.1" 200 OK
2026-03-06T23:12:08.5499193Z (ApiServer_1 pid=1099) INFO:     10.0.0.74:39540 - "POST /v1/chat/completions HTTP/1.1" 200 OK
2026-03-06T23:12:08.5507691Z (ApiServer_1 pid=1099) INFO:     10.0.0.74:39556 - "POST /v1/chat/completions HTTP/1.1" 200 OK
2026-03-06T23:12:08.5516419Z (ApiServer_1 pid=1099) INFO:     10.0.0.74:39578 - "POST /v1/chat/completions HTTP/1.1" 200 OK
2026-03-06T23:12:08.5524625Z (ApiServer_1 pid=1099) INFO:     10.0.0.74:39572 - "POST /v1/chat/completions HTTP/1.1" 200 OK
2026-03-06T23:12:09.3514374Z (ApiServer_1 pid=1099) INFO:     10.0.0.74:39590 - "POST /v1/chat/completions HTTP/1.1" 200 OK
2026-03-06T23:12:11.5721127Z (ApiServer_0 pid=1098) INFO:     10.0.0.102:41286 - "GET /health HTTP/1.1" 200 OK
2026-03-06T23:12:16.5762959Z (ApiServer_0 pid=1098) INFO:     10.0.0.102:50098 - "GET /health HTTP/1.1" 200 OK
2026-03-06T23:12:21.5814319Z (ApiServer_0 pid=1098) INFO:     10.0.0.102:50108 - "GET /health HTTP/1.1" 200 OK
2026-03-06T23:12:26.5865287Z (ApiServer_0 pid=1098) INFO:     10.0.0.102:37900 - "GET /health HTTP/1.1" 200 OK
2026-03-06T23:12:31.5901621Z (ApiServer_0 pid=1098) INFO:     10.0.0.102:37910 - "GET /health HTTP/1.1" 200 OK
2026-03-06T23:12:36.5955861Z (ApiServer_0 pid=1098) INFO:     10.0.0.102:41620 - "GET /health HTTP/1.1" 200 OK
2026-03-06T23:12:37.2974310Z (ApiServer_1 pid=1099) INFO:     10.0.0.74:36854 - "POST /v1/chat/completions HTTP/1.1" 200 OK
2026-03-06T23:12:37.3190451Z (ApiServer_0 pid=1098) INFO:     10.0.0.74:36864 - "POST /v1/chat/completions HTTP/1.1" 200 OK
2026-03-06T23:12:37.4124933Z (ApiServer_1 pid=1099) INFO:     10.0.0.74:36890 - "POST /v1/chat/completions HTTP/1.1" 200 OK
2026-03-06T23:12:37.4300072Z (ApiServer_0 pid=1098) INFO:     10.0.0.74:36878 - "POST /v1/chat/completions HTTP/1.1" 200 OK
2026-03-06T23:12:37.4322140Z (ApiServer_0 pid=1098) INFO:     10.0.0.74:36870 - "POST /v1/chat/completions HTTP/1.1" 200 OK
2026-03-06T23:12:37.4331656Z (ApiServer_0 pid=1098) INFO:     10.0.0.74:36886 - "POST /v1/chat/completions HTTP/1.1" 200 OK
2026-03-06T23:12:37.5214293Z (ApiServer_1 pid=1099) INFO:     10.0.0.74:36940 - "POST /v1/chat/completions HTTP/1.1" 200 OK
2026-03-06T23:12:37.5560593Z (ApiServer_0 pid=1098) INFO:     10.0.0.74:36910 - "POST /v1/chat/completions HTTP/1.1" 200 OK
2026-03-06T23:12:37.5580174Z (ApiServer_0 pid=1098) INFO:     10.0.0.74:36920 - "POST /v1/chat/completions HTTP/1.1" 200 OK
2026-03-06T23:12:37.5589400Z (ApiServer_0 pid=1098) INFO:     10.0.0.74:36902 - "POST /v1/chat/completions HTTP/1.1" 200 OK
2026-03-06T23:12:37.5598507Z (ApiServer_0 pid=1098) INFO:     10.0.0.74:36930 - "POST /v1/chat/completions HTTP/1.1" 200 OK
2026-03-06T23:12:38.4048207Z (ApiServer_1 pid=1099) INFO:     10.0.0.74:36974 - "POST /v1/chat/completions HTTP/1.1" 200 OK
2026-03-06T23:12:38.4080504Z (ApiServer_1 pid=1099) INFO:     10.0.0.74:36998 - "POST /v1/chat/completions HTTP/1.1" 200 OK
2026-03-06T23:12:38.4170584Z (ApiServer_1 pid=1099) INFO:     10.0.0.74:37004 - "POST /v1/chat/completions HTTP/1.1" 200 OK
2026-03-06T23:12:38.4209600Z (ApiServer_0 pid=1098) INFO:     10.0.0.74:36944 - "POST /v1/chat/completions HTTP/1.1" 200 OK
2026-03-06T23:12:38.4232710Z (ApiServer_0 pid=1098) INFO:     10.0.0.74:36986 - "POST /v1/chat/completions HTTP/1.1" 200 OK
2026-03-06T23:12:38.4241514Z (ApiServer_0 pid=1098) INFO:     10.0.0.74:36960 - "POST /v1/chat/completions HTTP/1.1" 200 OK
2026-03-06T23:12:38.4251001Z (ApiServer_0 pid=1098) INFO:     10.0.0.74:37002 - "POST /v1/chat/completions HTTP/1.1" 200 OK
2026-03-06T23:12:39.2438059Z (ApiServer_1 pid=1099) INFO:     10.0.0.74:37026 - "POST /v1/chat/completions HTTP/1.1" 200 OK
2026-03-06T23:12:39.2446117Z (ApiServer_1 pid=1099) INFO:     10.0.0.74:37056 - "POST /v1/chat/completions HTTP/1.1" 200 OK
2026-03-06T23:12:39.2462196Z (ApiServer_1 pid=1099) INFO:     10.0.0.74:37062 - "POST /v1/chat/completions HTTP/1.1" 200 OK
2026-03-06T23:12:39.2574216Z (ApiServer_0 pid=1098) INFO:     10.0.0.74:37014 - "POST /v1/chat/completions HTTP/1.1" 200 OK
2026-03-06T23:12:39.2604000Z (ApiServer_0 pid=1098) INFO:     10.0.0.74:37038 - "POST /v1/chat/completions HTTP/1.1" 200 OK
2026-03-06T23:12:39.2612580Z (ApiServer_0 pid=1098) INFO:     10.0.0.74:37028 - "POST /v1/chat/completions HTTP/1.1" 200 OK
2026-03-06T23:12:39.2623840Z (ApiServer_0 pid=1098) INFO:     10.0.0.74:37040 - "POST /v1/chat/completions HTTP/1.1" 200 OK
2026-03-06T23:12:40.0785523Z (ApiServer_1 pid=1099) INFO:     10.0.0.74:37106 - "POST /v1/chat/completions HTTP/1.1" 200 OK
2026-03-06T23:12:40.0816252Z (ApiServer_1 pid=1099) INFO:     10.0.0.74:37118 - "POST /v1/chat/completions HTTP/1.1" 200 OK
2026-03-06T23:12:40.1250487Z (ApiServer_0 pid=1098) INFO:     10.0.0.74:37066 - "POST /v1/chat/completions HTTP/1.1" 200 OK
2026-03-06T23:12:40.1274438Z (ApiServer_0 pid=1098) INFO:     10.0.0.74:37100 - "POST /v1/chat/completions HTTP/1.1" 200 OK
2026-03-06T23:12:40.1283066Z (ApiServer_0 pid=1098) INFO:     10.0.0.74:37082 - "POST /v1/chat/completions HTTP/1.1" 200 OK
2026-03-06T23:12:40.1291464Z (ApiServer_0 pid=1098) INFO:     10.0.0.74:37072 - "POST /v1/chat/completions HTTP/1.1" 200 OK
2026-03-06T23:12:40.1301363Z (ApiServer_0 pid=1098) INFO:     10.0.0.74:37086 - "POST /v1/chat/completions HTTP/1.1" 200 OK
2026-03-06T23:12:40.1309109Z (ApiServer_0 pid=1098) INFO:     10.0.0.74:37110 - "POST /v1/chat/completions HTTP/1.1" 200 OK
2026-03-06T23:12:40.9843369Z (ApiServer_1 pid=1099) INFO:     10.0.0.74:37124 - "POST /v1/chat/completions HTTP/1.1" 200 OK
2026-03-06T23:12:40.9851590Z (ApiServer_1 pid=1099) INFO:     10.0.0.74:37170 - "POST /v1/chat/completions HTTP/1.1" 200 OK
2026-03-06T23:12:40.9872500Z (ApiServer_1 pid=1099) INFO:     10.0.0.74:37180 - "POST /v1/chat/completions HTTP/1.1" 200 OK
2026-03-06T23:12:40.9960348Z (ApiServer_0 pid=1098) INFO:     10.0.0.74:37128 - "POST /v1/chat/completions HTTP/1.1" 200 OK
2026-03-06T23:12:40.9984745Z (ApiServer_0 pid=1098) INFO:     10.0.0.74:37136 - "POST /v1/chat/completions HTTP/1.1" 200 OK
2026-03-06T23:12:40.9993220Z (ApiServer_0 pid=1098) INFO:     10.0.0.74:37148 - "POST /v1/chat/completions HTTP/1.1" 200 OK
2026-03-06T23:12:41.0001924Z (ApiServer_0 pid=1098) INFO:     10.0.0.74:37162 - "POST /v1/chat/completions HTTP/1.1" 200 OK
2026-03-06T23:12:41.0011018Z (ApiServer_1 pid=1099) INFO:     10.0.0.74:37184 - "POST /v1/chat/completions HTTP/1.1" 200 OK
2026-03-06T23:12:41.0092292Z (ApiServer_0 pid=1098) INFO:     10.0.0.74:37190 - "POST /v1/chat/completions HTTP/1.1" 200 OK
2026-03-06T23:12:41.5986141Z (ApiServer_0 pid=1098) INFO:     10.0.0.102:41634 - "GET /health HTTP/1.1" 200 OK
2026-03-06T23:12:41.8170222Z (ApiServer_1 pid=1099) INFO:     10.0.0.74:37192 - "POST /v1/chat/completions HTTP/1.1" 200 OK
2026-03-06T23:12:41.8209750Z (ApiServer_1 pid=1099) INFO:     10.0.0.74:37196 - "POST /v1/chat/completions HTTP/1.1" 200 OK
2026-03-06T23:12:41.8308206Z (ApiServer_1 pid=1099) INFO:     10.0.0.74:37232 - "POST /v1/chat/completions HTTP/1.1" 200 OK
2026-03-06T23:12:41.8416645Z (ApiServer_0 pid=1098) INFO:     10.0.0.74:37206 - "POST /v1/chat/completions HTTP/1.1" 200 OK
2026-03-06T23:12:41.8447650Z (ApiServer_0 pid=1098) INFO:     10.0.0.74:37204 - "POST /v1/chat/completions HTTP/1.1" 200 OK
2026-03-06T23:12:41.8456564Z (ApiServer_0 pid=1098) INFO:     10.0.0.74:37208 - "POST /v1/chat/completions HTTP/1.1" 200 OK
2026-03-06T23:12:41.8464816Z (ApiServer_0 pid=1098) INFO:     10.0.0.74:37220 - "POST /v1/chat/completions HTTP/1.1" 200 OK
2026-03-06T23:12:42.7027828Z (ApiServer_0 pid=1098) INFO:     10.0.0.74:37254 - "POST /v1/chat/completions HTTP/1.1" 200 OK
2026-03-06T23:12:42.7058780Z (ApiServer_0 pid=1098) INFO:     10.0.0.74:37262 - "POST /v1/chat/completions HTTP/1.1" 200 OK
2026-03-06T23:12:42.7123965Z (ApiServer_1 pid=1099) INFO:     10.0.0.74:37250 - "POST /v1/chat/completions HTTP/1.1" 200 OK
2026-03-06T23:12:42.7156969Z (ApiServer_1 pid=1099) INFO:     10.0.0.74:37242 - "POST /v1/chat/completions HTTP/1.1" 200 OK
2026-03-06T23:12:42.7165676Z (ApiServer_1 pid=1099) INFO:     10.0.0.74:37274 - "POST /v1/chat/completions HTTP/1.1" 200 OK
2026-03-06T23:12:42.7251898Z (ApiServer_1 pid=1099) INFO:     10.0.0.74:37290 - "POST /v1/chat/completions HTTP/1.1" 200 OK
2026-03-06T23:12:43.6022129Z (ApiServer_1 pid=1099) INFO:     10.0.0.74:37316 - "POST /v1/chat/completions HTTP/1.1" 200 OK
2026-03-06T23:12:43.6051240Z (ApiServer_1 pid=1099) INFO:     10.0.0.74:37304 - "POST /v1/chat/completions HTTP/1.1" 200 OK
2026-03-06T23:12:43.6060530Z (ApiServer_1 pid=1099) INFO:     10.0.0.74:37386 - "POST /v1/chat/completions HTTP/1.1" 200 OK
2026-03-06T23:12:43.6107886Z (ApiServer_0 pid=1098) INFO:     10.0.0.74:37332 - "POST /v1/chat/completions HTTP/1.1" 200 OK
2026-03-06T23:12:43.6131697Z (ApiServer_0 pid=1098) INFO:     10.0.0.74:37342 - "POST /v1/chat/completions HTTP/1.1" 200 OK
2026-03-06T23:12:43.6140408Z (ApiServer_0 pid=1098) INFO:     10.0.0.74:37358 - "POST /v1/chat/completions HTTP/1.1" 200 OK
2026-03-06T23:12:43.6149087Z (ApiServer_0 pid=1098) INFO:     10.0.0.74:37370 - "POST /v1/chat/completions HTTP/1.1" 200 OK
2026-03-06T23:12:44.4936878Z (ApiServer_1 pid=1099) INFO:     10.0.0.74:41826 - "POST /v1/chat/completions HTTP/1.1" 200 OK
2026-03-06T23:12:44.5070312Z (ApiServer_1 pid=1099) INFO:     10.0.0.74:41834 - "POST /v1/chat/completions HTTP/1.1" 200 OK
2026-03-06T23:12:46.6052645Z (ApiServer_0 pid=1098) INFO:     10.0.0.102:55264 - "GET /health HTTP/1.1" 200 OK
2026-03-06T23:12:51.6063808Z (ApiServer_0 pid=1098) INFO:     10.0.0.102:55280 - "GET /health HTTP/1.1" 200 OK
2026-03-06T23:12:56.6089796Z (ApiServer_0 pid=1098) INFO:     10.0.0.102:33528 - "GET /health HTTP/1.1" 200 OK
2026-03-06T23:13:01.6128973Z (ApiServer_0 pid=1098) INFO:     10.0.0.102:33534 - "GET /health HTTP/1.1" 200 OK
2026-03-06T23:13:06.6181046Z (ApiServer_0 pid=1098) INFO:     10.0.0.102:58436 - "GET /health HTTP/1.1" 200 OK
2026-03-06T23:13:11.6212953Z (ApiServer_0 pid=1098) INFO:     10.0.0.102:58448 - "GET /health HTTP/1.1" 200 OK
2026-03-06T23:13:12.9655878Z (ApiServer_1 pid=1099) INFO:     10.0.0.74:48402 - "POST /v1/chat/completions HTTP/1.1" 200 OK
2026-03-06T23:13:12.9689142Z (ApiServer_0 pid=1098) INFO:     10.0.0.74:48408 - "POST /v1/chat/completions HTTP/1.1" 200 OK
2026-03-06T23:13:13.0836748Z (ApiServer_0 pid=1098) INFO:     10.0.0.74:48418 - "POST /v1/chat/completions HTTP/1.1" 200 OK
2026-03-06T23:13:13.0860498Z (ApiServer_0 pid=1098) INFO:     10.0.0.74:48428 - "POST /v1/chat/completions HTTP/1.1" 200 OK
2026-03-06T23:13:13.0869338Z (ApiServer_1 pid=1099) INFO:     10.0.0.74:48434 - "POST /v1/chat/completions HTTP/1.1" 200 OK
2026-03-06T23:13:13.0878513Z (ApiServer_1 pid=1099) INFO:     10.0.0.74:48446 - "POST /v1/chat/completions HTTP/1.1" 200 OK
2026-03-06T23:13:13.1789118Z (ApiServer_1 pid=1099) INFO:     10.0.0.74:48454 - "POST /v1/chat/completions HTTP/1.1" 200 OK
2026-03-06T23:13:13.1818280Z (ApiServer_0 pid=1098) INFO:     10.0.0.74:48464 - "POST /v1/chat/completions HTTP/1.1" 200 OK
2026-03-06T23:13:13.1948519Z (ApiServer_1 pid=1099) INFO:     10.0.0.74:48482 - "POST /v1/chat/completions HTTP/1.1" 200 OK
2026-03-06T23:13:13.2019513Z (ApiServer_0 pid=1098) INFO:     10.0.0.74:48474 - "POST /v1/chat/completions HTTP/1.1" 200 OK
2026-03-06T23:13:13.2044658Z (ApiServer_0 pid=1098) INFO:     10.0.0.74:48486 - "POST /v1/chat/completions HTTP/1.1" 200 OK
2026-03-06T23:13:14.0835996Z (ApiServer_1 pid=1099) INFO:     10.0.0.74:40546 - "POST /v1/chat/completions HTTP/1.1" 200 OK
2026-03-06T23:13:14.0844125Z (ApiServer_1 pid=1099) INFO:     10.0.0.74:40554 - "POST /v1/chat/completions HTTP/1.1" 200 OK
2026-03-06T23:13:14.0852016Z (ApiServer_1 pid=1099) INFO:     10.0.0.74:40570 - "POST /v1/chat/completions HTTP/1.1" 200 OK
2026-03-06T23:13:14.0861316Z (ApiServer_0 pid=1098) INFO:     10.0.0.74:40516 - "POST /v1/chat/completions HTTP/1.1" 200 OK
2026-03-06T23:13:14.0869477Z (ApiServer_0 pid=1098) INFO:     10.0.0.74:40532 - "POST /v1/chat/completions HTTP/1.1" 200 OK
2026-03-06T23:13:14.0878074Z (ApiServer_0 pid=1098) INFO:     10.0.0.74:40548 - "POST /v1/chat/completions HTTP/1.1" 200 OK
2026-03-06T23:13:14.0909394Z (ApiServer_1 pid=1099) INFO:     10.0.0.74:40582 - "POST /v1/chat/completions HTTP/1.1" 200 OK
2026-03-06T23:13:14.9184169Z (ApiServer_1 pid=1099) INFO:     10.0.0.74:40596 - "POST /v1/chat/completions HTTP/1.1" 200 OK
2026-03-06T23:13:14.9309470Z (ApiServer_1 pid=1099) INFO:     10.0.0.74:40624 - "POST /v1/chat/completions HTTP/1.1" 200 OK
2026-03-06T23:13:14.9689708Z (ApiServer_0 pid=1098) INFO:     10.0.0.74:40602 - "POST /v1/chat/completions HTTP/1.1" 200 OK
2026-03-06T23:13:14.9716378Z (ApiServer_0 pid=1098) INFO:     10.0.0.74:40616 - "POST /v1/chat/completions HTTP/1.1" 200 OK
2026-03-06T23:13:14.9725144Z (ApiServer_0 pid=1098) INFO:     10.0.0.74:40612 - "POST /v1/chat/completions HTTP/1.1" 200 OK
2026-03-06T23:13:14.9733283Z (ApiServer_0 pid=1098) INFO:     10.0.0.74:40638 - "POST /v1/chat/completions HTTP/1.1" 200 OK
2026-03-06T23:13:14.9742370Z (ApiServer_0 pid=1098) INFO:     10.0.0.74:40646 - "POST /v1/chat/completions HTTP/1.1" 200 OK
2026-03-06T23:13:15.7911272Z (ApiServer_0 pid=1098) INFO:     10.0.0.74:40650 - "POST /v1/chat/completions HTTP/1.1" 200 OK
2026-03-06T23:13:15.7946067Z (ApiServer_0 pid=1098) INFO:     10.0.0.74:40714 - "POST /v1/chat/completions HTTP/1.1" 200 OK
2026-03-06T23:13:15.8253663Z (ApiServer_1 pid=1099) INFO:     10.0.0.74:40688 - "POST /v1/chat/completions HTTP/1.1" 200 OK
2026-03-06T23:13:15.8275699Z (ApiServer_1 pid=1099) INFO:     10.0.0.74:40700 - "POST /v1/chat/completions HTTP/1.1" 200 OK
2026-03-06T23:13:15.8284425Z (ApiServer_1 pid=1099) INFO:     10.0.0.74:40666 - "POST /v1/chat/completions HTTP/1.1" 200 OK
2026-03-06T23:13:15.8293331Z (ApiServer_1 pid=1099) INFO:     10.0.0.74:40710 - "POST /v1/chat/completions HTTP/1.1" 200 OK
2026-03-06T23:13:15.8301652Z (ApiServer_1 pid=1099) INFO:     10.0.0.74:40680 - "POST /v1/chat/completions HTTP/1.1" 200 OK
2026-03-06T23:13:16.6250429Z (ApiServer_0 pid=1098) INFO:     10.0.0.102:44868 - "GET /health HTTP/1.1" 200 OK
2026-03-06T23:13:16.6760950Z (ApiServer_1 pid=1099) INFO:     10.0.0.74:40728 - "POST /v1/chat/completions HTTP/1.1" 200 OK
2026-03-06T23:13:16.6794855Z (ApiServer_1 pid=1099) INFO:     10.0.0.74:40716 - "POST /v1/chat/completions HTTP/1.1" 200 OK
2026-03-06T23:13:16.6803482Z (ApiServer_1 pid=1099) INFO:     10.0.0.74:40736 - "POST /v1/chat/completions HTTP/1.1" 200 OK
2026-03-06T23:13:16.6892023Z (ApiServer_0 pid=1098) INFO:     10.0.0.74:40726 - "POST /v1/chat/completions HTTP/1.1" 200 OK
2026-03-06T23:13:16.6919656Z (ApiServer_0 pid=1098) INFO:     10.0.0.74:40722 - "POST /v1/chat/completions HTTP/1.1" 200 OK
2026-03-06T23:13:16.6927845Z (ApiServer_0 pid=1098) INFO:     10.0.0.74:40746 - "POST /v1/chat/completions HTTP/1.1" 200 OK
2026-03-06T23:13:16.6936607Z (ApiServer_0 pid=1098) INFO:     10.0.0.74:40758 - "POST /v1/chat/completions HTTP/1.1" 200 OK
2026-03-06T23:13:17.5354320Z (ApiServer_1 pid=1099) INFO:     10.0.0.74:40764 - "POST /v1/chat/completions HTTP/1.1" 200 OK
2026-03-06T23:13:17.5669150Z (ApiServer_1 pid=1099) INFO:     10.0.0.74:40766 - "POST /v1/chat/completions HTTP/1.1" 200 OK
2026-03-06T23:13:17.5696074Z (ApiServer_1 pid=1099) INFO:     10.0.0.74:40820 - "POST /v1/chat/completions HTTP/1.1" 200 OK
2026-03-06T23:13:17.5705019Z (ApiServer_1 pid=1099) INFO:     10.0.0.74:40836 - "POST /v1/chat/completions HTTP/1.1" 200 OK
2026-03-06T23:13:17.5761568Z (ApiServer_0 pid=1098) INFO:     10.0.0.74:40774 - "POST /v1/chat/completions HTTP/1.1" 200 OK
2026-03-06T23:13:17.5788682Z (ApiServer_0 pid=1098) INFO:     10.0.0.74:40790 - "POST /v1/chat/completions HTTP/1.1" 200 OK
2026-03-06T23:13:17.5797380Z (ApiServer_0 pid=1098) INFO:     10.0.0.74:40806 - "POST /v1/chat/completions HTTP/1.1" 200 OK
2026-03-06T23:13:17.5805796Z (ApiServer_0 pid=1098) INFO:     10.0.0.74:40810 - "POST /v1/chat/completions HTTP/1.1" 200 OK
2026-03-06T23:13:18.4600115Z (ApiServer_0 pid=1098) INFO:     10.0.0.74:40850 - "POST /v1/chat/completions HTTP/1.1" 200 OK
2026-03-06T23:13:18.4606390Z (ApiServer_0 pid=1098) INFO:     10.0.0.74:40866 - "POST /v1/chat/completions HTTP/1.1" 200 OK
2026-03-06T23:13:18.4615597Z (ApiServer_1 pid=1099) INFO:     10.0.0.74:40864 - "POST /v1/chat/completions HTTP/1.1" 200 OK
2026-03-06T23:13:18.4633654Z (ApiServer_1 pid=1099) INFO:     10.0.0.74:40898 - "POST /v1/chat/completions HTTP/1.1" 200 OK
2026-03-06T23:13:18.4642455Z (ApiServer_1 pid=1099) INFO:     10.0.0.74:40910 - "POST /v1/chat/completions HTTP/1.1" 200 OK
2026-03-06T23:13:18.4771450Z (ApiServer_0 pid=1098) INFO:     10.0.0.74:40868 - "POST /v1/chat/completions HTTP/1.1" 200 OK
2026-03-06T23:13:18.4795703Z (ApiServer_0 pid=1098) INFO:     10.0.0.74:40884 - "POST /v1/chat/completions HTTP/1.1" 200 OK
2026-03-06T23:13:19.3127293Z (ApiServer_0 pid=1098) INFO:     10.0.0.74:40934 - "POST /v1/chat/completions HTTP/1.1" 200 OK
2026-03-06T23:13:19.3205037Z (ApiServer_0 pid=1098) INFO:     10.0.0.74:40952 - "POST /v1/chat/completions HTTP/1.1" 200 OK
2026-03-06T23:13:19.3256644Z (ApiServer_0 pid=1098) INFO:     10.0.0.74:40966 - "POST /v1/chat/completions HTTP/1.1" 200 OK
2026-03-06T23:13:19.3330202Z (ApiServer_1 pid=1099) INFO:     10.0.0.74:40918 - "POST /v1/chat/completions HTTP/1.1" 200 OK
2026-03-06T23:13:19.3358879Z (ApiServer_1 pid=1099) INFO:     10.0.0.74:40938 - "POST /v1/chat/completions HTTP/1.1" 200 OK
2026-03-06T23:13:19.3367668Z (ApiServer_1 pid=1099) INFO:     10.0.0.74:40944 - "POST /v1/chat/completions HTTP/1.1" 200 OK
2026-03-06T23:13:19.3375617Z (ApiServer_1 pid=1099) INFO:     10.0.0.74:40958 - "POST /v1/chat/completions HTTP/1.1" 200 OK
2026-03-06T23:13:19.3453571Z (ApiServer_1 pid=1099) INFO:     10.0.0.74:40972 - "POST /v1/chat/completions HTTP/1.1" 200 OK
2026-03-06T23:13:20.1951326Z (ApiServer_1 pid=1099) INFO:     10.0.0.74:40978 - "POST /v1/chat/completions HTTP/1.1" 200 OK
2026-03-06T23:13:20.2077703Z (ApiServer_1 pid=1099) INFO:     10.0.0.74:40986 - "POST /v1/chat/completions HTTP/1.1" 200 OK
2026-03-06T23:13:21.6286878Z (ApiServer_0 pid=1098) INFO:     10.0.0.102:44878 - "GET /health HTTP/1.1" 200 OK
2026-03-06T23:13:26.6325791Z (ApiServer_0 pid=1098) INFO:     10.0.0.102:37124 - "GET /health HTTP/1.1" 200 OK
2026-03-06T23:13:31.6374351Z (ApiServer_0 pid=1098) INFO:     10.0.0.102:37140 - "GET /health HTTP/1.1" 200 OK
2026-03-06T23:13:36.6425472Z (ApiServer_1 pid=1099) INFO:     10.0.0.102:39776 - "GET /health HTTP/1.1" 200 OK
2026-03-06T23:13:41.6458813Z (ApiServer_0 pid=1098) INFO:     10.0.0.102:39792 - "GET /health HTTP/1.1" 200 OK
2026-03-06T23:13:46.6509376Z (ApiServer_0 pid=1098) INFO:     10.0.0.102:55708 - "GET /health HTTP/1.1" 200 OK
2026-03-06T23:13:51.6541602Z (ApiServer_0 pid=1098) INFO:     10.0.0.102:55720 - "GET /health HTTP/1.1" 200 OK
2026-03-06T23:13:56.6602620Z (ApiServer_1 pid=1099) INFO:     10.0.0.102:42604 - "GET /health HTTP/1.1" 200 OK
2026-03-06T23:14:01.6235759Z The request config is
2026-03-06T23:14:01.6243004Z  from ais_bench.benchmark.models import VLLMCustomAPIChat
2026-03-06T23:14:01.6251760Z from ais_bench.benchmark.utils.model_postprocessors import extract_non_reasoning_content
2026-03-06T23:14:01.6260467Z 
2026-03-06T23:14:01.6268882Z models = [
2026-03-06T23:14:01.6278621Z     dict(
2026-03-06T23:14:01.6287011Z         attr="service",
2026-03-06T23:14:01.6295873Z         type=VLLMCustomAPIChat,
2026-03-06T23:14:01.6305050Z         abbr='vllm-api-general-chat',
2026-03-06T23:14:01.6313581Z         path="",
2026-03-06T23:14:01.6321768Z         model="vllm-ascend/Kimi-K2-Instruct-W8A8",
2026-03-06T23:14:01.6330645Z         request_rate = 0,
2026-03-06T23:14:01.6338786Z         retry = 2,
2026-03-06T23:14:01.6347638Z         host_ip = "10.0.0.74",
2026-03-06T23:14:01.6356600Z         host_port = 8080,
2026-03-06T23:14:01.6364984Z         max_out_len = 7680,
2026-03-06T23:14:01.6372926Z         batch_size = 64,
2026-03-06T23:14:01.6382076Z         trust_remote_code=False,
2026-03-06T23:14:01.6390646Z         generation_kwargs = dict(
2026-03-06T23:14:01.6399169Z             temperature = 0.6,
2026-03-06T23:14:01.6407898Z             ignore_eos = False,
2026-03-06T23:14:01.6415548Z             #top_k = 10,
2026-03-06T23:14:01.6423782Z             top_p = 0.95,
2026-03-06T23:14:01.6432398Z             #seed = None,
2026-03-06T23:14:01.6441150Z             #repetition_penalty = 1.03,
2026-03-06T23:14:01.6450106Z         ),
2026-03-06T23:14:01.6458255Z         pred_postprocessor=dict(type=extract_non_reasoning_content)
2026-03-06T23:14:01.6466549Z     )
2026-03-06T23:14:01.6474528Z ]
2026-03-06T23:14:01.6482360Z 
2026-03-06T23:14:01.6491912Z running aisbench cmd: ais_bench --models vllm_api_general_chat_custom --datasets gsm8k_gen_0_shot_cot_chat_prompt
2026-03-06T23:14:01.6500560Z 03/06 23:08:01 - AISBench - INFO - Loading gsm8k_gen_0_shot_cot_chat_prompt: /vllm-workspace/vllm-ascend/benchmark/ais_bench/benchmark/configs/./datasets/gsm8k/gsm8k_gen_0_shot_cot_chat_prompt.py
2026-03-06T23:14:01.6509002Z 03/06 23:08:01 - AISBench - INFO - Loading vllm_api_general_chat_custom: /vllm-workspace/vllm-ascend/benchmark/ais_bench/benchmark/configs/./models/vllm_api/vllm_api_general_chat_custom.py
2026-03-06T23:14:01.6516609Z 03/06 23:08:01 - AISBench - INFO - Loading example: /vllm-workspace/vllm-ascend/benchmark/ais_bench/benchmark/configs/./summarizers/example.py
2026-03-06T23:14:01.6524534Z 03/06 23:08:01 - AISBench - INFO - Current exp folder: outputs/default/20260306_230801
2026-03-06T23:14:01.6532958Z 03/06 23:08:03 - AISBench - INFO - Starting inference tasks...
2026-03-06T23:14:01.6541228Z 03/06 23:08:03 - AISBench - INFO - Partitioned into 1 tasks.
2026-03-06T23:14:01.6549582Z 03/06 23:08:03 - AISBench - INFO - Continuous batch enable! All the logs and processes for each task should be checked in each infer/.out file.
2026-03-06T23:14:01.6558250Z Launch OpenICLInfer[vllm-api-general-chat/gsm8k] on CPU
2026-03-06T23:14:01.6566283Z Launch OpenICLInfer[vllm-api-general-chat/gsm8k] on CPU
2026-03-06T23:14:01.6574284Z 03/06 23:08:41 - AISBench - INFO - Inference tasks completed.
2026-03-06T23:14:01.6582384Z 03/06 23:08:43 - AISBench - INFO - Starting evaluation tasks...
2026-03-06T23:14:01.6590436Z 03/06 23:08:43 - AISBench - INFO - Partitioned into 1 tasks.
2026-03-06T23:14:01.6598435Z launch OpenICLEval[vllm-api-general-chat/gsm8k] on CPU
2026-03-06T23:14:01.6606554Z 03/06 23:08:53 - AISBench - INFO - Evaluation tasks completed.
2026-03-06T23:14:01.6616085Z 03/06 23:08:53 - AISBench - INFO - Summarizing evaluation results...
2026-03-06T23:14:01.6623605Z dataset    version    metric    mode      vllm-api-general-chat
2026-03-06T23:14:01.6632143Z ---------  ---------  --------  ------  -----------------------
2026-03-06T23:14:01.6640583Z gsm8k      7cd45e     accuracy  gen                      100.00
2026-03-06T23:14:01.6649174Z 03/06 23:08:53 - AISBench - INFO - write summary to /vllm-workspace/vllm-ascend/outputs/default/20260306_230801/summary/summary_20260306_230801.txt
2026-03-06T23:14:01.6659510Z 03/06 23:08:53 - AISBench - INFO - write csv to /vllm-workspace/vllm-ascend/outputs/default/20260306_230801/summary/summary_20260306_230801.csv
2026-03-06T23:14:01.6665100Z The request config is
2026-03-06T23:14:01.6673860Z  from ais_bench.benchmark.models import VLLMCustomAPIChatStream
2026-03-06T23:14:01.6682004Z from ais_bench.benchmark.utils.model_postprocessors import extract_non_reasoning_content
2026-03-06T23:14:01.6689150Z 
2026-03-06T23:14:01.6697582Z models = [
2026-03-06T23:14:01.6705906Z     dict(
2026-03-06T23:14:01.6714001Z         attr="service",
2026-03-06T23:14:01.6723009Z         type=VLLMCustomAPIChatStream,
2026-03-06T23:14:01.6731053Z         abbr='vllm-api-stream-chat',
2026-03-06T23:14:01.6739936Z         path="/root/.cache/modelscope/hub/models/vllm-ascend/Kimi-K2-Instruct-W8A8",
2026-03-06T23:14:01.6747413Z         model="vllm-ascend/Kimi-K2-Instruct-W8A8",
2026-03-06T23:14:01.6755549Z         request_rate = 11.2,
2026-03-06T23:14:01.6763581Z         retry = 2,
2026-03-06T23:14:01.6771434Z         host_ip = "10.0.0.74",
2026-03-06T23:14:01.6779737Z         host_port = 8080,
2026-03-06T23:14:01.6787734Z         max_out_len = 256,
2026-03-06T23:14:01.6796347Z         batch_size = 64,
2026-03-06T23:14:01.6804312Z         trust_remote_code=True,
2026-03-06T23:14:01.6812205Z         generation_kwargs = dict(
2026-03-06T23:14:01.6820286Z             temperature = 0,
2026-03-06T23:14:01.6828076Z             ignore_eos = True,
2026-03-06T23:14:01.6836465Z             #top_k = 10,
2026-03-06T23:14:01.6844196Z             #top_p = 0.95,
2026-03-06T23:14:01.6853111Z             #seed = None,
2026-03-06T23:14:01.6861153Z             #repetition_penalty = 1.03,
2026-03-06T23:14:01.6868623Z         ),
2026-03-06T23:14:01.6876884Z         pred_postprocessor=dict(type=extract_non_reasoning_content)
2026-03-06T23:14:01.6884874Z     )
2026-03-06T23:14:01.6892408Z ]
2026-03-06T23:14:01.6900365Z 
2026-03-06T23:14:01.6909346Z running aisbench cmd: ais_bench --models vllm_api_stream_chat_custom --datasets gsm8k_gen_0_shot_cot_str_perf_custom --mode perf --num-prompts 512
2026-03-06T23:14:01.6918222Z 03/06 23:09:02 - AISBench - INFO - Loading gsm8k_gen_0_shot_cot_str_perf_custom: /vllm-workspace/vllm-ascend/benchmark/ais_bench/benchmark/configs/./datasets/gsm8k/gsm8k_gen_0_shot_cot_str_perf_custom.py
2026-03-06T23:14:01.6926417Z 03/06 23:09:02 - AISBench - INFO - Loading vllm_api_stream_chat_custom: /vllm-workspace/vllm-ascend/benchmark/ais_bench/benchmark/configs/./models/vllm_api/vllm_api_stream_chat_custom.py
2026-03-06T23:14:01.6934234Z 03/06 23:09:02 - AISBench - INFO - Loading example: /vllm-workspace/vllm-ascend/benchmark/ais_bench/benchmark/configs/./summarizers/example.py
2026-03-06T23:14:01.6942394Z 03/06 23:09:02 - AISBench - INFO - Current exp folder: outputs/default/20260306_230902
2026-03-06T23:14:01.6950687Z 03/06 23:09:02 - AISBench - INFO - Starting performance evaluation tasks...
2026-03-06T23:14:01.6958614Z 03/06 23:09:02 - AISBench - INFO - Partitioned into 1 tasks.
2026-03-06T23:14:01.6967284Z 03/06 23:09:02 - AISBench - INFO - Continuous batch enable! All the logs and processes for each task should be checked in each infer/.out file.
2026-03-06T23:14:01.6974340Z Launch OpenICLPerf[vllm-api-stream-chat/gsm8k] on CPU
2026-03-06T23:14:01.6982448Z Launch OpenICLPerf[vllm-api-stream-chat/gsm8k] on CPU
2026-03-06T23:14:01.6990624Z 03/06 23:14:01 - AISBench - INFO - Performance evaluation tasks completed.
2026-03-06T23:14:01.6999144Z 03/06 23:14:01 - AISBench - INFO - Loading detail perf data of model='vllm-api-stream-chat' dataset='gsm8kdataset' ...
2026-03-06T23:14:01.7008021Z 03/06 23:14:01 - AISBench - INFO - Starting request timeline processing...
2026-03-06T23:14:01.7015662Z 03/06 23:14:01 - AISBench - INFO - Data preprocessing completed in 0.0010s
2026-03-06T23:14:01.7024391Z 03/06 23:14:01 - AISBench - INFO - Generating timeline traces for 512 requests...
2026-03-06T23:14:01.7032601Z 03/06 23:14:01 - AISBench - INFO - Generated timeline trace chunks in 0.0079s
2026-03-06T23:14:01.7040715Z 03/06 23:14:01 - AISBench - INFO - Generating concurrency traces...
2026-03-06T23:14:01.7049282Z 03/06 23:14:01 - AISBench - INFO - Generated concurrency trace chunks in 0.0028s
2026-03-06T23:14:01.7057450Z 03/06 23:14:01 - AISBench - INFO - Creating figure layout...
2026-03-06T23:14:01.7065751Z 03/06 23:14:01 - AISBench - INFO - Figure layout created in 0.0379s
2026-03-06T23:14:01.7074473Z 03/06 23:14:01 - AISBench - INFO - Writing to outputs/default/20260306_230902/performances/vllm-api-stream-chat/gsm8kdataset_plot.html...
2026-03-06T23:14:01.7082400Z 03/06 23:14:01 - AISBench - INFO - HTML written in 0.0197s
2026-03-06T23:14:01.7090667Z 03/06 23:14:01 - AISBench - INFO - Completed! Total execution time: 0.0697s
2026-03-06T23:14:01.7099398Z 03/06 23:14:01 - AISBench - INFO - The gsm8kdataset_plot has been saved in outputs/default/20260306_230902/performances/vllm-api-stream-chat/gsm8kdataset_plot.html
2026-03-06T23:14:01.7107429Z 03/06 23:14:01 - AISBench - INFO - Converting perf results of stage ...
2026-03-06T23:14:01.7115504Z 03/06 23:14:01 - AISBench - INFO - Finish Converting!
2026-03-06T23:14:01.7123526Z 03/06 23:14:01 - AISBench - INFO - Start calculating metrics ...
2026-03-06T23:14:01.7131682Z 03/06 23:14:01 - AISBench - INFO - Start calculating common metrics ...
2026-03-06T23:14:01.7139803Z 03/06 23:14:01 - AISBench - INFO - Start calculating add units ...
2026-03-06T23:14:01.7148030Z 03/06 23:14:01 - AISBench - INFO - Finish calculating perf data!
2026-03-06T23:14:01.7156826Z 03/06 23:14:01 - AISBench - INFO - Summarizing performance results...
2026-03-06T23:14:01.7165872Z 03/06 23:14:01 - AISBench - INFO - Performance Results of task: vllm-api-stream-chat/gsm8kdataset:
2026-03-06T23:14:01.7174141Z ╒══════════════════════════╤═════════╤════════════════╤════════════════╤════════════════╤════════════════╤════════════════╤════════════════╤════════════════╤═════╕
2026-03-06T23:14:01.7182089Z │ Performance Parameters   │ Stage   │ Average        │ Min            │ Max            │ Median         │ P75            │ P90            │ P99            │  N  │
2026-03-06T23:14:01.7191939Z ╞══════════════════════════╪═════════╪════════════════╪════════════════╪════════════════╪════════════════╪════════════════╪════════════════╪════════════════╪═════╡
2026-03-06T23:14:01.7200399Z │ E2EL                     │ total   │ 35710.3563 ms  │ 32785.2591 ms  │ 39878.907 ms   │ 35268.2227 ms  │ 35750.7961 ms  │ 38889.1902 ms  │ 39793.306 ms   │ 512 │
2026-03-06T23:14:01.7210485Z ├──────────────────────────┼─────────┼────────────────┼────────────────┼────────────────┼────────────────┼────────────────┼────────────────┼────────────────┼─────┤(ApiServer_0 pid=1098) INFO:     10.0.0.102:42616 - "GET /health HTTP/1.1" 200 OK
2026-03-06T23:14:02.0967670Z INFO 03-06 23:14:02 [utils.py:287] Received KeyboardInterrupt, shutting down API servers...
2026-03-06T23:14:02.0976522Z INFO 03-06 23:14:02 [utils.py:292] Terminating remaining processes ...
2026-03-06T23:14:02.2191026Z (ApiServer_0 pid=1098) WARNING 03-06 23:14:02 [launcher.py:116] port 8080 is used by process psutil.Process(pid=1099, name='VLLM::APIServer_1', status='running', started='22:56:21') launched with command:
2026-03-06T23:14:02.2199069Z (ApiServer_0 pid=1098) WARNING 03-06 23:14:02 [launcher.py:116] VLLM::APIServer_1                                                                                                                                    
2026-03-06T23:14:02.2207409Z (ApiServer_0 pid=1098) INFO 03-06 23:14:02 [launcher.py:122] Shutting down FastAPI HTTP server.
2026-03-06T23:14:02.2223850Z (ApiServer_1 pid=1099) WARNING 03-06 23:14:02 [launcher.py:116] port 8080 is used by process psutil.Process(pid=1098, name='VLLM::APIServer_0', status='running', started='22:56:21') launched with command:
2026-03-06T23:14:02.2232990Z (ApiServer_1 pid=1099) WARNING 03-06 23:14:02 [launcher.py:116] VLLM::APIServer_0                                                                                                                                    
2026-03-06T23:14:02.2241290Z (ApiServer_1 pid=1099) INFO 03-06 23:14:02 [launcher.py:122] Shutting down FastAPI HTTP server.
2026-03-06T23:14:02.2249447Z (ApiServer_0 pid=1098) INFO:     Shutting down
2026-03-06T23:14:02.2257731Z (ApiServer_1 pid=1099) INFO:     Shutting down
2026-03-06T23:14:02.3195808Z (ApiServer_1 pid=1099) INFO:     Waiting for application shutdown.
2026-03-06T23:14:02.3227637Z (ApiServer_0 pid=1098) INFO:     Waiting for application shutdown.
2026-03-06T23:14:02.3236128Z (ApiServer_1 pid=1099) INFO:     Application shutdown complete.
2026-03-06T23:14:02.3244532Z (ApiServer_0 pid=1098) INFO:     Application shutdown complete.
2026-03-06T23:14:02.4201906Z (ApiServer_1 pid=1099) sys:1: DeprecationWarning: builtin type swigvarlink has no __module__ attribute
2026-03-06T23:14:02.4234175Z (ApiServer_0 pid=1098) sys:1: DeprecationWarning: builtin type swigvarlink has no __module__ attribute
2026-03-06T23:14:03.9258031Z (Worker_DP1_TP1_EP9 pid=2120) INFO 03-06 23:14:03 [multiproc_executor.py:732] Parent process exited, terminating worker
2026-03-06T23:14:03.9259367Z (Worker_DP1_TP0_EP8 pid=1243) INFO 03-06 23:14:03 [multiproc_executor.py:732] Parent process exited, terminating worker
2026-03-06T23:14:03.9263331Z (Worker_DP0_TP4_EP4 pid=3725) INFO 03-06 23:14:03 [multiproc_executor.py:732] Parent process exited, terminating worker
2026-03-06T23:14:03.9272030Z (Worker_DP0_TP5_EP5 pid=4346) INFO 03-06 23:14:03 [multiproc_executor.py:732] Parent process exited, terminating worker
2026-03-06T23:14:03.9281105Z (Worker_DP1_TP3_EP11 pid=3170) INFO 03-06 23:14:03 [multiproc_executor.py:732] Parent process exited, terminating worker
2026-03-06T23:14:03.9289743Z (Worker_DP1_TP5_EP13 pid=4280) INFO 03-06 23:14:03 [multiproc_executor.py:732] Parent process exited, terminating worker
2026-03-06T23:14:03.9299339Z (Worker_DP1_TP4_EP12 pid=3724) INFO 03-06 23:14:03 [multiproc_executor.py:732] Parent process exited, terminating worker
2026-03-06T23:14:03.9307747Z (Worker_DP0_TP0_EP0 pid=1242) INFO 03-06 23:14:03 [multiproc_executor.py:732] Parent process exited, terminating worker
2026-03-06T23:14:03.9316130Z (Worker_DP0_TP1_EP1 pid=2054) INFO 03-06 23:14:03 [multiproc_executor.py:732] Parent process exited, terminating worker
2026-03-06T23:14:03.9325088Z (Worker_DP0_TP6_EP6 pid=4902) INFO 03-06 23:14:03 [multiproc_executor.py:732] Parent process exited, terminating worker
2026-03-06T23:14:03.9333439Z (Worker_DP1_TP2_EP10 pid=2615) INFO 03-06 23:14:03 [multiproc_executor.py:732] Parent process exited, terminating worker
2026-03-06T23:14:03.9342146Z (Worker_DP1_TP6_EP14 pid=4836) INFO 03-06 23:14:03 [multiproc_executor.py:732] Parent process exited, terminating worker
2026-03-06T23:14:03.9351349Z (Worker_DP1_TP7_EP15 pid=5392) INFO 03-06 23:14:03 [multiproc_executor.py:732] Parent process exited, terminating worker
2026-03-06T23:14:03.9360386Z (Worker_DP0_TP3_EP3 pid=3168) INFO 03-06 23:14:03 [multiproc_executor.py:732] Parent process exited, terminating worker
2026-03-06T23:14:03.9368965Z (Worker_DP0_TP2_EP2 pid=2612) INFO 03-06 23:14:03 [multiproc_executor.py:732] Parent process exited, terminating worker
2026-03-06T23:14:03.9379928Z (Worker_DP0_TP7_EP7 pid=5395) INFO 03-06 23:14:03 [multiproc_executor.py:732] Parent process exited, terminating worker
2026-03-06T23:14:03.9385954Z (Worker_DP1_TP0_EP8 pid=1243) INFO 03-06 23:14:03 [multiproc_executor.py:785] WorkerProc shutting down.
2026-03-06T23:14:03.9394571Z (Worker_DP1_TP1_EP9 pid=2120) INFO 03-06 23:14:03 [multiproc_executor.py:785] WorkerProc shutting down.
2026-03-06T23:14:03.9403014Z (Worker_DP1_TP4_EP12 pid=3724) INFO 03-06 23:14:03 [multiproc_executor.py:785] WorkerProc shutting down.
2026-03-06T23:14:03.9412121Z (Worker_DP0_TP5_EP5 pid=4346) INFO 03-06 23:14:03 [multiproc_executor.py:785] WorkerProc shutting down.
2026-03-06T23:14:03.9421251Z (Worker_DP0_TP1_EP1 pid=2054) INFO 03-06 23:14:03 [multiproc_executor.py:785] WorkerProc shutting down.
2026-03-06T23:14:03.9429361Z (Worker_DP1_TP3_EP11 pid=3170) INFO 03-06 23:14:03 [multiproc_executor.py:785] WorkerProc shutting down.
2026-03-06T23:14:03.9438013Z (Worker_DP0_TP6_EP6 pid=4902) INFO 03-06 23:14:03 [multiproc_executor.py:785] WorkerProc shutting down.
2026-03-06T23:14:03.9447346Z (Worker_DP0_TP2_EP2 pid=2612) INFO 03-06 23:14:03 [multiproc_executor.py:785] WorkerProc shutting down.
2026-03-06T23:14:03.9455262Z (Worker_DP0_TP0_EP0 pid=1242) INFO 03-06 23:14:03 [multiproc_executor.py:785] WorkerProc shutting down.
2026-03-06T23:14:03.9463961Z (Worker_DP0_TP7_EP7 pid=5395) INFO 03-06 23:14:03 [multiproc_executor.py:785] WorkerProc shutting down.
2026-03-06T23:14:03.9472555Z (Worker_DP1_TP7_EP15 pid=5392) INFO 03-06 23:14:03 [multiproc_executor.py:785] WorkerProc shutting down.
2026-03-06T23:14:03.9481284Z (Worker_DP0_TP3_EP3 pid=3168) INFO 03-06 23:14:03 [multiproc_executor.py:785] WorkerProc shutting down.
2026-03-06T23:14:03.9489251Z (Worker_DP1_TP2_EP10 pid=2615) INFO 03-06 23:14:03 [multiproc_executor.py:785] WorkerProc shutting down.
2026-03-06T23:14:03.9497735Z (Worker_DP1_TP6_EP14 pid=4836) INFO 03-06 23:14:03 [multiproc_executor.py:785] WorkerProc shutting down.
2026-03-06T23:14:03.9505660Z (Worker_DP1_TP5_EP13 pid=4280) INFO 03-06 23:14:03 [multiproc_executor.py:785] WorkerProc shutting down.
2026-03-06T23:14:03.9513911Z (Worker_DP0_TP4_EP4 pid=3725) INFO 03-06 23:14:03 [multiproc_executor.py:785] WorkerProc shutting down.
2026-03-06T23:14:09.3913448Z sys:1: DeprecationWarning: builtin type swigvarlink has no __module__ attribute
2026-03-06T23:14:10.0981657Z 
2026-03-06T23:14:10.0992761Z │ TTFT                     │ total   │ 2631.5314 ms   │ 756.6245 ms    │ 4405.9337 ms   │ 2645.5441 ms   │ 2703.2139 ms   │ 3447.0488 ms   │ 3668.822 ms    │ 512 │
2026-03-06T23:14:10.1002790Z ├──────────────────────────┼─────────┼────────────────┼────────────────┼────────────────┼────────────────┼────────────────┼────────────────┼────────────────┼─────┤
2026-03-06T23:14:10.1011754Z │ TPOT                     │ total   │ 129.7209 ms    │ 120.7337 ms    │ 150.4648 ms    │ 128.086 ms     │ 130.6666 ms    │ 142.0553 ms    │ 147.4901 ms    │ 512 │
2026-03-06T23:14:10.1022094Z ├──────────────────────────┼─────────┼────────────────┼────────────────┼────────────────┼────────────────┼────────────────┼────────────────┼────────────────┼─────┤
2026-03-06T23:14:10.1031467Z │ ITL                      │ total   │ 128.6982 ms    │ 0.0101 ms      │ 974.5822 ms    │ 108.5829 ms    │ 118.0355 ms    │ 128.315 ms     │ 891.7097 ms    │ 512 │
2026-03-06T23:14:10.1043670Z ├──────────────────────────┼─────────┼────────────────┼────────────────┼────────────────┼────────────────┼────────────────┼────────────────┼────────────────┼─────┤
2026-03-06T23:14:10.1052772Z │ InputTokens              │ total   │ 3516.6055      │ 3014.0         │ 3985.0         │ 3525.0         │ 3525.0         │ 3586.8         │ 3800.67        │ 512 │
2026-03-06T23:14:10.1062785Z ├──────────────────────────┼─────────┼────────────────┼────────────────┼────────────────┼────────────────┼────────────────┼────────────────┼────────────────┼─────┤
2026-03-06T23:14:10.1071589Z │ OutputTokens             │ total   │ 256.0          │ 256.0          │ 256.0          │ 256.0          │ 256.0          │ 256.0          │ 256.0          │ 512 │
2026-03-06T23:14:10.1081171Z ├──────────────────────────┼─────────┼────────────────┼────────────────┼────────────────┼────────────────┼────────────────┼────────────────┼────────────────┼─────┤
2026-03-06T23:14:10.1089959Z │ OutputTokenThroughput    │ total   │ 7.1837 token/s │ 6.4194 token/s │ 7.8084 token/s │ 7.2586 token/s │ 7.3392 token/s │ 7.5468 token/s │ 7.6836 token/s │ 512 │
2026-03-06T23:14:10.1100299Z ╘══════════════════════════╧═════════╧════════════════╧════════════════╧════════════════╧════════════════╧════════════════╧════════════════╧════════════════╧═════╛
2026-03-06T23:14:10.1108774Z ╒══════════════════════════╤═════════╤═══════════════════╕
2026-03-06T23:14:10.1116958Z │ Common Metric            │ Stage   │ Value             │
2026-03-06T23:14:10.1125589Z ╞══════════════════════════╪═════════╪═══════════════════╡
2026-03-06T23:14:10.1133588Z │ Benchmark Duration       │ total   │ 288511.6049 ms    │
2026-03-06T23:14:10.1142711Z ├──────────────────────────┼─────────┼───────────────────┤
2026-03-06T23:14:10.1151745Z │ Total Requests           │ total   │ 512               │
2026-03-06T23:14:10.1160270Z ├──────────────────────────┼─────────┼───────────────────┤
2026-03-06T23:14:10.1168568Z │ Failed Requests          │ total   │ 0                 │
2026-03-06T23:14:10.1177057Z ├──────────────────────────┼─────────┼───────────────────┤
2026-03-06T23:14:10.1185330Z │ Success Requests         │ total   │ 512               │
2026-03-06T23:14:10.1194206Z ├──────────────────────────┼─────────┼───────────────────┤
2026-03-06T23:14:10.1202026Z │ Concurrency              │ total   │ 63.3725           │
2026-03-06T23:14:10.1210679Z ├──────────────────────────┼─────────┼───────────────────┤
2026-03-06T23:14:10.1218797Z │ Max Concurrency          │ total   │ 64                │
2026-03-06T23:14:10.1227321Z ├──────────────────────────┼─────────┼───────────────────┤
2026-03-06T23:14:10.1236314Z │ Request Throughput       │ total   │ 1.7746 req/s      │
2026-03-06T23:14:10.1244462Z ├──────────────────────────┼─────────┼───────────────────┤
2026-03-06T23:14:10.1252508Z │ Total Input Tokens       │ total   │ 1800502           │
2026-03-06T23:14:10.1267710Z ├──────────────────────────┼─────────┼───────────────────┤
2026-03-06T23:14:10.1268750Z │ Prefill Token Throughput │ total   │ 1336.3342 token/s │
2026-03-06T23:14:10.1277538Z ├──────────────────────────┼─────────┼───────────────────┤
2026-03-06T23:14:10.1285537Z │ Total generated tokens   │ total   │ 131072            │
2026-03-06T23:14:10.1294035Z ├──────────────────────────┼─────────┼───────────────────┤
2026-03-06T23:14:10.1301951Z │ Input Token Throughput   │ total   │ 6240.6571 token/s │
2026-03-06T23:14:10.1310606Z ├──────────────────────────┼─────────┼───────────────────┤
2026-03-06T23:14:10.1318965Z │ Output Token Throughput  │ total   │ 454.3041 token/s  │
2026-03-06T23:14:10.1327402Z ├──────────────────────────┼─────────┼───────────────────┤
2026-03-06T23:14:10.1335454Z │ Total Token Throughput   │ total   │ 6694.9612 token/s │
2026-03-06T23:14:10.1343932Z ╘══════════════════════════╧═════════╧═══════════════════╛
2026-03-06T23:14:10.1352527Z 03/06 23:14:01 - AISBench - INFO - Performance Result files locate in outputs/default/20260306_230902/performances/vllm-api-stream-chat.
2026-03-06T23:14:10.1361011Z Getting performance results from file:  outputs/default/20260306_230902/performances/vllm-api-stream-chat/gsm8kdataset.json
2026-03-06T23:14:10.2481538Z /usr/local/python3.11.14/lib/python3.11/multiprocessing/resource_tracker.py:254: UserWarning: resource_tracker: There appear to be 2 leaked shared_memory objects to clean up at shutdown
2026-03-06T23:14:10.2488594Z   warnings.warn('resource_tracker: There appear to be %d '
2026-03-06T23:14:11.4798759Z PASSED
2026-03-06T23:14:11.4805809Z 
2026-03-06T23:14:11.4818198Z =============================== warnings summary ===============================
2026-03-06T23:14:11.4824443Z <frozen importlib._bootstrap>:241
2026-03-06T23:14:11.4834386Z   <frozen importlib._bootstrap>:241: DeprecationWarning: builtin type SwigPyPacked has no __module__ attribute
2026-03-06T23:14:11.4842697Z 
2026-03-06T23:14:11.4851731Z <frozen importlib._bootstrap>:241
2026-03-06T23:14:11.4860824Z   <frozen importlib._bootstrap>:241: DeprecationWarning: builtin type SwigPyObject has no __module__ attribute
2026-03-06T23:14:11.4869749Z 
2026-03-06T23:14:11.4879404Z ../../usr/local/python3.11.14/lib/python3.11/site-packages/transformers/models/auto/image_processing_auto.py:647
2026-03-06T23:14:11.4889770Z   /usr/local/python3.11.14/lib/python3.11/site-packages/transformers/models/auto/image_processing_auto.py:647: FutureWarning: The image_processor_class argument is deprecated and will be removed in v4.42. Please use `slow_image_processor_class`, or `fast_image_processor_class` instead
2026-03-06T23:14:11.4896951Z     warnings.warn(
2026-03-06T23:14:11.4905256Z 
2026-03-06T23:14:11.4914693Z ../../usr/local/python3.11.14/lib/python3.11/site-packages/torch_npu/dynamo/torchair/__init__.py:8
2026-03-06T23:14:11.4924271Z   /usr/local/python3.11.14/lib/python3.11/site-packages/torch_npu/dynamo/torchair/__init__.py:8: DeprecationWarning: pkg_resources is deprecated as an API. See https://setuptools.pypa.io/en/latest/pkg_resources.html
2026-03-06T23:14:11.4931803Z     import pkg_resources
2026-03-06T23:14:11.4941246Z 
2026-03-06T23:14:11.4950043Z tests/e2e/nightly/multi_node/scripts/test_multi_node.py::test_multi_node
2026-03-06T23:14:11.4959567Z   /usr/local/python3.11.14/lib/python3.11/site-packages/pandas/core/dtypes/cast.py:1641: DeprecationWarning: np.find_common_type is deprecated.  Please use `np.result_type` or `np.promote_types`.
2026-03-06T23:14:11.4967684Z   See https://numpy.org/devdocs/release/1.25.0-notes.html and the docs for more information.  (Deprecated NumPy 1.25)
2026-03-06T23:14:11.4976107Z     return np.find_common_type(types, [])
2026-03-06T23:14:11.4984273Z 
2026-03-06T23:14:11.4993696Z -- Docs: https://docs.pytest.org/en/stable/how-to/capture-warnings.html
2026-03-06T23:14:11.5002498Z ================== 1 passed, 5 warnings in 1101.29s (0:18:21) ==================
2026-03-06T23:14:11.7665159Z sys:1: DeprecationWarning: builtin type swigvarlink has no __module__ attribute
2026-03-06T23:14:13.1904087Z [0;32m✓ All tests passed![0m
2026-03-06T23:14:13.3499277Z Cleaning up background log streams...
2026-03-06T23:14:13.6227162Z ##[group]Run actions/upload-artifact@v7
2026-03-06T23:14:13.6227452Z with:
2026-03-06T23:14:13.6227798Z   name: Kimi-K2-Instruct-W8A8.yaml-pod-logs
2026-03-06T23:14:13.6228102Z   path: /tmp/vllm*_logs.txt
2026-03-06T23:14:13.6228333Z   retention-days: 7
2026-03-06T23:14:13.6228547Z   if-no-files-found: warn
2026-03-06T23:14:13.6228773Z   compression-level: 6
2026-03-06T23:14:13.6228989Z   overwrite: false
2026-03-06T23:14:13.6229223Z   include-hidden-files: false
2026-03-06T23:14:13.6229452Z   archive: true
2026-03-06T23:14:13.6229641Z env:
2026-03-06T23:14:13.6230005Z   FAIL_TAG: FAIL_TAG_Kimi-K2-Instruct-W8A8.yaml
2026-03-06T23:14:13.6230342Z ##[endgroup]
2026-03-06T23:14:13.6255152Z ##[group]Run '/home/runner/k8s/index.js'
2026-03-06T23:14:13.6256007Z shell: /home/runner/externals/node20/bin/node {0}
2026-03-06T23:14:13.6256306Z ##[endgroup]
2026-03-06T23:14:14.0570447Z (node:944) [DEP0005] DeprecationWarning: Buffer() is deprecated due to security and usability issues. Please use the Buffer.alloc(), Buffer.allocUnsafe(), or Buffer.from() methods instead.
2026-03-06T23:14:14.0571432Z (Use `node --trace-deprecation ...` to show where the warning was created)
2026-03-06T23:14:14.5412054Z With the provided path, there will be 1 file uploaded
2026-03-06T23:14:14.5417151Z Artifact name is valid!
2026-03-06T23:14:14.5417805Z Root directory input is valid!
2026-03-06T23:14:15.3015628Z Uploading artifact: Kimi-K2-Instruct-W8A8.yaml-pod-logs.zip
2026-03-06T23:14:15.3061874Z Beginning upload of artifact content to blob storage
2026-03-06T23:14:16.6923762Z Uploaded bytes 19215
2026-03-06T23:14:16.9358423Z Finished uploading artifact content to blob storage!
2026-03-06T23:14:16.9359088Z SHA256 digest of uploaded artifact is 171fbf6c78791d393b39d9781ba5b522d3dc9a823bf8a0c25e1cb03626e21b0f
2026-03-06T23:14:16.9359656Z Finalizing artifact upload
2026-03-06T23:14:17.8087085Z Artifact Kimi-K2-Instruct-W8A8.yaml-pod-logs successfully finalized. Artifact ID 5807018125
2026-03-06T23:14:17.8088048Z Artifact Kimi-K2-Instruct-W8A8.yaml-pod-logs has been successfully uploaded! Final size is 19215 bytes. Artifact ID is 5807018125
2026-03-06T23:14:17.8089723Z Artifact download URL: https://github.com/vllm-project/vllm-ascend/actions/runs/22772118594/artifacts/5807018125
2026-03-06T23:14:18.0687603Z ##[group]Run kubectl get pods -n "$NAMESPACE" --ignore-not-found=true
2026-03-06T23:14:18.0688219Z [36;1mkubectl get pods -n "$NAMESPACE" --ignore-not-found=true[0m
2026-03-06T23:14:18.0688850Z [36;1mkubectl delete -f ./lws.yaml --ignore-not-found=true || true[0m
2026-03-06T23:14:18.0689295Z shell: bash -el {0}
2026-03-06T23:14:18.0689508Z env:
2026-03-06T23:14:18.0689745Z   FAIL_TAG: FAIL_TAG_Kimi-K2-Instruct-W8A8.yaml
2026-03-06T23:14:18.0690218Z ##[endgroup]
2026-03-06T23:14:18.0778495Z ##[group]Run '/home/runner/k8s/index.js'
2026-03-06T23:14:18.0779377Z shell: /home/runner/externals/node20/bin/node {0}
2026-03-06T23:14:18.0779685Z ##[endgroup]
2026-03-06T23:14:18.5053399Z (node:1059) [DEP0005] DeprecationWarning: Buffer() is deprecated due to security and usability issues. Please use the Buffer.alloc(), Buffer.allocUnsafe(), or Buffer.from() methods instead.
2026-03-06T23:14:18.5054385Z (Use `node --trace-deprecation ...` to show where the warning was created)
2026-03-06T23:14:18.9267773Z NAME                                             READY   STATUS    RESTARTS     AGE
2026-03-06T23:14:18.9268410Z linux-aarch64-a3-0-n4cwm-runner-q6nwt            1/1     Running   0            20m
2026-03-06T23:14:18.9269073Z linux-aarch64-a3-0-n4cwm-runner-q6nwt-workflow   1/1     Running   0            19m
2026-03-06T23:14:18.9269609Z vllm-0                                           1/1     Running   1 (5s ago)   19m
2026-03-06T23:14:18.9270138Z vllm-0-1                                         1/1     Running   0            19m
2026-03-06T23:14:18.9782567Z leaderworkerset.leaderworkerset.x-k8s.io "vllm" deleted from vllm-project namespace
2026-03-06T23:14:18.9987684Z service "vllm-leader" deleted from vllm-project namespace
2026-03-06T23:14:19.2788618Z Post job cleanup.
2026-03-06T23:14:19.2813206Z ##[group]Run '/home/runner/k8s/index.js'
2026-03-06T23:14:19.2814113Z shell: /home/runner/externals/node20/bin/node {0}
2026-03-06T23:14:19.2814419Z ##[endgroup]
2026-03-06T23:14:19.7107939Z (node:1183) [DEP0005] DeprecationWarning: Buffer() is deprecated due to security and usability issues. Please use the Buffer.alloc(), Buffer.allocUnsafe(), or Buffer.from() methods instead.
2026-03-06T23:14:19.7108975Z (Use `node --trace-deprecation ...` to show where the warning was created)
2026-03-06T23:14:20.1614151Z [command]/usr/bin/git version
2026-03-06T23:14:20.1650299Z git version 2.34.1
2026-03-06T23:14:20.1701702Z Copying '/root/.gitconfig' to '/__w/_temp/b28663e9-f0fe-469a-bc75-aa54ebf68c49/.gitconfig'
2026-03-06T23:14:20.1709555Z Temporarily overriding HOME='/__w/_temp/b28663e9-f0fe-469a-bc75-aa54ebf68c49' before making global git config changes
2026-03-06T23:14:20.1710516Z Adding repository directory to the temporary git global config as a safe directory
2026-03-06T23:14:20.1713865Z [command]/usr/bin/git config --global --add safe.directory /__w/vllm-ascend/vllm-ascend
2026-03-06T23:14:20.1754150Z Removing SSH command configuration
2026-03-06T23:14:20.1758674Z [command]/usr/bin/git config --local --name-only --get-regexp core\.sshCommand
2026-03-06T23:14:20.1782127Z [command]/usr/bin/git submodule foreach --recursive sh -c "git config --local --name-only --get-regexp 'core\.sshCommand' && git config --local --unset-all 'core.sshCommand' || :"
2026-03-06T23:14:20.1936831Z Removing HTTP extra header
2026-03-06T23:14:20.1940541Z [command]/usr/bin/git config --local --name-only --get-regexp http\.https\:\/\/github\.com\/\.extraheader
2026-03-06T23:14:20.1960364Z [command]/usr/bin/git submodule foreach --recursive sh -c "git config --local --name-only --get-regexp 'http\.https\:\/\/github\.com\/\.extraheader' && git config --local --unset-all 'http.https://github.com/.extraheader' || :"
2026-03-06T23:14:20.2108894Z Removing includeIf entries pointing to credentials config files
2026-03-06T23:14:20.2112675Z [command]/usr/bin/git config --local --name-only --get-regexp ^includeIf\.gitdir:
2026-03-06T23:14:20.2126318Z includeif.gitdir:/__w/vllm-ascend/vllm-ascend/.git.path
2026-03-06T23:14:20.2126785Z includeif.gitdir:/__w/vllm-ascend/vllm-ascend/.git/worktrees/*.path
2026-03-06T23:14:20.2127212Z includeif.gitdir:/github/workspace/.git.path
2026-03-06T23:14:20.2127595Z includeif.gitdir:/github/workspace/.git/worktrees/*.path
2026-03-06T23:14:20.2132782Z [command]/usr/bin/git config --local --get-all includeif.gitdir:/__w/vllm-ascend/vllm-ascend/.git.path
2026-03-06T23:14:20.2145326Z /__w/_temp/git-credentials-6edf9138-4ed8-446e-a7fc-7e501ea6a7b2.config
2026-03-06T23:14:20.2152397Z [command]/usr/bin/git config --local --unset includeif.gitdir:/__w/vllm-ascend/vllm-ascend/.git.path /__w/_temp/git-credentials-6edf9138-4ed8-446e-a7fc-7e501ea6a7b2.config
2026-03-06T23:14:20.2173299Z [command]/usr/bin/git config --local --get-all includeif.gitdir:/__w/vllm-ascend/vllm-ascend/.git/worktrees/*.path
2026-03-06T23:14:20.2185948Z /__w/_temp/git-credentials-6edf9138-4ed8-446e-a7fc-7e501ea6a7b2.config
2026-03-06T23:14:20.2192555Z [command]/usr/bin/git config --local --unset includeif.gitdir:/__w/vllm-ascend/vllm-ascend/.git/worktrees/*.path /__w/_temp/git-credentials-6edf9138-4ed8-446e-a7fc-7e501ea6a7b2.config
2026-03-06T23:14:20.2211752Z [command]/usr/bin/git config --local --get-all includeif.gitdir:/github/workspace/.git.path
2026-03-06T23:14:20.2223867Z /github/runner_temp/git-credentials-6edf9138-4ed8-446e-a7fc-7e501ea6a7b2.config
2026-03-06T23:14:20.2229271Z [command]/usr/bin/git config --local --unset includeif.gitdir:/github/workspace/.git.path /github/runner_temp/git-credentials-6edf9138-4ed8-446e-a7fc-7e501ea6a7b2.config
2026-03-06T23:14:20.2248305Z [command]/usr/bin/git config --local --get-all includeif.gitdir:/github/workspace/.git/worktrees/*.path
2026-03-06T23:14:20.2260792Z /github/runner_temp/git-credentials-6edf9138-4ed8-446e-a7fc-7e501ea6a7b2.config
2026-03-06T23:14:20.2267740Z [command]/usr/bin/git config --local --unset includeif.gitdir:/github/workspace/.git/worktrees/*.path /github/runner_temp/git-credentials-6edf9138-4ed8-446e-a7fc-7e501ea6a7b2.config
2026-03-06T23:14:20.2287878Z [command]/usr/bin/git submodule foreach --recursive git config --local --show-origin --name-only --get-regexp remote.origin.url
2026-03-06T23:14:20.2436093Z Removing credentials config '/__w/_temp/git-credentials-6edf9138-4ed8-446e-a7fc-7e501ea6a7b2.config'
2026-03-06T23:14:37.5061265Z ##[group]Run '/home/runner/k8s/index.js'
2026-03-06T23:14:37.5062237Z shell: /home/runner/externals/node20/bin/node {0}
2026-03-06T23:14:37.5062539Z ##[endgroup]
2026-03-06T23:14:37.9824804Z Cleaning up orphan processes
