# Run ID: 24092956146
# Commit: 4cb23a688310f89ddd1c6e37fe898989a4998660
# Job: multi-node (releases-v0.18.0, multi-node-dpsk3.2-2node, DeepSeek-V3_2-W8A8-A3-dual-nodes.yaml, 2) / DeepSeek-V3_2-W8A8-A3-dual-nodes.yaml
# Date: 2026-04-07
============================================================

﻿2026-04-07T17:37:06.5210668Z Current runner version: '2.332.0'
2026-04-07T17:37:06.5216618Z Runner name: 'linux-aarch64-a3-0-ggwx6-runner-slzzq'
2026-04-07T17:37:06.5217404Z Runner group name: 'Default'
2026-04-07T17:37:06.5218270Z Machine name: 'linux-aarch64-a3-0-ggwx6-runner-slzzq'
2026-04-07T17:37:06.5221603Z ##[group]GITHUB_TOKEN Permissions
2026-04-07T17:37:06.5223843Z Contents: read
2026-04-07T17:37:06.5224324Z Issues: read
2026-04-07T17:37:06.5224850Z Metadata: read
2026-04-07T17:37:06.5225322Z PullRequests: read
2026-04-07T17:37:06.5225751Z ##[endgroup]
2026-04-07T17:37:06.5227805Z Secret source: Actions
2026-04-07T17:37:06.5228492Z Prepare workflow directory
2026-04-07T17:37:06.5989714Z Prepare all required actions
2026-04-07T17:37:06.6026260Z Getting action download info
2026-04-07T17:37:07.6482354Z Download action repository 'actions/checkout@v6' (SHA:de0fac2e4500dabe0009e67214ff5f5447ce83dd)
2026-04-07T17:37:11.6589296Z Download action repository 'actions/upload-artifact@v7' (SHA:bbbca2ddaa5d8feaa63e36b76fdaad77386f024f)
2026-04-07T17:37:15.3601557Z Download action repository 'actions/upload-artifact@v4' (SHA:ea165f8d65b6e75b540449e92b4886f43607fa02)
2026-04-07T17:37:23.3347777Z Uses: vllm-project/vllm-ascend/.github/workflows/_e2e_nightly_multi_node.yaml@refs/heads/main (4cb23a688310f89ddd1c6e37fe898989a4998660)
2026-04-07T17:37:23.3352878Z ##[group] Inputs
2026-04-07T17:37:23.3353240Z   soc_version: a3
2026-04-07T17:37:23.3353568Z   runner: linux-aarch64-a3-0
2026-04-07T17:37:23.3354192Z   image: swr.cn-southwest-2.myhuaweicloud.com/base_image/ascend-ci/vllm-ascend:nightly-ci-releases-v0.18.0-a3
2026-04-07T17:37:23.3354876Z   config_file_path: DeepSeek-V3_2-W8A8-A3-dual-nodes.yaml
2026-04-07T17:37:23.3355278Z   replicas: 1
2026-04-07T17:37:23.3355558Z   size: 2
2026-04-07T17:37:23.3355801Z   vllm_version: v0.18.0
2026-04-07T17:37:23.3356348Z   vllm_ascend_remote_url: https://github.com/vllm-project/vllm-ascend.git
2026-04-07T17:37:23.3356917Z   vllm_ascend_ref: 4cb23a688310f89ddd1c6e37fe898989a4998660
2026-04-07T17:37:23.3357789Z   should_run: true
2026-04-07T17:37:23.3358178Z   ascend_log_prefix: /root/.cache/ascend-logs
2026-04-07T17:37:23.3358569Z   name: multi-node-dpsk3.2-2node
2026-04-07T17:37:23.3358875Z ##[endgroup]
2026-04-07T17:37:23.3359599Z Complete job name: multi-node (releases-v0.18.0, multi-node-dpsk3.2-2node, DeepSeek-V3_2-W8A8-A3-dual-nodes.yaml, 2) / DeepSeek-V3_2-W8A8-A3-dual-nodes.yaml
2026-04-07T17:37:23.4034941Z ##[group]Run '/home/runner/k8s/index.js'
2026-04-07T17:37:23.4038187Z shell: /home/runner/externals/node20/bin/node {0}
2026-04-07T17:37:23.4038934Z ##[endgroup]
2026-04-07T17:37:39.0324002Z (node:125) [DEP0005] DeprecationWarning: Buffer() is deprecated due to security and usability issues. Please use the Buffer.alloc(), Buffer.allocUnsafe(), or Buffer.from() methods instead.
2026-04-07T17:37:39.0325146Z (Use `node --trace-deprecation ...` to show where the warning was created)
2026-04-07T17:37:41.6039522Z ##[group]Run if [ "schedule" = "pull_request" ]; then
2026-04-07T17:37:41.6040486Z [36;1mif [ "schedule" = "pull_request" ]; then[0m
2026-04-07T17:37:41.6040943Z [36;1m  if [ "a3" = "a3" ]; then[0m
2026-04-07T17:37:41.6041388Z [36;1m    # NOTE: This is too hack, we should find a better way to manage kubeconfig for pr tests.[0m
2026-04-07T17:37:41.6041888Z [36;1m    cp /root/.cache/.kube/kubeconfig.yaml "$KUBECONFIG"[0m
2026-04-07T17:37:41.6042237Z [36;1m  else[0m
2026-04-07T17:37:41.6042524Z [36;1m    cp /root/.cache/.kube/hk_001_kb.yaml "$KUBECONFIG"[0m
2026-04-07T17:37:41.6042823Z [36;1m  fi[0m
2026-04-07T17:37:41.6043012Z [36;1melse[0m
2026-04-07T17:37:41.6088832Z [36;1m  echo "***" | base64 -d > "$KUBECONFIG"[0m
2026-04-07T17:37:41.6089132Z [36;1mfi[0m
2026-04-07T17:37:41.6089609Z shell: bash -el {0}
2026-04-07T17:37:41.6089944Z ##[endgroup]
2026-04-07T17:37:41.6217650Z ##[group]Run '/home/runner/k8s/index.js'
2026-04-07T17:37:41.6218672Z shell: /home/runner/externals/node20/bin/node {0}
2026-04-07T17:37:41.6218972Z ##[endgroup]
2026-04-07T17:37:42.0507737Z (node:533) [DEP0005] DeprecationWarning: Buffer() is deprecated due to security and usability issues. Please use the Buffer.alloc(), Buffer.allocUnsafe(), or Buffer.from() methods instead.
2026-04-07T17:37:42.0509157Z (Use `node --trace-deprecation ...` to show where the warning was created)
2026-04-07T17:37:43.1481433Z ##[group]Run actions/checkout@v6
2026-04-07T17:37:43.1481741Z with:
2026-04-07T17:37:43.1482102Z   repository: vllm-project/vllm-ascend
2026-04-07T17:37:43.1482688Z   token: ***
2026-04-07T17:37:43.1482931Z   ssh-strict: true
2026-04-07T17:37:43.1483194Z   ssh-user: git
2026-04-07T17:37:43.1483426Z   persist-credentials: true
2026-04-07T17:37:43.1483650Z   clean: true
2026-04-07T17:37:43.1483866Z   sparse-checkout-cone-mode: true
2026-04-07T17:37:43.1484118Z   fetch-depth: 1
2026-04-07T17:37:43.1484312Z   fetch-tags: false
2026-04-07T17:37:43.1484535Z   show-progress: true
2026-04-07T17:37:43.1484737Z   lfs: false
2026-04-07T17:37:43.1484944Z   submodules: false
2026-04-07T17:37:43.1485169Z   set-safe-directory: true
2026-04-07T17:37:43.1485414Z ##[endgroup]
2026-04-07T17:37:43.1535293Z ##[group]Run '/home/runner/k8s/index.js'
2026-04-07T17:37:43.1536221Z shell: /home/runner/externals/node20/bin/node {0}
2026-04-07T17:37:43.1536517Z ##[endgroup]
2026-04-07T17:37:43.5831446Z (node:566) [DEP0005] DeprecationWarning: Buffer() is deprecated due to security and usability issues. Please use the Buffer.alloc(), Buffer.allocUnsafe(), or Buffer.from() methods instead.
2026-04-07T17:37:43.5832443Z (Use `node --trace-deprecation ...` to show where the warning was created)
2026-04-07T17:37:44.2113129Z Syncing repository: vllm-project/vllm-ascend
2026-04-07T17:37:44.2114461Z ##[group]Getting Git version info
2026-04-07T17:37:44.2114815Z Working directory is '/__w/vllm-ascend/vllm-ascend'
2026-04-07T17:37:44.2115309Z [command]/usr/bin/git version
2026-04-07T17:37:44.2115547Z git version 2.34.1
2026-04-07T17:37:44.2117088Z ##[endgroup]
2026-04-07T17:37:44.2121181Z Copying '/root/.gitconfig' to '/__w/_temp/c1587d19-32ed-4ec7-9a2d-7642ed3c0a32/.gitconfig'
2026-04-07T17:37:44.2121988Z Temporarily overriding HOME='/__w/_temp/c1587d19-32ed-4ec7-9a2d-7642ed3c0a32' before making global git config changes
2026-04-07T17:37:44.2122686Z Adding repository directory to the temporary git global config as a safe directory
2026-04-07T17:37:44.2123259Z [command]/usr/bin/git config --global --add safe.directory /__w/vllm-ascend/vllm-ascend
2026-04-07T17:37:44.2153574Z Deleting the contents of '/__w/vllm-ascend/vllm-ascend'
2026-04-07T17:37:44.2157782Z ##[group]Initializing the repository
2026-04-07T17:37:44.2161480Z [command]/usr/bin/git init /__w/vllm-ascend/vllm-ascend
2026-04-07T17:37:44.2287516Z hint: Using 'master' as the name for the initial branch. This default branch name
2026-04-07T17:37:44.2288059Z hint: is subject to change. To configure the initial branch name to use in all
2026-04-07T17:37:44.2288571Z hint: of your new repositories, which will suppress this warning, call:
2026-04-07T17:37:44.2288920Z hint: 
2026-04-07T17:37:44.2289203Z hint: 	git config --global init.defaultBranch <name>
2026-04-07T17:37:44.2289503Z hint: 
2026-04-07T17:37:44.2289790Z hint: Names commonly chosen instead of 'master' are 'main', 'trunk' and
2026-04-07T17:37:44.2290485Z hint: 'development'. The just-created branch can be renamed via this command:
2026-04-07T17:37:44.2290849Z hint: 
2026-04-07T17:37:44.2291125Z hint: 	git branch -m <name>
2026-04-07T17:37:44.2304516Z Initialized empty Git repository in /__w/vllm-ascend/vllm-ascend/.git/
2026-04-07T17:37:44.2313406Z [command]/usr/bin/git remote add origin https://github.com/vllm-project/vllm-ascend
2026-04-07T17:37:44.2365518Z ##[endgroup]
2026-04-07T17:37:44.2365872Z ##[group]Disabling automatic garbage collection
2026-04-07T17:37:44.2369120Z [command]/usr/bin/git config --local gc.auto 0
2026-04-07T17:37:44.2405003Z ##[endgroup]
2026-04-07T17:37:44.2406277Z ##[group]Setting up auth
2026-04-07T17:37:44.2406531Z Removing SSH command configuration
2026-04-07T17:37:44.2411339Z [command]/usr/bin/git config --local --name-only --get-regexp core\.sshCommand
2026-04-07T17:37:44.2440366Z [command]/usr/bin/git submodule foreach --recursive sh -c "git config --local --name-only --get-regexp 'core\.sshCommand' && git config --local --unset-all 'core.sshCommand' || :"
2026-04-07T17:37:44.2650470Z Removing HTTP extra header
2026-04-07T17:37:44.2653805Z [command]/usr/bin/git config --local --name-only --get-regexp http\.https\:\/\/github\.com\/\.extraheader
2026-04-07T17:37:44.2681366Z [command]/usr/bin/git submodule foreach --recursive sh -c "git config --local --name-only --get-regexp 'http\.https\:\/\/github\.com\/\.extraheader' && git config --local --unset-all 'http.https://github.com/.extraheader' || :"
2026-04-07T17:37:44.2898370Z Removing includeIf entries pointing to credentials config files
2026-04-07T17:37:44.2903419Z [command]/usr/bin/git config --local --name-only --get-regexp ^includeIf\.gitdir:
2026-04-07T17:37:44.2934125Z [command]/usr/bin/git submodule foreach --recursive git config --local --show-origin --name-only --get-regexp remote.origin.url
2026-04-07T17:37:44.3139976Z [command]/usr/bin/git config --file /__w/_temp/git-credentials-58944f80-b702-4211-b896-5f27c18fb3df.config http.https://github.com/.extraheader AUTHORIZATION: basic ***
2026-04-07T17:37:44.3176197Z [command]/usr/bin/git config --local includeIf.gitdir:/__w/vllm-ascend/vllm-ascend/.git.path /__w/_temp/git-credentials-58944f80-b702-4211-b896-5f27c18fb3df.config
2026-04-07T17:37:44.3203440Z [command]/usr/bin/git config --local includeIf.gitdir:/__w/vllm-ascend/vllm-ascend/.git/worktrees/*.path /__w/_temp/git-credentials-58944f80-b702-4211-b896-5f27c18fb3df.config
2026-04-07T17:37:44.3235050Z [command]/usr/bin/git config --local includeIf.gitdir:/github/workspace/.git.path /github/runner_temp/git-credentials-58944f80-b702-4211-b896-5f27c18fb3df.config
2026-04-07T17:37:44.3263919Z [command]/usr/bin/git config --local includeIf.gitdir:/github/workspace/.git/worktrees/*.path /github/runner_temp/git-credentials-58944f80-b702-4211-b896-5f27c18fb3df.config
2026-04-07T17:37:44.3288329Z ##[endgroup]
2026-04-07T17:37:44.3288668Z ##[group]Fetching the repository
2026-04-07T17:37:44.3297225Z [command]/usr/bin/git -c protocol.version=2 fetch --no-tags --prune --no-recurse-submodules --depth=1 origin +4cb23a688310f89ddd1c6e37fe898989a4998660:refs/remotes/origin/main
2026-04-07T17:37:46.9252824Z From https://gh-proxy.test.osinfra.cn/https://github.com/vllm-project/vllm-ascend
2026-04-07T17:37:46.9253438Z  * [new ref]         4cb23a688310f89ddd1c6e37fe898989a4998660 -> origin/main
2026-04-07T17:37:46.9276121Z [command]/usr/bin/git branch --list --remote origin/main
2026-04-07T17:37:46.9302357Z   origin/main
2026-04-07T17:37:46.9310729Z [command]/usr/bin/git rev-parse refs/remotes/origin/main
2026-04-07T17:37:46.9333934Z 4cb23a688310f89ddd1c6e37fe898989a4998660
2026-04-07T17:37:46.9338452Z ##[endgroup]
2026-04-07T17:37:46.9338798Z ##[group]Determining the checkout info
2026-04-07T17:37:46.9340962Z ##[endgroup]
2026-04-07T17:37:46.9344410Z [command]/usr/bin/git sparse-checkout disable
2026-04-07T17:37:46.9394958Z [command]/usr/bin/git config --local --unset-all extensions.worktreeConfig
2026-04-07T17:37:46.9422831Z ##[group]Checking out the ref
2026-04-07T17:37:46.9426718Z [command]/usr/bin/git checkout --progress --force -B main refs/remotes/origin/main
2026-04-07T17:37:47.0540412Z Switched to a new branch 'main'
2026-04-07T17:37:47.0540765Z Branch 'main' set up to track remote branch 'main' from 'origin'.
2026-04-07T17:37:47.0541613Z ##[endgroup]
2026-04-07T17:37:47.0585883Z [command]/usr/bin/git log -1 --format=%H
2026-04-07T17:37:47.0609276Z 4cb23a688310f89ddd1c6e37fe898989a4998660
2026-04-07T17:37:47.5068372Z ##[group]Run # Derive a unique, valid k8s resource name from config_file_path.
2026-04-07T17:37:47.5068930Z [36;1m# Derive a unique, valid k8s resource name from config_file_path.[0m
2026-04-07T17:37:47.5069452Z [36;1m# Append 6-char random suffix to avoid conflicts; total length capped at 63 chars.[0m
2026-04-07T17:37:47.5070037Z [36;1m[0m
2026-04-07T17:37:47.5070485Z [36;1mconfig_file="DeepSeek-V3_2-W8A8-A3-dual-nodes.yaml"[0m
2026-04-07T17:37:47.5071030Z [36;1mlws_suffix=$(echo "$config_file" | sed 's/\.yaml$//' | tr '[:upper:]' '[:lower:]' | tr '._' '-' | cut -c1-43)[0m
2026-04-07T17:37:47.5071778Z [36;1mrand_suffix=$(tr -d '-' < /proc/sys/kernel/random/uuid | cut -c1-6)[0m
2026-04-07T17:37:47.5072194Z [36;1mLWS_NAME="vllm-${lws_suffix}-${rand_suffix}"[0m
2026-04-07T17:37:47.5072505Z [36;1m[0m
2026-04-07T17:37:47.5072678Z [36;1m{[0m
2026-04-07T17:37:47.5072894Z [36;1m  echo "LWS_NAME=${LWS_NAME}"[0m
2026-04-07T17:37:47.5073244Z [36;1m  echo "LEADER_POD=${LWS_NAME}-0"[0m
2026-04-07T17:37:47.5073578Z [36;1m  echo "LOG_PREFIX=/root/.cache/ascend-logs/${LWS_NAME}"[0m
2026-04-07T17:37:47.5073904Z [36;1m} >> $GITHUB_ENV[0m
2026-04-07T17:37:47.5074273Z shell: bash -el {0}
2026-04-07T17:37:47.5074468Z ##[endgroup]
2026-04-07T17:37:47.5171804Z ##[group]Run '/home/runner/k8s/index.js'
2026-04-07T17:37:47.5172705Z shell: /home/runner/externals/node20/bin/node {0}
2026-04-07T17:37:47.5173000Z ##[endgroup]
2026-04-07T17:37:47.9470235Z (node:608) [DEP0005] DeprecationWarning: Buffer() is deprecated due to security and usability issues. Please use the Buffer.alloc(), Buffer.allocUnsafe(), or Buffer.from() methods instead.
2026-04-07T17:37:47.9471278Z (Use `node --trace-deprecation ...` to show where the warning was created)
2026-04-07T17:37:48.9646866Z ##[group]Run install -D tests/e2e/nightly/multi_node/scripts/run.sh /root/.cache/tests/run.sh
2026-04-07T17:37:48.9647515Z [36;1minstall -D tests/e2e/nightly/multi_node/scripts/run.sh /root/.cache/tests/run.sh[0m
2026-04-07T17:37:48.9648056Z shell: bash -el {0}
2026-04-07T17:37:48.9648243Z env:
2026-04-07T17:37:48.9648498Z   LWS_NAME: vllm-deepseek-v3-2-w8a8-a3-dual-nodes-c05afd
2026-04-07T17:37:48.9648902Z   LEADER_POD: vllm-deepseek-v3-2-w8a8-a3-dual-nodes-c05afd-0
2026-04-07T17:37:48.9649396Z   LOG_PREFIX: /root/.cache/ascend-logs/vllm-deepseek-v3-2-w8a8-a3-dual-nodes-c05afd
2026-04-07T17:37:48.9649799Z ##[endgroup]
2026-04-07T17:37:48.9788605Z ##[group]Run '/home/runner/k8s/index.js'
2026-04-07T17:37:48.9789468Z shell: /home/runner/externals/node20/bin/node {0}
2026-04-07T17:37:48.9789749Z ##[endgroup]
2026-04-07T17:37:49.4074256Z (node:663) [DEP0005] DeprecationWarning: Buffer() is deprecated due to security and usability issues. Please use the Buffer.alloc(), Buffer.allocUnsafe(), or Buffer.from() methods instead.
2026-04-07T17:37:49.4075220Z (Use `node --trace-deprecation ...` to show where the warning was created)
2026-04-07T17:37:50.4597602Z ##[group]Run set -euo pipefail
2026-04-07T17:37:50.4597938Z [36;1mset -euo pipefail[0m
2026-04-07T17:37:50.4598177Z [36;1mTIMEOUT=120[0m
2026-04-07T17:37:50.4598390Z [36;1mSLEEP_INTERVAL=2[0m
2026-04-07T17:37:50.4598597Z [36;1m[0m
2026-04-07T17:37:50.4598762Z [36;1m[0m
2026-04-07T17:37:50.4599083Z [36;1mecho "Deleting leaderworkerset [$LWS_NAME] in namespace [$NAMESPACE]..."[0m
2026-04-07T17:37:50.4599639Z [36;1mkubectl delete leaderworkerset "$LWS_NAME" -n "$NAMESPACE" --ignore-not-found[0m
2026-04-07T17:37:50.4600434Z [36;1mkubectl delete service "${LWS_NAME}-leader" -n "$NAMESPACE" --ignore-not-found[0m
2026-04-07T17:37:50.4600831Z [36;1m[0m
2026-04-07T17:37:50.4601130Z [36;1mecho "Waiting for pods of leaderworkerset [$LWS_NAME] to be deleted..."[0m
2026-04-07T17:37:50.4601594Z [36;1mSTART_TIME=$(date +%s)[0m
2026-04-07T17:37:50.4601839Z [36;1mwhile true; do[0m
2026-04-07T17:37:50.4602092Z [36;1m  ELAPSED=$(( $(date +%s) - START_TIME ))[0m
2026-04-07T17:37:50.4602442Z [36;1m  if [[ $ELAPSED -ge $TIMEOUT ]]; then[0m
2026-04-07T17:37:50.4602819Z [36;1m    echo "Timeout reached ($TIMEOUT seconds), some pods still exist:"[0m
2026-04-07T17:37:50.4603279Z [36;1m    kubectl get pods -n "$NAMESPACE" | grep "^${LWS_NAME}-" || true[0m
2026-04-07T17:37:50.4603622Z [36;1m    exit 1[0m
2026-04-07T17:37:50.4603809Z [36;1m  fi[0m
2026-04-07T17:37:50.4604207Z [36;1m  PODS_EXIST=$(kubectl get pods -n "$NAMESPACE" -o jsonpath='{.items[*].metadata.name}' 2>/dev/null \[0m
2026-04-07T17:37:50.4604872Z [36;1m    | tr ' ' '\n' | grep "^${LWS_NAME}-" || true)[0m
2026-04-07T17:37:50.4605176Z [36;1m  if [[ -z "$PODS_EXIST" ]]; then[0m
2026-04-07T17:37:50.4605474Z [36;1m    echo "All pods for [$LWS_NAME] deleted."[0m
2026-04-07T17:37:50.4605759Z [36;1m    break[0m
2026-04-07T17:37:50.4605945Z [36;1m  fi[0m
2026-04-07T17:37:50.4606201Z [36;1m  echo "Waiting for pods to be deleted: $PODS_EXIST"[0m
2026-04-07T17:37:50.4606518Z [36;1m  sleep $SLEEP_INTERVAL[0m
2026-04-07T17:37:50.4606757Z [36;1mdone[0m
2026-04-07T17:37:50.4607215Z shell: bash -el {0}
2026-04-07T17:37:50.4607402Z env:
2026-04-07T17:37:50.4607667Z   LWS_NAME: vllm-deepseek-v3-2-w8a8-a3-dual-nodes-c05afd
2026-04-07T17:37:50.4608071Z   LEADER_POD: vllm-deepseek-v3-2-w8a8-a3-dual-nodes-c05afd-0
2026-04-07T17:37:50.4608548Z   LOG_PREFIX: /root/.cache/ascend-logs/vllm-deepseek-v3-2-w8a8-a3-dual-nodes-c05afd
2026-04-07T17:37:50.4608955Z ##[endgroup]
2026-04-07T17:37:50.4688018Z ##[group]Run '/home/runner/k8s/index.js'
2026-04-07T17:37:50.4689068Z shell: /home/runner/externals/node20/bin/node {0}
2026-04-07T17:37:50.4689365Z ##[endgroup]
2026-04-07T17:37:50.8950685Z (node:729) [DEP0005] DeprecationWarning: Buffer() is deprecated due to security and usability issues. Please use the Buffer.alloc(), Buffer.allocUnsafe(), or Buffer.from() methods instead.
2026-04-07T17:37:50.8951753Z (Use `node --trace-deprecation ...` to show where the warning was created)
2026-04-07T17:37:51.5046903Z Deleting leaderworkerset [vllm-deepseek-v3-2-w8a8-a3-dual-nodes-c05afd] in namespace [vllm-project]...
2026-04-07T17:37:51.6447382Z Waiting for pods of leaderworkerset [vllm-deepseek-v3-2-w8a8-a3-dual-nodes-c05afd] to be deleted...
2026-04-07T17:37:51.7289657Z All pods for [vllm-deepseek-v3-2-w8a8-a3-dual-nodes-c05afd] deleted.
2026-04-07T17:37:52.1678139Z ##[group]Run set -euo pipefail
2026-04-07T17:37:52.1678473Z [36;1mset -euo pipefail[0m
2026-04-07T17:37:52.1678707Z [36;1m[0m
2026-04-07T17:37:52.1678889Z [36;1msize="2"[0m
2026-04-07T17:37:52.1679103Z [36;1mreplicas="1"[0m
2026-04-07T17:37:52.1679620Z [36;1mimage="swr.cn-southwest-2.myhuaweicloud.com/base_image/ascend-ci/vllm-ascend:nightly-ci-releases-v0.18.0-a3"[0m
2026-04-07T17:37:52.1680497Z [36;1mconfig_file_path="DeepSeek-V3_2-W8A8-A3-dual-nodes.yaml"[0m
2026-04-07T17:37:52.1680937Z [36;1mfail_tag="FAIL_TAG_DeepSeek-V3_2-W8A8-A3-dual-nodes.yaml"[0m
2026-04-07T17:37:52.1681289Z [36;1mis_pr_test="false"[0m
2026-04-07T17:37:52.1681633Z [36;1mvllm_version="v0.18.0"[0m
2026-04-07T17:37:52.1681968Z [36;1mvllm_ascend_ref="4cb23a688310f89ddd1c6e37fe898989a4998660"[0m
2026-04-07T17:37:52.1682455Z [36;1mvllm_ascend_remote_url="https://github.com/vllm-project/vllm-ascend.git"[0m
2026-04-07T17:37:52.1682855Z [36;1mrunner="a3"[0m
2026-04-07T17:37:52.1683144Z [36;1mecho "FAIL_TAG=${fail_tag}" >> $GITHUB_ENV[0m
2026-04-07T17:37:52.1683416Z [36;1m[0m
2026-04-07T17:37:52.1683598Z [36;1mif [ "a3" = "a3" ]; then[0m
2026-04-07T17:37:52.1683836Z [36;1m  npu_per_node=16[0m
2026-04-07T17:37:52.1684118Z [36;1m  pvc_name=nv-action-vllm-benchmarks-v2[0m
2026-04-07T17:37:52.1684401Z [36;1melse[0m
2026-04-07T17:37:52.1684591Z [36;1m  npu_per_node=8[0m
2026-04-07T17:37:52.1684849Z [36;1m  pvc_name=vllm-project-hk001[0m
2026-04-07T17:37:52.1685106Z [36;1mfi[0m
2026-04-07T17:37:52.1685274Z [36;1m[0m
2026-04-07T17:37:52.1685513Z [36;1mbenchmark_job_name="multi-node-dpsk3.2-2node"[0m
2026-04-07T17:37:52.1685836Z [36;1mif [ -z "$benchmark_job_name" ]; then[0m
2026-04-07T17:37:52.1686162Z [36;1m  benchmark_job_name="${config_file_path%.yaml}"[0m
2026-04-07T17:37:52.1686450Z [36;1mfi[0m
2026-04-07T17:37:52.1686614Z [36;1m[0m
2026-04-07T17:37:52.1686896Z [36;1mjinja2 tests/e2e/nightly/multi_node/scripts/lws.yaml.jinja2 \[0m
2026-04-07T17:37:52.1687269Z [36;1m  -D lws_name="$LWS_NAME" \[0m
2026-04-07T17:37:52.1687530Z [36;1m  -D log_prefix="$LOG_PREFIX" \[0m
2026-04-07T17:37:52.1687789Z [36;1m  -D size="$size" \[0m
2026-04-07T17:37:52.1688027Z [36;1m  -D replicas="$replicas" \[0m
2026-04-07T17:37:52.1688468Z [36;1m  -D image="$image" \[0m
2026-04-07T17:37:52.1688747Z [36;1m  -D config_file_path="$config_file_path" \[0m
2026-04-07T17:37:52.1689067Z [36;1m  -D npu_per_node="$npu_per_node" \[0m
2026-04-07T17:37:52.1689339Z [36;1m  -D fail_tag="$fail_tag" \[0m
2026-04-07T17:37:52.1689602Z [36;1m  -D is_pr_test="$is_pr_test" \[0m
2026-04-07T17:37:52.1690001Z [36;1m  -D vllm_version="$vllm_version" \[0m
2026-04-07T17:37:52.1690330Z [36;1m  -D vllm_ascend_ref="$vllm_ascend_ref" \[0m
2026-04-07T17:37:52.1690691Z [36;1m  -D vllm_ascend_remote_url="$vllm_ascend_remote_url" \[0m
2026-04-07T17:37:52.1691008Z [36;1m  -D pvc_name="$pvc_name" \[0m
2026-04-07T17:37:52.1691310Z [36;1m  -D benchmark_job_name="$benchmark_job_name" \[0m
2026-04-07T17:37:52.1691713Z [36;1m  -D runner="$runner" \[0m
2026-04-07T17:37:52.1691955Z [36;1m  --outfile lws.yaml[0m
2026-04-07T17:37:52.1692184Z [36;1m[0m
2026-04-07T17:37:52.1692380Z [36;1mkubectl apply -f ./lws.yaml[0m
2026-04-07T17:37:52.1692748Z shell: bash -el {0}
2026-04-07T17:37:52.1692949Z env:
2026-04-07T17:37:52.1693198Z   LWS_NAME: vllm-deepseek-v3-2-w8a8-a3-dual-nodes-c05afd
2026-04-07T17:37:52.1693602Z   LEADER_POD: vllm-deepseek-v3-2-w8a8-a3-dual-nodes-c05afd-0
2026-04-07T17:37:52.1694090Z   LOG_PREFIX: /root/.cache/ascend-logs/vllm-deepseek-v3-2-w8a8-a3-dual-nodes-c05afd
2026-04-07T17:37:52.1694493Z ##[endgroup]
2026-04-07T17:37:52.1790428Z ##[group]Run '/home/runner/k8s/index.js'
2026-04-07T17:37:52.1791319Z shell: /home/runner/externals/node20/bin/node {0}
2026-04-07T17:37:52.1791708Z ##[endgroup]
2026-04-07T17:37:52.6076556Z (node:807) [DEP0005] DeprecationWarning: Buffer() is deprecated due to security and usability issues. Please use the Buffer.alloc(), Buffer.allocUnsafe(), or Buffer.from() methods instead.
2026-04-07T17:37:52.6077521Z (Use `node --trace-deprecation ...` to show where the warning was created)
2026-04-07T17:37:53.7484807Z leaderworkerset.leaderworkerset.x-k8s.io/vllm-deepseek-v3-2-w8a8-a3-dual-nodes-c05afd created
2026-04-07T17:37:53.7726407Z service/vllm-deepseek-v3-2-w8a8-a3-dual-nodes-c05afd-leader created
2026-04-07T17:37:54.2421822Z ##[group]Run set -euo pipefail
2026-04-07T17:37:54.2422160Z [36;1mset -euo pipefail[0m
2026-04-07T17:37:54.2422384Z [36;1mSIZE="2"[0m
2026-04-07T17:37:54.2422576Z [36;1mTIMEOUT=1200[0m
2026-04-07T17:37:54.2422779Z [36;1m[0m
2026-04-07T17:37:54.2423118Z [36;1mecho "Waiting for all pods to become Running and Ready (timeout ${TIMEOUT}s)..."[0m
2026-04-07T17:37:54.2423537Z [36;1mSTART_TIME=$(date +%s)[0m
2026-04-07T17:37:54.2423780Z [36;1mwhile true; do[0m
2026-04-07T17:37:54.2424034Z [36;1m  ELAPSED=$(( $(date +%s) - START_TIME ))[0m
2026-04-07T17:37:54.2424406Z [36;1m  if [[ $ELAPSED -ge $TIMEOUT ]]; then[0m
2026-04-07T17:37:54.2424800Z [36;1m    echo "Timeout reached after ${ELAPSED}s, dumping pod status:"[0m
2026-04-07T17:37:54.2425173Z [36;1m    kubectl get pods -n "$NAMESPACE"[0m
2026-04-07T17:37:54.2425513Z [36;1m    kubectl describe pod "$LEADER_POD" -n "$NAMESPACE"[0m
2026-04-07T17:37:54.2425839Z [36;1m    exit 1[0m
2026-04-07T17:37:54.2426064Z [36;1m  fi[0m
2026-04-07T17:37:54.2426236Z [36;1m[0m
2026-04-07T17:37:54.2426418Z [36;1m  ALL_READY=true[0m
2026-04-07T17:37:54.2426647Z [36;1m  for ((i=1; i<SIZE; i++)); do[0m
2026-04-07T17:37:54.2426903Z [36;1m    POD="${LWS_NAME}-0-${i}"[0m
2026-04-07T17:37:54.2427396Z [36;1m    PHASE=$(kubectl get pod "$POD" -n "$NAMESPACE" -o jsonpath='{.status.phase}' 2>/dev/null || echo "NotFound")[0m
2026-04-07T17:37:54.2428130Z [36;1m    READY=$(kubectl get pod "$POD" -n "$NAMESPACE" -o jsonpath='{.status.containerStatuses[*].ready}' 2>/dev/null)[0m
2026-04-07T17:37:54.2428679Z [36;1m    echo "Worker [$POD] phase=$PHASE ready=$READY"[0m
2026-04-07T17:37:54.2429051Z [36;1m    if [[ "$PHASE" != "Running" || "$READY" != "true" ]]; then[0m
2026-04-07T17:37:54.2429375Z [36;1m      ALL_READY=false[0m
2026-04-07T17:37:54.2429595Z [36;1m      break[0m
2026-04-07T17:37:54.2430142Z [36;1m    fi[0m
2026-04-07T17:37:54.2430339Z [36;1m  done[0m
2026-04-07T17:37:54.2430513Z [36;1m[0m
2026-04-07T17:37:54.2430984Z [36;1m  LEADER_PHASE=$(kubectl get pod "$LEADER_POD" -n "$NAMESPACE" -o jsonpath='{.status.phase}' 2>/dev/null || echo "NotFound")[0m
2026-04-07T17:37:54.2431855Z [36;1m  LEADER_READY=$(kubectl get pod "$LEADER_POD" -n "$NAMESPACE" -o jsonpath='{.status.containerStatuses[*].ready}' 2>/dev/null)[0m
2026-04-07T17:37:54.2432503Z [36;1m  echo "Leader [$LEADER_POD] phase=$LEADER_PHASE ready=$LEADER_READY"[0m
2026-04-07T17:37:54.2432969Z [36;1m  if [[ "$LEADER_PHASE" != "Running" || "$LEADER_READY" != "true" ]]; then[0m
2026-04-07T17:37:54.2433329Z [36;1m    ALL_READY=false[0m
2026-04-07T17:37:54.2433546Z [36;1m  fi[0m
2026-04-07T17:37:54.2433725Z [36;1m[0m
2026-04-07T17:37:54.2433915Z [36;1m  if [[ "$ALL_READY" == "true" ]]; then[0m
2026-04-07T17:37:54.2434228Z [36;1m    echo "All pods are Running and Ready."[0m
2026-04-07T17:37:54.2434504Z [36;1m    break[0m
2026-04-07T17:37:54.2434691Z [36;1m  fi[0m
2026-04-07T17:37:54.2434874Z [36;1m  sleep 2[0m
2026-04-07T17:37:54.2435073Z [36;1mdone[0m
2026-04-07T17:37:54.2435538Z shell: bash -el {0}
2026-04-07T17:37:54.2435736Z env:
2026-04-07T17:37:54.2435991Z   LWS_NAME: vllm-deepseek-v3-2-w8a8-a3-dual-nodes-c05afd
2026-04-07T17:37:54.2436397Z   LEADER_POD: vllm-deepseek-v3-2-w8a8-a3-dual-nodes-c05afd-0
2026-04-07T17:37:54.2436893Z   LOG_PREFIX: /root/.cache/ascend-logs/vllm-deepseek-v3-2-w8a8-a3-dual-nodes-c05afd
2026-04-07T17:37:54.2437363Z   FAIL_TAG: FAIL_TAG_DeepSeek-V3_2-W8A8-A3-dual-nodes.yaml
2026-04-07T17:37:54.2437667Z ##[endgroup]
2026-04-07T17:37:54.2537652Z ##[group]Run '/home/runner/k8s/index.js'
2026-04-07T17:37:54.2538741Z shell: /home/runner/externals/node20/bin/node {0}
2026-04-07T17:37:54.2539095Z ##[endgroup]
2026-04-07T17:37:54.6767571Z (node:897) [DEP0005] DeprecationWarning: Buffer() is deprecated due to security and usability issues. Please use the Buffer.alloc(), Buffer.allocUnsafe(), or Buffer.from() methods instead.
2026-04-07T17:37:54.6768634Z (Use `node --trace-deprecation ...` to show where the warning was created)
2026-04-07T17:37:55.2673629Z Waiting for all pods to become Running and Ready (timeout 1200s)...
2026-04-07T17:37:55.3972582Z Worker [vllm-deepseek-v3-2-w8a8-a3-dual-nodes-c05afd-0-1] phase=Pending ready=
2026-04-07T17:37:55.5345626Z Leader [vllm-deepseek-v3-2-w8a8-a3-dual-nodes-c05afd-0] phase=Pending ready=
2026-04-07T17:37:57.6598313Z Worker [vllm-deepseek-v3-2-w8a8-a3-dual-nodes-c05afd-0-1] phase=Pending ready=
2026-04-07T17:37:57.7748917Z Leader [vllm-deepseek-v3-2-w8a8-a3-dual-nodes-c05afd-0] phase=Pending ready=
2026-04-07T17:37:59.8982026Z Worker [vllm-deepseek-v3-2-w8a8-a3-dual-nodes-c05afd-0-1] phase=Pending ready=
2026-04-07T17:38:00.0240149Z Leader [vllm-deepseek-v3-2-w8a8-a3-dual-nodes-c05afd-0] phase=Pending ready=
2026-04-07T17:38:02.1570943Z Worker [vllm-deepseek-v3-2-w8a8-a3-dual-nodes-c05afd-0-1] phase=Pending ready=
2026-04-07T17:38:02.2774122Z Leader [vllm-deepseek-v3-2-w8a8-a3-dual-nodes-c05afd-0] phase=Pending ready=
2026-04-07T17:38:04.4151672Z Worker [vllm-deepseek-v3-2-w8a8-a3-dual-nodes-c05afd-0-1] phase=Pending ready=
2026-04-07T17:38:04.5368934Z Leader [vllm-deepseek-v3-2-w8a8-a3-dual-nodes-c05afd-0] phase=Pending ready=
2026-04-07T17:38:06.6744802Z Worker [vllm-deepseek-v3-2-w8a8-a3-dual-nodes-c05afd-0-1] phase=Pending ready=false
2026-04-07T17:38:06.8183302Z Leader [vllm-deepseek-v3-2-w8a8-a3-dual-nodes-c05afd-0] phase=Pending ready=false
2026-04-07T17:38:08.9515681Z Worker [vllm-deepseek-v3-2-w8a8-a3-dual-nodes-c05afd-0-1] phase=Running ready=true
2026-04-07T17:38:09.0847112Z Leader [vllm-deepseek-v3-2-w8a8-a3-dual-nodes-c05afd-0] phase=Running ready=true
2026-04-07T17:38:09.0847720Z All pods are Running and Ready.
2026-04-07T17:38:09.5924178Z ##[group]Run set -euo pipefail
2026-04-07T17:38:09.5924640Z [36;1mset -euo pipefail[0m
2026-04-07T17:38:09.5924935Z [36;1m[0m
2026-04-07T17:38:09.5925209Z [36;1msize="2"[0m
2026-04-07T17:38:09.5925581Z [36;1mpids=()[0m
2026-04-07T17:38:09.5925882Z [36;1m[0m
2026-04-07T17:38:09.5926145Z [36;1mcleanup() {[0m
2026-04-07T17:38:09.5926446Z [36;1m  echo "Cleaning up background log streams..."[0m
2026-04-07T17:38:09.5926920Z [36;1m  for pid in "${pids[@]}"; do[0m
2026-04-07T17:38:09.5927282Z [36;1m    kill "$pid" 2>/dev/null || true[0m
2026-04-07T17:38:09.5927579Z [36;1m  done[0m
2026-04-07T17:38:09.5927868Z [36;1m}[0m
2026-04-07T17:38:09.5928144Z [36;1mtrap cleanup EXIT[0m
2026-04-07T17:38:09.5928422Z [36;1m[0m
2026-04-07T17:38:09.5928725Z [36;1mfor i in $(seq 0 $((size - 1))); do[0m
2026-04-07T17:38:09.5929051Z [36;1m  if [ "${i}" -eq 0 ]; then[0m
2026-04-07T17:38:09.5929378Z [36;1m    POD="${LWS_NAME}-0"[0m
2026-04-07T17:38:09.5929801Z [36;1m  else[0m
2026-04-07T17:38:09.5930281Z [36;1m    POD="${LWS_NAME}-0-${i}"[0m
2026-04-07T17:38:09.5930621Z [36;1m  fi[0m
2026-04-07T17:38:09.5930983Z [36;1m  echo "==== Collecting logs from worker pod: $POD ===="[0m
2026-04-07T17:38:09.5931466Z [36;1m  kubectl logs -f "$POD" -n "$NAMESPACE" \[0m
2026-04-07T17:38:09.5931865Z [36;1m    > "/tmp/${POD}_logs.txt" 2>&1 &[0m
2026-04-07T17:38:09.5932164Z [36;1m[0m
2026-04-07T17:38:09.5932485Z [36;1m  pids+=($!)[0m
2026-04-07T17:38:09.5932776Z [36;1mdone[0m
2026-04-07T17:38:09.5932998Z [36;1m[0m
2026-04-07T17:38:09.5933403Z [36;1mkubectl logs -f "$LEADER_POD" -n "$NAMESPACE" | while IFS= read -r line; do[0m
2026-04-07T17:38:09.5933894Z [36;1m  echo "$line"[0m
2026-04-07T17:38:09.5934217Z [36;1m  if echo "$line" | grep -q "$FAIL_TAG"; then[0m
2026-04-07T17:38:09.5934585Z [36;1m    exit 1[0m
2026-04-07T17:38:09.5934915Z [36;1m  fi[0m
2026-04-07T17:38:09.5935147Z [36;1mdone[0m
2026-04-07T17:38:09.5935519Z shell: bash -el {0}
2026-04-07T17:38:09.5935764Z env:
2026-04-07T17:38:09.5936127Z   LWS_NAME: vllm-deepseek-v3-2-w8a8-a3-dual-nodes-c05afd
2026-04-07T17:38:09.5936609Z   LEADER_POD: vllm-deepseek-v3-2-w8a8-a3-dual-nodes-c05afd-0
2026-04-07T17:38:09.5937142Z   LOG_PREFIX: /root/.cache/ascend-logs/vllm-deepseek-v3-2-w8a8-a3-dual-nodes-c05afd
2026-04-07T17:38:09.5937732Z   FAIL_TAG: FAIL_TAG_DeepSeek-V3_2-W8A8-A3-dual-nodes.yaml
2026-04-07T17:38:09.5938118Z ##[endgroup]
2026-04-07T17:38:09.6048943Z ##[group]Run '/home/runner/k8s/index.js'
2026-04-07T17:38:09.6050196Z shell: /home/runner/externals/node20/bin/node {0}
2026-04-07T17:38:09.6050601Z ##[endgroup]
2026-04-07T17:38:10.0347454Z (node:1002) [DEP0005] DeprecationWarning: Buffer() is deprecated due to security and usability issues. Please use the Buffer.alloc(), Buffer.allocUnsafe(), or Buffer.from() methods instead.
2026-04-07T17:38:10.0348485Z (Use `node --trace-deprecation ...` to show where the warning was created)
2026-04-07T17:38:10.6516318Z ==== Collecting logs from worker pod: vllm-deepseek-v3-2-w8a8-a3-dual-nodes-c05afd-0 ====
2026-04-07T17:38:10.6517124Z ==== Collecting logs from worker pod: vllm-deepseek-v3-2-w8a8-a3-dual-nodes-c05afd-0-1 ====
2026-04-07T17:38:18.7869544Z ====> Check NPU info
2026-04-07T17:38:20.2466478Z +------------------------------------------------------------------------------------------------+
2026-04-07T17:38:20.2480794Z | npu-smi 25.5.0                   Version: 25.5.0                                               |
2026-04-07T17:38:20.2492513Z +---------------------------+---------------+----------------------------------------------------+
2026-04-07T17:38:20.2504310Z | NPU   Name                | Health        | Power(W)    Temp(C)           Hugepages-Usage(page)|
2026-04-07T17:38:20.2516170Z | Chip  Phy-ID              | Bus-Id        | AICore(%)   Memory-Usage(MB)  HBM-Usage(MB)        |
2026-04-07T17:38:20.2529409Z +===========================+===============+====================================================+
2026-04-07T17:38:20.2541144Z | 0     Ascend910           | OK            | 162.5       36                0    / 0             |
2026-04-07T17:38:20.2551480Z | 0     0                   | 0000:9D:00.0  | 0           0    / 0          3159 / 65536         |
2026-04-07T17:38:20.2564308Z +------------------------------------------------------------------------------------------------+
2026-04-07T17:38:20.2575317Z | 0     Ascend910           | OK            | -           36                0    / 0             |
2026-04-07T17:38:20.2585794Z | 1     1                   | 0000:9F:00.0  | 0           0    / 0          2894 / 65536         |
2026-04-07T17:38:20.2595988Z +===========================+===============+====================================================+
2026-04-07T17:38:20.2607435Z | 1     Ascend910           | OK            | 164.0       35                0    / 0             |
2026-04-07T17:38:20.2619130Z | 0     2                   | 0000:99:00.0  | 0           0    / 0          3154 / 65536         |
2026-04-07T17:38:20.2634644Z +------------------------------------------------------------------------------------------------+
2026-04-07T17:38:20.2646081Z | 1     Ascend910           | OK            | -           37                0    / 0             |
2026-04-07T17:38:20.2658989Z | 1     3                   | 0000:9B:00.0  | 0           0    / 0          2894 / 65536         |
2026-04-07T17:38:20.2669068Z +===========================+===============+====================================================+
2026-04-07T17:38:20.2749990Z | 2     Ascend910           | OK            | 161.6       36                0    / 0             |
2026-04-07T17:38:20.2750488Z | 0     4                   | 0000:95:00.0  | 0           0    / 0          3167 / 65536         |
2026-04-07T17:38:20.2750949Z +------------------------------------------------------------------------------------------------+
2026-04-07T17:38:20.2751451Z | 2     Ascend910           | OK            | -           36                0    / 0             |
2026-04-07T17:38:20.2751885Z | 1     5                   | 0000:97:00.0  | 0           0    / 0          2897 / 65536         |
2026-04-07T17:38:20.2752258Z +===========================+===============+====================================================+
2026-04-07T17:38:20.2752664Z | 3     Ascend910           | OK            | 168.1       37                0    / 0             |
2026-04-07T17:38:20.2759370Z | 0     6                   | 0000:91:00.0  | 0           0    / 0          3171 / 65536         |
2026-04-07T17:38:20.2769716Z +------------------------------------------------------------------------------------------------+
2026-04-07T17:38:20.2781456Z | 3     Ascend910           | OK            | -           36                0    / 0             |
2026-04-07T17:38:20.2793106Z | 1     7                   | 0000:93:00.0  | 0           0    / 0          2883 / 65536         |
2026-04-07T17:38:20.2803809Z +===========================+===============+====================================================+
2026-04-07T17:38:20.2814512Z | 4     Ascend910           | OK            | 160.7       37                0    / 0             |
2026-04-07T17:38:20.2825667Z | 0     8                   | 0000:8D:00.0  | 0           0    / 0          3168 / 65536         |
2026-04-07T17:38:20.2836639Z +------------------------------------------------------------------------------------------------+
2026-04-07T17:38:20.2848096Z | 4     Ascend910           | OK            | -           36                0    / 0             |
2026-04-07T17:38:20.2860563Z | 1     9                   | 0000:8F:00.0  | 0           0    / 0          2881 / 65536         |
2026-04-07T17:38:20.2870783Z +===========================+===============+====================================================+
2026-04-07T17:38:20.2925416Z | 5     Ascend910           | OK            | 161.5       36                0    / 0             |
2026-04-07T17:38:20.2925865Z | 0     10                  | 0000:89:00.0  | 0           0    / 0          3169 / 65536         |
2026-04-07T17:38:20.2926562Z +------------------------------------------------------------------------------------------------+
2026-04-07T17:38:20.2927078Z | 5     Ascend910           | OK            | -           37                0    / 0             |
2026-04-07T17:38:20.2927580Z | 1     11                  | 0000:8B:00.0  | 0           0    / 0          2887 / 65536         |
2026-04-07T17:38:20.5485656Z +===========================+===============+====================================================+
2026-04-07T17:38:20.5498448Z | 6     Ascend910           | OK            | 158.2       35                0    / 0             |
2026-04-07T17:38:20.5509496Z | 0     12                  | 0000:85:00.0  | 0           0    / 0          3162 / 65536         |
2026-04-07T17:38:20.5520703Z +------------------------------------------------------------------------------------------------+
2026-04-07T17:38:20.5531626Z | 6     Ascend910           | OK            | -           36                0    / 0             |
2026-04-07T17:38:20.5543648Z | 1     13                  | 0000:87:00.0  | 0           0    / 0          2881 / 65536         |
2026-04-07T17:38:20.5555187Z +===========================+===============+====================================================+
2026-04-07T17:38:20.5566520Z | 7     Ascend910           | OK            | 168.2       36                0    / 0             |
2026-04-07T17:38:20.5577581Z | 0     14                  | 0000:81:00.0  | 0           0    / 0          3157 / 65536         |
2026-04-07T17:38:20.5588457Z +------------------------------------------------------------------------------------------------+
2026-04-07T17:38:20.5599735Z | 7     Ascend910           | OK            | -           39                0    / 0             |
2026-04-07T17:38:20.5611428Z | 1     15                  | 0000:83:00.0  | 0           0    / 0          2881 / 65536         |
2026-04-07T17:38:20.5622507Z +===========================+===============+====================================================+
2026-04-07T17:38:20.5633729Z +---------------------------+---------------+----------------------------------------------------+
2026-04-07T17:38:20.5644254Z | NPU     Chip              | Process id    | Process name             | Process memory(MB)      |
2026-04-07T17:38:20.5655301Z +===========================+===============+====================================================+
2026-04-07T17:38:20.5666466Z | No running processes found in NPU 0                                                            |
2026-04-07T17:38:20.5678069Z +===========================+===============+====================================================+
2026-04-07T17:38:20.5689010Z | No running processes found in NPU 1                                                            |
2026-04-07T17:38:20.5700413Z +===========================+===============+====================================================+
2026-04-07T17:38:20.5711524Z | No running processes found in NPU 2                                                            |
2026-04-07T17:38:20.5722957Z +===========================+===============+====================================================+
2026-04-07T17:38:20.5733224Z | No running processes found in NPU 3                                                            |
2026-04-07T17:38:20.5744751Z +===========================+===============+====================================================+
2026-04-07T17:38:20.5756202Z | No running processes found in NPU 4                                                            |
2026-04-07T17:38:20.5767096Z +===========================+===============+====================================================+
2026-04-07T17:38:20.5779365Z | No running processes found in NPU 5                                                            |
2026-04-07T17:38:20.5790224Z +===========================+===============+====================================================+
2026-04-07T17:38:20.5801130Z | No running processes found in NPU 6                                                            |
2026-04-07T17:38:20.5813387Z +===========================+===============+====================================================+
2026-04-07T17:38:20.5824405Z | No running processes found in NPU 7                                                            |
2026-04-07T17:38:20.5835729Z +===========================+===============+====================================================+
2026-04-07T17:38:20.5847165Z package_name=Ascend-cann-toolkit
2026-04-07T17:38:20.5857886Z version=8.5.1
2026-04-07T17:38:20.5875861Z innerversion=V100R001C25SPC002B220
2026-04-07T17:38:20.5890909Z compatible_version=[V100R001C15],[V100R001C18],[V100R001C19],[V100R001C20],[V100R001C21],[V100R001C23]
2026-04-07T17:38:20.5905108Z arch=aarch64
2026-04-07T17:38:20.5917925Z os=linux
2026-04-07T17:38:20.5927684Z path=/usr/local/Ascend/cann-8.5.1
2026-04-07T17:38:20.5938708Z 
2026-04-07T17:38:20.5950256Z [0;34m=== Clearing logs from previous runs ===[0m
2026-04-07T17:38:20.5960702Z ====> Configure mirrors and git proxy
2026-04-07T17:38:20.7439478Z Writing to /root/.config/pip/pip.conf
2026-04-07T17:38:20.7762795Z Installed vLLM-related Python packages:
2026-04-07T17:38:21.3066467Z ais_bench_benchmark                      3.0.20250930               /vllm-workspace/vllm-ascend/benchmark
2026-04-07T17:38:21.3076466Z vllm                                     0.18.0+empty               /vllm-workspace/vllm
2026-04-07T17:38:21.3087580Z vllm_ascend                              0.18.0rc2.dev16+gfbd5d0fd5 /vllm-workspace/vllm-ascend
2026-04-07T17:38:21.3098084Z 
2026-04-07T17:38:21.3109162Z ============================
2026-04-07T17:38:21.3120638Z vLLM Git information
2026-04-07T17:38:21.3132040Z ============================
2026-04-07T17:38:21.3144180Z Branch:      HEAD
2026-04-07T17:38:21.3155620Z Commit hash: bcf2be96120005e9aea171927f85055a6a5c0cf6
2026-04-07T17:38:21.3192767Z Author:      khluu <khluu000@gmail.com>
2026-04-07T17:38:21.3209914Z Date:        2026-03-19 15:06:38 -0700
2026-04-07T17:38:21.3236350Z Message:     [cherry-pick][Bugfix] Disable monolithic TRTLLM MoE for Renormalize routing (#37591)#37605
2026-04-07T17:38:21.3264884Z Tags:        v0.18.0
2026-04-07T17:38:21.3287999Z Remote:      origin	https://ghfast.top/https://github.com/vllm-project/vllm.git (fetch)
2026-04-07T17:38:21.3298589Z 
2026-04-07T17:38:21.3310030Z 
2026-04-07T17:38:21.3321467Z ============================
2026-04-07T17:38:21.3331633Z vLLM-Ascend Git information
2026-04-07T17:38:21.3343036Z ============================
2026-04-07T17:38:21.3353872Z Branch:      releases/v0.18.0
2026-04-07T17:38:21.3364575Z Commit hash: fbd5d0fd55f8e58430e0eef8e606a082e2bc3dad
2026-04-07T17:38:21.3378790Z Author:      Nagisa125 <166619298+Nagisa125@users.noreply.github.com>
2026-04-07T17:38:21.3421479Z Date:        2026-04-07 16:17:28 +0800
2026-04-07T17:38:21.3477278Z Message:     [Doc][Misc][v0.18.0] Updated the document configuration for DeepSeek-V3.2 (#7970)
2026-04-07T17:38:21.3488279Z Tags:        
2026-04-07T17:38:21.3575371Z Remote:      origin	https://ghfast.top/https://github.com/vllm-project/vllm-ascend (fetch)
2026-04-07T17:38:21.3585292Z 
2026-04-07T17:38:21.3596454Z ====> Check triton ascend info
2026-04-07T17:38:21.3723613Z Ubuntu clang version 15.0.7
2026-04-07T17:38:21.3740324Z Target: aarch64-unknown-linux-gnu
2026-04-07T17:38:21.3753745Z Thread model: posix
2026-04-07T17:38:21.3764400Z InstalledDir: /usr/bin
2026-04-07T17:38:21.3777234Z Found candidate GCC installation: /usr/bin/../lib/gcc/aarch64-linux-gnu/11
2026-04-07T17:38:21.3788845Z Selected GCC installation: /usr/bin/../lib/gcc/aarch64-linux-gnu/11
2026-04-07T17:38:21.3799713Z Candidate multilib: .;@m64
2026-04-07T17:38:21.3811157Z Selected multilib: .;@m64
2026-04-07T17:38:21.3825093Z /usr/local/Ascend/cann-8.5.1/tools/bishengir/bin/bishengir-compile
2026-04-07T17:38:21.8941952Z Name: triton-ascend
2026-04-07T17:38:21.8953838Z Version: 3.2.0
2026-04-07T17:38:21.8965583Z Summary: A language and compiler for custom Deep Learning operations on Ascend hardwares
2026-04-07T17:38:21.8976280Z Home-page: https://gitcode.com/Ascend/triton-ascend/
2026-04-07T17:38:21.8987919Z Author: 
2026-04-07T17:38:21.8998752Z Author-email: 
2026-04-07T17:38:21.9009314Z License: 
2026-04-07T17:38:21.9021044Z Location: /usr/local/python3.11.14/lib/python3.11/site-packages
2026-04-07T17:38:21.9031877Z Requires: 
2026-04-07T17:38:21.9042849Z Required-by: vllm_ascend
2026-04-07T17:38:33.9600609Z INFO 04-07 17:38:33 [__init__.py:44] Available plugins for group vllm.platform_plugins:
2026-04-07T17:38:33.9611873Z INFO 04-07 17:38:33 [__init__.py:46] - ascend -> vllm_ascend:register
2026-04-07T17:38:33.9625137Z INFO 04-07 17:38:33 [__init__.py:49] All plugins in this group will be loaded. Set `VLLM_PLUGINS` to control which plugins to load.
2026-04-07T17:38:34.0052796Z INFO 04-07 17:38:34 [__init__.py:239] Platform plugin ascend is activated
2026-04-07T17:38:39.1335068Z ============================= test session starts ==============================
2026-04-07T17:38:39.1348540Z platform linux -- Python 3.11.14, pytest-8.4.2, pluggy-1.6.0 -- /usr/local/python3.11.14/bin/python3
2026-04-07T17:38:39.1359410Z cachedir: .pytest_cache
2026-04-07T17:38:39.1370647Z rootdir: /vllm-workspace/vllm-ascend
2026-04-07T17:38:39.1382410Z configfile: pyproject.toml
2026-04-07T17:38:39.1393634Z plugins: cov-7.1.0, mock-3.15.1, asyncio-1.3.0, anyio-4.13.0
2026-04-07T17:38:39.1405453Z asyncio: mode=Mode.STRICT, debug=False, asyncio_default_fixture_loop_scope=None, asyncio_default_test_loop_scope=function
2026-04-07T17:38:39.7662082Z collecting ... collected 1 item
2026-04-07T17:38:39.7671116Z 
2026-04-07T17:38:39.7682986Z [2026-04-07 17:38:39] [INFO] Loading config yaml: tests/e2e/nightly/multi_node/config/DeepSeek-V3_2-W8A8-A3-dual-nodes.yaml
2026-04-07T17:38:39.7713889Z [2026-04-07 17:38:39] [INFO] Resolving cluster IPs via DNS...
2026-04-07T17:38:39.7766061Z [2026-04-07 17:38:39] [INFO] Node 0 envs: {'HCCL_OP_EXPANSION_MODE': 'AIV', 'VLLM_USE_MODELSCOPE': 'True', 'HCCL_BUFFSIZE': '1024', 'SERVER_PORT': '8080', 'OMP_PROC_BIND': 'False', 'OMP_NUM_THREADS': '1', 'PYTORCH_NPU_ALLOC_CONF': 'expandable_segments:True', 'VLLM_ASCEND_ENABLE_MLAPO': '1', 'VLLM_ASCEND_ENABLE_FLASHCOMM1': '1', 'ASCEND_A3_EBA_ENABLE': '1', 'HCCL_IF_IP': '10.0.0.174', 'HCCL_SOCKET_IFNAME': 'eth0', 'GLOO_SOCKET_IFNAME': 'eth0', 'TP_SOCKET_IFNAME': 'eth0', 'LOCAL_IP': '10.0.0.174', 'NIC_NAME': 'eth0', 'MASTER_IP': '10.0.0.174'}
2026-04-07T17:38:39.7840220Z [2026-04-07 17:38:39] [INFO] Not launching proxy on non-master node
2026-04-07T17:38:39.7857753Z [2026-04-07 17:38:39] [INFO] Starting server with command: vllm serve vllm-ascend/DeepSeek-V3.2-W8A8 --host 0.0.0.0 --port 8080 --data-parallel-size 4 --data-parallel-size-local 2 --data-parallel-address 10.0.0.174 --data-parallel-rpc-port 13399 --tensor-parallel-size 8 --quantization ascend --seed 1024 --enable-expert-parallel --max-num-seqs 16 --max-model-len 68000 --max-num-batched-tokens 4096 --no-enable-prefix-caching --gpu-memory-utilization 0.85 --trust-remote-code --speculative-config {"num_speculative_tokens": 3, "method":"deepseek_mtp"} --compilation-config {"cudagraph_capture_sizes": [8, 16, 24, 32, 40, 48], "cudagraph_mode": "FULL_DECODE_ONLY"} --additional-config {"layer_sharding": ["q_b_proj", "o_proj"]} --tokenizer-mode deepseek_v32 --reasoning-parser deepseek_v3
2026-04-07T17:38:44.3593120Z tests/e2e/nightly/multi_node/scripts/test_multi_node.py::test_multi_node INFO 04-07 17:38:44 [__init__.py:44] Available plugins for group vllm.platform_plugins:
2026-04-07T17:38:44.3597840Z INFO 04-07 17:38:44 [__init__.py:46] - ascend -> vllm_ascend:register
2026-04-07T17:38:44.3616109Z INFO 04-07 17:38:44 [__init__.py:49] All plugins in this group will be loaded. Set `VLLM_PLUGINS` to control which plugins to load.
2026-04-07T17:38:44.4953351Z INFO 04-07 17:38:44 [__init__.py:239] Platform plugin ascend is activated
2026-04-07T17:38:51.2701732Z 2026-04-07 17:38:51,267 - 147 - vllmProfiler - INFO - VLLM_USE_V1 not set, auto-detected via vLLM 0.18.0+empty: default 1
2026-04-07T17:38:51.3284744Z [2026-04-07 17:38:51.326319][UC][I] Registered model loader `<class 'vllm_ascend.model_loader.netloader.netloader.ModelNetLoaderElastic'>` with load format `netloader` [147,147][__init__.py:110,_wrapper]
2026-04-07T17:38:51.3357602Z [2026-04-07 17:38:51.333842][UC][I] Registered model loader `<class 'vllm_ascend.model_loader.rfork.rfork_loader.RForkModelLoader'>` with load format `rfork` [147,147][__init__.py:110,_wrapper]
2026-04-07T17:38:51.3462288Z [2026-04-07 17:38:51.344306][UC][I] Chunked prefill is enabled with max_num_batched_tokens=2048. [147,147][scheduler.py:231,__post_init__]
2026-04-07T17:38:51.6385129Z [2026-04-07 17:38:51.636325][UC][I] Defaulting api_server_count to data_parallel_size (4). [147,147][serve.py:106,cmd]
2026-04-07T17:38:51.6407471Z [2026-04-07 17:38:51.636989][UC][I] vLLM server version 0.18.0, serving model vllm-ascend/DeepSeek-V3.2-W8A8 [147,147][utils.py:297,log_version_and_model]
2026-04-07T17:38:51.6442201Z [2026-04-07 17:38:51.640985][UC][I] non-default args: {'model_tag': 'vllm-ascend/DeepSeek-V3.2-W8A8', 'api_server_count': 4, 'host': '0.0.0.0', 'port': 8080, 'model': 'vllm-ascend/DeepSeek-V3.2-W8A8', 'tokenizer_mode': 'deepseek_v32', 'trust_remote_code': True, 'seed': 1024, 'max_model_len': 68000, 'quantization': 'ascend', 'reasoning_parser': 'deepseek_v3', 'tensor_parallel_size': 8, 'data_parallel_size': 4, 'data_parallel_size_local': 2, 'data_parallel_address': '10.0.0.174', 'data_parallel_rpc_port': 13399, 'enable_expert_parallel': True, 'gpu_memory_utilization': 0.85, 'enable_prefix_caching': False, 'max_num_batched_tokens': 4096, 'max_num_seqs': 16, 'speculative_config': {'num_speculative_tokens': 3, 'method': 'deepseek_mtp'}, 'compilation_config': {'mode': None, 'debug_dump_path': None, 'cache_dir': '', 'compile_cache_save_format': 'binary', 'backend': 'vllm_ascend.compilation.compiler_interface.AscendCompiler', 'custom_ops': [], 'splitting_ops': None, 'compile_mm_encoder': False, 'compile_sizes': None, 'compile_ranges_endpoints': None, 'inductor_compile_config': {'enable_auto_functionalized_v2': False, 'combo_kernels': True, 'benchmark_combo_kernel': True}, 'inductor_passes': {}, 'cudagraph_mode': <CUDAGraphMode.FULL_DECODE_ONLY: (2, 0)>, 'cudagraph_num_of_warmups': 0, 'cudagraph_capture_sizes': [8, 16, 24, 32, 40, 48], 'cudagraph_copy_inputs': False, 'cudagraph_specialize_lora': True, 'use_inductor_graph_partition': None, 'pass_config': {}, 'max_cudagraph_capture_size': None, 'dynamic_shapes_config': {'type': <DynamicShapesType.BACKED: 'backed'>, 'evaluate_guards': False, 'assume_32_bit_indexing': False}, 'local_cache_dir': None, 'fast_moe_cold_start': None, 'static_all_moe_layers': []}, 'additional_config': {'layer_sharding': ['q_b_proj', 'o_proj']}} [147,147][utils.py:233,log_non_default_args]
2026-04-07T17:38:51.6891338Z 2026-04-07 17:38:51,687 - modelscope - WARNING - We can not confirm the cached file is for revision: master
2026-04-07T17:38:51.6946315Z [2026-04-07 17:38:51.692662][UC][I] HF_HUB_OFFLINE is True, replace model_id [vllm-ascend/DeepSeek-V3.2-W8A8] to model_path [/root/.cache/modelscope/hub/models/vllm-ascend/DeepSeek-V3___2-W8A8] [147,147][arg_utils.py:645,__post_init__]
2026-04-07T17:38:51.6956457Z WARNING 04-07 17:38:51 [envs.py:1717] Unknown vLLM environment variable detected: VLLM_VERSION
2026-04-07T17:38:51.6968267Z WARNING 04-07 17:38:51 [envs.py:1717] Unknown vLLM environment variable detected: VLLM_DEEPSEEK_V3_2_W8A8_A3_DUAL_NODES_C05AFD_LEADER_SERVICE_HOST
2026-04-07T17:38:51.6979909Z WARNING 04-07 17:38:51 [envs.py:1717] Unknown vLLM environment variable detected: VLLM_QWEN3_235B_A22B_687E41_LEADER_PORT_8080_TCP
2026-04-07T17:38:51.6990381Z WARNING 04-07 17:38:51 [envs.py:1717] Unknown vLLM environment variable detected: VLLM_ASCEND_VERSION
2026-04-07T17:38:51.7002837Z WARNING 04-07 17:38:51 [envs.py:1717] Unknown vLLM environment variable detected: VLLM_DEEPSEEK_V3_2_W8A8_A3_DUAL_NODES_C05AFD_LEADER_SERVICE_PORT_HTTP
2026-04-07T17:38:51.7015112Z WARNING 04-07 17:38:51 [envs.py:1717] Unknown vLLM environment variable detected: VLLM_QWEN3_235B_A22B_687E41_LEADER_PORT_8080_TCP_PROTO
2026-04-07T17:38:51.7026831Z WARNING 04-07 17:38:51 [envs.py:1717] Unknown vLLM environment variable detected: VLLM_QWEN3_235B_A22B_687E41_LEADER_PORT_8080_TCP_PORT
2026-04-07T17:38:51.7038118Z WARNING 04-07 17:38:51 [envs.py:1717] Unknown vLLM environment variable detected: VLLM_QWEN3_235B_A22B_687E41_LEADER_SERVICE_PORT
2026-04-07T17:38:51.7049782Z WARNING 04-07 17:38:51 [envs.py:1717] Unknown vLLM environment variable detected: VLLM_QWEN3_235B_A22B_687E41_LEADER_PORT
2026-04-07T17:38:51.7062211Z WARNING 04-07 17:38:51 [envs.py:1717] Unknown vLLM environment variable detected: VLLM_DEEPSEEK_V3_2_W8A8_A3_DUAL_NODES_C05AFD_LEADER_PORT_8080_TCP
2026-04-07T17:38:51.7073392Z WARNING 04-07 17:38:51 [envs.py:1717] Unknown vLLM environment variable detected: VLLM_QWEN3_235B_A22B_687E41_LEADER_SERVICE_PORT_HTTP
2026-04-07T17:38:51.7085272Z WARNING 04-07 17:38:51 [envs.py:1717] Unknown vLLM environment variable detected: VLLM_DEEPSEEK_V3_2_W8A8_A3_DUAL_NODES_C05AFD_LEADER_PORT_8080_TCP_PROTO
2026-04-07T17:38:51.7096562Z WARNING 04-07 17:38:51 [envs.py:1717] Unknown vLLM environment variable detected: VLLM_CI_RUNNER
2026-04-07T17:38:51.7107320Z WARNING 04-07 17:38:51 [envs.py:1717] Unknown vLLM environment variable detected: VLLM_DEEPSEEK_V3_2_W8A8_A3_DUAL_NODES_C05AFD_LEADER_PORT
2026-04-07T17:38:51.7118901Z WARNING 04-07 17:38:51 [envs.py:1717] Unknown vLLM environment variable detected: VLLM_QWEN3_235B_A22B_687E41_LEADER_SERVICE_HOST
2026-04-07T17:38:51.7130972Z WARNING 04-07 17:38:51 [envs.py:1717] Unknown vLLM environment variable detected: VLLM_QWEN3_235B_A22B_687E41_LEADER_PORT_8080_TCP_ADDR
2026-04-07T17:38:51.7142203Z WARNING 04-07 17:38:51 [envs.py:1717] Unknown vLLM environment variable detected: VLLM_ASCEND_REMOTE_URL
2026-04-07T17:38:51.7153387Z WARNING 04-07 17:38:51 [envs.py:1717] Unknown vLLM environment variable detected: VLLM_DEEPSEEK_V3_2_W8A8_A3_DUAL_NODES_C05AFD_LEADER_SERVICE_PORT
2026-04-07T17:38:51.7164269Z WARNING 04-07 17:38:51 [envs.py:1717] Unknown vLLM environment variable detected: VLLM_ASCEND_REF
2026-04-07T17:38:51.7176087Z WARNING 04-07 17:38:51 [envs.py:1717] Unknown vLLM environment variable detected: VLLM_DEEPSEEK_V3_2_W8A8_A3_DUAL_NODES_C05AFD_LEADER_PORT_8080_TCP_ADDR
2026-04-07T17:38:51.7186754Z WARNING 04-07 17:38:51 [envs.py:1717] Unknown vLLM environment variable detected: VLLM_DEEPSEEK_V3_2_W8A8_A3_DUAL_NODES_C05AFD_LEADER_PORT_8080_TCP_PORT
2026-04-07T17:38:51.7197176Z WARNING 04-07 17:38:51 [envs.py:1717] Unknown vLLM environment variable detected: VLLM_ASCEND_ENABLE_MLAPO
2026-04-07T17:38:51.7208602Z WARNING 04-07 17:38:51 [envs.py:1717] Unknown vLLM environment variable detected: VLLM_ASCEND_ENABLE_FLASHCOMM1
2026-04-07T17:38:51.7220200Z The argument `trust_remote_code` is to be used with Auto classes. It has no effect here and is ignored.
2026-04-07T17:38:51.7231606Z You are using a model of type deepseek_v32 to instantiate a model of type deepseek_v3. This is not supported for all configurations of models and can yield errors.
2026-04-07T17:38:51.7351842Z [2026-04-07 17:38:51.733395][UC][I] Resolved architecture: DeepseekV32ForCausalLM [147,147][model.py:533,__post_init__]
2026-04-07T17:38:51.7363162Z [2026-04-07 17:38:51.733463][UC][I] Using max model len 68000 [147,147][model.py:1582,get_and_verify_max_len]
2026-04-07T17:38:51.9979931Z [2026-04-07 17:38:51.995716][UC][W] method `deepseek_mtp` is deprecated and replaced with mtp. [147,147][speculative.py:355,__post_init__]
2026-04-07T17:38:51.9998708Z The argument `trust_remote_code` is to be used with Auto classes. It has no effect here and is ignored.
2026-04-07T17:38:52.0013760Z You are using a model of type deepseek_v32 to instantiate a model of type deepseek_v3. This is not supported for all configurations of models and can yield errors.
2026-04-07T17:38:52.0102246Z [2026-04-07 17:38:52.008505][UC][I] Resolved architecture: DeepSeekMTPModel [147,147][model.py:533,__post_init__]
2026-04-07T17:38:52.0122662Z [2026-04-07 17:38:52.008763][UC][I] Using max model len 163840 [147,147][model.py:1582,get_and_verify_max_len]
2026-04-07T17:38:52.0135698Z [2026-04-07 17:38:52.008843][UC][W] Enabling num_speculative_tokens > 1 will run multiple times of forward on same MTP layer,which may result in lower acceptance rate [147,147][speculative.py:499,__post_init__]
2026-04-07T17:38:52.0145918Z [2026-04-07 17:38:52.009009][UC][I] Chunked prefill is enabled with max_num_batched_tokens=4096. [147,147][scheduler.py:231,__post_init__]
2026-04-07T17:38:52.3333298Z [2026-04-07 17:38:52.331298][UC][I] Asynchronous scheduling is enabled. [147,147][vllm.py:754,__post_init__]
2026-04-07T17:38:52.3344871Z [2026-04-07 17:38:52.331348][UC][I] Disabling NCCL for DP synchronization when using async scheduling. [147,147][vllm.py:764,__post_init__]
2026-04-07T17:38:52.3356210Z WARNING 04-07 17:38:52 [platform.py:749] Parameter '--disable-cascade-attn' is a GPU-specific feature. Resetting to False for Ascend.
2026-04-07T17:38:52.3368231Z WARNING 04-07 17:38:52 [platform.py:797] Speculative quantization is set but Ascend automatically uses the main model's quantization method. Resetting to None.
2026-04-07T17:38:52.3380622Z WARNING 04-07 17:38:52 [platform.py:838] Ignored parameter 'disable_flashinfer_prefill'. This is a GPU-specific feature not supported on Ascend. Resetting to False.
2026-04-07T17:38:52.3392045Z INFO 04-07 17:38:52 [ascend_config.py:425] Dynamic EPLB is False
2026-04-07T17:38:52.3403178Z INFO 04-07 17:38:52 [ascend_config.py:426] The number of redundant experts is 0
2026-04-07T17:38:52.3415999Z INFO 04-07 17:38:52 [ascend_config.py:57] Linear layer sharding enabled with config: ['q_b_proj', 'o_proj']. Note: This feature works optimally with FLASHCOMM2 and DSA-CP enabled; using it without these features may result in significant performance degradation.
2026-04-07T17:38:52.3427039Z INFO 04-07 17:38:52 [platform.py:377] FULL_DECODE_ONLY compilation enabled on NPU. use_inductor not supported - using only ACL Graph mode
2026-04-07T17:38:52.3438102Z WARNING 04-07 17:38:52 [platform.py:394] [91m
2026-04-07T17:38:52.3450200Z WARNING 04-07 17:38:52 [platform.py:394]             **********************************************************************************
2026-04-07T17:38:52.3479757Z WARNING 04-07 17:38:52 [platform.py:394]             * WARNING: You have enabled the *full graph* feature.
2026-04-07T17:38:52.3493485Z WARNING 04-07 17:38:52 [platform.py:394]             * This is an early experimental stage and may involve various unknown issues.
2026-04-07T17:38:52.3504643Z WARNING 04-07 17:38:52 [platform.py:394]             * A known problem is that capturing too many batch sizes can lead to OOM
2026-04-07T17:38:52.3516797Z WARNING 04-07 17:38:52 [platform.py:394]             * (Out of Memory) errors or inference hangs. If you encounter such issues,
2026-04-07T17:38:52.3527721Z WARNING 04-07 17:38:52 [platform.py:394]             * consider reducing `gpu_memory_utilization` or manually specifying a smaller
2026-04-07T17:38:52.3539079Z WARNING 04-07 17:38:52 [platform.py:394]             * batch size for graph capture.
2026-04-07T17:38:52.3550237Z WARNING 04-07 17:38:52 [platform.py:394]             * For more details, please refer to:
2026-04-07T17:38:52.3561838Z WARNING 04-07 17:38:52 [platform.py:394]             * https://docs.vllm.ai/en/stable/configuration/conserving_memory.html#reduce-cuda-graphs
2026-04-07T17:38:52.3573201Z WARNING 04-07 17:38:52 [platform.py:394]             **********************************************************************************[0m
2026-04-07T17:38:52.3584667Z WARNING 04-07 17:38:52 [platform.py:394]             
2026-04-07T17:38:52.3595736Z INFO 04-07 17:38:52 [utils.py:1114] Block size is set to 128 if prefix cache or chunked prefill is enabled.
2026-04-07T17:38:52.3606727Z INFO 04-07 17:38:52 [platform.py:502] Set PYTORCH_NPU_ALLOC_CONF=expandable_segments:True
2026-04-07T17:38:52.3618784Z [2026-04-07 17:38:52.332660][UC][I] Enabled custom fusions: norm_quant, act_quant [147,147][compilation.py:289,log_enabled_passes]
2026-04-07T17:38:52.3630348Z [2026-04-07 17:38:52.335549][UC][I] Started DP Coordinator process (PID: 162) [147,147][utils.py:889,launch_core_engines]
2026-04-07T17:38:57.1168728Z INFO 04-07 17:38:57 [__init__.py:44] Available plugins for group vllm.platform_plugins:
2026-04-07T17:38:57.1178232Z INFO 04-07 17:38:57 [__init__.py:44] Available plugins for group vllm.platform_plugins:
2026-04-07T17:38:57.1190639Z INFO 04-07 17:38:57 [__init__.py:46] - ascend -> vllm_ascend:register
2026-04-07T17:38:57.1201922Z INFO 04-07 17:38:57 [__init__.py:46] - ascend -> vllm_ascend:register
2026-04-07T17:38:57.1214521Z INFO 04-07 17:38:57 [__init__.py:49] All plugins in this group will be loaded. Set `VLLM_PLUGINS` to control which plugins to load.
2026-04-07T17:38:57.1273282Z INFO 04-07 17:38:57 [__init__.py:49] All plugins in this group will be loaded. Set `VLLM_PLUGINS` to control which plugins to load.
2026-04-07T17:38:57.1282151Z INFO 04-07 17:38:57 [__init__.py:239] Platform plugin ascend is activated
2026-04-07T17:38:57.1298504Z INFO 04-07 17:38:57 [__init__.py:239] Platform plugin ascend is activated
2026-04-07T17:39:07.4368177Z INFO 04-07 17:39:07 [__init__.py:44] Available plugins for group vllm.platform_plugins:
2026-04-07T17:39:07.4380569Z INFO 04-07 17:39:07 [__init__.py:46] - ascend -> vllm_ascend:register
2026-04-07T17:39:07.4394065Z INFO 04-07 17:39:07 [__init__.py:49] All plugins in this group will be loaded. Set `VLLM_PLUGINS` to control which plugins to load.
2026-04-07T17:39:07.4447118Z INFO 04-07 17:39:07 [__init__.py:239] Platform plugin ascend is activated
2026-04-07T17:39:13.0680342Z [2026-04-07 17:39:13.065572][UC][I] Started 4 API server processes [147,147][utils.py:217,__init__]
2026-04-07T17:39:17.9138480Z INFO 04-07 17:39:17 [__init__.py:44] Available plugins for group vllm.platform_plugins:
2026-04-07T17:39:17.9151256Z INFO 04-07 17:39:17 [__init__.py:46] - ascend -> vllm_ascend:register
2026-04-07T17:39:17.9164031Z INFO 04-07 17:39:17 [__init__.py:49] All plugins in this group will be loaded. Set `VLLM_PLUGINS` to control which plugins to load.
2026-04-07T17:39:17.9214085Z INFO 04-07 17:39:17 [__init__.py:239] Platform plugin ascend is activated
2026-04-07T17:39:17.9946306Z (EngineCore_DP0 pid=165) 2026-04-07 17:39:17,992 - 165 - vllmProfiler - INFO - VLLM_USE_V1 not set, auto-detected via vLLM 0.18.0+empty: default 1
2026-04-07T17:39:18.0009241Z [2026-04-07 17:39:17.996929][UC][I] Registered model loader `<class 'vllm_ascend.model_loader.netloader.netloader.ModelNetLoaderElastic'>` with load format `netloader` [165,165][__init__.py:110,_wrapper]
2026-04-07T17:39:18.0020444Z (EngineCore_DP1 pid=185) 2026-04-07 17:39:17,997 - 185 - vllmProfiler - INFO - VLLM_USE_V1 not set, auto-detected via vLLM 0.18.0+empty: default 1
2026-04-07T17:39:18.0057931Z [2026-04-07 17:39:18.002256][UC][I] Registered model loader `<class 'vllm_ascend.model_loader.netloader.netloader.ModelNetLoaderElastic'>` with load format `netloader` [185,185][__init__.py:110,_wrapper]
2026-04-07T17:39:18.0109697Z [2026-04-07 17:39:18.007744][UC][I] Registered model loader `<class 'vllm_ascend.model_loader.rfork.rfork_loader.RForkModelLoader'>` with load format `rfork` [165,165][__init__.py:110,_wrapper]
2026-04-07T17:39:18.0139988Z [2026-04-07 17:39:18.008415][UC][I] Initializing a V1 LLM engine (v0.18.0) with config: model='/root/.cache/modelscope/hub/models/vllm-ascend/DeepSeek-V3___2-W8A8', speculative_config=SpeculativeConfig(method='mtp', model='/root/.cache/modelscope/hub/models/vllm-ascend/DeepSeek-V3___2-W8A8', num_spec_tokens=3), tokenizer='/root/.cache/modelscope/hub/models/vllm-ascend/DeepSeek-V3___2-W8A8', skip_tokenizer_init=False, tokenizer_mode=deepseek_v32, revision=None, tokenizer_revision=None, trust_remote_code=True, dtype=torch.bfloat16, max_seq_len=68000, download_dir=None, load_format=auto, tensor_parallel_size=8, pipeline_parallel_size=1, data_parallel_size=4, decode_context_parallel_size=1, dcp_comm_backend=ag_rs, disable_custom_all_reduce=True, quantization=ascend, enforce_eager=False, enable_return_routed_experts=False, kv_cache_dtype=bfloat16, device_config=npu, structured_outputs_config=StructuredOutputsConfig(backend='auto', disable_any_whitespace=False, disable_additional_properties=False, reasoning_parser='deepseek_v3', reasoning_parser_plugin='', enable_in_reasoning=False), observability_config=ObservabilityConfig(show_hidden_metrics_for_version=None, otlp_traces_endpoint=None, collect_detailed_traces=None, kv_cache_metrics=False, kv_cache_metrics_sample=0.01, cudagraph_metrics=False, enable_layerwise_nvtx_tracing=False, enable_mfu_metrics=False, enable_mm_processor_stats=False, enable_logging_iteration_details=False), seed=1024, served_model_name=/root/.cache/modelscope/hub/models/vllm-ascend/DeepSeek-V3___2-W8A8, enable_prefix_caching=False, enable_chunked_prefill=True, pooler_config=None, compilation_config={'mode': <CompilationMode.VLLM_COMPILE: 3>, 'debug_dump_path': None, 'cache_dir': '', 'compile_cache_save_format': 'binary', 'backend': 'vllm_ascend.compilation.compiler_interface.AscendCompiler', 'custom_ops': ['all'], 'splitting_ops': [], 'compile_mm_encoder': False, 'compile_sizes': [], 'compile_ranges_endpoints': [4096], 'inductor_compile_config': {'enable_auto_functionalized_v2': False, 'combo_kernels': True, 'benchmark_combo_kernel': True}, 'inductor_passes': {}, 'cudagraph_mode': <CUDAGraphMode.FULL_DECODE_ONLY: (2, 0)>, 'cudagraph_num_of_warmups': 1, 'cudagraph_capture_sizes': [8, 16, 24, 32, 40, 48], 'cudagraph_copy_inputs': False, 'cudagraph_specialize_lora': True, 'use_inductor_graph_partition': False, 'pass_config': {'fuse_norm_quant': True, 'fuse_act_quant': True, 'fuse_attn_quant': False, 'enable_sp': False, 'fuse_gemm_comms': False, 'fuse_allreduce_rms': False}, 'max_cudagraph_capture_size': 48, 'dynamic_shapes_config': {'type': <DynamicShapesType.BACKED: 'backed'>, 'evaluate_guards': False, 'assume_32_bit_indexing': False}, 'local_cache_dir': None, 'fast_moe_cold_start': False, 'static_all_moe_layers': []} [165,165][core.py:103,__init__]
2026-04-07T17:39:18.0198157Z [2026-04-07 17:39:18.008835][UC][I] DP group leader: node_rank=0, node_rank_within_dp=0, master_addr=127.0.0.1, mq_connect_ip=10.0.0.174 (local), world_size=8, local_world_size=8 [165,165][multiproc_executor.py:134,_init_executor]
2026-04-07T17:39:18.0206993Z [2026-04-07 17:39:18.013156][UC][I] Registered model loader `<class 'vllm_ascend.model_loader.rfork.rfork_loader.RForkModelLoader'>` with load format `rfork` [185,185][__init__.py:110,_wrapper]
2026-04-07T17:39:18.0221797Z [2026-04-07 17:39:18.013912][UC][I] DP group leader: node_rank=0, node_rank_within_dp=0, master_addr=127.0.0.1, mq_connect_ip=10.0.0.174 (local), world_size=8, local_world_size=8 [185,185][multiproc_executor.py:134,_init_executor]
2026-04-07T17:39:18.0513795Z INFO 04-07 17:39:18 [__init__.py:44] Available plugins for group vllm.platform_plugins:
2026-04-07T17:39:18.0539747Z INFO 04-07 17:39:18 [__init__.py:46] - ascend -> vllm_ascend:register
2026-04-07T17:39:18.0551557Z INFO 04-07 17:39:18 [__init__.py:49] All plugins in this group will be loaded. Set `VLLM_PLUGINS` to control which plugins to load.
2026-04-07T17:39:18.0607469Z INFO 04-07 17:39:18 [__init__.py:239] Platform plugin ascend is activated
2026-04-07T17:39:18.1073522Z INFO 04-07 17:39:18 [__init__.py:44] Available plugins for group vllm.platform_plugins:
2026-04-07T17:39:18.1082564Z INFO 04-07 17:39:18 [__init__.py:46] - ascend -> vllm_ascend:register
2026-04-07T17:39:18.1093035Z INFO 04-07 17:39:18 [__init__.py:49] All plugins in this group will be loaded. Set `VLLM_PLUGINS` to control which plugins to load.
2026-04-07T17:39:18.1136290Z INFO 04-07 17:39:18 [__init__.py:44] Available plugins for group vllm.platform_plugins:
2026-04-07T17:39:18.1191056Z INFO 04-07 17:39:18 [__init__.py:46] - ascend -> vllm_ascend:register
2026-04-07T17:39:18.1203307Z INFO 04-07 17:39:18 [__init__.py:49] All plugins in this group will be loaded. Set `VLLM_PLUGINS` to control which plugins to load.
2026-04-07T17:39:18.1214516Z INFO 04-07 17:39:18 [__init__.py:239] Platform plugin ascend is activated
2026-04-07T17:39:18.1256586Z INFO 04-07 17:39:18 [__init__.py:239] Platform plugin ascend is activated
2026-04-07T17:39:23.1388054Z INFO 04-07 17:39:23 [__init__.py:44] Available plugins for group vllm.platform_plugins:
2026-04-07T17:39:23.1400773Z INFO 04-07 17:39:23 [__init__.py:46] - ascend -> vllm_ascend:register
2026-04-07T17:39:23.1412938Z INFO 04-07 17:39:23 [__init__.py:49] All plugins in this group will be loaded. Set `VLLM_PLUGINS` to control which plugins to load.
2026-04-07T17:39:23.1479119Z INFO 04-07 17:39:23 [__init__.py:239] Platform plugin ascend is activated
2026-04-07T17:39:23.2924909Z INFO 04-07 17:39:23 [__init__.py:44] Available plugins for group vllm.platform_plugins:
2026-04-07T17:39:23.2934658Z INFO 04-07 17:39:23 [__init__.py:46] - ascend -> vllm_ascend:register
2026-04-07T17:39:23.2945737Z INFO 04-07 17:39:23 [__init__.py:49] All plugins in this group will be loaded. Set `VLLM_PLUGINS` to control which plugins to load.
2026-04-07T17:39:23.3023213Z INFO 04-07 17:39:23 [__init__.py:239] Platform plugin ascend is activated
2026-04-07T17:39:24.2827659Z (ApiServer_3 pid=201) 2026-04-07 17:39:24,280 - 201 - vllmProfiler - INFO - VLLM_USE_V1 not set, auto-detected via vLLM 0.18.0+empty: default 1
2026-04-07T17:39:24.3214669Z [2026-04-07 17:39:24.319330][UC][I] Registered model loader `<class 'vllm_ascend.model_loader.netloader.netloader.ModelNetLoaderElastic'>` with load format `netloader` [201,201][__init__.py:110,_wrapper]
2026-04-07T17:39:24.3234694Z [2026-04-07 17:39:24.320389][UC][I] Registered model loader `<class 'vllm_ascend.model_loader.rfork.rfork_loader.RForkModelLoader'>` with load format `rfork` [201,201][__init__.py:110,_wrapper]
2026-04-07T17:39:24.3558438Z (ApiServer_3 pid=201) 2026-04-07 17:39:24,348 - modelscope - WARNING - We can not confirm the cached file is for revision: master
2026-04-07T17:39:24.3570490Z [2026-04-07 17:39:24.355170][UC][I] HF_HUB_OFFLINE is True, replace model_id [vllm-ascend/DeepSeek-V3.2-W8A8] to model_path [/root/.cache/modelscope/hub/models/vllm-ascend/DeepSeek-V3___2-W8A8] [201,201][arg_utils.py:645,__post_init__]
2026-04-07T17:39:24.5068966Z (ApiServer_2 pid=200) 2026-04-07 17:39:24,504 - 200 - vllmProfiler - INFO - VLLM_USE_V1 not set, auto-detected via vLLM 0.18.0+empty: default 1
2026-04-07T17:39:24.5343726Z (ApiServer_3 pid=201) WARNING 04-07 17:39:24 [envs.py:1717] Unknown vLLM environment variable detected: VLLM_VERSION
2026-04-07T17:39:24.5354295Z (ApiServer_3 pid=201) WARNING 04-07 17:39:24 [envs.py:1717] Unknown vLLM environment variable detected: VLLM_DEEPSEEK_V3_2_W8A8_A3_DUAL_NODES_C05AFD_LEADER_SERVICE_HOST
2026-04-07T17:39:24.5364991Z (ApiServer_3 pid=201) WARNING 04-07 17:39:24 [envs.py:1717] Unknown vLLM environment variable detected: VLLM_QWEN3_235B_A22B_687E41_LEADER_PORT_8080_TCP
2026-04-07T17:39:24.5375803Z (ApiServer_3 pid=201) WARNING 04-07 17:39:24 [envs.py:1717] Unknown vLLM environment variable detected: VLLM_ASCEND_VERSION
2026-04-07T17:39:24.5388108Z (ApiServer_3 pid=201) WARNING 04-07 17:39:24 [envs.py:1717] Unknown vLLM environment variable detected: VLLM_DEEPSEEK_V3_2_W8A8_A3_DUAL_NODES_C05AFD_LEADER_SERVICE_PORT_HTTP
2026-04-07T17:39:24.5399453Z (ApiServer_3 pid=201) WARNING 04-07 17:39:24 [envs.py:1717] Unknown vLLM environment variable detected: VLLM_QWEN3_235B_A22B_687E41_LEADER_PORT_8080_TCP_PROTO
2026-04-07T17:39:24.5410881Z (ApiServer_3 pid=201) WARNING 04-07 17:39:24 [envs.py:1717] Unknown vLLM environment variable detected: VLLM_QWEN3_235B_A22B_687E41_LEADER_PORT_8080_TCP_PORT
2026-04-07T17:39:24.5424081Z (ApiServer_3 pid=201) WARNING 04-07 17:39:24 [envs.py:1717] Unknown vLLM environment variable detected: VLLM_QWEN3_235B_A22B_687E41_LEADER_SERVICE_PORT
2026-04-07T17:39:24.5435773Z (ApiServer_3 pid=201) WARNING 04-07 17:39:24 [envs.py:1717] Unknown vLLM environment variable detected: VLLM_QWEN3_235B_A22B_687E41_LEADER_PORT
2026-04-07T17:39:24.5447100Z (ApiServer_3 pid=201) WARNING 04-07 17:39:24 [envs.py:1717] Unknown vLLM environment variable detected: VLLM_DEEPSEEK_V3_2_W8A8_A3_DUAL_NODES_C05AFD_LEADER_PORT_8080_TCP
2026-04-07T17:39:24.5459467Z (ApiServer_3 pid=201) WARNING 04-07 17:39:24 [envs.py:1717] Unknown vLLM environment variable detected: VLLM_QWEN3_235B_A22B_687E41_LEADER_SERVICE_PORT_HTTP
2026-04-07T17:39:24.5471104Z (ApiServer_3 pid=201) WARNING 04-07 17:39:24 [envs.py:1717] Unknown vLLM environment variable detected: VLLM_DEEPSEEK_V3_2_W8A8_A3_DUAL_NODES_C05AFD_LEADER_PORT_8080_TCP_PROTO
2026-04-07T17:39:24.5481398Z (ApiServer_3 pid=201) WARNING 04-07 17:39:24 [envs.py:1717] Unknown vLLM environment variable detected: VLLM_CI_RUNNER
2026-04-07T17:39:24.5491710Z (ApiServer_3 pid=201) WARNING 04-07 17:39:24 [envs.py:1717] Unknown vLLM environment variable detected: VLLM_DEEPSEEK_V3_2_W8A8_A3_DUAL_NODES_C05AFD_LEADER_PORT
2026-04-07T17:39:24.5503474Z (ApiServer_3 pid=201) WARNING 04-07 17:39:24 [envs.py:1717] Unknown vLLM environment variable detected: VLLM_QWEN3_235B_A22B_687E41_LEADER_SERVICE_HOST
2026-04-07T17:39:24.5514497Z (ApiServer_3 pid=201) WARNING 04-07 17:39:24 [envs.py:1717] Unknown vLLM environment variable detected: VLLM_QWEN3_235B_A22B_687E41_LEADER_PORT_8080_TCP_ADDR
2026-04-07T17:39:24.5526024Z (ApiServer_3 pid=201) WARNING 04-07 17:39:24 [envs.py:1717] Unknown vLLM environment variable detected: VLLM_ASCEND_REMOTE_URL
2026-04-07T17:39:24.5537578Z (ApiServer_3 pid=201) WARNING 04-07 17:39:24 [envs.py:1717] Unknown vLLM environment variable detected: VLLM_DEEPSEEK_V3_2_W8A8_A3_DUAL_NODES_C05AFD_LEADER_SERVICE_PORT
2026-04-07T17:39:24.5548788Z (ApiServer_3 pid=201) WARNING 04-07 17:39:24 [envs.py:1717] Unknown vLLM environment variable detected: VLLM_ASCEND_REF
2026-04-07T17:39:24.5560547Z (ApiServer_3 pid=201) WARNING 04-07 17:39:24 [envs.py:1717] Unknown vLLM environment variable detected: VLLM_DEEPSEEK_V3_2_W8A8_A3_DUAL_NODES_C05AFD_LEADER_PORT_8080_TCP_ADDR
2026-04-07T17:39:24.5572385Z (ApiServer_3 pid=201) WARNING 04-07 17:39:24 [envs.py:1717] Unknown vLLM environment variable detected: VLLM_DEEPSEEK_V3_2_W8A8_A3_DUAL_NODES_C05AFD_LEADER_PORT_8080_TCP_PORT
2026-04-07T17:39:24.5585611Z (ApiServer_3 pid=201) WARNING 04-07 17:39:24 [envs.py:1717] Unknown vLLM environment variable detected: VLLM_ASCEND_ENABLE_MLAPO
2026-04-07T17:39:24.5596000Z (ApiServer_3 pid=201) WARNING 04-07 17:39:24 [envs.py:1717] Unknown vLLM environment variable detected: VLLM_ASCEND_ENABLE_FLASHCOMM1
2026-04-07T17:39:24.5606956Z [2026-04-07 17:39:24.545597][UC][I] Registered model loader `<class 'vllm_ascend.model_loader.netloader.netloader.ModelNetLoaderElastic'>` with load format `netloader` [200,200][__init__.py:110,_wrapper]
2026-04-07T17:39:24.5653998Z [2026-04-07 17:39:24.546682][UC][I] Registered model loader `<class 'vllm_ascend.model_loader.rfork.rfork_loader.RForkModelLoader'>` with load format `rfork` [200,200][__init__.py:110,_wrapper]
2026-04-07T17:39:24.5661388Z (ApiServer_2 pid=200) 2026-04-07 17:39:24,563 - modelscope - WARNING - We can not confirm the cached file is for revision: master
2026-04-07T17:39:24.5745809Z [2026-04-07 17:39:24.572587][UC][I] HF_HUB_OFFLINE is True, replace model_id [vllm-ascend/DeepSeek-V3.2-W8A8] to model_path [/root/.cache/modelscope/hub/models/vllm-ascend/DeepSeek-V3___2-W8A8] [200,200][arg_utils.py:645,__post_init__]
2026-04-07T17:39:24.6904419Z (ApiServer_3 pid=201) The argument `trust_remote_code` is to be used with Auto classes. It has no effect here and is ignored.
2026-04-07T17:39:24.6927883Z (ApiServer_3 pid=201) You are using a model of type deepseek_v32 to instantiate a model of type deepseek_v3. This is not supported for all configurations of models and can yield errors.
2026-04-07T17:39:24.6996195Z [2026-04-07 17:39:24.697865][UC][I] Resolved architecture: DeepseekV32ForCausalLM [201,201][model.py:533,__post_init__]
2026-04-07T17:39:24.7024864Z [2026-04-07 17:39:24.698191][UC][I] Using max model len 68000 [201,201][model.py:1582,get_and_verify_max_len]
2026-04-07T17:39:24.7547966Z (ApiServer_2 pid=200) WARNING 04-07 17:39:24 [envs.py:1717] Unknown vLLM environment variable detected: VLLM_VERSION
2026-04-07T17:39:24.7560078Z (ApiServer_2 pid=200) WARNING 04-07 17:39:24 [envs.py:1717] Unknown vLLM environment variable detected: VLLM_DEEPSEEK_V3_2_W8A8_A3_DUAL_NODES_C05AFD_LEADER_SERVICE_HOST
2026-04-07T17:39:24.7572494Z (ApiServer_2 pid=200) WARNING 04-07 17:39:24 [envs.py:1717] Unknown vLLM environment variable detected: VLLM_QWEN3_235B_A22B_687E41_LEADER_PORT_8080_TCP
2026-04-07T17:39:24.7583946Z (ApiServer_2 pid=200) WARNING 04-07 17:39:24 [envs.py:1717] Unknown vLLM environment variable detected: VLLM_ASCEND_VERSION
2026-04-07T17:39:24.7605663Z (ApiServer_2 pid=200) WARNING 04-07 17:39:24 [envs.py:1717] Unknown vLLM environment variable detected: VLLM_DEEPSEEK_V3_2_W8A8_A3_DUAL_NODES_C05AFD_LEADER_SERVICE_PORT_HTTP
2026-04-07T17:39:24.7619600Z (ApiServer_2 pid=200) WARNING 04-07 17:39:24 [envs.py:1717] Unknown vLLM environment variable detected: VLLM_QWEN3_235B_A22B_687E41_LEADER_PORT_8080_TCP_PROTO
2026-04-07T17:39:24.7630421Z (ApiServer_2 pid=200) WARNING 04-07 17:39:24 [envs.py:1717] Unknown vLLM environment variable detected: VLLM_QWEN3_235B_A22B_687E41_LEADER_PORT_8080_TCP_PORT
2026-04-07T17:39:24.7641775Z (ApiServer_2 pid=200) WARNING 04-07 17:39:24 [envs.py:1717] Unknown vLLM environment variable detected: VLLM_QWEN3_235B_A22B_687E41_LEADER_SERVICE_PORT
2026-04-07T17:39:24.7657682Z (ApiServer_2 pid=200) WARNING 04-07 17:39:24 [envs.py:1717] Unknown vLLM environment variable detected: VLLM_QWEN3_235B_A22B_687E41_LEADER_PORT
2026-04-07T17:39:24.7669288Z (ApiServer_2 pid=200) WARNING 04-07 17:39:24 [envs.py:1717] Unknown vLLM environment variable detected: VLLM_DEEPSEEK_V3_2_W8A8_A3_DUAL_NODES_C05AFD_LEADER_PORT_8080_TCP
2026-04-07T17:39:24.7681621Z (ApiServer_2 pid=200) WARNING 04-07 17:39:24 [envs.py:1717] Unknown vLLM environment variable detected: VLLM_QWEN3_235B_A22B_687E41_LEADER_SERVICE_PORT_HTTP
2026-04-07T17:39:24.7692450Z (ApiServer_2 pid=200) WARNING 04-07 17:39:24 [envs.py:1717] Unknown vLLM environment variable detected: VLLM_DEEPSEEK_V3_2_W8A8_A3_DUAL_NODES_C05AFD_LEADER_PORT_8080_TCP_PROTO
2026-04-07T17:39:24.7703643Z (ApiServer_2 pid=200) WARNING 04-07 17:39:24 [envs.py:1717] Unknown vLLM environment variable detected: VLLM_CI_RUNNER
2026-04-07T17:39:24.7715211Z (ApiServer_2 pid=200) WARNING 04-07 17:39:24 [envs.py:1717] Unknown vLLM environment variable detected: VLLM_DEEPSEEK_V3_2_W8A8_A3_DUAL_NODES_C05AFD_LEADER_PORT
2026-04-07T17:39:24.7725758Z (ApiServer_2 pid=200) WARNING 04-07 17:39:24 [envs.py:1717] Unknown vLLM environment variable detected: VLLM_QWEN3_235B_A22B_687E41_LEADER_SERVICE_HOST
2026-04-07T17:39:24.7737101Z (ApiServer_2 pid=200) WARNING 04-07 17:39:24 [envs.py:1717] Unknown vLLM environment variable detected: VLLM_QWEN3_235B_A22B_687E41_LEADER_PORT_8080_TCP_ADDR
2026-04-07T17:39:24.7747967Z (ApiServer_2 pid=200) WARNING 04-07 17:39:24 [envs.py:1717] Unknown vLLM environment variable detected: VLLM_ASCEND_REMOTE_URL
2026-04-07T17:39:24.7759702Z (ApiServer_2 pid=200) WARNING 04-07 17:39:24 [envs.py:1717] Unknown vLLM environment variable detected: VLLM_DEEPSEEK_V3_2_W8A8_A3_DUAL_NODES_C05AFD_LEADER_SERVICE_PORT
2026-04-07T17:39:24.7769906Z (ApiServer_2 pid=200) WARNING 04-07 17:39:24 [envs.py:1717] Unknown vLLM environment variable detected: VLLM_ASCEND_REF
2026-04-07T17:39:24.7781247Z (ApiServer_2 pid=200) WARNING 04-07 17:39:24 [envs.py:1717] Unknown vLLM environment variable detected: VLLM_DEEPSEEK_V3_2_W8A8_A3_DUAL_NODES_C05AFD_LEADER_PORT_8080_TCP_ADDR
2026-04-07T17:39:24.7804271Z (ApiServer_2 pid=200) WARNING 04-07 17:39:24 [envs.py:1717] Unknown vLLM environment variable detected: VLLM_DEEPSEEK_V3_2_W8A8_A3_DUAL_NODES_C05AFD_LEADER_PORT_8080_TCP_PORT
2026-04-07T17:39:24.7805248Z (ApiServer_2 pid=200) WARNING 04-07 17:39:24 [envs.py:1717] Unknown vLLM environment variable detected: VLLM_ASCEND_ENABLE_MLAPO
2026-04-07T17:39:24.7815487Z (ApiServer_2 pid=200) WARNING 04-07 17:39:24 [envs.py:1717] Unknown vLLM environment variable detected: VLLM_ASCEND_ENABLE_FLASHCOMM1
2026-04-07T17:39:24.7826218Z (ApiServer_2 pid=200) The argument `trust_remote_code` is to be used with Auto classes. It has no effect here and is ignored.
2026-04-07T17:39:24.7837406Z (ApiServer_2 pid=200) You are using a model of type deepseek_v32 to instantiate a model of type deepseek_v3. This is not supported for all configurations of models and can yield errors.
2026-04-07T17:39:24.7847785Z [2026-04-07 17:39:24.769264][UC][I] Resolved architecture: DeepseekV32ForCausalLM [200,200][model.py:533,__post_init__]
2026-04-07T17:39:24.7858141Z [2026-04-07 17:39:24.769587][UC][I] Using max model len 68000 [200,200][model.py:1582,get_and_verify_max_len]
2026-04-07T17:39:24.7962984Z (ApiServer_0 pid=198) 2026-04-07 17:39:24,794 - 198 - vllmProfiler - INFO - VLLM_USE_V1 not set, auto-detected via vLLM 0.18.0+empty: default 1
2026-04-07T17:39:24.7986908Z (ApiServer_1 pid=199) 2026-04-07 17:39:24,796 - 199 - vllmProfiler - INFO - VLLM_USE_V1 not set, auto-detected via vLLM 0.18.0+empty: default 1
2026-04-07T17:39:24.8378182Z [2026-04-07 17:39:24.835814][UC][I] Registered model loader `<class 'vllm_ascend.model_loader.netloader.netloader.ModelNetLoaderElastic'>` with load format `netloader` [198,198][__init__.py:110,_wrapper]
2026-04-07T17:39:24.8424975Z [2026-04-07 17:39:24.836931][UC][I] Registered model loader `<class 'vllm_ascend.model_loader.rfork.rfork_loader.RForkModelLoader'>` with load format `rfork` [198,198][__init__.py:110,_wrapper]
2026-04-07T17:39:24.8436434Z [2026-04-07 17:39:24.837520][UC][I] Registered model loader `<class 'vllm_ascend.model_loader.netloader.netloader.ModelNetLoaderElastic'>` with load format `netloader` [199,199][__init__.py:110,_wrapper]
2026-04-07T17:39:24.8448290Z [2026-04-07 17:39:24.838659][UC][I] Registered model loader `<class 'vllm_ascend.model_loader.rfork.rfork_loader.RForkModelLoader'>` with load format `rfork` [199,199][__init__.py:110,_wrapper]
2026-04-07T17:39:24.8607547Z (ApiServer_0 pid=198) 2026-04-07 17:39:24,852 - modelscope - WARNING - We can not confirm the cached file is for revision: master
2026-04-07T17:39:24.8635966Z [2026-04-07 17:39:24.859220][UC][I] HF_HUB_OFFLINE is True, replace model_id [vllm-ascend/DeepSeek-V3.2-W8A8] to model_path [/root/.cache/modelscope/hub/models/vllm-ascend/DeepSeek-V3___2-W8A8] [198,198][arg_utils.py:645,__post_init__]
2026-04-07T17:39:24.9109265Z (ApiServer_1 pid=199) 2026-04-07 17:39:24,908 - modelscope - WARNING - We can not confirm the cached file is for revision: master
2026-04-07T17:39:24.9195904Z [2026-04-07 17:39:24.917669][UC][I] HF_HUB_OFFLINE is True, replace model_id [vllm-ascend/DeepSeek-V3.2-W8A8] to model_path [/root/.cache/modelscope/hub/models/vllm-ascend/DeepSeek-V3___2-W8A8] [199,199][arg_utils.py:645,__post_init__]
2026-04-07T17:39:25.0440657Z (ApiServer_0 pid=198) WARNING 04-07 17:39:25 [envs.py:1717] Unknown vLLM environment variable detected: VLLM_VERSION
2026-04-07T17:39:25.0451378Z (ApiServer_0 pid=198) WARNING 04-07 17:39:25 [envs.py:1717] Unknown vLLM environment variable detected: VLLM_DEEPSEEK_V3_2_W8A8_A3_DUAL_NODES_C05AFD_LEADER_SERVICE_HOST
2026-04-07T17:39:25.0462862Z (ApiServer_0 pid=198) WARNING 04-07 17:39:25 [envs.py:1717] Unknown vLLM environment variable detected: VLLM_QWEN3_235B_A22B_687E41_LEADER_PORT_8080_TCP
2026-04-07T17:39:25.0473935Z (ApiServer_0 pid=198) WARNING 04-07 17:39:25 [envs.py:1717] Unknown vLLM environment variable detected: VLLM_ASCEND_VERSION
2026-04-07T17:39:25.0488291Z (ApiServer_0 pid=198) WARNING 04-07 17:39:25 [envs.py:1717] Unknown vLLM environment variable detected: VLLM_DEEPSEEK_V3_2_W8A8_A3_DUAL_NODES_C05AFD_LEADER_SERVICE_PORT_HTTP
2026-04-07T17:39:25.0499363Z (ApiServer_0 pid=198) WARNING 04-07 17:39:25 [envs.py:1717] Unknown vLLM environment variable detected: VLLM_QWEN3_235B_A22B_687E41_LEADER_PORT_8080_TCP_PROTO
2026-04-07T17:39:25.0510742Z (ApiServer_0 pid=198) WARNING 04-07 17:39:25 [envs.py:1717] Unknown vLLM environment variable detected: VLLM_QWEN3_235B_A22B_687E41_LEADER_PORT_8080_TCP_PORT
2026-04-07T17:39:25.0523014Z (ApiServer_0 pid=198) WARNING 04-07 17:39:25 [envs.py:1717] Unknown vLLM environment variable detected: VLLM_QWEN3_235B_A22B_687E41_LEADER_SERVICE_PORT
2026-04-07T17:39:25.0534680Z (ApiServer_0 pid=198) WARNING 04-07 17:39:25 [envs.py:1717] Unknown vLLM environment variable detected: VLLM_QWEN3_235B_A22B_687E41_LEADER_PORT
2026-04-07T17:39:25.0546997Z (ApiServer_0 pid=198) WARNING 04-07 17:39:25 [envs.py:1717] Unknown vLLM environment variable detected: VLLM_DEEPSEEK_V3_2_W8A8_A3_DUAL_NODES_C05AFD_LEADER_PORT_8080_TCP
2026-04-07T17:39:25.0557766Z (ApiServer_0 pid=198) WARNING 04-07 17:39:25 [envs.py:1717] Unknown vLLM environment variable detected: VLLM_QWEN3_235B_A22B_687E41_LEADER_SERVICE_PORT_HTTP
2026-04-07T17:39:25.0568946Z (ApiServer_0 pid=198) WARNING 04-07 17:39:25 [envs.py:1717] Unknown vLLM environment variable detected: VLLM_DEEPSEEK_V3_2_W8A8_A3_DUAL_NODES_C05AFD_LEADER_PORT_8080_TCP_PROTO
2026-04-07T17:39:25.0581013Z (ApiServer_0 pid=198) WARNING 04-07 17:39:25 [envs.py:1717] Unknown vLLM environment variable detected: VLLM_CI_RUNNER
2026-04-07T17:39:25.0593144Z (ApiServer_0 pid=198) WARNING 04-07 17:39:25 [envs.py:1717] Unknown vLLM environment variable detected: VLLM_DEEPSEEK_V3_2_W8A8_A3_DUAL_NODES_C05AFD_LEADER_PORT
2026-04-07T17:39:25.0604909Z (ApiServer_0 pid=198) WARNING 04-07 17:39:25 [envs.py:1717] Unknown vLLM environment variable detected: VLLM_QWEN3_235B_A22B_687E41_LEADER_SERVICE_HOST
2026-04-07T17:39:25.0617609Z (ApiServer_0 pid=198) WARNING 04-07 17:39:25 [envs.py:1717] Unknown vLLM environment variable detected: VLLM_QWEN3_235B_A22B_687E41_LEADER_PORT_8080_TCP_ADDR
2026-04-07T17:39:25.0627740Z (ApiServer_0 pid=198) WARNING 04-07 17:39:25 [envs.py:1717] Unknown vLLM environment variable detected: VLLM_ASCEND_REMOTE_URL
2026-04-07T17:39:25.0638850Z (ApiServer_0 pid=198) WARNING 04-07 17:39:25 [envs.py:1717] Unknown vLLM environment variable detected: VLLM_DEEPSEEK_V3_2_W8A8_A3_DUAL_NODES_C05AFD_LEADER_SERVICE_PORT
2026-04-07T17:39:25.0651001Z (ApiServer_0 pid=198) WARNING 04-07 17:39:25 [envs.py:1717] Unknown vLLM environment variable detected: VLLM_ASCEND_REF
2026-04-07T17:39:25.0662102Z (ApiServer_0 pid=198) WARNING 04-07 17:39:25 [envs.py:1717] Unknown vLLM environment variable detected: VLLM_DEEPSEEK_V3_2_W8A8_A3_DUAL_NODES_C05AFD_LEADER_PORT_8080_TCP_ADDR
2026-04-07T17:39:25.0673667Z (ApiServer_0 pid=198) WARNING 04-07 17:39:25 [envs.py:1717] Unknown vLLM environment variable detected: VLLM_DEEPSEEK_V3_2_W8A8_A3_DUAL_NODES_C05AFD_LEADER_PORT_8080_TCP_PORT
2026-04-07T17:39:25.0685137Z (ApiServer_0 pid=198) WARNING 04-07 17:39:25 [envs.py:1717] Unknown vLLM environment variable detected: VLLM_ASCEND_ENABLE_MLAPO
2026-04-07T17:39:25.0696198Z (ApiServer_0 pid=198) WARNING 04-07 17:39:25 [envs.py:1717] Unknown vLLM environment variable detected: VLLM_ASCEND_ENABLE_FLASHCOMM1
2026-04-07T17:39:25.0707768Z (ApiServer_0 pid=198) The argument `trust_remote_code` is to be used with Auto classes. It has no effect here and is ignored.
2026-04-07T17:39:25.0718924Z (ApiServer_0 pid=198) You are using a model of type deepseek_v32 to instantiate a model of type deepseek_v3. This is not supported for all configurations of models and can yield errors.
2026-04-07T17:39:25.0728573Z [2026-04-07 17:39:25.058440][UC][I] Resolved architecture: DeepseekV32ForCausalLM [198,198][model.py:533,__post_init__]
2026-04-07T17:39:25.0740875Z [2026-04-07 17:39:25.058761][UC][I] Using max model len 68000 [198,198][model.py:1582,get_and_verify_max_len]
2026-04-07T17:39:25.0955518Z [2026-04-07 17:39:25.093731][UC][W] method `deepseek_mtp` is deprecated and replaced with mtp. [201,201][speculative.py:355,__post_init__]
2026-04-07T17:39:25.0979470Z (ApiServer_3 pid=201) The argument `trust_remote_code` is to be used with Auto classes. It has no effect here and is ignored.
2026-04-07T17:39:25.0990891Z (ApiServer_3 pid=201) You are using a model of type deepseek_v32 to instantiate a model of type deepseek_v3. This is not supported for all configurations of models and can yield errors.
2026-04-07T17:39:25.1003737Z (ApiServer_1 pid=199) WARNING 04-07 17:39:25 [envs.py:1717] Unknown vLLM environment variable detected: VLLM_VERSION
2026-04-07T17:39:25.1014608Z (ApiServer_1 pid=199) WARNING 04-07 17:39:25 [envs.py:1717] Unknown vLLM environment variable detected: VLLM_DEEPSEEK_V3_2_W8A8_A3_DUAL_NODES_C05AFD_LEADER_SERVICE_HOST
2026-04-07T17:39:25.1025635Z (ApiServer_1 pid=199) WARNING 04-07 17:39:25 [envs.py:1717] Unknown vLLM environment variable detected: VLLM_QWEN3_235B_A22B_687E41_LEADER_PORT_8080_TCP
2026-04-07T17:39:25.1057029Z (ApiServer_1 pid=199) WARNING 04-07 17:39:25 [envs.py:1717] Unknown vLLM environment variable detected: VLLM_ASCEND_VERSION
2026-04-07T17:39:25.1061529Z (ApiServer_1 pid=199) WARNING 04-07 17:39:25 [envs.py:1717] Unknown vLLM environment variable detected: VLLM_DEEPSEEK_V3_2_W8A8_A3_DUAL_NODES_C05AFD_LEADER_SERVICE_PORT_HTTP
2026-04-07T17:39:25.1076698Z (ApiServer_1 pid=199) WARNING 04-07 17:39:25 [envs.py:1717] Unknown vLLM environment variable detected: VLLM_QWEN3_235B_A22B_687E41_LEADER_PORT_8080_TCP_PROTO
2026-04-07T17:39:25.1092401Z (ApiServer_1 pid=199) WARNING 04-07 17:39:25 [envs.py:1717] Unknown vLLM environment variable detected: VLLM_QWEN3_235B_A22B_687E41_LEADER_PORT_8080_TCP_PORT
2026-04-07T17:39:25.1140934Z (ApiServer_1 pid=199) WARNING 04-07 17:39:25 [envs.py:1717] Unknown vLLM environment variable detected: VLLM_QWEN3_235B_A22B_687E41_LEADER_SERVICE_PORT
2026-04-07T17:39:25.1141900Z (ApiServer_1 pid=199) WARNING 04-07 17:39:25 [envs.py:1717] Unknown vLLM environment variable detected: VLLM_QWEN3_235B_A22B_687E41_LEADER_PORT
2026-04-07T17:39:25.1142854Z (ApiServer_1 pid=199) WARNING 04-07 17:39:25 [envs.py:1717] Unknown vLLM environment variable detected: VLLM_DEEPSEEK_V3_2_W8A8_A3_DUAL_NODES_C05AFD_LEADER_PORT_8080_TCP
2026-04-07T17:39:25.1143841Z (ApiServer_1 pid=199) WARNING 04-07 17:39:25 [envs.py:1717] Unknown vLLM environment variable detected: VLLM_QWEN3_235B_A22B_687E41_LEADER_SERVICE_PORT_HTTP
2026-04-07T17:39:25.1157305Z (ApiServer_1 pid=199) WARNING 04-07 17:39:25 [envs.py:1717] Unknown vLLM environment variable detected: VLLM_DEEPSEEK_V3_2_W8A8_A3_DUAL_NODES_C05AFD_LEADER_PORT_8080_TCP_PROTO
2026-04-07T17:39:25.1170016Z (ApiServer_1 pid=199) WARNING 04-07 17:39:25 [envs.py:1717] Unknown vLLM environment variable detected: VLLM_CI_RUNNER
2026-04-07T17:39:25.1181474Z (ApiServer_1 pid=199) WARNING 04-07 17:39:25 [envs.py:1717] Unknown vLLM environment variable detected: VLLM_DEEPSEEK_V3_2_W8A8_A3_DUAL_NODES_C05AFD_LEADER_PORT
2026-04-07T17:39:25.1192288Z (ApiServer_1 pid=199) WARNING 04-07 17:39:25 [envs.py:1717] Unknown vLLM environment variable detected: VLLM_QWEN3_235B_A22B_687E41_LEADER_SERVICE_HOST
2026-04-07T17:39:25.1203198Z (ApiServer_1 pid=199) WARNING 04-07 17:39:25 [envs.py:1717] Unknown vLLM environment variable detected: VLLM_QWEN3_235B_A22B_687E41_LEADER_PORT_8080_TCP_ADDR
2026-04-07T17:39:25.1213538Z (ApiServer_1 pid=199) WARNING 04-07 17:39:25 [envs.py:1717] Unknown vLLM environment variable detected: VLLM_ASCEND_REMOTE_URL
2026-04-07T17:39:25.1225079Z (ApiServer_1 pid=199) WARNING 04-07 17:39:25 [envs.py:1717] Unknown vLLM environment variable detected: VLLM_DEEPSEEK_V3_2_W8A8_A3_DUAL_NODES_C05AFD_LEADER_SERVICE_PORT
2026-04-07T17:39:25.1236817Z (ApiServer_1 pid=199) WARNING 04-07 17:39:25 [envs.py:1717] Unknown vLLM environment variable detected: VLLM_ASCEND_REF
2026-04-07T17:39:25.1252520Z (ApiServer_1 pid=199) WARNING 04-07 17:39:25 [envs.py:1717] Unknown vLLM environment variable detected: VLLM_DEEPSEEK_V3_2_W8A8_A3_DUAL_NODES_C05AFD_LEADER_PORT_8080_TCP_ADDR
2026-04-07T17:39:25.1275944Z (ApiServer_1 pid=199) WARNING 04-07 17:39:25 [envs.py:1717] Unknown vLLM environment variable detected: VLLM_DEEPSEEK_V3_2_W8A8_A3_DUAL_NODES_C05AFD_LEADER_PORT_8080_TCP_PORT
2026-04-07T17:39:25.1293739Z (ApiServer_1 pid=199) WARNING 04-07 17:39:25 [envs.py:1717] Unknown vLLM environment variable detected: VLLM_ASCEND_ENABLE_MLAPO
2026-04-07T17:39:25.1298549Z (ApiServer_1 pid=199) WARNING 04-07 17:39:25 [envs.py:1717] Unknown vLLM environment variable detected: VLLM_ASCEND_ENABLE_FLASHCOMM1
2026-04-07T17:39:25.1309093Z [2026-04-07 17:39:25.102899][UC][I] Resolved architecture: DeepSeekMTPModel [201,201][model.py:533,__post_init__]
2026-04-07T17:39:25.1320939Z [2026-04-07 17:39:25.103140][UC][I] Using max model len 163840 [201,201][model.py:1582,get_and_verify_max_len]
2026-04-07T17:39:25.1332243Z [2026-04-07 17:39:25.103230][UC][W] Enabling num_speculative_tokens > 1 will run multiple times of forward on same MTP layer,which may result in lower acceptance rate [201,201][speculative.py:499,__post_init__]
2026-04-07T17:39:25.1343228Z [2026-04-07 17:39:25.103417][UC][I] Chunked prefill is enabled with max_num_batched_tokens=4096. [201,201][scheduler.py:231,__post_init__]
2026-04-07T17:39:25.1365596Z (ApiServer_1 pid=199) The argument `trust_remote_code` is to be used with Auto classes. It has no effect here and is ignored.
2026-04-07T17:39:25.1386115Z (ApiServer_1 pid=199) You are using a model of type deepseek_v32 to instantiate a model of type deepseek_v3. This is not supported for all configurations of models and can yield errors.
2026-04-07T17:39:25.1397758Z [2026-04-07 17:39:25.112307][UC][I] Resolved architecture: DeepseekV32ForCausalLM [199,199][model.py:533,__post_init__]
2026-04-07T17:39:25.1409455Z [2026-04-07 17:39:25.112629][UC][I] Using max model len 68000 [199,199][model.py:1582,get_and_verify_max_len]
2026-04-07T17:39:25.1782068Z [2026-04-07 17:39:25.176363][UC][W] method `deepseek_mtp` is deprecated and replaced with mtp. [200,200][speculative.py:355,__post_init__]
2026-04-07T17:39:25.1809479Z (ApiServer_2 pid=200) The argument `trust_remote_code` is to be used with Auto classes. It has no effect here and is ignored.
2026-04-07T17:39:25.1820412Z (ApiServer_2 pid=200) You are using a model of type deepseek_v32 to instantiate a model of type deepseek_v3. This is not supported for all configurations of models and can yield errors.
2026-04-07T17:39:25.1868079Z [2026-04-07 17:39:25.184998][UC][I] Resolved architecture: DeepSeekMTPModel [200,200][model.py:533,__post_init__]
2026-04-07T17:39:25.1887743Z [2026-04-07 17:39:25.185230][UC][I] Using max model len 163840 [200,200][model.py:1582,get_and_verify_max_len]
2026-04-07T17:39:25.1899492Z [2026-04-07 17:39:25.185307][UC][W] Enabling num_speculative_tokens > 1 will run multiple times of forward on same MTP layer,which may result in lower acceptance rate [200,200][speculative.py:499,__post_init__]
2026-04-07T17:39:25.1909820Z [2026-04-07 17:39:25.185475][UC][I] Chunked prefill is enabled with max_num_batched_tokens=4096. [200,200][scheduler.py:231,__post_init__]
2026-04-07T17:39:25.2199477Z [2026-04-07 17:39:25.218190][UC][I] Asynchronous scheduling is enabled. [201,201][vllm.py:754,__post_init__]
2026-04-07T17:39:25.2210395Z [2026-04-07 17:39:25.218238][UC][I] Disabling NCCL for DP synchronization when using async scheduling. [201,201][vllm.py:764,__post_init__]
2026-04-07T17:39:25.2222139Z (ApiServer_3 pid=201) WARNING 04-07 17:39:25 [platform.py:749] Parameter '--disable-cascade-attn' is a GPU-specific feature. Resetting to False for Ascend.
2026-04-07T17:39:25.2232398Z (ApiServer_3 pid=201) WARNING 04-07 17:39:25 [platform.py:797] Speculative quantization is set but Ascend automatically uses the main model's quantization method. Resetting to None.
2026-04-07T17:39:25.2242328Z (ApiServer_3 pid=201) WARNING 04-07 17:39:25 [platform.py:838] Ignored parameter 'disable_flashinfer_prefill'. This is a GPU-specific feature not supported on Ascend. Resetting to False.
2026-04-07T17:39:25.2252204Z (ApiServer_3 pid=201) INFO 04-07 17:39:25 [ascend_config.py:425] Dynamic EPLB is False
2026-04-07T17:39:25.2262356Z (ApiServer_3 pid=201) INFO 04-07 17:39:25 [ascend_config.py:426] The number of redundant experts is 0
2026-04-07T17:39:25.2273779Z (ApiServer_3 pid=201) INFO 04-07 17:39:25 [ascend_config.py:57] Linear layer sharding enabled with config: ['q_b_proj', 'o_proj']. Note: This feature works optimally with FLASHCOMM2 and DSA-CP enabled; using it without these features may result in significant performance degradation.
2026-04-07T17:39:25.2284366Z (ApiServer_3 pid=201) INFO 04-07 17:39:25 [platform.py:377] FULL_DECODE_ONLY compilation enabled on NPU. use_inductor not supported - using only ACL Graph mode
2026-04-07T17:39:25.2295139Z (ApiServer_3 pid=201) WARNING 04-07 17:39:25 [platform.py:394] [91m
2026-04-07T17:39:25.2305755Z (ApiServer_3 pid=201) WARNING 04-07 17:39:25 [platform.py:394]             **********************************************************************************
2026-04-07T17:39:25.2317012Z (ApiServer_3 pid=201) WARNING 04-07 17:39:25 [platform.py:394]             * WARNING: You have enabled the *full graph* feature.
2026-04-07T17:39:25.2332452Z (ApiServer_3 pid=201) WARNING 04-07 17:39:25 [platform.py:394]             * This is an early experimental stage and may involve various unknown issues.
2026-04-07T17:39:25.2351112Z (ApiServer_3 pid=201) WARNING 04-07 17:39:25 [platform.py:394]             * A known problem is that capturing too many batch sizes can lead to OOM
2026-04-07T17:39:25.2363782Z (ApiServer_3 pid=201) WARNING 04-07 17:39:25 [platform.py:394]             * (Out of Memory) errors or inference hangs. If you encounter such issues,
2026-04-07T17:39:25.2374554Z (ApiServer_3 pid=201) WARNING 04-07 17:39:25 [platform.py:394]             * consider reducing `gpu_memory_utilization` or manually specifying a smaller
2026-04-07T17:39:25.2385288Z (ApiServer_3 pid=201) WARNING 04-07 17:39:25 [platform.py:394]             * batch size for graph capture.
2026-04-07T17:39:25.2395128Z (ApiServer_3 pid=201) WARNING 04-07 17:39:25 [platform.py:394]             * For more details, please refer to:
2026-04-07T17:39:25.2405699Z (ApiServer_3 pid=201) WARNING 04-07 17:39:25 [platform.py:394]             * https://docs.vllm.ai/en/stable/configuration/conserving_memory.html#reduce-cuda-graphs
2026-04-07T17:39:25.2417348Z (ApiServer_3 pid=201) WARNING 04-07 17:39:25 [platform.py:394]             **********************************************************************************[0m
2026-04-07T17:39:25.2427041Z (ApiServer_3 pid=201) WARNING 04-07 17:39:25 [platform.py:394]             
2026-04-07T17:39:25.2437844Z (ApiServer_3 pid=201) INFO 04-07 17:39:25 [utils.py:1114] Block size is set to 128 if prefix cache or chunked prefill is enabled.
2026-04-07T17:39:25.2448399Z (ApiServer_3 pid=201) INFO 04-07 17:39:25 [platform.py:502] Set PYTORCH_NPU_ALLOC_CONF=expandable_segments:True
2026-04-07T17:39:25.2460278Z [2026-04-07 17:39:25.219413][UC][I] Enabled custom fusions: norm_quant, act_quant [201,201][compilation.py:289,log_enabled_passes]
2026-04-07T17:39:25.2757554Z (ApiServer_3 pid=201) The tokenizer class you load from this checkpoint is not the same type as the class this function is called from. It may result in unexpected tokenization. 
2026-04-07T17:39:25.2768167Z (ApiServer_3 pid=201) The tokenizer class you load from this checkpoint is 'LlamaTokenizerFast'. 
2026-04-07T17:39:25.2778865Z (ApiServer_3 pid=201) The class this function is called from is 'PreTrainedTokenizerFast'.
2026-04-07T17:39:25.3027168Z [2026-04-07 17:39:25.299186][UC][I] Asynchronous scheduling is enabled. [200,200][vllm.py:754,__post_init__]
2026-04-07T17:39:25.3038004Z [2026-04-07 17:39:25.299223][UC][I] Disabling NCCL for DP synchronization when using async scheduling. [200,200][vllm.py:764,__post_init__]
2026-04-07T17:39:25.3048702Z (ApiServer_2 pid=200) WARNING 04-07 17:39:25 [platform.py:749] Parameter '--disable-cascade-attn' is a GPU-specific feature. Resetting to False for Ascend.
2026-04-07T17:39:25.3061006Z (ApiServer_2 pid=200) WARNING 04-07 17:39:25 [platform.py:797] Speculative quantization is set but Ascend automatically uses the main model's quantization method. Resetting to None.
2026-04-07T17:39:25.3071416Z (ApiServer_2 pid=200) WARNING 04-07 17:39:25 [platform.py:838] Ignored parameter 'disable_flashinfer_prefill'. This is a GPU-specific feature not supported on Ascend. Resetting to False.
2026-04-07T17:39:25.3081616Z (ApiServer_2 pid=200) INFO 04-07 17:39:25 [ascend_config.py:425] Dynamic EPLB is False
2026-04-07T17:39:25.3093424Z (ApiServer_2 pid=200) INFO 04-07 17:39:25 [ascend_config.py:426] The number of redundant experts is 0
2026-04-07T17:39:25.3106060Z (ApiServer_2 pid=200) INFO 04-07 17:39:25 [ascend_config.py:57] Linear layer sharding enabled with config: ['q_b_proj', 'o_proj']. Note: This feature works optimally with FLASHCOMM2 and DSA-CP enabled; using it without these features may result in significant performance degradation.
2026-04-07T17:39:25.3122574Z (ApiServer_2 pid=200) INFO 04-07 17:39:25 [platform.py:377] FULL_DECODE_ONLY compilation enabled on NPU. use_inductor not supported - using only ACL Graph mode
2026-04-07T17:39:25.3135442Z (ApiServer_2 pid=200) WARNING 04-07 17:39:25 [platform.py:394] [91m
2026-04-07T17:39:25.3145928Z (ApiServer_2 pid=200) WARNING 04-07 17:39:25 [platform.py:394]             **********************************************************************************
2026-04-07T17:39:25.3156771Z (ApiServer_2 pid=200) WARNING 04-07 17:39:25 [platform.py:394]             * WARNING: You have enabled the *full graph* feature.
2026-04-07T17:39:25.3167082Z (ApiServer_2 pid=200) WARNING 04-07 17:39:25 [platform.py:394]             * This is an early experimental stage and may involve various unknown issues.
2026-04-07T17:39:25.3177658Z (ApiServer_2 pid=200) WARNING 04-07 17:39:25 [platform.py:394]             * A known problem is that capturing too many batch sizes can lead to OOM
2026-04-07T17:39:25.3188062Z (ApiServer_2 pid=200) WARNING 04-07 17:39:25 [platform.py:394]             * (Out of Memory) errors or inference hangs. If you encounter such issues,
2026-04-07T17:39:25.3199138Z (ApiServer_2 pid=200) WARNING 04-07 17:39:25 [platform.py:394]             * consider reducing `gpu_memory_utilization` or manually specifying a smaller
2026-04-07T17:39:25.3209677Z (ApiServer_2 pid=200) WARNING 04-07 17:39:25 [platform.py:394]             * batch size for graph capture.
2026-04-07T17:39:25.3220603Z (ApiServer_2 pid=200) WARNING 04-07 17:39:25 [platform.py:394]             * For more details, please refer to:
2026-04-07T17:39:25.3241472Z (ApiServer_2 pid=200) WARNING 04-07 17:39:25 [platform.py:394]             * https://docs.vllm.ai/en/stable/configuration/conserving_memory.html#reduce-cuda-graphs
2026-04-07T17:39:25.3263241Z (ApiServer_2 pid=200) WARNING 04-07 17:39:25 [platform.py:394]             **********************************************************************************[0m
2026-04-07T17:39:25.3281033Z (ApiServer_2 pid=200) WARNING 04-07 17:39:25 [platform.py:394]             
2026-04-07T17:39:25.3294316Z (ApiServer_2 pid=200) INFO 04-07 17:39:25 [utils.py:1114] Block size is set to 128 if prefix cache or chunked prefill is enabled.
2026-04-07T17:39:25.3305289Z (ApiServer_2 pid=200) INFO 04-07 17:39:25 [platform.py:502] Set PYTORCH_NPU_ALLOC_CONF=expandable_segments:True
2026-04-07T17:39:25.3316347Z [2026-04-07 17:39:25.300245][UC][I] Enabled custom fusions: norm_quant, act_quant [200,200][compilation.py:289,log_enabled_passes]
2026-04-07T17:39:25.3354108Z (ApiServer_2 pid=200) The tokenizer class you load from this checkpoint is not the same type as the class this function is called from. It may result in unexpected tokenization. 
2026-04-07T17:39:25.3368731Z (ApiServer_2 pid=200) The tokenizer class you load from this checkpoint is 'LlamaTokenizerFast'. 
2026-04-07T17:39:25.3380339Z (ApiServer_2 pid=200) The class this function is called from is 'PreTrainedTokenizerFast'.
2026-04-07T17:39:25.4824582Z [2026-04-07 17:39:25.470034][UC][W] method `deepseek_mtp` is deprecated and replaced with mtp. [198,198][speculative.py:355,__post_init__]
2026-04-07T17:39:25.4833316Z (ApiServer_0 pid=198) The argument `trust_remote_code` is to be used with Auto classes. It has no effect here and is ignored.
2026-04-07T17:39:25.4850313Z (ApiServer_0 pid=198) You are using a model of type deepseek_v32 to instantiate a model of type deepseek_v3. This is not supported for all configurations of models and can yield errors.
2026-04-07T17:39:25.4854883Z [2026-04-07 17:39:25.478842][UC][I] Resolved architecture: DeepSeekMTPModel [198,198][model.py:533,__post_init__]
2026-04-07T17:39:25.4865836Z [2026-04-07 17:39:25.479093][UC][I] Using max model len 163840 [198,198][model.py:1582,get_and_verify_max_len]
2026-04-07T17:39:25.4876071Z [2026-04-07 17:39:25.479185][UC][W] Enabling num_speculative_tokens > 1 will run multiple times of forward on same MTP layer,which may result in lower acceptance rate [198,198][speculative.py:499,__post_init__]
2026-04-07T17:39:25.4885823Z [2026-04-07 17:39:25.479375][UC][I] Chunked prefill is enabled with max_num_batched_tokens=4096. [198,198][scheduler.py:231,__post_init__]
2026-04-07T17:39:25.5385663Z [2026-04-07 17:39:25.536744][UC][W] method `deepseek_mtp` is deprecated and replaced with mtp. [199,199][speculative.py:355,__post_init__]
2026-04-07T17:39:25.5411591Z (ApiServer_1 pid=199) The argument `trust_remote_code` is to be used with Auto classes. It has no effect here and is ignored.
2026-04-07T17:39:25.5423686Z (ApiServer_1 pid=199) You are using a model of type deepseek_v32 to instantiate a model of type deepseek_v3. This is not supported for all configurations of models and can yield errors.
2026-04-07T17:39:25.5491930Z [2026-04-07 17:39:25.545804][UC][I] Resolved architecture: DeepSeekMTPModel [199,199][model.py:533,__post_init__]
2026-04-07T17:39:25.5503271Z [2026-04-07 17:39:25.546083][UC][I] Using max model len 163840 [199,199][model.py:1582,get_and_verify_max_len]
2026-04-07T17:39:25.5514475Z [2026-04-07 17:39:25.546186][UC][W] Enabling num_speculative_tokens > 1 will run multiple times of forward on same MTP layer,which may result in lower acceptance rate [199,199][speculative.py:499,__post_init__]
2026-04-07T17:39:25.5524642Z [2026-04-07 17:39:25.546393][UC][I] Chunked prefill is enabled with max_num_batched_tokens=4096. [199,199][scheduler.py:231,__post_init__]
2026-04-07T17:39:25.5951328Z [2026-04-07 17:39:25.593356][UC][I] Asynchronous scheduling is enabled. [198,198][vllm.py:754,__post_init__]
2026-04-07T17:39:25.5962163Z [2026-04-07 17:39:25.593403][UC][I] Disabling NCCL for DP synchronization when using async scheduling. [198,198][vllm.py:764,__post_init__]
2026-04-07T17:39:25.5977142Z (ApiServer_0 pid=198) WARNING 04-07 17:39:25 [platform.py:749] Parameter '--disable-cascade-attn' is a GPU-specific feature. Resetting to False for Ascend.
2026-04-07T17:39:25.5987579Z (ApiServer_0 pid=198) WARNING 04-07 17:39:25 [platform.py:797] Speculative quantization is set but Ascend automatically uses the main model's quantization method. Resetting to None.
2026-04-07T17:39:25.5998799Z (ApiServer_0 pid=198) WARNING 04-07 17:39:25 [platform.py:838] Ignored parameter 'disable_flashinfer_prefill'. This is a GPU-specific feature not supported on Ascend. Resetting to False.
2026-04-07T17:39:25.6009204Z (ApiServer_0 pid=198) INFO 04-07 17:39:25 [ascend_config.py:425] Dynamic EPLB is False
2026-04-07T17:39:25.6020581Z (ApiServer_0 pid=198) INFO 04-07 17:39:25 [ascend_config.py:426] The number of redundant experts is 0
2026-04-07T17:39:25.6032684Z (ApiServer_0 pid=198) INFO 04-07 17:39:25 [ascend_config.py:57] Linear layer sharding enabled with config: ['q_b_proj', 'o_proj']. Note: This feature works optimally with FLASHCOMM2 and DSA-CP enabled; using it without these features may result in significant performance degradation.
2026-04-07T17:39:25.6043252Z (ApiServer_0 pid=198) INFO 04-07 17:39:25 [platform.py:377] FULL_DECODE_ONLY compilation enabled on NPU. use_inductor not supported - using only ACL Graph mode
2026-04-07T17:39:25.6053998Z (ApiServer_0 pid=198) WARNING 04-07 17:39:25 [platform.py:394] [91m
2026-04-07T17:39:25.6064387Z (ApiServer_0 pid=198) WARNING 04-07 17:39:25 [platform.py:394]             **********************************************************************************
2026-04-07T17:39:25.6074866Z (ApiServer_0 pid=198) WARNING 04-07 17:39:25 [platform.py:394]             * WARNING: You have enabled the *full graph* feature.
2026-04-07T17:39:25.6084720Z (ApiServer_0 pid=198) WARNING 04-07 17:39:25 [platform.py:394]             * This is an early experimental stage and may involve various unknown issues.
2026-04-07T17:39:25.6096276Z (ApiServer_0 pid=198) WARNING 04-07 17:39:25 [platform.py:394]             * A known problem is that capturing too many batch sizes can lead to OOM
2026-04-07T17:39:25.6107247Z (ApiServer_0 pid=198) WARNING 04-07 17:39:25 [platform.py:394]             * (Out of Memory) errors or inference hangs. If you encounter such issues,
2026-04-07T17:39:25.6118112Z (ApiServer_0 pid=198) WARNING 04-07 17:39:25 [platform.py:394]             * consider reducing `gpu_memory_utilization` or manually specifying a smaller
2026-04-07T17:39:25.6128848Z (ApiServer_0 pid=198) WARNING 04-07 17:39:25 [platform.py:394]             * batch size for graph capture.
2026-04-07T17:39:25.6140077Z (ApiServer_0 pid=198) WARNING 04-07 17:39:25 [platform.py:394]             * For more details, please refer to:
2026-04-07T17:39:25.6151385Z (ApiServer_0 pid=198) WARNING 04-07 17:39:25 [platform.py:394]             * https://docs.vllm.ai/en/stable/configuration/conserving_memory.html#reduce-cuda-graphs
2026-04-07T17:39:25.6162801Z (ApiServer_0 pid=198) WARNING 04-07 17:39:25 [platform.py:394]             **********************************************************************************[0m
2026-04-07T17:39:25.6172872Z (ApiServer_0 pid=198) WARNING 04-07 17:39:25 [platform.py:394]             
2026-04-07T17:39:25.6183714Z (ApiServer_0 pid=198) INFO 04-07 17:39:25 [utils.py:1114] Block size is set to 128 if prefix cache or chunked prefill is enabled.
2026-04-07T17:39:25.6204048Z (ApiServer_0 pid=198) INFO 04-07 17:39:25 [platform.py:502] Set PYTORCH_NPU_ALLOC_CONF=expandable_segments:True
2026-04-07T17:39:25.6204842Z [2026-04-07 17:39:25.594553][UC][I] Enabled custom fusions: norm_quant, act_quant [198,198][compilation.py:289,log_enabled_passes]
2026-04-07T17:39:25.6305512Z (ApiServer_0 pid=198) The tokenizer class you load from this checkpoint is not the same type as the class this function is called from. It may result in unexpected tokenization. 
2026-04-07T17:39:25.6315453Z (ApiServer_0 pid=198) The tokenizer class you load from this checkpoint is 'LlamaTokenizerFast'. 
2026-04-07T17:39:25.6325430Z (ApiServer_0 pid=198) The class this function is called from is 'PreTrainedTokenizerFast'.
2026-04-07T17:39:25.6657012Z [2026-04-07 17:39:25.663851][UC][I] Asynchronous scheduling is enabled. [199,199][vllm.py:754,__post_init__]
2026-04-07T17:39:25.6667797Z [2026-04-07 17:39:25.663898][UC][I] Disabling NCCL for DP synchronization when using async scheduling. [199,199][vllm.py:764,__post_init__]
2026-04-07T17:39:25.6688013Z (ApiServer_1 pid=199) WARNING 04-07 17:39:25 [platform.py:749] Parameter '--disable-cascade-attn' is a GPU-specific feature. Resetting to False for Ascend.
2026-04-07T17:39:25.6698757Z (ApiServer_1 pid=199) WARNING 04-07 17:39:25 [platform.py:797] Speculative quantization is set but Ascend automatically uses the main model's quantization method. Resetting to None.
2026-04-07T17:39:25.6709251Z (ApiServer_1 pid=199) WARNING 04-07 17:39:25 [platform.py:838] Ignored parameter 'disable_flashinfer_prefill'. This is a GPU-specific feature not supported on Ascend. Resetting to False.
2026-04-07T17:39:25.6718453Z (ApiServer_1 pid=199) INFO 04-07 17:39:25 [ascend_config.py:425] Dynamic EPLB is False
2026-04-07T17:39:25.6728623Z (ApiServer_1 pid=199) INFO 04-07 17:39:25 [ascend_config.py:426] The number of redundant experts is 0
2026-04-07T17:39:25.6741447Z (ApiServer_1 pid=199) INFO 04-07 17:39:25 [ascend_config.py:57] Linear layer sharding enabled with config: ['q_b_proj', 'o_proj']. Note: This feature works optimally with FLASHCOMM2 and DSA-CP enabled; using it without these features may result in significant performance degradation.
2026-04-07T17:39:25.6751498Z (ApiServer_1 pid=199) INFO 04-07 17:39:25 [platform.py:377] FULL_DECODE_ONLY compilation enabled on NPU. use_inductor not supported - using only ACL Graph mode
2026-04-07T17:39:25.6761191Z (ApiServer_1 pid=199) WARNING 04-07 17:39:25 [platform.py:394] [91m
2026-04-07T17:39:25.6773193Z (ApiServer_1 pid=199) WARNING 04-07 17:39:25 [platform.py:394]             **********************************************************************************
2026-04-07T17:39:25.6785009Z (ApiServer_1 pid=199) WARNING 04-07 17:39:25 [platform.py:394]             * WARNING: You have enabled the *full graph* feature.
2026-04-07T17:39:25.6796034Z (ApiServer_1 pid=199) WARNING 04-07 17:39:25 [platform.py:394]             * This is an early experimental stage and may involve various unknown issues.
2026-04-07T17:39:25.6807129Z (ApiServer_1 pid=199) WARNING 04-07 17:39:25 [platform.py:394]             * A known problem is that capturing too many batch sizes can lead to OOM
2026-04-07T17:39:25.6817326Z (ApiServer_1 pid=199) WARNING 04-07 17:39:25 [platform.py:394]             * (Out of Memory) errors or inference hangs. If you encounter such issues,
2026-04-07T17:39:25.6827891Z (ApiServer_1 pid=199) WARNING 04-07 17:39:25 [platform.py:394]             * consider reducing `gpu_memory_utilization` or manually specifying a smaller
2026-04-07T17:39:25.6837577Z (ApiServer_1 pid=199) WARNING 04-07 17:39:25 [platform.py:394]             * batch size for graph capture.
2026-04-07T17:39:25.6847820Z (ApiServer_1 pid=199) WARNING 04-07 17:39:25 [platform.py:394]             * For more details, please refer to:
2026-04-07T17:39:25.6858757Z (ApiServer_1 pid=199) WARNING 04-07 17:39:25 [platform.py:394]             * https://docs.vllm.ai/en/stable/configuration/conserving_memory.html#reduce-cuda-graphs
2026-04-07T17:39:25.6868956Z (ApiServer_1 pid=199) WARNING 04-07 17:39:25 [platform.py:394]             **********************************************************************************[0m
2026-04-07T17:39:25.6879353Z (ApiServer_1 pid=199) WARNING 04-07 17:39:25 [platform.py:394]             
2026-04-07T17:39:25.6889804Z (ApiServer_1 pid=199) INFO 04-07 17:39:25 [utils.py:1114] Block size is set to 128 if prefix cache or chunked prefill is enabled.
2026-04-07T17:39:25.6900152Z (ApiServer_1 pid=199) INFO 04-07 17:39:25 [platform.py:502] Set PYTORCH_NPU_ALLOC_CONF=expandable_segments:True
2026-04-07T17:39:25.6911344Z [2026-04-07 17:39:25.665082][UC][I] Enabled custom fusions: norm_quant, act_quant [199,199][compilation.py:289,log_enabled_passes]
2026-04-07T17:39:25.7011268Z (ApiServer_1 pid=199) The tokenizer class you load from this checkpoint is not the same type as the class this function is called from. It may result in unexpected tokenization. 
2026-04-07T17:39:25.7021596Z (ApiServer_1 pid=199) The tokenizer class you load from this checkpoint is 'LlamaTokenizerFast'. 
2026-04-07T17:39:25.7032830Z (ApiServer_1 pid=199) The class this function is called from is 'PreTrainedTokenizerFast'.
2026-04-07T17:39:29.3211031Z 2026-04-07 17:39:29,318 - 228 - vllmProfiler - INFO - VLLM_USE_V1 not set, auto-detected via vLLM 0.18.0+empty: default 1
2026-04-07T17:39:29.3248832Z [2026-04-07 17:39:29.322857][UC][I] Registered model loader `<class 'vllm_ascend.model_loader.netloader.netloader.ModelNetLoaderElastic'>` with load format `netloader` [228,228][__init__.py:110,_wrapper]
2026-04-07T17:39:29.3380494Z [2026-04-07 17:39:29.336062][UC][I] Registered model loader `<class 'vllm_ascend.model_loader.rfork.rfork_loader.RForkModelLoader'>` with load format `rfork` [228,228][__init__.py:110,_wrapper]
2026-04-07T17:39:29.3430992Z 2026-04-07 17:39:29,341 - 229 - vllmProfiler - INFO - VLLM_USE_V1 not set, auto-detected via vLLM 0.18.0+empty: default 1
2026-04-07T17:39:29.3472867Z [2026-04-07 17:39:29.345481][UC][I] Registered model loader `<class 'vllm_ascend.model_loader.netloader.netloader.ModelNetLoaderElastic'>` with load format `netloader` [229,229][__init__.py:110,_wrapper]
2026-04-07T17:39:29.3600521Z [2026-04-07 17:39:29.358168][UC][I] Registered model loader `<class 'vllm_ascend.model_loader.rfork.rfork_loader.RForkModelLoader'>` with load format `rfork` [229,229][__init__.py:110,_wrapper]
2026-04-07T17:39:31.9926290Z INFO 04-07 17:39:31 [ascend_config.py:425] Dynamic EPLB is False
2026-04-07T17:39:31.9939218Z INFO 04-07 17:39:31 [ascend_config.py:425] Dynamic EPLB is False
2026-04-07T17:39:31.9952758Z INFO 04-07 17:39:31 [ascend_config.py:426] The number of redundant experts is 0
2026-04-07T17:39:31.9967135Z INFO 04-07 17:39:31 [ascend_config.py:426] The number of redundant experts is 0
2026-04-07T17:39:31.9980913Z INFO 04-07 17:39:31 [ascend_config.py:57] Linear layer sharding enabled with config: ['q_b_proj', 'o_proj']. Note: This feature works optimally with FLASHCOMM2 and DSA-CP enabled; using it without these features may result in significant performance degradation.
2026-04-07T17:39:31.9994838Z INFO 04-07 17:39:31 [ascend_config.py:57] Linear layer sharding enabled with config: ['q_b_proj', 'o_proj']. Note: This feature works optimally with FLASHCOMM2 and DSA-CP enabled; using it without these features may result in significant performance degradation.
2026-04-07T17:39:34.0086732Z INFO 04-07 17:39:34 [__init__.py:44] Available plugins for group vllm.platform_plugins:
2026-04-07T17:39:34.0098913Z INFO 04-07 17:39:34 [__init__.py:46] - ascend -> vllm_ascend:register
2026-04-07T17:39:34.0110779Z INFO 04-07 17:39:34 [__init__.py:49] All plugins in this group will be loaded. Set `VLLM_PLUGINS` to control which plugins to load.
2026-04-07T17:39:34.0171713Z INFO 04-07 17:39:34 [__init__.py:239] Platform plugin ascend is activated
2026-04-07T17:39:34.1817577Z INFO 04-07 17:39:34 [__init__.py:44] Available plugins for group vllm.platform_plugins:
2026-04-07T17:39:34.1827686Z INFO 04-07 17:39:34 [__init__.py:46] - ascend -> vllm_ascend:register
2026-04-07T17:39:34.1841927Z INFO 04-07 17:39:34 [__init__.py:49] All plugins in this group will be loaded. Set `VLLM_PLUGINS` to control which plugins to load.
2026-04-07T17:39:34.1907824Z INFO 04-07 17:39:34 [__init__.py:239] Platform plugin ascend is activated
2026-04-07T17:39:35.3833811Z [2026-04-07 17:39:35.380824][UC][I] world_size=32 rank=8 local_rank=0 distributed_init_method=tcp://10.0.0.174:55193 backend=hccl [228,228][parallel_state.py:1395,init_distributed_environment]
2026-04-07T17:39:35.4863463Z [2026-04-07 17:39:35.484038][UC][I] world_size=32 rank=0 local_rank=0 distributed_init_method=tcp://10.0.0.174:55193 backend=hccl [229,229][parallel_state.py:1395,init_distributed_environment]
2026-04-07T17:39:39.8903571Z 2026-04-07 17:39:39,887 - 300 - vllmProfiler - INFO - VLLM_USE_V1 not set, auto-detected via vLLM 0.18.0+empty: default 1
2026-04-07T17:39:39.8940268Z [2026-04-07 17:39:39.892026][UC][I] Registered model loader `<class 'vllm_ascend.model_loader.netloader.netloader.ModelNetLoaderElastic'>` with load format `netloader` [300,300][__init__.py:110,_wrapper]
2026-04-07T17:39:39.9063161Z [2026-04-07 17:39:39.904366][UC][I] Registered model loader `<class 'vllm_ascend.model_loader.rfork.rfork_loader.RForkModelLoader'>` with load format `rfork` [300,300][__init__.py:110,_wrapper]
2026-04-07T17:39:40.2102762Z 2026-04-07 17:39:40,207 - 301 - vllmProfiler - INFO - VLLM_USE_V1 not set, auto-detected via vLLM 0.18.0+empty: default 1
2026-04-07T17:39:40.2144036Z [2026-04-07 17:39:40.212396][UC][I] Registered model loader `<class 'vllm_ascend.model_loader.netloader.netloader.ModelNetLoaderElastic'>` with load format `netloader` [301,301][__init__.py:110,_wrapper]
2026-04-07T17:39:40.2277064Z [2026-04-07 17:39:40.225727][UC][I] Registered model loader `<class 'vllm_ascend.model_loader.rfork.rfork_loader.RForkModelLoader'>` with load format `rfork` [301,301][__init__.py:110,_wrapper]
2026-04-07T17:39:41.8148630Z INFO 04-07 17:39:41 [ascend_config.py:425] Dynamic EPLB is False
2026-04-07T17:39:41.8160876Z INFO 04-07 17:39:41 [ascend_config.py:426] The number of redundant experts is 0
2026-04-07T17:39:41.8174144Z INFO 04-07 17:39:41 [ascend_config.py:57] Linear layer sharding enabled with config: ['q_b_proj', 'o_proj']. Note: This feature works optimally with FLASHCOMM2 and DSA-CP enabled; using it without these features may result in significant performance degradation.
2026-04-07T17:39:42.1734389Z INFO 04-07 17:39:42 [ascend_config.py:425] Dynamic EPLB is False
2026-04-07T17:39:42.1745562Z INFO 04-07 17:39:42 [ascend_config.py:426] The number of redundant experts is 0
2026-04-07T17:39:42.1759498Z INFO 04-07 17:39:42 [ascend_config.py:57] Linear layer sharding enabled with config: ['q_b_proj', 'o_proj']. Note: This feature works optimally with FLASHCOMM2 and DSA-CP enabled; using it without these features may result in significant performance degradation.
2026-04-07T17:39:43.7723402Z [2026-04-07 17:39:43.769499][UC][I] world_size=32 rank=9 local_rank=1 distributed_init_method=tcp://10.0.0.174:55193 backend=hccl [300,300][parallel_state.py:1395,init_distributed_environment]
2026-04-07T17:39:44.2493403Z [2026-04-07 17:39:44.242833][UC][I] world_size=32 rank=1 local_rank=1 distributed_init_method=tcp://10.0.0.174:55193 backend=hccl [301,301][parallel_state.py:1395,init_distributed_environment]
2026-04-07T17:39:44.3410418Z INFO 04-07 17:39:44 [__init__.py:44] Available plugins for group vllm.platform_plugins:
2026-04-07T17:39:44.3422308Z INFO 04-07 17:39:44 [__init__.py:46] - ascend -> vllm_ascend:register
2026-04-07T17:39:44.3434571Z INFO 04-07 17:39:44 [__init__.py:49] All plugins in this group will be loaded. Set `VLLM_PLUGINS` to control which plugins to load.
2026-04-07T17:39:44.3495902Z INFO 04-07 17:39:44 [__init__.py:239] Platform plugin ascend is activated
2026-04-07T17:39:44.8982513Z INFO 04-07 17:39:44 [__init__.py:44] Available plugins for group vllm.platform_plugins:
2026-04-07T17:39:44.8995444Z INFO 04-07 17:39:44 [__init__.py:46] - ascend -> vllm_ascend:register
2026-04-07T17:39:44.9009180Z INFO 04-07 17:39:44 [__init__.py:49] All plugins in this group will be loaded. Set `VLLM_PLUGINS` to control which plugins to load.
2026-04-07T17:39:44.9036920Z INFO 04-07 17:39:44 [__init__.py:239] Platform plugin ascend is activated
2026-04-07T17:39:50.1829665Z 2026-04-07 17:39:50,180 - 393 - vllmProfiler - INFO - VLLM_USE_V1 not set, auto-detected via vLLM 0.18.0+empty: default 1
2026-04-07T17:39:50.1911770Z [2026-04-07 17:39:50.184557][UC][I] Registered model loader `<class 'vllm_ascend.model_loader.netloader.netloader.ModelNetLoaderElastic'>` with load format `netloader` [393,393][__init__.py:110,_wrapper]
2026-04-07T17:39:50.1989506Z [2026-04-07 17:39:50.196918][UC][I] Registered model loader `<class 'vllm_ascend.model_loader.rfork.rfork_loader.RForkModelLoader'>` with load format `rfork` [393,393][__init__.py:110,_wrapper]
2026-04-07T17:39:50.8490008Z 2026-04-07 17:39:50,846 - 396 - vllmProfiler - INFO - VLLM_USE_V1 not set, auto-detected via vLLM 0.18.0+empty: default 1
2026-04-07T17:39:50.8531642Z [2026-04-07 17:39:50.851118][UC][I] Registered model loader `<class 'vllm_ascend.model_loader.netloader.netloader.ModelNetLoaderElastic'>` with load format `netloader` [396,396][__init__.py:110,_wrapper]
2026-04-07T17:39:50.8663462Z [2026-04-07 17:39:50.864453][UC][I] Registered model loader `<class 'vllm_ascend.model_loader.rfork.rfork_loader.RForkModelLoader'>` with load format `rfork` [396,396][__init__.py:110,_wrapper]
2026-04-07T17:39:52.1683659Z INFO 04-07 17:39:52 [ascend_config.py:425] Dynamic EPLB is False
2026-04-07T17:39:52.1696261Z INFO 04-07 17:39:52 [ascend_config.py:426] The number of redundant experts is 0
2026-04-07T17:39:52.1710143Z INFO 04-07 17:39:52 [ascend_config.py:57] Linear layer sharding enabled with config: ['q_b_proj', 'o_proj']. Note: This feature works optimally with FLASHCOMM2 and DSA-CP enabled; using it without these features may result in significant performance degradation.
2026-04-07T17:39:52.8014447Z INFO 04-07 17:39:52 [ascend_config.py:425] Dynamic EPLB is False
2026-04-07T17:39:52.8027329Z INFO 04-07 17:39:52 [ascend_config.py:426] The number of redundant experts is 0
2026-04-07T17:39:52.8040330Z INFO 04-07 17:39:52 [ascend_config.py:57] Linear layer sharding enabled with config: ['q_b_proj', 'o_proj']. Note: This feature works optimally with FLASHCOMM2 and DSA-CP enabled; using it without these features may result in significant performance degradation.
2026-04-07T17:39:53.9740169Z [2026-04-07 17:39:53.969533][UC][I] world_size=32 rank=10 local_rank=2 distributed_init_method=tcp://10.0.0.174:55193 backend=hccl [393,393][parallel_state.py:1395,init_distributed_environment]
2026-04-07T17:39:54.5067960Z [2026-04-07 17:39:54.504520][UC][I] world_size=32 rank=2 local_rank=2 distributed_init_method=tcp://10.0.0.174:55193 backend=hccl [396,396][parallel_state.py:1395,init_distributed_environment]
2026-04-07T17:39:54.8219266Z INFO 04-07 17:39:54 [__init__.py:44] Available plugins for group vllm.platform_plugins:
2026-04-07T17:39:54.8229297Z INFO 04-07 17:39:54 [__init__.py:46] - ascend -> vllm_ascend:register
2026-04-07T17:39:54.8241180Z INFO 04-07 17:39:54 [__init__.py:49] All plugins in this group will be loaded. Set `VLLM_PLUGINS` to control which plugins to load.
2026-04-07T17:39:54.8314838Z INFO 04-07 17:39:54 [__init__.py:239] Platform plugin ascend is activated
2026-04-07T17:39:55.3585022Z INFO 04-07 17:39:55 [__init__.py:44] Available plugins for group vllm.platform_plugins:
2026-04-07T17:39:55.3595735Z INFO 04-07 17:39:55 [__init__.py:46] - ascend -> vllm_ascend:register
2026-04-07T17:39:55.3607917Z INFO 04-07 17:39:55 [__init__.py:49] All plugins in this group will be loaded. Set `VLLM_PLUGINS` to control which plugins to load.
2026-04-07T17:39:55.3665679Z INFO 04-07 17:39:55 [__init__.py:239] Platform plugin ascend is activated
2026-04-07T17:40:00.8518507Z 2026-04-07 17:40:00,849 - 489 - vllmProfiler - INFO - VLLM_USE_V1 not set, auto-detected via vLLM 0.18.0+empty: default 1
2026-04-07T17:40:00.8561833Z [2026-04-07 17:40:00.853386][UC][I] Registered model loader `<class 'vllm_ascend.model_loader.netloader.netloader.ModelNetLoaderElastic'>` with load format `netloader` [489,489][__init__.py:110,_wrapper]
2026-04-07T17:40:00.8680029Z [2026-04-07 17:40:00.865986][UC][I] Registered model loader `<class 'vllm_ascend.model_loader.rfork.rfork_loader.RForkModelLoader'>` with load format `rfork` [489,489][__init__.py:110,_wrapper]
2026-04-07T17:40:01.5418638Z 2026-04-07 17:40:01,538 - 493 - vllmProfiler - INFO - VLLM_USE_V1 not set, auto-detected via vLLM 0.18.0+empty: default 1
2026-04-07T17:40:01.5564571Z [2026-04-07 17:40:01.554269][UC][I] Registered model loader `<class 'vllm_ascend.model_loader.netloader.netloader.ModelNetLoaderElastic'>` with load format `netloader` [493,493][__init__.py:110,_wrapper]
2026-04-07T17:40:01.5794080Z [2026-04-07 17:40:01.577428][UC][I] Registered model loader `<class 'vllm_ascend.model_loader.rfork.rfork_loader.RForkModelLoader'>` with load format `rfork` [493,493][__init__.py:110,_wrapper]
2026-04-07T17:40:03.3621514Z INFO 04-07 17:40:03 [ascend_config.py:425] Dynamic EPLB is False
2026-04-07T17:40:03.3857145Z INFO 04-07 17:40:03 [ascend_config.py:426] The number of redundant experts is 0
2026-04-07T17:40:03.3870251Z INFO 04-07 17:40:03 [ascend_config.py:57] Linear layer sharding enabled with config: ['q_b_proj', 'o_proj']. Note: This feature works optimally with FLASHCOMM2 and DSA-CP enabled; using it without these features may result in significant performance degradation.
2026-04-07T17:40:03.7961133Z INFO 04-07 17:40:03 [ascend_config.py:425] Dynamic EPLB is False
2026-04-07T17:40:03.7979601Z INFO 04-07 17:40:03 [ascend_config.py:426] The number of redundant experts is 0
2026-04-07T17:40:03.7995158Z INFO 04-07 17:40:03 [ascend_config.py:57] Linear layer sharding enabled with config: ['q_b_proj', 'o_proj']. Note: This feature works optimally with FLASHCOMM2 and DSA-CP enabled; using it without these features may result in significant performance degradation.
2026-04-07T17:40:05.6274145Z [2026-04-07 17:40:05.624821][UC][I] world_size=32 rank=3 local_rank=3 distributed_init_method=tcp://10.0.0.174:55193 backend=hccl [493,493][parallel_state.py:1395,init_distributed_environment]
2026-04-07T17:40:05.6710065Z [2026-04-07 17:40:05.668981][UC][I] world_size=32 rank=11 local_rank=3 distributed_init_method=tcp://10.0.0.174:55193 backend=hccl [489,489][parallel_state.py:1395,init_distributed_environment]
2026-04-07T17:40:08.7392679Z INFO 04-07 17:40:08 [__init__.py:44] Available plugins for group vllm.platform_plugins:
2026-04-07T17:40:08.7405055Z INFO 04-07 17:40:08 [__init__.py:46] - ascend -> vllm_ascend:register
2026-04-07T17:40:08.7417605Z INFO 04-07 17:40:08 [__init__.py:49] All plugins in this group will be loaded. Set `VLLM_PLUGINS` to control which plugins to load.
2026-04-07T17:40:08.7429039Z INFO 04-07 17:40:08 [__init__.py:44] Available plugins for group vllm.platform_plugins:
2026-04-07T17:40:08.7440487Z INFO 04-07 17:40:08 [__init__.py:46] - ascend -> vllm_ascend:register
2026-04-07T17:40:08.7453543Z INFO 04-07 17:40:08 [__init__.py:49] All plugins in this group will be loaded. Set `VLLM_PLUGINS` to control which plugins to load.
2026-04-07T17:40:08.7596521Z INFO 04-07 17:40:08 [__init__.py:239] Platform plugin ascend is activated
2026-04-07T17:40:08.7607319Z INFO 04-07 17:40:08 [__init__.py:239] Platform plugin ascend is activated
2026-04-07T17:40:18.6719384Z 2026-04-07 17:40:18,669 - 585 - vllmProfiler - INFO - VLLM_USE_V1 not set, auto-detected via vLLM 0.18.0+empty: default 1
2026-04-07T17:40:18.6731327Z 2026-04-07 17:40:18,669 - 589 - vllmProfiler - INFO - VLLM_USE_V1 not set, auto-detected via vLLM 0.18.0+empty: default 1
2026-04-07T17:40:18.6837134Z [2026-04-07 17:40:18.681397][UC][I] Registered model loader `<class 'vllm_ascend.model_loader.netloader.netloader.ModelNetLoaderElastic'>` with load format `netloader` [585,585][__init__.py:110,_wrapper]
2026-04-07T17:40:18.6853406Z [2026-04-07 17:40:18.681402][UC][I] Registered model loader `<class 'vllm_ascend.model_loader.netloader.netloader.ModelNetLoaderElastic'>` with load format `netloader` [589,589][__init__.py:110,_wrapper]
2026-04-07T17:40:18.7063346Z [2026-04-07 17:40:18.704275][UC][I] Registered model loader `<class 'vllm_ascend.model_loader.rfork.rfork_loader.RForkModelLoader'>` with load format `rfork` [585,585][__init__.py:110,_wrapper]
2026-04-07T17:40:18.7076411Z [2026-04-07 17:40:18.704280][UC][I] Registered model loader `<class 'vllm_ascend.model_loader.rfork.rfork_loader.RForkModelLoader'>` with load format `rfork` [589,589][__init__.py:110,_wrapper]
2026-04-07T17:40:20.7687686Z INFO 04-07 17:40:20 [ascend_config.py:425] Dynamic EPLB is False
2026-04-07T17:40:20.7700935Z INFO 04-07 17:40:20 [ascend_config.py:426] The number of redundant experts is 0
2026-04-07T17:40:20.7714508Z INFO 04-07 17:40:20 [ascend_config.py:57] Linear layer sharding enabled with config: ['q_b_proj', 'o_proj']. Note: This feature works optimally with FLASHCOMM2 and DSA-CP enabled; using it without these features may result in significant performance degradation.
2026-04-07T17:40:20.8148011Z INFO 04-07 17:40:20 [ascend_config.py:425] Dynamic EPLB is False
2026-04-07T17:40:20.8158980Z INFO 04-07 17:40:20 [ascend_config.py:426] The number of redundant experts is 0
2026-04-07T17:40:20.8171369Z INFO 04-07 17:40:20 [ascend_config.py:57] Linear layer sharding enabled with config: ['q_b_proj', 'o_proj']. Note: This feature works optimally with FLASHCOMM2 and DSA-CP enabled; using it without these features may result in significant performance degradation.
2026-04-07T17:40:22.6862142Z [2026-04-07 17:40:22.683528][UC][I] world_size=32 rank=4 local_rank=4 distributed_init_method=tcp://10.0.0.174:55193 backend=hccl [589,589][parallel_state.py:1395,init_distributed_environment]
2026-04-07T17:40:22.8646568Z [2026-04-07 17:40:22.862297][UC][I] world_size=32 rank=12 local_rank=4 distributed_init_method=tcp://10.0.0.174:55193 backend=hccl [585,585][parallel_state.py:1395,init_distributed_environment]
2026-04-07T17:40:23.4289430Z INFO 04-07 17:40:23 [__init__.py:44] Available plugins for group vllm.platform_plugins:
2026-04-07T17:40:23.4300474Z INFO 04-07 17:40:23 [__init__.py:44] Available plugins for group vllm.platform_plugins:
2026-04-07T17:40:23.4312063Z INFO 04-07 17:40:23 [__init__.py:46] - ascend -> vllm_ascend:register
2026-04-07T17:40:23.4323905Z INFO 04-07 17:40:23 [__init__.py:49] All plugins in this group will be loaded. Set `VLLM_PLUGINS` to control which plugins to load.
2026-04-07T17:40:23.4335520Z INFO 04-07 17:40:23 [__init__.py:46] - ascend -> vllm_ascend:register
2026-04-07T17:40:23.4349079Z INFO 04-07 17:40:23 [__init__.py:49] All plugins in this group will be loaded. Set `VLLM_PLUGINS` to control which plugins to load.
2026-04-07T17:40:23.4414861Z INFO 04-07 17:40:23 [__init__.py:239] Platform plugin ascend is activated
2026-04-07T17:40:23.4427128Z INFO 04-07 17:40:23 [__init__.py:239] Platform plugin ascend is activated
2026-04-07T17:40:29.4760565Z 2026-04-07 17:40:29,473 - 682 - vllmProfiler - INFO - VLLM_USE_V1 not set, auto-detected via vLLM 0.18.0+empty: default 1
2026-04-07T17:40:29.4790459Z 2026-04-07 17:40:29,475 - 683 - vllmProfiler - INFO - VLLM_USE_V1 not set, auto-detected via vLLM 0.18.0+empty: default 1
2026-04-07T17:40:29.4819211Z [2026-04-07 17:40:29.477714][UC][I] Registered model loader `<class 'vllm_ascend.model_loader.netloader.netloader.ModelNetLoaderElastic'>` with load format `netloader` [682,682][__init__.py:110,_wrapper]
2026-04-07T17:40:29.4831666Z [2026-04-07 17:40:29.479205][UC][I] Registered model loader `<class 'vllm_ascend.model_loader.netloader.netloader.ModelNetLoaderElastic'>` with load format `netloader` [683,683][__init__.py:110,_wrapper]
2026-04-07T17:40:29.4923721Z [2026-04-07 17:40:29.490481][UC][I] Registered model loader `<class 'vllm_ascend.model_loader.rfork.rfork_loader.RForkModelLoader'>` with load format `rfork` [682,682][__init__.py:110,_wrapper]
2026-04-07T17:40:29.5003688Z [2026-04-07 17:40:29.492299][UC][I] Registered model loader `<class 'vllm_ascend.model_loader.rfork.rfork_loader.RForkModelLoader'>` with load format `rfork` [683,683][__init__.py:110,_wrapper]
2026-04-07T17:40:31.4177107Z INFO 04-07 17:40:31 [ascend_config.py:425] Dynamic EPLB is False
2026-04-07T17:40:31.4188784Z INFO 04-07 17:40:31 [ascend_config.py:426] The number of redundant experts is 0
2026-04-07T17:40:31.4213772Z INFO 04-07 17:40:31 [ascend_config.py:57] Linear layer sharding enabled with config: ['q_b_proj', 'o_proj']. Note: This feature works optimally with FLASHCOMM2 and DSA-CP enabled; using it without these features may result in significant performance degradation.
2026-04-07T17:40:31.8733603Z INFO 04-07 17:40:31 [ascend_config.py:425] Dynamic EPLB is False
2026-04-07T17:40:31.8743440Z INFO 04-07 17:40:31 [ascend_config.py:426] The number of redundant experts is 0
2026-04-07T17:40:31.8755923Z INFO 04-07 17:40:31 [ascend_config.py:57] Linear layer sharding enabled with config: ['q_b_proj', 'o_proj']. Note: This feature works optimally with FLASHCOMM2 and DSA-CP enabled; using it without these features may result in significant performance degradation.
2026-04-07T17:40:33.2765905Z [2026-04-07 17:40:33.273714][UC][I] world_size=32 rank=13 local_rank=5 distributed_init_method=tcp://10.0.0.174:55193 backend=hccl [683,683][parallel_state.py:1395,init_distributed_environment]
2026-04-07T17:40:34.0711184Z [2026-04-07 17:40:34.067849][UC][I] world_size=32 rank=5 local_rank=5 distributed_init_method=tcp://10.0.0.174:55193 backend=hccl [682,682][parallel_state.py:1395,init_distributed_environment]
2026-04-07T17:40:34.1777729Z INFO 04-07 17:40:34 [__init__.py:44] Available plugins for group vllm.platform_plugins:
2026-04-07T17:40:34.1787797Z INFO 04-07 17:40:34 [__init__.py:46] - ascend -> vllm_ascend:register
2026-04-07T17:40:34.1799079Z INFO 04-07 17:40:34 [__init__.py:49] All plugins in this group will be loaded. Set `VLLM_PLUGINS` to control which plugins to load.
2026-04-07T17:40:34.1858547Z INFO 04-07 17:40:34 [__init__.py:239] Platform plugin ascend is activated
2026-04-07T17:40:34.2275332Z INFO 04-07 17:40:34 [__init__.py:44] Available plugins for group vllm.platform_plugins:
2026-04-07T17:40:34.2285937Z INFO 04-07 17:40:34 [__init__.py:46] - ascend -> vllm_ascend:register
2026-04-07T17:40:34.2298540Z INFO 04-07 17:40:34 [__init__.py:49] All plugins in this group will be loaded. Set `VLLM_PLUGINS` to control which plugins to load.
2026-04-07T17:40:34.2358968Z INFO 04-07 17:40:34 [__init__.py:239] Platform plugin ascend is activated
2026-04-07T17:40:40.0847799Z 2026-04-07 17:40:40,082 - 778 - vllmProfiler - INFO - VLLM_USE_V1 not set, auto-detected via vLLM 0.18.0+empty: default 1
2026-04-07T17:40:40.0887756Z [2026-04-07 17:40:40.086625][UC][I] Registered model loader `<class 'vllm_ascend.model_loader.netloader.netloader.ModelNetLoaderElastic'>` with load format `netloader` [778,778][__init__.py:110,_wrapper]
2026-04-07T17:40:40.1012346Z [2026-04-07 17:40:40.099240][UC][I] Registered model loader `<class 'vllm_ascend.model_loader.rfork.rfork_loader.RForkModelLoader'>` with load format `rfork` [778,778][__init__.py:110,_wrapper]
2026-04-07T17:40:40.1738590Z 2026-04-07 17:40:40,171 - 779 - vllmProfiler - INFO - VLLM_USE_V1 not set, auto-detected via vLLM 0.18.0+empty: default 1
2026-04-07T17:40:40.1780830Z [2026-04-07 17:40:40.176140][UC][I] Registered model loader `<class 'vllm_ascend.model_loader.netloader.netloader.ModelNetLoaderElastic'>` with load format `netloader` [779,779][__init__.py:110,_wrapper]
2026-04-07T17:40:40.1908787Z [2026-04-07 17:40:40.188952][UC][I] Registered model loader `<class 'vllm_ascend.model_loader.rfork.rfork_loader.RForkModelLoader'>` with load format `rfork` [779,779][__init__.py:110,_wrapper]
2026-04-07T17:40:42.0011292Z INFO 04-07 17:40:41 [ascend_config.py:425] Dynamic EPLB is False
2026-04-07T17:40:42.0022502Z INFO 04-07 17:40:41 [ascend_config.py:426] The number of redundant experts is 0
2026-04-07T17:40:42.0035795Z INFO 04-07 17:40:41 [ascend_config.py:57] Linear layer sharding enabled with config: ['q_b_proj', 'o_proj']. Note: This feature works optimally with FLASHCOMM2 and DSA-CP enabled; using it without these features may result in significant performance degradation.
2026-04-07T17:40:42.1293216Z INFO 04-07 17:40:42 [ascend_config.py:425] Dynamic EPLB is False
2026-04-07T17:40:42.1349762Z INFO 04-07 17:40:42 [ascend_config.py:426] The number of redundant experts is 0
2026-04-07T17:40:42.1350999Z INFO 04-07 17:40:42 [ascend_config.py:57] Linear layer sharding enabled with config: ['q_b_proj', 'o_proj']. Note: This feature works optimally with FLASHCOMM2 and DSA-CP enabled; using it without these features may result in significant performance degradation.
2026-04-07T17:40:43.9215203Z [2026-04-07 17:40:43.918985][UC][I] world_size=32 rank=14 local_rank=6 distributed_init_method=tcp://10.0.0.174:55193 backend=hccl [778,778][parallel_state.py:1395,init_distributed_environment]
2026-04-07T17:40:44.1181786Z [2026-04-07 17:40:44.115831][UC][I] world_size=32 rank=6 local_rank=6 distributed_init_method=tcp://10.0.0.174:55193 backend=hccl [779,779][parallel_state.py:1395,init_distributed_environment]
2026-04-07T17:40:44.5113412Z INFO 04-07 17:40:44 [__init__.py:44] Available plugins for group vllm.platform_plugins:
2026-04-07T17:40:44.5197234Z INFO 04-07 17:40:44 [__init__.py:46] - ascend -> vllm_ascend:register
2026-04-07T17:40:44.5201840Z INFO 04-07 17:40:44 [__init__.py:49] All plugins in this group will be loaded. Set `VLLM_PLUGINS` to control which plugins to load.
2026-04-07T17:40:44.5212888Z INFO 04-07 17:40:44 [__init__.py:239] Platform plugin ascend is activated
2026-04-07T17:40:44.7513347Z INFO 04-07 17:40:44 [__init__.py:44] Available plugins for group vllm.platform_plugins:
2026-04-07T17:40:44.7524859Z INFO 04-07 17:40:44 [__init__.py:46] - ascend -> vllm_ascend:register
2026-04-07T17:40:44.7535741Z INFO 04-07 17:40:44 [__init__.py:49] All plugins in this group will be loaded. Set `VLLM_PLUGINS` to control which plugins to load.
2026-04-07T17:40:44.7595399Z INFO 04-07 17:40:44 [__init__.py:239] Platform plugin ascend is activated
2026-04-07T17:40:50.2561346Z 2026-04-07 17:40:50,253 - 873 - vllmProfiler - INFO - VLLM_USE_V1 not set, auto-detected via vLLM 0.18.0+empty: default 1
2026-04-07T17:40:50.2595624Z [2026-04-07 17:40:50.257603][UC][I] Registered model loader `<class 'vllm_ascend.model_loader.netloader.netloader.ModelNetLoaderElastic'>` with load format `netloader` [873,873][__init__.py:110,_wrapper]
2026-04-07T17:40:50.2717135Z [2026-04-07 17:40:50.269890][UC][I] Registered model loader `<class 'vllm_ascend.model_loader.rfork.rfork_loader.RForkModelLoader'>` with load format `rfork` [873,873][__init__.py:110,_wrapper]
2026-04-07T17:40:50.6291197Z 2026-04-07 17:40:50,626 - 876 - vllmProfiler - INFO - VLLM_USE_V1 not set, auto-detected via vLLM 0.18.0+empty: default 1
2026-04-07T17:40:50.6331233Z [2026-04-07 17:40:50.631198][UC][I] Registered model loader `<class 'vllm_ascend.model_loader.netloader.netloader.ModelNetLoaderElastic'>` with load format `netloader` [876,876][__init__.py:110,_wrapper]
2026-04-07T17:40:50.6454440Z [2026-04-07 17:40:50.643537][UC][I] Registered model loader `<class 'vllm_ascend.model_loader.rfork.rfork_loader.RForkModelLoader'>` with load format `rfork` [876,876][__init__.py:110,_wrapper]
2026-04-07T17:40:52.1194081Z INFO 04-07 17:40:52 [ascend_config.py:425] Dynamic EPLB is False
2026-04-07T17:40:52.1204738Z INFO 04-07 17:40:52 [ascend_config.py:426] The number of redundant experts is 0
2026-04-07T17:40:52.1217797Z INFO 04-07 17:40:52 [ascend_config.py:57] Linear layer sharding enabled with config: ['q_b_proj', 'o_proj']. Note: This feature works optimally with FLASHCOMM2 and DSA-CP enabled; using it without these features may result in significant performance degradation.
2026-04-07T17:40:52.5238041Z INFO 04-07 17:40:52 [ascend_config.py:425] Dynamic EPLB is False
2026-04-07T17:40:52.5250364Z INFO 04-07 17:40:52 [ascend_config.py:426] The number of redundant experts is 0
2026-04-07T17:40:52.5263947Z INFO 04-07 17:40:52 [ascend_config.py:57] Linear layer sharding enabled with config: ['q_b_proj', 'o_proj']. Note: This feature works optimally with FLASHCOMM2 and DSA-CP enabled; using it without these features may result in significant performance degradation.
2026-04-07T17:40:53.7804014Z [2026-04-07 17:40:53.777357][UC][I] world_size=32 rank=15 local_rank=7 distributed_init_method=tcp://10.0.0.174:55193 backend=hccl [873,873][parallel_state.py:1395,init_distributed_environment]
2026-04-07T17:40:54.2192521Z [2026-04-07 17:40:54.216918][UC][I] world_size=32 rank=7 local_rank=7 distributed_init_method=tcp://10.0.0.174:55193 backend=hccl [876,876][parallel_state.py:1395,init_distributed_environment]
2026-04-07T17:40:54.8499730Z [Gloo] Rank 13 is connected to 31 peer ranks. Expected number of connected peer ranks is : 31
2026-04-07T17:40:54.8525032Z [Gloo] Rank 0 is connected to 31 peer ranks. Expected number of connected peer ranks is : 31
2026-04-07T17:40:54.8538497Z [Gloo] Rank 3 is connected to 31 peer ranks. Expected number of connected peer ranks is : 31
2026-04-07T17:40:54.8550315Z [Gloo] Rank 6 is connected to 31 peer ranks. Expected number of connected peer ranks is : 31
2026-04-07T17:40:54.8561997Z [Gloo] Rank 4 is connected to 31 peer ranks. Expected number of connected peer ranks is : 31
2026-04-07T17:40:54.8573395Z [Gloo] Rank 7 is connected to 31 peer ranks. Expected number of connected peer ranks is : 31
2026-04-07T17:40:54.8584634Z [Gloo] Rank 5 is connected to 31 peer ranks. Expected number of connected peer ranks is : 31
2026-04-07T17:40:54.8596021Z [Gloo] Rank 15 is connected to 31 peer ranks. Expected number of connected peer ranks is : 31
2026-04-07T17:40:54.8607031Z [Gloo] Rank 14 is connected to 31 peer ranks. Expected number of connected peer ranks is : 31
2026-04-07T17:40:54.8618015Z [Gloo] Rank 2 is connected to 31 peer ranks. Expected number of connected peer ranks is : 31
2026-04-07T17:40:54.9164759Z [Gloo] Rank 10 is connected to 31 peer ranks. Expected number of connected peer ranks is : 31
2026-04-07T17:40:54.9175215Z [Gloo] Rank 12 is connected to 31 peer ranks. Expected number of connected peer ranks is : 31
2026-04-07T17:40:54.9186682Z [Gloo] Rank 9 is connected to 31 peer ranks. Expected number of connected peer ranks is : 31
2026-04-07T17:40:54.9215865Z [Gloo] Rank 1 is connected to 31 peer ranks. Expected number of connected peer ranks is : 31
2026-04-07T17:40:54.9226840Z [Gloo] Rank 11 is connected to 31 peer ranks. Expected number of connected peer ranks is : 31
2026-04-07T17:40:54.9283107Z [Gloo] Rank 8 is connected to 31 peer ranks. Expected number of connected peer ranks is : 31
2026-04-07T17:40:55.0620475Z [Gloo] Rank 3 is connected to 7 peer ranks. Expected number of connected peer ranks is : 7
2026-04-07T17:40:55.0652751Z [Gloo] Rank 2 is connected to 7 peer ranks. Expected number of connected peer ranks is : 7
2026-04-07T17:40:55.0663048Z [Gloo] Rank 6 is connected to 7 peer ranks. Expected number of connected peer ranks is : 7
2026-04-07T17:40:55.0673110Z [Gloo] Rank 0 is connected to 7 peer ranks. Expected number of connected peer ranks is : 7
2026-04-07T17:40:55.0683996Z [Gloo] Rank 1 is connected to 7 peer ranks. Expected number of connected peer ranks is : 7
2026-04-07T17:40:55.0695953Z [Gloo] Rank 3 is connected to 7 peer ranks. Expected number of connected peer ranks is : 7
2026-04-07T17:40:55.0706754Z [Gloo] Rank 2 is connected to 7 peer ranks. Expected number of connected peer ranks is : 7
2026-04-07T17:40:55.0717406Z [Gloo] Rank 5 is connected to 7 peer ranks. Expected number of connected peer ranks is : 7
2026-04-07T17:40:55.0730214Z [Gloo] Rank 4 is connected to 7 peer ranks. Expected number of connected peer ranks is : 7
2026-04-07T17:40:55.0741958Z [Gloo] Rank 6 is connected to 7 peer ranks. Expected number of connected peer ranks is : 7
2026-04-07T17:40:55.0761001Z [Gloo] Rank 7 is connected to 7 peer ranks. Expected number of connected peer ranks is : 7
2026-04-07T17:40:55.0763412Z [Gloo] Rank 0 is connected to 0 peer ranks. Expected number of connected peer ranks is : 0
2026-04-07T17:40:55.0776390Z [Gloo] Rank 0 is connected to 0 peer ranks. Expected number of connected peer ranks is : 0
2026-04-07T17:40:55.0787516Z [Gloo] Rank 0 is connected to 0 peer ranks. Expected number of connected peer ranks is : 0
2026-04-07T17:40:55.0798276Z [Gloo] Rank 0 is connected to 0 peer ranks. Expected number of connected peer ranks is : 0
2026-04-07T17:40:55.0810300Z [Gloo] Rank 0 is connected to 0 peer ranks. Expected number of connected peer ranks is : 0
2026-04-07T17:40:55.0822546Z [Gloo] Rank 0 is connected to 0 peer ranks. Expected number of connected peer ranks is : 0
2026-04-07T17:40:55.0833305Z [Gloo] Rank 0 is connected to 0 peer ranks. Expected number of connected peer ranks is : 0
2026-04-07T17:40:55.0844327Z [Gloo] Rank 0 is connected to 0 peer ranks. Expected number of connected peer ranks is : 0
2026-04-07T17:40:55.0854429Z [Gloo] Rank 0 is connected to 0 peer ranks. Expected number of connected peer ranks is : 0
2026-04-07T17:40:55.0866188Z [Gloo] Rank 0 is connected to 0 peer ranks. Expected number of connected peer ranks is : 0
2026-04-07T17:40:55.0876561Z [Gloo] Rank 0 is connected to 0 peer ranks. Expected number of connected peer ranks is : 0
2026-04-07T17:40:55.0887724Z [Gloo] Rank 0 is connected to 0 peer ranks. Expected number of connected peer ranks is : 0
2026-04-07T17:40:55.0899554Z [Gloo] Rank 0 is connected to 0 peer ranks. Expected number of connected peer ranks is : 0
2026-04-07T17:40:55.0910817Z [Gloo] Rank 0 is connected to 0 peer ranks. Expected number of connected peer ranks is : 0
2026-04-07T17:40:55.0921784Z [Gloo] Rank 0 is connected to 0 peer ranks. Expected number of connected peer ranks is : 0
2026-04-07T17:40:55.0932948Z [Gloo] Rank 0 is connected to 0 peer ranks. Expected number of connected peer ranks is : 0
2026-04-07T17:40:55.0943765Z [Gloo] Rank 0 is connected to 0 peer ranks. Expected number of connected peer ranks is : 0
2026-04-07T17:40:55.0954833Z [Gloo] Rank 0 is connected to 0 peer ranks. Expected number of connected peer ranks is : 0
2026-04-07T17:40:55.0965475Z [Gloo] Rank 0 is connected to 0 peer ranks. Expected number of connected peer ranks is : 0
2026-04-07T17:40:55.0976611Z [Gloo] Rank 0 is connected to 0 peer ranks. Expected number of connected peer ranks is : 0
2026-04-07T17:40:55.0987276Z [Gloo] Rank 0 is connected to 0 peer ranks. Expected number of connected peer ranks is : 0
2026-04-07T17:40:55.0997631Z [Gloo] Rank 0 is connected to 0 peer ranks. Expected number of connected peer ranks is : 0
2026-04-07T17:40:55.1008256Z [Gloo] Rank 0 is connected to 0 peer ranks. Expected number of connected peer ranks is : 0
2026-04-07T17:40:55.1020682Z [Gloo] Rank 0 is connected to 0 peer ranks. Expected number of connected peer ranks is : 0
2026-04-07T17:40:55.1658154Z [Gloo] Rank 0 is connected to 7 peer ranks. Expected number of connected peer ranks is : 7
2026-04-07T17:40:55.1669533Z [Gloo] Rank 1 is connected to 7 peer ranks. Expected number of connected peer ranks is : 7
2026-04-07T17:40:55.1680290Z [Gloo] Rank 4 is connected to 7 peer ranks. Expected number of connected peer ranks is : 7
2026-04-07T17:40:55.1691021Z [Gloo] Rank 7 is connected to 7 peer ranks. Expected number of connected peer ranks is : 7
2026-04-07T17:40:55.1702063Z [Gloo] Rank 5 is connected to 7 peer ranks. Expected number of connected peer ranks is : 7
2026-04-07T17:40:55.1813038Z [Gloo] Rank 0 is connected to 0 peer ranks. Expected number of connected peer ranks is : 0
2026-04-07T17:40:55.1824677Z [Gloo] Rank 0 is connected to 0 peer ranks. Expected number of connected peer ranks is : 0
2026-04-07T17:40:55.1835907Z [Gloo] Rank 0 is connected to 0 peer ranks. Expected number of connected peer ranks is : 0
2026-04-07T17:40:55.1846224Z [Gloo] Rank 0 is connected to 0 peer ranks. Expected number of connected peer ranks is : 0
2026-04-07T17:40:55.1857763Z [Gloo] Rank 0 is connected to 0 peer ranks. Expected number of connected peer ranks is : 0
2026-04-07T17:40:55.1868450Z [Gloo] Rank 0 is connected to 0 peer ranks. Expected number of connected peer ranks is : 0
2026-04-07T17:40:55.1879622Z [Gloo] Rank 0 is connected to 0 peer ranks. Expected number of connected peer ranks is : 0
2026-04-07T17:40:55.1890101Z [Gloo] Rank 0 is connected to 0 peer ranks. Expected number of connected peer ranks is : 0
2026-04-07T17:40:55.1900883Z [Gloo] Rank 0 is connected to 0 peer ranks. Expected number of connected peer ranks is : 0
2026-04-07T17:40:55.1911060Z [Gloo] Rank 0 is connected to 0 peer ranks. Expected number of connected peer ranks is : 0
2026-04-07T17:40:55.1922500Z [Gloo] Rank 0 is connected to 0 peer ranks. Expected number of connected peer ranks is : 0
2026-04-07T17:40:55.1932698Z [Gloo] Rank 0 is connected to 0 peer ranks. Expected number of connected peer ranks is : 0
2026-04-07T17:40:55.1944222Z [Gloo] Rank 0 is connected to 0 peer ranks. Expected number of connected peer ranks is : 0
2026-04-07T17:40:55.1954674Z [Gloo] Rank 0 is connected to 0 peer ranks. Expected number of connected peer ranks is : 0
2026-04-07T17:40:55.1974489Z [Gloo] Rank 0 is connected to 0 peer ranks. Expected number of connected peer ranks is : 0
2026-04-07T17:40:55.1986765Z [Gloo] Rank 0 is connected to 0 peer ranks. Expected number of connected peer ranks is : 0
2026-04-07T17:40:55.1997504Z [Gloo] Rank 0 is connected to 0 peer ranks. Expected number of connected peer ranks is : 0
2026-04-07T17:40:55.2007994Z [Gloo] Rank 0 is connected to 0 peer ranks. Expected number of connected peer ranks is : 0
2026-04-07T17:40:55.2019388Z [Gloo] Rank 0 is connected to 0 peer ranks. Expected number of connected peer ranks is : 0
2026-04-07T17:40:55.2029568Z [Gloo] Rank 0 is connected to 0 peer ranks. Expected number of connected peer ranks is : 0
2026-04-07T17:40:55.2040716Z [Gloo] Rank 0 is connected to 3 peer ranks. Expected number of connected peer ranks is : 3
2026-04-07T17:40:55.2052054Z [Gloo] Rank 1 is connected to 3 peer ranks. Expected number of connected peer ranks is : 3
2026-04-07T17:40:55.2064606Z [Gloo] Rank 0 is connected to 0 peer ranks. Expected number of connected peer ranks is : 0
2026-04-07T17:40:55.2075144Z [Gloo] Rank 0 is connected to 0 peer ranks. Expected number of connected peer ranks is : 0
2026-04-07T17:40:55.2086345Z [Gloo] Rank 0 is connected to 0 peer ranks. Expected number of connected peer ranks is : 0
2026-04-07T17:40:55.2096917Z [Gloo] Rank 1 is connected to 3 peer ranks. Expected number of connected peer ranks is : 3
2026-04-07T17:40:55.2107952Z [Gloo] Rank 0 is connected to 0 peer ranks. Expected number of connected peer ranks is : 0
2026-04-07T17:40:55.2118839Z [Gloo] Rank 1 is connected to 3 peer ranks. Expected number of connected peer ranks is : 3
2026-04-07T17:40:55.2133418Z [Gloo] Rank 0 is connected to 3 peer ranks. Expected number of connected peer ranks is : 3
2026-04-07T17:40:55.2145552Z [Gloo] Rank 0 is connected to 3 peer ranks. Expected number of connected peer ranks is : 3
2026-04-07T17:40:55.2162197Z [Gloo] Rank 0 is connected to 3 peer ranks. Expected number of connected peer ranks is : 3
2026-04-07T17:40:55.2173593Z [Gloo] Rank 1 is connected to 3 peer ranks. Expected number of connected peer ranks is : 3
2026-04-07T17:40:55.2184835Z [Gloo] Rank 0 is connected to 3 peer ranks. Expected number of connected peer ranks is : 3
2026-04-07T17:40:55.2195764Z [Gloo] Rank 1 is connected to 3 peer ranks. Expected number of connected peer ranks is : 3
2026-04-07T17:40:55.2206852Z [Gloo] Rank 1 is connected to 3 peer ranks. Expected number of connected peer ranks is : 3
2026-04-07T17:40:55.2217571Z [Gloo] Rank 0 is connected to 3 peer ranks. Expected number of connected peer ranks is : 3
2026-04-07T17:40:55.2227750Z [Gloo] Rank 1 is connected to 3 peer ranks. Expected number of connected peer ranks is : 3
2026-04-07T17:40:55.2238631Z [Gloo] Rank 0 is connected to 3 peer ranks. Expected number of connected peer ranks is : 3
2026-04-07T17:40:55.2249110Z [Gloo] Rank 1 is connected to 3 peer ranks. Expected number of connected peer ranks is : 3
2026-04-07T17:40:55.2260214Z [Gloo] Rank 0 is connected to 3 peer ranks. Expected number of connected peer ranks is : 3
2026-04-07T17:40:55.2289372Z [Gloo] Rank 0 is connected to 31 peer ranks. Expected number of connected peer ranks is : 31
2026-04-07T17:40:55.2315567Z [2026-04-07 17:40:55.227787][UC][I] rank 0 in world size 32 is assigned as DP rank 0, PP rank 0, PCP rank 0, TP rank 0, EP rank 0, EPLB rank N/A [229,229][parallel_state.py:1717,initialize_model_parallel]
2026-04-07T17:40:55.3387434Z [Gloo] Rank 1 is connected to 31 peer ranks. Expected number of connected peer ranks is : 31
2026-04-07T17:40:55.3411457Z [2026-04-07 17:40:55.337284][UC][I] rank 1 in world size 32 is assigned as DP rank 0, PP rank 0, PCP rank 0, TP rank 1, EP rank 1, EPLB rank N/A [301,301][parallel_state.py:1717,initialize_model_parallel]
2026-04-07T17:40:55.3435626Z [Gloo] Rank 9 is connected to 31 peer ranks. Expected number of connected peer ranks is : 31
2026-04-07T17:40:55.3446100Z [Gloo] Rank 10 is connected to 31 peer ranks. Expected number of connected peer ranks is : 31
2026-04-07T17:40:55.3458088Z [2026-04-07 17:40:55.340903][UC][I] rank 9 in world size 32 is assigned as DP rank 1, PP rank 0, PCP rank 0, TP rank 1, EP rank 9, EPLB rank N/A [300,300][parallel_state.py:1717,initialize_model_parallel]
2026-04-07T17:40:55.3469804Z [2026-04-07 17:40:55.341495][UC][I] rank 10 in world size 32 is assigned as DP rank 1, PP rank 0, PCP rank 0, TP rank 2, EP rank 10, EPLB rank N/A [393,393][parallel_state.py:1717,initialize_model_parallel]
2026-04-07T17:40:55.3480817Z [Gloo] Rank 2 is connected to 31 peer ranks. Expected number of connected peer ranks is : 31
2026-04-07T17:40:55.3492217Z [Gloo] Rank 8 is connected to 31 peer ranks. Expected number of connected peer ranks is : 31
2026-04-07T17:40:55.3504172Z [2026-04-07 17:40:55.344293][UC][I] rank 2 in world size 32 is assigned as DP rank 0, PP rank 0, PCP rank 0, TP rank 2, EP rank 2, EPLB rank N/A [396,396][parallel_state.py:1717,initialize_model_parallel]
2026-04-07T17:40:55.3515272Z [2026-04-07 17:40:55.344559][UC][I] rank 8 in world size 32 is assigned as DP rank 1, PP rank 0, PCP rank 0, TP rank 0, EP rank 8, EPLB rank N/A [228,228][parallel_state.py:1717,initialize_model_parallel]
2026-04-07T17:40:55.4143754Z [Gloo] Rank 12 is connected to 31 peer ranks. Expected number of connected peer ranks is : 31
2026-04-07T17:40:55.4168123Z [2026-04-07 17:40:55.412834][UC][I] rank 12 in world size 32 is assigned as DP rank 1, PP rank 0, PCP rank 0, TP rank 4, EP rank 12, EPLB rank N/A [585,585][parallel_state.py:1717,initialize_model_parallel]
2026-04-07T17:40:55.4451901Z [Gloo] Rank 4 is connected to 31 peer ranks. Expected number of connected peer ranks is : 31
2026-04-07T17:40:55.4463498Z [Gloo] Rank 6 is connected to 31 peer ranks. Expected number of connected peer ranks is : 31
2026-04-07T17:40:55.4475780Z [Gloo] Rank 7 is connected to 31 peer ranks. Expected number of connected peer ranks is : 31
2026-04-07T17:40:55.4486893Z [Gloo] Rank 3 is connected to 31 peer ranks. Expected number of connected peer ranks is : 31
2026-04-07T17:40:55.4498437Z [Gloo] Rank 11 is connected to 31 peer ranks. Expected number of connected peer ranks is : 31
2026-04-07T17:40:55.4510006Z [2026-04-07 17:40:55.443929][UC][I] rank 4 in world size 32 is assigned as DP rank 0, PP rank 0, PCP rank 0, TP rank 4, EP rank 4, EPLB rank N/A [589,589][parallel_state.py:1717,initialize_model_parallel]
2026-04-07T17:40:55.4521828Z [2026-04-07 17:40:55.443934][UC][I] rank 6 in world size 32 is assigned as DP rank 0, PP rank 0, PCP rank 0, TP rank 6, EP rank 6, EPLB rank N/A [779,779][parallel_state.py:1717,initialize_model_parallel]
2026-04-07T17:40:55.4531425Z [Gloo] Rank 15 is connected to 31 peer ranks. Expected number of connected peer ranks is : 31
2026-04-07T17:40:55.4542816Z [Gloo] Rank 5 is connected to 31 peer ranks. Expected number of connected peer ranks is : 31
2026-04-07T17:40:55.4553270Z [Gloo] Rank 14 is connected to 31 peer ranks. Expected number of connected peer ranks is : 31
2026-04-07T17:40:55.4565214Z [2026-04-07 17:40:55.444155][UC][I] rank 7 in world size 32 is assigned as DP rank 0, PP rank 0, PCP rank 0, TP rank 7, EP rank 7, EPLB rank N/A [876,876][parallel_state.py:1717,initialize_model_parallel]
2026-04-07T17:40:55.4575355Z [Gloo] Rank 13 is connected to 31 peer ranks. Expected number of connected peer ranks is : 31
2026-04-07T17:40:55.4586974Z [2026-04-07 17:40:55.444178][UC][I] rank 3 in world size 32 is assigned as DP rank 0, PP rank 0, PCP rank 0, TP rank 3, EP rank 3, EPLB rank N/A [493,493][parallel_state.py:1717,initialize_model_parallel]
2026-04-07T17:40:55.4597236Z [2026-04-07 17:40:55.444410][UC][I] rank 5 in world size 32 is assigned as DP rank 0, PP rank 0, PCP rank 0, TP rank 5, EP rank 5, EPLB rank N/A [682,682][parallel_state.py:1717,initialize_model_parallel]
2026-04-07T17:40:55.4608046Z [2026-04-07 17:40:55.444413][UC][I] rank 11 in world size 32 is assigned as DP rank 1, PP rank 0, PCP rank 0, TP rank 3, EP rank 11, EPLB rank N/A [489,489][parallel_state.py:1717,initialize_model_parallel]
2026-04-07T17:40:55.4620302Z [2026-04-07 17:40:55.444442][UC][I] rank 15 in world size 32 is assigned as DP rank 1, PP rank 0, PCP rank 0, TP rank 7, EP rank 15, EPLB rank N/A [873,873][parallel_state.py:1717,initialize_model_parallel]
2026-04-07T17:40:55.4631011Z [2026-04-07 17:40:55.444532][UC][I] rank 14 in world size 32 is assigned as DP rank 1, PP rank 0, PCP rank 0, TP rank 6, EP rank 14, EPLB rank N/A [778,778][parallel_state.py:1717,initialize_model_parallel]
2026-04-07T17:40:55.4642126Z [2026-04-07 17:40:55.444660][UC][I] rank 13 in world size 32 is assigned as DP rank 1, PP rank 0, PCP rank 0, TP rank 5, EP rank 13, EPLB rank N/A [683,683][parallel_state.py:1717,initialize_model_parallel]
2026-04-07T17:40:55.4746811Z [Gloo] Rank 7 is connected to 31 peer ranks. Expected number of connected peer ranks is : 31
2026-04-07T17:40:55.4756970Z [Gloo] Rank 0 is connected to 31 peer ranks. Expected number of connected peer ranks is : 31
2026-04-07T17:40:55.4767508Z [Gloo] Rank 4 is connected to 31 peer ranks. Expected number of connected peer ranks is : 31
2026-04-07T17:40:55.4778911Z [Gloo] Rank 1 is connected to 31 peer ranks. Expected number of connected peer ranks is : 31
2026-04-07T17:40:55.4790030Z [Gloo] Rank 2 is connected to 31 peer ranks. Expected number of connected peer ranks is : 31
2026-04-07T17:40:55.4801051Z [Gloo] Rank 15 is connected to 31 peer ranks. Expected number of connected peer ranks is : 31
2026-04-07T17:40:55.4812272Z [Gloo] Rank 9 is connected to 31 peer ranks. Expected number of connected peer ranks is : 31
2026-04-07T17:40:55.4823740Z [Gloo] Rank 3 is connected to 31 peer ranks. Expected number of connected peer ranks is : 31
2026-04-07T17:40:55.4835171Z [Gloo] Rank 5 is connected to 31 peer ranks. Expected number of connected peer ranks is : 31
2026-04-07T17:40:55.4845305Z [Gloo] Rank 6 is connected to 31 peer ranks. Expected number of connected peer ranks is : 31
2026-04-07T17:40:55.4856146Z [Gloo] Rank 8 is connected to 31 peer ranks. Expected number of connected peer ranks is : 31
2026-04-07T17:40:55.4866979Z [Gloo] Rank 10 is connected to 31 peer ranks. Expected number of connected peer ranks is : 31
2026-04-07T17:40:55.4877859Z [Gloo] Rank 13 is connected to 31 peer ranks. Expected number of connected peer ranks is : 31
2026-04-07T17:40:55.4888930Z [Gloo] Rank 11 is connected to 31 peer ranks. Expected number of connected peer ranks is : 31
2026-04-07T17:40:55.4900941Z [Gloo] Rank 12 is connected to 31 peer ranks. Expected number of connected peer ranks is : 31
2026-04-07T17:40:55.4912246Z [Gloo] Rank 14 is connected to 31 peer ranks. Expected number of connected peer ranks is : 31
2026-04-07T17:40:55.4922931Z [Gloo] Rank 0 is connected to 3 peer ranks. Expected number of connected peer ranks is : 3
2026-04-07T17:40:55.4933858Z [Gloo] Rank 1 is connected to 3 peer ranks. Expected number of connected peer ranks is : 3
2026-04-07T17:40:55.4955251Z [Gloo] Rank 0 is connected to 3 peer ranks. Expected number of connected peer ranks is : 3
2026-04-07T17:40:55.4967607Z [Gloo] Rank 0 is connected to 3 peer ranks. Expected number of connected peer ranks is : 3
2026-04-07T17:40:55.4978363Z [Gloo] Rank 1 is connected to 3 peer ranks. Expected number of connected peer ranks is : 3
2026-04-07T17:40:55.4988943Z [Gloo] Rank 1 is connected to 3 peer ranks. Expected number of connected peer ranks is : 3
2026-04-07T17:40:55.4999442Z [Gloo] Rank 0 is connected to 3 peer ranks. Expected number of connected peer ranks is : 3
2026-04-07T17:40:55.5010204Z [Gloo] Rank 1 is connected to 3 peer ranks. Expected number of connected peer ranks is : 3
2026-04-07T17:40:55.5021384Z [Gloo] Rank 0 is connected to 3 peer ranks. Expected number of connected peer ranks is : 3
2026-04-07T17:40:55.5032787Z [Gloo] Rank 1 is connected to 3 peer ranks. Expected number of connected peer ranks is : 3
2026-04-07T17:40:55.5047571Z [Gloo] Rank 0 is connected to 3 peer ranks. Expected number of connected peer ranks is : 3
2026-04-07T17:40:55.5059424Z [Gloo] Rank 0 is connected to 3 peer ranks. Expected number of connected peer ranks is : 3
2026-04-07T17:40:55.5070341Z [Gloo] Rank 1 is connected to 3 peer ranks. Expected number of connected peer ranks is : 3
2026-04-07T17:40:55.5081025Z [Gloo] Rank 1 is connected to 3 peer ranks. Expected number of connected peer ranks is : 3
2026-04-07T17:40:55.5091328Z [Gloo] Rank 1 is connected to 3 peer ranks. Expected number of connected peer ranks is : 3
2026-04-07T17:40:55.5102836Z [Gloo] Rank 0 is connected to 3 peer ranks. Expected number of connected peer ranks is : 3
2026-04-07T17:40:58.9893678Z (Worker pid=873) INFO 04-07 17:40:58 [cpu_binding.py:320] [cpu_bind_mode] mode=global_slice rank=7 visible_npus=[8, 9, 10, 11, 12, 13, 14, 15]
2026-04-07T17:40:58.9906721Z (Worker pid=873) INFO 04-07 17:40:58 [cpu_binding.py:367] The CPU allocation plan is as follows:
2026-04-07T17:40:58.9918969Z (Worker pid=873) INFO 04-07 17:40:58 [cpu_binding.py:372] NPU15: main=[302 303 304 305 306 307 308 309 310 311 312 313 314 315 316 317]  acl=[318]  release=[[319]]
2026-04-07T17:40:59.0586891Z (Worker pid=873) INFO 04-07 17:40:59 [cpu_binding.py:394] [migrate] NPU:15 -> NUMA [7]
2026-04-07T17:40:59.4002689Z (Worker pid=229) INFO 04-07 17:40:59 [cpu_binding.py:320] [cpu_bind_mode] mode=global_slice rank=0 visible_npus=[0, 1, 2, 3, 4, 5, 6, 7]
2026-04-07T17:40:59.4014045Z (Worker pid=229) INFO 04-07 17:40:59 [cpu_binding.py:367] The CPU allocation plan is as follows:
2026-04-07T17:40:59.4029058Z (Worker pid=229) INFO 04-07 17:40:59 [cpu_binding.py:372] NPU0: main=[2 3 4 5 6 7 8 9 10 11 12 13 14 15 16 17]  acl=[18]  release=[[19]]
2026-04-07T17:40:59.4604780Z (Worker pid=229) INFO 04-07 17:40:59 [cpu_binding.py:394] [migrate] NPU:0 -> NUMA [0]
2026-04-07T17:40:59.5130336Z (Worker pid=228) INFO 04-07 17:40:59 [cpu_binding.py:320] [cpu_bind_mode] mode=global_slice rank=0 visible_npus=[8, 9, 10, 11, 12, 13, 14, 15]
2026-04-07T17:40:59.5220862Z (Worker pid=228) INFO 04-07 17:40:59 [cpu_binding.py:367] The CPU allocation plan is as follows:
2026-04-07T17:40:59.5233937Z (Worker pid=228) INFO 04-07 17:40:59 [cpu_binding.py:372] NPU8: main=[162 163 164 165 166 167 168 169 170 171 172 173 174 175 176 177]  acl=[178]  release=[[179]]
2026-04-07T17:40:59.5649742Z (Worker pid=228) INFO 04-07 17:40:59 [cpu_binding.py:394] [migrate] NPU:8 -> NUMA [4]
2026-04-07T17:40:59.8896046Z (Worker pid=300) INFO 04-07 17:40:59 [cpu_binding.py:320] [cpu_bind_mode] mode=global_slice rank=1 visible_npus=[8, 9, 10, 11, 12, 13, 14, 15]
2026-04-07T17:40:59.8905453Z (Worker pid=300) INFO 04-07 17:40:59 [cpu_binding.py:367] The CPU allocation plan is as follows:
2026-04-07T17:40:59.8916494Z (Worker pid=300) INFO 04-07 17:40:59 [cpu_binding.py:372] NPU9: main=[182 183 184 185 186 187 188 189 190 191 192 193 194 195 196 197]  acl=[198]  release=[[199]]
2026-04-07T17:40:59.9450684Z (Worker pid=300) INFO 04-07 17:40:59 [cpu_binding.py:394] [migrate] NPU:9 -> NUMA [4]
2026-04-07T17:41:00.0060108Z (Worker pid=589) INFO 04-07 17:41:00 [cpu_binding.py:320] [cpu_bind_mode] mode=global_slice rank=4 visible_npus=[0, 1, 2, 3, 4, 5, 6, 7]
2026-04-07T17:41:00.0087455Z (Worker pid=589) INFO 04-07 17:41:00 [cpu_binding.py:367] The CPU allocation plan is as follows:
2026-04-07T17:41:00.0098947Z (Worker pid=589) INFO 04-07 17:41:00 [cpu_binding.py:372] NPU4: main=[82 83 84 85 86 87 88 89 90 91 92 93 94 95 96 97]  acl=[98]  release=[[99]]
2026-04-07T17:41:00.0560033Z (Worker pid=589) INFO 04-07 17:41:00 [cpu_binding.py:394] [migrate] NPU:4 -> NUMA [2]
2026-04-07T17:41:00.2673741Z (Worker pid=682) INFO 04-07 17:41:00 [cpu_binding.py:320] [cpu_bind_mode] mode=global_slice rank=5 visible_npus=[0, 1, 2, 3, 4, 5, 6, 7]
2026-04-07T17:41:00.2682432Z (Worker pid=682) INFO 04-07 17:41:00 [cpu_binding.py:367] The CPU allocation plan is as follows:
2026-04-07T17:41:00.2695414Z (Worker pid=682) INFO 04-07 17:41:00 [cpu_binding.py:372] NPU5: main=[102 103 104 105 106 107 108 109 110 111 112 113 114 115 116 117]  acl=[118]  release=[[119]]
2026-04-07T17:41:00.3310080Z (Worker pid=682) INFO 04-07 17:41:00 [cpu_binding.py:394] [migrate] NPU:5 -> NUMA [2]
2026-04-07T17:41:00.3715964Z (Worker pid=301) INFO 04-07 17:41:00 [cpu_binding.py:320] [cpu_bind_mode] mode=global_slice rank=1 visible_npus=[0, 1, 2, 3, 4, 5, 6, 7]
2026-04-07T17:41:00.3740016Z (Worker pid=301) INFO 04-07 17:41:00 [cpu_binding.py:367] The CPU allocation plan is as follows:
2026-04-07T17:41:00.3751096Z (Worker pid=301) INFO 04-07 17:41:00 [cpu_binding.py:372] NPU1: main=[22 23 24 25 26 27 28 29 30 31 32 33 34 35 36 37]  acl=[38]  release=[[39]]
2026-04-07T17:41:00.4347445Z (Worker pid=301) INFO 04-07 17:41:00 [cpu_binding.py:394] [migrate] NPU:1 -> NUMA [0]
2026-04-07T17:41:00.4533807Z [2026-04-07 17:41:00.451506][UC][W] min_p and logit_bias parameters won't work with speculative decoding. [300,300][__init__.py:204,build_logitsprocs]
2026-04-07T17:41:00.4843551Z [2026-04-07 17:41:00.482478][UC][W] min_p and logit_bias parameters won't work with speculative decoding. [228,228][__init__.py:204,build_logitsprocs]
2026-04-07T17:41:00.4937445Z [2026-04-07 17:41:00.491752][UC][W] min_p and logit_bias parameters won't work with speculative decoding. [300,300][__init__.py:204,build_logitsprocs]
2026-04-07T17:41:00.4969919Z (Worker_DP1_TP1_EP9 pid=300) INFO 04-07 17:41:00 [model_runner_v1.py:2565] Starting to load model /root/.cache/modelscope/hub/models/vllm-ascend/DeepSeek-V3___2-W8A8...
2026-04-07T17:41:00.5006295Z [2026-04-07 17:41:00.498704][UC][W] min_p and logit_bias parameters won't work with speculative decoding. [228,228][__init__.py:204,build_logitsprocs]
2026-04-07T17:41:00.5033420Z (Worker_DP1_TP0_EP8 pid=228) INFO 04-07 17:41:00 [model_runner_v1.py:2565] Starting to load model /root/.cache/modelscope/hub/models/vllm-ascend/DeepSeek-V3___2-W8A8...
2026-04-07T17:41:00.5315037Z (Worker pid=876) INFO 04-07 17:41:00 [cpu_binding.py:320] [cpu_bind_mode] mode=global_slice rank=7 visible_npus=[0, 1, 2, 3, 4, 5, 6, 7]
2026-04-07T17:41:00.5340210Z (Worker pid=876) INFO 04-07 17:41:00 [cpu_binding.py:367] The CPU allocation plan is as follows:
2026-04-07T17:41:00.5351974Z (Worker pid=876) INFO 04-07 17:41:00 [cpu_binding.py:372] NPU7: main=[142 143 144 145 146 147 148 149 150 151 152 153 154 155 156 157]  acl=[158]  release=[[159]]
2026-04-07T17:41:00.5861885Z (Worker pid=876) INFO 04-07 17:41:00 [cpu_binding.py:394] [migrate] NPU:7 -> NUMA [3]
2026-04-07T17:41:00.7770311Z (Worker pid=396) INFO 04-07 17:41:00 [cpu_binding.py:320] [cpu_bind_mode] mode=global_slice rank=2 visible_npus=[0, 1, 2, 3, 4, 5, 6, 7]
2026-04-07T17:41:00.7781379Z (Worker pid=396) INFO 04-07 17:41:00 [cpu_binding.py:367] The CPU allocation plan is as follows:
2026-04-07T17:41:00.7793265Z (Worker pid=396) INFO 04-07 17:41:00 [cpu_binding.py:372] NPU2: main=[42 43 44 45 46 47 48 49 50 51 52 53 54 55 56 57]  acl=[58]  release=[[59]]
2026-04-07T17:41:00.8278338Z (Worker pid=396) INFO 04-07 17:41:00 [cpu_binding.py:394] [migrate] NPU:2 -> NUMA [1]
2026-04-07T17:41:00.8733841Z (Worker_DP1_TP1_EP9 pid=300) INFO 04-07 17:41:00 [modelslim_config.py:341] Using the vLLM Ascend modelslim Quantization now!
2026-04-07T17:41:00.8838654Z (Worker_DP1_TP0_EP8 pid=228) INFO 04-07 17:41:00 [modelslim_config.py:341] Using the vLLM Ascend modelslim Quantization now!
2026-04-07T17:41:00.9059482Z (Worker pid=778) INFO 04-07 17:41:00 [cpu_binding.py:320] [cpu_bind_mode] mode=global_slice rank=6 visible_npus=[8, 9, 10, 11, 12, 13, 14, 15]
2026-04-07T17:41:00.9084139Z (Worker pid=778) INFO 04-07 17:41:00 [cpu_binding.py:367] The CPU allocation plan is as follows:
2026-04-07T17:41:00.9095882Z (Worker pid=778) INFO 04-07 17:41:00 [cpu_binding.py:372] NPU14: main=[282 283 284 285 286 287 288 289 290 291 292 293 294 295 296 297]  acl=[298]  release=[[299]]
2026-04-07T17:41:00.9643282Z (Worker pid=778) INFO 04-07 17:41:00 [cpu_binding.py:394] [migrate] NPU:14 -> NUMA [7]
2026-04-07T17:41:01.1102011Z (Worker pid=683) INFO 04-07 17:41:01 [cpu_binding.py:320] [cpu_bind_mode] mode=global_slice rank=5 visible_npus=[8, 9, 10, 11, 12, 13, 14, 15]
2026-04-07T17:41:01.1112015Z (Worker pid=683) INFO 04-07 17:41:01 [cpu_binding.py:367] The CPU allocation plan is as follows:
2026-04-07T17:41:01.1123590Z (Worker pid=683) INFO 04-07 17:41:01 [cpu_binding.py:372] NPU13: main=[262 263 264 265 266 267 268 269 270 271 272 273 274 275 276 277]  acl=[278]  release=[[279]]
2026-04-07T17:41:01.1694996Z (Worker pid=683) INFO 04-07 17:41:01 [cpu_binding.py:394] [migrate] NPU:13 -> NUMA [6]
2026-04-07T17:41:01.2103744Z (Worker pid=493) INFO 04-07 17:41:01 [cpu_binding.py:320] [cpu_bind_mode] mode=global_slice rank=3 visible_npus=[0, 1, 2, 3, 4, 5, 6, 7]
2026-04-07T17:41:01.2114790Z (Worker pid=493) INFO 04-07 17:41:01 [cpu_binding.py:367] The CPU allocation plan is as follows:
2026-04-07T17:41:01.2127471Z (Worker pid=493) INFO 04-07 17:41:01 [cpu_binding.py:372] NPU3: main=[62 63 64 65 66 67 68 69 70 71 72 73 74 75 76 77]  acl=[78]  release=[[79]]
2026-04-07T17:41:01.2637548Z (Worker pid=493) INFO 04-07 17:41:01 [cpu_binding.py:394] [migrate] NPU:3 -> NUMA [1]
2026-04-07T17:41:01.3081087Z [2026-04-07 17:41:01.306011][UC][I] [EP Rank 8/32] Expert parallelism is enabled. Expert placement strategy: linear. Local/global number of experts: 8/256. Experts local to global index map: 0->64, 1->65, 2->66, 3->67, 4->68, 5->69, 6->70, 7->71. [228,228][layer.py:457,__init__]
2026-04-07T17:41:01.3092205Z [2026-04-07 17:41:01.306020][UC][I] [EP Rank 9/32] Expert parallelism is enabled. Expert placement strategy: linear. Local/global number of experts: 8/256. Experts local to global index map: 0->72, 1->73, 2->74, 3->75, 4->76, 5->77, 6->78, 7->79. [300,300][layer.py:457,__init__]
2026-04-07T17:41:01.3774197Z (Worker pid=585) INFO 04-07 17:41:01 [cpu_binding.py:320] [cpu_bind_mode] mode=global_slice rank=4 visible_npus=[8, 9, 10, 11, 12, 13, 14, 15]
2026-04-07T17:41:01.3785573Z (Worker pid=585) INFO 04-07 17:41:01 [cpu_binding.py:367] The CPU allocation plan is as follows:
2026-04-07T17:41:01.3797047Z (Worker pid=585) INFO 04-07 17:41:01 [cpu_binding.py:372] NPU12: main=[242 243 244 245 246 247 248 249 250 251 252 253 254 255 256 257]  acl=[258]  release=[[259]]
2026-04-07T17:41:01.4243036Z (Worker pid=585) INFO 04-07 17:41:01 [cpu_binding.py:394] [migrate] NPU:12 -> NUMA [6]
2026-04-07T17:41:01.5939955Z (Worker pid=489) INFO 04-07 17:41:01 [cpu_binding.py:320] [cpu_bind_mode] mode=global_slice rank=3 visible_npus=[8, 9, 10, 11, 12, 13, 14, 15]
2026-04-07T17:41:01.5961798Z (Worker pid=489) INFO 04-07 17:41:01 [cpu_binding.py:367] The CPU allocation plan is as follows:
2026-04-07T17:41:01.5974162Z (Worker pid=489) INFO 04-07 17:41:01 [cpu_binding.py:372] NPU11: main=[222 223 224 225 226 227 228 229 230 231 232 233 234 235 236 237]  acl=[238]  release=[[239]]
2026-04-07T17:41:01.6453574Z (Worker pid=489) INFO 04-07 17:41:01 [cpu_binding.py:394] [migrate] NPU:11 -> NUMA [5]
2026-04-07T17:41:01.9696161Z (Worker pid=779) INFO 04-07 17:41:01 [cpu_binding.py:320] [cpu_bind_mode] mode=global_slice rank=6 visible_npus=[0, 1, 2, 3, 4, 5, 6, 7]
2026-04-07T17:41:01.9707395Z (Worker pid=779) INFO 04-07 17:41:01 [cpu_binding.py:367] The CPU allocation plan is as follows:
2026-04-07T17:41:01.9719745Z (Worker pid=779) INFO 04-07 17:41:01 [cpu_binding.py:372] NPU6: main=[122 123 124 125 126 127 128 129 130 131 132 133 134 135 136 137]  acl=[138]  release=[[139]]
2026-04-07T17:41:02.0189395Z (Worker pid=779) INFO 04-07 17:41:02 [cpu_binding.py:394] [migrate] NPU:6 -> NUMA [3]
2026-04-07T17:41:02.2371708Z (Worker pid=393) INFO 04-07 17:41:02 [cpu_binding.py:320] [cpu_bind_mode] mode=global_slice rank=2 visible_npus=[8, 9, 10, 11, 12, 13, 14, 15]
2026-04-07T17:41:02.2381079Z (Worker pid=393) INFO 04-07 17:41:02 [cpu_binding.py:367] The CPU allocation plan is as follows:
2026-04-07T17:41:02.2393393Z (Worker pid=393) INFO 04-07 17:41:02 [cpu_binding.py:372] NPU10: main=[202 203 204 205 206 207 208 209 210 211 212 213 214 215 216 217]  acl=[218]  release=[[219]]
2026-04-07T17:41:02.2836388Z (Worker pid=393) INFO 04-07 17:41:02 [cpu_binding.py:394] [migrate] NPU:10 -> NUMA [5]
2026-04-07T17:41:02.3917653Z [2026-04-07 17:41:02.389637][UC][W] min_p and logit_bias parameters won't work with speculative decoding. [873,873][__init__.py:204,build_logitsprocs]
2026-04-07T17:41:02.4074534Z [2026-04-07 17:41:02.405608][UC][W] min_p and logit_bias parameters won't work with speculative decoding. [873,873][__init__.py:204,build_logitsprocs]
2026-04-07T17:41:02.4104177Z (Worker_DP1_TP7_EP15 pid=873) INFO 04-07 17:41:02 [model_runner_v1.py:2565] Starting to load model /root/.cache/modelscope/hub/models/vllm-ascend/DeepSeek-V3___2-W8A8...
2026-04-07T17:41:02.7453668Z (Worker_DP1_TP7_EP15 pid=873) INFO 04-07 17:41:02 [modelslim_config.py:341] Using the vLLM Ascend modelslim Quantization now!
2026-04-07T17:41:03.1032246Z [2026-04-07 17:41:03.100955][UC][I] [EP Rank 15/32] Expert parallelism is enabled. Expert placement strategy: linear. Local/global number of experts: 8/256. Experts local to global index map: 0->120, 1->121, 2->122, 3->123, 4->124, 5->125, 6->126, 7->127. [873,873][layer.py:457,__init__]
2026-04-07T17:41:05.7593391Z [2026-04-07 17:41:05.756955][UC][W] min_p and logit_bias parameters won't work with speculative decoding. [229,229][__init__.py:204,build_logitsprocs]
2026-04-07T17:41:05.7756604Z [2026-04-07 17:41:05.772423][UC][W] min_p and logit_bias parameters won't work with speculative decoding. [229,229][__init__.py:204,build_logitsprocs]
2026-04-07T17:41:05.7769024Z (Worker_DP0_TP0_EP0 pid=229) INFO 04-07 17:41:05 [model_runner_v1.py:2565] Starting to load model /root/.cache/modelscope/hub/models/vllm-ascend/DeepSeek-V3___2-W8A8...
2026-04-07T17:41:06.1313586Z (Worker_DP0_TP0_EP0 pid=229) INFO 04-07 17:41:06 [modelslim_config.py:341] Using the vLLM Ascend modelslim Quantization now!
2026-04-07T17:41:06.3774224Z [2026-04-07 17:41:06.375227][UC][W] min_p and logit_bias parameters won't work with speculative decoding. [876,876][__init__.py:204,build_logitsprocs]
2026-04-07T17:41:06.3929653Z [2026-04-07 17:41:06.391082][UC][W] min_p and logit_bias parameters won't work with speculative decoding. [876,876][__init__.py:204,build_logitsprocs]
2026-04-07T17:41:06.3954498Z (Worker_DP0_TP7_EP7 pid=876) INFO 04-07 17:41:06 [model_runner_v1.py:2565] Starting to load model /root/.cache/modelscope/hub/models/vllm-ascend/DeepSeek-V3___2-W8A8...
2026-04-07T17:41:06.4833504Z [2026-04-07 17:41:06.481270][UC][I] [EP Rank 0/32] Expert parallelism is enabled. Expert placement strategy: linear. Local/global number of experts: 8/256. Experts local to global index map: 0->0, 1->1, 2->2, 3->3, 4->4, 5->5, 6->6, 7->7. [229,229][layer.py:457,__init__]
2026-04-07T17:41:06.7355177Z (Worker_DP0_TP7_EP7 pid=876) INFO 04-07 17:41:06 [modelslim_config.py:341] Using the vLLM Ascend modelslim Quantization now!
2026-04-07T17:41:06.8093917Z [2026-04-07 17:41:06.807314][UC][W] min_p and logit_bias parameters won't work with speculative decoding. [682,682][__init__.py:204,build_logitsprocs]
2026-04-07T17:41:06.8283869Z [2026-04-07 17:41:06.825073][UC][W] min_p and logit_bias parameters won't work with speculative decoding. [682,682][__init__.py:204,build_logitsprocs]
2026-04-07T17:41:06.8296318Z (Worker_DP0_TP5_EP5 pid=682) INFO 04-07 17:41:06 [model_runner_v1.py:2565] Starting to load model /root/.cache/modelscope/hub/models/vllm-ascend/DeepSeek-V3___2-W8A8...
2026-04-07T17:41:07.0962620Z [2026-04-07 17:41:07.094041][UC][I] [EP Rank 7/32] Expert parallelism is enabled. Expert placement strategy: linear. Local/global number of experts: 8/256. Experts local to global index map: 0->56, 1->57, 2->58, 3->59, 4->60, 5->61, 6->62, 7->63. [876,876][layer.py:457,__init__]
2026-04-07T17:41:07.1784659Z (Worker_DP0_TP5_EP5 pid=682) INFO 04-07 17:41:07 [modelslim_config.py:341] Using the vLLM Ascend modelslim Quantization now!
2026-04-07T17:41:07.3990287Z [2026-04-07 17:41:07.391623][UC][W] min_p and logit_bias parameters won't work with speculative decoding. [778,778][__init__.py:204,build_logitsprocs]
2026-04-07T17:41:07.4117000Z [2026-04-07 17:41:07.409894][UC][W] min_p and logit_bias parameters won't work with speculative decoding. [778,778][__init__.py:204,build_logitsprocs]
2026-04-07T17:41:07.4144197Z (Worker_DP1_TP6_EP14 pid=778) INFO 04-07 17:41:07 [model_runner_v1.py:2565] Starting to load model /root/.cache/modelscope/hub/models/vllm-ascend/DeepSeek-V3___2-W8A8...
2026-04-07T17:41:07.5320976Z [2026-04-07 17:41:07.529896][UC][I] [EP Rank 5/32] Expert parallelism is enabled. Expert placement strategy: linear. Local/global number of experts: 8/256. Experts local to global index map: 0->40, 1->41, 2->42, 3->43, 4->44, 5->45, 6->46, 7->47. [682,682][layer.py:457,__init__]
2026-04-07T17:41:07.5531898Z [2026-04-07 17:41:07.551343][UC][W] min_p and logit_bias parameters won't work with speculative decoding. [301,301][__init__.py:204,build_logitsprocs]
2026-04-07T17:41:07.5686078Z [2026-04-07 17:41:07.566867][UC][W] min_p and logit_bias parameters won't work with speculative decoding. [301,301][__init__.py:204,build_logitsprocs]
2026-04-07T17:41:07.5711232Z (Worker_DP0_TP1_EP1 pid=301) INFO 04-07 17:41:07 [model_runner_v1.py:2565] Starting to load model /root/.cache/modelscope/hub/models/vllm-ascend/DeepSeek-V3___2-W8A8...
2026-04-07T17:41:07.6515138Z [2026-04-07 17:41:07.649634][UC][W] min_p and logit_bias parameters won't work with speculative decoding. [589,589][__init__.py:204,build_logitsprocs]
2026-04-07T17:41:07.6669604Z [2026-04-07 17:41:07.665175][UC][W] min_p and logit_bias parameters won't work with speculative decoding. [589,589][__init__.py:204,build_logitsprocs]
2026-04-07T17:41:07.6692371Z (Worker_DP0_TP4_EP4 pid=589) INFO 04-07 17:41:07 [model_runner_v1.py:2565] Starting to load model /root/.cache/modelscope/hub/models/vllm-ascend/DeepSeek-V3___2-W8A8...
2026-04-07T17:41:07.7678367Z (Worker_DP1_TP6_EP14 pid=778) INFO 04-07 17:41:07 [modelslim_config.py:341] Using the vLLM Ascend modelslim Quantization now!
2026-04-07T17:41:07.9188470Z (Worker_DP0_TP1_EP1 pid=301) INFO 04-07 17:41:07 [modelslim_config.py:341] Using the vLLM Ascend modelslim Quantization now!
2026-04-07T17:41:07.9957337Z [2026-04-07 17:41:07.993692][UC][W] min_p and logit_bias parameters won't work with speculative decoding. [396,396][__init__.py:204,build_logitsprocs]
2026-04-07T17:41:08.0016385Z (Worker_DP0_TP4_EP4 pid=589) INFO 04-07 17:41:07 [modelslim_config.py:341] Using the vLLM Ascend modelslim Quantization now!
2026-04-07T17:41:08.0176460Z [2026-04-07 17:41:08.015718][UC][W] min_p and logit_bias parameters won't work with speculative decoding. [396,396][__init__.py:204,build_logitsprocs]
2026-04-07T17:41:08.0197785Z (Worker_DP0_TP2_EP2 pid=396) INFO 04-07 17:41:08 [model_runner_v1.py:2565] Starting to load model /root/.cache/modelscope/hub/models/vllm-ascend/DeepSeek-V3___2-W8A8...
2026-04-07T17:41:08.1390782Z [2026-04-07 17:41:08.136368][UC][I] [EP Rank 14/32] Expert parallelism is enabled. Expert placement strategy: linear. Local/global number of experts: 8/256. Experts local to global index map: 0->112, 1->113, 2->114, 3->115, 4->116, 5->117, 6->118, 7->119. [778,778][layer.py:457,__init__]
2026-04-07T17:41:08.2717420Z [2026-04-07 17:41:08.269699][UC][I] [EP Rank 1/32] Expert parallelism is enabled. Expert placement strategy: linear. Local/global number of experts: 8/256. Experts local to global index map: 0->8, 1->9, 2->10, 3->11, 4->12, 5->13, 6->14, 7->15. [301,301][layer.py:457,__init__]
2026-04-07T17:41:08.3537860Z [2026-04-07 17:41:08.351730][UC][W] min_p and logit_bias parameters won't work with speculative decoding. [779,779][__init__.py:204,build_logitsprocs]
2026-04-07T17:41:08.3588922Z (Worker_DP0_TP2_EP2 pid=396) INFO 04-07 17:41:08 [modelslim_config.py:341] Using the vLLM Ascend modelslim Quantization now!
2026-04-07T17:41:08.3687635Z [2026-04-07 17:41:08.364404][UC][I] [EP Rank 4/32] Expert parallelism is enabled. Expert placement strategy: linear. Local/global number of experts: 8/256. Experts local to global index map: 0->32, 1->33, 2->34, 3->35, 4->36, 5->37, 6->38, 7->39. [589,589][layer.py:457,__init__]
2026-04-07T17:41:08.3715842Z [2026-04-07 17:41:08.367238][UC][W] min_p and logit_bias parameters won't work with speculative decoding. [779,779][__init__.py:204,build_logitsprocs]
2026-04-07T17:41:08.3726702Z (Worker_DP0_TP6_EP6 pid=779) INFO 04-07 17:41:08 [model_runner_v1.py:2565] Starting to load model /root/.cache/modelscope/hub/models/vllm-ascend/DeepSeek-V3___2-W8A8...
2026-04-07T17:41:08.5924173Z [2026-04-07 17:41:08.590220][UC][W] min_p and logit_bias parameters won't work with speculative decoding. [683,683][__init__.py:204,build_logitsprocs]
2026-04-07T17:41:08.6076499Z [2026-04-07 17:41:08.605740][UC][W] min_p and logit_bias parameters won't work with speculative decoding. [683,683][__init__.py:204,build_logitsprocs]
2026-04-07T17:41:08.6101522Z (Worker_DP1_TP5_EP13 pid=683) INFO 04-07 17:41:08 [model_runner_v1.py:2565] Starting to load model /root/.cache/modelscope/hub/models/vllm-ascend/DeepSeek-V3___2-W8A8...
2026-04-07T17:41:08.7069561Z (Worker_DP0_TP6_EP6 pid=779) INFO 04-07 17:41:08 [modelslim_config.py:341] Using the vLLM Ascend modelslim Quantization now!
2026-04-07T17:41:08.7174017Z [2026-04-07 17:41:08.715357][UC][I] [EP Rank 2/32] Expert parallelism is enabled. Expert placement strategy: linear. Local/global number of experts: 8/256. Experts local to global index map: 0->16, 1->17, 2->18, 3->19, 4->20, 5->21, 6->22, 7->23. [396,396][layer.py:457,__init__]
2026-04-07T17:41:08.7215133Z [2026-04-07 17:41:08.719615][UC][W] min_p and logit_bias parameters won't work with speculative decoding. [489,489][__init__.py:204,build_logitsprocs]
2026-04-07T17:41:08.7378007Z [2026-04-07 17:41:08.735932][UC][W] min_p and logit_bias parameters won't work with speculative decoding. [489,489][__init__.py:204,build_logitsprocs]
2026-04-07T17:41:08.7408160Z (Worker_DP1_TP3_EP11 pid=489) INFO 04-07 17:41:08 [model_runner_v1.py:2565] Starting to load model /root/.cache/modelscope/hub/models/vllm-ascend/DeepSeek-V3___2-W8A8...
2026-04-07T17:41:08.9530174Z (Worker_DP1_TP5_EP13 pid=683) INFO 04-07 17:41:08 [modelslim_config.py:341] Using the vLLM Ascend modelslim Quantization now!
2026-04-07T17:41:09.0549455Z [2026-04-07 17:41:09.052863][UC][I] [EP Rank 6/32] Expert parallelism is enabled. Expert placement strategy: linear. Local/global number of experts: 8/256. Experts local to global index map: 0->48, 1->49, 2->50, 3->51, 4->52, 5->53, 6->54, 7->55. [779,779][layer.py:457,__init__]
2026-04-07T17:41:09.0984127Z (Worker_DP1_TP3_EP11 pid=489) INFO 04-07 17:41:09 [modelslim_config.py:341] Using the vLLM Ascend modelslim Quantization now!
2026-04-07T17:41:09.1224190Z [2026-04-07 17:41:09.120549][UC][W] min_p and logit_bias parameters won't work with speculative decoding. [585,585][__init__.py:204,build_logitsprocs]
2026-04-07T17:41:09.1373916Z [2026-04-07 17:41:09.135519][UC][W] min_p and logit_bias parameters won't work with speculative decoding. [585,585][__init__.py:204,build_logitsprocs]
2026-04-07T17:41:09.1401678Z (Worker_DP1_TP4_EP12 pid=585) INFO 04-07 17:41:09 [model_runner_v1.py:2565] Starting to load model /root/.cache/modelscope/hub/models/vllm-ascend/DeepSeek-V3___2-W8A8...
2026-04-07T17:41:09.1625965Z [2026-04-07 17:41:09.156684][UC][W] min_p and logit_bias parameters won't work with speculative decoding. [493,493][__init__.py:204,build_logitsprocs]
2026-04-07T17:41:09.1742367Z [2026-04-07 17:41:09.172435][UC][W] min_p and logit_bias parameters won't work with speculative decoding. [493,493][__init__.py:204,build_logitsprocs]
2026-04-07T17:41:09.1764253Z (Worker_DP0_TP3_EP3 pid=493) INFO 04-07 17:41:09 [model_runner_v1.py:2565] Starting to load model /root/.cache/modelscope/hub/models/vllm-ascend/DeepSeek-V3___2-W8A8...
2026-04-07T17:41:09.1821817Z [2026-04-07 17:41:09.180474][UC][W] min_p and logit_bias parameters won't work with speculative decoding. [393,393][__init__.py:204,build_logitsprocs]
2026-04-07T17:41:09.1978452Z [2026-04-07 17:41:09.195878][UC][W] min_p and logit_bias parameters won't work with speculative decoding. [393,393][__init__.py:204,build_logitsprocs]
2026-04-07T17:41:09.2003029Z (Worker_DP1_TP2_EP10 pid=393) INFO 04-07 17:41:09 [model_runner_v1.py:2565] Starting to load model /root/.cache/modelscope/hub/models/vllm-ascend/DeepSeek-V3___2-W8A8...
2026-04-07T17:41:09.3126660Z [2026-04-07 17:41:09.310648][UC][I] [EP Rank 13/32] Expert parallelism is enabled. Expert placement strategy: linear. Local/global number of experts: 8/256. Experts local to global index map: 0->104, 1->105, 2->106, 3->107, 4->108, 5->109, 6->110, 7->111. [683,683][layer.py:457,__init__]
2026-04-07T17:41:09.4556567Z [2026-04-07 17:41:09.453468][UC][I] [EP Rank 11/32] Expert parallelism is enabled. Expert placement strategy: linear. Local/global number of experts: 8/256. Experts local to global index map: 0->88, 1->89, 2->90, 3->91, 4->92, 5->93, 6->94, 7->95. [489,489][layer.py:457,__init__]
2026-04-07T17:41:09.4810229Z (Worker_DP1_TP4_EP12 pid=585) INFO 04-07 17:41:09 [modelslim_config.py:341] Using the vLLM Ascend modelslim Quantization now!
2026-04-07T17:41:09.5019069Z (Worker_DP0_TP3_EP3 pid=493) INFO 04-07 17:41:09 [modelslim_config.py:341] Using the vLLM Ascend modelslim Quantization now!
2026-04-07T17:41:09.5363862Z (Worker_DP1_TP2_EP10 pid=393) INFO 04-07 17:41:09 [modelslim_config.py:341] Using the vLLM Ascend modelslim Quantization now!
2026-04-07T17:41:09.8401024Z [2026-04-07 17:41:09.837611][UC][I] [EP Rank 12/32] Expert parallelism is enabled. Expert placement strategy: linear. Local/global number of experts: 8/256. Experts local to global index map: 0->96, 1->97, 2->98, 3->99, 4->100, 5->101, 6->102, 7->103. [585,585][layer.py:457,__init__]
2026-04-07T17:41:09.8634049Z [2026-04-07 17:41:09.861380][UC][I] [EP Rank 3/32] Expert parallelism is enabled. Expert placement strategy: linear. Local/global number of experts: 8/256. Experts local to global index map: 0->24, 1->25, 2->26, 3->27, 4->28, 5->29, 6->30, 7->31. [493,493][layer.py:457,__init__]
2026-04-07T17:41:09.8939307Z [2026-04-07 17:41:09.891888][UC][I] [EP Rank 10/32] Expert parallelism is enabled. Expert placement strategy: linear. Local/global number of experts: 8/256. Experts local to global index map: 0->80, 1->81, 2->82, 3->83, 4->84, 5->85, 6->86, 7->87. [393,393][layer.py:457,__init__]
2026-04-07T17:41:10.4365532Z (Worker_DP0_TP1_EP1 pid=301) INFO 04-07 17:41:10 [fused_moe.py:335] [EP Rank 1/32] Expert parallelism is enabled. Local/global number of experts: 8/256. Experts local to global index map: 0->8, 1->9, 2->10, 3->11, 4->12, 5->13, 6->14, 7->15.
2026-04-07T17:41:10.4390976Z (Worker_DP0_TP2_EP2 pid=396) INFO 04-07 17:41:10 [fused_moe.py:335] [EP Rank 2/32] Expert parallelism is enabled. Local/global number of experts: 8/256. Experts local to global index map: 0->16, 1->17, 2->18, 3->19, 4->20, 5->21, 6->22, 7->23.
2026-04-07T17:41:10.4956449Z (Worker_DP0_TP7_EP7 pid=876) INFO 04-07 17:41:10 [fused_moe.py:335] [EP Rank 7/32] Expert parallelism is enabled. Local/global number of experts: 8/256. Experts local to global index map: 0->56, 1->57, 2->58, 3->59, 4->60, 5->61, 6->62, 7->63.
2026-04-07T17:41:10.5030593Z (Worker_DP0_TP0_EP0 pid=229) INFO 04-07 17:41:10 [fused_moe.py:335] [EP Rank 0/32] Expert parallelism is enabled. Local/global number of experts: 8/256. Experts local to global index map: 0->0, 1->1, 2->2, 3->3, 4->4, 5->5, 6->6, 7->7.
2026-04-07T17:41:10.5238521Z (Worker_DP0_TP5_EP5 pid=682) INFO 04-07 17:41:10 [fused_moe.py:335] [EP Rank 5/32] Expert parallelism is enabled. Local/global number of experts: 8/256. Experts local to global index map: 0->40, 1->41, 2->42, 3->43, 4->44, 5->45, 6->46, 7->47.
2026-04-07T17:41:10.5268531Z (Worker_DP1_TP6_EP14 pid=778) INFO 04-07 17:41:10 [fused_moe.py:335] [EP Rank 14/32] Expert parallelism is enabled. Local/global number of experts: 8/256. Experts local to global index map: 0->112, 1->113, 2->114, 3->115, 4->116, 5->117, 6->118, 7->119.
2026-04-07T17:41:10.5721876Z (Worker_DP1_TP1_EP9 pid=300) INFO 04-07 17:41:10 [fused_moe.py:335] [EP Rank 9/32] Expert parallelism is enabled. Local/global number of experts: 8/256. Experts local to global index map: 0->72, 1->73, 2->74, 3->75, 4->76, 5->77, 6->78, 7->79.
2026-04-07T17:41:10.5741141Z (Worker_DP1_TP4_EP12 pid=585) INFO 04-07 17:41:10 [fused_moe.py:335] [EP Rank 12/32] Expert parallelism is enabled. Local/global number of experts: 8/256. Experts local to global index map: 0->96, 1->97, 2->98, 3->99, 4->100, 5->101, 6->102, 7->103.
2026-04-07T17:41:10.5779178Z (Worker_DP1_TP7_EP15 pid=873) INFO 04-07 17:41:10 [fused_moe.py:335] [EP Rank 15/32] Expert parallelism is enabled. Local/global number of experts: 8/256. Experts local to global index map: 0->120, 1->121, 2->122, 3->123, 4->124, 5->125, 6->126, 7->127.
2026-04-07T17:41:10.5804097Z (Worker_DP0_TP4_EP4 pid=589) INFO 04-07 17:41:10 [fused_moe.py:335] [EP Rank 4/32] Expert parallelism is enabled. Local/global number of experts: 8/256. Experts local to global index map: 0->32, 1->33, 2->34, 3->35, 4->36, 5->37, 6->38, 7->39.
2026-04-07T17:41:10.5826559Z (Worker_DP0_TP3_EP3 pid=493) INFO 04-07 17:41:10 [fused_moe.py:335] [EP Rank 3/32] Expert parallelism is enabled. Local/global number of experts: 8/256. Experts local to global index map: 0->24, 1->25, 2->26, 3->27, 4->28, 5->29, 6->30, 7->31.
2026-04-07T17:41:10.5851314Z (Worker_DP1_TP3_EP11 pid=489) INFO 04-07 17:41:10 [fused_moe.py:335] [EP Rank 11/32] Expert parallelism is enabled. Local/global number of experts: 8/256. Experts local to global index map: 0->88, 1->89, 2->90, 3->91, 4->92, 5->93, 6->94, 7->95.
2026-04-07T17:41:10.6192012Z (Worker_DP0_TP6_EP6 pid=779) INFO 04-07 17:41:10 [fused_moe.py:335] [EP Rank 6/32] Expert parallelism is enabled. Local/global number of experts: 8/256. Experts local to global index map: 0->48, 1->49, 2->50, 3->51, 4->52, 5->53, 6->54, 7->55.
2026-04-07T17:41:10.6278763Z (Worker_DP1_TP0_EP8 pid=228) INFO 04-07 17:41:10 [fused_moe.py:335] [EP Rank 8/32] Expert parallelism is enabled. Local/global number of experts: 8/256. Experts local to global index map: 0->64, 1->65, 2->66, 3->67, 4->68, 5->69, 6->70, 7->71.
2026-04-07T17:41:10.6362458Z (Worker_DP1_TP5_EP13 pid=683) INFO 04-07 17:41:10 [fused_moe.py:335] [EP Rank 13/32] Expert parallelism is enabled. Local/global number of experts: 8/256. Experts local to global index map: 0->104, 1->105, 2->106, 3->107, 4->108, 5->109, 6->110, 7->111.
2026-04-07T17:41:10.6407691Z (Worker_DP1_TP2_EP10 pid=393) INFO 04-07 17:41:10 [fused_moe.py:335] [EP Rank 10/32] Expert parallelism is enabled. Local/global number of experts: 8/256. Experts local to global index map: 0->80, 1->81, 2->82, 3->83, 4->84, 5->85, 6->86, 7->87.
2026-04-07T17:41:10.8746686Z (Worker_DP1_TP4_EP12 pid=585) INFO 04-07 17:41:10 [fused_moe.py:590] Sequence parallelism is enabled, shared experts are replicated for best performance.
2026-04-07T17:41:10.8764174Z (Worker_DP1_TP7_EP15 pid=873) INFO 04-07 17:41:10 [fused_moe.py:590] Sequence parallelism is enabled, shared experts are replicated for best performance.
2026-04-07T17:41:10.8776850Z (Worker_DP0_TP5_EP5 pid=682) INFO 04-07 17:41:10 [fused_moe.py:590] Sequence parallelism is enabled, shared experts are replicated for best performance.
2026-04-07T17:41:10.8797790Z (Worker_DP1_TP6_EP14 pid=778) INFO 04-07 17:41:10 [fused_moe.py:590] Sequence parallelism is enabled, shared experts are replicated for best performance.
2026-04-07T17:41:10.8809405Z (Worker_DP0_TP4_EP4 pid=589) INFO 04-07 17:41:10 [fused_moe.py:590] Sequence parallelism is enabled, shared experts are replicated for best performance.
2026-04-07T17:41:10.8820358Z (Worker_DP0_TP3_EP3 pid=493) INFO 04-07 17:41:10 [fused_moe.py:590] Sequence parallelism is enabled, shared experts are replicated for best performance.
2026-04-07T17:41:10.9114122Z (Worker_DP0_TP6_EP6 pid=779) INFO 04-07 17:41:10 [fused_moe.py:590] Sequence parallelism is enabled, shared experts are replicated for best performance.
2026-04-07T17:41:10.9303783Z (Worker_DP0_TP0_EP0 pid=229) INFO 04-07 17:41:10 [fused_moe.py:590] Sequence parallelism is enabled, shared experts are replicated for best performance.
2026-04-07T17:41:10.9358327Z (Worker_DP1_TP1_EP9 pid=300) INFO 04-07 17:41:10 [fused_moe.py:590] Sequence parallelism is enabled, shared experts are replicated for best performance.
2026-04-07T17:41:10.9371058Z (Worker_DP1_TP0_EP8 pid=228) INFO 04-07 17:41:10 [fused_moe.py:590] Sequence parallelism is enabled, shared experts are replicated for best performance.
2026-04-07T17:41:10.9388228Z (Worker_DP1_TP3_EP11 pid=489) INFO 04-07 17:41:10 [fused_moe.py:590] Sequence parallelism is enabled, shared experts are replicated for best performance.
2026-04-07T17:41:10.9401324Z (Worker_DP1_TP5_EP13 pid=683) INFO 04-07 17:41:10 [fused_moe.py:590] Sequence parallelism is enabled, shared experts are replicated for best performance.
2026-04-07T17:41:10.9413200Z (Worker_DP1_TP2_EP10 pid=393) INFO 04-07 17:41:10 [fused_moe.py:590] Sequence parallelism is enabled, shared experts are replicated for best performance.
2026-04-07T17:41:11.0145351Z (Worker_DP0_TP1_EP1 pid=301) INFO 04-07 17:41:11 [fused_moe.py:590] Sequence parallelism is enabled, shared experts are replicated for best performance.
2026-04-07T17:41:11.0173075Z (Worker_DP0_TP2_EP2 pid=396) INFO 04-07 17:41:11 [fused_moe.py:590] Sequence parallelism is enabled, shared experts are replicated for best performance.
2026-04-07T17:41:11.0184044Z (Worker_DP0_TP7_EP7 pid=876) INFO 04-07 17:41:11 [fused_moe.py:590] Sequence parallelism is enabled, shared experts are replicated for best performance.
2026-04-07T17:41:18.2379144Z [2026-04-07 17:41:18.235281][UC][I] Using OOT custom backend for compilation. [779,779][compilation.py:942,init_backend]
2026-04-07T17:41:18.3227031Z [2026-04-07 17:41:18.320387][UC][I] Using OOT custom backend for compilation. [876,876][compilation.py:942,init_backend]
2026-04-07T17:41:18.5274991Z [2026-04-07 17:41:18.525067][UC][I] Using OOT custom backend for compilation. [585,585][compilation.py:942,init_backend]
2026-04-07T17:41:18.6186797Z [2026-04-07 17:41:18.616621][UC][I] Using OOT custom backend for compilation. [683,683][compilation.py:942,init_backend]
2026-04-07T17:41:18.6681098Z [2026-04-07 17:41:18.666170][UC][I] Using OOT custom backend for compilation. [396,396][compilation.py:942,init_backend]
2026-04-07T17:41:18.7578276Z [2026-04-07 17:41:18.755694][UC][I] Using OOT custom backend for compilation. [493,493][compilation.py:942,init_backend]
2026-04-07T17:41:18.9462423Z [2026-04-07 17:41:18.944101][UC][I] Using OOT custom backend for compilation. [229,229][compilation.py:942,init_backend]
2026-04-07T17:41:19.0180991Z [2026-04-07 17:41:19.016121][UC][I] Using OOT custom backend for compilation. [228,228][compilation.py:942,init_backend]
2026-04-07T17:41:19.0820007Z (Worker_DP0_TP0_EP0 pid=229) 
2026-04-07T17:41:19.0821711Z Loading safetensors checkpoint shards:   0% Completed | 0/163 [00:00<?, ?it/s]
2026-04-07T17:41:19.0913003Z [2026-04-07 17:41:19.089272][UC][I] Using OOT custom backend for compilation. [300,300][compilation.py:942,init_backend]
2026-04-07T17:41:19.1640947Z [2026-04-07 17:41:19.162038][UC][I] Using OOT custom backend for compilation. [489,489][compilation.py:942,init_backend]
2026-04-07T17:41:19.1720941Z [2026-04-07 17:41:19.169976][UC][I] Using OOT custom backend for compilation. [301,301][compilation.py:942,init_backend]
2026-04-07T17:41:19.2421806Z [2026-04-07 17:41:19.240248][UC][I] Using OOT custom backend for compilation. [682,682][compilation.py:942,init_backend]
2026-04-07T17:41:19.2450555Z [2026-04-07 17:41:19.242143][UC][I] Using OOT custom backend for compilation. [589,589][compilation.py:942,init_backend]
2026-04-07T17:41:19.2582316Z [2026-04-07 17:41:19.256345][UC][I] Using OOT custom backend for compilation. [393,393][compilation.py:942,init_backend]
2026-04-07T17:41:19.4664367Z [2026-04-07 17:41:19.464316][UC][I] Using OOT custom backend for compilation. [778,778][compilation.py:942,init_backend]
2026-04-07T17:41:19.4690309Z [2026-04-07 17:41:19.465644][UC][I] Using OOT custom backend for compilation. [873,873][compilation.py:942,init_backend]
2026-04-07T17:41:24.9344436Z (Worker_DP0_TP0_EP0 pid=229) 
2026-04-07T17:41:24.9344930Z Loading safetensors checkpoint shards:   1% Completed | 1/163 [00:05<15:47,  5.85s/it]
2026-04-07T17:41:26.4623091Z (Worker_DP0_TP0_EP0 pid=229) 
2026-04-07T17:41:26.4623564Z Loading safetensors checkpoint shards:   1% Completed | 2/163 [00:07<08:52,  3.31s/it]
2026-04-07T17:41:27.8420176Z (Worker_DP0_TP0_EP0 pid=229) 
2026-04-07T17:41:27.8420676Z Loading safetensors checkpoint shards:   2% Completed | 3/163 [00:08<06:28,  2.43s/it]
2026-04-07T17:41:30.8962614Z (Worker_DP0_TP0_EP0 pid=229) 
2026-04-07T17:41:30.8963112Z Loading safetensors checkpoint shards:   2% Completed | 4/163 [00:11<07:05,  2.68s/it]
2026-04-07T17:41:32.3216633Z (Worker_DP0_TP0_EP0 pid=229) 
2026-04-07T17:41:32.3217126Z Loading safetensors checkpoint shards:   3% Completed | 5/163 [00:13<05:51,  2.22s/it]
2026-04-07T17:41:34.6681030Z (Worker_DP0_TP0_EP0 pid=229) 
2026-04-07T17:41:34.6681547Z Loading safetensors checkpoint shards:   4% Completed | 6/163 [00:15<05:55,  2.27s/it]
2026-04-07T17:41:36.3316047Z (Worker_DP0_TP0_EP0 pid=229) 
2026-04-07T17:41:36.3316538Z Loading safetensors checkpoint shards:   4% Completed | 7/163 [00:17<05:22,  2.07s/it]
2026-04-07T17:41:37.8682711Z (Worker_DP0_TP0_EP0 pid=229) 
2026-04-07T17:41:37.8683230Z Loading safetensors checkpoint shards:   5% Completed | 8/163 [00:18<04:54,  1.90s/it]
2026-04-07T17:41:40.5385018Z (Worker_DP0_TP0_EP0 pid=229) 
2026-04-07T17:41:40.5385511Z Loading safetensors checkpoint shards:   6% Completed | 9/163 [00:21<05:29,  2.14s/it]
2026-04-07T17:41:42.0925657Z (Worker_DP0_TP0_EP0 pid=229) 
2026-04-07T17:41:42.0926122Z Loading safetensors checkpoint shards:   6% Completed | 10/163 [00:23<04:59,  1.96s/it]
2026-04-07T17:41:43.5526905Z (Worker_DP0_TP0_EP0 pid=229) 
2026-04-07T17:41:43.5527374Z Loading safetensors checkpoint shards:   7% Completed | 11/163 [00:24<04:34,  1.81s/it]
2026-04-07T17:41:46.4423507Z (Worker_DP0_TP0_EP0 pid=229) 
2026-04-07T17:41:46.4424030Z Loading safetensors checkpoint shards:   7% Completed | 12/163 [00:27<05:22,  2.14s/it]
2026-04-07T17:41:48.0898642Z (Worker_DP0_TP0_EP0 pid=229) 
2026-04-07T17:41:48.0899139Z Loading safetensors checkpoint shards:   8% Completed | 13/163 [00:29<04:58,  1.99s/it]
2026-04-07T17:41:49.8751244Z (Worker_DP0_TP0_EP0 pid=229) 
2026-04-07T17:41:49.8751753Z Loading safetensors checkpoint shards:   9% Completed | 14/163 [00:30<04:47,  1.93s/it]
2026-04-07T17:41:52.6363327Z (Worker_DP0_TP0_EP0 pid=229) 
2026-04-07T17:41:52.6363823Z Loading safetensors checkpoint shards:   9% Completed | 15/163 [00:33<05:22,  2.18s/it]
2026-04-07T17:41:54.1087077Z (Worker_DP0_TP0_EP0 pid=229) 
2026-04-07T17:41:54.1087567Z Loading safetensors checkpoint shards:  10% Completed | 16/163 [00:35<04:48,  1.97s/it]
2026-04-07T17:41:56.6382333Z (Worker_DP0_TP0_EP0 pid=229) 
2026-04-07T17:41:56.6382827Z Loading safetensors checkpoint shards:  10% Completed | 17/163 [00:37<05:11,  2.14s/it]
2026-04-07T17:41:58.2282754Z (Worker_DP0_TP0_EP0 pid=229) 
2026-04-07T17:41:58.2283587Z Loading safetensors checkpoint shards:  11% Completed | 18/163 [00:39<04:45,  1.97s/it]
2026-04-07T17:41:59.6538255Z (Worker_DP0_TP0_EP0 pid=229) 
2026-04-07T17:41:59.6538734Z Loading safetensors checkpoint shards:  12% Completed | 19/163 [00:40<04:20,  1.81s/it]
2026-04-07T17:42:02.5698346Z (Worker_DP0_TP0_EP0 pid=229) 
2026-04-07T17:42:02.5698858Z Loading safetensors checkpoint shards:  12% Completed | 20/163 [00:43<05:06,  2.14s/it]
2026-04-07T17:42:04.1405130Z (Worker_DP0_TP0_EP0 pid=229) 
2026-04-07T17:42:04.1405602Z Loading safetensors checkpoint shards:  13% Completed | 21/163 [00:45<04:39,  1.97s/it]
2026-04-07T17:42:05.5743475Z (Worker_DP0_TP0_EP0 pid=229) 
2026-04-07T17:42:05.5743970Z Loading safetensors checkpoint shards:  13% Completed | 22/163 [00:46<04:15,  1.81s/it]
2026-04-07T17:42:08.6629234Z (Worker_DP0_TP0_EP0 pid=229) 
2026-04-07T17:42:08.6629742Z Loading safetensors checkpoint shards:  14% Completed | 23/163 [00:49<05:06,  2.19s/it]
2026-04-07T17:42:10.0733669Z (Worker_DP0_TP0_EP0 pid=229) 
2026-04-07T17:42:10.0734191Z Loading safetensors checkpoint shards:  15% Completed | 24/163 [00:50<04:32,  1.96s/it]
2026-04-07T17:42:12.6014483Z (Worker_DP0_TP0_EP0 pid=229) 
2026-04-07T17:42:12.6014970Z Loading safetensors checkpoint shards:  15% Completed | 25/163 [00:53<04:53,  2.13s/it]
2026-04-07T17:42:14.3249364Z (Worker_DP0_TP0_EP0 pid=229) 
2026-04-07T17:42:14.3249915Z Loading safetensors checkpoint shards:  16% Completed | 26/163 [00:55<04:35,  2.01s/it]
2026-04-07T17:42:15.8801432Z (Worker_DP0_TP0_EP0 pid=229) 
2026-04-07T17:42:15.8801936Z Loading safetensors checkpoint shards:  17% Completed | 27/163 [00:56<04:14,  1.87s/it]
2026-04-07T17:42:18.5062375Z (Worker_DP0_TP0_EP0 pid=229) 
2026-04-07T17:42:18.5062887Z Loading safetensors checkpoint shards:  17% Completed | 28/163 [00:59<04:43,  2.10s/it]
2026-04-07T17:42:20.0345210Z (Worker_DP0_TP0_EP0 pid=229) 
2026-04-07T17:42:20.0345704Z Loading safetensors checkpoint shards:  18% Completed | 29/163 [01:00<04:18,  1.93s/it]
2026-04-07T17:42:21.4879997Z (Worker_DP0_TP0_EP0 pid=229) 
2026-04-07T17:42:21.4880505Z Loading safetensors checkpoint shards:  18% Completed | 30/163 [01:02<03:57,  1.79s/it]
2026-04-07T17:42:24.4554537Z (Worker_DP0_TP0_EP0 pid=229) 
2026-04-07T17:42:24.4555027Z Loading safetensors checkpoint shards:  19% Completed | 31/163 [01:05<04:42,  2.14s/it]
2026-04-07T17:42:25.9569365Z (Worker_DP0_TP0_EP0 pid=229) 
2026-04-07T17:42:25.9569936Z Loading safetensors checkpoint shards:  20% Completed | 32/163 [01:06<04:15,  1.95s/it]
2026-04-07T17:42:28.2606272Z (Worker_DP0_TP0_EP0 pid=229) 
2026-04-07T17:42:28.2606765Z Loading safetensors checkpoint shards:  20% Completed | 33/163 [01:09<04:27,  2.05s/it]
2026-04-07T17:42:29.8126764Z (Worker_DP0_TP0_EP0 pid=229) 
2026-04-07T17:42:29.8127264Z Loading safetensors checkpoint shards:  21% Completed | 34/163 [01:10<04:05,  1.90s/it]
2026-04-07T17:42:31.5691047Z (Worker_DP0_TP0_EP0 pid=229) 
2026-04-07T17:42:31.5691536Z Loading safetensors checkpoint shards:  21% Completed | 35/163 [01:12<03:58,  1.86s/it]
2026-04-07T17:42:34.1552438Z (Worker_DP0_TP0_EP0 pid=229) 
2026-04-07T17:42:34.1552939Z Loading safetensors checkpoint shards:  22% Completed | 36/163 [01:15<04:23,  2.08s/it]
2026-04-07T17:42:35.8981600Z (Worker_DP0_TP0_EP0 pid=229) 
2026-04-07T17:42:35.8982121Z Loading safetensors checkpoint shards:  23% Completed | 37/163 [01:16<04:09,  1.98s/it]
2026-04-07T17:42:37.3921747Z (Worker_DP0_TP0_EP0 pid=229) 
2026-04-07T17:42:37.3922237Z Loading safetensors checkpoint shards:  23% Completed | 38/163 [01:18<03:49,  1.83s/it]
2026-04-07T17:42:40.4160941Z (Worker_DP0_TP0_EP0 pid=229) 
2026-04-07T17:42:40.4171526Z Loading safetensors checkpoint shards:  24% Completed | 39/163 [01:21<04:31,  2.19s/it]
2026-04-07T17:42:41.9695584Z (Worker_DP0_TP0_EP0 pid=229) 
2026-04-07T17:42:41.9696054Z Loading safetensors checkpoint shards:  25% Completed | 40/163 [01:22<04:05,  2.00s/it]
2026-04-07T17:42:43.3915589Z (Worker_DP0_TP0_EP0 pid=229) 
2026-04-07T17:42:43.3916268Z Loading safetensors checkpoint shards:  25% Completed | 41/163 [01:24<03:42,  1.83s/it]
2026-04-07T17:42:46.7940208Z (Worker_DP0_TP0_EP0 pid=229) 
2026-04-07T17:42:46.7940714Z Loading safetensors checkpoint shards:  26% Completed | 42/163 [01:27<04:38,  2.30s/it]
2026-04-07T17:42:48.2205718Z (Worker_DP0_TP0_EP0 pid=229) 
2026-04-07T17:42:48.2206214Z Loading safetensors checkpoint shards:  26% Completed | 43/163 [01:29<04:04,  2.04s/it]
2026-04-07T17:42:50.5217149Z (Worker_DP0_TP0_EP0 pid=229) 
2026-04-07T17:42:50.5217635Z Loading safetensors checkpoint shards:  27% Completed | 44/163 [01:31<04:11,  2.12s/it]
2026-04-07T17:42:52.1142131Z (Worker_DP0_TP0_EP0 pid=229) 
2026-04-07T17:42:52.1142720Z Loading safetensors checkpoint shards:  28% Completed | 45/163 [01:33<03:51,  1.96s/it]
2026-04-07T17:42:53.7312218Z (Worker_DP0_TP0_EP0 pid=229) 
2026-04-07T17:42:53.7312716Z Loading safetensors checkpoint shards:  28% Completed | 46/163 [01:34<03:37,  1.86s/it]
2026-04-07T17:42:56.5099117Z (Worker_DP0_TP0_EP0 pid=229) 
2026-04-07T17:42:56.5099691Z Loading safetensors checkpoint shards:  29% Completed | 47/163 [01:37<04:07,  2.13s/it]
2026-04-07T17:42:58.2322735Z (Worker_DP0_TP0_EP0 pid=229) 
2026-04-07T17:42:58.2323240Z Loading safetensors checkpoint shards:  29% Completed | 48/163 [01:39<03:51,  2.01s/it]
2026-04-07T17:42:59.5765479Z (Worker_DP0_TP0_EP0 pid=229) 
2026-04-07T17:42:59.5765986Z Loading safetensors checkpoint shards:  30% Completed | 49/163 [01:40<03:26,  1.81s/it]
2026-04-07T17:43:02.5160485Z (Worker_DP0_TP0_EP0 pid=229) 
2026-04-07T17:43:02.5160989Z Loading safetensors checkpoint shards:  31% Completed | 50/163 [01:43<04:02,  2.15s/it]
2026-04-07T17:43:04.3168964Z (Worker_DP0_TP0_EP0 pid=229) 
2026-04-07T17:43:04.3169423Z Loading safetensors checkpoint shards:  31% Completed | 51/163 [01:45<03:48,  2.04s/it]
2026-04-07T17:43:06.7459731Z (Worker_DP0_TP0_EP0 pid=229) 
2026-04-07T17:43:06.7460393Z Loading safetensors checkpoint shards:  32% Completed | 52/163 [01:47<03:59,  2.16s/it]
2026-04-07T17:43:08.5676315Z (Worker_DP0_TP0_EP0 pid=229) 
2026-04-07T17:43:08.5676843Z Loading safetensors checkpoint shards:  33% Completed | 53/163 [01:49<03:46,  2.06s/it]
2026-04-07T17:43:10.2191510Z (Worker_DP0_TP0_EP0 pid=229) 
2026-04-07T17:43:10.2192020Z Loading safetensors checkpoint shards:  33% Completed | 54/163 [01:51<03:31,  1.94s/it]
2026-04-07T17:43:12.7586101Z (Worker_DP0_TP0_EP0 pid=229) 
2026-04-07T17:43:12.7586603Z Loading safetensors checkpoint shards:  34% Completed | 55/163 [01:53<03:48,  2.12s/it]
2026-04-07T17:43:14.6114163Z (Worker_DP0_TP0_EP0 pid=229) 
2026-04-07T17:43:14.6114657Z Loading safetensors checkpoint shards:  34% Completed | 56/163 [01:55<03:38,  2.04s/it]
2026-04-07T17:43:16.0975059Z (Worker_DP0_TP0_EP0 pid=229) 
2026-04-07T17:43:16.0975563Z Loading safetensors checkpoint shards:  35% Completed | 57/163 [01:57<03:18,  1.87s/it]
2026-04-07T17:43:19.0133969Z (Worker_DP0_TP0_EP0 pid=229) 
2026-04-07T17:43:19.0134481Z Loading safetensors checkpoint shards:  36% Completed | 58/163 [01:59<03:49,  2.19s/it]
2026-04-07T17:43:20.5862962Z (Worker_DP0_TP0_EP0 pid=229) 
2026-04-07T17:43:20.5863465Z Loading safetensors checkpoint shards:  36% Completed | 59/163 [02:01<03:28,  2.00s/it]
2026-04-07T17:43:22.8842327Z (Worker_DP0_TP0_EP0 pid=229) 
2026-04-07T17:43:22.8842835Z Loading safetensors checkpoint shards:  37% Completed | 60/163 [02:03<03:35,  2.09s/it]
2026-04-07T17:43:24.8085540Z (Worker_DP0_TP0_EP0 pid=229) 
2026-04-07T17:43:24.8086037Z Loading safetensors checkpoint shards:  37% Completed | 61/163 [02:05<03:28,  2.04s/it]
2026-04-07T17:43:26.3910595Z (Worker_DP0_TP0_EP0 pid=229) 
2026-04-07T17:43:26.3911138Z Loading safetensors checkpoint shards:  38% Completed | 62/163 [02:07<03:12,  1.90s/it]
2026-04-07T17:43:28.9501566Z (Worker_DP0_TP0_EP0 pid=229) 
2026-04-07T17:43:28.9502078Z Loading safetensors checkpoint shards:  39% Completed | 63/163 [02:09<03:29,  2.10s/it]
2026-04-07T17:43:30.6137877Z (Worker_DP0_TP0_EP0 pid=229) 
2026-04-07T17:43:30.6138373Z Loading safetensors checkpoint shards:  39% Completed | 64/163 [02:11<03:14,  1.97s/it]
2026-04-07T17:43:32.0999107Z (Worker_DP0_TP0_EP0 pid=229) 
2026-04-07T17:43:32.0999562Z Loading safetensors checkpoint shards:  40% Completed | 65/163 [02:13<02:58,  1.82s/it]
2026-04-07T17:43:34.8817106Z (Worker_DP0_TP0_EP0 pid=229) 
2026-04-07T17:43:34.8817929Z Loading safetensors checkpoint shards:  40% Completed | 66/163 [02:15<03:24,  2.11s/it]
2026-04-07T17:43:36.6799141Z (Worker_DP0_TP0_EP0 pid=229) 
2026-04-07T17:43:36.6799648Z Loading safetensors checkpoint shards:  41% Completed | 67/163 [02:17<03:13,  2.02s/it]
2026-04-07T17:43:38.0502062Z (Worker_DP0_TP0_EP0 pid=229) 
2026-04-07T17:43:38.0502581Z Loading safetensors checkpoint shards:  42% Completed | 68/163 [02:18<02:53,  1.82s/it]
2026-04-07T17:43:41.0274401Z (Worker_DP0_TP0_EP0 pid=229) 
2026-04-07T17:43:41.0274894Z Loading safetensors checkpoint shards:  42% Completed | 69/163 [02:21<03:23,  2.17s/it]
2026-04-07T17:43:42.6667830Z (Worker_DP0_TP0_EP0 pid=229) 
2026-04-07T17:43:42.6668366Z Loading safetensors checkpoint shards:  43% Completed | 70/163 [02:23<03:06,  2.01s/it]
2026-04-07T17:43:45.0459527Z (Worker_DP0_TP0_EP0 pid=229) 
2026-04-07T17:43:45.0460135Z Loading safetensors checkpoint shards:  44% Completed | 71/163 [02:25<03:15,  2.12s/it]
2026-04-07T17:43:46.7075756Z (Worker_DP0_TP0_EP0 pid=229) 
2026-04-07T17:43:46.7076288Z Loading safetensors checkpoint shards:  44% Completed | 72/163 [02:27<03:00,  1.98s/it]
2026-04-07T17:43:48.2056860Z (Worker_DP0_TP0_EP0 pid=229) 
2026-04-07T17:43:48.2057356Z Loading safetensors checkpoint shards:  45% Completed | 73/163 [02:29<02:45,  1.84s/it]
2026-04-07T17:43:50.9082265Z (Worker_DP0_TP0_EP0 pid=229) 
2026-04-07T17:43:50.9082819Z Loading safetensors checkpoint shards:  45% Completed | 74/163 [02:31<03:06,  2.10s/it]
2026-04-07T17:43:52.5075861Z (Worker_DP0_TP0_EP0 pid=229) 
2026-04-07T17:43:52.5076357Z Loading safetensors checkpoint shards:  46% Completed | 75/163 [02:33<02:51,  1.95s/it]
2026-04-07T17:43:53.8869298Z (Worker_DP0_TP0_EP0 pid=229) 
2026-04-07T17:43:53.8869918Z Loading safetensors checkpoint shards:  47% Completed | 76/163 [02:34<02:34,  1.78s/it]
2026-04-07T17:43:56.8101326Z (Worker_DP0_TP0_EP0 pid=229) 
2026-04-07T17:43:56.8101837Z Loading safetensors checkpoint shards:  47% Completed | 77/163 [02:37<03:02,  2.12s/it]
2026-04-07T17:43:58.2335337Z (Worker_DP0_TP0_EP0 pid=229) 
2026-04-07T17:43:58.2335818Z Loading safetensors checkpoint shards:  48% Completed | 78/163 [02:39<02:42,  1.91s/it]
2026-04-07T17:44:00.5754045Z (Worker_DP0_TP0_EP0 pid=229) 
2026-04-07T17:44:00.5754545Z Loading safetensors checkpoint shards:  48% Completed | 79/163 [02:41<02:51,  2.04s/it]
2026-04-07T17:44:02.2133976Z (Worker_DP0_TP0_EP0 pid=229) 
2026-04-07T17:44:02.2134455Z Loading safetensors checkpoint shards:  49% Completed | 80/163 [02:43<02:39,  1.92s/it]
2026-04-07T17:44:03.7916320Z (Worker_DP0_TP0_EP0 pid=229) 
2026-04-07T17:44:03.7916819Z Loading safetensors checkpoint shards:  50% Completed | 81/163 [02:44<02:29,  1.82s/it]
2026-04-07T17:44:06.4019715Z (Worker_DP0_TP0_EP0 pid=229) 
2026-04-07T17:44:06.4020344Z Loading safetensors checkpoint shards:  50% Completed | 82/163 [02:47<02:46,  2.06s/it]
2026-04-07T17:44:08.0125590Z (Worker_DP0_TP0_EP0 pid=229) 
2026-04-07T17:44:08.0126096Z Loading safetensors checkpoint shards:  51% Completed | 83/163 [02:48<02:33,  1.92s/it]
2026-04-07T17:44:09.4965174Z (Worker_DP0_TP0_EP0 pid=229) 
2026-04-07T17:44:09.4965673Z Loading safetensors checkpoint shards:  52% Completed | 84/163 [02:50<02:21,  1.79s/it]
2026-04-07T17:44:12.2779614Z (Worker_DP0_TP0_EP0 pid=229) 
2026-04-07T17:44:12.2780259Z Loading safetensors checkpoint shards:  52% Completed | 85/163 [02:53<02:42,  2.09s/it]
2026-04-07T17:44:13.7927156Z (Worker_DP0_TP0_EP0 pid=229) 
2026-04-07T17:44:13.7927652Z Loading safetensors checkpoint shards:  53% Completed | 86/163 [02:54<02:27,  1.92s/it]
2026-04-07T17:44:15.3793606Z (Worker_DP0_TP0_EP0 pid=229) 
2026-04-07T17:44:15.3794148Z Loading safetensors checkpoint shards:  53% Completed | 87/163 [02:56<02:18,  1.82s/it]
2026-04-07T17:44:18.3058472Z (Worker_DP0_TP0_EP0 pid=229) 
2026-04-07T17:44:18.3059350Z Loading safetensors checkpoint shards:  54% Completed | 88/163 [02:59<02:41,  2.15s/it]
2026-04-07T17:44:19.7140251Z (Worker_DP0_TP0_EP0 pid=229) 
2026-04-07T17:44:19.7140760Z Loading safetensors checkpoint shards:  55% Completed | 89/163 [03:00<02:22,  1.93s/it]
2026-04-07T17:44:22.0040490Z (Worker_DP0_TP0_EP0 pid=229) 
2026-04-07T17:44:22.0040984Z Loading safetensors checkpoint shards:  55% Completed | 90/163 [03:02<02:28,  2.04s/it]
2026-04-07T17:44:23.6661576Z (Worker_DP0_TP0_EP0 pid=229) 
2026-04-07T17:44:23.6662035Z Loading safetensors checkpoint shards:  56% Completed | 91/163 [03:04<02:18,  1.92s/it]
2026-04-07T17:44:25.1049386Z (Worker_DP0_TP0_EP0 pid=229) 
2026-04-07T17:44:25.1049961Z Loading safetensors checkpoint shards:  56% Completed | 92/163 [03:06<02:06,  1.78s/it]
2026-04-07T17:44:27.9050086Z (Worker_DP0_TP0_EP0 pid=229) 
2026-04-07T17:44:27.9050599Z Loading safetensors checkpoint shards:  57% Completed | 93/163 [03:08<02:25,  2.08s/it]
2026-04-07T17:44:29.4692861Z (Worker_DP0_TP0_EP0 pid=229) 
2026-04-07T17:44:29.4693362Z Loading safetensors checkpoint shards:  58% Completed | 94/163 [03:10<02:13,  1.93s/it]
2026-04-07T17:44:30.8453832Z (Worker_DP0_TP0_EP0 pid=229) 
2026-04-07T17:44:30.8454329Z Loading safetensors checkpoint shards:  58% Completed | 95/163 [03:11<01:59,  1.76s/it]
2026-04-07T17:44:33.8421930Z (Worker_DP0_TP0_EP0 pid=229) 
2026-04-07T17:44:33.8422424Z Loading safetensors checkpoint shards:  59% Completed | 96/163 [03:14<02:22,  2.13s/it]
2026-04-07T17:44:35.5564147Z (Worker_DP0_TP0_EP0 pid=229) 
2026-04-07T17:44:35.5564645Z Loading safetensors checkpoint shards:  60% Completed | 97/163 [03:16<02:12,  2.01s/it]
2026-04-07T17:44:37.8936088Z (Worker_DP0_TP0_EP0 pid=229) 
2026-04-07T17:44:37.8936595Z Loading safetensors checkpoint shards:  60% Completed | 98/163 [03:18<02:16,  2.11s/it]
2026-04-07T17:44:39.7658115Z (Worker_DP0_TP0_EP0 pid=229) 
2026-04-07T17:44:39.7658596Z Loading safetensors checkpoint shards:  61% Completed | 99/163 [03:20<02:10,  2.04s/it]
2026-04-07T17:44:41.3690310Z (Worker_DP0_TP0_EP0 pid=229) 
2026-04-07T17:44:41.3690823Z Loading safetensors checkpoint shards:  61% Completed | 100/163 [03:22<02:00,  1.91s/it]
2026-04-07T17:44:44.3772507Z (Worker_DP0_TP0_EP0 pid=229) 
2026-04-07T17:44:44.3773049Z Loading safetensors checkpoint shards:  62% Completed | 101/163 [03:25<02:18,  2.24s/it]
2026-04-07T17:44:45.9332313Z (Worker_DP0_TP0_EP0 pid=229) 
2026-04-07T17:44:45.9332816Z Loading safetensors checkpoint shards:  63% Completed | 102/163 [03:26<02:03,  2.03s/it]
2026-04-07T17:44:47.4031951Z (Worker_DP0_TP0_EP0 pid=229) 
2026-04-07T17:44:47.4032461Z Loading safetensors checkpoint shards:  63% Completed | 103/163 [03:28<01:51,  1.86s/it]
2026-04-07T17:44:50.4602539Z (Worker_DP0_TP0_EP0 pid=229) 
2026-04-07T17:44:50.4603047Z Loading safetensors checkpoint shards:  64% Completed | 104/163 [03:31<02:11,  2.22s/it]
2026-04-07T17:44:52.1699963Z (Worker_DP0_TP0_EP0 pid=229) 
2026-04-07T17:44:52.1700503Z Loading safetensors checkpoint shards:  64% Completed | 105/163 [03:33<01:59,  2.07s/it]
2026-04-07T17:44:54.5213475Z (Worker_DP0_TP0_EP0 pid=229) 
2026-04-07T17:44:54.5213977Z Loading safetensors checkpoint shards:  65% Completed | 106/163 [03:35<02:02,  2.15s/it]
2026-04-07T17:44:56.3151823Z (Worker_DP0_TP0_EP0 pid=229) 
2026-04-07T17:44:56.3152376Z Loading safetensors checkpoint shards:  66% Completed | 107/163 [03:37<01:54,  2.05s/it]
2026-04-07T17:44:57.6945792Z (Worker_DP0_TP0_EP0 pid=229) 
2026-04-07T17:44:57.6946298Z Loading safetensors checkpoint shards:  66% Completed | 108/163 [03:38<01:41,  1.85s/it]
2026-04-07T17:45:00.1821052Z (Worker_DP0_TP0_EP0 pid=229) 
2026-04-07T17:45:00.1821543Z Loading safetensors checkpoint shards:  67% Completed | 109/163 [03:41<01:50,  2.04s/it]
2026-04-07T17:45:01.8847746Z (Worker_DP0_TP0_EP0 pid=229) 
2026-04-07T17:45:01.8848259Z Loading safetensors checkpoint shards:  67% Completed | 110/163 [03:42<01:42,  1.94s/it]
2026-04-07T17:45:03.4835527Z (Worker_DP0_TP0_EP0 pid=229) 
2026-04-07T17:45:03.4836333Z Loading safetensors checkpoint shards:  68% Completed | 111/163 [03:44<01:35,  1.84s/it]
2026-04-07T17:45:06.4812197Z (Worker_DP0_TP0_EP0 pid=229) 
2026-04-07T17:45:06.4812698Z Loading safetensors checkpoint shards:  69% Completed | 112/163 [03:47<01:51,  2.18s/it]
2026-04-07T17:45:08.1428430Z (Worker_DP0_TP0_EP0 pid=229) 
2026-04-07T17:45:08.1428924Z Loading safetensors checkpoint shards:  69% Completed | 113/163 [03:49<01:41,  2.03s/it]
2026-04-07T17:45:09.6077459Z (Worker_DP0_TP0_EP0 pid=229) 
2026-04-07T17:45:09.6077955Z Loading safetensors checkpoint shards:  70% Completed | 114/163 [03:50<01:31,  1.86s/it]
2026-04-07T17:45:12.8718836Z (Worker_DP0_TP0_EP0 pid=229) 
2026-04-07T17:45:12.8719326Z Loading safetensors checkpoint shards:  71% Completed | 115/163 [03:53<01:49,  2.28s/it]
2026-04-07T17:45:14.3998149Z (Worker_DP0_TP0_EP0 pid=229) 
2026-04-07T17:45:14.3998647Z Loading safetensors checkpoint shards:  71% Completed | 116/163 [03:55<01:36,  2.05s/it]
2026-04-07T17:45:17.1111037Z (Worker_DP0_TP0_EP0 pid=229) 
2026-04-07T17:45:17.1111590Z Loading safetensors checkpoint shards:  72% Completed | 117/163 [03:58<01:43,  2.25s/it]
2026-04-07T17:45:18.8300294Z (Worker_DP0_TP0_EP0 pid=229) 
2026-04-07T17:45:18.8300802Z Loading safetensors checkpoint shards:  72% Completed | 118/163 [03:59<01:34,  2.09s/it]
2026-04-07T17:45:20.3861071Z (Worker_DP0_TP0_EP0 pid=229) 
2026-04-07T17:45:20.3861572Z Loading safetensors checkpoint shards:  73% Completed | 119/163 [04:01<01:24,  1.93s/it]
2026-04-07T17:45:23.3104388Z (Worker_DP0_TP0_EP0 pid=229) 
2026-04-07T17:45:23.3104894Z Loading safetensors checkpoint shards:  74% Completed | 120/163 [04:04<01:35,  2.23s/it]
2026-04-07T17:45:24.9388002Z (Worker_DP0_TP0_EP0 pid=229) 
2026-04-07T17:45:24.9388509Z Loading safetensors checkpoint shards:  74% Completed | 121/163 [04:05<01:26,  2.05s/it]
2026-04-07T17:45:26.4571979Z (Worker_DP0_TP0_EP0 pid=229) 
2026-04-07T17:45:26.4572473Z Loading safetensors checkpoint shards:  75% Completed | 122/163 [04:07<01:17,  1.89s/it]
2026-04-07T17:45:29.5182451Z (Worker_DP0_TP0_EP0 pid=229) 
2026-04-07T17:45:29.5182955Z Loading safetensors checkpoint shards:  75% Completed | 123/163 [04:10<01:29,  2.24s/it]
2026-04-07T17:45:31.0764252Z (Worker_DP0_TP0_EP0 pid=229) 
2026-04-07T17:45:31.0764791Z Loading safetensors checkpoint shards:  76% Completed | 124/163 [04:11<01:19,  2.04s/it]
2026-04-07T17:45:33.6381369Z (Worker_DP0_TP0_EP0 pid=229) 
2026-04-07T17:45:33.6381833Z Loading safetensors checkpoint shards:  77% Completed | 125/163 [04:14<01:23,  2.19s/it]
2026-04-07T17:45:35.3025139Z (Worker_DP0_TP0_EP0 pid=229) 
2026-04-07T17:45:35.3025633Z Loading safetensors checkpoint shards:  77% Completed | 126/163 [04:16<01:15,  2.04s/it]
2026-04-07T17:45:36.9434705Z (Worker_DP0_TP0_EP0 pid=229) 
2026-04-07T17:45:36.9435210Z Loading safetensors checkpoint shards:  78% Completed | 127/163 [04:17<01:09,  1.92s/it]
2026-04-07T17:45:39.7261207Z (Worker_DP0_TP0_EP0 pid=229) 
2026-04-07T17:45:39.7261742Z Loading safetensors checkpoint shards:  79% Completed | 128/163 [04:20<01:16,  2.18s/it]
2026-04-07T17:45:41.5891501Z (Worker_DP0_TP0_EP0 pid=229) 
2026-04-07T17:45:41.5891992Z Loading safetensors checkpoint shards:  79% Completed | 129/163 [04:22<01:10,  2.08s/it]
2026-04-07T17:45:43.0530237Z (Worker_DP0_TP0_EP0 pid=229) 
2026-04-07T17:45:43.0530781Z Loading safetensors checkpoint shards:  80% Completed | 130/163 [04:23<01:02,  1.90s/it]
2026-04-07T17:45:45.9312335Z (Worker_DP0_TP0_EP0 pid=229) 
2026-04-07T17:45:45.9312847Z Loading safetensors checkpoint shards:  80% Completed | 131/163 [04:26<01:10,  2.19s/it]
2026-04-07T17:45:47.5294949Z (Worker_DP0_TP0_EP0 pid=229) 
2026-04-07T17:45:47.5295463Z Loading safetensors checkpoint shards:  81% Completed | 132/163 [04:28<01:02,  2.01s/it]
2026-04-07T17:45:49.4288611Z (Worker_DP0_TP0_EP0 pid=229) 
2026-04-07T17:45:49.4289118Z Loading safetensors checkpoint shards:  82% Completed | 133/163 [04:30<00:59,  1.98s/it]
2026-04-07T17:45:52.0525415Z (Worker_DP0_TP0_EP0 pid=229) 
2026-04-07T17:45:52.0526228Z Loading safetensors checkpoint shards:  82% Completed | 134/163 [04:32<01:03,  2.17s/it]
2026-04-07T17:45:53.5959623Z (Worker_DP0_TP0_EP0 pid=229) 
2026-04-07T17:45:53.5960233Z Loading safetensors checkpoint shards:  83% Completed | 135/163 [04:34<00:55,  1.98s/it]
2026-04-07T17:45:56.1579274Z (Worker_DP0_TP0_EP0 pid=229) 
2026-04-07T17:45:56.1579822Z Loading safetensors checkpoint shards:  83% Completed | 136/163 [04:37<00:58,  2.16s/it]
2026-04-07T17:45:57.8504433Z (Worker_DP0_TP0_EP0 pid=229) 
2026-04-07T17:45:57.8504935Z Loading safetensors checkpoint shards:  84% Completed | 137/163 [04:38<00:52,  2.02s/it]
2026-04-07T17:45:59.3564406Z (Worker_DP0_TP0_EP0 pid=229) 
2026-04-07T17:45:59.3564900Z Loading safetensors checkpoint shards:  85% Completed | 138/163 [04:40<00:46,  1.86s/it]
2026-04-07T17:46:02.2838908Z (Worker_DP0_TP0_EP0 pid=229) 
2026-04-07T17:46:02.2839412Z Loading safetensors checkpoint shards:  85% Completed | 139/163 [04:43<00:52,  2.18s/it]
2026-04-07T17:46:03.8453140Z (Worker_DP0_TP0_EP0 pid=229) 
2026-04-07T17:46:03.8453651Z Loading safetensors checkpoint shards:  86% Completed | 140/163 [04:44<00:45,  2.00s/it]
2026-04-07T17:46:05.3163302Z (Worker_DP0_TP0_EP0 pid=229) 
2026-04-07T17:46:05.3163804Z Loading safetensors checkpoint shards:  87% Completed | 141/163 [04:46<00:40,  1.84s/it]
2026-04-07T17:46:08.4674131Z (Worker_DP0_TP0_EP0 pid=229) 
2026-04-07T17:46:08.4674626Z Loading safetensors checkpoint shards:  87% Completed | 142/163 [04:49<00:46,  2.23s/it]
2026-04-07T17:46:09.9642726Z (Worker_DP0_TP0_EP0 pid=229) 
2026-04-07T17:46:09.9643219Z Loading safetensors checkpoint shards:  88% Completed | 143/163 [04:50<00:40,  2.01s/it]
2026-04-07T17:46:12.4660659Z (Worker_DP0_TP0_EP0 pid=229) 
2026-04-07T17:46:12.4661162Z Loading safetensors checkpoint shards:  88% Completed | 144/163 [04:53<00:41,  2.16s/it]
2026-04-07T17:46:14.0775596Z (Worker_DP0_TP0_EP0 pid=229) 
2026-04-07T17:46:14.0776095Z Loading safetensors checkpoint shards:  89% Completed | 145/163 [04:54<00:35,  1.99s/it]
2026-04-07T17:46:15.6582865Z (Worker_DP0_TP0_EP0 pid=229) 
2026-04-07T17:46:15.6583391Z Loading safetensors checkpoint shards:  90% Completed | 146/163 [04:56<00:31,  1.87s/it]
2026-04-07T17:46:18.5624342Z (Worker_DP0_TP0_EP0 pid=229) 
2026-04-07T17:46:18.5624846Z Loading safetensors checkpoint shards:  90% Completed | 147/163 [04:59<00:34,  2.18s/it]
2026-04-07T17:46:20.4190585Z (Worker_DP0_TP0_EP0 pid=229) 
2026-04-07T17:46:20.4191134Z Loading safetensors checkpoint shards:  91% Completed | 148/163 [05:01<00:31,  2.08s/it]
2026-04-07T17:46:21.8878536Z (Worker_DP0_TP0_EP0 pid=229) 
2026-04-07T17:46:21.8879050Z Loading safetensors checkpoint shards:  91% Completed | 149/163 [05:02<00:26,  1.90s/it]
2026-04-07T17:46:24.9220163Z (Worker_DP0_TP0_EP0 pid=229) 
2026-04-07T17:46:24.9220662Z Loading safetensors checkpoint shards:  92% Completed | 150/163 [05:05<00:29,  2.24s/it]
2026-04-07T17:46:26.3804258Z (Worker_DP0_TP0_EP0 pid=229) 
2026-04-07T17:46:26.3804771Z Loading safetensors checkpoint shards:  93% Completed | 151/163 [05:07<00:24,  2.01s/it]
2026-04-07T17:46:28.8622758Z (Worker_DP0_TP0_EP0 pid=229) 
2026-04-07T17:46:28.8623248Z Loading safetensors checkpoint shards:  93% Completed | 152/163 [05:09<00:23,  2.15s/it]
2026-04-07T17:46:30.5050949Z (Worker_DP0_TP0_EP0 pid=229) 
2026-04-07T17:46:30.5051479Z Loading safetensors checkpoint shards:  94% Completed | 153/163 [05:11<00:19,  2.00s/it]
2026-04-07T17:46:32.1249483Z (Worker_DP0_TP0_EP0 pid=229) 
2026-04-07T17:46:32.1250891Z Loading safetensors checkpoint shards:  94% Completed | 154/163 [05:13<00:16,  1.88s/it]
2026-04-07T17:46:34.7405397Z (Worker_DP0_TP0_EP0 pid=229) 
2026-04-07T17:46:34.7405908Z Loading safetensors checkpoint shards:  95% Completed | 155/163 [05:15<00:16,  2.10s/it]
2026-04-07T17:46:36.2924798Z (Worker_DP0_TP0_EP0 pid=229) 
2026-04-07T17:46:36.2925305Z Loading safetensors checkpoint shards:  96% Completed | 156/163 [05:17<00:13,  1.94s/it]
2026-04-07T17:46:37.7264696Z (Worker_DP0_TP0_EP0 pid=229) 
2026-04-07T17:46:37.7265639Z Loading safetensors checkpoint shards:  96% Completed | 157/163 [05:18<00:10,  1.79s/it]
2026-04-07T17:46:39.3883461Z (Worker_DP0_TP0_EP0 pid=229) 
2026-04-07T17:46:39.3883920Z Loading safetensors checkpoint shards:  97% Completed | 158/163 [05:20<00:08,  1.75s/it]
2026-04-07T17:46:40.6468362Z (Worker_DP0_TP0_EP0 pid=229) 
2026-04-07T17:46:40.6469186Z Loading safetensors checkpoint shards:  98% Completed | 159/163 [05:21<00:06,  1.60s/it]
2026-04-07T17:46:41.8781972Z (Worker_DP0_TP0_EP0 pid=229) 
2026-04-07T17:46:41.8782529Z Loading safetensors checkpoint shards:  98% Completed | 160/163 [05:22<00:04,  1.49s/it]
2026-04-07T17:46:43.2484787Z (Worker_DP0_TP0_EP0 pid=229) 
2026-04-07T17:46:43.2485287Z Loading safetensors checkpoint shards:  99% Completed | 162/163 [05:24<00:01,  1.12s/it]
2026-04-07T17:46:45.6578296Z [2026-04-07 17:46:45.655181][UC][I] Loading weights took 326.99 seconds [585,585][default_loader.py:384,load_weights]
2026-04-07T17:46:45.7019421Z [2026-04-07 17:46:45.699795][UC][I] Loading weights took 326.32 seconds [589,589][default_loader.py:384,load_weights]
2026-04-07T17:46:45.7456584Z (Worker_DP0_TP0_EP0 pid=229) 
2026-04-07T17:46:45.7457038Z Loading safetensors checkpoint shards: 100% Completed | 163/163 [05:26<00:00,  1.46s/it]
2026-04-07T17:46:45.7467010Z (Worker_DP0_TP0_EP0 pid=229) 
2026-04-07T17:46:45.7467504Z Loading safetensors checkpoint shards: 100% Completed | 163/163 [05:26<00:00,  2.00s/it]
2026-04-07T17:46:45.7479427Z (Worker_DP0_TP0_EP0 pid=229) 
2026-04-07T17:46:45.7670652Z [2026-04-07 17:46:45.764927][UC][I] Loading weights took 326.68 seconds [229,229][default_loader.py:384,load_weights]
2026-04-07T17:46:45.7703175Z [2026-04-07 17:46:45.768547][UC][I] Loading weights took 327.01 seconds [683,683][default_loader.py:384,load_weights]
2026-04-07T17:46:45.7734548Z [2026-04-07 17:46:45.771609][UC][I] Loading weights took 326.97 seconds [396,396][default_loader.py:384,load_weights]
2026-04-07T17:46:45.7917882Z [2026-04-07 17:46:45.789816][UC][I] Loading weights took 326.89 seconds [493,493][default_loader.py:384,load_weights]
2026-04-07T17:46:45.8131265Z [2026-04-07 17:46:45.811155][UC][I] Loading weights took 326.66 seconds [228,228][default_loader.py:384,load_weights]
2026-04-07T17:46:45.8160360Z [2026-04-07 17:46:45.813668][UC][I] Loading weights took 326.44 seconds [682,682][default_loader.py:384,load_weights]
2026-04-07T17:46:45.8279667Z [2026-04-07 17:46:45.826144][UC][I] Loading weights took 326.43 seconds [393,393][default_loader.py:384,load_weights]
2026-04-07T17:46:45.8419614Z [2026-04-07 17:46:45.840124][UC][I] Loading weights took 326.54 seconds [489,489][default_loader.py:384,load_weights]
2026-04-07T17:46:45.8752125Z [2026-04-07 17:46:45.870848][UC][I] Loading weights took 326.27 seconds [778,778][default_loader.py:384,load_weights]
2026-04-07T17:46:45.8825985Z [2026-04-07 17:46:45.880762][UC][I] Loading weights took 326.57 seconds [301,301][default_loader.py:384,load_weights]
2026-04-07T17:46:45.9118720Z [2026-04-07 17:46:45.909870][UC][I] Loading weights took 327.45 seconds [876,876][default_loader.py:384,load_weights]
2026-04-07T17:46:45.9165081Z [2026-04-07 17:46:45.914607][UC][I] Loading weights took 326.69 seconds [300,300][default_loader.py:384,load_weights]
2026-04-07T17:46:45.9253236Z [2026-04-07 17:46:45.923430][UC][I] Loading weights took 327.52 seconds [779,779][default_loader.py:384,load_weights]
2026-04-07T17:46:45.9705003Z [2026-04-07 17:46:45.963383][UC][I] Loading weights took 326.36 seconds [873,873][default_loader.py:384,load_weights]
2026-04-07T17:46:59.9462840Z INFO 04-07 17:46:59 [__init__.py:44] Available plugins for group vllm.platform_plugins:
2026-04-07T17:46:59.9473185Z INFO 04-07 17:46:59 [__init__.py:46] - ascend -> vllm_ascend:register
2026-04-07T17:46:59.9487377Z INFO 04-07 17:46:59 [__init__.py:49] All plugins in this group will be loaded. Set `VLLM_PLUGINS` to control which plugins to load.
2026-04-07T17:46:59.9499558Z INFO 04-07 17:46:59 [__init__.py:44] Available plugins for group vllm.platform_plugins:
2026-04-07T17:46:59.9510151Z INFO 04-07 17:46:59 [__init__.py:46] - ascend -> vllm_ascend:register
2026-04-07T17:46:59.9522104Z INFO 04-07 17:46:59 [__init__.py:49] All plugins in this group will be loaded. Set `VLLM_PLUGINS` to control which plugins to load.
2026-04-07T17:46:59.9533570Z INFO 04-07 17:46:59 [__init__.py:44] Available plugins for group vllm.platform_plugins:
2026-04-07T17:46:59.9544202Z INFO 04-07 17:46:59 [__init__.py:46] - ascend -> vllm_ascend:register
2026-04-07T17:46:59.9554758Z INFO 04-07 17:46:59 [__init__.py:44] Available plugins for group vllm.platform_plugins:
2026-04-07T17:46:59.9567408Z INFO 04-07 17:46:59 [__init__.py:49] All plugins in this group will be loaded. Set `VLLM_PLUGINS` to control which plugins to load.
2026-04-07T17:46:59.9579066Z INFO 04-07 17:46:59 [__init__.py:46] - ascend -> vllm_ascend:register
2026-04-07T17:46:59.9590498Z INFO 04-07 17:46:59 [__init__.py:49] All plugins in this group will be loaded. Set `VLLM_PLUGINS` to control which plugins to load.
2026-04-07T17:46:59.9613679Z INFO 04-07 17:46:59 [__init__.py:44] Available plugins for group vllm.platform_plugins:
2026-04-07T17:46:59.9620963Z INFO 04-07 17:46:59 [__init__.py:46] - ascend -> vllm_ascend:register
2026-04-07T17:46:59.9641592Z INFO 04-07 17:46:59 [__init__.py:44] Available plugins for group vllm.platform_plugins:
2026-04-07T17:46:59.9643981Z INFO 04-07 17:46:59 [__init__.py:49] All plugins in this group will be loaded. Set `VLLM_PLUGINS` to control which plugins to load.
2026-04-07T17:46:59.9656463Z INFO 04-07 17:46:59 [__init__.py:44] Available plugins for group vllm.platform_plugins:
2026-04-07T17:46:59.9673108Z INFO 04-07 17:46:59 [__init__.py:46] - ascend -> vllm_ascend:register
2026-04-07T17:46:59.9675364Z INFO 04-07 17:46:59 [__init__.py:44] Available plugins for group vllm.platform_plugins:
2026-04-07T17:46:59.9693211Z INFO 04-07 17:46:59 [__init__.py:46] - ascend -> vllm_ascend:register
2026-04-07T17:46:59.9707069Z INFO 04-07 17:46:59 [__init__.py:49] All plugins in this group will be loaded. Set `VLLM_PLUGINS` to control which plugins to load.
2026-04-07T17:46:59.9717656Z INFO 04-07 17:46:59 [__init__.py:46] - ascend -> vllm_ascend:register
2026-04-07T17:46:59.9730755Z INFO 04-07 17:46:59 [__init__.py:49] All plugins in this group will be loaded. Set `VLLM_PLUGINS` to control which plugins to load.
2026-04-07T17:46:59.9746413Z INFO 04-07 17:46:59 [__init__.py:49] All plugins in this group will be loaded. Set `VLLM_PLUGINS` to control which plugins to load.
2026-04-07T17:46:59.9758000Z INFO 04-07 17:46:59 [__init__.py:44] Available plugins for group vllm.platform_plugins:
2026-04-07T17:46:59.9768128Z INFO 04-07 17:46:59 [__init__.py:46] - ascend -> vllm_ascend:register
2026-04-07T17:46:59.9779060Z INFO 04-07 17:46:59 [__init__.py:44] Available plugins for group vllm.platform_plugins:
2026-04-07T17:46:59.9790392Z INFO 04-07 17:46:59 [__init__.py:49] All plugins in this group will be loaded. Set `VLLM_PLUGINS` to control which plugins to load.
2026-04-07T17:46:59.9800099Z INFO 04-07 17:46:59 [__init__.py:46] - ascend -> vllm_ascend:register
2026-04-07T17:46:59.9816039Z INFO 04-07 17:46:59 [__init__.py:49] All plugins in this group will be loaded. Set `VLLM_PLUGINS` to control which plugins to load.
2026-04-07T17:46:59.9828857Z INFO 04-07 17:46:59 [__init__.py:44] Available plugins for group vllm.platform_plugins:
2026-04-07T17:46:59.9840588Z INFO 04-07 17:46:59 [__init__.py:44] Available plugins for group vllm.platform_plugins:
2026-04-07T17:46:59.9856802Z INFO 04-07 17:46:59 [__init__.py:46] - ascend -> vllm_ascend:register
2026-04-07T17:46:59.9869425Z INFO 04-07 17:46:59 [__init__.py:46] - ascend -> vllm_ascend:register
2026-04-07T17:46:59.9880222Z INFO 04-07 17:46:59 [__init__.py:49] All plugins in this group will be loaded. Set `VLLM_PLUGINS` to control which plugins to load.
2026-04-07T17:46:59.9891159Z INFO 04-07 17:46:59 [__init__.py:49] All plugins in this group will be loaded. Set `VLLM_PLUGINS` to control which plugins to load.
2026-04-07T17:46:59.9906390Z INFO 04-07 17:46:59 [__init__.py:239] Platform plugin ascend is activated
2026-04-07T17:46:59.9922711Z INFO 04-07 17:46:59 [__init__.py:239] Platform plugin ascend is activated
2026-04-07T17:46:59.9933229Z INFO 04-07 17:46:59 [__init__.py:239] Platform plugin ascend is activated
2026-04-07T17:46:59.9944746Z INFO 04-07 17:46:59 [__init__.py:239] Platform plugin ascend is activated
2026-04-07T17:46:59.9954846Z INFO 04-07 17:46:59 [__init__.py:239] Platform plugin ascend is activated
2026-04-07T17:46:59.9965809Z INFO 04-07 17:46:59 [__init__.py:239] Platform plugin ascend is activated
2026-04-07T17:46:59.9976691Z INFO 04-07 17:46:59 [__init__.py:239] Platform plugin ascend is activated
2026-04-07T17:46:59.9987978Z INFO 04-07 17:46:59 [__init__.py:239] Platform plugin ascend is activated
2026-04-07T17:46:59.9999694Z INFO 04-07 17:46:59 [__init__.py:239] Platform plugin ascend is activated
2026-04-07T17:47:00.0010137Z INFO 04-07 17:46:59 [__init__.py:239] Platform plugin ascend is activated
2026-04-07T17:47:00.0021620Z INFO 04-07 17:46:59 [__init__.py:239] Platform plugin ascend is activated
2026-04-07T17:47:00.0031722Z INFO 04-07 17:46:59 [__init__.py:239] Platform plugin ascend is activated
2026-04-07T17:47:00.0832798Z INFO 04-07 17:47:00 [__init__.py:44] Available plugins for group vllm.platform_plugins:
2026-04-07T17:47:00.0841765Z INFO 04-07 17:47:00 [__init__.py:46] - ascend -> vllm_ascend:register
2026-04-07T17:47:00.0852862Z INFO 04-07 17:47:00 [__init__.py:44] Available plugins for group vllm.platform_plugins:
2026-04-07T17:47:00.0863376Z INFO 04-07 17:47:00 [__init__.py:49] All plugins in this group will be loaded. Set `VLLM_PLUGINS` to control which plugins to load.
2026-04-07T17:47:00.0873190Z INFO 04-07 17:47:00 [__init__.py:46] - ascend -> vllm_ascend:register
2026-04-07T17:47:00.0883481Z INFO 04-07 17:47:00 [__init__.py:49] All plugins in this group will be loaded. Set `VLLM_PLUGINS` to control which plugins to load.
2026-04-07T17:47:00.0916770Z INFO 04-07 17:47:00 [__init__.py:239] Platform plugin ascend is activated
2026-04-07T17:47:00.0927220Z INFO 04-07 17:47:00 [__init__.py:239] Platform plugin ascend is activated
2026-04-07T17:47:00.1709685Z INFO 04-07 17:47:00 [__init__.py:44] Available plugins for group vllm.platform_plugins:
2026-04-07T17:47:00.1719604Z INFO 04-07 17:47:00 [__init__.py:46] - ascend -> vllm_ascend:register
2026-04-07T17:47:00.1731964Z INFO 04-07 17:47:00 [__init__.py:49] All plugins in this group will be loaded. Set `VLLM_PLUGINS` to control which plugins to load.
2026-04-07T17:47:00.1742919Z INFO 04-07 17:47:00 [__init__.py:44] Available plugins for group vllm.platform_plugins:
2026-04-07T17:47:00.1752731Z INFO 04-07 17:47:00 [__init__.py:46] - ascend -> vllm_ascend:register
2026-04-07T17:47:00.1764046Z INFO 04-07 17:47:00 [__init__.py:49] All plugins in this group will be loaded. Set `VLLM_PLUGINS` to control which plugins to load.
2026-04-07T17:47:00.1837734Z INFO 04-07 17:47:00 [__init__.py:239] Platform plugin ascend is activated
2026-04-07T17:47:00.1848940Z INFO 04-07 17:47:00 [__init__.py:239] Platform plugin ascend is activated
2026-04-07T17:47:15.9049533Z (Worker_DP1_TP7_EP15 pid=873) WARNING 04-07 17:47:15 [sfa_v1.py:539] Currently mlapo does not support SFA with CP,thus mlapo is disabled for these layers.
2026-04-07T17:47:15.9099122Z (Worker_DP1_TP5_EP13 pid=683) WARNING 04-07 17:47:15 [sfa_v1.py:539] Currently mlapo does not support SFA with CP,thus mlapo is disabled for these layers.
2026-04-07T17:47:15.9461219Z (Worker_DP1_TP4_EP12 pid=585) WARNING 04-07 17:47:15 [sfa_v1.py:539] Currently mlapo does not support SFA with CP,thus mlapo is disabled for these layers.
2026-04-07T17:47:15.9502722Z (Worker_DP1_TP6_EP14 pid=778) WARNING 04-07 17:47:15 [sfa_v1.py:539] Currently mlapo does not support SFA with CP,thus mlapo is disabled for these layers.
2026-04-07T17:47:15.9801094Z (Worker_DP1_TP7_EP15 pid=873) INFO 04-07 17:47:15 [model_runner_v1.py:2574] Loading drafter model...
2026-04-07T17:47:16.0306678Z (Worker_DP1_TP1_EP9 pid=300) WARNING 04-07 17:47:16 [sfa_v1.py:539] Currently mlapo does not support SFA with CP,thus mlapo is disabled for these layers.
2026-04-07T17:47:16.0356350Z (Worker_DP1_TP6_EP14 pid=778) INFO 04-07 17:47:16 [model_runner_v1.py:2574] Loading drafter model...
2026-04-07T17:47:16.0928943Z (Worker_DP1_TP5_EP13 pid=683) INFO 04-07 17:47:16 [model_runner_v1.py:2574] Loading drafter model...
2026-04-07T17:47:16.1268127Z (Worker_DP1_TP4_EP12 pid=585) INFO 04-07 17:47:16 [model_runner_v1.py:2574] Loading drafter model...
2026-04-07T17:47:16.1948438Z (Worker_DP1_TP1_EP9 pid=300) INFO 04-07 17:47:16 [model_runner_v1.py:2574] Loading drafter model...
2026-04-07T17:47:16.3173913Z (Worker_DP1_TP0_EP8 pid=228) WARNING 04-07 17:47:16 [sfa_v1.py:539] Currently mlapo does not support SFA with CP,thus mlapo is disabled for these layers.
2026-04-07T17:47:16.6524184Z (Worker_DP1_TP0_EP8 pid=228) INFO 04-07 17:47:16 [model_runner_v1.py:2574] Loading drafter model...
2026-04-07T17:47:16.7252339Z (Worker_DP0_TP5_EP5 pid=682) WARNING 04-07 17:47:16 [sfa_v1.py:539] Currently mlapo does not support SFA with CP,thus mlapo is disabled for these layers.
2026-04-07T17:47:16.7294855Z (Worker_DP0_TP0_EP0 pid=229) WARNING 04-07 17:47:16 [sfa_v1.py:539] Currently mlapo does not support SFA with CP,thus mlapo is disabled for these layers.
2026-04-07T17:47:16.7507688Z (Worker_DP0_TP4_EP4 pid=589) WARNING 04-07 17:47:16 [sfa_v1.py:539] Currently mlapo does not support SFA with CP,thus mlapo is disabled for these layers.
2026-04-07T17:47:16.7762085Z (Worker_DP0_TP6_EP6 pid=779) WARNING 04-07 17:47:16 [sfa_v1.py:539] Currently mlapo does not support SFA with CP,thus mlapo is disabled for these layers.
2026-04-07T17:47:16.8056979Z (Worker_DP0_TP5_EP5 pid=682) INFO 04-07 17:47:16 [model_runner_v1.py:2574] Loading drafter model...
2026-04-07T17:47:16.8151767Z (Worker_DP0_TP3_EP3 pid=493) WARNING 04-07 17:47:16 [sfa_v1.py:539] Currently mlapo does not support SFA with CP,thus mlapo is disabled for these layers.
2026-04-07T17:47:16.8514740Z (Worker_DP1_TP2_EP10 pid=393) WARNING 04-07 17:47:16 [sfa_v1.py:539] Currently mlapo does not support SFA with CP,thus mlapo is disabled for these layers.
2026-04-07T17:47:16.8883548Z (Worker_DP1_TP3_EP11 pid=489) WARNING 04-07 17:47:16 [sfa_v1.py:539] Currently mlapo does not support SFA with CP,thus mlapo is disabled for these layers.
2026-04-07T17:47:16.9126297Z (Worker_DP0_TP7_EP7 pid=876) WARNING 04-07 17:47:16 [sfa_v1.py:539] Currently mlapo does not support SFA with CP,thus mlapo is disabled for these layers.
2026-04-07T17:47:16.9169316Z (Worker_DP0_TP0_EP0 pid=229) INFO 04-07 17:47:16 [model_runner_v1.py:2574] Loading drafter model...
2026-04-07T17:47:16.9322749Z (Worker_DP0_TP4_EP4 pid=589) INFO 04-07 17:47:16 [model_runner_v1.py:2574] Loading drafter model...
2026-04-07T17:47:16.9959699Z (Worker_DP0_TP1_EP1 pid=301) WARNING 04-07 17:47:16 [sfa_v1.py:539] Currently mlapo does not support SFA with CP,thus mlapo is disabled for these layers.
2026-04-07T17:47:17.0002403Z (Worker_DP0_TP2_EP2 pid=396) WARNING 04-07 17:47:16 [sfa_v1.py:539] Currently mlapo does not support SFA with CP,thus mlapo is disabled for these layers.
2026-04-07T17:47:17.0145240Z (Worker_DP0_TP6_EP6 pid=779) INFO 04-07 17:47:16 [model_runner_v1.py:2574] Loading drafter model...
2026-04-07T17:47:17.0569170Z (Worker_DP1_TP2_EP10 pid=393) INFO 04-07 17:47:17 [model_runner_v1.py:2574] Loading drafter model...
2026-04-07T17:47:17.0988645Z (Worker_DP0_TP7_EP7 pid=876) INFO 04-07 17:47:17 [model_runner_v1.py:2574] Loading drafter model...
2026-04-07T17:47:17.1065951Z (Worker_DP1_TP3_EP11 pid=489) INFO 04-07 17:47:17 [model_runner_v1.py:2574] Loading drafter model...
2026-04-07T17:47:17.4059986Z (Worker_DP0_TP3_EP3 pid=493) INFO 04-07 17:47:17 [model_runner_v1.py:2574] Loading drafter model...
2026-04-07T17:47:17.4219817Z (Worker_DP0_TP1_EP1 pid=301) INFO 04-07 17:47:17 [model_runner_v1.py:2574] Loading drafter model...
2026-04-07T17:47:17.4482837Z (Worker_DP0_TP2_EP2 pid=396) INFO 04-07 17:47:17 [model_runner_v1.py:2574] Loading drafter model...
2026-04-07T17:47:25.1989680Z (Worker_DP0_TP0_EP0 pid=229) 
2026-04-07T17:47:25.1990273Z Loading safetensors checkpoint shards:   0% Completed | 0/163 [00:00<?, ?it/s]
2026-04-07T17:47:26.0471387Z (Worker_DP0_TP0_EP0 pid=229) 
2026-04-07T17:47:26.0471881Z Loading safetensors checkpoint shards:   1% Completed | 1/163 [00:00<02:17,  1.18it/s]
2026-04-07T17:47:27.3710863Z (Worker_DP0_TP0_EP0 pid=229) 
2026-04-07T17:47:27.3711348Z Loading safetensors checkpoint shards:   1% Completed | 2/163 [00:02<03:01,  1.13s/it]
2026-04-07T17:47:28.8062896Z (Worker_DP0_TP0_EP0 pid=229) 
2026-04-07T17:47:28.8063382Z Loading safetensors checkpoint shards:   2% Completed | 3/163 [00:03<03:22,  1.27s/it]
2026-04-07T17:47:29.9818251Z (Worker_DP0_TP0_EP0 pid=229) 
2026-04-07T17:47:29.9818752Z Loading safetensors checkpoint shards:   2% Completed | 4/163 [00:04<03:15,  1.23s/it]
2026-04-07T17:47:31.3353922Z (Worker_DP0_TP0_EP0 pid=229) 
2026-04-07T17:47:31.3354430Z Loading safetensors checkpoint shards:   3% Completed | 5/163 [00:06<03:21,  1.28s/it]
2026-04-07T17:47:32.6272639Z (Worker_DP0_TP0_EP0 pid=229) 
2026-04-07T17:47:32.6273122Z Loading safetensors checkpoint shards:   4% Completed | 6/163 [00:07<03:21,  1.28s/it]
2026-04-07T17:47:33.9189309Z (Worker_DP0_TP0_EP0 pid=229) 
2026-04-07T17:47:33.9189801Z Loading safetensors checkpoint shards:   4% Completed | 7/163 [00:08<03:20,  1.28s/it]
2026-04-07T17:47:35.3345247Z (Worker_DP0_TP0_EP0 pid=229) 
2026-04-07T17:47:35.3345830Z Loading safetensors checkpoint shards:   5% Completed | 8/163 [00:10<03:25,  1.33s/it]
2026-04-07T17:47:36.6070532Z (Worker_DP0_TP0_EP0 pid=229) 
2026-04-07T17:47:36.6071013Z Loading safetensors checkpoint shards:   6% Completed | 9/163 [00:11<03:21,  1.31s/it]
2026-04-07T17:47:37.9274578Z (Worker_DP0_TP0_EP0 pid=229) 
2026-04-07T17:47:37.9275085Z Loading safetensors checkpoint shards:   6% Completed | 10/163 [00:12<03:20,  1.31s/it]
2026-04-07T17:47:39.5092869Z (Worker_DP0_TP0_EP0 pid=229) 
2026-04-07T17:47:39.5093361Z Loading safetensors checkpoint shards:   7% Completed | 11/163 [00:14<03:32,  1.40s/it]
2026-04-07T17:47:40.8002142Z (Worker_DP0_TP0_EP0 pid=229) 
2026-04-07T17:47:40.8002675Z Loading safetensors checkpoint shards:   7% Completed | 12/163 [00:15<03:25,  1.36s/it]
2026-04-07T17:47:42.1818124Z (Worker_DP0_TP0_EP0 pid=229) 
2026-04-07T17:47:42.1818610Z Loading safetensors checkpoint shards:   8% Completed | 13/163 [00:16<03:25,  1.37s/it]
2026-04-07T17:47:43.4962051Z (Worker_DP0_TP0_EP0 pid=229) 
2026-04-07T17:47:43.4962555Z Loading safetensors checkpoint shards:   9% Completed | 14/163 [00:18<03:21,  1.35s/it]
2026-04-07T17:47:44.8060939Z (Worker_DP0_TP0_EP0 pid=229) 
2026-04-07T17:47:44.8061430Z Loading safetensors checkpoint shards:   9% Completed | 15/163 [00:19<03:18,  1.34s/it]
2026-04-07T17:47:46.3620166Z (Worker_DP0_TP0_EP0 pid=229) 
2026-04-07T17:47:46.3620656Z Loading safetensors checkpoint shards:  10% Completed | 16/163 [00:21<03:26,  1.40s/it]
2026-04-07T17:47:47.3400243Z (Worker_DP0_TP0_EP0 pid=229) 
2026-04-07T17:47:47.3400758Z Loading safetensors checkpoint shards:  10% Completed | 17/163 [00:22<03:06,  1.28s/it]
2026-04-07T17:47:48.5848173Z (Worker_DP0_TP0_EP0 pid=229) 
2026-04-07T17:47:48.5848695Z Loading safetensors checkpoint shards:  11% Completed | 18/163 [00:23<03:03,  1.27s/it]
2026-04-07T17:47:49.8411276Z (Worker_DP0_TP0_EP0 pid=229) 
2026-04-07T17:47:49.8411774Z Loading safetensors checkpoint shards:  12% Completed | 19/163 [00:24<03:01,  1.26s/it]
2026-04-07T17:47:51.0534551Z (Worker_DP0_TP0_EP0 pid=229) 
2026-04-07T17:47:51.0535047Z Loading safetensors checkpoint shards:  12% Completed | 20/163 [00:25<02:58,  1.25s/it]
2026-04-07T17:47:52.2579541Z (Worker_DP0_TP0_EP0 pid=229) 
2026-04-07T17:47:52.2580146Z Loading safetensors checkpoint shards:  13% Completed | 21/163 [00:27<02:55,  1.24s/it]
2026-04-07T17:47:53.5002467Z (Worker_DP0_TP0_EP0 pid=229) 
2026-04-07T17:47:53.5002935Z Loading safetensors checkpoint shards:  13% Completed | 22/163 [00:28<02:54,  1.24s/it]
2026-04-07T17:47:54.6701398Z (Worker_DP0_TP0_EP0 pid=229) 
2026-04-07T17:47:54.6701903Z Loading safetensors checkpoint shards:  14% Completed | 23/163 [00:29<02:50,  1.22s/it]
2026-04-07T17:47:55.9395169Z (Worker_DP0_TP0_EP0 pid=229) 
2026-04-07T17:47:55.9395998Z Loading safetensors checkpoint shards:  15% Completed | 24/163 [00:30<02:51,  1.23s/it]
2026-04-07T17:47:57.1257888Z (Worker_DP0_TP0_EP0 pid=229) 
2026-04-07T17:47:57.1258372Z Loading safetensors checkpoint shards:  15% Completed | 25/163 [00:31<02:48,  1.22s/it]
2026-04-07T17:47:58.3515756Z (Worker_DP0_TP0_EP0 pid=229) 
2026-04-07T17:47:58.3516249Z Loading safetensors checkpoint shards:  16% Completed | 26/163 [00:33<02:47,  1.22s/it]
2026-04-07T17:47:59.5922737Z (Worker_DP0_TP0_EP0 pid=229) 
2026-04-07T17:47:59.5923225Z Loading safetensors checkpoint shards:  17% Completed | 27/163 [00:34<02:46,  1.23s/it]
2026-04-07T17:48:00.8073723Z (Worker_DP0_TP0_EP0 pid=229) 
2026-04-07T17:48:00.8074234Z Loading safetensors checkpoint shards:  17% Completed | 28/163 [00:35<02:45,  1.22s/it]
2026-04-07T17:48:02.1004353Z (Worker_DP0_TP0_EP0 pid=229) 
2026-04-07T17:48:02.1004847Z Loading safetensors checkpoint shards:  18% Completed | 29/163 [00:36<02:46,  1.24s/it]
2026-04-07T17:48:03.3866893Z (Worker_DP0_TP0_EP0 pid=229) 
2026-04-07T17:48:03.3867415Z Loading safetensors checkpoint shards:  18% Completed | 30/163 [00:38<02:47,  1.26s/it]
2026-04-07T17:48:04.5851524Z (Worker_DP0_TP0_EP0 pid=229) 
2026-04-07T17:48:04.5852015Z Loading safetensors checkpoint shards:  19% Completed | 31/163 [00:39<02:43,  1.24s/it]
2026-04-07T17:48:05.8288829Z (Worker_DP0_TP0_EP0 pid=229) 
2026-04-07T17:48:05.8289325Z Loading safetensors checkpoint shards:  20% Completed | 32/163 [00:40<02:42,  1.24s/it]
2026-04-07T17:48:07.0030649Z (Worker_DP0_TP0_EP0 pid=229) 
2026-04-07T17:48:07.0031179Z Loading safetensors checkpoint shards:  20% Completed | 33/163 [00:41<02:38,  1.22s/it]
2026-04-07T17:48:08.2641776Z (Worker_DP0_TP0_EP0 pid=229) 
2026-04-07T17:48:08.2642276Z Loading safetensors checkpoint shards:  21% Completed | 34/163 [00:43<02:39,  1.23s/it]
2026-04-07T17:48:09.5756416Z (Worker_DP0_TP0_EP0 pid=229) 
2026-04-07T17:48:09.5756921Z Loading safetensors checkpoint shards:  21% Completed | 35/163 [00:44<02:40,  1.26s/it]
2026-04-07T17:48:10.7261046Z (Worker_DP0_TP0_EP0 pid=229) 
2026-04-07T17:48:10.7261546Z Loading safetensors checkpoint shards:  22% Completed | 36/163 [00:45<02:35,  1.22s/it]
2026-04-07T17:48:11.9510882Z (Worker_DP0_TP0_EP0 pid=229) 
2026-04-07T17:48:11.9511404Z Loading safetensors checkpoint shards:  23% Completed | 37/163 [00:46<02:34,  1.22s/it]
2026-04-07T17:48:13.2257591Z (Worker_DP0_TP0_EP0 pid=229) 
2026-04-07T17:48:13.2258085Z Loading safetensors checkpoint shards:  23% Completed | 38/163 [00:48<02:34,  1.24s/it]
2026-04-07T17:48:14.4055556Z (Worker_DP0_TP0_EP0 pid=229) 
2026-04-07T17:48:14.4056051Z Loading safetensors checkpoint shards:  24% Completed | 39/163 [00:49<02:31,  1.22s/it]
2026-04-07T17:48:15.7077496Z (Worker_DP0_TP0_EP0 pid=229) 
2026-04-07T17:48:15.7078036Z Loading safetensors checkpoint shards:  25% Completed | 40/163 [00:50<02:33,  1.25s/it]
2026-04-07T17:48:16.9668026Z (Worker_DP0_TP0_EP0 pid=229) 
2026-04-07T17:48:16.9668559Z Loading safetensors checkpoint shards:  25% Completed | 41/163 [00:51<02:32,  1.25s/it]
2026-04-07T17:48:18.2306789Z (Worker_DP0_TP0_EP0 pid=229) 
2026-04-07T17:48:18.2307284Z Loading safetensors checkpoint shards:  26% Completed | 42/163 [00:53<02:31,  1.25s/it]
2026-04-07T17:48:19.5031109Z (Worker_DP0_TP0_EP0 pid=229) 
2026-04-07T17:48:19.5031630Z Loading safetensors checkpoint shards:  26% Completed | 43/163 [00:54<02:31,  1.26s/it]
2026-04-07T17:48:20.7688039Z (Worker_DP0_TP0_EP0 pid=229) 
2026-04-07T17:48:20.7688533Z Loading safetensors checkpoint shards:  27% Completed | 44/163 [00:55<02:30,  1.26s/it]
2026-04-07T17:48:22.0365130Z (Worker_DP0_TP0_EP0 pid=229) 
2026-04-07T17:48:22.0365637Z Loading safetensors checkpoint shards:  28% Completed | 45/163 [00:56<02:29,  1.26s/it]
2026-04-07T17:48:23.3232794Z (Worker_DP0_TP0_EP0 pid=229) 
2026-04-07T17:48:23.3233302Z Loading safetensors checkpoint shards:  28% Completed | 46/163 [00:58<02:28,  1.27s/it]
2026-04-07T17:48:24.5708166Z (Worker_DP0_TP0_EP0 pid=229) 
2026-04-07T17:48:24.5709053Z Loading safetensors checkpoint shards:  29% Completed | 47/163 [00:59<02:26,  1.26s/it]
2026-04-07T17:48:25.8011998Z (Worker_DP0_TP0_EP0 pid=229) 
2026-04-07T17:48:25.8012493Z Loading safetensors checkpoint shards:  29% Completed | 48/163 [01:00<02:24,  1.25s/it]
2026-04-07T17:48:27.0185583Z (Worker_DP0_TP0_EP0 pid=229) 
2026-04-07T17:48:27.0186078Z Loading safetensors checkpoint shards:  30% Completed | 49/163 [01:01<02:21,  1.24s/it]
2026-04-07T17:48:28.2318018Z (Worker_DP0_TP0_EP0 pid=229) 
2026-04-07T17:48:28.2318574Z Loading safetensors checkpoint shards:  31% Completed | 50/163 [01:03<02:19,  1.23s/it]
2026-04-07T17:48:29.5061062Z (Worker_DP0_TP0_EP0 pid=229) 
2026-04-07T17:48:29.5061553Z Loading safetensors checkpoint shards:  31% Completed | 51/163 [01:04<02:19,  1.24s/it]
2026-04-07T17:48:30.6912550Z (Worker_DP0_TP0_EP0 pid=229) 
2026-04-07T17:48:30.6913032Z Loading safetensors checkpoint shards:  32% Completed | 52/163 [01:05<02:16,  1.23s/it]
2026-04-07T17:48:31.9231018Z (Worker_DP0_TP0_EP0 pid=229) 
2026-04-07T17:48:31.9231546Z Loading safetensors checkpoint shards:  33% Completed | 53/163 [01:06<02:15,  1.23s/it]
2026-04-07T17:48:33.1373134Z (Worker_DP0_TP0_EP0 pid=229) 
2026-04-07T17:48:33.1373633Z Loading safetensors checkpoint shards:  33% Completed | 54/163 [01:07<02:13,  1.22s/it]
2026-04-07T17:48:34.3004326Z (Worker_DP0_TP0_EP0 pid=229) 
2026-04-07T17:48:34.3004822Z Loading safetensors checkpoint shards:  34% Completed | 55/163 [01:09<02:10,  1.21s/it]
2026-04-07T17:48:35.4992757Z (Worker_DP0_TP0_EP0 pid=229) 
2026-04-07T17:48:35.4993263Z Loading safetensors checkpoint shards:  34% Completed | 56/163 [01:10<02:08,  1.20s/it]
2026-04-07T17:48:36.7672016Z (Worker_DP0_TP0_EP0 pid=229) 
2026-04-07T17:48:36.7672516Z Loading safetensors checkpoint shards:  35% Completed | 57/163 [01:11<02:09,  1.22s/it]
2026-04-07T17:48:38.1211946Z (Worker_DP0_TP0_EP0 pid=229) 
2026-04-07T17:48:38.1212454Z Loading safetensors checkpoint shards:  36% Completed | 58/163 [01:12<02:12,  1.26s/it]
2026-04-07T17:48:39.3437427Z (Worker_DP0_TP0_EP0 pid=229) 
2026-04-07T17:48:39.3437937Z Loading safetensors checkpoint shards:  36% Completed | 59/163 [01:14<02:10,  1.25s/it]
2026-04-07T17:48:40.5995509Z (Worker_DP0_TP0_EP0 pid=229) 
2026-04-07T17:48:40.5996000Z Loading safetensors checkpoint shards:  37% Completed | 60/163 [01:15<02:08,  1.25s/it]
2026-04-07T17:48:41.8937549Z (Worker_DP0_TP0_EP0 pid=229) 
2026-04-07T17:48:41.8938032Z Loading safetensors checkpoint shards:  37% Completed | 61/163 [01:16<02:08,  1.26s/it]
2026-04-07T17:48:43.1791316Z (Worker_DP0_TP0_EP0 pid=229) 
2026-04-07T17:48:43.1791812Z Loading safetensors checkpoint shards:  38% Completed | 62/163 [01:17<02:08,  1.27s/it]
2026-04-07T17:48:44.3815048Z (Worker_DP0_TP0_EP0 pid=229) 
2026-04-07T17:48:44.3815523Z Loading safetensors checkpoint shards:  39% Completed | 63/163 [01:19<02:05,  1.25s/it]
2026-04-07T17:48:45.6446902Z (Worker_DP0_TP0_EP0 pid=229) 
2026-04-07T17:48:45.6447405Z Loading safetensors checkpoint shards:  39% Completed | 64/163 [01:20<02:04,  1.25s/it]
2026-04-07T17:48:46.9536258Z (Worker_DP0_TP0_EP0 pid=229) 
2026-04-07T17:48:46.9536748Z Loading safetensors checkpoint shards:  40% Completed | 65/163 [01:21<02:04,  1.27s/it]
2026-04-07T17:48:48.1315175Z (Worker_DP0_TP0_EP0 pid=229) 
2026-04-07T17:48:48.1315672Z Loading safetensors checkpoint shards:  40% Completed | 66/163 [01:22<02:00,  1.24s/it]
2026-04-07T17:48:49.3334719Z (Worker_DP0_TP0_EP0 pid=229) 
2026-04-07T17:48:49.3335217Z Loading safetensors checkpoint shards:  41% Completed | 67/163 [01:24<01:58,  1.23s/it]
2026-04-07T17:48:50.5352074Z (Worker_DP0_TP0_EP0 pid=229) 
2026-04-07T17:48:50.5352564Z Loading safetensors checkpoint shards:  42% Completed | 68/163 [01:25<01:56,  1.22s/it]
2026-04-07T17:48:51.7535862Z (Worker_DP0_TP0_EP0 pid=229) 
2026-04-07T17:48:51.7536366Z Loading safetensors checkpoint shards:  42% Completed | 69/163 [01:26<01:54,  1.22s/it]
2026-04-07T17:48:53.1283858Z (Worker_DP0_TP0_EP0 pid=229) 
2026-04-07T17:48:53.1284365Z Loading safetensors checkpoint shards:  43% Completed | 70/163 [01:27<01:57,  1.27s/it]
2026-04-07T17:48:54.5078282Z (Worker_DP0_TP0_EP0 pid=229) 
2026-04-07T17:48:54.5078804Z Loading safetensors checkpoint shards:  44% Completed | 71/163 [01:29<01:59,  1.30s/it]
2026-04-07T17:48:55.8245789Z (Worker_DP0_TP0_EP0 pid=229) 
2026-04-07T17:48:55.8246639Z Loading safetensors checkpoint shards:  44% Completed | 72/163 [01:30<01:58,  1.31s/it]
2026-04-07T17:48:57.2532526Z (Worker_DP0_TP0_EP0 pid=229) 
2026-04-07T17:48:57.2533038Z Loading safetensors checkpoint shards:  45% Completed | 73/163 [01:32<02:00,  1.34s/it]
2026-04-07T17:48:58.5025901Z (Worker_DP0_TP0_EP0 pid=229) 
2026-04-07T17:48:58.5026412Z Loading safetensors checkpoint shards:  45% Completed | 74/163 [01:33<01:56,  1.31s/it]
2026-04-07T17:48:59.7966845Z (Worker_DP0_TP0_EP0 pid=229) 
2026-04-07T17:48:59.7967330Z Loading safetensors checkpoint shards:  46% Completed | 75/163 [01:34<01:55,  1.31s/it]
2026-04-07T17:49:01.1273259Z (Worker_DP0_TP0_EP0 pid=229) 
2026-04-07T17:49:01.1273783Z Loading safetensors checkpoint shards:  47% Completed | 76/163 [01:35<01:54,  1.32s/it]
2026-04-07T17:49:02.4437278Z (Worker_DP0_TP0_EP0 pid=229) 
2026-04-07T17:49:02.4437776Z Loading safetensors checkpoint shards:  47% Completed | 77/163 [01:37<01:53,  1.32s/it]
2026-04-07T17:49:03.7306828Z (Worker_DP0_TP0_EP0 pid=229) 
2026-04-07T17:49:03.7307342Z Loading safetensors checkpoint shards:  48% Completed | 78/163 [01:38<01:51,  1.31s/it]
2026-04-07T17:49:04.9213287Z (Worker_DP0_TP0_EP0 pid=229) 
2026-04-07T17:49:04.9213780Z Loading safetensors checkpoint shards:  48% Completed | 79/163 [01:39<01:46,  1.27s/it]
2026-04-07T17:49:06.2486472Z (Worker_DP0_TP0_EP0 pid=229) 
2026-04-07T17:49:06.2486961Z Loading safetensors checkpoint shards:  49% Completed | 80/163 [01:41<01:46,  1.29s/it]
2026-04-07T17:49:07.6095081Z (Worker_DP0_TP0_EP0 pid=229) 
2026-04-07T17:49:07.6095576Z Loading safetensors checkpoint shards:  50% Completed | 81/163 [01:42<01:47,  1.31s/it]
2026-04-07T17:49:08.8527220Z (Worker_DP0_TP0_EP0 pid=229) 
2026-04-07T17:49:08.8527754Z Loading safetensors checkpoint shards:  50% Completed | 82/163 [01:43<01:44,  1.29s/it]
2026-04-07T17:49:10.1345671Z (Worker_DP0_TP0_EP0 pid=229) 
2026-04-07T17:49:10.1346168Z Loading safetensors checkpoint shards:  51% Completed | 83/163 [01:44<01:43,  1.29s/it]
2026-04-07T17:49:11.4163981Z (Worker_DP0_TP0_EP0 pid=229) 
2026-04-07T17:49:11.4164475Z Loading safetensors checkpoint shards:  52% Completed | 84/163 [01:46<01:41,  1.29s/it]
2026-04-07T17:49:12.6420777Z (Worker_DP0_TP0_EP0 pid=229) 
2026-04-07T17:49:12.6421330Z Loading safetensors checkpoint shards:  52% Completed | 85/163 [01:47<01:38,  1.27s/it]
2026-04-07T17:49:13.9565895Z (Worker_DP0_TP0_EP0 pid=229) 
2026-04-07T17:49:13.9566391Z Loading safetensors checkpoint shards:  53% Completed | 86/163 [01:48<01:38,  1.28s/it]
2026-04-07T17:49:15.2766927Z (Worker_DP0_TP0_EP0 pid=229) 
2026-04-07T17:49:15.2767367Z Loading safetensors checkpoint shards:  53% Completed | 87/163 [01:50<01:38,  1.29s/it]
2026-04-07T17:49:16.5096391Z (Worker_DP0_TP0_EP0 pid=229) 
2026-04-07T17:49:16.5096923Z Loading safetensors checkpoint shards:  54% Completed | 88/163 [01:51<01:35,  1.28s/it]
2026-04-07T17:49:17.8324126Z (Worker_DP0_TP0_EP0 pid=229) 
2026-04-07T17:49:17.8324601Z Loading safetensors checkpoint shards:  55% Completed | 89/163 [01:52<01:35,  1.29s/it]
2026-04-07T17:49:18.9964941Z (Worker_DP0_TP0_EP0 pid=229) 
2026-04-07T17:49:18.9965445Z Loading safetensors checkpoint shards:  55% Completed | 90/163 [01:53<01:31,  1.25s/it]
2026-04-07T17:49:20.2491226Z (Worker_DP0_TP0_EP0 pid=229) 
2026-04-07T17:49:20.2491777Z Loading safetensors checkpoint shards:  56% Completed | 91/163 [01:55<01:30,  1.25s/it]
2026-04-07T17:49:21.5637606Z (Worker_DP0_TP0_EP0 pid=229) 
2026-04-07T17:49:21.5638099Z Loading safetensors checkpoint shards:  56% Completed | 92/163 [01:56<01:30,  1.27s/it]
2026-04-07T17:49:22.7797178Z (Worker_DP0_TP0_EP0 pid=229) 
2026-04-07T17:49:22.7797660Z Loading safetensors checkpoint shards:  57% Completed | 93/163 [01:57<01:27,  1.25s/it]
2026-04-07T17:49:24.0399940Z (Worker_DP0_TP0_EP0 pid=229) 
2026-04-07T17:49:24.0400788Z Loading safetensors checkpoint shards:  58% Completed | 94/163 [01:58<01:26,  1.26s/it]
2026-04-07T17:49:25.2554899Z (Worker_DP0_TP0_EP0 pid=229) 
2026-04-07T17:49:25.2555376Z Loading safetensors checkpoint shards:  58% Completed | 95/163 [02:00<01:24,  1.24s/it]
2026-04-07T17:49:26.4493669Z (Worker_DP0_TP0_EP0 pid=229) 
2026-04-07T17:49:26.4494164Z Loading safetensors checkpoint shards:  59% Completed | 96/163 [02:01<01:22,  1.23s/it]
2026-04-07T17:49:27.7774820Z (Worker_DP0_TP0_EP0 pid=229) 
2026-04-07T17:49:27.7775317Z Loading safetensors checkpoint shards:  60% Completed | 97/163 [02:02<01:23,  1.26s/it]
2026-04-07T17:49:29.0179202Z (Worker_DP0_TP0_EP0 pid=229) 
2026-04-07T17:49:29.0179705Z Loading safetensors checkpoint shards:  60% Completed | 98/163 [02:03<01:21,  1.25s/it]
2026-04-07T17:49:30.3334634Z (Worker_DP0_TP0_EP0 pid=229) 
2026-04-07T17:49:30.3335124Z Loading safetensors checkpoint shards:  61% Completed | 99/163 [02:05<01:21,  1.27s/it]
2026-04-07T17:49:31.6063402Z (Worker_DP0_TP0_EP0 pid=229) 
2026-04-07T17:49:31.6063910Z Loading safetensors checkpoint shards:  61% Completed | 100/163 [02:06<01:20,  1.27s/it]
2026-04-07T17:49:32.9784612Z (Worker_DP0_TP0_EP0 pid=229) 
2026-04-07T17:49:32.9785134Z Loading safetensors checkpoint shards:  62% Completed | 101/163 [02:07<01:20,  1.30s/it]
2026-04-07T17:49:34.1729597Z (Worker_DP0_TP0_EP0 pid=229) 
2026-04-07T17:49:34.1730299Z Loading safetensors checkpoint shards:  63% Completed | 102/163 [02:08<01:17,  1.27s/it]
2026-04-07T17:49:35.4262876Z (Worker_DP0_TP0_EP0 pid=229) 
2026-04-07T17:49:35.4263377Z Loading safetensors checkpoint shards:  63% Completed | 103/163 [02:10<01:15,  1.26s/it]
2026-04-07T17:49:36.6340391Z (Worker_DP0_TP0_EP0 pid=229) 
2026-04-07T17:49:36.6340906Z Loading safetensors checkpoint shards:  64% Completed | 104/163 [02:11<01:13,  1.25s/it]
2026-04-07T17:49:38.0206825Z (Worker_DP0_TP0_EP0 pid=229) 
2026-04-07T17:49:38.0207347Z Loading safetensors checkpoint shards:  64% Completed | 105/163 [02:12<01:14,  1.29s/it]
2026-04-07T17:49:39.3285477Z (Worker_DP0_TP0_EP0 pid=229) 
2026-04-07T17:49:39.3285975Z Loading safetensors checkpoint shards:  65% Completed | 106/163 [02:14<01:13,  1.29s/it]
2026-04-07T17:49:40.6475862Z (Worker_DP0_TP0_EP0 pid=229) 
2026-04-07T17:49:40.6476406Z Loading safetensors checkpoint shards:  66% Completed | 107/163 [02:15<01:12,  1.30s/it]
2026-04-07T17:49:41.9211381Z (Worker_DP0_TP0_EP0 pid=229) 
2026-04-07T17:49:41.9211885Z Loading safetensors checkpoint shards:  66% Completed | 108/163 [02:16<01:11,  1.29s/it]
2026-04-07T17:49:43.1386528Z (Worker_DP0_TP0_EP0 pid=229) 
2026-04-07T17:49:43.1387016Z Loading safetensors checkpoint shards:  67% Completed | 109/163 [02:17<01:08,  1.27s/it]
2026-04-07T17:49:44.4078183Z (Worker_DP0_TP0_EP0 pid=229) 
2026-04-07T17:49:44.4078685Z Loading safetensors checkpoint shards:  67% Completed | 110/163 [02:19<01:07,  1.27s/it]
2026-04-07T17:49:45.6965067Z (Worker_DP0_TP0_EP0 pid=229) 
2026-04-07T17:49:45.6965591Z Loading safetensors checkpoint shards:  68% Completed | 111/163 [02:20<01:06,  1.28s/it]
2026-04-07T17:49:46.9603528Z (Worker_DP0_TP0_EP0 pid=229) 
2026-04-07T17:49:46.9604033Z Loading safetensors checkpoint shards:  69% Completed | 112/163 [02:21<01:04,  1.27s/it]
2026-04-07T17:49:48.3458173Z (Worker_DP0_TP0_EP0 pid=229) 
2026-04-07T17:49:48.3458683Z Loading safetensors checkpoint shards:  70% Completed | 114/163 [02:23<00:49,  1.00s/it]
2026-04-07T17:49:49.6208843Z (Worker_DP0_TP0_EP0 pid=229) 
2026-04-07T17:49:49.6209340Z Loading safetensors checkpoint shards:  71% Completed | 115/163 [02:24<00:51,  1.07s/it]
2026-04-07T17:49:50.8950016Z (Worker_DP0_TP0_EP0 pid=229) 
2026-04-07T17:49:50.8950528Z Loading safetensors checkpoint shards:  71% Completed | 116/163 [02:25<00:52,  1.12s/it]
2026-04-07T17:49:52.1472693Z (Worker_DP0_TP0_EP0 pid=229) 
2026-04-07T17:49:52.1473236Z Loading safetensors checkpoint shards:  72% Completed | 117/163 [02:26<00:53,  1.16s/it]
2026-04-07T17:49:53.4483165Z (Worker_DP0_TP0_EP0 pid=229) 
2026-04-07T17:49:53.4483955Z Loading safetensors checkpoint shards:  72% Completed | 118/163 [02:28<00:53,  1.20s/it]
2026-04-07T17:49:54.6812741Z (Worker_DP0_TP0_EP0 pid=229) 
2026-04-07T17:49:54.6813241Z Loading safetensors checkpoint shards:  74% Completed | 120/163 [02:29<00:40,  1.06it/s]
2026-04-07T17:49:55.9385547Z (Worker_DP0_TP0_EP0 pid=229) 
2026-04-07T17:49:55.9386046Z Loading safetensors checkpoint shards:  74% Completed | 121/163 [02:30<00:42,  1.02s/it]
2026-04-07T17:49:57.4704227Z (Worker_DP0_TP0_EP0 pid=229) 
2026-04-07T17:49:57.4704744Z Loading safetensors checkpoint shards:  75% Completed | 122/163 [02:32<00:47,  1.15s/it]
2026-04-07T17:49:59.1300055Z (Worker_DP0_TP0_EP0 pid=229) 
2026-04-07T17:49:59.1300562Z Loading safetensors checkpoint shards:  75% Completed | 123/163 [02:33<00:51,  1.29s/it]
2026-04-07T17:50:00.4476210Z (Worker_DP0_TP0_EP0 pid=229) 
2026-04-07T17:50:00.4476699Z Loading safetensors checkpoint shards:  77% Completed | 125/163 [02:35<00:38,  1.01s/it]
2026-04-07T17:50:00.5793755Z (Worker_DP0_TP0_EP0 pid=229) 
2026-04-07T17:50:00.5794181Z Loading safetensors checkpoint shards:  79% Completed | 128/163 [02:35<00:19,  1.83it/s]
2026-04-07T17:50:00.6899604Z (Worker_DP0_TP0_EP0 pid=229) 
2026-04-07T17:50:00.6900144Z Loading safetensors checkpoint shards:  80% Completed | 131/163 [02:35<00:10,  2.95it/s]
2026-04-07T17:50:00.7990705Z (Worker_DP0_TP0_EP0 pid=229) 
2026-04-07T17:50:00.7991124Z Loading safetensors checkpoint shards:  82% Completed | 134/163 [02:35<00:06,  4.39it/s]
2026-04-07T17:50:00.9076810Z (Worker_DP0_TP0_EP0 pid=229) 
2026-04-07T17:50:00.9077227Z Loading safetensors checkpoint shards:  84% Completed | 137/163 [02:35<00:04,  6.19it/s]
2026-04-07T17:50:01.0161043Z (Worker_DP0_TP0_EP0 pid=229) 
2026-04-07T17:50:01.0161532Z Loading safetensors checkpoint shards:  86% Completed | 140/163 [02:35<00:02,  8.32it/s]
2026-04-07T17:50:01.1250529Z (Worker_DP0_TP0_EP0 pid=229) 
2026-04-07T17:50:01.1250978Z Loading safetensors checkpoint shards:  88% Completed | 143/163 [02:35<00:01, 10.71it/s]
2026-04-07T17:50:01.2335097Z (Worker_DP0_TP0_EP0 pid=229) 
2026-04-07T17:50:01.2335523Z Loading safetensors checkpoint shards:  90% Completed | 146/163 [02:36<00:01, 13.26it/s]
2026-04-07T17:50:01.3415891Z (Worker_DP0_TP0_EP0 pid=229) 
2026-04-07T17:50:01.3416330Z Loading safetensors checkpoint shards:  91% Completed | 149/163 [02:36<00:00, 15.82it/s]
2026-04-07T17:50:01.4488918Z (Worker_DP0_TP0_EP0 pid=229) 
2026-04-07T17:50:01.4489396Z Loading safetensors checkpoint shards:  93% Completed | 152/163 [02:36<00:00, 18.25it/s]
2026-04-07T17:50:01.5607974Z (Worker_DP0_TP0_EP0 pid=229) 
2026-04-07T17:50:01.5608409Z Loading safetensors checkpoint shards:  95% Completed | 155/163 [02:36<00:00, 20.37it/s]
2026-04-07T17:50:03.3134906Z (Worker_DP0_TP0_EP0 pid=229) 
2026-04-07T17:50:03.3135418Z Loading safetensors checkpoint shards:  97% Completed | 158/163 [02:38<00:01,  4.72it/s]
2026-04-07T17:50:04.7945178Z (Worker_DP0_TP0_EP0 pid=229) 
2026-04-07T17:50:04.7945708Z Loading safetensors checkpoint shards:  98% Completed | 160/163 [02:39<00:00,  3.03it/s]
2026-04-07T17:50:08.9154257Z (Worker_DP0_TP0_EP0 pid=229) 
2026-04-07T17:50:08.9154769Z Loading safetensors checkpoint shards:  99% Completed | 162/163 [02:43<00:00,  1.33it/s]
2026-04-07T17:50:08.9205041Z (Worker_DP0_TP0_EP0 pid=229) 
2026-04-07T17:50:08.9205487Z Loading safetensors checkpoint shards: 100% Completed | 163/163 [02:43<00:00,  1.00s/it]
2026-04-07T17:50:08.9217355Z (Worker_DP0_TP0_EP0 pid=229) 
2026-04-07T17:50:08.9440815Z [2026-04-07 17:50:08.942128][UC][I] Loading weights took 163.69 seconds [873,873][default_loader.py:384,load_weights]
2026-04-07T17:50:08.9512473Z (Worker_DP1_TP7_EP15 pid=873) INFO 04-07 17:50:08 [eagle_proposer.py:293] Detected MTP model. Sharing target model embedding weights with the draft model.
2026-04-07T17:50:09.0895666Z [2026-04-07 17:50:09.087443][UC][I] Loading weights took 163.85 seconds [585,585][default_loader.py:384,load_weights]
2026-04-07T17:50:09.0945384Z [2026-04-07 17:50:09.087652][UC][I] Loading weights took 163.85 seconds [228,228][default_loader.py:384,load_weights]
2026-04-07T17:50:09.0956059Z [2026-04-07 17:50:09.087918][UC][I] Loading weights took 163.84 seconds [396,396][default_loader.py:384,load_weights]
2026-04-07T17:50:09.0967605Z [2026-04-07 17:50:09.087990][UC][I] Loading weights took 163.85 seconds [301,301][default_loader.py:384,load_weights]
2026-04-07T17:50:09.0979143Z [2026-04-07 17:50:09.088196][UC][I] Loading weights took 163.86 seconds [779,779][default_loader.py:384,load_weights]
2026-04-07T17:50:09.0990536Z [2026-04-07 17:50:09.088366][UC][I] Loading weights took 163.90 seconds [682,682][default_loader.py:384,load_weights]
2026-04-07T17:50:09.1002390Z [2026-04-07 17:50:09.088458][UC][I] Loading weights took 163.90 seconds [489,489][default_loader.py:384,load_weights]
2026-04-07T17:50:09.1014488Z (Worker_DP1_TP4_EP12 pid=585) INFO 04-07 17:50:09 [eagle_proposer.py:293] Detected MTP model. Sharing target model embedding weights with the draft model.
2026-04-07T17:50:09.1026145Z (Worker_DP0_TP2_EP2 pid=396) INFO 04-07 17:50:09 [eagle_proposer.py:293] Detected MTP model. Sharing target model embedding weights with the draft model.
2026-04-07T17:50:09.1037016Z (Worker_DP0_TP1_EP1 pid=301) INFO 04-07 17:50:09 [eagle_proposer.py:293] Detected MTP model. Sharing target model embedding weights with the draft model.
2026-04-07T17:50:09.1048496Z (Worker_DP0_TP6_EP6 pid=779) INFO 04-07 17:50:09 [eagle_proposer.py:293] Detected MTP model. Sharing target model embedding weights with the draft model.
2026-04-07T17:50:09.1060332Z (Worker_DP0_TP5_EP5 pid=682) INFO 04-07 17:50:09 [eagle_proposer.py:293] Detected MTP model. Sharing target model embedding weights with the draft model.
2026-04-07T17:50:09.1071773Z (Worker_DP1_TP0_EP8 pid=228) INFO 04-07 17:50:09 [eagle_proposer.py:293] Detected MTP model. Sharing target model embedding weights with the draft model.
2026-04-07T17:50:09.1083576Z (Worker_DP1_TP3_EP11 pid=489) INFO 04-07 17:50:09 [eagle_proposer.py:293] Detected MTP model. Sharing target model embedding weights with the draft model.
2026-04-07T17:50:09.1369157Z [2026-04-07 17:50:09.134861][UC][I] Loading weights took 163.88 seconds [589,589][default_loader.py:384,load_weights]
2026-04-07T17:50:09.1407799Z [2026-04-07 17:50:09.138940][UC][I] Loading weights took 163.90 seconds [683,683][default_loader.py:384,load_weights]
2026-04-07T17:50:09.1433349Z [2026-04-07 17:50:09.140492][UC][I] Loading weights took 163.91 seconds [876,876][default_loader.py:384,load_weights]
2026-04-07T17:50:09.1457839Z [2026-04-07 17:50:09.141834][UC][I] Loading weights took 163.95 seconds [229,229][default_loader.py:384,load_weights]
2026-04-07T17:50:09.1469755Z (Worker_DP0_TP4_EP4 pid=589) INFO 04-07 17:50:09 [eagle_proposer.py:293] Detected MTP model. Sharing target model embedding weights with the draft model.
2026-04-07T17:50:09.1481818Z [2026-04-07 17:50:09.143634][UC][I] Loading weights took 163.90 seconds [300,300][default_loader.py:384,load_weights]
2026-04-07T17:50:09.1493275Z (Worker_DP1_TP5_EP13 pid=683) INFO 04-07 17:50:09 [eagle_proposer.py:293] Detected MTP model. Sharing target model embedding weights with the draft model.
2026-04-07T17:50:09.1536497Z [2026-04-07 17:50:09.147384][UC][I] Loading weights took 163.95 seconds [778,778][default_loader.py:384,load_weights]
2026-04-07T17:50:09.1551479Z (Worker_DP0_TP7_EP7 pid=876) INFO 04-07 17:50:09 [eagle_proposer.py:293] Detected MTP model. Sharing target model embedding weights with the draft model.
2026-04-07T17:50:09.1564779Z (Worker_DP0_TP0_EP0 pid=229) INFO 04-07 17:50:09 [eagle_proposer.py:293] Detected MTP model. Sharing target model embedding weights with the draft model.
2026-04-07T17:50:09.1579548Z (Worker_DP1_TP1_EP9 pid=300) INFO 04-07 17:50:09 [eagle_proposer.py:293] Detected MTP model. Sharing target model embedding weights with the draft model.
2026-04-07T17:50:09.1594770Z (Worker_DP1_TP6_EP14 pid=778) INFO 04-07 17:50:09 [eagle_proposer.py:293] Detected MTP model. Sharing target model embedding weights with the draft model.
2026-04-07T17:50:09.1743294Z [2026-04-07 17:50:09.172361][UC][I] Loading weights took 163.98 seconds [493,493][default_loader.py:384,load_weights]
2026-04-07T17:50:09.1777324Z [2026-04-07 17:50:09.176017][UC][I] Loading weights took 163.94 seconds [393,393][default_loader.py:384,load_weights]
2026-04-07T17:50:09.1813918Z (Worker_DP0_TP3_EP3 pid=493) INFO 04-07 17:50:09 [eagle_proposer.py:293] Detected MTP model. Sharing target model embedding weights with the draft model.
2026-04-07T17:50:09.1848369Z (Worker_DP1_TP2_EP10 pid=393) INFO 04-07 17:50:09 [eagle_proposer.py:293] Detected MTP model. Sharing target model embedding weights with the draft model.
2026-04-07T17:50:09.8306603Z (Worker_DP1_TP7_EP15 pid=873) INFO 04-07 17:50:09 [model_runner_v1.py:2592] Loading model weights took 30.7694 GB
2026-04-07T17:50:09.9564205Z (Worker_DP0_TP5_EP5 pid=682) INFO 04-07 17:50:09 [model_runner_v1.py:2592] Loading model weights took 30.7694 GB
2026-04-07T17:50:09.9594191Z (Worker_DP0_TP6_EP6 pid=779) INFO 04-07 17:50:09 [model_runner_v1.py:2592] Loading model weights took 30.7694 GB
2026-04-07T17:50:09.9623804Z (Worker_DP1_TP0_EP8 pid=228) INFO 04-07 17:50:09 [model_runner_v1.py:2592] Loading model weights took 30.7694 GB
2026-04-07T17:50:09.9634398Z (Worker_DP0_TP1_EP1 pid=301) INFO 04-07 17:50:09 [model_runner_v1.py:2592] Loading model weights took 30.7694 GB
2026-04-07T17:50:09.9683203Z (Worker_DP0_TP2_EP2 pid=396) INFO 04-07 17:50:09 [model_runner_v1.py:2592] Loading model weights took 30.7694 GB
2026-04-07T17:50:09.9694748Z (Worker_DP1_TP3_EP11 pid=489) INFO 04-07 17:50:09 [model_runner_v1.py:2592] Loading model weights took 30.7694 GB
2026-04-07T17:50:09.9705604Z (Worker_DP1_TP4_EP12 pid=585) INFO 04-07 17:50:09 [model_runner_v1.py:2592] Loading model weights took 30.7694 GB
2026-04-07T17:50:10.0074266Z (Worker_DP0_TP7_EP7 pid=876) INFO 04-07 17:50:10 [model_runner_v1.py:2592] Loading model weights took 30.7694 GB
2026-04-07T17:50:10.0110774Z (Worker_DP0_TP4_EP4 pid=589) INFO 04-07 17:50:10 [model_runner_v1.py:2592] Loading model weights took 30.7694 GB
2026-04-07T17:50:10.0143900Z (Worker_DP1_TP6_EP14 pid=778) INFO 04-07 17:50:10 [model_runner_v1.py:2592] Loading model weights took 30.7694 GB
2026-04-07T17:50:10.0167213Z (Worker_DP1_TP1_EP9 pid=300) INFO 04-07 17:50:10 [model_runner_v1.py:2592] Loading model weights took 30.7694 GB
2026-04-07T17:50:10.0225731Z (Worker_DP0_TP0_EP0 pid=229) INFO 04-07 17:50:10 [model_runner_v1.py:2592] Loading model weights took 30.7694 GB
2026-04-07T17:50:10.0264137Z (Worker_DP1_TP5_EP13 pid=683) INFO 04-07 17:50:10 [model_runner_v1.py:2592] Loading model weights took 30.7694 GB
2026-04-07T17:50:10.0530737Z (Worker_DP1_TP2_EP10 pid=393) INFO 04-07 17:50:10 [model_runner_v1.py:2592] Loading model weights took 30.7694 GB
2026-04-07T17:50:10.0555224Z (Worker_DP0_TP3_EP3 pid=493) INFO 04-07 17:50:10 [model_runner_v1.py:2592] Loading model weights took 30.7694 GB
2026-04-07T17:50:16.5811697Z [2026-04-07 17:50:16.577915][UC][I] Using cache directory: /root/.cache/vllm/torch_compile_cache/5832a24a73/rank_7_0/backbone for vLLM's torch.compile [876,876][backends.py:988,__call__]
2026-04-07T17:50:16.5842391Z [2026-04-07 17:50:16.582257][UC][I] Dynamo bytecode transform time: 5.55 s [876,876][backends.py:1048,__call__]
2026-04-07T17:50:16.6398087Z [2026-04-07 17:50:16.637825][UC][I] Using cache directory: /root/.cache/vllm/torch_compile_cache/5832a24a73/rank_6_0/backbone for vLLM's torch.compile [779,779][backends.py:988,__call__]
2026-04-07T17:50:16.6439781Z [2026-04-07 17:50:16.642127][UC][I] Dynamo bytecode transform time: 5.61 s [779,779][backends.py:1048,__call__]
2026-04-07T17:50:16.7828211Z [2026-04-07 17:50:16.780640][UC][I] Using cache directory: /root/.cache/vllm/torch_compile_cache/5832a24a73/rank_6_1/backbone for vLLM's torch.compile [778,778][backends.py:988,__call__]
2026-04-07T17:50:16.7875674Z [2026-04-07 17:50:16.784914][UC][I] Dynamo bytecode transform time: 5.75 s [778,778][backends.py:1048,__call__]
2026-04-07T17:50:16.8639177Z [2026-04-07 17:50:16.861504][UC][I] Using cache directory: /root/.cache/vllm/torch_compile_cache/5832a24a73/rank_7_1/backbone for vLLM's torch.compile [873,873][backends.py:988,__call__]
2026-04-07T17:50:16.8676155Z [2026-04-07 17:50:16.865822][UC][I] Dynamo bytecode transform time: 5.83 s [873,873][backends.py:1048,__call__]
2026-04-07T17:50:16.8713443Z [2026-04-07 17:50:16.869554][UC][I] Using cache directory: /root/.cache/vllm/torch_compile_cache/5832a24a73/rank_5_0/backbone for vLLM's torch.compile [682,682][backends.py:988,__call__]
2026-04-07T17:50:16.8779061Z [2026-04-07 17:50:16.873828][UC][I] Dynamo bytecode transform time: 5.84 s [682,682][backends.py:1048,__call__]
2026-04-07T17:50:17.0019054Z [2026-04-07 17:50:16.999811][UC][I] Using cache directory: /root/.cache/vllm/torch_compile_cache/5832a24a73/rank_2_0/backbone for vLLM's torch.compile [396,396][backends.py:988,__call__]
2026-04-07T17:50:17.0058563Z [2026-04-07 17:50:17.004019][UC][I] Dynamo bytecode transform time: 5.97 s [396,396][backends.py:1048,__call__]
2026-04-07T17:50:17.0147646Z [2026-04-07 17:50:17.012867][UC][I] Using cache directory: /root/.cache/vllm/torch_compile_cache/5832a24a73/rank_0_1/backbone for vLLM's torch.compile [228,228][backends.py:988,__call__]
2026-04-07T17:50:17.0190233Z [2026-04-07 17:50:17.017024][UC][I] Dynamo bytecode transform time: 5.94 s [228,228][backends.py:1048,__call__]
2026-04-07T17:50:17.0557387Z [2026-04-07 17:50:17.053790][UC][I] Using cache directory: /root/.cache/vllm/torch_compile_cache/5832a24a73/rank_0_0/backbone for vLLM's torch.compile [229,229][backends.py:988,__call__]
2026-04-07T17:50:17.0611814Z [2026-04-07 17:50:17.058051][UC][I] Dynamo bytecode transform time: 5.98 s [229,229][backends.py:1048,__call__]
2026-04-07T17:50:17.1250295Z [2026-04-07 17:50:17.122844][UC][I] Using cache directory: /root/.cache/vllm/torch_compile_cache/5832a24a73/rank_1_0/backbone for vLLM's torch.compile [301,301][backends.py:988,__call__]
2026-04-07T17:50:17.1289896Z [2026-04-07 17:50:17.127151][UC][I] Dynamo bytecode transform time: 6.09 s [301,301][backends.py:1048,__call__]
2026-04-07T17:50:17.1346363Z [2026-04-07 17:50:17.132774][UC][I] Using cache directory: /root/.cache/vllm/torch_compile_cache/5832a24a73/rank_4_0/backbone for vLLM's torch.compile [589,589][backends.py:988,__call__]
2026-04-07T17:50:17.1387289Z [2026-04-07 17:50:17.136927][UC][I] Dynamo bytecode transform time: 6.07 s [589,589][backends.py:1048,__call__]
2026-04-07T17:50:17.1764076Z [2026-04-07 17:50:17.173741][UC][I] Using cache directory: /root/.cache/vllm/torch_compile_cache/5832a24a73/rank_5_1/backbone for vLLM's torch.compile [683,683][backends.py:988,__call__]
2026-04-07T17:50:17.1785974Z [2026-04-07 17:50:17.175978][UC][I] Using cache directory: /root/.cache/vllm/torch_compile_cache/5832a24a73/rank_3_1/backbone for vLLM's torch.compile [489,489][backends.py:988,__call__]
2026-04-07T17:50:17.1807678Z [2026-04-07 17:50:17.177844][UC][I] Dynamo bytecode transform time: 6.14 s [683,683][backends.py:1048,__call__]
2026-04-07T17:50:17.1834742Z [2026-04-07 17:50:17.180255][UC][I] Dynamo bytecode transform time: 6.14 s [489,489][backends.py:1048,__call__]
2026-04-07T17:50:17.2196143Z [2026-04-07 17:50:17.217588][UC][I] Using cache directory: /root/.cache/vllm/torch_compile_cache/5832a24a73/rank_1_1/backbone for vLLM's torch.compile [300,300][backends.py:988,__call__]
2026-04-07T17:50:17.2270875Z [2026-04-07 17:50:17.224902][UC][I] Dynamo bytecode transform time: 6.19 s [300,300][backends.py:1048,__call__]
2026-04-07T17:50:17.2417926Z [2026-04-07 17:50:17.239880][UC][I] Using cache directory: /root/.cache/vllm/torch_compile_cache/5832a24a73/rank_2_1/backbone for vLLM's torch.compile [393,393][backends.py:988,__call__]
2026-04-07T17:50:17.2460119Z [2026-04-07 17:50:17.244203][UC][I] Dynamo bytecode transform time: 6.21 s [393,393][backends.py:1048,__call__]
2026-04-07T17:50:17.2523730Z [2026-04-07 17:50:17.250541][UC][I] Using cache directory: /root/.cache/vllm/torch_compile_cache/5832a24a73/rank_4_1/backbone for vLLM's torch.compile [585,585][backends.py:988,__call__]
2026-04-07T17:50:17.2564819Z [2026-04-07 17:50:17.254712][UC][I] Dynamo bytecode transform time: 6.19 s [585,585][backends.py:1048,__call__]
2026-04-07T17:50:17.3190236Z [2026-04-07 17:50:17.316852][UC][I] Using cache directory: /root/.cache/vllm/torch_compile_cache/5832a24a73/rank_3_0/backbone for vLLM's torch.compile [493,493][backends.py:988,__call__]
2026-04-07T17:50:17.3230188Z [2026-04-07 17:50:17.321156][UC][I] Dynamo bytecode transform time: 6.29 s [493,493][backends.py:1048,__call__]
2026-04-07T17:50:21.7126757Z (Worker_DP0_TP4_EP4 pid=589) INFO 04-07 17:50:21 [compiler_interface.py:162] enable_npugraph_ex is enabled, which will bring graph compilation optimization.
2026-04-07T17:50:21.7180106Z (Worker_DP0_TP4_EP4 pid=589) /usr/local/python3.11.14/lib/python3.11/site-packages/torch_npu/dynamo/torchair/configs/compiler_config.py:106: UserWarning: The following torchair config or properties may not take effect or report error in reduce-overhead mode: config.experimental_config.enable_view_optimize:True, set_dim_gears, dynamo_export, scope, npu_print
2026-04-07T17:50:21.7196004Z (Worker_DP0_TP4_EP4 pid=589)   warnings.warn(
2026-04-07T17:50:21.7394687Z (Worker_DP0_TP1_EP1 pid=301) INFO 04-07 17:50:21 [compiler_interface.py:162] enable_npugraph_ex is enabled, which will bring graph compilation optimization.
2026-04-07T17:50:21.7427572Z (Worker_DP0_TP1_EP1 pid=301) /usr/local/python3.11.14/lib/python3.11/site-packages/torch_npu/dynamo/torchair/configs/compiler_config.py:106: UserWarning: The following torchair config or properties may not take effect or report error in reduce-overhead mode: config.experimental_config.enable_view_optimize:True, set_dim_gears, dynamo_export, scope, npu_print
2026-04-07T17:50:21.7437875Z (Worker_DP0_TP1_EP1 pid=301)   warnings.warn(
2026-04-07T17:50:21.8239932Z (Worker_DP0_TP7_EP7 pid=876) INFO 04-07 17:50:21 [compiler_interface.py:162] enable_npugraph_ex is enabled, which will bring graph compilation optimization.
2026-04-07T17:50:21.8267627Z (Worker_DP0_TP7_EP7 pid=876) /usr/local/python3.11.14/lib/python3.11/site-packages/torch_npu/dynamo/torchair/configs/compiler_config.py:106: UserWarning: The following torchair config or properties may not take effect or report error in reduce-overhead mode: config.experimental_config.enable_view_optimize:True, set_dim_gears, dynamo_export, scope, npu_print
2026-04-07T17:50:21.8276867Z (Worker_DP0_TP7_EP7 pid=876)   warnings.warn(
2026-04-07T17:50:21.8303980Z (Worker_DP0_TP6_EP6 pid=779) INFO 04-07 17:50:21 [compiler_interface.py:162] enable_npugraph_ex is enabled, which will bring graph compilation optimization.
2026-04-07T17:50:21.8331018Z (Worker_DP0_TP6_EP6 pid=779) /usr/local/python3.11.14/lib/python3.11/site-packages/torch_npu/dynamo/torchair/configs/compiler_config.py:106: UserWarning: The following torchair config or properties may not take effect or report error in reduce-overhead mode: config.experimental_config.enable_view_optimize:True, set_dim_gears, dynamo_export, scope, npu_print
2026-04-07T17:50:21.8342641Z (Worker_DP0_TP6_EP6 pid=779)   warnings.warn(
2026-04-07T17:50:21.8528336Z (Worker_DP0_TP5_EP5 pid=682) INFO 04-07 17:50:21 [compiler_interface.py:162] enable_npugraph_ex is enabled, which will bring graph compilation optimization.
2026-04-07T17:50:21.8556083Z (Worker_DP0_TP0_EP0 pid=229) INFO 04-07 17:50:21 [compiler_interface.py:162] enable_npugraph_ex is enabled, which will bring graph compilation optimization.
2026-04-07T17:50:21.8568967Z (Worker_DP0_TP5_EP5 pid=682) /usr/local/python3.11.14/lib/python3.11/site-packages/torch_npu/dynamo/torchair/configs/compiler_config.py:106: UserWarning: The following torchair config or properties may not take effect or report error in reduce-overhead mode: config.experimental_config.enable_view_optimize:True, set_dim_gears, dynamo_export, scope, npu_print
2026-04-07T17:50:21.8578463Z (Worker_DP0_TP5_EP5 pid=682)   warnings.warn(
2026-04-07T17:50:21.8592212Z (Worker_DP0_TP0_EP0 pid=229) /usr/local/python3.11.14/lib/python3.11/site-packages/torch_npu/dynamo/torchair/configs/compiler_config.py:106: UserWarning: The following torchair config or properties may not take effect or report error in reduce-overhead mode: config.experimental_config.enable_view_optimize:True, set_dim_gears, dynamo_export, scope, npu_print
2026-04-07T17:50:21.8603353Z (Worker_DP0_TP0_EP0 pid=229)   warnings.warn(
2026-04-07T17:50:21.8615601Z (Worker_DP0_TP3_EP3 pid=493) INFO 04-07 17:50:21 [compiler_interface.py:162] enable_npugraph_ex is enabled, which will bring graph compilation optimization.
2026-04-07T17:50:21.8628252Z (Worker_DP0_TP3_EP3 pid=493) /usr/local/python3.11.14/lib/python3.11/site-packages/torch_npu/dynamo/torchair/configs/compiler_config.py:106: UserWarning: The following torchair config or properties may not take effect or report error in reduce-overhead mode: config.experimental_config.enable_view_optimize:True, set_dim_gears, dynamo_export, scope, npu_print
2026-04-07T17:50:21.8637913Z (Worker_DP0_TP3_EP3 pid=493)   warnings.warn(
2026-04-07T17:50:21.9093450Z (Worker_DP0_TP2_EP2 pid=396) INFO 04-07 17:50:21 [compiler_interface.py:162] enable_npugraph_ex is enabled, which will bring graph compilation optimization.
2026-04-07T17:50:21.9122764Z (Worker_DP0_TP2_EP2 pid=396) /usr/local/python3.11.14/lib/python3.11/site-packages/torch_npu/dynamo/torchair/configs/compiler_config.py:106: UserWarning: The following torchair config or properties may not take effect or report error in reduce-overhead mode: config.experimental_config.enable_view_optimize:True, set_dim_gears, dynamo_export, scope, npu_print
2026-04-07T17:50:21.9132128Z (Worker_DP0_TP2_EP2 pid=396)   warnings.warn(
2026-04-07T17:50:21.9456108Z (Worker_DP1_TP6_EP14 pid=778) INFO 04-07 17:50:21 [compiler_interface.py:162] enable_npugraph_ex is enabled, which will bring graph compilation optimization.
2026-04-07T17:50:21.9486310Z (Worker_DP1_TP6_EP14 pid=778) /usr/local/python3.11.14/lib/python3.11/site-packages/torch_npu/dynamo/torchair/configs/compiler_config.py:106: UserWarning: The following torchair config or properties may not take effect or report error in reduce-overhead mode: config.experimental_config.enable_view_optimize:True, set_dim_gears, dynamo_export, scope, npu_print
2026-04-07T17:50:21.9495849Z (Worker_DP1_TP6_EP14 pid=778)   warnings.warn(
2026-04-07T17:50:22.0359724Z (Worker_DP1_TP3_EP11 pid=489) INFO 04-07 17:50:22 [compiler_interface.py:162] enable_npugraph_ex is enabled, which will bring graph compilation optimization.
2026-04-07T17:50:22.0387307Z (Worker_DP1_TP3_EP11 pid=489) /usr/local/python3.11.14/lib/python3.11/site-packages/torch_npu/dynamo/torchair/configs/compiler_config.py:106: UserWarning: The following torchair config or properties may not take effect or report error in reduce-overhead mode: config.experimental_config.enable_view_optimize:True, set_dim_gears, dynamo_export, scope, npu_print
2026-04-07T17:50:22.0397902Z (Worker_DP1_TP3_EP11 pid=489)   warnings.warn(
2026-04-07T17:50:22.0411023Z (Worker_DP1_TP7_EP15 pid=873) INFO 04-07 17:50:22 [compiler_interface.py:162] enable_npugraph_ex is enabled, which will bring graph compilation optimization.
2026-04-07T17:50:22.0430819Z (Worker_DP1_TP7_EP15 pid=873) /usr/local/python3.11.14/lib/python3.11/site-packages/torch_npu/dynamo/torchair/configs/compiler_config.py:106: UserWarning: The following torchair config or properties may not take effect or report error in reduce-overhead mode: config.experimental_config.enable_view_optimize:True, set_dim_gears, dynamo_export, scope, npu_print
2026-04-07T17:50:22.0442120Z (Worker_DP1_TP7_EP15 pid=873)   warnings.warn(
2026-04-07T17:50:22.0583693Z (Worker_DP1_TP0_EP8 pid=228) INFO 04-07 17:50:22 [compiler_interface.py:162] enable_npugraph_ex is enabled, which will bring graph compilation optimization.
2026-04-07T17:50:22.0608286Z (Worker_DP1_TP0_EP8 pid=228) /usr/local/python3.11.14/lib/python3.11/site-packages/torch_npu/dynamo/torchair/configs/compiler_config.py:106: UserWarning: The following torchair config or properties may not take effect or report error in reduce-overhead mode: config.experimental_config.enable_view_optimize:True, set_dim_gears, dynamo_export, scope, npu_print
2026-04-07T17:50:22.0619482Z (Worker_DP1_TP0_EP8 pid=228)   warnings.warn(
2026-04-07T17:50:22.0758734Z (Worker_DP1_TP2_EP10 pid=393) INFO 04-07 17:50:22 [compiler_interface.py:162] enable_npugraph_ex is enabled, which will bring graph compilation optimization.
2026-04-07T17:50:22.0769267Z (Worker_DP1_TP2_EP10 pid=393) /usr/local/python3.11.14/lib/python3.11/site-packages/torch_npu/dynamo/torchair/configs/compiler_config.py:106: UserWarning: The following torchair config or properties may not take effect or report error in reduce-overhead mode: config.experimental_config.enable_view_optimize:True, set_dim_gears, dynamo_export, scope, npu_print
2026-04-07T17:50:22.0780513Z (Worker_DP1_TP2_EP10 pid=393)   warnings.warn(
2026-04-07T17:50:22.0889901Z (Worker_DP1_TP5_EP13 pid=683) INFO 04-07 17:50:22 [compiler_interface.py:162] enable_npugraph_ex is enabled, which will bring graph compilation optimization.
2026-04-07T17:50:22.1026915Z (Worker_DP1_TP5_EP13 pid=683) /usr/local/python3.11.14/lib/python3.11/site-packages/torch_npu/dynamo/torchair/configs/compiler_config.py:106: UserWarning: The following torchair config or properties may not take effect or report error in reduce-overhead mode: config.experimental_config.enable_view_optimize:True, set_dim_gears, dynamo_export, scope, npu_print
2026-04-07T17:50:22.1039948Z (Worker_DP1_TP5_EP13 pid=683)   warnings.warn(
2026-04-07T17:50:22.1053057Z (Worker_DP1_TP1_EP9 pid=300) INFO 04-07 17:50:22 [compiler_interface.py:162] enable_npugraph_ex is enabled, which will bring graph compilation optimization.
2026-04-07T17:50:22.1067543Z (Worker_DP1_TP1_EP9 pid=300) /usr/local/python3.11.14/lib/python3.11/site-packages/torch_npu/dynamo/torchair/configs/compiler_config.py:106: UserWarning: The following torchair config or properties may not take effect or report error in reduce-overhead mode: config.experimental_config.enable_view_optimize:True, set_dim_gears, dynamo_export, scope, npu_print
2026-04-07T17:50:22.1078385Z (Worker_DP1_TP1_EP9 pid=300)   warnings.warn(
2026-04-07T17:50:22.1091055Z (Worker_DP1_TP4_EP12 pid=585) INFO 04-07 17:50:22 [compiler_interface.py:162] enable_npugraph_ex is enabled, which will bring graph compilation optimization.
2026-04-07T17:50:22.1105168Z (Worker_DP1_TP4_EP12 pid=585) /usr/local/python3.11.14/lib/python3.11/site-packages/torch_npu/dynamo/torchair/configs/compiler_config.py:106: UserWarning: The following torchair config or properties may not take effect or report error in reduce-overhead mode: config.experimental_config.enable_view_optimize:True, set_dim_gears, dynamo_export, scope, npu_print
2026-04-07T17:50:22.1115577Z (Worker_DP1_TP4_EP12 pid=585)   warnings.warn(
2026-04-07T17:50:34.3260753Z [2026-04-07 17:50:34.323276][UC][I] Compiling a graph for compile range (1, 4096) takes 12.74 s [229,229][backends.py:387,compile]
2026-04-07T17:50:34.3491871Z [2026-04-07 17:50:34.347106][UC][I] Compiling a graph for compile range (1, 4096) takes 12.76 s [876,876][backends.py:387,compile]
2026-04-07T17:50:34.3814358Z [2026-04-07 17:50:34.379297][UC][I] Compiling a graph for compile range (1, 4096) takes 12.79 s [779,779][backends.py:387,compile]
2026-04-07T17:50:34.4078657Z [2026-04-07 17:50:34.406008][UC][I] Compiling a graph for compile range (1, 4096) takes 12.66 s [228,228][backends.py:387,compile]
2026-04-07T17:50:34.4137360Z [2026-04-07 17:50:34.411855][UC][I] Compiling a graph for compile range (1, 4096) takes 12.95 s [589,589][backends.py:387,compile]
2026-04-07T17:50:34.4984393Z [2026-04-07 17:50:34.496497][UC][I] Compiling a graph for compile range (1, 4096) takes 12.92 s [493,493][backends.py:387,compile]
2026-04-07T17:50:34.5037029Z [2026-04-07 17:50:34.499036][UC][I] Compiling a graph for compile range (1, 4096) takes 12.77 s [393,393][backends.py:387,compile]
2026-04-07T17:50:34.5099017Z [2026-04-07 17:50:34.507148][UC][I] Compiling a graph for compile range (1, 4096) takes 13.03 s [301,301][backends.py:387,compile]
2026-04-07T17:50:34.5210881Z [2026-04-07 17:50:34.519241][UC][I] Compiling a graph for compile range (1, 4096) takes 12.89 s [396,396][backends.py:387,compile]
2026-04-07T17:50:34.6319924Z [2026-04-07 17:50:34.629831][UC][I] Compiling a graph for compile range (1, 4096) takes 12.88 s [683,683][backends.py:387,compile]
2026-04-07T17:50:34.6983713Z [2026-04-07 17:50:34.696481][UC][I] Compiling a graph for compile range (1, 4096) takes 12.94 s [585,585][backends.py:387,compile]
2026-04-07T17:50:34.7081073Z [2026-04-07 17:50:34.706330][UC][I] Compiling a graph for compile range (1, 4096) takes 13.11 s [682,682][backends.py:387,compile]
2026-04-07T17:50:34.7325666Z [2026-04-07 17:50:34.730715][UC][I] Compiling a graph for compile range (1, 4096) takes 13.05 s [778,778][backends.py:387,compile]
2026-04-07T17:50:34.7437551Z [2026-04-07 17:50:34.741795][UC][I] Compiling a graph for compile range (1, 4096) takes 12.99 s [873,873][backends.py:387,compile]
2026-04-07T17:50:34.7871945Z [2026-04-07 17:50:34.785293][UC][I] Compiling a graph for compile range (1, 4096) takes 13.07 s [489,489][backends.py:387,compile]
2026-04-07T17:50:34.7915181Z [2026-04-07 17:50:34.789705][UC][I] Compiling a graph for compile range (1, 4096) takes 13.01 s [300,300][backends.py:387,compile]
2026-04-07T17:50:52.2923949Z [2026-04-07 17:50:52.289272][UC][I] torch.compile and initial profiling/warmup run together took 41.25 s in total [301,301][monitor.py:48,monitor_torch_compile]
2026-04-07T17:50:52.3264763Z [2026-04-07 17:50:52.324001][UC][I] torch.compile and initial profiling/warmup run together took 41.29 s in total [393,393][monitor.py:48,monitor_torch_compile]
2026-04-07T17:50:52.3317110Z [2026-04-07 17:50:52.329626][UC][I] torch.compile and initial profiling/warmup run together took 41.29 s in total [489,489][monitor.py:48,monitor_torch_compile]
2026-04-07T17:50:52.3381794Z [2026-04-07 17:50:52.336288][UC][I] torch.compile and initial profiling/warmup run together took 41.30 s in total [493,493][monitor.py:48,monitor_torch_compile]
2026-04-07T17:50:52.3425125Z [2026-04-07 17:50:52.340603][UC][I] torch.compile and initial profiling/warmup run together took 41.30 s in total [682,682][monitor.py:48,monitor_torch_compile]
2026-04-07T17:50:52.3436969Z [2026-04-07 17:50:52.340684][UC][I] torch.compile and initial profiling/warmup run together took 41.30 s in total [683,683][monitor.py:48,monitor_torch_compile]
2026-04-07T17:50:52.3450953Z [2026-04-07 17:50:52.340680][UC][I] torch.compile and initial profiling/warmup run together took 41.27 s in total [228,228][monitor.py:48,monitor_torch_compile]
2026-04-07T17:50:52.3464229Z [2026-04-07 17:50:52.341200][UC][I] torch.compile and initial profiling/warmup run together took 41.28 s in total [589,589][monitor.py:48,monitor_torch_compile]
2026-04-07T17:50:52.3475957Z [2026-04-07 17:50:52.341213][UC][I] torch.compile and initial profiling/warmup run together took 41.31 s in total [779,779][monitor.py:48,monitor_torch_compile]
2026-04-07T17:50:52.3489142Z [2026-04-07 17:50:52.341557][UC][I] torch.compile and initial profiling/warmup run together took 41.28 s in total [585,585][monitor.py:48,monitor_torch_compile]
2026-04-07T17:50:52.3502073Z [2026-04-07 17:50:52.342318][UC][I] torch.compile and initial profiling/warmup run together took 41.31 s in total [876,876][monitor.py:48,monitor_torch_compile]
2026-04-07T17:50:52.3513838Z [2026-04-07 17:50:52.342343][UC][I] torch.compile and initial profiling/warmup run together took 41.31 s in total [300,300][monitor.py:48,monitor_torch_compile]
2026-04-07T17:50:52.3525313Z [2026-04-07 17:50:52.344425][UC][I] torch.compile and initial profiling/warmup run together took 41.31 s in total [396,396][monitor.py:48,monitor_torch_compile]
2026-04-07T17:50:52.3542672Z [2026-04-07 17:50:52.348290][UC][I] torch.compile and initial profiling/warmup run together took 41.31 s in total [873,873][monitor.py:48,monitor_torch_compile]
2026-04-07T17:50:52.3556944Z [2026-04-07 17:50:52.348326][UC][I] torch.compile and initial profiling/warmup run together took 41.31 s in total [778,778][monitor.py:48,monitor_torch_compile]
2026-04-07T17:50:52.8345390Z [2026-04-07 17:50:52.832162][UC][I] torch.compile and initial profiling/warmup run together took 41.76 s in total [229,229][monitor.py:48,monitor_torch_compile]
2026-04-07T17:50:57.1320288Z (Worker_DP0_TP0_EP0 pid=229) INFO 04-07 17:50:57 [worker.py:357] Available KV cache memory: 17.92 GiB
2026-04-07T17:50:57.1499157Z (Worker_DP1_TP0_EP8 pid=228) INFO 04-07 17:50:57 [worker.py:357] Available KV cache memory: 17.92 GiB
2026-04-07T17:50:57.1747346Z [2026-04-07 17:50:57.172707][UC][I] GPU KV cache size: 220,288 tokens [165,165][kv_cache_utils.py:1316,_report_kv_cache_config]
2026-04-07T17:50:57.1759586Z [2026-04-07 17:50:57.172804][UC][I] Maximum concurrency for 68,000 tokens per request: 3.23x [165,165][kv_cache_utils.py:1321,_report_kv_cache_config]
2026-04-07T17:50:57.1770893Z [2026-04-07 17:50:57.173657][UC][I] GPU KV cache size: 220,288 tokens [185,185][kv_cache_utils.py:1316,_report_kv_cache_config]
2026-04-07T17:50:57.1783138Z [2026-04-07 17:50:57.173741][UC][I] Maximum concurrency for 68,000 tokens per request: 3.23x [185,185][kv_cache_utils.py:1321,_report_kv_cache_config]
2026-04-07T17:51:04.8263803Z (Worker_DP0_TP0_EP0 pid=229) 
2026-04-07T17:51:04.8264750Z Capturing CUDA graphs (decode, FULL):   0%|          | 0/6 [00:00<?, ?it/s][rank9]:[W407 17:51:04.979843719 compiler_depend.ts:207] Warning: Waiting for pending NCCL work to finish before starting graph capture. (function operator())
2026-04-07T17:51:04.8276548Z [rank2]:[W407 17:51:04.979845449 compiler_depend.ts:207] Warning: Waiting for pending NCCL work to finish before starting graph capture. (function operator())
2026-04-07T17:51:04.8287420Z [rank3]:[W407 17:51:04.979846139 compiler_depend.ts:207] Warning: Waiting for pending NCCL work to finish before starting graph capture. (function operator())
2026-04-07T17:51:04.8298813Z [rank1]:[W407 17:51:04.979859789 compiler_depend.ts:207] Warning: Waiting for pending NCCL work to finish before starting graph capture. (function operator())
2026-04-07T17:51:04.8312938Z [rank4]:[W407 17:51:04.979869600 compiler_depend.ts:207] Warning: Waiting for pending NCCL work to finish before starting graph capture. (function operator())
2026-04-07T17:51:04.8324306Z [rank5]:[W407 17:51:04.979890470 compiler_depend.ts:207] Warning: Waiting for pending NCCL work to finish before starting graph capture. (function operator())
2026-04-07T17:51:04.8335830Z [rank6]:[W407 17:51:04.979895660 compiler_depend.ts:207] Warning: Waiting for pending NCCL work to finish before starting graph capture. (function operator())
2026-04-07T17:51:04.8347223Z [rank0]:[W407 17:51:04.979938740 compiler_depend.ts:207] Warning: Waiting for pending NCCL work to finish before starting graph capture. (function operator())
2026-04-07T17:51:04.8358568Z [rank11]:[W407 17:51:04.980016001 compiler_depend.ts:207] Warning: Waiting for pending NCCL work to finish before starting graph capture. (function operator())
2026-04-07T17:51:04.8368617Z [rank14]:[W407 17:51:04.980609827 compiler_depend.ts:207] Warning: Waiting for pending NCCL work to finish before starting graph capture. (function operator())
2026-04-07T17:51:04.8381338Z [rank13]:[W407 17:51:04.980837679 compiler_depend.ts:207] Warning: Waiting for pending NCCL work to finish before starting graph capture. (function operator())
2026-04-07T17:51:04.8391814Z [rank12]:[W407 17:51:04.980850329 compiler_depend.ts:207] Warning: Waiting for pending NCCL work to finish before starting graph capture. (function operator())
2026-04-07T17:51:04.8402624Z [rank10]:[W407 17:51:04.980942250 compiler_depend.ts:207] Warning: Waiting for pending NCCL work to finish before starting graph capture. (function operator())
2026-04-07T17:51:04.8421506Z [rank8]:[W407 17:51:04.981172853 compiler_depend.ts:207] Warning: Waiting for pending NCCL work to finish before starting graph capture. (function operator())
2026-04-07T17:51:04.8433777Z [rank7]:[W407 17:51:04.981762699 compiler_depend.ts:207] Warning: Waiting for pending NCCL work to finish before starting graph capture. (function operator())
2026-04-07T17:51:04.8444689Z [rank15]:[W407 17:51:04.981953011 compiler_depend.ts:207] Warning: Waiting for pending NCCL work to finish before starting graph capture. (function operator())
2026-04-07T17:51:07.2042680Z [rank11]:[W407 17:51:07.357788117 compiler_depend.ts:3667] Warning: Tensor not is not allocated by NPUCachingAllocator, skip eraseStream. (function operator())
2026-04-07T17:51:07.2069097Z [rank8]:[W407 17:51:07.358900728 compiler_depend.ts:3667] Warning: Tensor not is not allocated by NPUCachingAllocator, skip eraseStream. (function operator())
2026-04-07T17:51:07.2080570Z [rank13]:[W407 17:51:07.359128720 compiler_depend.ts:3667] Warning: Tensor not is not allocated by NPUCachingAllocator, skip eraseStream. (function operator())
2026-04-07T17:51:07.2093192Z [rank14]:[W407 17:51:07.360763577 compiler_depend.ts:3667] Warning: Tensor not is not allocated by NPUCachingAllocator, skip eraseStream. (function operator())
2026-04-07T17:51:07.2105960Z [rank9]:[W407 17:51:07.361611706 compiler_depend.ts:3667] Warning: Tensor not is not allocated by NPUCachingAllocator, skip eraseStream. (function operator())
2026-04-07T17:51:07.2117134Z [rank12]:[W407 17:51:07.361911609 compiler_depend.ts:3667] Warning: Tensor not is not allocated by NPUCachingAllocator, skip eraseStream. (function operator())
2026-04-07T17:51:07.2129532Z [rank10]:[W407 17:51:07.362716357 compiler_depend.ts:3667] Warning: Tensor not is not allocated by NPUCachingAllocator, skip eraseStream. (function operator())
2026-04-07T17:51:07.2141159Z [rank15]:[W407 17:51:07.363036450 compiler_depend.ts:3667] Warning: Tensor not is not allocated by NPUCachingAllocator, skip eraseStream. (function operator())
2026-04-07T17:51:07.3565434Z [rank3]:[W407 17:51:07.510628931 compiler_depend.ts:3667] Warning: Tensor not is not allocated by NPUCachingAllocator, skip eraseStream. (function operator())
2026-04-07T17:51:07.3590265Z [rank2]:[W407 17:51:07.512054745 compiler_depend.ts:3667] Warning: Tensor not is not allocated by NPUCachingAllocator, skip eraseStream. (function operator())
2026-04-07T17:51:07.3602005Z [rank7]:[W407 17:51:07.512982184 compiler_depend.ts:3667] Warning: Tensor not is not allocated by NPUCachingAllocator, skip eraseStream. (function operator())
2026-04-07T17:51:07.3612845Z [rank4]:[W407 17:51:07.513234147 compiler_depend.ts:3667] Warning: Tensor not is not allocated by NPUCachingAllocator, skip eraseStream. (function operator())
2026-04-07T17:51:07.3625215Z [rank1]:[W407 17:51:07.514771472 compiler_depend.ts:3667] Warning: Tensor not is not allocated by NPUCachingAllocator, skip eraseStream. (function operator())
2026-04-07T17:51:07.3636816Z [rank0]:[W407 17:51:07.514903414 compiler_depend.ts:3667] Warning: Tensor not is not allocated by NPUCachingAllocator, skip eraseStream. (function operator())
2026-04-07T17:51:07.3648911Z [rank6]:[W407 17:51:07.515065415 compiler_depend.ts:3667] Warning: Tensor not is not allocated by NPUCachingAllocator, skip eraseStream. (function operator())
2026-04-07T17:51:07.3662003Z [rank5]:[W407 17:51:07.515163816 compiler_depend.ts:3667] Warning: Tensor not is not allocated by NPUCachingAllocator, skip eraseStream. (function operator())
2026-04-07T17:51:26.4528865Z 
2026-04-07T17:51:26.4529658Z Capturing CUDA graphs (decode, FULL):  17%|█▋        | 1/6 [00:07<00:39,  7.88s/it]
2026-04-07T17:51:26.4530439Z Capturing CUDA graphs (decode, FULL):  33%|███▎      | 2/6 [00:10<00:20,  5.07s/it]
2026-04-07T17:51:26.4531043Z Capturing CUDA graphs (decode, FULL):  50%|█████     | 3/6 [00:13<00:12,  4.10s/it]
2026-04-07T17:51:26.4531607Z Capturing CUDA graphs (decode, FULL):  67%|██████▋   | 4/6 [00:16<00:07,  3.65s/it]
2026-04-07T17:51:26.4532158Z Capturing CUDA graphs (decode, FULL):  83%|████████▎ | 5/6 [00:19<00:03,  3.41s/it]
2026-04-07T17:51:26.4532717Z Capturing CUDA graphs (decode, FULL): 100%|██████████| 6/6 [00:26<00:00,  4.64s/it]
2026-04-07T17:51:26.4533285Z Capturing CUDA graphs (decode, FULL): 100%|██████████| 6/6 [00:26<00:00,  4.48s/it]
2026-04-07T17:51:26.9134539Z [2026-04-07 17:51:26.910960][UC][I] Graph capturing finished in 28 secs, took 0.42 GiB [682,682][gpu_model_runner.py:5746,capture_model]
2026-04-07T17:51:26.9159112Z [2026-04-07 17:51:26.912010][UC][I] Graph capturing finished in 28 secs, took 0.42 GiB [393,393][gpu_model_runner.py:5746,capture_model]
2026-04-07T17:51:26.9186755Z [2026-04-07 17:51:26.915194][UC][I] Graph capturing finished in 28 secs, took 0.42 GiB [493,493][gpu_model_runner.py:5746,capture_model]
2026-04-07T17:51:26.9215965Z [2026-04-07 17:51:26.917710][UC][I] Graph capturing finished in 28 secs, took 0.42 GiB [300,300][gpu_model_runner.py:5746,capture_model]
2026-04-07T17:51:26.9225495Z [2026-04-07 17:51:26.919388][UC][I] Graph capturing finished in 28 secs, took 0.42 GiB [301,301][gpu_model_runner.py:5746,capture_model]
2026-04-07T17:51:26.9236551Z [2026-04-07 17:51:26.919591][UC][I] Graph capturing finished in 28 secs, took 0.42 GiB [229,229][gpu_model_runner.py:5746,capture_model]
2026-04-07T17:51:26.9263275Z [2026-04-07 17:51:26.923712][UC][I] Graph capturing finished in 28 secs, took 0.42 GiB [778,778][gpu_model_runner.py:5746,capture_model]
2026-04-07T17:51:26.9296228Z [2026-04-07 17:51:26.926736][UC][I] Graph capturing finished in 28 secs, took 0.42 GiB [396,396][gpu_model_runner.py:5746,capture_model]
2026-04-07T17:51:26.9321700Z [2026-04-07 17:51:26.929819][UC][I] Graph capturing finished in 28 secs, took 0.42 GiB [876,876][gpu_model_runner.py:5746,capture_model]
2026-04-07T17:51:26.9383129Z [2026-04-07 17:51:26.936539][UC][I] Graph capturing finished in 28 secs, took 0.42 GiB [589,589][gpu_model_runner.py:5746,capture_model]
2026-04-07T17:51:26.9410348Z [2026-04-07 17:51:26.937301][UC][I] Graph capturing finished in 28 secs, took 0.42 GiB [228,228][gpu_model_runner.py:5746,capture_model]
2026-04-07T17:51:26.9421510Z [2026-04-07 17:51:26.938510][UC][I] Graph capturing finished in 28 secs, took 0.42 GiB [779,779][gpu_model_runner.py:5746,capture_model]
2026-04-07T17:51:26.9437442Z [2026-04-07 17:51:26.941383][UC][I] init engine (profile, create kv cache, warmup model) took 76.88 seconds [165,165][core.py:281,_initialize_kv_caches]
2026-04-07T17:51:26.9461193Z [2026-04-07 17:51:26.942185][UC][I] Graph capturing finished in 28 secs, took 0.42 GiB [683,683][gpu_model_runner.py:5746,capture_model]
2026-04-07T17:51:26.9551421Z [2026-04-07 17:51:26.950287][UC][I] Graph capturing finished in 28 secs, took 0.42 GiB [489,489][gpu_model_runner.py:5746,capture_model]
2026-04-07T17:51:26.9563149Z [2026-04-07 17:51:26.953365][UC][I] Graph capturing finished in 28 secs, took 0.42 GiB [873,873][gpu_model_runner.py:5746,capture_model]
2026-04-07T17:51:26.9598605Z [2026-04-07 17:51:26.954347][UC][I] Graph capturing finished in 28 secs, took 0.42 GiB [585,585][gpu_model_runner.py:5746,capture_model]
2026-04-07T17:51:26.9610893Z [2026-04-07 17:51:26.957799][UC][I] init engine (profile, create kv cache, warmup model) took 76.89 seconds [185,185][core.py:281,_initialize_kv_caches]
2026-04-07T17:51:26.9742691Z (EngineCore_DP0 pid=165) The tokenizer class you load from this checkpoint is not the same type as the class this function is called from. It may result in unexpected tokenization. 
2026-04-07T17:51:26.9753764Z (EngineCore_DP0 pid=165) The tokenizer class you load from this checkpoint is 'LlamaTokenizerFast'. 
2026-04-07T17:51:26.9764914Z (EngineCore_DP0 pid=165) The class this function is called from is 'PreTrainedTokenizerFast'.
2026-04-07T17:51:26.9776494Z (EngineCore_DP1 pid=185) The tokenizer class you load from this checkpoint is not the same type as the class this function is called from. It may result in unexpected tokenization. 
2026-04-07T17:51:26.9790252Z (EngineCore_DP1 pid=185) The tokenizer class you load from this checkpoint is 'LlamaTokenizerFast'. 
2026-04-07T17:51:26.9801636Z (EngineCore_DP1 pid=185) The class this function is called from is 'PreTrainedTokenizerFast'.
2026-04-07T17:51:27.8380945Z [2026-04-07 17:51:27.835661][UC][I] All engine subscriptions received by DP coordinator [162,162][coordinator.py:205,process_input_socket]
2026-04-07T17:51:27.8401868Z [2026-04-07 17:51:27.836074][UC][W] AsyncLLM created with api_server_count more than 1; disabling stats logging to avoid incomplete stats. [198,198][loggers.py:1271,__init__]
2026-04-07T17:51:27.8417812Z [2026-04-07 17:51:27.836250][UC][W] AsyncLLM created with api_server_count more than 1; disabling stats logging to avoid incomplete stats. [201,201][loggers.py:1271,__init__]
2026-04-07T17:51:27.8431415Z [2026-04-07 17:51:27.836305][UC][W] AsyncLLM created with api_server_count more than 1; disabling stats logging to avoid incomplete stats. [200,200][loggers.py:1271,__init__]
2026-04-07T17:51:27.8443053Z [2026-04-07 17:51:27.836341][UC][I] Asynchronous scheduling is enabled. [165,165][vllm.py:754,__post_init__]
2026-04-07T17:51:27.8456064Z [2026-04-07 17:51:27.836350][UC][I] Asynchronous scheduling is enabled. [185,185][vllm.py:754,__post_init__]
2026-04-07T17:51:27.8470587Z (EngineCore_DP1 pid=185) INFO 04-07 17:51:27 [ascend_config.py:425] Dynamic EPLB is False
2026-04-07T17:51:27.8490818Z (EngineCore_DP0 pid=165) INFO 04-07 17:51:27 [ascend_config.py:425] Dynamic EPLB is False
2026-04-07T17:51:27.8504680Z (EngineCore_DP0 pid=165) INFO 04-07 17:51:27 [ascend_config.py:426] The number of redundant experts is 0
2026-04-07T17:51:27.8516114Z (EngineCore_DP1 pid=185) INFO 04-07 17:51:27 [ascend_config.py:426] The number of redundant experts is 0
2026-04-07T17:51:27.8528259Z (EngineCore_DP0 pid=165) INFO 04-07 17:51:27 [ascend_config.py:57] Linear layer sharding enabled with config: ['q_b_proj', 'o_proj']. Note: This feature works optimally with FLASHCOMM2 and DSA-CP enabled; using it without these features may result in significant performance degradation.
2026-04-07T17:51:27.8540560Z (EngineCore_DP1 pid=185) INFO 04-07 17:51:27 [ascend_config.py:57] Linear layer sharding enabled with config: ['q_b_proj', 'o_proj']. Note: This feature works optimally with FLASHCOMM2 and DSA-CP enabled; using it without these features may result in significant performance degradation.
2026-04-07T17:51:27.8551827Z [2026-04-07 17:51:27.837940][UC][I] Waiting for API servers to complete ... [147,147][utils.py:250,wait_for_completion_or_failure]
2026-04-07T17:51:27.8563169Z (EngineCore_DP0 pid=165) INFO 04-07 17:51:27 [platform.py:377] FULL_DECODE_ONLY compilation enabled on NPU. use_inductor not supported - using only ACL Graph mode
2026-04-07T17:51:27.8574348Z (EngineCore_DP1 pid=185) INFO 04-07 17:51:27 [platform.py:377] FULL_DECODE_ONLY compilation enabled on NPU. use_inductor not supported - using only ACL Graph mode
2026-04-07T17:51:27.8584811Z (EngineCore_DP0 pid=165) WARNING 04-07 17:51:27 [platform.py:394] [91m
2026-04-07T17:51:27.8595889Z (EngineCore_DP0 pid=165) WARNING 04-07 17:51:27 [platform.py:394]             **********************************************************************************
2026-04-07T17:51:27.8612540Z (EngineCore_DP0 pid=165) WARNING 04-07 17:51:27 [platform.py:394]             * WARNING: You have enabled the *full graph* feature.
2026-04-07T17:51:27.8625438Z (EngineCore_DP0 pid=165) WARNING 04-07 17:51:27 [platform.py:394]             * This is an early experimental stage and may involve various unknown issues.
2026-04-07T17:51:27.8638524Z (EngineCore_DP0 pid=165) WARNING 04-07 17:51:27 [platform.py:394]             * A known problem is that capturing too many batch sizes can lead to OOM
2026-04-07T17:51:27.8648919Z (EngineCore_DP0 pid=165) WARNING 04-07 17:51:27 [platform.py:394]             * (Out of Memory) errors or inference hangs. If you encounter such issues,
2026-04-07T17:51:27.8660154Z (EngineCore_DP0 pid=165) WARNING 04-07 17:51:27 [platform.py:394]             * consider reducing `gpu_memory_utilization` or manually specifying a smaller
2026-04-07T17:51:27.8670831Z (EngineCore_DP0 pid=165) WARNING 04-07 17:51:27 [platform.py:394]             * batch size for graph capture.
2026-04-07T17:51:27.8681200Z (EngineCore_DP0 pid=165) WARNING 04-07 17:51:27 [platform.py:394]             * For more details, please refer to:
2026-04-07T17:51:27.8692142Z (EngineCore_DP0 pid=165) WARNING 04-07 17:51:27 [platform.py:394]             * https://docs.vllm.ai/en/stable/configuration/conserving_memory.html#reduce-cuda-graphs
2026-04-07T17:51:27.8746033Z (EngineCore_DP0 pid=165) WARNING 04-07 17:51:27 [platform.py:394]             **********************************************************************************[0m
2026-04-07T17:51:27.8746742Z (EngineCore_DP0 pid=165) WARNING 04-07 17:51:27 [platform.py:394]             
2026-04-07T17:51:27.8747406Z (EngineCore_DP1 pid=185) WARNING 04-07 17:51:27 [platform.py:394] [91m
2026-04-07T17:51:27.8747987Z (EngineCore_DP1 pid=185) WARNING 04-07 17:51:27 [platform.py:394]             **********************************************************************************
2026-04-07T17:51:27.8748885Z (EngineCore_DP1 pid=185) WARNING 04-07 17:51:27 [platform.py:394]             * WARNING: You have enabled the *full graph* feature.
2026-04-07T17:51:27.8757818Z (EngineCore_DP1 pid=185) WARNING 04-07 17:51:27 [platform.py:394]             * This is an early experimental stage and may involve various unknown issues.
2026-04-07T17:51:27.8768497Z (EngineCore_DP1 pid=185) WARNING 04-07 17:51:27 [platform.py:394]             * A known problem is that capturing too many batch sizes can lead to OOM
2026-04-07T17:51:27.8781023Z (EngineCore_DP1 pid=185) WARNING 04-07 17:51:27 [platform.py:394]             * (Out of Memory) errors or inference hangs. If you encounter such issues,
2026-04-07T17:51:27.8791867Z (EngineCore_DP1 pid=185) WARNING 04-07 17:51:27 [platform.py:394]             * consider reducing `gpu_memory_utilization` or manually specifying a smaller
2026-04-07T17:51:27.8802732Z (EngineCore_DP1 pid=185) WARNING 04-07 17:51:27 [platform.py:394]             * batch size for graph capture.
2026-04-07T17:51:27.8821993Z (EngineCore_DP1 pid=185) WARNING 04-07 17:51:27 [platform.py:394]             * For more details, please refer to:
2026-04-07T17:51:27.8835566Z (EngineCore_DP1 pid=185) WARNING 04-07 17:51:27 [platform.py:394]             * https://docs.vllm.ai/en/stable/configuration/conserving_memory.html#reduce-cuda-graphs
2026-04-07T17:51:27.8846609Z (EngineCore_DP1 pid=185) WARNING 04-07 17:51:27 [platform.py:394]             **********************************************************************************[0m
2026-04-07T17:51:27.8857058Z (EngineCore_DP1 pid=185) WARNING 04-07 17:51:27 [platform.py:394]             
2026-04-07T17:51:27.8868166Z (EngineCore_DP0 pid=165) INFO 04-07 17:51:27 [platform.py:502] Set PYTORCH_NPU_ALLOC_CONF=expandable_segments:True
2026-04-07T17:51:27.8879550Z (EngineCore_DP1 pid=185) INFO 04-07 17:51:27 [platform.py:502] Set PYTORCH_NPU_ALLOC_CONF=expandable_segments:True
2026-04-07T17:51:27.8890160Z [2026-04-07 17:51:27.838308][UC][I] Enabled custom fusions: norm_quant, act_quant [165,165][compilation.py:289,log_enabled_passes]
2026-04-07T17:51:27.8901790Z [2026-04-07 17:51:27.838310][UC][I] Enabled custom fusions: norm_quant, act_quant [185,185][compilation.py:289,log_enabled_passes]
2026-04-07T17:51:27.8915942Z [2026-04-07 17:51:27.839938][UC][W] AsyncLLM created with api_server_count more than 1; disabling stats logging to avoid incomplete stats. [199,199][loggers.py:1271,__init__]
2026-04-07T17:51:27.8930160Z [2026-04-07 17:51:27.869991][UC][I] Supported tasks: ['generate'] [201,201][api_server.py:576,build_and_serve]
2026-04-07T17:51:27.8940389Z [2026-04-07 17:51:27.869993][UC][I] Supported tasks: ['generate'] [200,200][api_server.py:576,build_and_serve]
2026-04-07T17:51:27.8952107Z [2026-04-07 17:51:27.870319][UC][I] Supported tasks: ['generate'] [198,198][api_server.py:576,build_and_serve]
2026-04-07T17:51:27.8963525Z [2026-04-07 17:51:27.871630][UC][I] Supported tasks: ['generate'] [199,199][api_server.py:576,build_and_serve]
2026-04-07T17:51:28.0323081Z [2026-04-07 17:51:28.030043][UC][W] Default vLLM sampling parameters have been overridden by the model's `generation_config.json`: `{'top_p': 0.95}`. If this is not intended, please relaunch vLLM instance with `--generation-config vllm`. [198,198][model.py:1376,get_diff_sampling_param]
2026-04-07T17:51:28.0332297Z [2026-04-07 17:51:28.030054][UC][W] Default vLLM sampling parameters have been overridden by the model's `generation_config.json`: `{'top_p': 0.95}`. If this is not intended, please relaunch vLLM instance with `--generation-config vllm`. [201,201][model.py:1376,get_diff_sampling_param]
2026-04-07T17:51:28.0343517Z [2026-04-07 17:51:28.030073][UC][W] Default vLLM sampling parameters have been overridden by the model's `generation_config.json`: `{'top_p': 0.95}`. If this is not intended, please relaunch vLLM instance with `--generation-config vllm`. [200,200][model.py:1376,get_diff_sampling_param]
2026-04-07T17:51:28.0354834Z [2026-04-07 17:51:28.030136][UC][W] Default vLLM sampling parameters have been overridden by the model's `generation_config.json`: `{'top_p': 0.95}`. If this is not intended, please relaunch vLLM instance with `--generation-config vllm`. [199,199][model.py:1376,get_diff_sampling_param]
2026-04-07T17:51:28.0632444Z [2026-04-07 17:51:28.061189][UC][I] Starting vLLM server on http://0.0.0.0:8080 [200,200][api_server.py:580,build_and_serve]
2026-04-07T17:51:28.0649564Z [2026-04-07 17:51:28.061239][UC][I] Available routes are: [200,200][launcher.py:37,serve_http]
2026-04-07T17:51:28.0662530Z [2026-04-07 17:51:28.061259][UC][I] Route: /openapi.json, Methods: GET, HEAD [200,200][launcher.py:46,serve_http]
2026-04-07T17:51:28.0674190Z [2026-04-07 17:51:28.061270][UC][I] Route: /docs, Methods: GET, HEAD [200,200][launcher.py:46,serve_http]
2026-04-07T17:51:28.0686561Z [2026-04-07 17:51:28.061279][UC][I] Route: /docs/oauth2-redirect, Methods: GET, HEAD [200,200][launcher.py:46,serve_http]
2026-04-07T17:51:28.0697826Z [2026-04-07 17:51:28.061288][UC][I] Route: /redoc, Methods: GET, HEAD [200,200][launcher.py:46,serve_http]
2026-04-07T17:51:28.0709212Z [2026-04-07 17:51:28.061300][UC][I] Route: /tokenize, Methods: POST [200,200][launcher.py:46,serve_http]
2026-04-07T17:51:28.0720051Z [2026-04-07 17:51:28.061310][UC][I] Route: /detokenize, Methods: POST [200,200][launcher.py:46,serve_http]
2026-04-07T17:51:28.0731842Z [2026-04-07 17:51:28.061319][UC][I] Route: /load, Methods: GET [200,200][launcher.py:46,serve_http]
2026-04-07T17:51:28.0743912Z [2026-04-07 17:51:28.061331][UC][I] Route: /version, Methods: GET [200,200][launcher.py:46,serve_http]
2026-04-07T17:51:28.0755003Z [2026-04-07 17:51:28.061326][UC][I] Starting vLLM server on http://0.0.0.0:8080 [199,199][api_server.py:580,build_and_serve]
2026-04-07T17:51:28.0765930Z [2026-04-07 17:51:28.061340][UC][I] Route: /health, Methods: GET [200,200][launcher.py:46,serve_http]
2026-04-07T17:51:28.0776380Z [2026-04-07 17:51:28.061350][UC][I] Route: /metrics, Methods: GET [200,200][launcher.py:46,serve_http]
2026-04-07T17:51:28.0787893Z [2026-04-07 17:51:28.061359][UC][I] Route: /v1/models, Methods: GET [200,200][launcher.py:46,serve_http]
2026-04-07T17:51:28.0799271Z [2026-04-07 17:51:28.061367][UC][I] Route: /ping, Methods: GET [200,200][launcher.py:46,serve_http]
2026-04-07T17:51:28.0810815Z [2026-04-07 17:51:28.061375][UC][I] Route: /ping, Methods: POST [200,200][launcher.py:46,serve_http]
2026-04-07T17:51:28.0821820Z [2026-04-07 17:51:28.061385][UC][I] Available routes are: [199,199][launcher.py:37,serve_http]
2026-04-07T17:51:28.0833822Z [2026-04-07 17:51:28.061417][UC][I] Route: /openapi.json, Methods: HEAD, GET [199,199][launcher.py:46,serve_http]
2026-04-07T17:51:28.0844922Z [2026-04-07 17:51:28.061420][UC][I] Route: /invocations, Methods: POST [200,200][launcher.py:46,serve_http]
2026-04-07T17:51:28.0856801Z [2026-04-07 17:51:28.061427][UC][I] Route: /docs, Methods: HEAD, GET [199,199][launcher.py:46,serve_http]
2026-04-07T17:51:28.0867921Z [2026-04-07 17:51:28.061430][UC][I] Route: /v1/chat/completions, Methods: POST [200,200][launcher.py:46,serve_http]
2026-04-07T17:51:28.0878483Z [2026-04-07 17:51:28.061437][UC][I] Route: /docs/oauth2-redirect, Methods: HEAD, GET [199,199][launcher.py:46,serve_http]
2026-04-07T17:51:28.0890301Z [2026-04-07 17:51:28.061446][UC][I] Route: /redoc, Methods: HEAD, GET [199,199][launcher.py:46,serve_http]
2026-04-07T17:51:28.0902036Z [2026-04-07 17:51:28.061455][UC][I] Route: /tokenize, Methods: POST [199,199][launcher.py:46,serve_http]
2026-04-07T17:51:28.0913442Z [2026-04-07 17:51:28.061464][UC][I] Route: /detokenize, Methods: POST [199,199][launcher.py:46,serve_http]
2026-04-07T17:51:28.0923470Z [2026-04-07 17:51:28.061474][UC][I] Route: /load, Methods: GET [199,199][launcher.py:46,serve_http]
2026-04-07T17:51:28.0934339Z [2026-04-07 17:51:28.061487][UC][I] Route: /version, Methods: GET [199,199][launcher.py:46,serve_http]
2026-04-07T17:51:28.0945774Z [2026-04-07 17:51:28.061496][UC][I] Route: /health, Methods: GET [199,199][launcher.py:46,serve_http]
2026-04-07T17:51:28.0956619Z [2026-04-07 17:51:28.061505][UC][I] Route: /metrics, Methods: GET [199,199][launcher.py:46,serve_http]
2026-04-07T17:51:28.0967478Z [2026-04-07 17:51:28.061515][UC][I] Route: /v1/models, Methods: GET [199,199][launcher.py:46,serve_http]
2026-04-07T17:51:28.0978719Z [2026-04-07 17:51:28.061524][UC][I] Route: /ping, Methods: GET [199,199][launcher.py:46,serve_http]
2026-04-07T17:51:28.0989063Z [2026-04-07 17:51:28.061525][UC][I] Route: /v1/responses, Methods: POST [200,200][launcher.py:46,serve_http]
2026-04-07T17:51:28.1000176Z [2026-04-07 17:51:28.061533][UC][I] Route: /ping, Methods: POST [199,199][launcher.py:46,serve_http]
2026-04-07T17:51:28.1010740Z [2026-04-07 17:51:28.061537][UC][I] Route: /v1/responses/{response_id}, Methods: GET [200,200][launcher.py:46,serve_http]
2026-04-07T17:51:28.1021556Z [2026-04-07 17:51:28.061547][UC][I] Route: /v1/responses/{response_id}/cancel, Methods: POST [200,200][launcher.py:46,serve_http]
2026-04-07T17:51:28.1032803Z [2026-04-07 17:51:28.061562][UC][I] Route: /v1/completions, Methods: POST [200,200][launcher.py:46,serve_http]
2026-04-07T17:51:28.1043402Z [2026-04-07 17:51:28.061569][UC][I] Route: /v1/messages, Methods: POST [200,200][launcher.py:46,serve_http]
2026-04-07T17:51:28.1054979Z [2026-04-07 17:51:28.061576][UC][I] Route: /v1/messages/count_tokens, Methods: POST [200,200][launcher.py:46,serve_http]
2026-04-07T17:51:28.1065635Z [2026-04-07 17:51:28.061583][UC][I] Route: /inference/v1/generate, Methods: POST [200,200][launcher.py:46,serve_http]
2026-04-07T17:51:28.1075912Z [2026-04-07 17:51:28.061585][UC][I] Route: /invocations, Methods: POST [199,199][launcher.py:46,serve_http]
2026-04-07T17:51:28.1086365Z [2026-04-07 17:51:28.061590][UC][I] Route: /scale_elastic_ep, Methods: POST [200,200][launcher.py:46,serve_http]
2026-04-07T17:51:28.1097665Z [2026-04-07 17:51:28.061597][UC][I] Route: /v1/chat/completions, Methods: POST [199,199][launcher.py:46,serve_http]
2026-04-07T17:51:28.1115102Z [2026-04-07 17:51:28.061599][UC][I] Route: /is_scaling_elastic_ep, Methods: POST [200,200][launcher.py:46,serve_http]
2026-04-07T17:51:28.1128395Z [2026-04-07 17:51:28.061615][UC][I] Route: /v1/chat/completions/render, Methods: POST [200,200][launcher.py:46,serve_http]
2026-04-07T17:51:28.1139659Z [2026-04-07 17:51:28.061624][UC][I] Route: /v1/completions/render, Methods: POST [200,200][launcher.py:46,serve_http]
2026-04-07T17:51:28.1150318Z [2026-04-07 17:51:28.061702][UC][I] Route: /v1/responses, Methods: POST [199,199][launcher.py:46,serve_http]
2026-04-07T17:51:28.1161520Z [2026-04-07 17:51:28.061712][UC][I] Route: /v1/responses/{response_id}, Methods: GET [199,199][launcher.py:46,serve_http]
2026-04-07T17:51:28.1172103Z [2026-04-07 17:51:28.061721][UC][I] Route: /v1/responses/{response_id}/cancel, Methods: POST [199,199][launcher.py:46,serve_http]
2026-04-07T17:51:28.1183214Z [2026-04-07 17:51:28.061728][UC][I] Route: /v1/completions, Methods: POST [199,199][launcher.py:46,serve_http]
2026-04-07T17:51:28.1193805Z [2026-04-07 17:51:28.061737][UC][I] Route: /v1/messages, Methods: POST [199,199][launcher.py:46,serve_http]
2026-04-07T17:51:28.1205373Z [2026-04-07 17:51:28.061745][UC][I] Route: /v1/messages/count_tokens, Methods: POST [199,199][launcher.py:46,serve_http]
2026-04-07T17:51:28.1216622Z [2026-04-07 17:51:28.061753][UC][I] Route: /inference/v1/generate, Methods: POST [199,199][launcher.py:46,serve_http]
2026-04-07T17:51:28.1227033Z [2026-04-07 17:51:28.061762][UC][I] Route: /scale_elastic_ep, Methods: POST [199,199][launcher.py:46,serve_http]
2026-04-07T17:51:28.1237847Z [2026-04-07 17:51:28.061770][UC][I] Route: /is_scaling_elastic_ep, Methods: POST [199,199][launcher.py:46,serve_http]
2026-04-07T17:51:28.1248320Z [2026-04-07 17:51:28.061778][UC][I] Route: /v1/chat/completions/render, Methods: POST [199,199][launcher.py:46,serve_http]
2026-04-07T17:51:28.1260380Z [2026-04-07 17:51:28.061786][UC][I] Route: /v1/completions/render, Methods: POST [199,199][launcher.py:46,serve_http]
2026-04-07T17:51:28.1271341Z [2026-04-07 17:51:28.061953][UC][I] Starting vLLM server on http://0.0.0.0:8080 [198,198][api_server.py:580,build_and_serve]
2026-04-07T17:51:28.1281974Z [2026-04-07 17:51:28.062032][UC][I] Available routes are: [198,198][launcher.py:37,serve_http]
2026-04-07T17:51:28.1292689Z [2026-04-07 17:51:28.062060][UC][I] Route: /openapi.json, Methods: HEAD, GET [198,198][launcher.py:46,serve_http]
2026-04-07T17:51:28.1303788Z [2026-04-07 17:51:28.062072][UC][I] Route: /docs, Methods: HEAD, GET [198,198][launcher.py:46,serve_http]
2026-04-07T17:51:28.1314815Z [2026-04-07 17:51:28.062082][UC][I] Route: /docs/oauth2-redirect, Methods: HEAD, GET [198,198][launcher.py:46,serve_http]
2026-04-07T17:51:28.1325046Z [2026-04-07 17:51:28.062095][UC][I] Route: /redoc, Methods: HEAD, GET [198,198][launcher.py:46,serve_http]
2026-04-07T17:51:28.1337064Z [2026-04-07 17:51:28.062109][UC][I] Route: /tokenize, Methods: POST [198,198][launcher.py:46,serve_http]
2026-04-07T17:51:28.1347606Z [2026-04-07 17:51:28.062120][UC][I] Route: /detokenize, Methods: POST [198,198][launcher.py:46,serve_http]
2026-04-07T17:51:28.1368542Z [2026-04-07 17:51:28.062130][UC][I] Route: /load, Methods: GET [198,198][launcher.py:46,serve_http]
2026-04-07T17:51:28.1388243Z [2026-04-07 17:51:28.062146][UC][I] Route: /version, Methods: GET [198,198][launcher.py:46,serve_http]
2026-04-07T17:51:28.1400501Z [2026-04-07 17:51:28.062157][UC][I] Route: /health, Methods: GET [198,198][launcher.py:46,serve_http]
2026-04-07T17:51:28.1411149Z [2026-04-07 17:51:28.062167][UC][I] Route: /metrics, Methods: GET [198,198][launcher.py:46,serve_http]
2026-04-07T17:51:28.1422281Z [2026-04-07 17:51:28.062182][UC][I] Route: /v1/models, Methods: GET [198,198][launcher.py:46,serve_http]
2026-04-07T17:51:28.1432980Z [2026-04-07 17:51:28.062193][UC][I] Route: /ping, Methods: GET [198,198][launcher.py:46,serve_http]
2026-04-07T17:51:28.1443523Z [2026-04-07 17:51:28.062203][UC][I] Route: /ping, Methods: POST [198,198][launcher.py:46,serve_http]
2026-04-07T17:51:28.1454834Z [2026-04-07 17:51:28.062254][UC][I] Route: /invocations, Methods: POST [198,198][launcher.py:46,serve_http]
2026-04-07T17:51:28.1466681Z [2026-04-07 17:51:28.062266][UC][I] Route: /v1/chat/completions, Methods: POST [198,198][launcher.py:46,serve_http]
2026-04-07T17:51:28.1478913Z [2026-04-07 17:51:28.062401][UC][I] Route: /v1/responses, Methods: POST [198,198][launcher.py:46,serve_http]
2026-04-07T17:51:28.1490844Z [2026-04-07 17:51:28.062414][UC][I] Route: /v1/responses/{response_id}, Methods: GET [198,198][launcher.py:46,serve_http]
2026-04-07T17:51:28.1503283Z [2026-04-07 17:51:28.062423][UC][I] Route: /v1/responses/{response_id}/cancel, Methods: POST [198,198][launcher.py:46,serve_http]
2026-04-07T17:51:28.1514183Z [2026-04-07 17:51:28.062434][UC][I] Route: /v1/completions, Methods: POST [198,198][launcher.py:46,serve_http]
2026-04-07T17:51:28.1525231Z [2026-04-07 17:51:28.062444][UC][I] Route: /v1/messages, Methods: POST [198,198][launcher.py:46,serve_http]
2026-04-07T17:51:28.1536894Z [2026-04-07 17:51:28.062454][UC][I] Route: /v1/messages/count_tokens, Methods: POST [198,198][launcher.py:46,serve_http]
2026-04-07T17:51:28.1547466Z [2026-04-07 17:51:28.062464][UC][I] Route: /inference/v1/generate, Methods: POST [198,198][launcher.py:46,serve_http]
2026-04-07T17:51:28.1558880Z [2026-04-07 17:51:28.062474][UC][I] Route: /scale_elastic_ep, Methods: POST [198,198][launcher.py:46,serve_http]
2026-04-07T17:51:28.1569619Z [2026-04-07 17:51:28.062483][UC][I] Route: /is_scaling_elastic_ep, Methods: POST [198,198][launcher.py:46,serve_http]
2026-04-07T17:51:28.1580894Z [2026-04-07 17:51:28.062493][UC][I] Route: /v1/chat/completions/render, Methods: POST [198,198][launcher.py:46,serve_http]
2026-04-07T17:51:28.1591601Z [2026-04-07 17:51:28.062503][UC][I] Route: /v1/completions/render, Methods: POST [198,198][launcher.py:46,serve_http]
2026-04-07T17:51:28.1603026Z [2026-04-07 17:51:28.062676][UC][I] Starting vLLM server on http://0.0.0.0:8080 [201,201][api_server.py:580,build_and_serve]
2026-04-07T17:51:28.1613168Z [2026-04-07 17:51:28.062777][UC][I] Available routes are: [201,201][launcher.py:37,serve_http]
2026-04-07T17:51:28.1624327Z [2026-04-07 17:51:28.062804][UC][I] Route: /openapi.json, Methods: GET, HEAD [201,201][launcher.py:46,serve_http]
2026-04-07T17:51:28.1634967Z [2026-04-07 17:51:28.062817][UC][I] Route: /docs, Methods: GET, HEAD [201,201][launcher.py:46,serve_http]
2026-04-07T17:51:28.1646056Z [2026-04-07 17:51:28.062828][UC][I] Route: /docs/oauth2-redirect, Methods: GET, HEAD [201,201][launcher.py:46,serve_http]
2026-04-07T17:51:28.1657656Z [2026-04-07 17:51:28.062839][UC][I] Route: /redoc, Methods: GET, HEAD [201,201][launcher.py:46,serve_http]
2026-04-07T17:51:28.1668438Z [2026-04-07 17:51:28.062851][UC][I] Route: /tokenize, Methods: POST [201,201][launcher.py:46,serve_http]
2026-04-07T17:51:28.1679343Z [2026-04-07 17:51:28.062866][UC][I] Route: /detokenize, Methods: POST [201,201][launcher.py:46,serve_http]
2026-04-07T17:51:28.1690605Z [2026-04-07 17:51:28.062878][UC][I] Route: /load, Methods: GET [201,201][launcher.py:46,serve_http]
2026-04-07T17:51:28.1701525Z [2026-04-07 17:51:28.062893][UC][I] Route: /version, Methods: GET [201,201][launcher.py:46,serve_http]
2026-04-07T17:51:28.1712195Z [2026-04-07 17:51:28.062905][UC][I] Route: /health, Methods: GET [201,201][launcher.py:46,serve_http]
2026-04-07T17:51:28.1722904Z [2026-04-07 17:51:28.062917][UC][I] Route: /metrics, Methods: GET [201,201][launcher.py:46,serve_http]
2026-04-07T17:51:28.1734123Z [2026-04-07 17:51:28.062932][UC][I] Route: /v1/models, Methods: GET [201,201][launcher.py:46,serve_http]
2026-04-07T17:51:28.1745449Z [2026-04-07 17:51:28.062945][UC][I] Route: /ping, Methods: GET [201,201][launcher.py:46,serve_http]
2026-04-07T17:51:28.1756049Z [2026-04-07 17:51:28.062956][UC][I] Route: /ping, Methods: POST [201,201][launcher.py:46,serve_http]
2026-04-07T17:51:28.1767006Z [2026-04-07 17:51:28.062998][UC][I] Route: /invocations, Methods: POST [201,201][launcher.py:46,serve_http]
2026-04-07T17:51:28.1778192Z [2026-04-07 17:51:28.063010][UC][I] Route: /v1/chat/completions, Methods: POST [201,201][launcher.py:46,serve_http]
2026-04-07T17:51:28.1789636Z [2026-04-07 17:51:28.063019][UC][I] Route: /v1/responses, Methods: POST [201,201][launcher.py:46,serve_http]
2026-04-07T17:51:28.1800727Z [2026-04-07 17:51:28.063032][UC][I] Route: /v1/responses/{response_id}, Methods: GET [201,201][launcher.py:46,serve_http]
2026-04-07T17:51:28.1811480Z [2026-04-07 17:51:28.063043][UC][I] Route: /v1/responses/{response_id}/cancel, Methods: POST [201,201][launcher.py:46,serve_http]
2026-04-07T17:51:28.1822870Z [2026-04-07 17:51:28.063055][UC][I] Route: /v1/completions, Methods: POST [201,201][launcher.py:46,serve_http]
2026-04-07T17:51:28.1833980Z [2026-04-07 17:51:28.063066][UC][I] Route: /v1/messages, Methods: POST [201,201][launcher.py:46,serve_http]
2026-04-07T17:51:28.1846416Z [2026-04-07 17:51:28.063075][UC][I] Route: /v1/messages/count_tokens, Methods: POST [201,201][launcher.py:46,serve_http]
2026-04-07T17:51:28.1857078Z [2026-04-07 17:51:28.063086][UC][I] Route: /inference/v1/generate, Methods: POST [201,201][launcher.py:46,serve_http]
2026-04-07T17:51:28.1867489Z [2026-04-07 17:51:28.063097][UC][I] Route: /scale_elastic_ep, Methods: POST [201,201][launcher.py:46,serve_http]
2026-04-07T17:51:28.1878431Z [2026-04-07 17:51:28.063107][UC][I] Route: /is_scaling_elastic_ep, Methods: POST [201,201][launcher.py:46,serve_http]
2026-04-07T17:51:28.1889537Z [2026-04-07 17:51:28.063120][UC][I] Route: /v1/chat/completions/render, Methods: POST [201,201][launcher.py:46,serve_http]
2026-04-07T17:51:28.1900332Z [2026-04-07 17:51:28.063131][UC][I] Route: /v1/completions/render, Methods: POST [201,201][launcher.py:46,serve_http]
2026-04-07T17:51:28.1911507Z (ApiServer_2 pid=200) INFO:     Started server process [200]
2026-04-07T17:51:28.1922136Z (ApiServer_2 pid=200) INFO:     Waiting for application startup.
2026-04-07T17:51:28.1932869Z (ApiServer_1 pid=199) INFO:     Started server process [199]
2026-04-07T17:51:28.1945552Z (ApiServer_1 pid=199) INFO:     Waiting for application startup.
2026-04-07T17:51:28.1955393Z (ApiServer_3 pid=201) INFO:     Started server process [201]
2026-04-07T17:51:28.1966107Z (ApiServer_0 pid=198) INFO:     Started server process [198]
2026-04-07T17:51:28.1977561Z (ApiServer_3 pid=201) INFO:     Waiting for application startup.
2026-04-07T17:51:28.1988531Z (ApiServer_0 pid=198) INFO:     Waiting for application startup.
2026-04-07T17:51:28.4384560Z (ApiServer_2 pid=200) INFO:     Application startup complete.
2026-04-07T17:51:28.4438189Z (ApiServer_3 pid=201) INFO:     Application startup complete.
2026-04-07T17:51:28.7510448Z (ApiServer_1 pid=199) INFO:     Application startup complete.
2026-04-07T17:51:28.7651449Z (ApiServer_0 pid=198) INFO:     Application startup complete.
2026-04-07T17:51:30.0361767Z (ApiServer_0 pid=198) INFO:     10.0.0.174:32878 - "GET /health HTTP/1.1" 200 OK
2026-04-07T17:51:30.0382063Z [2026-04-07 17:51:30] [INFO] [READY] Node 10.0.0.174: http://10.0.0.174:8080/health is ready.
2026-04-07T17:51:30.1015632Z 2026-04-07 17:51:30,099 - modelscope - WARNING - We can not confirm the cached file is for revision: master
2026-04-07T17:51:30.1655581Z 2026-04-07 17:51:30,163 - modelscope - WARNING - We can not confirm the cached file is for revision: master
2026-04-07T17:51:30.9814169Z (ApiServer_0 pid=198) INFO:     10.0.0.140:59182 - "GET /health HTTP/1.1" 200 OK
2026-04-07T17:51:30.9842308Z (ApiServer_3 pid=201) INFO:     10.0.0.140:59196 - "GET /health HTTP/1.1" 200 OK
2026-04-07T17:51:35.9885463Z (ApiServer_0 pid=198) INFO:     10.0.0.140:59198 - "GET /health HTTP/1.1" 200 OK
2026-04-07T17:51:40.9921905Z (ApiServer_0 pid=198) INFO:     10.0.0.140:45998 - "GET /health HTTP/1.1" 200 OK
2026-04-07T17:51:45.9952596Z (ApiServer_0 pid=198) INFO:     10.0.0.140:46012 - "GET /health HTTP/1.1" 200 OK
2026-04-07T17:51:50.9988594Z ................(ApiServer_3 pid=201) INFO:     10.0.0.140:59204 - "GET /health HTTP/1.1" 200 OK
2026-04-07T17:51:56.0031803Z (ApiServer_1 pid=199) INFO:     10.0.0.140:59218 - "GET /health HTTP/1.1" 200 OK
2026-04-07T17:52:01.0081703Z (ApiServer_0 pid=198) INFO:     10.0.0.140:53628 - "GET /health HTTP/1.1" 200 OK
2026-04-07T17:52:06.0109363Z (ApiServer_0 pid=198) INFO:     10.0.0.140:53642 - "GET /health HTTP/1.1" 200 OK
2026-04-07T17:52:11.0146457Z (ApiServer_0 pid=198) INFO:     10.0.0.140:48524 - "GET /health HTTP/1.1" 200 OK
2026-04-07T17:52:12.9817063Z (Worker_DP1_TP2_EP10 pid=393) INFO 04-07 17:52:12 [acl_graph.py:192] Replaying aclgraph
2026-04-07T17:52:12.9831072Z (Worker_DP0_TP6_EP6 pid=779) INFO 04-07 17:52:12 [acl_graph.py:192] Replaying aclgraph
2026-04-07T17:52:12.9849485Z (Worker_DP1_TP6_EP14 pid=778) INFO 04-07 17:52:12 [acl_graph.py:192] Replaying aclgraph
2026-04-07T17:52:12.9865673Z (Worker_DP1_TP1_EP9 pid=300) INFO 04-07 17:52:12 [acl_graph.py:192] Replaying aclgraph
2026-04-07T17:52:12.9884731Z (Worker_DP0_TP3_EP3 pid=493) INFO 04-07 17:52:12 [acl_graph.py:192] Replaying aclgraph
2026-04-07T17:52:12.9898655Z (Worker_DP0_TP7_EP7 pid=876) INFO 04-07 17:52:12 [acl_graph.py:192] Replaying aclgraph
2026-04-07T17:52:12.9910415Z (Worker_DP0_TP2_EP2 pid=396) INFO 04-07 17:52:12 [acl_graph.py:192] Replaying aclgraph
2026-04-07T17:52:12.9921070Z (Worker_DP0_TP0_EP0 pid=229) INFO 04-07 17:52:12 [acl_graph.py:192] Replaying aclgraph
2026-04-07T17:52:12.9932021Z (Worker_DP0_TP1_EP1 pid=301) INFO 04-07 17:52:12 [acl_graph.py:192] Replaying aclgraph
2026-04-07T17:52:12.9943693Z (Worker_DP1_TP7_EP15 pid=873) INFO 04-07 17:52:12 [acl_graph.py:192] Replaying aclgraph
2026-04-07T17:52:12.9954330Z (Worker_DP1_TP4_EP12 pid=585) INFO 04-07 17:52:12 [acl_graph.py:192] Replaying aclgraph
2026-04-07T17:52:12.9965793Z (Worker_DP0_TP4_EP4 pid=589) INFO 04-07 17:52:12 [acl_graph.py:192] Replaying aclgraph
2026-04-07T17:52:12.9978423Z (Worker_DP1_TP3_EP11 pid=489) INFO 04-07 17:52:12 [acl_graph.py:192] Replaying aclgraph
2026-04-07T17:52:12.9988170Z (Worker_DP1_TP0_EP8 pid=228) INFO 04-07 17:52:12 [acl_graph.py:192] Replaying aclgraph
2026-04-07T17:52:12.9999012Z (Worker_DP0_TP5_EP5 pid=682) INFO 04-07 17:52:12 [acl_graph.py:192] Replaying aclgraph
2026-04-07T17:52:13.0010234Z (Worker_DP1_TP5_EP13 pid=683) INFO 04-07 17:52:12 [acl_graph.py:192] Replaying aclgraph
2026-04-07T17:52:16.0189579Z (ApiServer_0 pid=198) INFO:     10.0.0.140:48532 - "GET /health HTTP/1.1" 200 OK
2026-04-07T17:52:17.1289643Z (ApiServer_3 pid=201) INFO:     10.0.0.174:54274 - "POST /v1/chat/completions HTTP/1.1" 200 OK
2026-04-07T17:52:17.1314740Z (ApiServer_1 pid=199) INFO:     10.0.0.174:54104 - "POST /v1/chat/completions HTTP/1.1" 200 OK
2026-04-07T17:52:17.5725470Z (ApiServer_1 pid=199) INFO:     10.0.0.174:54314 - "POST /v1/chat/completions HTTP/1.1" 200 OK
2026-04-07T17:52:17.5755272Z (ApiServer_0 pid=198) INFO:     10.0.0.174:54122 - "POST /v1/chat/completions HTTP/1.1" 200 OK
2026-04-07T17:52:17.5767389Z (ApiServer_0 pid=198) INFO:     10.0.0.174:54092 - "POST /v1/chat/completions HTTP/1.1" 200 OK
2026-04-07T17:52:18.1391258Z (ApiServer_2 pid=200) INFO:     10.0.0.174:54136 - "POST /v1/chat/completions HTTP/1.1" 200 OK
2026-04-07T17:52:18.5187703Z (ApiServer_1 pid=199) INFO:     10.0.0.174:54152 - "POST /v1/chat/completions HTTP/1.1" 200 OK
2026-04-07T17:52:18.8035986Z (ApiServer_2 pid=200) INFO:     10.0.0.174:54266 - "POST /v1/chat/completions HTTP/1.1" 200 OK
2026-04-07T17:52:19.8356791Z (ApiServer_2 pid=200) INFO:     10.0.0.174:54182 - "POST /v1/chat/completions HTTP/1.1" 200 OK
2026-04-07T17:52:19.9257451Z (ApiServer_2 pid=200) INFO:     10.0.0.174:54234 - "POST /v1/chat/completions HTTP/1.1" 200 OK
2026-04-07T17:52:20.7796015Z (ApiServer_1 pid=199) INFO:     10.0.0.174:54304 - "POST /v1/chat/completions HTTP/1.1" 200 OK
2026-04-07T17:52:21.0213632Z (ApiServer_0 pid=198) INFO:     10.0.0.140:46066 - "GET /health HTTP/1.1" 200 OK
2026-04-07T17:52:21.3922060Z (ApiServer_0 pid=198) INFO:     10.0.0.174:54290 - "POST /v1/chat/completions HTTP/1.1" 200 OK
2026-04-07T17:52:22.9524052Z (ApiServer_2 pid=200) INFO:     10.0.0.174:54186 - "POST /v1/chat/completions HTTP/1.1" 200 OK
2026-04-07T17:52:23.0466218Z (ApiServer_3 pid=201) INFO:     10.0.0.174:54336 - "POST /v1/chat/completions HTTP/1.1" 200 OK
2026-04-07T17:52:23.0543163Z (ApiServer_3 pid=201) INFO:     10.0.0.174:54112 - "POST /v1/chat/completions HTTP/1.1" 200 OK
2026-04-07T17:52:23.6986586Z (ApiServer_2 pid=200) INFO:     10.0.0.174:54210 - "POST /v1/chat/completions HTTP/1.1" 200 OK
2026-04-07T17:52:24.2043387Z (ApiServer_0 pid=198) INFO:     10.0.0.174:54258 - "POST /v1/chat/completions HTTP/1.1" 200 OK
2026-04-07T17:52:24.4577975Z (ApiServer_3 pid=201) INFO:     10.0.0.174:54212 - "POST /v1/chat/completions HTTP/1.1" 200 OK
2026-04-07T17:52:24.7247256Z (ApiServer_0 pid=198) INFO:     10.0.0.174:54224 - "POST /v1/chat/completions HTTP/1.1" 200 OK
2026-04-07T17:52:25.0685547Z (ApiServer_3 pid=201) INFO:     10.0.0.174:54200 - "POST /v1/chat/completions HTTP/1.1" 200 OK
2026-04-07T17:52:26.0246237Z (ApiServer_0 pid=198) INFO:     10.0.0.140:46068 - "GET /health HTTP/1.1" 200 OK
2026-04-07T17:52:26.2797300Z (ApiServer_3 pid=201) INFO:     10.0.0.174:54292 - "POST /v1/chat/completions HTTP/1.1" 200 OK
2026-04-07T17:52:26.8983018Z (ApiServer_2 pid=200) INFO:     10.0.0.174:54296 - "POST /v1/chat/completions HTTP/1.1" 200 OK
2026-04-07T17:52:27.2533106Z (ApiServer_0 pid=198) INFO:     10.0.0.174:54328 - "POST /v1/chat/completions HTTP/1.1" 200 OK
2026-04-07T17:52:27.7859483Z (ApiServer_3 pid=201) INFO:     10.0.0.174:54176 - "POST /v1/chat/completions HTTP/1.1" 200 OK
2026-04-07T17:52:30.6710801Z (ApiServer_3 pid=201) INFO:     10.0.0.174:54162 - "POST /v1/chat/completions HTTP/1.1" 200 OK
2026-04-07T17:52:31.0236470Z (ApiServer_2 pid=200) INFO:     10.0.0.174:54330 - "POST /v1/chat/completions HTTP/1.1" 200 OK
2026-04-07T17:52:31.0288417Z (ApiServer_1 pid=199) INFO:     10.0.0.140:59420 - "GET /health HTTP/1.1" 200 OK
2026-04-07T17:52:32.5996261Z (ApiServer_0 pid=198) INFO:     10.0.0.174:54242 - "POST /v1/chat/completions HTTP/1.1" 200 OK
2026-04-07T17:52:34.1568804Z (ApiServer_0 pid=198) INFO:     10.0.0.174:54144 - "POST /v1/chat/completions HTTP/1.1" 200 OK
2026-04-07T17:52:34.5546478Z (ApiServer_2 pid=200) INFO:     10.0.0.174:54174 - "POST /v1/chat/completions HTTP/1.1" 200 OK
2026-04-07T17:52:34.8588208Z (ApiServer_2 pid=200) INFO:     10.0.0.174:54198 - "POST /v1/chat/completions HTTP/1.1" 200 OK
2026-04-07T17:52:35.0101203Z (ApiServer_3 pid=201) INFO:     10.0.0.174:54254 - "POST /v1/chat/completions HTTP/1.1" 200 OK
2026-04-07T17:52:36.0322839Z (ApiServer_0 pid=198) INFO:     10.0.0.140:59436 - "GET /health HTTP/1.1" 200 OK
2026-04-07T17:52:41.0353620Z (ApiServer_0 pid=198) INFO:     10.0.0.140:57088 - "GET /health HTTP/1.1" 200 OK
2026-04-07T17:52:46.0383918Z (ApiServer_0 pid=198) INFO:     10.0.0.140:57104 - "GET /health HTTP/1.1" 200 OK
2026-04-07T17:52:49.2658781Z (ApiServer_3 pid=201) INFO:     10.0.0.174:54196 - "POST /v1/chat/completions HTTP/1.1" 200 OK
2026-04-07T17:52:51.0414464Z (ApiServer_0 pid=198) INFO:     10.0.0.140:35428 - "GET /health HTTP/1.1" 200 OK
2026-04-07T17:52:56.0449657Z (ApiServer_0 pid=198) INFO:     10.0.0.140:35442 - "GET /health HTTP/1.1" 200 OK
2026-04-07T17:53:01.0482409Z (ApiServer_0 pid=198) INFO:     10.0.0.140:57816 - "GET /health HTTP/1.1" 200 OK
2026-04-07T17:53:02.6138309Z [2026-04-07 17:53:02.611162][UC][I] Received KeyboardInterrupt, shutting down API servers... [147,147][utils.py:289,wait_for_completion_or_failure]
2026-04-07T17:53:02.7908380Z [2026-04-07 17:53:02.788401][UC][W] port 8080 is used by process psutil.Process(pid=198, name='VLLM::APIServer_0', status='running', started='17:39:12') launched with command:
2026-04-07T17:53:02.7925928Z VLLM::APIServer_0                                                                                                                                      [201,201][launcher.py:131,serve_http]
2026-04-07T17:53:02.7939211Z [2026-04-07 17:53:02.788446][UC][I] Shutting down FastAPI HTTP server. [201,201][launcher.py:137,serve_http]
2026-04-07T17:53:02.7951095Z (ApiServer_3 pid=201) INFO:     Shutting down
2026-04-07T17:53:02.7963532Z [2026-04-07 17:53:02.789373][UC][W] port 8080 is used by process psutil.Process(pid=201, name='VLLM::APIServer_3', status='sleeping', started='17:39:12') launched with command:
2026-04-07T17:53:02.7975944Z VLLM::APIServer_3                                                                                                                                      [199,199][launcher.py:131,serve_http]
2026-04-07T17:53:02.7987376Z [2026-04-07 17:53:02.789439][UC][I] Shutting down FastAPI HTTP server. [199,199][launcher.py:137,serve_http]
2026-04-07T17:53:02.7998436Z (ApiServer_1 pid=199) INFO:     Shutting down
2026-04-07T17:53:02.8010348Z [2026-04-07 17:53:02.790310][UC][W] port 8080 is used by process psutil.Process(pid=198, name='VLLM::APIServer_0', status='running', started='17:39:12') launched with command:
2026-04-07T17:53:02.8021864Z VLLM::APIServer_0                                                                                                                                      [200,200][launcher.py:131,serve_http]
2026-04-07T17:53:02.8032980Z [2026-04-07 17:53:02.790366][UC][I] Shutting down FastAPI HTTP server. [200,200][launcher.py:137,serve_http]
2026-04-07T17:53:02.8043956Z (ApiServer_2 pid=200) INFO:     Shutting down
2026-04-07T17:53:02.8056437Z [2026-04-07 17:53:02.791440][UC][W] port 8080 is used by process psutil.Process(pid=201, name='VLLM::APIServer_3', status='sleeping', started='17:39:12') launched with command:
2026-04-07T17:53:02.8067647Z VLLM::APIServer_3                                                                                                                                      [198,198][launcher.py:131,serve_http]
2026-04-07T17:53:02.8078724Z [2026-04-07 17:53:02.791480][UC][I] Shutting down FastAPI HTTP server. [198,198][launcher.py:137,serve_http]
2026-04-07T17:53:02.8091659Z (ApiServer_0 pid=198) INFO:     Shutting down
2026-04-07T17:53:02.8908948Z (ApiServer_3 pid=201) INFO:     Waiting for application shutdown.
2026-04-07T17:53:02.8918155Z (ApiServer_3 pid=201) INFO:     Application shutdown complete.
2026-04-07T17:53:02.8933143Z (ApiServer_1 pid=199) INFO:     Waiting for application shutdown.
2026-04-07T17:53:02.8944137Z (ApiServer_1 pid=199) INFO:     Application shutdown complete.
2026-04-07T17:53:02.8954561Z (ApiServer_0 pid=198) INFO:     Waiting for application shutdown.
2026-04-07T17:53:02.8965162Z (ApiServer_2 pid=200) INFO:     Waiting for application shutdown.
2026-04-07T17:53:02.8976118Z (ApiServer_0 pid=198) INFO:     Application shutdown complete.
2026-04-07T17:53:02.8986873Z (ApiServer_2 pid=200) INFO:     Application shutdown complete.
2026-04-07T17:53:02.9568135Z (ApiServer_0 pid=198) sys:1: DeprecationWarning: builtin type swigvarlink has no __module__ attribute
2026-04-07T17:53:02.9622052Z (ApiServer_1 pid=199) sys:1: DeprecationWarning: builtin type swigvarlink has no __module__ attribute
2026-04-07T17:53:02.9638308Z (ApiServer_3 pid=201) sys:1: DeprecationWarning: builtin type swigvarlink has no __module__ attribute
2026-04-07T17:53:02.9663187Z (ApiServer_2 pid=200) sys:1: DeprecationWarning: builtin type swigvarlink has no __module__ attribute
2026-04-07T17:53:03.8119372Z [2026-04-07 17:53:03.808577][UC][I] Shutdown initiated (timeout=0) [165,165][core.py:1201,_handle_shutdown]
2026-04-07T17:53:03.8137654Z [2026-04-07 17:53:03.808690][UC][I] Shutdown complete [165,165][core.py:1224,_handle_shutdown]
2026-04-07T17:53:03.8150835Z [2026-04-07 17:53:03.808701][UC][I] Shutdown initiated (timeout=0) [185,185][core.py:1201,_handle_shutdown]
2026-04-07T17:53:03.8169974Z [2026-04-07 17:53:03.808883][UC][I] Shutdown complete [185,185][core.py:1224,_handle_shutdown]
2026-04-07T17:53:03.8187282Z [2026-04-07 17:53:03.808940][UC][I] Parent process exited, terminating worker queues [229,8739][multiproc_executor.py:759,death_pipe_monitor]
2026-04-07T17:53:03.8199947Z [2026-04-07 17:53:03.808943][UC][I] Parent process exited, terminating worker queues [301,8691][multiproc_executor.py:759,death_pipe_monitor]
2026-04-07T17:53:03.8216010Z [2026-04-07 17:53:03.808976][UC][I] Parent process exited, terminating worker queues [396,8708][multiproc_executor.py:759,death_pipe_monitor]
2026-04-07T17:53:03.8235284Z [2026-04-07 17:53:03.808976][UC][I] Parent process exited, terminating worker queues [493,8762][multiproc_executor.py:759,death_pipe_monitor]
2026-04-07T17:53:03.8248950Z [2026-04-07 17:53:03.808983][UC][I] Parent process exited, terminating worker queues [682,8672][multiproc_executor.py:759,death_pipe_monitor]
2026-04-07T17:53:03.8260622Z [2026-04-07 17:53:03.808983][UC][I] Parent process exited, terminating worker queues [589,8724][multiproc_executor.py:759,death_pipe_monitor]
2026-04-07T17:53:03.8271751Z [2026-04-07 17:53:03.809003][UC][I] Parent process exited, terminating worker queues [779,8688][multiproc_executor.py:759,death_pipe_monitor]
2026-04-07T17:53:03.8282886Z [2026-04-07 17:53:03.809003][UC][I] Parent process exited, terminating worker queues [876,8719][multiproc_executor.py:759,death_pipe_monitor]
2026-04-07T17:53:03.8298087Z [2026-04-07 17:53:03.809184][UC][I] Parent process exited, terminating worker queues [228,8687][multiproc_executor.py:759,death_pipe_monitor]
2026-04-07T17:53:03.8309594Z [2026-04-07 17:53:03.809204][UC][I] Parent process exited, terminating worker queues [300,8734][multiproc_executor.py:759,death_pipe_monitor]
2026-04-07T17:53:03.8320048Z [2026-04-07 17:53:03.809236][UC][I] WorkerProc shutting down. [229,229][multiproc_executor.py:854,worker_main]
2026-04-07T17:53:03.8332784Z [2026-04-07 17:53:03.809238][UC][I] WorkerProc shutting down. [301,301][multiproc_executor.py:854,worker_main]
2026-04-07T17:53:03.8348224Z [2026-04-07 17:53:03.809247][UC][I] Parent process exited, terminating worker queues [683,8744][multiproc_executor.py:759,death_pipe_monitor]
2026-04-07T17:53:03.8359687Z [2026-04-07 17:53:03.809248][UC][I] Parent process exited, terminating worker queues [489,8710][multiproc_executor.py:759,death_pipe_monitor]
2026-04-07T17:53:03.8370590Z [2026-04-07 17:53:03.809248][UC][I] Parent process exited, terminating worker queues [393,8757][multiproc_executor.py:759,death_pipe_monitor]
2026-04-07T17:53:03.8381605Z [2026-04-07 17:53:03.809265][UC][I] WorkerProc shutting down. [589,589][multiproc_executor.py:854,worker_main]
2026-04-07T17:53:03.8403133Z [2026-04-07 17:53:03.809252][UC][I] Parent process exited, terminating worker queues [873,8665][multiproc_executor.py:759,death_pipe_monitor]
2026-04-07T17:53:03.8422732Z [2026-04-07 17:53:03.809256][UC][I] Parent process exited, terminating worker queues [585,8709][multiproc_executor.py:759,death_pipe_monitor]
2026-04-07T17:53:03.8435542Z [2026-04-07 17:53:03.809276][UC][I] WorkerProc shutting down. [682,682][multiproc_executor.py:854,worker_main]
2026-04-07T17:53:03.8446730Z [2026-04-07 17:53:03.809267][UC][I] Parent process exited, terminating worker queues [778,8733][multiproc_executor.py:759,death_pipe_monitor]
2026-04-07T17:53:03.8457913Z [2026-04-07 17:53:03.809269][UC][I] WorkerProc shutting down. [493,493][multiproc_executor.py:854,worker_main]
2026-04-07T17:53:03.8470219Z [2026-04-07 17:53:03.809272][UC][I] WorkerProc shutting down. [876,876][multiproc_executor.py:854,worker_main]
2026-04-07T17:53:03.8482463Z [2026-04-07 17:53:03.809274][UC][I] WorkerProc shutting down. [779,779][multiproc_executor.py:854,worker_main]
2026-04-07T17:53:03.8493316Z [2026-04-07 17:53:03.809275][UC][I] WorkerProc shutting down. [396,396][multiproc_executor.py:854,worker_main]
2026-04-07T17:53:03.8504573Z [2026-04-07 17:53:03.809421][UC][I] WorkerProc shutting down. [300,300][multiproc_executor.py:854,worker_main]
2026-04-07T17:53:03.8515066Z [2026-04-07 17:53:03.809447][UC][I] WorkerProc shutting down. [228,228][multiproc_executor.py:854,worker_main]
2026-04-07T17:53:03.8526307Z [2026-04-07 17:53:03.809477][UC][I] WorkerProc shutting down. [683,683][multiproc_executor.py:854,worker_main]
2026-04-07T17:53:03.8538967Z [2026-04-07 17:53:03.809525][UC][I] WorkerProc shutting down. [873,873][multiproc_executor.py:854,worker_main]
2026-04-07T17:53:03.8549418Z [2026-04-07 17:53:03.809540][UC][I] WorkerProc shutting down. [585,585][multiproc_executor.py:854,worker_main]
2026-04-07T17:53:03.8561117Z [2026-04-07 17:53:03.809549][UC][I] WorkerProc shutting down. [489,489][multiproc_executor.py:854,worker_main]
2026-04-07T17:53:03.8573209Z [2026-04-07 17:53:03.809551][UC][I] WorkerProc shutting down. [778,778][multiproc_executor.py:854,worker_main]
2026-04-07T17:53:03.8584783Z [2026-04-07 17:53:03.809555][UC][I] WorkerProc shutting down. [393,393][multiproc_executor.py:854,worker_main]
2026-04-07T17:53:09.7223526Z sys:1: DeprecationWarning: builtin type swigvarlink has no __module__ attribute
2026-04-07T17:53:10.6146013Z The request config is
2026-04-07T17:53:10.6159398Z  from ais_bench.benchmark.models import VLLMCustomAPIChat
2026-04-07T17:53:10.6171124Z from ais_bench.benchmark.utils.model_postprocessors import extract_non_reasoning_content
2026-04-07T17:53:10.6182729Z 
2026-04-07T17:53:10.6193622Z models = [
2026-04-07T17:53:10.6204804Z     dict(
2026-04-07T17:53:10.6216166Z         attr="service",
2026-04-07T17:53:10.6226899Z         type=VLLMCustomAPIChat,
2026-04-07T17:53:10.6238785Z         abbr='vllm-api-general-chat',
2026-04-07T17:53:10.6250418Z         path="",
2026-04-07T17:53:10.6262990Z         model="vllm-ascend/DeepSeek-V3.2-W8A8",
2026-04-07T17:53:10.6272922Z         request_rate = 0,
2026-04-07T17:53:10.6288017Z         retry = 2,
2026-04-07T17:53:10.6299170Z         host_ip = "10.0.0.174",
2026-04-07T17:53:10.6309647Z         host_port = 8080,
2026-04-07T17:53:10.6321178Z         max_out_len = 4096,
2026-04-07T17:53:10.6332598Z         batch_size = 64,
2026-04-07T17:53:10.6352910Z         trust_remote_code=False,
2026-04-07T17:53:10.6365716Z         generation_kwargs = dict(
2026-04-07T17:53:10.6382621Z             temperature = 0.6,
2026-04-07T17:53:10.6395621Z             ignore_eos = False,
2026-04-07T17:53:10.6406150Z             #top_k = 10,
2026-04-07T17:53:10.6417354Z             top_p = 0.95,
2026-04-07T17:53:10.6427633Z             #seed = None,
2026-04-07T17:53:10.6438476Z             #repetition_penalty = 1.03,
2026-04-07T17:53:10.6449641Z         ),
2026-04-07T17:53:10.6461216Z         pred_postprocessor=dict(type=extract_non_reasoning_content)
2026-04-07T17:53:10.6471405Z     )
2026-04-07T17:53:10.6481890Z ]
2026-04-07T17:53:10.6499064Z 
2026-04-07T17:53:10.6513014Z running aisbench cmd: ais_bench --models vllm_api_general_chat_custom --datasets gsm8k_gen_0_shot_cot_chat_prompt
2026-04-07T17:53:10.6524764Z 04/07 17:51:45 - AISBench - INFO - Loading gsm8k_gen_0_shot_cot_chat_prompt: /vllm-workspace/vllm-ascend/benchmark/ais_bench/benchmark/configs/./datasets/gsm8k/gsm8k_gen_0_shot_cot_chat_prompt.py
2026-04-07T17:53:10.6540651Z 04/07 17:51:45 - AISBench - INFO - Loading vllm_api_general_chat_custom: /vllm-workspace/vllm-ascend/benchmark/ais_bench/benchmark/configs/./models/vllm_api/vllm_api_general_chat_custom.py
2026-04-07T17:53:10.6551992Z 04/07 17:51:45 - AISBench - INFO - Loading example: /vllm-workspace/vllm-ascend/benchmark/ais_bench/benchmark/configs/./summarizers/example.py
2026-04-07T17:53:10.6563791Z 04/07 17:51:45 - AISBench - INFO - Current exp folder: outputs/default/20260407_175145
2026-04-07T17:53:10.6582606Z 04/07 17:51:47 - AISBench - INFO - Starting inference tasks...
2026-04-07T17:53:10.6595184Z 04/07 17:51:47 - AISBench - INFO - Partitioned into 1 tasks.
2026-04-07T17:53:10.6606801Z 04/07 17:51:47 - AISBench - INFO - Continuous batch enable! All the logs and processes for each task should be checked in each infer/.out file.
2026-04-07T17:53:10.6617623Z Launch OpenICLInfer[vllm-api-general-chat/gsm8k] on CPU
2026-04-07T17:53:10.6628404Z Launch OpenICLInfer[vllm-api-general-chat/gsm8k] on CPU
2026-04-07T17:53:10.6640083Z 04/07 17:52:49 - AISBench - INFO - Inference tasks completed.
2026-04-07T17:53:10.6657402Z 04/07 17:52:51 - AISBench - INFO - Starting evaluation tasks...
2026-04-07T17:53:10.6675205Z 04/07 17:52:51 - AISBench - INFO - Partitioned into 1 tasks.
2026-04-07T17:53:10.6687105Z launch OpenICLEval[vllm-api-general-chat/gsm8k] on CPU
2026-04-07T17:53:10.6698414Z 04/07 17:53:02 - AISBench - INFO - Evaluation tasks completed.
2026-04-07T17:53:10.6709541Z 04/07 17:53:02 - AISBench - INFO - Summarizing evaluation results...
2026-04-07T17:53:10.6725586Z dataset    version    metric    mode      vllm-api-general-chat
2026-04-07T17:53:10.6738303Z ---------  ---------  --------  ------  -----------------------
2026-04-07T17:53:10.6750216Z gsm8k      7cd45e     accuracy  gen                       96.88
2026-04-07T17:53:10.6762913Z 04/07 17:53:02 - AISBench - INFO - write summary to /vllm-workspace/vllm-ascend/outputs/default/20260407_175145/summary/summary_20260407_175145.txt
2026-04-07T17:53:10.6773887Z 04/07 17:53:02 - AISBench - INFO - write csv to /vllm-workspace/vllm-ascend/outputs/default/20260407_175145/summary/summary_20260407_175145.csv
2026-04-07T17:53:10.7154372Z /usr/local/python3.11.14/lib/python3.11/multiprocessing/resource_tracker.py:254: UserWarning: resource_tracker: There appear to be 10 leaked shared_memory objects to clean up at shutdown
2026-04-07T17:53:10.7167559Z   warnings.warn('resource_tracker: There appear to be %d '
2026-04-07T17:53:12.3621816Z PASSED
2026-04-07T17:53:12.3632021Z 
2026-04-07T17:53:12.3644397Z =============================== warnings summary ===============================
2026-04-07T17:53:12.3655724Z <frozen importlib._bootstrap>:241
2026-04-07T17:53:12.3667845Z   <frozen importlib._bootstrap>:241: DeprecationWarning: builtin type SwigPyPacked has no __module__ attribute
2026-04-07T17:53:12.3679068Z 
2026-04-07T17:53:12.3690748Z <frozen importlib._bootstrap>:241
2026-04-07T17:53:12.3702742Z   <frozen importlib._bootstrap>:241: DeprecationWarning: builtin type SwigPyObject has no __module__ attribute
2026-04-07T17:53:12.3713023Z 
2026-04-07T17:53:12.3724488Z vllm_ascend/patch/worker/patch_weight_utils.py:80
2026-04-07T17:53:12.3737509Z   /vllm-workspace/vllm-ascend/vllm_ascend/patch/worker/patch_weight_utils.py:80: DeprecationWarning: pkg_resources is deprecated as an API. See https://setuptools.pypa.io/en/latest/pkg_resources.html
2026-04-07T17:53:12.3749197Z     module = original_import(name, globals, locals, fromlist, level)
2026-04-07T17:53:12.3759237Z 
2026-04-07T17:53:12.3771466Z tests/e2e/nightly/multi_node/scripts/test_multi_node.py::test_multi_node
2026-04-07T17:53:12.3791214Z   /usr/local/python3.11.14/lib/python3.11/site-packages/pandas/core/dtypes/cast.py:1641: DeprecationWarning: np.find_common_type is deprecated.  Please use `np.result_type` or `np.promote_types`.
2026-04-07T17:53:12.3803389Z   See https://numpy.org/devdocs/release/1.25.0-notes.html and the docs for more information.  (Deprecated NumPy 1.25)
2026-04-07T17:53:12.3814815Z     return np.find_common_type(types, [])
2026-04-07T17:53:12.3825396Z 
2026-04-07T17:53:12.3836137Z -- Docs: https://docs.pytest.org/en/stable/how-to/capture-warnings.html
2026-04-07T17:53:12.3846815Z ================== 1 passed, 4 warnings in 871.49s (0:14:31) ===================
2026-04-07T17:53:12.6538149Z sys:1: DeprecationWarning: builtin type swigvarlink has no __module__ attribute
2026-04-07T17:53:14.1728017Z [0;32m✓ All tests passed![0m
2026-04-07T17:53:16.1103023Z Ascend logs backed up to /root/.cache/ascend-logs/vllm-deepseek-v3-2-w8a8-a3-dual-nodes-c05afd/node_0_plogs
2026-04-07T17:53:16.3447155Z Cleaning up background log streams...
2026-04-07T17:53:16.8767461Z ##[group]Run set -euo pipefail
2026-04-07T17:53:16.8767784Z [36;1mset -euo pipefail[0m
2026-04-07T17:53:16.8768043Z [36;1mmkdir -p /tmp/benchmark_results[0m
2026-04-07T17:53:16.8768556Z [36;1mecho "Fetching benchmark results from PVC at /root/.cache/benchmark_results/multi-node-dpsk3.2-2node..."[0m
2026-04-07T17:53:16.8769162Z [36;1m# Copy from PVC mounted directory (persists after pod termination)[0m
2026-04-07T17:53:16.8769626Z [36;1mSRC="/root/.cache/benchmark_results/multi-node-dpsk3.2-2node"[0m
2026-04-07T17:53:16.8770252Z [36;1mif [ -d "$SRC" ] && [ "$(ls -A "$SRC" 2>/dev/null)" ]; then[0m
2026-04-07T17:53:16.8770597Z [36;1m  cp -r "$SRC"/. /tmp/benchmark_results/[0m
2026-04-07T17:53:16.8770983Z [36;1m  echo "Benchmark results fetched successfully from PVC:"[0m
2026-04-07T17:53:16.8771324Z [36;1m  ls -la /tmp/benchmark_results/[0m
2026-04-07T17:53:16.8771618Z [36;1m  # Clean up PVC contents after copying[0m
2026-04-07T17:53:16.8771978Z [36;1m  echo "Cleaning up PVC contents at $SRC..."[0m
2026-04-07T17:53:16.8772272Z [36;1m  rm -rf "${SRC:?}"/*[0m
2026-04-07T17:53:16.8772548Z [36;1m  echo "PVC contents cleaned up successfully"[0m
2026-04-07T17:53:16.8772834Z [36;1melse[0m
2026-04-07T17:53:16.8773104Z [36;1m  echo "Warning: No benchmark results found in PVC at $SRC"[0m
2026-04-07T17:53:16.8773464Z [36;1m  echo "Directory contents (if exists):"[0m
2026-04-07T17:53:16.8773824Z [36;1m  ls -la "$SRC" 2>/dev/null || echo "Directory does not exist"[0m
2026-04-07T17:53:16.8774134Z [36;1mfi[0m
2026-04-07T17:53:16.8774411Z shell: bash -el {0}
2026-04-07T17:53:16.8774605Z env:
2026-04-07T17:53:16.8774855Z   LWS_NAME: vllm-deepseek-v3-2-w8a8-a3-dual-nodes-c05afd
2026-04-07T17:53:16.8775350Z   LEADER_POD: vllm-deepseek-v3-2-w8a8-a3-dual-nodes-c05afd-0
2026-04-07T17:53:16.8775829Z   LOG_PREFIX: /root/.cache/ascend-logs/vllm-deepseek-v3-2-w8a8-a3-dual-nodes-c05afd
2026-04-07T17:53:16.8776291Z   FAIL_TAG: FAIL_TAG_DeepSeek-V3_2-W8A8-A3-dual-nodes.yaml
2026-04-07T17:53:16.8776597Z ##[endgroup]
2026-04-07T17:53:16.8854667Z ##[group]Run '/home/runner/k8s/index.js'
2026-04-07T17:53:16.8855639Z shell: /home/runner/externals/node20/bin/node {0}
2026-04-07T17:53:16.8855925Z ##[endgroup]
2026-04-07T17:53:17.3220039Z (node:1222) [DEP0005] DeprecationWarning: Buffer() is deprecated due to security and usability issues. Please use the Buffer.alloc(), Buffer.allocUnsafe(), or Buffer.from() methods instead.
2026-04-07T17:53:17.3221010Z (Use `node --trace-deprecation ...` to show where the warning was created)
2026-04-07T17:53:17.9796224Z Fetching benchmark results from PVC at /root/.cache/benchmark_results/multi-node-dpsk3.2-2node...
2026-04-07T17:53:17.9815936Z Warning: No benchmark results found in PVC at /root/.cache/benchmark_results/multi-node-dpsk3.2-2node
2026-04-07T17:53:17.9816798Z Directory contents (if exists):
2026-04-07T17:53:17.9838357Z Directory does not exist
2026-04-07T17:53:18.4917024Z ##[group]Run echo "Current pod status:"
2026-04-07T17:53:18.4917383Z [36;1mecho "Current pod status:"[0m
2026-04-07T17:53:18.4917750Z [36;1mkubectl get pods -n "$NAMESPACE" --ignore-not-found=true[0m
2026-04-07T17:53:18.4918080Z [36;1m[0m
2026-04-07T17:53:18.4918304Z [36;1mecho "Deleting resources for [$LWS_NAME]..."[0m
2026-04-07T17:53:18.4918696Z [36;1mkubectl delete -f ./lws.yaml --ignore-not-found=true || true[0m
2026-04-07T17:53:18.4919027Z [36;1m[0m
2026-04-07T17:53:18.4919296Z [36;1mecho "Waiting for pods of [$LWS_NAME] to fully terminate..."[0m
2026-04-07T17:53:18.4919640Z [36;1mTIMEOUT=300[0m
2026-04-07T17:53:18.4920080Z [36;1mSLEEP_INTERVAL=5[0m
2026-04-07T17:53:18.4920333Z [36;1mSTART_TIME=$(date +%s)[0m
2026-04-07T17:53:18.4920575Z [36;1mwhile true; do[0m
2026-04-07T17:53:18.4920842Z [36;1m  ELAPSED=$(( $(date +%s) - START_TIME ))[0m
2026-04-07T17:53:18.4921155Z [36;1m  if [[ $ELAPSED -ge $TIMEOUT ]]; then[0m
2026-04-07T17:53:18.4921704Z [36;1m    echo "Timeout reached ($TIMEOUT seconds) waiting for termination, continuing anyway."[0m
2026-04-07T17:53:18.4922226Z [36;1m    kubectl get pods -n "$NAMESPACE" | grep "^${LWS_NAME}-" || true[0m
2026-04-07T17:53:18.4922567Z [36;1m    break[0m
2026-04-07T17:53:18.4922762Z [36;1m  fi[0m
2026-04-07T17:53:18.4923154Z [36;1m  PODS_EXIST=$(kubectl get pods -n "$NAMESPACE" -o jsonpath='{.items[*].metadata.name}' 2>/dev/null \[0m
2026-04-07T17:53:18.4923662Z [36;1m    | tr ' ' '\n' | grep "^${LWS_NAME}-" || true)[0m
2026-04-07T17:53:18.4923976Z [36;1m  if [[ -z "$PODS_EXIST" ]]; then[0m
2026-04-07T17:53:18.4924293Z [36;1m    echo "All pods for [$LWS_NAME] have terminated."[0m
2026-04-07T17:53:18.4924596Z [36;1m    break[0m
2026-04-07T17:53:18.4924786Z [36;1m  fi[0m
2026-04-07T17:53:18.4925114Z [36;1m  echo "Waiting for pods to terminate: $PODS_EXIST"[0m
2026-04-07T17:53:18.4925444Z [36;1m  sleep $SLEEP_INTERVAL[0m
2026-04-07T17:53:18.4925680Z [36;1mdone[0m
2026-04-07T17:53:18.4925984Z shell: bash -el {0}
2026-04-07T17:53:18.4926184Z env:
2026-04-07T17:53:18.4926435Z   LWS_NAME: vllm-deepseek-v3-2-w8a8-a3-dual-nodes-c05afd
2026-04-07T17:53:18.4926834Z   LEADER_POD: vllm-deepseek-v3-2-w8a8-a3-dual-nodes-c05afd-0
2026-04-07T17:53:18.4927326Z   LOG_PREFIX: /root/.cache/ascend-logs/vllm-deepseek-v3-2-w8a8-a3-dual-nodes-c05afd
2026-04-07T17:53:18.4927789Z   FAIL_TAG: FAIL_TAG_DeepSeek-V3_2-W8A8-A3-dual-nodes.yaml
2026-04-07T17:53:18.4928096Z ##[endgroup]
2026-04-07T17:53:18.5027027Z ##[group]Run '/home/runner/k8s/index.js'
2026-04-07T17:53:18.5027907Z shell: /home/runner/externals/node20/bin/node {0}
2026-04-07T17:53:18.5028190Z ##[endgroup]
2026-04-07T17:53:18.9326022Z (node:1351) [DEP0005] DeprecationWarning: Buffer() is deprecated due to security and usability issues. Please use the Buffer.alloc(), Buffer.allocUnsafe(), or Buffer.from() methods instead.
2026-04-07T17:53:18.9327028Z (Use `node --trace-deprecation ...` to show where the warning was created)
2026-04-07T17:53:19.5703248Z Current pod status:
2026-04-07T17:53:19.6472820Z NAME                                               READY   STATUS    RESTARTS     AGE
2026-04-07T17:53:19.6473443Z linux-aarch64-a3-0-ggwx6-runner-5vzm9              1/1     Running   0            63m
2026-04-07T17:53:19.6474442Z linux-aarch64-a3-0-ggwx6-runner-5vzm9-workflow     1/1     Running   0            63m
2026-04-07T17:53:19.6475026Z linux-aarch64-a3-0-ggwx6-runner-slzzq              1/1     Running   0            16m
2026-04-07T17:53:19.6475692Z linux-aarch64-a3-0-ggwx6-runner-slzzq-workflow     1/1     Running   0            15m
2026-04-07T17:53:19.6476253Z linux-aarch64-a3-2-nqp5k-runner-wls6r              1/1     Running   0            118m
2026-04-07T17:53:19.6476823Z linux-aarch64-a3-2-nqp5k-runner-wls6r-workflow     1/1     Running   0            118m
2026-04-07T17:53:19.6477384Z linux-aarch64-a3-4-92cdc-runner-mjqz2              1/1     Running   0            140m
2026-04-07T17:53:19.6478384Z linux-aarch64-a3-4-92cdc-runner-mjqz2-workflow     1/1     Running   0            140m
2026-04-07T17:53:19.6478947Z linux-aarch64-a3-4-92cdc-runner-qbvcr              1/1     Running   0            118m
2026-04-07T17:53:19.6479517Z linux-aarch64-a3-4-92cdc-runner-qbvcr-workflow     1/1     Running   0            118m
2026-04-07T17:53:19.6480254Z vllm-deepseek-v3-2-w8a8-a3-dual-nodes-c05afd-0     1/1     Running   1 (3s ago)   15m
2026-04-07T17:53:19.6480852Z vllm-deepseek-v3-2-w8a8-a3-dual-nodes-c05afd-0-1   1/1     Running   0            15m
2026-04-07T17:53:19.6481398Z vllm-qwen3-235b-a22b-687e41-0                      1/1     Running   0            62m
2026-04-07T17:53:19.6481885Z vllm-qwen3-235b-a22b-687e41-0-1                    1/1     Running   0            62m
2026-04-07T17:53:19.6502142Z Deleting resources for [vllm-deepseek-v3-2-w8a8-a3-dual-nodes-c05afd]...
2026-04-07T17:53:19.7177356Z leaderworkerset.leaderworkerset.x-k8s.io "vllm-deepseek-v3-2-w8a8-a3-dual-nodes-c05afd" deleted from vllm-project namespace
2026-04-07T17:53:19.7397528Z service "vllm-deepseek-v3-2-w8a8-a3-dual-nodes-c05afd-leader" deleted from vllm-project namespace
2026-04-07T17:53:19.7558731Z Waiting for pods of [vllm-deepseek-v3-2-w8a8-a3-dual-nodes-c05afd] to fully terminate...
2026-04-07T17:53:19.9546442Z Waiting for pods to terminate: vllm-deepseek-v3-2-w8a8-a3-dual-nodes-c05afd-0
2026-04-07T17:53:19.9546971Z vllm-deepseek-v3-2-w8a8-a3-dual-nodes-c05afd-0-1
2026-04-07T17:53:25.0521438Z Waiting for pods to terminate: vllm-deepseek-v3-2-w8a8-a3-dual-nodes-c05afd-0
2026-04-07T17:53:25.0521961Z vllm-deepseek-v3-2-w8a8-a3-dual-nodes-c05afd-0-1
2026-04-07T17:53:30.1605388Z Waiting for pods to terminate: vllm-deepseek-v3-2-w8a8-a3-dual-nodes-c05afd-0
2026-04-07T17:53:30.1605935Z vllm-deepseek-v3-2-w8a8-a3-dual-nodes-c05afd-0-1
2026-04-07T17:53:35.2461754Z Waiting for pods to terminate: vllm-deepseek-v3-2-w8a8-a3-dual-nodes-c05afd-0
2026-04-07T17:53:35.2462313Z vllm-deepseek-v3-2-w8a8-a3-dual-nodes-c05afd-0-1
2026-04-07T17:53:40.3372845Z Waiting for pods to terminate: vllm-deepseek-v3-2-w8a8-a3-dual-nodes-c05afd-0
2026-04-07T17:53:40.3373368Z vllm-deepseek-v3-2-w8a8-a3-dual-nodes-c05afd-0-1
2026-04-07T17:53:45.4270521Z Waiting for pods to terminate: vllm-deepseek-v3-2-w8a8-a3-dual-nodes-c05afd-0
2026-04-07T17:53:45.4271048Z vllm-deepseek-v3-2-w8a8-a3-dual-nodes-c05afd-0-1
2026-04-07T17:53:50.6208055Z Waiting for pods to terminate: vllm-deepseek-v3-2-w8a8-a3-dual-nodes-c05afd-0
2026-04-07T17:53:50.6208593Z vllm-deepseek-v3-2-w8a8-a3-dual-nodes-c05afd-0-1
2026-04-07T17:53:55.7188216Z Waiting for pods to terminate: vllm-deepseek-v3-2-w8a8-a3-dual-nodes-c05afd-0-1
2026-04-07T17:54:00.8047783Z Waiting for pods to terminate: vllm-deepseek-v3-2-w8a8-a3-dual-nodes-c05afd-0-1
2026-04-07T17:54:05.9534463Z Waiting for pods to terminate: vllm-deepseek-v3-2-w8a8-a3-dual-nodes-c05afd-0-1
2026-04-07T17:54:11.0844897Z Waiting for pods to terminate: vllm-deepseek-v3-2-w8a8-a3-dual-nodes-c05afd-0-1
2026-04-07T17:54:16.2351514Z Waiting for pods to terminate: vllm-deepseek-v3-2-w8a8-a3-dual-nodes-c05afd-0-1
2026-04-07T17:54:21.3278904Z Waiting for pods to terminate: vllm-deepseek-v3-2-w8a8-a3-dual-nodes-c05afd-0-1
2026-04-07T17:54:26.4380490Z All pods for [vllm-deepseek-v3-2-w8a8-a3-dual-nodes-c05afd] have terminated.
2026-04-07T17:54:26.9583440Z ##[group]Run set -euo pipefail
2026-04-07T17:54:26.9583780Z [36;1mset -euo pipefail[0m
2026-04-07T17:54:26.9584004Z [36;1msize="2"[0m
2026-04-07T17:54:26.9584217Z [36;1mDEST="/tmp/collected-logs"[0m
2026-04-07T17:54:26.9584497Z [36;1mPLOG_PATH=/root/ascend/log[0m
2026-04-07T17:54:26.9584761Z [36;1mKUBE_LOG_PATH=/var/log[0m
2026-04-07T17:54:26.9585020Z [36;1mfor i in $(seq 0 $((size - 1))); do[0m
2026-04-07T17:54:26.9585294Z [36;1m  if [ "${i}" -eq 0 ]; then[0m
2026-04-07T17:54:26.9585542Z [36;1m    POD="${LWS_NAME}-0"[0m
2026-04-07T17:54:26.9585779Z [36;1m  else[0m
2026-04-07T17:54:26.9586158Z [36;1m    POD="${LWS_NAME}-0-${i}"[0m
2026-04-07T17:54:26.9586399Z [36;1m  fi[0m
2026-04-07T17:54:26.9586719Z [36;1m  mkdir -p "${DEST}/node${i}/${PLOG_PATH}" "${DEST}/node${i}/${KUBE_LOG_PATH}"[0m
2026-04-07T17:54:26.9587100Z [36;1m  # pod stdout.[0m
2026-04-07T17:54:26.9587485Z [36;1m  cp "/tmp/${POD}_logs.txt" "${DEST}/node${i}/${KUBE_LOG_PATH}/" 2>/dev/null || true[0m
2026-04-07T17:54:26.9587882Z [36;1m  # Ascend plogs from PVC.[0m
2026-04-07T17:54:26.9588156Z [36;1m  SRC="${LOG_PREFIX}/node_${i}_plogs"[0m
2026-04-07T17:54:26.9588428Z [36;1m  if [ -d "$SRC" ]; then[0m
2026-04-07T17:54:26.9588753Z [36;1m    cp -r "$SRC"/. "${DEST}/node${i}/${PLOG_PATH}/" 2>/dev/null || true[0m
2026-04-07T17:54:26.9589171Z [36;1m  fi[0m
2026-04-07T17:54:26.9589357Z [36;1mdone[0m
2026-04-07T17:54:26.9589533Z [36;1m[0m
2026-04-07T17:54:26.9589802Z [36;1mtar -czf /tmp/ascend-logs.tar.gz -C /tmp collected-logs[0m
2026-04-07T17:54:26.9590396Z shell: bash -el {0}
2026-04-07T17:54:26.9590587Z env:
2026-04-07T17:54:26.9590850Z   LWS_NAME: vllm-deepseek-v3-2-w8a8-a3-dual-nodes-c05afd
2026-04-07T17:54:26.9591243Z   LEADER_POD: vllm-deepseek-v3-2-w8a8-a3-dual-nodes-c05afd-0
2026-04-07T17:54:26.9591725Z   LOG_PREFIX: /root/.cache/ascend-logs/vllm-deepseek-v3-2-w8a8-a3-dual-nodes-c05afd
2026-04-07T17:54:26.9592197Z   FAIL_TAG: FAIL_TAG_DeepSeek-V3_2-W8A8-A3-dual-nodes.yaml
2026-04-07T17:54:26.9592499Z ##[endgroup]
2026-04-07T17:54:26.9682005Z ##[group]Run '/home/runner/k8s/index.js'
2026-04-07T17:54:26.9682829Z shell: /home/runner/externals/node20/bin/node {0}
2026-04-07T17:54:26.9683119Z ##[endgroup]
2026-04-07T17:54:27.3948584Z (node:1498) [DEP0005] DeprecationWarning: Buffer() is deprecated due to security and usability issues. Please use the Buffer.alloc(), Buffer.allocUnsafe(), or Buffer.from() methods instead.
2026-04-07T17:54:27.3949613Z (Use `node --trace-deprecation ...` to show where the warning was created)
2026-04-07T17:54:29.9079671Z ##[group]Run actions/upload-artifact@v7
2026-04-07T17:54:29.9080219Z with:
2026-04-07T17:54:29.9080674Z   name: DeepSeek-V3_2-W8A8-A3-dual-nodes.yaml-ascend-logs
2026-04-07T17:54:29.9081286Z   path: /tmp/ascend-logs.tar.gz
2026-04-07T17:54:29.9081685Z   retention-days: 7
2026-04-07T17:54:29.9081897Z   if-no-files-found: warn
2026-04-07T17:54:29.9082116Z   compression-level: 6
2026-04-07T17:54:29.9082320Z   overwrite: false
2026-04-07T17:54:29.9082522Z   include-hidden-files: false
2026-04-07T17:54:29.9082743Z   archive: true
2026-04-07T17:54:29.9082931Z env:
2026-04-07T17:54:29.9083168Z   LWS_NAME: vllm-deepseek-v3-2-w8a8-a3-dual-nodes-c05afd
2026-04-07T17:54:29.9083567Z   LEADER_POD: vllm-deepseek-v3-2-w8a8-a3-dual-nodes-c05afd-0
2026-04-07T17:54:29.9084045Z   LOG_PREFIX: /root/.cache/ascend-logs/vllm-deepseek-v3-2-w8a8-a3-dual-nodes-c05afd
2026-04-07T17:54:29.9084505Z   FAIL_TAG: FAIL_TAG_DeepSeek-V3_2-W8A8-A3-dual-nodes.yaml
2026-04-07T17:54:29.9084802Z ##[endgroup]
2026-04-07T17:54:29.9114416Z ##[group]Run '/home/runner/k8s/index.js'
2026-04-07T17:54:29.9115824Z shell: /home/runner/externals/node20/bin/node {0}
2026-04-07T17:54:29.9116356Z ##[endgroup]
2026-04-07T17:54:30.3700452Z (node:1652) [DEP0005] DeprecationWarning: Buffer() is deprecated due to security and usability issues. Please use the Buffer.alloc(), Buffer.allocUnsafe(), or Buffer.from() methods instead.
2026-04-07T17:54:30.3701407Z (Use `node --trace-deprecation ...` to show where the warning was created)
2026-04-07T17:54:31.4450939Z With the provided path, there will be 1 file uploaded
2026-04-07T17:54:31.4455974Z Artifact name is valid!
2026-04-07T17:54:31.4456503Z Root directory input is valid!
2026-04-07T17:54:32.3163819Z Uploading artifact: DeepSeek-V3_2-W8A8-A3-dual-nodes.yaml-ascend-logs.zip
2026-04-07T17:54:32.3862094Z Beginning upload of artifact content to blob storage
2026-04-07T17:54:35.4769738Z Uploaded bytes 3740811
2026-04-07T17:54:35.7097195Z Finished uploading artifact content to blob storage!
2026-04-07T17:54:35.7098249Z SHA256 digest of uploaded artifact is f1ae7cdbdeeeb5b7a760ba732ae7989e5e552f5264a4edf8c5b744a6cb90f282
2026-04-07T17:54:35.7099157Z Finalizing artifact upload
2026-04-07T17:54:36.5747728Z Artifact DeepSeek-V3_2-W8A8-A3-dual-nodes.yaml-ascend-logs successfully finalized. Artifact ID 6312044362
2026-04-07T17:54:36.5748623Z Artifact DeepSeek-V3_2-W8A8-A3-dual-nodes.yaml-ascend-logs has been successfully uploaded! Final size is 3740811 bytes. Artifact ID is 6312044362
2026-04-07T17:54:36.5752811Z Artifact download URL: https://github.com/vllm-project/vllm-ascend/actions/runs/24092956146/artifacts/6312044362
2026-04-07T17:54:37.1293711Z ##[group]Run echo "artifact_ts=$(date -u +%Y%m%dT%H%M%SZ)" >> $GITHUB_OUTPUT
2026-04-07T17:54:37.1294231Z [36;1mecho "artifact_ts=$(date -u +%Y%m%dT%H%M%SZ)" >> $GITHUB_OUTPUT[0m
2026-04-07T17:54:37.1294754Z shell: bash -el {0}
2026-04-07T17:54:37.1294957Z env:
2026-04-07T17:54:37.1295217Z   LWS_NAME: vllm-deepseek-v3-2-w8a8-a3-dual-nodes-c05afd
2026-04-07T17:54:37.1295624Z   LEADER_POD: vllm-deepseek-v3-2-w8a8-a3-dual-nodes-c05afd-0
2026-04-07T17:54:37.1296204Z   LOG_PREFIX: /root/.cache/ascend-logs/vllm-deepseek-v3-2-w8a8-a3-dual-nodes-c05afd
2026-04-07T17:54:37.1296684Z   FAIL_TAG: FAIL_TAG_DeepSeek-V3_2-W8A8-A3-dual-nodes.yaml
2026-04-07T17:54:37.1297000Z ##[endgroup]
2026-04-07T17:54:37.1440644Z ##[group]Run '/home/runner/k8s/index.js'
2026-04-07T17:54:37.1441495Z shell: /home/runner/externals/node20/bin/node {0}
2026-04-07T17:54:37.1441778Z ##[endgroup]
2026-04-07T17:54:37.5695662Z (node:1814) [DEP0005] DeprecationWarning: Buffer() is deprecated due to security and usability issues. Please use the Buffer.alloc(), Buffer.allocUnsafe(), or Buffer.from() methods instead.
2026-04-07T17:54:37.5696578Z (Use `node --trace-deprecation ...` to show where the warning was created)
2026-04-07T17:54:40.0816944Z ##[group]Run actions/upload-artifact@v4
2026-04-07T17:54:40.0817272Z with:
2026-04-07T17:54:40.0817654Z   name: nightly-test-benchmark-results-multi-node-dpsk3.2-2node-20260407T175438Z
2026-04-07T17:54:40.0818117Z   path: /tmp/benchmark_results/
2026-04-07T17:54:40.0818386Z   if-no-files-found: warn
2026-04-07T17:54:40.0818644Z   retention-days: 90
2026-04-07T17:54:40.0818854Z   compression-level: 0
2026-04-07T17:54:40.0819066Z   overwrite: false
2026-04-07T17:54:40.0819276Z   include-hidden-files: false
2026-04-07T17:54:40.0819514Z env:
2026-04-07T17:54:40.0819762Z   LWS_NAME: vllm-deepseek-v3-2-w8a8-a3-dual-nodes-c05afd
2026-04-07T17:54:40.0820446Z   LEADER_POD: vllm-deepseek-v3-2-w8a8-a3-dual-nodes-c05afd-0
2026-04-07T17:54:40.0835361Z   LOG_PREFIX: /root/.cache/ascend-logs/vllm-deepseek-v3-2-w8a8-a3-dual-nodes-c05afd
2026-04-07T17:54:40.0835937Z   FAIL_TAG: FAIL_TAG_DeepSeek-V3_2-W8A8-A3-dual-nodes.yaml
2026-04-07T17:54:40.0836260Z ##[endgroup]
2026-04-07T17:54:40.0864374Z ##[group]Run '/home/runner/k8s/index.js'
2026-04-07T17:54:40.0865230Z shell: /home/runner/externals/node20/bin/node {0}
2026-04-07T17:54:40.0865527Z ##[endgroup]
2026-04-07T17:54:40.5132567Z (node:2067) [DEP0005] DeprecationWarning: Buffer() is deprecated due to security and usability issues. Please use the Buffer.alloc(), Buffer.allocUnsafe(), or Buffer.from() methods instead.
2026-04-07T17:54:40.5133587Z (Use `node --trace-deprecation ...` to show where the warning was created)
2026-04-07T17:54:41.7469028Z ##[warning]No files were found with the provided path: /tmp/benchmark_results/. No artifacts will be uploaded.
2026-04-07T17:54:42.3925522Z Post job cleanup.
2026-04-07T17:54:42.3948991Z ##[group]Run '/home/runner/k8s/index.js'
2026-04-07T17:54:42.3950085Z shell: /home/runner/externals/node20/bin/node {0}
2026-04-07T17:54:42.3950428Z ##[endgroup]
2026-04-07T17:54:42.8222759Z (node:2251) [DEP0005] DeprecationWarning: Buffer() is deprecated due to security and usability issues. Please use the Buffer.alloc(), Buffer.allocUnsafe(), or Buffer.from() methods instead.
2026-04-07T17:54:42.8223690Z (Use `node --trace-deprecation ...` to show where the warning was created)
2026-04-07T17:54:43.8988978Z [command]/usr/bin/git version
2026-04-07T17:54:43.9185284Z git version 2.34.1
2026-04-07T17:54:43.9213201Z Copying '/root/.gitconfig' to '/__w/_temp/79db72d3-e930-44a4-81be-bb737eed7977/.gitconfig'
2026-04-07T17:54:43.9221165Z Temporarily overriding HOME='/__w/_temp/79db72d3-e930-44a4-81be-bb737eed7977' before making global git config changes
2026-04-07T17:54:43.9221970Z Adding repository directory to the temporary git global config as a safe directory
2026-04-07T17:54:43.9225132Z [command]/usr/bin/git config --global --add safe.directory /__w/vllm-ascend/vllm-ascend
2026-04-07T17:54:43.9267430Z Removing SSH command configuration
2026-04-07T17:54:43.9272149Z [command]/usr/bin/git config --local --name-only --get-regexp core\.sshCommand
2026-04-07T17:54:43.9333435Z [command]/usr/bin/git submodule foreach --recursive sh -c "git config --local --name-only --get-regexp 'core\.sshCommand' && git config --local --unset-all 'core.sshCommand' || :"
2026-04-07T17:54:43.9904582Z Removing HTTP extra header
2026-04-07T17:54:43.9908476Z [command]/usr/bin/git config --local --name-only --get-regexp http\.https\:\/\/github\.com\/\.extraheader
2026-04-07T17:54:43.9949111Z [command]/usr/bin/git submodule foreach --recursive sh -c "git config --local --name-only --get-regexp 'http\.https\:\/\/github\.com\/\.extraheader' && git config --local --unset-all 'http.https://github.com/.extraheader' || :"
2026-04-07T17:54:44.0163550Z Removing includeIf entries pointing to credentials config files
2026-04-07T17:54:44.0167548Z [command]/usr/bin/git config --local --name-only --get-regexp ^includeIf\.gitdir:
2026-04-07T17:54:44.0186800Z includeif.gitdir:/__w/vllm-ascend/vllm-ascend/.git.path
2026-04-07T17:54:44.0187267Z includeif.gitdir:/__w/vllm-ascend/vllm-ascend/.git/worktrees/*.path
2026-04-07T17:54:44.0187691Z includeif.gitdir:/github/workspace/.git.path
2026-04-07T17:54:44.0188065Z includeif.gitdir:/github/workspace/.git/worktrees/*.path
2026-04-07T17:54:44.0194920Z [command]/usr/bin/git config --local --get-all includeif.gitdir:/__w/vllm-ascend/vllm-ascend/.git.path
2026-04-07T17:54:44.0213559Z /__w/_temp/git-credentials-58944f80-b702-4211-b896-5f27c18fb3df.config
2026-04-07T17:54:44.0221991Z [command]/usr/bin/git config --local --unset includeif.gitdir:/__w/vllm-ascend/vllm-ascend/.git.path /__w/_temp/git-credentials-58944f80-b702-4211-b896-5f27c18fb3df.config
2026-04-07T17:54:44.0255417Z [command]/usr/bin/git config --local --get-all includeif.gitdir:/__w/vllm-ascend/vllm-ascend/.git/worktrees/*.path
2026-04-07T17:54:44.0272365Z /__w/_temp/git-credentials-58944f80-b702-4211-b896-5f27c18fb3df.config
2026-04-07T17:54:44.0280308Z [command]/usr/bin/git config --local --unset includeif.gitdir:/__w/vllm-ascend/vllm-ascend/.git/worktrees/*.path /__w/_temp/git-credentials-58944f80-b702-4211-b896-5f27c18fb3df.config
2026-04-07T17:54:44.0306418Z [command]/usr/bin/git config --local --get-all includeif.gitdir:/github/workspace/.git.path
2026-04-07T17:54:44.0325437Z /github/runner_temp/git-credentials-58944f80-b702-4211-b896-5f27c18fb3df.config
2026-04-07T17:54:44.0332995Z [command]/usr/bin/git config --local --unset includeif.gitdir:/github/workspace/.git.path /github/runner_temp/git-credentials-58944f80-b702-4211-b896-5f27c18fb3df.config
2026-04-07T17:54:44.0363017Z [command]/usr/bin/git config --local --get-all includeif.gitdir:/github/workspace/.git/worktrees/*.path
2026-04-07T17:54:44.0378419Z /github/runner_temp/git-credentials-58944f80-b702-4211-b896-5f27c18fb3df.config
2026-04-07T17:54:44.0385347Z [command]/usr/bin/git config --local --unset includeif.gitdir:/github/workspace/.git/worktrees/*.path /github/runner_temp/git-credentials-58944f80-b702-4211-b896-5f27c18fb3df.config
2026-04-07T17:54:44.0414306Z [command]/usr/bin/git submodule foreach --recursive git config --local --show-origin --name-only --get-regexp remote.origin.url
2026-04-07T17:54:44.0653958Z Removing credentials config '/__w/_temp/git-credentials-58944f80-b702-4211-b896-5f27c18fb3df.config'
2026-04-07T17:55:03.7393734Z ##[group]Run '/home/runner/k8s/index.js'
2026-04-07T17:55:03.7394744Z shell: /home/runner/externals/node20/bin/node {0}
2026-04-07T17:55:03.7395041Z ##[endgroup]
2026-04-07T17:55:04.2158718Z Cleaning up orphan processes
2026-04-07T17:55:04.2179697Z ##[warning]Node.js 20 actions are deprecated. The following actions are running on Node.js 20 and may not work as expected: actions/upload-artifact@v4. Actions will be forced to run with Node.js 24 by default starting June 2nd, 2026. Please check if updated versions of these actions are available that support Node.js 24. To opt into Node.js 24 now, set the FORCE_JAVASCRIPT_ACTIONS_TO_NODE24=true environment variable on the runner or in your workflow file. Once Node.js 24 becomes the default, you can temporarily opt out by setting ACTIONS_ALLOW_USE_UNSECURE_NODE_VERSION=true. For more information see: https://github.blog/changelog/2025-09-19-deprecation-of-node-20-on-github-actions-runners/
