# Run ID: 21955633637
# Commit: 41d056f94716d2ac74b73f26547a109c099e82dd
# Job: single-node (qwen3-235b-a22b-w8a8-eplb, linux-aarch64-a3-16, tests/e2e/nightly/single_node/models... / tests/e2e/nightly/single_node/models/test_qwen3_235b_a22b_w8a8_eplb.py
# Date: 2026-02-12
============================================================

﻿2026-02-12T23:16:43.4777917Z Current runner version: '2.330.0'
2026-02-12T23:16:43.4785615Z Runner name: 'linux-aarch64-a3-16-jl5bl-runner-75xh5'
2026-02-12T23:16:43.4786730Z Runner group name: 'Default'
2026-02-12T23:16:43.4787859Z Machine name: 'linux-aarch64-a3-16-jl5bl-runner-75xh5'
2026-02-12T23:16:43.4793458Z ##[group]GITHUB_TOKEN Permissions
2026-02-12T23:16:43.4796569Z Actions: write
2026-02-12T23:16:43.4797211Z ArtifactMetadata: write
2026-02-12T23:16:43.4798043Z Attestations: write
2026-02-12T23:16:43.4798654Z Checks: write
2026-02-12T23:16:43.4799333Z Contents: write
2026-02-12T23:16:43.4800087Z Deployments: write
2026-02-12T23:16:43.4800653Z Discussions: write
2026-02-12T23:16:43.4801245Z Issues: write
2026-02-12T23:16:43.4801785Z Metadata: read
2026-02-12T23:16:43.4802779Z Models: read
2026-02-12T23:16:43.4803488Z Packages: write
2026-02-12T23:16:43.4804121Z Pages: write
2026-02-12T23:16:43.4804727Z PullRequests: write
2026-02-12T23:16:43.4805894Z RepositoryProjects: write
2026-02-12T23:16:43.4807227Z SecurityEvents: write
2026-02-12T23:16:43.4809224Z Statuses: write
2026-02-12T23:16:43.4810087Z ##[endgroup]
2026-02-12T23:16:43.4812890Z Secret source: Actions
2026-02-12T23:16:43.4813631Z Prepare workflow directory
2026-02-12T23:16:43.5734794Z Prepare all required actions
2026-02-12T23:16:43.5824809Z Uses: vllm-project/vllm-ascend/.github/workflows/_e2e_nightly_single_node.yaml@refs/heads/main (41d056f94716d2ac74b73f26547a109c099e82dd)
2026-02-12T23:16:43.5830969Z ##[group] Inputs
2026-02-12T23:16:43.5831930Z   runner: linux-aarch64-a3-16
2026-02-12T23:16:43.5833224Z   image: swr.cn-southwest-2.myhuaweicloud.com/base_image/ascend-ci/vllm-ascend:nightly-a3
2026-02-12T23:16:43.5834539Z   tests: tests/e2e/nightly/single_node/models/test_qwen3_235b_a22b_w8a8_eplb.py
2026-02-12T23:16:43.5835757Z   name: qwen3-235b-a22b-w8a8-eplb
2026-02-12T23:16:43.5836459Z ##[endgroup]
2026-02-12T23:16:43.5838155Z Complete job name: single-node (qwen3-235b-a22b-w8a8-eplb, linux-aarch64-a3-16, tests/e2e/nightly/single_node/models... / tests/e2e/nightly/single_node/models/test_qwen3_235b_a22b_w8a8_eplb.py
2026-02-12T23:16:43.6652272Z ##[group]Run '/home/runner/k8s/index.js'
2026-02-12T23:16:43.6663182Z shell: /home/runner/externals/node20/bin/node {0}
2026-02-12T23:16:43.6664420Z ##[endgroup]
2026-02-12T23:19:55.7144194Z (node:56) [DEP0005] DeprecationWarning: Buffer() is deprecated due to security and usability issues. Please use the Buffer.alloc(), Buffer.allocUnsafe(), or Buffer.from() methods instead.
2026-02-12T23:19:55.7145483Z (Use `node --trace-deprecation ...` to show where the warning was created)
2026-02-12T23:19:56.2349322Z ##[group]Run npu-smi info
2026-02-12T23:19:56.2349736Z [36;1mnpu-smi info[0m
2026-02-12T23:19:56.2350381Z [36;1mcat /usr/local/Ascend/ascend-toolkit/latest/"$(uname -i)"-linux/ascend_toolkit_install.info[0m
2026-02-12T23:19:56.2351447Z shell: bash -el {0}
2026-02-12T23:19:56.2351692Z env:
2026-02-12T23:19:56.2351895Z   HF_HUB_OFFLINE: 1
2026-02-12T23:19:56.2352151Z   VLLM_USE_MODELSCOPE: true
2026-02-12T23:19:56.2352443Z ##[endgroup]
2026-02-12T23:19:56.2494500Z ##[group]Run '/home/runner/k8s/index.js'
2026-02-12T23:19:56.2496048Z shell: /home/runner/externals/node20/bin/node {0}
2026-02-12T23:19:56.2496521Z ##[endgroup]
2026-02-12T23:19:56.7831621Z (node:124) [DEP0005] DeprecationWarning: Buffer() is deprecated due to security and usability issues. Please use the Buffer.alloc(), Buffer.allocUnsafe(), or Buffer.from() methods instead.
2026-02-12T23:19:56.7833032Z (Use `node --trace-deprecation ...` to show where the warning was created)
2026-02-12T23:19:59.2413512Z +------------------------------------------------------------------------------------------------+
2026-02-12T23:19:59.2414777Z | npu-smi 25.5.0                   Version: 25.5.0                                               |
2026-02-12T23:19:59.2416202Z +---------------------------+---------------+----------------------------------------------------+
2026-02-12T23:19:59.2417307Z | NPU   Name                | Health        | Power(W)    Temp(C)           Hugepages-Usage(page)|
2026-02-12T23:19:59.2418731Z | Chip  Phy-ID              | Bus-Id        | AICore(%)   Memory-Usage(MB)  HBM-Usage(MB)        |
2026-02-12T23:19:59.2419332Z +===========================+===============+====================================================+
2026-02-12T23:19:59.2419971Z | 0     Ascend910           | OK            | 163.8       36                0    / 0             |
2026-02-12T23:19:59.2420560Z | 0     0                   | 0000:9D:00.0  | 0           0    / 0          3155 / 65536         |
2026-02-12T23:19:59.2421189Z +------------------------------------------------------------------------------------------------+
2026-02-12T23:19:59.2421856Z | 0     Ascend910           | OK            | -           37                0    / 0             |
2026-02-12T23:19:59.2422424Z | 1     1                   | 0000:9F:00.0  | 0           0    / 0          2896 / 65536         |
2026-02-12T23:19:59.2423041Z +===========================+===============+====================================================+
2026-02-12T23:19:59.2423612Z | 1     Ascend910           | OK            | 162.5       36                0    / 0             |
2026-02-12T23:19:59.2424184Z | 0     2                   | 0000:99:00.0  | 0           0    / 0          3158 / 65536         |
2026-02-12T23:19:59.2424811Z +------------------------------------------------------------------------------------------------+
2026-02-12T23:19:59.2425763Z | 1     Ascend910           | OK            | -           36                0    / 0             |
2026-02-12T23:19:59.2426345Z | 1     3                   | 0000:9B:00.0  | 0           0    / 0          2885 / 65536         |
2026-02-12T23:19:59.2427043Z +===========================+===============+====================================================+
2026-02-12T23:19:59.2427812Z | 2     Ascend910           | OK            | 164.6       37                0    / 0             |
2026-02-12T23:19:59.2428641Z | 0     4                   | 0000:95:00.0  | 0           0    / 0          3161 / 65536         |
2026-02-12T23:19:59.2429629Z +------------------------------------------------------------------------------------------------+
2026-02-12T23:19:59.2430751Z | 2     Ascend910           | OK            | -           37                0    / 0             |
2026-02-12T23:19:59.2431574Z | 1     5                   | 0000:97:00.0  | 0           0    / 0          2885 / 65536         |
2026-02-12T23:19:59.2432089Z +===========================+===============+====================================================+
2026-02-12T23:19:59.2433066Z | 3     Ascend910           | OK            | 172.5       36                0    / 0             |
2026-02-12T23:19:59.2433663Z | 0     6                   | 0000:91:00.0  | 0           0    / 0          3148 / 65536         |
2026-02-12T23:19:59.2434257Z +------------------------------------------------------------------------------------------------+
2026-02-12T23:19:59.2435033Z | 3     Ascend910           | OK            | -           36                0    / 0             |
2026-02-12T23:19:59.2435605Z | 1     7                   | 0000:93:00.0  | 0           0    / 0          2896 / 65536         |
2026-02-12T23:19:59.2436136Z +===========================+===============+====================================================+
2026-02-12T23:19:59.2436689Z | 4     Ascend910           | OK            | 163.7       36                0    / 0             |
2026-02-12T23:19:59.2437254Z | 0     8                   | 0000:8D:00.0  | 0           0    / 0          3153 / 65536         |
2026-02-12T23:19:59.2437861Z +------------------------------------------------------------------------------------------------+
2026-02-12T23:19:59.2438461Z | 4     Ascend910           | OK            | -           36                0    / 0             |
2026-02-12T23:19:59.2439025Z | 1     9                   | 0000:8F:00.0  | 0           0    / 0          2897 / 65536         |
2026-02-12T23:19:59.2439544Z +===========================+===============+====================================================+
2026-02-12T23:19:59.2440202Z | 5     Ascend910           | OK            | 165.6       35                0    / 0             |
2026-02-12T23:19:59.2440869Z | 0     10                  | 0000:89:00.0  | 0           0    / 0          3148 / 65536         |
2026-02-12T23:19:59.2441458Z +------------------------------------------------------------------------------------------------+
2026-02-12T23:19:59.2442076Z | 5     Ascend910           | OK            | -           36                0    / 0             |
2026-02-12T23:19:59.2442651Z | 1     11                  | 0000:8B:00.0  | 0           0    / 0          2891 / 65536         |
2026-02-12T23:19:59.5441739Z +===========================+===============+====================================================+
2026-02-12T23:19:59.5442778Z | 6     Ascend910           | OK            | 166.4       37                0    / 0             |
2026-02-12T23:19:59.5443549Z | 0     12                  | 0000:85:00.0  | 0           0    / 0          3150 / 65536         |
2026-02-12T23:19:59.5444268Z +------------------------------------------------------------------------------------------------+
2026-02-12T23:19:59.5445035Z | 6     Ascend910           | OK            | -           35                0    / 0             |
2026-02-12T23:19:59.5445717Z | 1     13                  | 0000:87:00.0  | 0           0    / 0          2895 / 65536         |
2026-02-12T23:19:59.5446480Z +===========================+===============+====================================================+
2026-02-12T23:19:59.5447077Z | 7     Ascend910           | OK            | 163.4       37                0    / 0             |
2026-02-12T23:19:59.5447630Z | 0     14                  | 0000:81:00.0  | 0           0    / 0          3157 / 65536         |
2026-02-12T23:19:59.5448192Z +------------------------------------------------------------------------------------------------+
2026-02-12T23:19:59.5448790Z | 7     Ascend910           | OK            | -           36                0    / 0             |
2026-02-12T23:19:59.5449337Z | 1     15                  | 0000:83:00.0  | 0           0    / 0          2883 / 65536         |
2026-02-12T23:19:59.5449817Z +===========================+===============+====================================================+
2026-02-12T23:19:59.5450362Z +---------------------------+---------------+----------------------------------------------------+
2026-02-12T23:19:59.5451005Z | NPU     Chip              | Process id    | Process name             | Process memory(MB)      |
2026-02-12T23:19:59.5451881Z +===========================+===============+====================================================+
2026-02-12T23:19:59.5452460Z | No running processes found in NPU 0                                                            |
2026-02-12T23:19:59.5453098Z +===========================+===============+====================================================+
2026-02-12T23:19:59.5453662Z | No running processes found in NPU 1                                                            |
2026-02-12T23:19:59.5454213Z +===========================+===============+====================================================+
2026-02-12T23:19:59.5454774Z | No running processes found in NPU 2                                                            |
2026-02-12T23:19:59.5455462Z +===========================+===============+====================================================+
2026-02-12T23:19:59.5456025Z | No running processes found in NPU 3                                                            |
2026-02-12T23:19:59.5456586Z +===========================+===============+====================================================+
2026-02-12T23:19:59.5457135Z | No running processes found in NPU 4                                                            |
2026-02-12T23:19:59.5457694Z +===========================+===============+====================================================+
2026-02-12T23:19:59.5458242Z | No running processes found in NPU 5                                                            |
2026-02-12T23:19:59.5458935Z +===========================+===============+====================================================+
2026-02-12T23:19:59.5459503Z | No running processes found in NPU 6                                                            |
2026-02-12T23:19:59.5460117Z +===========================+===============+====================================================+
2026-02-12T23:19:59.5460812Z | No running processes found in NPU 7                                                            |
2026-02-12T23:19:59.5461364Z +===========================+===============+====================================================+
2026-02-12T23:19:59.5480195Z package_name=Ascend-cann-toolkit
2026-02-12T23:19:59.5480793Z version=8.5.0
2026-02-12T23:19:59.5481117Z innerversion=V100R001C25SPC001B232
2026-02-12T23:19:59.5481675Z compatible_version=[V100R001C15],[V100R001C18],[V100R001C19],[V100R001C20],[V100R001C21],[V100R001C23]
2026-02-12T23:19:59.5482221Z arch=aarch64
2026-02-12T23:19:59.5482462Z os=linux
2026-02-12T23:19:59.5482864Z path=/usr/local/Ascend/cann-8.5.0
2026-02-12T23:19:59.9477699Z ##[group]Run echo "Installed vLLM-related Python packages:"
2026-02-12T23:19:59.9478392Z [36;1mecho "Installed vLLM-related Python packages:"[0m
2026-02-12T23:19:59.9478982Z [36;1mpip list | grep vllm || echo "No vllm packages found."[0m
2026-02-12T23:19:59.9479491Z [36;1m[0m
2026-02-12T23:19:59.9479756Z [36;1mecho ""[0m
2026-02-12T23:19:59.9480093Z [36;1mecho "============================"[0m
2026-02-12T23:19:59.9480474Z [36;1mecho "vLLM Git information"[0m
2026-02-12T23:19:59.9480908Z [36;1mecho "============================"[0m
2026-02-12T23:19:59.9481264Z [36;1mcd vllm[0m
2026-02-12T23:19:59.9481582Z [36;1mif [ -d .git ]; then[0m
2026-02-12T23:19:59.9482024Z [36;1m  echo "Branch:      $(git rev-parse --abbrev-ref HEAD)"[0m
2026-02-12T23:19:59.9482569Z [36;1m  echo "Commit hash: $(git rev-parse HEAD)"[0m
2026-02-12T23:19:59.9483213Z [36;1m  echo "Author:      $(git log -1 --pretty=format:'%an <%ae>')"[0m
2026-02-12T23:19:59.9483959Z [36;1m  echo "Date:        $(git log -1 --pretty=format:'%ad' --date=iso)"[0m
2026-02-12T23:19:59.9484530Z [36;1m  echo "Message:     $(git log -1 --pretty=format:'%s')"[0m
2026-02-12T23:19:59.9485303Z [36;1m  echo "Tags:        $(git tag --points-at HEAD || echo 'None')"[0m
2026-02-12T23:19:59.9485888Z [36;1m  echo "Remote:      $(git remote -v | head -n1)"[0m
2026-02-12T23:19:59.9486305Z [36;1m  echo ""[0m
2026-02-12T23:19:59.9486652Z [36;1melse[0m
2026-02-12T23:19:59.9487009Z [36;1m  echo "No .git directory found in vllm"[0m
2026-02-12T23:19:59.9487394Z [36;1mfi[0m
2026-02-12T23:19:59.9487609Z [36;1mcd ..[0m
2026-02-12T23:19:59.9487823Z [36;1m[0m
2026-02-12T23:19:59.9488019Z [36;1mecho ""[0m
2026-02-12T23:19:59.9488269Z [36;1mecho "============================"[0m
2026-02-12T23:19:59.9488611Z [36;1mecho "vLLM-Ascend Git information"[0m
2026-02-12T23:19:59.9488960Z [36;1mecho "============================"[0m
2026-02-12T23:19:59.9489290Z [36;1mcd vllm-ascend[0m
2026-02-12T23:19:59.9489567Z [36;1mif [ -d .git ]; then[0m
2026-02-12T23:19:59.9489941Z [36;1m  echo "Branch:      $(git rev-parse --abbrev-ref HEAD)"[0m
2026-02-12T23:19:59.9490388Z [36;1m  echo "Commit hash: $(git rev-parse HEAD)"[0m
2026-02-12T23:19:59.9490858Z [36;1m  echo "Author:      $(git log -1 --pretty=format:'%an <%ae>')"[0m
2026-02-12T23:19:59.9491387Z [36;1m  echo "Date:        $(git log -1 --pretty=format:'%ad' --date=iso)"[0m
2026-02-12T23:19:59.9491922Z [36;1m  echo "Message:     $(git log -1 --pretty=format:'%s')"[0m
2026-02-12T23:19:59.9492432Z [36;1m  echo "Tags:        $(git tag --points-at HEAD || echo 'None')"[0m
2026-02-12T23:19:59.9492979Z [36;1m  echo "Remote:      $(git remote -v | head -n1)"[0m
2026-02-12T23:19:59.9493356Z [36;1m  echo ""[0m
2026-02-12T23:19:59.9493577Z [36;1melse[0m
2026-02-12T23:19:59.9493870Z [36;1m  echo "No .git directory found in vllm-ascend"[0m
2026-02-12T23:19:59.9494221Z [36;1mfi[0m
2026-02-12T23:19:59.9494612Z [36;1mcd ..[0m
2026-02-12T23:19:59.9495109Z shell: bash -el {0}
2026-02-12T23:19:59.9495344Z env:
2026-02-12T23:19:59.9495562Z   HF_HUB_OFFLINE: 1
2026-02-12T23:19:59.9495793Z   VLLM_USE_MODELSCOPE: true
2026-02-12T23:19:59.9496063Z ##[endgroup]
2026-02-12T23:19:59.9579915Z ##[group]Run '/home/runner/k8s/index.js'
2026-02-12T23:19:59.9581310Z shell: /home/runner/externals/node20/bin/node {0}
2026-02-12T23:19:59.9581901Z ##[endgroup]
2026-02-12T23:20:00.4995886Z (node:157) [DEP0005] DeprecationWarning: Buffer() is deprecated due to security and usability issues. Please use the Buffer.alloc(), Buffer.allocUnsafe(), or Buffer.from() methods instead.
2026-02-12T23:20:00.8656329Z (Use `node --trace-deprecation ...` to show where the warning was created)
2026-02-12T23:20:01.3406587Z Installed vLLM-related Python packages:
2026-02-12T23:20:01.9868263Z ais_bench_benchmark               3.0.20250930                /vllm-workspace/vllm-ascend/benchmark
2026-02-12T23:20:01.9868911Z vllm                              0.15.0+empty                /vllm-workspace/vllm
2026-02-12T23:20:01.9869918Z vllm_ascend                       0.14.0rc2.dev160+g41d056f94 /vllm-workspace/vllm-ascend
2026-02-12T23:20:01.9876882Z 
2026-02-12T23:20:01.9877410Z ============================
2026-02-12T23:20:01.9877760Z vLLM Git information
2026-02-12T23:20:01.9878015Z ============================
2026-02-12T23:20:02.0134230Z Branch:      HEAD
2026-02-12T23:20:02.0155893Z Commit hash: f176443446f659dbab5315e056e605d8984fd976
2026-02-12T23:20:02.0237601Z Author:      TJian <tunjian.tan@embeddedllm.com>
2026-02-12T23:20:02.0262183Z Date:        2026-01-29 14:45:42 +0800
2026-02-12T23:20:02.0287454Z Message:     [Release] [CI] Optim release pipeline (#33156)
2026-02-12T23:20:02.0333102Z Tags:        v0.15.0
2026-02-12T23:20:02.0365534Z Remote:      origin	https://gh-proxy.test.osinfra.cn/https://github.com/vllm-project/vllm.git (fetch)
2026-02-12T23:20:02.0366129Z 
2026-02-12T23:20:02.0366136Z 
2026-02-12T23:20:02.0366244Z ============================
2026-02-12T23:20:02.0366553Z vLLM-Ascend Git information
2026-02-12T23:20:02.0366835Z ============================
2026-02-12T23:20:02.0433192Z Branch:      main
2026-02-12T23:20:02.0453811Z Commit hash: 41d056f94716d2ac74b73f26547a109c099e82dd
2026-02-12T23:20:02.0577199Z Author:      taoyao1221 <taoyao1221@gmail.com>
2026-02-12T23:20:02.0577593Z Date:        2026-02-12 16:08:17 +0800
2026-02-12T23:20:02.0588029Z Message:     [doc] add A2 series doc for GLM5.md (#6717)
2026-02-12T23:20:02.0851343Z Tags:        
2026-02-12T23:20:02.0875941Z Remote:      origin	https://gh-proxy.test.osinfra.cn/https://github.com/vllm-project/vllm-ascend (fetch)
2026-02-12T23:20:02.0876485Z 
2026-02-12T23:20:02.6711895Z ##[group]Run apt-get update && apt-get -y install clang-15
2026-02-12T23:20:02.6712432Z [36;1mapt-get update && apt-get -y install clang-15[0m
2026-02-12T23:20:02.6713118Z [36;1mupdate-alternatives --install /usr/bin/clang clang /usr/bin/clang-15 20[0m
2026-02-12T23:20:02.6713822Z [36;1mupdate-alternatives --install /usr/bin/clang++ clang++ /usr/bin/clang++-15 20[0m
2026-02-12T23:20:02.6714486Z shell: bash -l {0}
2026-02-12T23:20:02.6714720Z env:
2026-02-12T23:20:02.6715031Z   HF_HUB_OFFLINE: 1
2026-02-12T23:20:02.6715286Z   VLLM_USE_MODELSCOPE: true
2026-02-12T23:20:02.6715549Z ##[endgroup]
2026-02-12T23:20:02.6862388Z ##[group]Run '/home/runner/k8s/index.js'
2026-02-12T23:20:02.6863684Z shell: /home/runner/externals/node20/bin/node {0}
2026-02-12T23:20:02.6864034Z ##[endgroup]
2026-02-12T23:20:03.2539526Z (node:199) [DEP0005] DeprecationWarning: Buffer() is deprecated due to security and usability issues. Please use the Buffer.alloc(), Buffer.allocUnsafe(), or Buffer.from() methods instead.
2026-02-12T23:20:03.2540651Z (Use `node --trace-deprecation ...` to show where the warning was created)
2026-02-12T23:20:05.5672943Z Get:1 http://ports.ubuntu.com/ubuntu-ports jammy InRelease [270 kB]
2026-02-12T23:20:07.2598784Z Get:2 http://ports.ubuntu.com/ubuntu-ports jammy-updates InRelease [128 kB]
2026-02-12T23:20:07.6765671Z Get:3 http://ports.ubuntu.com/ubuntu-ports jammy-backports InRelease [127 kB]
2026-02-12T23:20:08.0841041Z Get:4 http://ports.ubuntu.com/ubuntu-ports jammy-security InRelease [129 kB]
2026-02-12T23:20:08.4985162Z Get:5 http://ports.ubuntu.com/ubuntu-ports jammy/universe arm64 Packages [17.2 MB]
2026-02-12T23:20:11.0821377Z Get:6 http://ports.ubuntu.com/ubuntu-ports jammy/main arm64 Packages [1758 kB]
2026-02-12T23:20:11.2060291Z Get:7 http://ports.ubuntu.com/ubuntu-ports jammy/restricted arm64 Packages [24.2 kB]
2026-02-12T23:20:11.2090557Z Get:8 http://ports.ubuntu.com/ubuntu-ports jammy/multiverse arm64 Packages [224 kB]
2026-02-12T23:20:11.2454572Z Get:9 http://ports.ubuntu.com/ubuntu-ports jammy-updates/universe arm64 Packages [1650 kB]
2026-02-12T23:20:11.4232574Z Get:10 http://ports.ubuntu.com/ubuntu-ports jammy-updates/restricted arm64 Packages [6450 kB]
2026-02-12T23:20:12.0501976Z Get:11 http://ports.ubuntu.com/ubuntu-ports jammy-updates/main arm64 Packages [3819 kB]
2026-02-12T23:20:12.4187000Z Get:12 http://ports.ubuntu.com/ubuntu-ports jammy-updates/multiverse arm64 Packages [47.7 kB]
2026-02-12T23:20:12.4227207Z Get:13 http://ports.ubuntu.com/ubuntu-ports jammy-backports/universe arm64 Packages [35.3 kB]
2026-02-12T23:20:12.4263106Z Get:14 http://ports.ubuntu.com/ubuntu-ports jammy-backports/main arm64 Packages [83.5 kB]
2026-02-12T23:20:12.4343325Z Get:15 http://ports.ubuntu.com/ubuntu-ports jammy-security/restricted arm64 Packages [6249 kB]
2026-02-12T23:20:13.0421524Z Get:16 http://ports.ubuntu.com/ubuntu-ports jammy-security/universe arm64 Packages [1347 kB]
2026-02-12T23:20:13.1721275Z Get:17 http://ports.ubuntu.com/ubuntu-ports jammy-security/multiverse arm64 Packages [41.2 kB]
2026-02-12T23:20:13.1784259Z Get:18 http://ports.ubuntu.com/ubuntu-ports jammy-security/main arm64 Packages [3486 kB]
2026-02-12T23:20:13.6600369Z Fetched 43.1 MB in 9s (4805 kB/s)
2026-02-12T23:20:14.5592285Z Reading package lists...
2026-02-12T23:20:15.5081405Z Reading package lists...
2026-02-12T23:20:15.6964610Z Building dependency tree...
2026-02-12T23:20:15.6970964Z Reading state information...
2026-02-12T23:20:15.9353163Z clang-15 is already the newest version (1:15.0.7-0ubuntu0.22.04.3).
2026-02-12T23:20:15.9353809Z The following packages were automatically installed and are no longer required:
2026-02-12T23:20:15.9356656Z   autoconf automake autotools-dev file javascript-common libboost-atomic-dev
2026-02-12T23:20:15.9357324Z   libboost-atomic1.74-dev libboost-atomic1.74.0 libboost-chrono-dev
2026-02-12T23:20:15.9358252Z   libboost-chrono1.74-dev libboost-chrono1.74.0 libboost-container-dev
2026-02-12T23:20:15.9359937Z   libboost-container1.74-dev libboost-container1.74.0 libboost-context-dev
2026-02-12T23:20:15.9361117Z   libboost-context1.74-dev libboost-context1.74.0 libboost-coroutine-dev
2026-02-12T23:20:15.9362249Z   libboost-coroutine1.74-dev libboost-coroutine1.74.0 libboost-date-time-dev
2026-02-12T23:20:15.9363392Z   libboost-date-time1.74-dev libboost-date-time1.74.0 libboost-dev
2026-02-12T23:20:15.9364520Z   libboost-exception-dev libboost-exception1.74-dev libboost-fiber-dev
2026-02-12T23:20:15.9365864Z   libboost-fiber1.74-dev libboost-fiber1.74.0 libboost-filesystem-dev
2026-02-12T23:20:15.9366968Z   libboost-filesystem1.74-dev libboost-filesystem1.74.0 libboost-graph-dev
2026-02-12T23:20:15.9368075Z   libboost-graph-parallel-dev libboost-graph-parallel1.74-dev
2026-02-12T23:20:15.9369168Z   libboost-graph-parallel1.74.0 libboost-graph1.74-dev libboost-graph1.74.0
2026-02-12T23:20:15.9370361Z   libboost-iostreams-dev libboost-iostreams1.74-dev libboost-iostreams1.74.0
2026-02-12T23:20:15.9371647Z   libboost-locale-dev libboost-locale1.74-dev libboost-locale1.74.0
2026-02-12T23:20:15.9372760Z   libboost-log-dev libboost-log1.74-dev libboost-log1.74.0 libboost-math-dev
2026-02-12T23:20:15.9373449Z   libboost-math1.74-dev libboost-math1.74.0 libboost-mpi1.74.0
2026-02-12T23:20:15.9374089Z   libboost-nowide-dev libboost-nowide1.74-dev libboost-nowide1.74.0
2026-02-12T23:20:15.9374999Z   libboost-numpy-dev libboost-numpy1.74-dev libboost-numpy1.74.0
2026-02-12T23:20:15.9375566Z   libboost-program-options-dev libboost-program-options1.74-dev
2026-02-12T23:20:15.9376175Z   libboost-program-options1.74.0 libboost-python-dev libboost-python1.74-dev
2026-02-12T23:20:15.9376823Z   libboost-python1.74.0 libboost-random-dev libboost-random1.74-dev
2026-02-12T23:20:15.9377541Z   libboost-random1.74.0 libboost-regex-dev libboost-regex1.74-dev
2026-02-12T23:20:15.9378032Z   libboost-regex1.74.0 libboost-serialization-dev
2026-02-12T23:20:15.9378778Z   libboost-serialization1.74-dev libboost-serialization1.74.0
2026-02-12T23:20:15.9379317Z   libboost-stacktrace-dev libboost-stacktrace1.74-dev
2026-02-12T23:20:15.9379858Z   libboost-stacktrace1.74.0 libboost-system-dev libboost-system1.74-dev
2026-02-12T23:20:15.9380427Z   libboost-system1.74.0 libboost-test-dev libboost-test1.74-dev
2026-02-12T23:20:15.9381238Z   libboost-test1.74.0 libboost-thread-dev libboost-thread1.74-dev
2026-02-12T23:20:15.9382195Z   libboost-thread1.74.0 libboost-timer-dev libboost-timer1.74-dev
2026-02-12T23:20:15.9383220Z   libboost-timer1.74.0 libboost-tools-dev libboost-type-erasure-dev
2026-02-12T23:20:15.9384117Z   libboost-type-erasure1.74-dev libboost-type-erasure1.74.0 libboost-wave-dev
2026-02-12T23:20:15.9384699Z   libboost-wave1.74-dev libboost-wave1.74.0 libboost1.74-dev
2026-02-12T23:20:15.9385404Z   libboost1.74-tools-dev libcaf-openmpi-3 libcoarrays-dev libevent-2.1-7
2026-02-12T23:20:15.9386446Z   libevent-core-2.1-7 libevent-dev libevent-extra-2.1-7 libevent-openssl-2.1-7
2026-02-12T23:20:15.9387536Z   libevent-pthreads-2.1-7 libhwloc-dev libjs-jquery libjs-jquery-ui
2026-02-12T23:20:15.9388690Z   libjs-sphinxdoc libjs-underscore libltdl-dev libltdl7 libmagic-mgc libmagic1
2026-02-12T23:20:15.9389588Z   libopenmpi3 libpmix-dev libpmix2 libsigsegv2 libtool libucx0 m4
2026-02-12T23:20:15.9390191Z   openmpi-common python3-dev python3-distutils python3-lib2to3 python3.10-dev
2026-02-12T23:20:15.9390686Z Use 'apt autoremove' to remove them.
2026-02-12T23:20:15.9714264Z 0 upgraded, 0 newly installed, 0 to remove and 8 not upgraded.
2026-02-12T23:20:16.5209945Z ##[group]Run # ignore test_dispatch_ffn_combine until the test is fixed
2026-02-12T23:20:16.5211038Z [36;1m# ignore test_dispatch_ffn_combine until the test is fixed[0m
2026-02-12T23:20:16.5212245Z [36;1mpytest -sv tests/e2e/nightly/single_node/models/test_qwen3_235b_a22b_w8a8_eplb.py \[0m
2026-02-12T23:20:16.5213681Z [36;1m--ignore=tests/e2e/nightly/single_node/ops/singlecard_ops/test_fused_moe.py[0m
2026-02-12T23:20:16.5214776Z shell: bash -el {0}
2026-02-12T23:20:16.5215100Z env:
2026-02-12T23:20:16.5215310Z   HF_HUB_OFFLINE: 1
2026-02-12T23:20:16.5215542Z   VLLM_USE_MODELSCOPE: true
2026-02-12T23:20:16.5215841Z   VLLM_WORKER_MULTIPROC_METHOD: spawn
2026-02-12T23:20:16.5216174Z   VLLM_CI_RUNNER: linux-aarch64-a3-16
2026-02-12T23:20:16.5216532Z   BENCHMARK_HOME: /vllm-workspace/vllm-ascend/benchmark
2026-02-12T23:20:16.5216894Z ##[endgroup]
2026-02-12T23:20:16.5446843Z ##[group]Run '/home/runner/k8s/index.js'
2026-02-12T23:20:16.5448026Z shell: /home/runner/externals/node20/bin/node {0}
2026-02-12T23:20:16.5448633Z ##[endgroup]
2026-02-12T23:20:17.0869552Z (node:254) [DEP0005] DeprecationWarning: Buffer() is deprecated due to security and usability issues. Please use the Buffer.alloc(), Buffer.allocUnsafe(), or Buffer.from() methods instead.
2026-02-12T23:20:17.0871113Z (Use `node --trace-deprecation ...` to show where the warning was created)
2026-02-12T23:20:32.4395726Z INFO 02-12 23:20:32 [__init__.py:43] Available plugins for group vllm.platform_plugins:
2026-02-12T23:20:32.4396373Z INFO 02-12 23:20:32 [__init__.py:45] - ascend -> vllm_ascend:register
2026-02-12T23:20:32.4397139Z INFO 02-12 23:20:32 [__init__.py:48] All plugins in this group will be loaded. Set `VLLM_PLUGINS` to control which plugins to load.
2026-02-12T23:20:32.6517303Z INFO 02-12 23:20:32 [__init__.py:217] Platform plugin ascend is activated
2026-02-12T23:20:40.0911819Z ============================= test session starts ==============================
2026-02-12T23:20:40.0913420Z platform linux -- Python 3.11.14, pytest-8.4.2, pluggy-1.6.0 -- /usr/local/python3.11.14/bin/python3
2026-02-12T23:20:40.0913984Z cachedir: .pytest_cache
2026-02-12T23:20:40.0914277Z rootdir: /vllm-workspace/vllm-ascend
2026-02-12T23:20:40.0914602Z configfile: pyproject.toml
2026-02-12T23:20:40.0915055Z plugins: cov-7.0.0, asyncio-1.3.0, mock-3.15.1, anyio-4.12.1
2026-02-12T23:20:40.0915800Z asyncio: mode=Mode.STRICT, debug=False, asyncio_default_fixture_loop_scope=None, asyncio_default_test_loop_scope=function
2026-02-12T23:20:40.9479679Z collecting ... collected 1 item
2026-02-12T23:20:40.9479941Z 
2026-02-12T23:20:40.9503756Z [2026-02-12 23:20:40] INFO conftest.py:241: Starting server with command: vllm serve vllm-ascend/Qwen3-235B-A22B-W8A8 --quantization ascend --async-scheduling --data-parallel-size 4 --tensor-parallel-size 4 --enable-expert-parallel --port 55941 --max-model-len 40960 --max-num-batched-tokens 8192 --max-num-seqs 12 --trust-remote-code --gpu-memory-utilization 0.9 --compilation-config {"cudagraph_mode": "FULL_DECODE_ONLY"} --additional-config {"eplb_config": {"dynamic_eplb": true, "expert_heat_collection_interval": 512, "algorithm_execution_interval": 100, "num_redundant_experts": 0}}
2026-02-12T23:20:45.2455724Z tests/e2e/nightly/single_node/models/test_qwen3_235b_a22b_w8a8_eplb.py::test_models[vllm-ascend/Qwen3-235B-A22B-W8A8] INFO 02-12 23:20:45 [__init__.py:43] Available plugins for group vllm.platform_plugins:
2026-02-12T23:20:45.2456890Z INFO 02-12 23:20:45 [__init__.py:45] - ascend -> vllm_ascend:register
2026-02-12T23:20:45.2457818Z INFO 02-12 23:20:45 [__init__.py:48] All plugins in this group will be loaded. Set `VLLM_PLUGINS` to control which plugins to load.
2026-02-12T23:20:45.2520225Z INFO 02-12 23:20:45 [__init__.py:217] Platform plugin ascend is activated
2026-02-12T23:20:51.3794665Z 2026-02-12 23:20:51,378 - 980 - vllmProfiler - INFO - VLLM_USE_V1 not set, auto-detected via vLLM 0.15.0+empty: default 1
2026-02-12T23:20:51.4111767Z INFO 02-12 23:20:51 [__init__.py:108] Registered model loader `<class 'vllm_ascend.model_loader.netloader.netloader.ModelNetLoaderElastic'>` with load format `netloader`
2026-02-12T23:20:51.5522027Z INFO 02-12 23:20:51 [serve.py:100] Defaulting api_server_count to data_parallel_size (4).
2026-02-12T23:20:51.5522591Z INFO 02-12 23:20:51 [utils.py:325] 
2026-02-12T23:20:51.5626944Z INFO 02-12 23:20:51 [utils.py:325]        █     █     █▄   ▄█
2026-02-12T23:20:51.5629212Z INFO 02-12 23:20:51 [utils.py:325]  ▄▄ ▄█ █     █     █ ▀▄▀ █  version 0.15.0
2026-02-12T23:20:51.5629984Z INFO 02-12 23:20:51 [utils.py:325]   █▄█▀ █     █     █     █  model   vllm-ascend/Qwen3-235B-A22B-W8A8
2026-02-12T23:20:51.5630650Z INFO 02-12 23:20:51 [utils.py:325]    ▀▀  ▀▀▀▀▀ ▀▀▀▀▀ ▀     ▀
2026-02-12T23:20:51.5631041Z INFO 02-12 23:20:51 [utils.py:325] 
2026-02-12T23:20:51.5637734Z INFO 02-12 23:20:51 [utils.py:261] non-default args: {'model_tag': 'vllm-ascend/Qwen3-235B-A22B-W8A8', 'api_server_count': 4, 'port': 55941, 'model': 'vllm-ascend/Qwen3-235B-A22B-W8A8', 'trust_remote_code': True, 'max_model_len': 40960, 'quantization': 'ascend', 'tensor_parallel_size': 4, 'data_parallel_size': 4, 'enable_expert_parallel': True, 'max_num_batched_tokens': 8192, 'max_num_seqs': 12, 'async_scheduling': True, 'compilation_config': {'level': None, 'mode': None, 'debug_dump_path': None, 'cache_dir': '', 'compile_cache_save_format': 'binary', 'backend': 'vllm_ascend.compilation.compiler_interface.AscendCompiler', 'custom_ops': [], 'splitting_ops': None, 'compile_mm_encoder': False, 'compile_sizes': None, 'compile_ranges_split_points': None, 'inductor_compile_config': {'enable_auto_functionalized_v2': False, 'combo_kernels': True, 'benchmark_combo_kernel': True}, 'inductor_passes': {}, 'cudagraph_mode': <CUDAGraphMode.FULL_DECODE_ONLY: (2, 0)>, 'cudagraph_num_of_warmups': 0, 'cudagraph_capture_sizes': None, 'cudagraph_copy_inputs': False, 'cudagraph_specialize_lora': True, 'use_inductor_graph_partition': None, 'pass_config': {}, 'max_cudagraph_capture_size': None, 'dynamic_shapes_config': {'type': <DynamicShapesType.BACKED: 'backed'>, 'evaluate_guards': False, 'assume_32_bit_indexing': True}, 'local_cache_dir': None}, 'additional_config': {'eplb_config': {'dynamic_eplb': True, 'expert_heat_collection_interval': 512, 'algorithm_execution_interval': 100, 'num_redundant_experts': 0}}}
2026-02-12T23:20:51.6302749Z INFO 02-12 23:20:51 [arg_utils.py:602] HF_HUB_OFFLINE is True, replace model_id [vllm-ascend/Qwen3-235B-A22B-W8A8] to model_path [/root/.cache/modelscope/hub/models/vllm-ascend/Qwen3-235B-A22B-W8A8]
2026-02-12T23:20:51.6304127Z 2026-02-12 23:20:51,629 - modelscope - WARNING - We can not confirm the cached file is for revision: master
2026-02-12T23:20:51.6309023Z The argument `trust_remote_code` is to be used with Auto classes. It has no effect here and is ignored.
2026-02-12T23:20:51.6310065Z [2026-02-12 23:20:51] WARNING configuration_utils.py:697: The argument `trust_remote_code` is to be used with Auto classes. It has no effect here and is ignored.
2026-02-12T23:20:51.6413146Z The argument `trust_remote_code` is to be used with Auto classes. It has no effect here and is ignored.
2026-02-12T23:20:51.6414305Z [2026-02-12 23:20:51] WARNING configuration_utils.py:697: The argument `trust_remote_code` is to be used with Auto classes. It has no effect here and is ignored.
2026-02-12T23:20:51.6775378Z INFO 02-12 23:20:51 [model.py:541] Resolved architecture: Qwen3MoeForCausalLM
2026-02-12T23:20:51.6775925Z INFO 02-12 23:20:51 [model.py:1561] Using max model len 40960
2026-02-12T23:20:51.9711334Z INFO 02-12 23:20:51 [scheduler.py:226] Chunked prefill is enabled with max_num_batched_tokens=8192.
2026-02-12T23:20:52.3716147Z INFO 02-12 23:20:52 [vllm.py:624] Asynchronous scheduling is enabled.
2026-02-12T23:20:52.3716826Z INFO 02-12 23:20:52 [vllm.py:634] Disabling NCCL for DP synchronization when using async scheduling.
2026-02-12T23:20:52.3717980Z WARNING 02-12 23:20:52 [platform.py:775] Ignored parameter 'use_trtllm_ragged_deepseek_prefill'. This is a GPU-specific feature not supported on Ascend. Resetting to False.
2026-02-12T23:20:52.3719317Z INFO 02-12 23:20:52 [ascend_config.py:412] Dynamic EPLB is True
2026-02-12T23:20:52.3719852Z INFO 02-12 23:20:52 [ascend_config.py:413] The number of redundant experts is 0
2026-02-12T23:20:52.3721183Z INFO 02-12 23:20:52 [ascend_config.py:54] Linear layer sharding enabled with config: None. Note: This feature works optimally with FLASHCOMM2 and DSA-CP enabled; using it without these features may result in significant performance degradation.
2026-02-12T23:20:52.3722863Z WARNING 02-12 23:20:52 [vllm.py:1062] Batch sizes [1, 2] are removed because they are not multiple of tp_size 4 when sequence parallelism is enabled
2026-02-12T23:20:52.3724080Z INFO 02-12 23:20:52 [platform.py:322] FULL_DECODE_ONLY compilation enabled on NPU. use_inductor not supported - using only ACL Graph mode
2026-02-12T23:20:52.3725143Z WARNING 02-12 23:20:52 [platform.py:339] [91m
2026-02-12T23:20:52.3725715Z WARNING 02-12 23:20:52 [platform.py:339]             **********************************************************************************
2026-02-12T23:20:52.3726452Z WARNING 02-12 23:20:52 [platform.py:339]             * WARNING: You have enabled the *full graph* feature.
2026-02-12T23:20:52.3727295Z WARNING 02-12 23:20:52 [platform.py:339]             * This is an early experimental stage and may involve various unknown issues.
2026-02-12T23:20:52.3728206Z WARNING 02-12 23:20:52 [platform.py:339]             * A known problem is that capturing too many batch sizes can lead to OOM
2026-02-12T23:20:52.3729237Z WARNING 02-12 23:20:52 [platform.py:339]             * (Out of Memory) errors or inference hangs. If you encounter such issues,
2026-02-12T23:20:52.3730170Z WARNING 02-12 23:20:52 [platform.py:339]             * consider reducing `gpu_memory_utilization` or manually specifying a smaller
2026-02-12T23:20:52.3730948Z WARNING 02-12 23:20:52 [platform.py:339]             * batch size for graph capture.
2026-02-12T23:20:52.3731753Z WARNING 02-12 23:20:52 [platform.py:339]             * For more details, please refer to:
2026-02-12T23:20:52.3732646Z WARNING 02-12 23:20:52 [platform.py:339]             * https://docs.vllm.ai/en/stable/configuration/conserving_memory.html#reduce-cuda-graphs
2026-02-12T23:20:52.3733784Z WARNING 02-12 23:20:52 [platform.py:339]             **********************************************************************************[0m
2026-02-12T23:20:52.3734384Z WARNING 02-12 23:20:52 [platform.py:339]             
2026-02-12T23:20:52.3734984Z INFO 02-12 23:20:52 [platform.py:447] Set PYTORCH_NPU_ALLOC_CONF=expandable_segments:True
2026-02-12T23:20:52.3746623Z INFO 02-12 23:20:52 [utils.py:851] Started DP Coordinator process (PID: 1021)
2026-02-12T23:20:56.9582540Z INFO 02-12 23:20:56 [__init__.py:43] Available plugins for group vllm.platform_plugins:
2026-02-12T23:20:56.9583246Z INFO 02-12 23:20:56 [__init__.py:45] - ascend -> vllm_ascend:register
2026-02-12T23:20:56.9584043Z INFO 02-12 23:20:56 [__init__.py:48] All plugins in this group will be loaded. Set `VLLM_PLUGINS` to control which plugins to load.
2026-02-12T23:20:56.9663122Z INFO 02-12 23:20:56 [__init__.py:217] Platform plugin ascend is activated
2026-02-12T23:20:57.0299727Z INFO 02-12 23:20:57 [__init__.py:43] Available plugins for group vllm.platform_plugins:
2026-02-12T23:20:57.0300350Z INFO 02-12 23:20:57 [__init__.py:45] - ascend -> vllm_ascend:register
2026-02-12T23:20:57.0301110Z INFO 02-12 23:20:57 [__init__.py:48] All plugins in this group will be loaded. Set `VLLM_PLUGINS` to control which plugins to load.
2026-02-12T23:20:57.0379885Z INFO 02-12 23:20:57 [__init__.py:217] Platform plugin ascend is activated
2026-02-12T23:21:06.8780563Z INFO 02-12 23:21:06 [__init__.py:43] Available plugins for group vllm.platform_plugins:
2026-02-12T23:21:06.8851980Z INFO 02-12 23:21:06 [__init__.py:45] - ascend -> vllm_ascend:register
2026-02-12T23:21:06.8852752Z INFO 02-12 23:21:06 [__init__.py:48] All plugins in this group will be loaded. Set `VLLM_PLUGINS` to control which plugins to load.
2026-02-12T23:21:06.8853994Z INFO 02-12 23:21:06 [__init__.py:217] Platform plugin ascend is activated
2026-02-12T23:21:16.5642129Z INFO 02-12 23:21:16 [__init__.py:43] Available plugins for group vllm.platform_plugins:
2026-02-12T23:21:16.5642787Z INFO 02-12 23:21:16 [__init__.py:45] - ascend -> vllm_ascend:register
2026-02-12T23:21:16.5643631Z INFO 02-12 23:21:16 [__init__.py:48] All plugins in this group will be loaded. Set `VLLM_PLUGINS` to control which plugins to load.
2026-02-12T23:21:16.5738159Z INFO 02-12 23:21:16 [__init__.py:217] Platform plugin ascend is activated
2026-02-12T23:21:26.3994275Z INFO 02-12 23:21:26 [__init__.py:43] Available plugins for group vllm.platform_plugins:
2026-02-12T23:21:26.3995001Z INFO 02-12 23:21:26 [__init__.py:45] - ascend -> vllm_ascend:register
2026-02-12T23:21:26.3995776Z INFO 02-12 23:21:26 [__init__.py:48] All plugins in this group will be loaded. Set `VLLM_PLUGINS` to control which plugins to load.
2026-02-12T23:21:26.4073083Z INFO 02-12 23:21:26 [__init__.py:217] Platform plugin ascend is activated
2026-02-12T23:21:31.7460420Z INFO 02-12 23:21:31 [utils.py:218] Started 4 API server processes
2026-02-12T23:21:31.9242839Z [0;36m(EngineCore_DP2 pid=1138)[0;0m 2026-02-12 23:21:31,923 - 1138 - vllmProfiler - INFO - VLLM_USE_V1 not set, auto-detected via vLLM 0.15.0+empty: default 1
2026-02-12T23:21:31.9244400Z [0;36m(EngineCore_DP1 pid=1099)[0;0m 2026-02-12 23:21:31,923 - 1099 - vllmProfiler - INFO - VLLM_USE_V1 not set, auto-detected via vLLM 0.15.0+empty: default 1
2026-02-12T23:21:31.9246404Z [0;36m(EngineCore_DP3 pid=1177)[0;0m 2026-02-12 23:21:31,923 - 1177 - vllmProfiler - INFO - VLLM_USE_V1 not set, auto-detected via vLLM 0.15.0+empty: default 1
2026-02-12T23:21:31.9277087Z [0;36m(EngineCore_DP0 pid=1024)[0;0m 2026-02-12 23:21:31,926 - 1024 - vllmProfiler - INFO - VLLM_USE_V1 not set, auto-detected via vLLM 0.15.0+empty: default 1
2026-02-12T23:21:31.9280151Z [0;36m(EngineCore_DP1 pid=1099)[0;0m INFO 02-12 23:21:31 [__init__.py:108] Registered model loader `<class 'vllm_ascend.model_loader.netloader.netloader.ModelNetLoaderElastic'>` with load format `netloader`
2026-02-12T23:21:31.9282710Z [0;36m(EngineCore_DP3 pid=1177)[0;0m INFO 02-12 23:21:31 [__init__.py:108] Registered model loader `<class 'vllm_ascend.model_loader.netloader.netloader.ModelNetLoaderElastic'>` with load format `netloader`
2026-02-12T23:21:31.9285177Z [0;36m(EngineCore_DP2 pid=1138)[0;0m INFO 02-12 23:21:31 [__init__.py:108] Registered model loader `<class 'vllm_ascend.model_loader.netloader.netloader.ModelNetLoaderElastic'>` with load format `netloader`
2026-02-12T23:21:31.9313851Z [0;36m(EngineCore_DP0 pid=1024)[0;0m INFO 02-12 23:21:31 [__init__.py:108] Registered model loader `<class 'vllm_ascend.model_loader.netloader.netloader.ModelNetLoaderElastic'>` with load format `netloader`
2026-02-12T23:21:31.9334529Z [0;36m(EngineCore_DP0 pid=1024)[0;0m INFO 02-12 23:21:31 [core.py:96] Initializing a V1 LLM engine (v0.15.0) with config: model='/root/.cache/modelscope/hub/models/vllm-ascend/Qwen3-235B-A22B-W8A8', speculative_config=None, tokenizer='/root/.cache/modelscope/hub/models/vllm-ascend/Qwen3-235B-A22B-W8A8', skip_tokenizer_init=False, tokenizer_mode=auto, revision=None, tokenizer_revision=None, trust_remote_code=True, dtype=torch.bfloat16, max_seq_len=40960, download_dir=None, load_format=auto, tensor_parallel_size=4, pipeline_parallel_size=1, data_parallel_size=4, disable_custom_all_reduce=True, quantization=ascend, enforce_eager=False, enable_return_routed_experts=False, kv_cache_dtype=auto, device_config=npu, structured_outputs_config=StructuredOutputsConfig(backend='auto', disable_fallback=False, disable_any_whitespace=False, disable_additional_properties=False, reasoning_parser='', reasoning_parser_plugin='', enable_in_reasoning=False), observability_config=ObservabilityConfig(show_hidden_metrics_for_version=None, otlp_traces_endpoint=None, collect_detailed_traces=None, kv_cache_metrics=False, kv_cache_metrics_sample=0.01, cudagraph_metrics=False, enable_layerwise_nvtx_tracing=False, enable_mfu_metrics=False, enable_mm_processor_stats=False, enable_logging_iteration_details=False), seed=0, served_model_name=/root/.cache/modelscope/hub/models/vllm-ascend/Qwen3-235B-A22B-W8A8, enable_prefix_caching=True, enable_chunked_prefill=True, pooler_config=None, compilation_config={'level': None, 'mode': <CompilationMode.VLLM_COMPILE: 3>, 'debug_dump_path': None, 'cache_dir': '', 'compile_cache_save_format': 'binary', 'backend': 'vllm_ascend.compilation.compiler_interface.AscendCompiler', 'custom_ops': ['all'], 'splitting_ops': [], 'compile_mm_encoder': False, 'compile_sizes': [], 'compile_ranges_split_points': [8192], 'inductor_compile_config': {'enable_auto_functionalized_v2': False, 'combo_kernels': True, 'benchmark_combo_kernel': True}, 'inductor_passes': {}, 'cudagraph_mode': <CUDAGraphMode.FULL_DECODE_ONLY: (2, 0)>, 'cudagraph_num_of_warmups': 1, 'cudagraph_capture_sizes': [4, 8, 16, 24], 'cudagraph_copy_inputs': False, 'cudagraph_specialize_lora': True, 'use_inductor_graph_partition': False, 'pass_config': {'fuse_norm_quant': True, 'fuse_act_quant': True, 'fuse_attn_quant': False, 'eliminate_noops': True, 'enable_sp': False, 'fuse_gemm_comms': False, 'fuse_allreduce_rms': False}, 'max_cudagraph_capture_size': 24, 'dynamic_shapes_config': {'type': <DynamicShapesType.BACKED: 'backed'>, 'evaluate_guards': False, 'assume_32_bit_indexing': True}, 'local_cache_dir': None}
2026-02-12T23:21:36.9188576Z INFO 02-12 23:21:36 [__init__.py:43] Available plugins for group vllm.platform_plugins:
2026-02-12T23:21:36.9189213Z INFO 02-12 23:21:36 [__init__.py:45] - ascend -> vllm_ascend:register
2026-02-12T23:21:36.9189976Z INFO 02-12 23:21:36 [__init__.py:48] All plugins in this group will be loaded. Set `VLLM_PLUGINS` to control which plugins to load.
2026-02-12T23:21:36.9194533Z INFO 02-12 23:21:36 [__init__.py:43] Available plugins for group vllm.platform_plugins:
2026-02-12T23:21:36.9195321Z INFO 02-12 23:21:36 [__init__.py:45] - ascend -> vllm_ascend:register
2026-02-12T23:21:36.9197892Z INFO 02-12 23:21:36 [__init__.py:48] All plugins in this group will be loaded. Set `VLLM_PLUGINS` to control which plugins to load.
2026-02-12T23:21:36.9275493Z INFO 02-12 23:21:36 [__init__.py:217] Platform plugin ascend is activated
2026-02-12T23:21:36.9282477Z INFO 02-12 23:21:36 [__init__.py:217] Platform plugin ascend is activated
2026-02-12T23:21:37.1821754Z INFO 02-12 23:21:37 [__init__.py:43] Available plugins for group vllm.platform_plugins:
2026-02-12T23:21:37.1822394Z INFO 02-12 23:21:37 [__init__.py:45] - ascend -> vllm_ascend:register
2026-02-12T23:21:37.1823199Z INFO 02-12 23:21:37 [__init__.py:48] All plugins in this group will be loaded. Set `VLLM_PLUGINS` to control which plugins to load.
2026-02-12T23:21:37.1907487Z INFO 02-12 23:21:37 [__init__.py:217] Platform plugin ascend is activated
2026-02-12T23:21:37.2501578Z INFO 02-12 23:21:37 [__init__.py:43] Available plugins for group vllm.platform_plugins:
2026-02-12T23:21:37.2502199Z INFO 02-12 23:21:37 [__init__.py:45] - ascend -> vllm_ascend:register
2026-02-12T23:21:37.2502999Z INFO 02-12 23:21:37 [__init__.py:48] All plugins in this group will be loaded. Set `VLLM_PLUGINS` to control which plugins to load.
2026-02-12T23:21:37.2595245Z INFO 02-12 23:21:37 [__init__.py:217] Platform plugin ascend is activated
2026-02-12T23:21:37.4912355Z INFO 02-12 23:21:37 [__init__.py:43] Available plugins for group vllm.platform_plugins:
2026-02-12T23:21:37.4913244Z INFO 02-12 23:21:37 [__init__.py:45] - ascend -> vllm_ascend:register
2026-02-12T23:21:37.4913993Z INFO 02-12 23:21:37 [__init__.py:48] All plugins in this group will be loaded. Set `VLLM_PLUGINS` to control which plugins to load.
2026-02-12T23:21:37.5007009Z INFO 02-12 23:21:37 [__init__.py:217] Platform plugin ascend is activated
2026-02-12T23:21:37.5340015Z INFO 02-12 23:21:37 [__init__.py:43] Available plugins for group vllm.platform_plugins:
2026-02-12T23:21:37.5340670Z INFO 02-12 23:21:37 [__init__.py:45] - ascend -> vllm_ascend:register
2026-02-12T23:21:37.5342107Z INFO 02-12 23:21:37 [__init__.py:48] All plugins in this group will be loaded. Set `VLLM_PLUGINS` to control which plugins to load.
2026-02-12T23:21:37.5410047Z INFO 02-12 23:21:37 [__init__.py:43] Available plugins for group vllm.platform_plugins:
2026-02-12T23:21:37.5410678Z INFO 02-12 23:21:37 [__init__.py:45] - ascend -> vllm_ascend:register
2026-02-12T23:21:37.5411442Z INFO 02-12 23:21:37 [__init__.py:48] All plugins in this group will be loaded. Set `VLLM_PLUGINS` to control which plugins to load.
2026-02-12T23:21:37.5426021Z INFO 02-12 23:21:37 [__init__.py:217] Platform plugin ascend is activated
2026-02-12T23:21:37.5506898Z INFO 02-12 23:21:37 [__init__.py:217] Platform plugin ascend is activated
2026-02-12T23:21:37.6026695Z INFO 02-12 23:21:37 [__init__.py:43] Available plugins for group vllm.platform_plugins:
2026-02-12T23:21:37.6027314Z INFO 02-12 23:21:37 [__init__.py:45] - ascend -> vllm_ascend:register
2026-02-12T23:21:37.6028072Z INFO 02-12 23:21:37 [__init__.py:48] All plugins in this group will be loaded. Set `VLLM_PLUGINS` to control which plugins to load.
2026-02-12T23:21:37.6111621Z INFO 02-12 23:21:37 [__init__.py:217] Platform plugin ascend is activated
2026-02-12T23:21:42.1591402Z 2026-02-12 23:21:42,157 - 1243 - vllmProfiler - INFO - VLLM_USE_V1 not set, auto-detected via vLLM 0.15.0+empty: default 1
2026-02-12T23:21:42.1628472Z INFO 02-12 23:21:42 [__init__.py:108] Registered model loader `<class 'vllm_ascend.model_loader.netloader.netloader.ModelNetLoaderElastic'>` with load format `netloader`
2026-02-12T23:21:42.2857651Z 2026-02-12 23:21:42,284 - 1245 - vllmProfiler - INFO - VLLM_USE_V1 not set, auto-detected via vLLM 0.15.0+empty: default 1
2026-02-12T23:21:42.2896289Z INFO 02-12 23:21:42 [__init__.py:108] Registered model loader `<class 'vllm_ascend.model_loader.netloader.netloader.ModelNetLoaderElastic'>` with load format `netloader`
2026-02-12T23:21:42.9992851Z 2026-02-12 23:21:42,996 - 1246 - vllmProfiler - INFO - VLLM_USE_V1 not set, auto-detected via vLLM 0.15.0+empty: default 1
2026-02-12T23:21:43.0017389Z INFO 02-12 23:21:43 [__init__.py:108] Registered model loader `<class 'vllm_ascend.model_loader.netloader.netloader.ModelNetLoaderElastic'>` with load format `netloader`
2026-02-12T23:21:43.3492211Z 2026-02-12 23:21:43,348 - 1244 - vllmProfiler - INFO - VLLM_USE_V1 not set, auto-detected via vLLM 0.15.0+empty: default 1
2026-02-12T23:21:43.3532563Z INFO 02-12 23:21:43 [__init__.py:108] Registered model loader `<class 'vllm_ascend.model_loader.netloader.netloader.ModelNetLoaderElastic'>` with load format `netloader`
2026-02-12T23:21:43.5811318Z [0;36m(ApiServer_3 pid=1219)[0;0m 2026-02-12 23:21:43,579 - 1219 - vllmProfiler - INFO - VLLM_USE_V1 not set, auto-detected via vLLM 0.15.0+empty: default 1
2026-02-12T23:21:43.5981361Z [0;36m(ApiServer_3 pid=1219)[0;0m INFO 02-12 23:21:43 [__init__.py:108] Registered model loader `<class 'vllm_ascend.model_loader.netloader.netloader.ModelNetLoaderElastic'>` with load format `netloader`
2026-02-12T23:21:43.6274222Z [0;36m(ApiServer_3 pid=1219)[0;0m 2026-02-12 23:21:43,626 - modelscope - WARNING - We can not confirm the cached file is for revision: master
2026-02-12T23:21:43.6276074Z [0;36m(ApiServer_3 pid=1219)[0;0m INFO 02-12 23:21:43 [arg_utils.py:602] HF_HUB_OFFLINE is True, replace model_id [vllm-ascend/Qwen3-235B-A22B-W8A8] to model_path [/root/.cache/modelscope/hub/models/vllm-ascend/Qwen3-235B-A22B-W8A8]
2026-02-12T23:21:43.6872652Z [0;36m(ApiServer_0 pid=1216)[0;0m 2026-02-12 23:21:43,686 - 1216 - vllmProfiler - INFO - VLLM_USE_V1 not set, auto-detected via vLLM 0.15.0+empty: default 1
2026-02-12T23:21:43.7042198Z [0;36m(ApiServer_0 pid=1216)[0;0m INFO 02-12 23:21:43 [__init__.py:108] Registered model loader `<class 'vllm_ascend.model_loader.netloader.netloader.ModelNetLoaderElastic'>` with load format `netloader`
2026-02-12T23:21:43.7287394Z [0;36m(ApiServer_3 pid=1219)[0;0m The argument `trust_remote_code` is to be used with Auto classes. It has no effect here and is ignored.
2026-02-12T23:21:43.7289264Z [0;36m(ApiServer_3 pid=1219)[0;0m [2026-02-12 23:21:43] WARNING configuration_utils.py:697: The argument `trust_remote_code` is to be used with Auto classes. It has no effect here and is ignored.
2026-02-12T23:21:43.7305579Z [0;36m(ApiServer_3 pid=1219)[0;0m The argument `trust_remote_code` is to be used with Auto classes. It has no effect here and is ignored.
2026-02-12T23:21:43.7307150Z [0;36m(ApiServer_3 pid=1219)[0;0m [2026-02-12 23:21:43] WARNING configuration_utils.py:697: The argument `trust_remote_code` is to be used with Auto classes. It has no effect here and is ignored.
2026-02-12T23:21:43.7409231Z [0;36m(ApiServer_3 pid=1219)[0;0m INFO 02-12 23:21:43 [model.py:541] Resolved architecture: Qwen3MoeForCausalLM
2026-02-12T23:21:43.7412636Z [0;36m(ApiServer_3 pid=1219)[0;0m INFO 02-12 23:21:43 [model.py:1561] Using max model len 40960
2026-02-12T23:21:43.7457605Z [0;36m(ApiServer_0 pid=1216)[0;0m 2026-02-12 23:21:43,744 - modelscope - WARNING - We can not confirm the cached file is for revision: master
2026-02-12T23:21:43.7459325Z [0;36m(ApiServer_0 pid=1216)[0;0m INFO 02-12 23:21:43 [arg_utils.py:602] HF_HUB_OFFLINE is True, replace model_id [vllm-ascend/Qwen3-235B-A22B-W8A8] to model_path [/root/.cache/modelscope/hub/models/vllm-ascend/Qwen3-235B-A22B-W8A8]
2026-02-12T23:21:43.8481603Z [0;36m(ApiServer_0 pid=1216)[0;0m The argument `trust_remote_code` is to be used with Auto classes. It has no effect here and is ignored.
2026-02-12T23:21:43.8483209Z [0;36m(ApiServer_0 pid=1216)[0;0m [2026-02-12 23:21:43] WARNING configuration_utils.py:697: The argument `trust_remote_code` is to be used with Auto classes. It has no effect here and is ignored.
2026-02-12T23:21:43.8491679Z [0;36m(ApiServer_0 pid=1216)[0;0m The argument `trust_remote_code` is to be used with Auto classes. It has no effect here and is ignored.
2026-02-12T23:21:43.8493265Z [0;36m(ApiServer_0 pid=1216)[0;0m [2026-02-12 23:21:43] WARNING configuration_utils.py:697: The argument `trust_remote_code` is to be used with Auto classes. It has no effect here and is ignored.
2026-02-12T23:21:43.8499871Z [0;36m(ApiServer_3 pid=1219)[0;0m INFO 02-12 23:21:43 [scheduler.py:226] Chunked prefill is enabled with max_num_batched_tokens=8192.
2026-02-12T23:21:43.8590102Z [0;36m(ApiServer_0 pid=1216)[0;0m INFO 02-12 23:21:43 [model.py:541] Resolved architecture: Qwen3MoeForCausalLM
2026-02-12T23:21:43.8593703Z [0;36m(ApiServer_0 pid=1216)[0;0m INFO 02-12 23:21:43 [model.py:1561] Using max model len 40960
2026-02-12T23:21:43.9321632Z [0;36m(ApiServer_2 pid=1218)[0;0m 2026-02-12 23:21:43,931 - 1218 - vllmProfiler - INFO - VLLM_USE_V1 not set, auto-detected via vLLM 0.15.0+empty: default 1
2026-02-12T23:21:43.9495462Z [0;36m(ApiServer_2 pid=1218)[0;0m INFO 02-12 23:21:43 [__init__.py:108] Registered model loader `<class 'vllm_ascend.model_loader.netloader.netloader.ModelNetLoaderElastic'>` with load format `netloader`
2026-02-12T23:21:43.9555130Z [0;36m(ApiServer_3 pid=1219)[0;0m INFO 02-12 23:21:43 [vllm.py:624] Asynchronous scheduling is enabled.
2026-02-12T23:21:43.9556244Z [0;36m(ApiServer_3 pid=1219)[0;0m INFO 02-12 23:21:43 [vllm.py:634] Disabling NCCL for DP synchronization when using async scheduling.
2026-02-12T23:21:43.9558252Z [0;36m(ApiServer_3 pid=1219)[0;0m WARNING 02-12 23:21:43 [platform.py:775] Ignored parameter 'use_trtllm_ragged_deepseek_prefill'. This is a GPU-specific feature not supported on Ascend. Resetting to False.
2026-02-12T23:21:43.9559552Z [0;36m(ApiServer_3 pid=1219)[0;0m INFO 02-12 23:21:43 [ascend_config.py:412] Dynamic EPLB is True
2026-02-12T23:21:43.9560457Z [0;36m(ApiServer_3 pid=1219)[0;0m INFO 02-12 23:21:43 [ascend_config.py:413] The number of redundant experts is 0
2026-02-12T23:21:43.9562237Z [0;36m(ApiServer_3 pid=1219)[0;0m INFO 02-12 23:21:43 [ascend_config.py:54] Linear layer sharding enabled with config: None. Note: This feature works optimally with FLASHCOMM2 and DSA-CP enabled; using it without these features may result in significant performance degradation.
2026-02-12T23:21:43.9564645Z [0;36m(ApiServer_3 pid=1219)[0;0m WARNING 02-12 23:21:43 [vllm.py:1062] Batch sizes [1, 2] are removed because they are not multiple of tp_size 4 when sequence parallelism is enabled
2026-02-12T23:21:43.9566277Z [0;36m(ApiServer_3 pid=1219)[0;0m INFO 02-12 23:21:43 [platform.py:322] FULL_DECODE_ONLY compilation enabled on NPU. use_inductor not supported - using only ACL Graph mode
2026-02-12T23:21:43.9567330Z [0;36m(ApiServer_3 pid=1219)[0;0m WARNING 02-12 23:21:43 [platform.py:339] [91m
2026-02-12T23:21:43.9568294Z [0;36m(ApiServer_3 pid=1219)[0;0m WARNING 02-12 23:21:43 [platform.py:339]             **********************************************************************************
2026-02-12T23:21:43.9569431Z [0;36m(ApiServer_3 pid=1219)[0;0m WARNING 02-12 23:21:43 [platform.py:339]             * WARNING: You have enabled the *full graph* feature.
2026-02-12T23:21:43.9570661Z [0;36m(ApiServer_3 pid=1219)[0;0m WARNING 02-12 23:21:43 [platform.py:339]             * This is an early experimental stage and may involve various unknown issues.
2026-02-12T23:21:43.9571989Z [0;36m(ApiServer_3 pid=1219)[0;0m WARNING 02-12 23:21:43 [platform.py:339]             * A known problem is that capturing too many batch sizes can lead to OOM
2026-02-12T23:21:43.9573363Z [0;36m(ApiServer_3 pid=1219)[0;0m WARNING 02-12 23:21:43 [platform.py:339]             * (Out of Memory) errors or inference hangs. If you encounter such issues,
2026-02-12T23:21:43.9574688Z [0;36m(ApiServer_3 pid=1219)[0;0m WARNING 02-12 23:21:43 [platform.py:339]             * consider reducing `gpu_memory_utilization` or manually specifying a smaller
2026-02-12T23:21:43.9575910Z [0;36m(ApiServer_3 pid=1219)[0;0m WARNING 02-12 23:21:43 [platform.py:339]             * batch size for graph capture.
2026-02-12T23:21:43.9576911Z [0;36m(ApiServer_3 pid=1219)[0;0m WARNING 02-12 23:21:43 [platform.py:339]             * For more details, please refer to:
2026-02-12T23:21:43.9578193Z [0;36m(ApiServer_3 pid=1219)[0;0m WARNING 02-12 23:21:43 [platform.py:339]             * https://docs.vllm.ai/en/stable/configuration/conserving_memory.html#reduce-cuda-graphs
2026-02-12T23:21:43.9579665Z [0;36m(ApiServer_3 pid=1219)[0;0m WARNING 02-12 23:21:43 [platform.py:339]             **********************************************************************************[0m
2026-02-12T23:21:43.9580576Z [0;36m(ApiServer_3 pid=1219)[0;0m WARNING 02-12 23:21:43 [platform.py:339]             
2026-02-12T23:21:43.9581490Z [0;36m(ApiServer_3 pid=1219)[0;0m INFO 02-12 23:21:43 [platform.py:447] Set PYTORCH_NPU_ALLOC_CONF=expandable_segments:True
2026-02-12T23:21:43.9718776Z [0;36m(ApiServer_0 pid=1216)[0;0m INFO 02-12 23:21:43 [scheduler.py:226] Chunked prefill is enabled with max_num_batched_tokens=8192.
2026-02-12T23:21:43.9775941Z [0;36m(ApiServer_2 pid=1218)[0;0m INFO 02-12 23:21:43 [arg_utils.py:602] HF_HUB_OFFLINE is True, replace model_id [vllm-ascend/Qwen3-235B-A22B-W8A8] to model_path [/root/.cache/modelscope/hub/models/vllm-ascend/Qwen3-235B-A22B-W8A8]
2026-02-12T23:21:43.9777615Z [0;36m(ApiServer_2 pid=1218)[0;0m 2026-02-12 23:21:43,973 - modelscope - WARNING - We can not confirm the cached file is for revision: master
2026-02-12T23:21:44.0771234Z [0;36m(ApiServer_2 pid=1218)[0;0m The argument `trust_remote_code` is to be used with Auto classes. It has no effect here and is ignored.
2026-02-12T23:21:44.0772745Z [0;36m(ApiServer_2 pid=1218)[0;0m [2026-02-12 23:21:44] WARNING configuration_utils.py:697: The argument `trust_remote_code` is to be used with Auto classes. It has no effect here and is ignored.
2026-02-12T23:21:44.0782429Z [0;36m(ApiServer_2 pid=1218)[0;0m The argument `trust_remote_code` is to be used with Auto classes. It has no effect here and is ignored.
2026-02-12T23:21:44.0783965Z [0;36m(ApiServer_2 pid=1218)[0;0m [2026-02-12 23:21:44] WARNING configuration_utils.py:697: The argument `trust_remote_code` is to be used with Auto classes. It has no effect here and is ignored.
2026-02-12T23:21:44.0787229Z [0;36m(ApiServer_0 pid=1216)[0;0m INFO 02-12 23:21:44 [vllm.py:624] Asynchronous scheduling is enabled.
2026-02-12T23:21:44.0788659Z [0;36m(ApiServer_0 pid=1216)[0;0m INFO 02-12 23:21:44 [vllm.py:634] Disabling NCCL for DP synchronization when using async scheduling.
2026-02-12T23:21:44.0790199Z [0;36m(ApiServer_0 pid=1216)[0;0m WARNING 02-12 23:21:44 [platform.py:775] Ignored parameter 'use_trtllm_ragged_deepseek_prefill'. This is a GPU-specific feature not supported on Ascend. Resetting to False.
2026-02-12T23:21:44.0791478Z [0;36m(ApiServer_0 pid=1216)[0;0m INFO 02-12 23:21:44 [ascend_config.py:412] Dynamic EPLB is True
2026-02-12T23:21:44.0792376Z [0;36m(ApiServer_0 pid=1216)[0;0m INFO 02-12 23:21:44 [ascend_config.py:413] The number of redundant experts is 0
2026-02-12T23:21:44.0794326Z [0;36m(ApiServer_0 pid=1216)[0;0m INFO 02-12 23:21:44 [ascend_config.py:54] Linear layer sharding enabled with config: None. Note: This feature works optimally with FLASHCOMM2 and DSA-CP enabled; using it without these features may result in significant performance degradation.
2026-02-12T23:21:44.0798284Z [0;36m(ApiServer_0 pid=1216)[0;0m WARNING 02-12 23:21:44 [vllm.py:1062] Batch sizes [1, 2] are removed because they are not multiple of tp_size 4 when sequence parallelism is enabled
2026-02-12T23:21:44.0799844Z [0;36m(ApiServer_0 pid=1216)[0;0m INFO 02-12 23:21:44 [platform.py:322] FULL_DECODE_ONLY compilation enabled on NPU. use_inductor not supported - using only ACL Graph mode
2026-02-12T23:21:44.0800916Z [0;36m(ApiServer_0 pid=1216)[0;0m WARNING 02-12 23:21:44 [platform.py:339] [91m
2026-02-12T23:21:44.0801856Z [0;36m(ApiServer_0 pid=1216)[0;0m WARNING 02-12 23:21:44 [platform.py:339]             **********************************************************************************
2026-02-12T23:21:44.0802983Z [0;36m(ApiServer_0 pid=1216)[0;0m WARNING 02-12 23:21:44 [platform.py:339]             * WARNING: You have enabled the *full graph* feature.
2026-02-12T23:21:44.0804355Z [0;36m(ApiServer_0 pid=1216)[0;0m WARNING 02-12 23:21:44 [platform.py:339]             * This is an early experimental stage and may involve various unknown issues.
2026-02-12T23:21:44.0805945Z [0;36m(ApiServer_0 pid=1216)[0;0m WARNING 02-12 23:21:44 [platform.py:339]             * A known problem is that capturing too many batch sizes can lead to OOM
2026-02-12T23:21:44.0807243Z [0;36m(ApiServer_0 pid=1216)[0;0m WARNING 02-12 23:21:44 [platform.py:339]             * (Out of Memory) errors or inference hangs. If you encounter such issues,
2026-02-12T23:21:44.0808578Z [0;36m(ApiServer_0 pid=1216)[0;0m WARNING 02-12 23:21:44 [platform.py:339]             * consider reducing `gpu_memory_utilization` or manually specifying a smaller
2026-02-12T23:21:44.0809724Z [0;36m(ApiServer_0 pid=1216)[0;0m WARNING 02-12 23:21:44 [platform.py:339]             * batch size for graph capture.
2026-02-12T23:21:44.0810726Z [0;36m(ApiServer_0 pid=1216)[0;0m WARNING 02-12 23:21:44 [platform.py:339]             * For more details, please refer to:
2026-02-12T23:21:44.0812020Z [0;36m(ApiServer_0 pid=1216)[0;0m WARNING 02-12 23:21:44 [platform.py:339]             * https://docs.vllm.ai/en/stable/configuration/conserving_memory.html#reduce-cuda-graphs
2026-02-12T23:21:44.0813488Z [0;36m(ApiServer_0 pid=1216)[0;0m WARNING 02-12 23:21:44 [platform.py:339]             **********************************************************************************[0m
2026-02-12T23:21:44.0814422Z [0;36m(ApiServer_0 pid=1216)[0;0m WARNING 02-12 23:21:44 [platform.py:339]             
2026-02-12T23:21:44.0815379Z [0;36m(ApiServer_0 pid=1216)[0;0m INFO 02-12 23:21:44 [platform.py:447] Set PYTORCH_NPU_ALLOC_CONF=expandable_segments:True
2026-02-12T23:21:44.0891522Z [0;36m(ApiServer_2 pid=1218)[0;0m INFO 02-12 23:21:44 [model.py:541] Resolved architecture: Qwen3MoeForCausalLM
2026-02-12T23:21:44.0894141Z [0;36m(ApiServer_2 pid=1218)[0;0m INFO 02-12 23:21:44 [model.py:1561] Using max model len 40960
2026-02-12T23:21:44.1683420Z /usr/local/python3.11.14/lib/python3.11/site-packages/transformers/models/auto/image_processing_auto.py:647: FutureWarning: The image_processor_class argument is deprecated and will be removed in v4.42. Please use `slow_image_processor_class`, or `fast_image_processor_class` instead
2026-02-12T23:21:44.1685276Z   warnings.warn(
2026-02-12T23:21:44.1714043Z /usr/local/python3.11.14/lib/python3.11/site-packages/transformers/models/auto/image_processing_auto.py:647: FutureWarning: The image_processor_class argument is deprecated and will be removed in v4.42. Please use `slow_image_processor_class`, or `fast_image_processor_class` instead
2026-02-12T23:21:44.1715608Z   warnings.warn(
2026-02-12T23:21:44.2124657Z [0;36m(ApiServer_2 pid=1218)[0;0m INFO 02-12 23:21:44 [scheduler.py:226] Chunked prefill is enabled with max_num_batched_tokens=8192.
2026-02-12T23:21:44.3252343Z [0;36m(ApiServer_2 pid=1218)[0;0m INFO 02-12 23:21:44 [vllm.py:624] Asynchronous scheduling is enabled.
2026-02-12T23:21:44.3253616Z [0;36m(ApiServer_2 pid=1218)[0;0m INFO 02-12 23:21:44 [vllm.py:634] Disabling NCCL for DP synchronization when using async scheduling.
2026-02-12T23:21:44.3255360Z [0;36m(ApiServer_2 pid=1218)[0;0m WARNING 02-12 23:21:44 [platform.py:775] Ignored parameter 'use_trtllm_ragged_deepseek_prefill'. This is a GPU-specific feature not supported on Ascend. Resetting to False.
2026-02-12T23:21:44.3257456Z /usr/local/python3.11.14/lib/python3.11/site-packages/transformers/models/auto/image_processing_auto.py:647: FutureWarning: The image_processor_class argument is deprecated and will be removed in v4.42. Please use `slow_image_processor_class`, or `fast_image_processor_class` instead
2026-02-12T23:21:44.3259065Z   warnings.warn(
2026-02-12T23:21:44.3259614Z [0;36m(ApiServer_2 pid=1218)[0;0m INFO 02-12 23:21:44 [ascend_config.py:412] Dynamic EPLB is True
2026-02-12T23:21:44.3260515Z [0;36m(ApiServer_2 pid=1218)[0;0m INFO 02-12 23:21:44 [ascend_config.py:413] The number of redundant experts is 0
2026-02-12T23:21:44.3262295Z [0;36m(ApiServer_2 pid=1218)[0;0m INFO 02-12 23:21:44 [ascend_config.py:54] Linear layer sharding enabled with config: None. Note: This feature works optimally with FLASHCOMM2 and DSA-CP enabled; using it without these features may result in significant performance degradation.
2026-02-12T23:21:44.3265329Z [0;36m(ApiServer_2 pid=1218)[0;0m WARNING 02-12 23:21:44 [vllm.py:1062] Batch sizes [1, 2] are removed because they are not multiple of tp_size 4 when sequence parallelism is enabled
2026-02-12T23:21:44.3266885Z [0;36m(ApiServer_2 pid=1218)[0;0m INFO 02-12 23:21:44 [platform.py:322] FULL_DECODE_ONLY compilation enabled on NPU. use_inductor not supported - using only ACL Graph mode
2026-02-12T23:21:44.3267940Z [0;36m(ApiServer_2 pid=1218)[0;0m WARNING 02-12 23:21:44 [platform.py:339] [91m
2026-02-12T23:21:44.3268898Z [0;36m(ApiServer_2 pid=1218)[0;0m WARNING 02-12 23:21:44 [platform.py:339]             **********************************************************************************
2026-02-12T23:21:44.3270023Z [0;36m(ApiServer_2 pid=1218)[0;0m WARNING 02-12 23:21:44 [platform.py:339]             * WARNING: You have enabled the *full graph* feature.
2026-02-12T23:21:44.3271265Z [0;36m(ApiServer_2 pid=1218)[0;0m WARNING 02-12 23:21:44 [platform.py:339]             * This is an early experimental stage and may involve various unknown issues.
2026-02-12T23:21:44.3272581Z [0;36m(ApiServer_2 pid=1218)[0;0m WARNING 02-12 23:21:44 [platform.py:339]             * A known problem is that capturing too many batch sizes can lead to OOM
2026-02-12T23:21:44.3274150Z [0;36m(ApiServer_2 pid=1218)[0;0m WARNING 02-12 23:21:44 [platform.py:339]             * (Out of Memory) errors or inference hangs. If you encounter such issues,
2026-02-12T23:21:44.3275544Z [0;36m(ApiServer_2 pid=1218)[0;0m WARNING 02-12 23:21:44 [platform.py:339]             * consider reducing `gpu_memory_utilization` or manually specifying a smaller
2026-02-12T23:21:44.3276803Z [0;36m(ApiServer_2 pid=1218)[0;0m WARNING 02-12 23:21:44 [platform.py:339]             * batch size for graph capture.
2026-02-12T23:21:44.3278106Z [0;36m(ApiServer_2 pid=1218)[0;0m WARNING 02-12 23:21:44 [platform.py:339]             * For more details, please refer to:
2026-02-12T23:21:44.3279643Z [0;36m(ApiServer_2 pid=1218)[0;0m WARNING 02-12 23:21:44 [platform.py:339]             * https://docs.vllm.ai/en/stable/configuration/conserving_memory.html#reduce-cuda-graphs
2026-02-12T23:21:44.3280986Z [0;36m(ApiServer_2 pid=1218)[0;0m WARNING 02-12 23:21:44 [platform.py:339]             **********************************************************************************[0m
2026-02-12T23:21:44.3282182Z [0;36m(ApiServer_2 pid=1218)[0;0m WARNING 02-12 23:21:44 [platform.py:339]             
2026-02-12T23:21:44.3283563Z [0;36m(ApiServer_2 pid=1218)[0;0m INFO 02-12 23:21:44 [platform.py:447] Set PYTORCH_NPU_ALLOC_CONF=expandable_segments:True
2026-02-12T23:21:44.5615492Z [0;36m(ApiServer_1 pid=1217)[0;0m 2026-02-12 23:21:44,560 - 1217 - vllmProfiler - INFO - VLLM_USE_V1 not set, auto-detected via vLLM 0.15.0+empty: default 1
2026-02-12T23:21:44.5802756Z [0;36m(ApiServer_1 pid=1217)[0;0m INFO 02-12 23:21:44 [__init__.py:108] Registered model loader `<class 'vllm_ascend.model_loader.netloader.netloader.ModelNetLoaderElastic'>` with load format `netloader`
2026-02-12T23:21:44.6025927Z [0;36m(ApiServer_1 pid=1217)[0;0m INFO 02-12 23:21:44 [arg_utils.py:602] HF_HUB_OFFLINE is True, replace model_id [vllm-ascend/Qwen3-235B-A22B-W8A8] to model_path [/root/.cache/modelscope/hub/models/vllm-ascend/Qwen3-235B-A22B-W8A8]
2026-02-12T23:21:44.6027618Z [0;36m(ApiServer_1 pid=1217)[0;0m 2026-02-12 23:21:44,601 - modelscope - WARNING - We can not confirm the cached file is for revision: master
2026-02-12T23:21:44.7131140Z [0;36m(ApiServer_1 pid=1217)[0;0m The argument `trust_remote_code` is to be used with Auto classes. It has no effect here and is ignored.
2026-02-12T23:21:44.7132681Z [0;36m(ApiServer_1 pid=1217)[0;0m [2026-02-12 23:21:44] WARNING configuration_utils.py:697: The argument `trust_remote_code` is to be used with Auto classes. It has no effect here and is ignored.
2026-02-12T23:21:44.7143305Z [0;36m(ApiServer_1 pid=1217)[0;0m The argument `trust_remote_code` is to be used with Auto classes. It has no effect here and is ignored.
2026-02-12T23:21:44.7144776Z [0;36m(ApiServer_1 pid=1217)[0;0m [2026-02-12 23:21:44] WARNING configuration_utils.py:697: The argument `trust_remote_code` is to be used with Auto classes. It has no effect here and is ignored.
2026-02-12T23:21:44.7236074Z [0;36m(ApiServer_1 pid=1217)[0;0m INFO 02-12 23:21:44 [model.py:541] Resolved architecture: Qwen3MoeForCausalLM
2026-02-12T23:21:44.7238096Z [0;36m(ApiServer_1 pid=1217)[0;0m INFO 02-12 23:21:44 [model.py:1561] Using max model len 40960
2026-02-12T23:21:44.8157645Z /usr/local/python3.11.14/lib/python3.11/site-packages/transformers/models/auto/image_processing_auto.py:647: FutureWarning: The image_processor_class argument is deprecated and will be removed in v4.42. Please use `slow_image_processor_class`, or `fast_image_processor_class` instead
2026-02-12T23:21:44.8159125Z   warnings.warn(
2026-02-12T23:21:44.8382594Z [0;36m(ApiServer_1 pid=1217)[0;0m INFO 02-12 23:21:44 [scheduler.py:226] Chunked prefill is enabled with max_num_batched_tokens=8192.
2026-02-12T23:21:44.9463689Z [0;36m(ApiServer_1 pid=1217)[0;0m INFO 02-12 23:21:44 [vllm.py:624] Asynchronous scheduling is enabled.
2026-02-12T23:21:44.9464774Z [0;36m(ApiServer_1 pid=1217)[0;0m INFO 02-12 23:21:44 [vllm.py:634] Disabling NCCL for DP synchronization when using async scheduling.
2026-02-12T23:21:44.9466384Z [0;36m(ApiServer_1 pid=1217)[0;0m WARNING 02-12 23:21:44 [platform.py:775] Ignored parameter 'use_trtllm_ragged_deepseek_prefill'. This is a GPU-specific feature not supported on Ascend. Resetting to False.
2026-02-12T23:21:44.9467701Z [0;36m(ApiServer_1 pid=1217)[0;0m INFO 02-12 23:21:44 [ascend_config.py:412] Dynamic EPLB is True
2026-02-12T23:21:44.9468590Z [0;36m(ApiServer_1 pid=1217)[0;0m INFO 02-12 23:21:44 [ascend_config.py:413] The number of redundant experts is 0
2026-02-12T23:21:44.9470750Z [0;36m(ApiServer_1 pid=1217)[0;0m INFO 02-12 23:21:44 [ascend_config.py:54] Linear layer sharding enabled with config: None. Note: This feature works optimally with FLASHCOMM2 and DSA-CP enabled; using it without these features may result in significant performance degradation.
2026-02-12T23:21:44.9472945Z [0;36m(ApiServer_1 pid=1217)[0;0m WARNING 02-12 23:21:44 [vllm.py:1062] Batch sizes [1, 2] are removed because they are not multiple of tp_size 4 when sequence parallelism is enabled
2026-02-12T23:21:44.9474570Z [0;36m(ApiServer_1 pid=1217)[0;0m INFO 02-12 23:21:44 [platform.py:322] FULL_DECODE_ONLY compilation enabled on NPU. use_inductor not supported - using only ACL Graph mode
2026-02-12T23:21:44.9475862Z [0;36m(ApiServer_1 pid=1217)[0;0m WARNING 02-12 23:21:44 [platform.py:339] [91m
2026-02-12T23:21:44.9476825Z [0;36m(ApiServer_1 pid=1217)[0;0m WARNING 02-12 23:21:44 [platform.py:339]             **********************************************************************************
2026-02-12T23:21:44.9477960Z [0;36m(ApiServer_1 pid=1217)[0;0m WARNING 02-12 23:21:44 [platform.py:339]             * WARNING: You have enabled the *full graph* feature.
2026-02-12T23:21:44.9479206Z [0;36m(ApiServer_1 pid=1217)[0;0m WARNING 02-12 23:21:44 [platform.py:339]             * This is an early experimental stage and may involve various unknown issues.
2026-02-12T23:21:44.9480526Z [0;36m(ApiServer_1 pid=1217)[0;0m WARNING 02-12 23:21:44 [platform.py:339]             * A known problem is that capturing too many batch sizes can lead to OOM
2026-02-12T23:21:44.9481810Z [0;36m(ApiServer_1 pid=1217)[0;0m WARNING 02-12 23:21:44 [platform.py:339]             * (Out of Memory) errors or inference hangs. If you encounter such issues,
2026-02-12T23:21:44.9483234Z [0;36m(ApiServer_1 pid=1217)[0;0m WARNING 02-12 23:21:44 [platform.py:339]             * consider reducing `gpu_memory_utilization` or manually specifying a smaller
2026-02-12T23:21:44.9484385Z [0;36m(ApiServer_1 pid=1217)[0;0m WARNING 02-12 23:21:44 [platform.py:339]             * batch size for graph capture.
2026-02-12T23:21:44.9485877Z [0;36m(ApiServer_1 pid=1217)[0;0m WARNING 02-12 23:21:44 [platform.py:339]             * For more details, please refer to:
2026-02-12T23:21:44.9487183Z [0;36m(ApiServer_1 pid=1217)[0;0m WARNING 02-12 23:21:44 [platform.py:339]             * https://docs.vllm.ai/en/stable/configuration/conserving_memory.html#reduce-cuda-graphs
2026-02-12T23:21:44.9488510Z [0;36m(ApiServer_1 pid=1217)[0;0m WARNING 02-12 23:21:44 [platform.py:339]             **********************************************************************************[0m
2026-02-12T23:21:44.9489442Z [0;36m(ApiServer_1 pid=1217)[0;0m WARNING 02-12 23:21:44 [platform.py:339]             
2026-02-12T23:21:44.9490349Z [0;36m(ApiServer_1 pid=1217)[0;0m INFO 02-12 23:21:44 [platform.py:447] Set PYTORCH_NPU_ALLOC_CONF=expandable_segments:True
2026-02-12T23:21:47.1932098Z INFO 02-12 23:21:47 [__init__.py:43] Available plugins for group vllm.platform_plugins:
2026-02-12T23:21:47.1932787Z INFO 02-12 23:21:47 [__init__.py:45] - ascend -> vllm_ascend:register
2026-02-12T23:21:47.1933634Z INFO 02-12 23:21:47 [__init__.py:48] All plugins in this group will be loaded. Set `VLLM_PLUGINS` to control which plugins to load.
2026-02-12T23:21:47.2010789Z INFO 02-12 23:21:47 [__init__.py:217] Platform plugin ascend is activated
2026-02-12T23:21:47.7000948Z INFO 02-12 23:21:47 [__init__.py:43] Available plugins for group vllm.platform_plugins:
2026-02-12T23:21:47.7001602Z INFO 02-12 23:21:47 [__init__.py:45] - ascend -> vllm_ascend:register
2026-02-12T23:21:47.7002368Z INFO 02-12 23:21:47 [__init__.py:48] All plugins in this group will be loaded. Set `VLLM_PLUGINS` to control which plugins to load.
2026-02-12T23:21:47.7081644Z INFO 02-12 23:21:47 [__init__.py:217] Platform plugin ascend is activated
2026-02-12T23:21:47.7178111Z INFO 02-12 23:21:47 [__init__.py:43] Available plugins for group vllm.platform_plugins:
2026-02-12T23:21:47.7178736Z INFO 02-12 23:21:47 [__init__.py:45] - ascend -> vllm_ascend:register
2026-02-12T23:21:47.7179871Z INFO 02-12 23:21:47 [__init__.py:48] All plugins in this group will be loaded. Set `VLLM_PLUGINS` to control which plugins to load.
2026-02-12T23:21:47.7288045Z INFO 02-12 23:21:47 [__init__.py:217] Platform plugin ascend is activated
2026-02-12T23:21:47.8257619Z INFO 02-12 23:21:47 [ascend_config.py:412] Dynamic EPLB is True
2026-02-12T23:21:47.8258219Z INFO 02-12 23:21:47 [ascend_config.py:413] The number of redundant experts is 0
2026-02-12T23:21:47.8259534Z INFO 02-12 23:21:47 [ascend_config.py:54] Linear layer sharding enabled with config: None. Note: This feature works optimally with FLASHCOMM2 and DSA-CP enabled; using it without these features may result in significant performance degradation.
2026-02-12T23:21:47.8309848Z INFO 02-12 23:21:47 [ascend_config.py:412] Dynamic EPLB is True
2026-02-12T23:21:47.8310568Z INFO 02-12 23:21:47 [ascend_config.py:413] The number of redundant experts is 0
2026-02-12T23:21:47.8311130Z INFO 02-12 23:21:47 [ascend_config.py:412] Dynamic EPLB is True
2026-02-12T23:21:47.8311680Z INFO 02-12 23:21:47 [ascend_config.py:413] The number of redundant experts is 0
2026-02-12T23:21:47.8312989Z INFO 02-12 23:21:47 [ascend_config.py:54] Linear layer sharding enabled with config: None. Note: This feature works optimally with FLASHCOMM2 and DSA-CP enabled; using it without these features may result in significant performance degradation.
2026-02-12T23:21:47.8315159Z INFO 02-12 23:21:47 [ascend_config.py:54] Linear layer sharding enabled with config: None. Note: This feature works optimally with FLASHCOMM2 and DSA-CP enabled; using it without these features may result in significant performance degradation.
2026-02-12T23:21:47.8448416Z INFO 02-12 23:21:47 [ascend_config.py:412] Dynamic EPLB is True
2026-02-12T23:21:47.8448975Z INFO 02-12 23:21:47 [ascend_config.py:413] The number of redundant experts is 0
2026-02-12T23:21:47.8450316Z INFO 02-12 23:21:47 [ascend_config.py:54] Linear layer sharding enabled with config: None. Note: This feature works optimally with FLASHCOMM2 and DSA-CP enabled; using it without these features may result in significant performance degradation.
2026-02-12T23:21:47.8771926Z INFO 02-12 23:21:47 [parallel_state.py:1212] world_size=16 rank=12 local_rank=0 distributed_init_method=tcp://127.0.0.1:57999 backend=hccl
2026-02-12T23:21:47.8776162Z INFO 02-12 23:21:47 [parallel_state.py:1212] world_size=16 rank=4 local_rank=0 distributed_init_method=tcp://127.0.0.1:57999 backend=hccl
2026-02-12T23:21:47.8777277Z INFO 02-12 23:21:47 [parallel_state.py:1212] world_size=16 rank=0 local_rank=0 distributed_init_method=tcp://127.0.0.1:57999 backend=hccl
2026-02-12T23:21:47.8951326Z INFO 02-12 23:21:47 [parallel_state.py:1212] world_size=16 rank=8 local_rank=0 distributed_init_method=tcp://127.0.0.1:57999 backend=hccl
2026-02-12T23:21:48.0260819Z INFO 02-12 23:21:48 [__init__.py:43] Available plugins for group vllm.platform_plugins:
2026-02-12T23:21:48.0261970Z INFO 02-12 23:21:48 [__init__.py:45] - ascend -> vllm_ascend:register
2026-02-12T23:21:48.0263536Z INFO 02-12 23:21:48 [__init__.py:48] All plugins in this group will be loaded. Set `VLLM_PLUGINS` to control which plugins to load.
2026-02-12T23:21:48.0338977Z INFO 02-12 23:21:48 [__init__.py:217] Platform plugin ascend is activated
2026-02-12T23:21:52.3288167Z 2026-02-12 23:21:52,327 - 1515 - vllmProfiler - INFO - VLLM_USE_V1 not set, auto-detected via vLLM 0.15.0+empty: default 1
2026-02-12T23:21:52.3325036Z INFO 02-12 23:21:52 [__init__.py:108] Registered model loader `<class 'vllm_ascend.model_loader.netloader.netloader.ModelNetLoaderElastic'>` with load format `netloader`
2026-02-12T23:21:52.7653350Z 2026-02-12 23:21:52,764 - 1559 - vllmProfiler - INFO - VLLM_USE_V1 not set, auto-detected via vLLM 0.15.0+empty: default 1
2026-02-12T23:21:52.7687929Z INFO 02-12 23:21:52 [__init__.py:108] Registered model loader `<class 'vllm_ascend.model_loader.netloader.netloader.ModelNetLoaderElastic'>` with load format `netloader`
2026-02-12T23:21:53.1532138Z 2026-02-12 23:21:53,151 - 1562 - vllmProfiler - INFO - VLLM_USE_V1 not set, auto-detected via vLLM 0.15.0+empty: default 1
2026-02-12T23:21:53.1574289Z INFO 02-12 23:21:53 [__init__.py:108] Registered model loader `<class 'vllm_ascend.model_loader.netloader.netloader.ModelNetLoaderElastic'>` with load format `netloader`
2026-02-12T23:21:53.2648835Z 2026-02-12 23:21:53,263 - 1527 - vllmProfiler - INFO - VLLM_USE_V1 not set, auto-detected via vLLM 0.15.0+empty: default 1
2026-02-12T23:21:53.2685585Z INFO 02-12 23:21:53 [__init__.py:108] Registered model loader `<class 'vllm_ascend.model_loader.netloader.netloader.ModelNetLoaderElastic'>` with load format `netloader`
2026-02-12T23:21:53.6867673Z /usr/local/python3.11.14/lib/python3.11/site-packages/transformers/models/auto/image_processing_auto.py:647: FutureWarning: The image_processor_class argument is deprecated and will be removed in v4.42. Please use `slow_image_processor_class`, or `fast_image_processor_class` instead
2026-02-12T23:21:53.6869138Z   warnings.warn(
2026-02-12T23:21:54.0916464Z /usr/local/python3.11.14/lib/python3.11/site-packages/transformers/models/auto/image_processing_auto.py:647: FutureWarning: The image_processor_class argument is deprecated and will be removed in v4.42. Please use `slow_image_processor_class`, or `fast_image_processor_class` instead
2026-02-12T23:21:54.0917920Z   warnings.warn(
2026-02-12T23:21:54.5954676Z /usr/local/python3.11.14/lib/python3.11/site-packages/transformers/models/auto/image_processing_auto.py:647: FutureWarning: The image_processor_class argument is deprecated and will be removed in v4.42. Please use `slow_image_processor_class`, or `fast_image_processor_class` instead
2026-02-12T23:21:54.5957407Z   warnings.warn(
2026-02-12T23:21:54.6492546Z /usr/local/python3.11.14/lib/python3.11/site-packages/transformers/models/auto/image_processing_auto.py:647: FutureWarning: The image_processor_class argument is deprecated and will be removed in v4.42. Please use `slow_image_processor_class`, or `fast_image_processor_class` instead
2026-02-12T23:21:54.6494793Z   warnings.warn(
2026-02-12T23:21:55.8905849Z INFO 02-12 23:21:55 [ascend_config.py:412] Dynamic EPLB is True
2026-02-12T23:21:55.8906453Z INFO 02-12 23:21:55 [ascend_config.py:413] The number of redundant experts is 0
2026-02-12T23:21:55.8907773Z INFO 02-12 23:21:55 [ascend_config.py:54] Linear layer sharding enabled with config: None. Note: This feature works optimally with FLASHCOMM2 and DSA-CP enabled; using it without these features may result in significant performance degradation.
2026-02-12T23:21:56.1726800Z INFO 02-12 23:21:56 [ascend_config.py:412] Dynamic EPLB is True
2026-02-12T23:21:56.1727393Z INFO 02-12 23:21:56 [ascend_config.py:413] The number of redundant experts is 0
2026-02-12T23:21:56.1728720Z INFO 02-12 23:21:56 [ascend_config.py:54] Linear layer sharding enabled with config: None. Note: This feature works optimally with FLASHCOMM2 and DSA-CP enabled; using it without these features may result in significant performance degradation.
2026-02-12T23:21:56.3086502Z INFO 02-12 23:21:56 [parallel_state.py:1212] world_size=16 rank=9 local_rank=1 distributed_init_method=tcp://127.0.0.1:57999 backend=hccl
2026-02-12T23:21:56.6002485Z INFO 02-12 23:21:56 [parallel_state.py:1212] world_size=16 rank=1 local_rank=1 distributed_init_method=tcp://127.0.0.1:57999 backend=hccl
2026-02-12T23:21:56.8077749Z INFO 02-12 23:21:56 [ascend_config.py:412] Dynamic EPLB is True
2026-02-12T23:21:56.8078347Z INFO 02-12 23:21:56 [ascend_config.py:413] The number of redundant experts is 0
2026-02-12T23:21:56.8079669Z INFO 02-12 23:21:56 [ascend_config.py:54] Linear layer sharding enabled with config: None. Note: This feature works optimally with FLASHCOMM2 and DSA-CP enabled; using it without these features may result in significant performance degradation.
2026-02-12T23:21:56.8325153Z INFO 02-12 23:21:56 [ascend_config.py:412] Dynamic EPLB is True
2026-02-12T23:21:56.8325742Z INFO 02-12 23:21:56 [ascend_config.py:413] The number of redundant experts is 0
2026-02-12T23:21:56.8327416Z INFO 02-12 23:21:56 [ascend_config.py:54] Linear layer sharding enabled with config: None. Note: This feature works optimally with FLASHCOMM2 and DSA-CP enabled; using it without these features may result in significant performance degradation.
2026-02-12T23:21:57.2463217Z INFO 02-12 23:21:57 [parallel_state.py:1212] world_size=16 rank=13 local_rank=1 distributed_init_method=tcp://127.0.0.1:57999 backend=hccl
2026-02-12T23:21:57.2621269Z INFO 02-12 23:21:57 [parallel_state.py:1212] world_size=16 rank=5 local_rank=1 distributed_init_method=tcp://127.0.0.1:57999 backend=hccl
2026-02-12T23:21:57.3175746Z INFO 02-12 23:21:57 [__init__.py:43] Available plugins for group vllm.platform_plugins:
2026-02-12T23:21:57.3176368Z INFO 02-12 23:21:57 [__init__.py:45] - ascend -> vllm_ascend:register
2026-02-12T23:21:57.3177137Z INFO 02-12 23:21:57 [__init__.py:48] All plugins in this group will be loaded. Set `VLLM_PLUGINS` to control which plugins to load.
2026-02-12T23:21:57.3251607Z INFO 02-12 23:21:57 [__init__.py:217] Platform plugin ascend is activated
2026-02-12T23:21:57.3255505Z INFO 02-12 23:21:57 [__init__.py:43] Available plugins for group vllm.platform_plugins:
2026-02-12T23:21:57.3256103Z INFO 02-12 23:21:57 [__init__.py:45] - ascend -> vllm_ascend:register
2026-02-12T23:21:57.3256849Z INFO 02-12 23:21:57 [__init__.py:48] All plugins in this group will be loaded. Set `VLLM_PLUGINS` to control which plugins to load.
2026-02-12T23:21:57.3345442Z INFO 02-12 23:21:57 [__init__.py:217] Platform plugin ascend is activated
2026-02-12T23:21:57.7499281Z INFO 02-12 23:21:57 [__init__.py:43] Available plugins for group vllm.platform_plugins:
2026-02-12T23:21:57.7499909Z INFO 02-12 23:21:57 [__init__.py:45] - ascend -> vllm_ascend:register
2026-02-12T23:21:57.7500673Z INFO 02-12 23:21:57 [__init__.py:48] All plugins in this group will be loaded. Set `VLLM_PLUGINS` to control which plugins to load.
2026-02-12T23:21:57.7576097Z INFO 02-12 23:21:57 [__init__.py:217] Platform plugin ascend is activated
2026-02-12T23:21:58.0506326Z INFO 02-12 23:21:58 [__init__.py:43] Available plugins for group vllm.platform_plugins:
2026-02-12T23:21:58.0507444Z INFO 02-12 23:21:58 [__init__.py:45] - ascend -> vllm_ascend:register
2026-02-12T23:21:58.0508553Z INFO 02-12 23:21:58 [__init__.py:48] All plugins in this group will be loaded. Set `VLLM_PLUGINS` to control which plugins to load.
2026-02-12T23:21:58.0588229Z INFO 02-12 23:21:58 [__init__.py:217] Platform plugin ascend is activated
2026-02-12T23:22:02.4750653Z 2026-02-12 23:22:02,473 - 1857 - vllmProfiler - INFO - VLLM_USE_V1 not set, auto-detected via vLLM 0.15.0+empty: default 1
2026-02-12T23:22:02.4785216Z INFO 02-12 23:22:02 [__init__.py:108] Registered model loader `<class 'vllm_ascend.model_loader.netloader.netloader.ModelNetLoaderElastic'>` with load format `netloader`
2026-02-12T23:22:02.8572693Z 2026-02-12 23:22:02,856 - 1871 - vllmProfiler - INFO - VLLM_USE_V1 not set, auto-detected via vLLM 0.15.0+empty: default 1
2026-02-12T23:22:02.8610440Z INFO 02-12 23:22:02 [__init__.py:108] Registered model loader `<class 'vllm_ascend.model_loader.netloader.netloader.ModelNetLoaderElastic'>` with load format `netloader`
2026-02-12T23:22:03.0672130Z 2026-02-12 23:22:03,066 - 1845 - vllmProfiler - INFO - VLLM_USE_V1 not set, auto-detected via vLLM 0.15.0+empty: default 1
2026-02-12T23:22:03.0709074Z INFO 02-12 23:22:03 [__init__.py:108] Registered model loader `<class 'vllm_ascend.model_loader.netloader.netloader.ModelNetLoaderElastic'>` with load format `netloader`
2026-02-12T23:22:03.2747066Z 2026-02-12 23:22:03,273 - 1860 - vllmProfiler - INFO - VLLM_USE_V1 not set, auto-detected via vLLM 0.15.0+empty: default 1
2026-02-12T23:22:03.2787745Z INFO 02-12 23:22:03 [__init__.py:108] Registered model loader `<class 'vllm_ascend.model_loader.netloader.netloader.ModelNetLoaderElastic'>` with load format `netloader`
2026-02-12T23:22:03.7933827Z /usr/local/python3.11.14/lib/python3.11/site-packages/transformers/models/auto/image_processing_auto.py:647: FutureWarning: The image_processor_class argument is deprecated and will be removed in v4.42. Please use `slow_image_processor_class`, or `fast_image_processor_class` instead
2026-02-12T23:22:03.7935393Z   warnings.warn(
2026-02-12T23:22:04.3694836Z /usr/local/python3.11.14/lib/python3.11/site-packages/transformers/models/auto/image_processing_auto.py:647: FutureWarning: The image_processor_class argument is deprecated and will be removed in v4.42. Please use `slow_image_processor_class`, or `fast_image_processor_class` instead
2026-02-12T23:22:04.3696500Z   warnings.warn(
2026-02-12T23:22:04.6545605Z /usr/local/python3.11.14/lib/python3.11/site-packages/transformers/models/auto/image_processing_auto.py:647: FutureWarning: The image_processor_class argument is deprecated and will be removed in v4.42. Please use `slow_image_processor_class`, or `fast_image_processor_class` instead
2026-02-12T23:22:04.6547040Z   warnings.warn(
2026-02-12T23:22:04.7812684Z /usr/local/python3.11.14/lib/python3.11/site-packages/transformers/models/auto/image_processing_auto.py:647: FutureWarning: The image_processor_class argument is deprecated and will be removed in v4.42. Please use `slow_image_processor_class`, or `fast_image_processor_class` instead
2026-02-12T23:22:04.7814264Z   warnings.warn(
2026-02-12T23:22:05.9072909Z INFO 02-12 23:22:05 [ascend_config.py:412] Dynamic EPLB is True
2026-02-12T23:22:05.9073607Z INFO 02-12 23:22:05 [ascend_config.py:413] The number of redundant experts is 0
2026-02-12T23:22:05.9075049Z INFO 02-12 23:22:05 [ascend_config.py:54] Linear layer sharding enabled with config: None. Note: This feature works optimally with FLASHCOMM2 and DSA-CP enabled; using it without these features may result in significant performance degradation.
2026-02-12T23:22:06.3710162Z INFO 02-12 23:22:06 [parallel_state.py:1212] world_size=16 rank=2 local_rank=2 distributed_init_method=tcp://127.0.0.1:57999 backend=hccl
2026-02-12T23:22:06.4998969Z INFO 02-12 23:22:06 [ascend_config.py:412] Dynamic EPLB is True
2026-02-12T23:22:06.4999893Z INFO 02-12 23:22:06 [ascend_config.py:413] The number of redundant experts is 0
2026-02-12T23:22:06.5001226Z INFO 02-12 23:22:06 [ascend_config.py:54] Linear layer sharding enabled with config: None. Note: This feature works optimally with FLASHCOMM2 and DSA-CP enabled; using it without these features may result in significant performance degradation.
2026-02-12T23:22:06.8364716Z INFO 02-12 23:22:06 [ascend_config.py:412] Dynamic EPLB is True
2026-02-12T23:22:06.8365593Z INFO 02-12 23:22:06 [ascend_config.py:413] The number of redundant experts is 0
2026-02-12T23:22:06.8366921Z INFO 02-12 23:22:06 [ascend_config.py:54] Linear layer sharding enabled with config: None. Note: This feature works optimally with FLASHCOMM2 and DSA-CP enabled; using it without these features may result in significant performance degradation.
2026-02-12T23:22:06.9288488Z INFO 02-12 23:22:06 [ascend_config.py:412] Dynamic EPLB is True
2026-02-12T23:22:06.9289330Z INFO 02-12 23:22:06 [ascend_config.py:413] The number of redundant experts is 0
2026-02-12T23:22:06.9290693Z INFO 02-12 23:22:06 [ascend_config.py:54] Linear layer sharding enabled with config: None. Note: This feature works optimally with FLASHCOMM2 and DSA-CP enabled; using it without these features may result in significant performance degradation.
2026-02-12T23:22:06.9354358Z INFO 02-12 23:22:06 [parallel_state.py:1212] world_size=16 rank=6 local_rank=2 distributed_init_method=tcp://127.0.0.1:57999 backend=hccl
2026-02-12T23:22:07.2933744Z INFO 02-12 23:22:07 [parallel_state.py:1212] world_size=16 rank=10 local_rank=2 distributed_init_method=tcp://127.0.0.1:57999 backend=hccl
2026-02-12T23:22:07.3686334Z INFO 02-12 23:22:07 [parallel_state.py:1212] world_size=16 rank=14 local_rank=2 distributed_init_method=tcp://127.0.0.1:57999 backend=hccl
2026-02-12T23:22:07.4091985Z INFO 02-12 23:22:07 [__init__.py:43] Available plugins for group vllm.platform_plugins:
2026-02-12T23:22:07.4092606Z INFO 02-12 23:22:07 [__init__.py:45] - ascend -> vllm_ascend:register
2026-02-12T23:22:07.4093858Z INFO 02-12 23:22:07 [__init__.py:48] All plugins in this group will be loaded. Set `VLLM_PLUGINS` to control which plugins to load.
2026-02-12T23:22:07.4176376Z INFO 02-12 23:22:07 [__init__.py:217] Platform plugin ascend is activated
2026-02-12T23:22:07.6660396Z INFO 02-12 23:22:07 [__init__.py:43] Available plugins for group vllm.platform_plugins:
2026-02-12T23:22:07.6661045Z INFO 02-12 23:22:07 [__init__.py:45] - ascend -> vllm_ascend:register
2026-02-12T23:22:07.6661795Z INFO 02-12 23:22:07 [__init__.py:48] All plugins in this group will be loaded. Set `VLLM_PLUGINS` to control which plugins to load.
2026-02-12T23:22:07.6741230Z INFO 02-12 23:22:07 [__init__.py:217] Platform plugin ascend is activated
2026-02-12T23:22:08.3321838Z INFO 02-12 23:22:08 [__init__.py:43] Available plugins for group vllm.platform_plugins:
2026-02-12T23:22:08.3322475Z INFO 02-12 23:22:08 [__init__.py:45] - ascend -> vllm_ascend:register
2026-02-12T23:22:08.3323347Z INFO 02-12 23:22:08 [__init__.py:48] All plugins in this group will be loaded. Set `VLLM_PLUGINS` to control which plugins to load.
2026-02-12T23:22:08.3402845Z INFO 02-12 23:22:08 [__init__.py:217] Platform plugin ascend is activated
2026-02-12T23:22:08.3961426Z INFO 02-12 23:22:08 [__init__.py:43] Available plugins for group vllm.platform_plugins:
2026-02-12T23:22:08.3962167Z INFO 02-12 23:22:08 [__init__.py:45] - ascend -> vllm_ascend:register
2026-02-12T23:22:08.3962931Z INFO 02-12 23:22:08 [__init__.py:48] All plugins in this group will be loaded. Set `VLLM_PLUGINS` to control which plugins to load.
2026-02-12T23:22:08.4044154Z INFO 02-12 23:22:08 [__init__.py:217] Platform plugin ascend is activated
2026-02-12T23:22:12.5336864Z 2026-02-12 23:22:12,532 - 2149 - vllmProfiler - INFO - VLLM_USE_V1 not set, auto-detected via vLLM 0.15.0+empty: default 1
2026-02-12T23:22:12.5371163Z INFO 02-12 23:22:12 [__init__.py:108] Registered model loader `<class 'vllm_ascend.model_loader.netloader.netloader.ModelNetLoaderElastic'>` with load format `netloader`
2026-02-12T23:22:12.7971856Z 2026-02-12 23:22:12,795 - 2152 - vllmProfiler - INFO - VLLM_USE_V1 not set, auto-detected via vLLM 0.15.0+empty: default 1
2026-02-12T23:22:12.8008780Z INFO 02-12 23:22:12 [__init__.py:108] Registered model loader `<class 'vllm_ascend.model_loader.netloader.netloader.ModelNetLoaderElastic'>` with load format `netloader`
2026-02-12T23:22:13.8248170Z /usr/local/python3.11.14/lib/python3.11/site-packages/transformers/models/auto/image_processing_auto.py:647: FutureWarning: The image_processor_class argument is deprecated and will be removed in v4.42. Please use `slow_image_processor_class`, or `fast_image_processor_class` instead
2026-02-12T23:22:13.8249632Z   warnings.warn(
2026-02-12T23:22:13.9035321Z 2026-02-12 23:22:13,902 - 2164 - vllmProfiler - INFO - VLLM_USE_V1 not set, auto-detected via vLLM 0.15.0+empty: default 1
2026-02-12T23:22:13.9072137Z INFO 02-12 23:22:13 [__init__.py:108] Registered model loader `<class 'vllm_ascend.model_loader.netloader.netloader.ModelNetLoaderElastic'>` with load format `netloader`
2026-02-12T23:22:13.9417029Z 2026-02-12 23:22:13,940 - 2167 - vllmProfiler - INFO - VLLM_USE_V1 not set, auto-detected via vLLM 0.15.0+empty: default 1
2026-02-12T23:22:13.9456079Z INFO 02-12 23:22:13 [__init__.py:108] Registered model loader `<class 'vllm_ascend.model_loader.netloader.netloader.ModelNetLoaderElastic'>` with load format `netloader`
2026-02-12T23:22:14.0822157Z /usr/local/python3.11.14/lib/python3.11/site-packages/transformers/models/auto/image_processing_auto.py:647: FutureWarning: The image_processor_class argument is deprecated and will be removed in v4.42. Please use `slow_image_processor_class`, or `fast_image_processor_class` instead
2026-02-12T23:22:14.0823815Z   warnings.warn(
2026-02-12T23:22:15.2642768Z /usr/local/python3.11.14/lib/python3.11/site-packages/transformers/models/auto/image_processing_auto.py:647: FutureWarning: The image_processor_class argument is deprecated and will be removed in v4.42. Please use `slow_image_processor_class`, or `fast_image_processor_class` instead
2026-02-12T23:22:15.2644349Z   warnings.warn(
2026-02-12T23:22:15.2849095Z /usr/local/python3.11.14/lib/python3.11/site-packages/transformers/models/auto/image_processing_auto.py:647: FutureWarning: The image_processor_class argument is deprecated and will be removed in v4.42. Please use `slow_image_processor_class`, or `fast_image_processor_class` instead
2026-02-12T23:22:15.2850554Z   warnings.warn(
2026-02-12T23:22:15.8397737Z INFO 02-12 23:22:15 [ascend_config.py:412] Dynamic EPLB is True
2026-02-12T23:22:15.8398335Z INFO 02-12 23:22:15 [ascend_config.py:413] The number of redundant experts is 0
2026-02-12T23:22:15.8399657Z INFO 02-12 23:22:15 [ascend_config.py:54] Linear layer sharding enabled with config: None. Note: This feature works optimally with FLASHCOMM2 and DSA-CP enabled; using it without these features may result in significant performance degradation.
2026-02-12T23:22:16.1741199Z INFO 02-12 23:22:16 [ascend_config.py:412] Dynamic EPLB is True
2026-02-12T23:22:16.1741825Z INFO 02-12 23:22:16 [ascend_config.py:413] The number of redundant experts is 0
2026-02-12T23:22:16.1743238Z INFO 02-12 23:22:16 [ascend_config.py:54] Linear layer sharding enabled with config: None. Note: This feature works optimally with FLASHCOMM2 and DSA-CP enabled; using it without these features may result in significant performance degradation.
2026-02-12T23:22:16.2792197Z INFO 02-12 23:22:16 [parallel_state.py:1212] world_size=16 rank=3 local_rank=3 distributed_init_method=tcp://127.0.0.1:57999 backend=hccl
2026-02-12T23:22:16.6072679Z INFO 02-12 23:22:16 [parallel_state.py:1212] world_size=16 rank=7 local_rank=3 distributed_init_method=tcp://127.0.0.1:57999 backend=hccl
2026-02-12T23:22:17.3761257Z INFO 02-12 23:22:17 [ascend_config.py:412] Dynamic EPLB is True
2026-02-12T23:22:17.3762317Z INFO 02-12 23:22:17 [ascend_config.py:413] The number of redundant experts is 0
2026-02-12T23:22:17.3763810Z INFO 02-12 23:22:17 [ascend_config.py:54] Linear layer sharding enabled with config: None. Note: This feature works optimally with FLASHCOMM2 and DSA-CP enabled; using it without these features may result in significant performance degradation.
2026-02-12T23:22:17.4083568Z INFO 02-12 23:22:17 [ascend_config.py:412] Dynamic EPLB is True
2026-02-12T23:22:17.4084143Z INFO 02-12 23:22:17 [ascend_config.py:413] The number of redundant experts is 0
2026-02-12T23:22:17.4085554Z INFO 02-12 23:22:17 [ascend_config.py:54] Linear layer sharding enabled with config: None. Note: This feature works optimally with FLASHCOMM2 and DSA-CP enabled; using it without these features may result in significant performance degradation.
2026-02-12T23:22:17.8038951Z INFO 02-12 23:22:17 [parallel_state.py:1212] world_size=16 rank=11 local_rank=3 distributed_init_method=tcp://127.0.0.1:57999 backend=hccl
2026-02-12T23:22:17.8526580Z INFO 02-12 23:22:17 [parallel_state.py:1212] world_size=16 rank=15 local_rank=3 distributed_init_method=tcp://127.0.0.1:57999 backend=hccl
2026-02-12T23:22:17.8709916Z [Gloo] Rank 2 is connected to 15 peer ranks. Expected number of connected peer ranks is : 15
2026-02-12T23:22:17.8711078Z [Gloo] Rank 3 is connected to 15 peer ranks. Expected number of connected peer ranks is : 15
2026-02-12T23:22:17.8711836Z [Gloo] Rank 4 is connected to 15 peer ranks. Expected number of connected peer ranks is : 15
2026-02-12T23:22:17.8712565Z [Gloo] Rank 0 is connected to 15 peer ranks. Expected number of connected peer ranks is : 15
2026-02-12T23:22:17.8713365Z [Gloo] Rank 8 is connected to 15 peer ranks. Expected number of connected peer ranks is : 15
2026-02-12T23:22:17.9078844Z [Gloo] Rank 1 is connected to 15 peer ranks. Expected number of connected peer ranks is : 15
2026-02-12T23:22:17.9237394Z [Gloo] Rank 14 is connected to 15 peer ranks. Expected number of connected peer ranks is : 15
2026-02-12T23:22:17.9238149Z [Gloo] Rank 13 is connected to 15 peer ranks. Expected number of connected peer ranks is : 15
2026-02-12T23:22:17.9277379Z [Gloo] Rank 10 is connected to 15 peer ranks. Expected number of connected peer ranks is : 15
2026-02-12T23:22:17.9317421Z [Gloo] Rank 5 is connected to 15 peer ranks. Expected number of connected peer ranks is : 15
2026-02-12T23:22:17.9318160Z [Gloo] Rank 6 is connected to 15 peer ranks. Expected number of connected peer ranks is : 15
2026-02-12T23:22:17.9318875Z [Gloo] Rank 7 is connected to 15 peer ranks. Expected number of connected peer ranks is : 15
2026-02-12T23:22:17.9719373Z [Gloo] Rank 12 is connected to 15 peer ranks. Expected number of connected peer ranks is : 15
2026-02-12T23:22:17.9720164Z [Gloo] Rank 9 is connected to 15 peer ranks. Expected number of connected peer ranks is : 15
2026-02-12T23:22:17.9720899Z [Gloo] Rank 15 is connected to 15 peer ranks. Expected number of connected peer ranks is : 15
2026-02-12T23:22:17.9721609Z [Gloo] Rank 11 is connected to 15 peer ranks. Expected number of connected peer ranks is : 15
2026-02-12T23:22:17.9831092Z [Gloo] Rank 3 is connected to 3 peer ranks. Expected number of connected peer ranks is : 3
2026-02-12T23:22:17.9831828Z [Gloo] Rank 1 is connected to 3 peer ranks. Expected number of connected peer ranks is : 3
2026-02-12T23:22:17.9832585Z [Gloo] Rank 0 is connected to 3 peer ranks. Expected number of connected peer ranks is : 3
2026-02-12T23:22:17.9833368Z [Gloo] Rank 2 is connected to 3 peer ranks. Expected number of connected peer ranks is : 3
2026-02-12T23:22:17.9904028Z [Gloo] Rank 0 is connected to 0 peer ranks. Expected number of connected peer ranks is : 0
2026-02-12T23:22:17.9906196Z [Gloo] Rank 0 is connected to 0 peer ranks. Expected number of connected peer ranks is : 0
2026-02-12T23:22:17.9908501Z [Gloo] Rank 0 is connected to 0 peer ranks. Expected number of connected peer ranks is : 0
2026-02-12T23:22:17.9909194Z [Gloo] Rank 0 is connected to 0 peer ranks. Expected number of connected peer ranks is : 0
2026-02-12T23:22:17.9925881Z [Gloo] Rank 0 is connected to 0 peer ranks. Expected number of connected peer ranks is : 0
2026-02-12T23:22:17.9928367Z [Gloo] Rank 0 is connected to 0 peer ranks. Expected number of connected peer ranks is : 0
2026-02-12T23:22:17.9930465Z [Gloo] Rank 0 is connected to 0 peer ranks. Expected number of connected peer ranks is : 0
2026-02-12T23:22:17.9932422Z [Gloo] Rank 0 is connected to 0 peer ranks. Expected number of connected peer ranks is : 0
2026-02-12T23:22:17.9941779Z [Gloo] Rank 0 is connected to 0 peer ranks. Expected number of connected peer ranks is : 0
2026-02-12T23:22:17.9947931Z [Gloo] Rank 0 is connected to 0 peer ranks. Expected number of connected peer ranks is : 0
2026-02-12T23:22:17.9954313Z [Gloo] Rank 0 is connected to 0 peer ranks. Expected number of connected peer ranks is : 0
2026-02-12T23:22:17.9955075Z [Gloo] Rank 0 is connected to 0 peer ranks. Expected number of connected peer ranks is : 0
2026-02-12T23:22:18.0203210Z [Gloo] Rank 0 is connected to 3 peer ranks. Expected number of connected peer ranks is : 3
2026-02-12T23:22:18.0203956Z [Gloo] Rank 1 is connected to 3 peer ranks. Expected number of connected peer ranks is : 3
2026-02-12T23:22:18.0204669Z [Gloo] Rank 2 is connected to 3 peer ranks. Expected number of connected peer ranks is : 3
2026-02-12T23:22:18.0205479Z [Gloo] Rank 3 is connected to 3 peer ranks. Expected number of connected peer ranks is : 3
2026-02-12T23:22:18.0263671Z [Gloo] Rank 0 is connected to 0 peer ranks. Expected number of connected peer ranks is : 0
2026-02-12T23:22:18.0270147Z [Gloo] Rank 0 is connected to 0 peer ranks. Expected number of connected peer ranks is : 0
2026-02-12T23:22:18.0270973Z [Gloo] Rank 0 is connected to 0 peer ranks. Expected number of connected peer ranks is : 0
2026-02-12T23:22:18.0271683Z [Gloo] Rank 0 is connected to 0 peer ranks. Expected number of connected peer ranks is : 0
2026-02-12T23:22:18.0287173Z [Gloo] Rank 0 is connected to 0 peer ranks. Expected number of connected peer ranks is : 0
2026-02-12T23:22:18.0289940Z [Gloo] Rank 0 is connected to 3 peer ranks. Expected number of connected peer ranks is : 3
2026-02-12T23:22:18.0290662Z [Gloo] Rank 0 is connected to 0 peer ranks. Expected number of connected peer ranks is : 0
2026-02-12T23:22:18.0291653Z [Gloo] Rank 3 is connected to 3 peer ranks. Expected number of connected peer ranks is : 3
2026-02-12T23:22:18.0292351Z [Gloo] Rank 1 is connected to 3 peer ranks. Expected number of connected peer ranks is : 3
2026-02-12T23:22:18.0293052Z [Gloo] Rank 2 is connected to 3 peer ranks. Expected number of connected peer ranks is : 3
2026-02-12T23:22:18.0293993Z [Gloo] Rank 3 is connected to 3 peer ranks. Expected number of connected peer ranks is : 3
2026-02-12T23:22:18.0294812Z [Gloo] Rank 0 is connected to 3 peer ranks. Expected number of connected peer ranks is : 3
2026-02-12T23:22:18.0295682Z [Gloo] Rank 1 is connected to 3 peer ranks. Expected number of connected peer ranks is : 3
2026-02-12T23:22:18.0296366Z [Gloo] Rank 2 is connected to 3 peer ranks. Expected number of connected peer ranks is : 3
2026-02-12T23:22:18.0297066Z [Gloo] Rank 0 is connected to 0 peer ranks. Expected number of connected peer ranks is : 0
2026-02-12T23:22:18.0297746Z [Gloo] Rank 0 is connected to 0 peer ranks. Expected number of connected peer ranks is : 0
2026-02-12T23:22:18.0310603Z [Gloo] Rank 0 is connected to 0 peer ranks. Expected number of connected peer ranks is : 0
2026-02-12T23:22:18.0316063Z [Gloo] Rank 0 is connected to 0 peer ranks. Expected number of connected peer ranks is : 0
2026-02-12T23:22:18.0319154Z [Gloo] Rank 0 is connected to 0 peer ranks. Expected number of connected peer ranks is : 0
2026-02-12T23:22:18.0319860Z [Gloo] Rank 0 is connected to 0 peer ranks. Expected number of connected peer ranks is : 0
2026-02-12T23:22:18.0363518Z [Gloo] Rank 0 is connected to 0 peer ranks. Expected number of connected peer ranks is : 0
2026-02-12T23:22:18.0364237Z [Gloo] Rank 0 is connected to 0 peer ranks. Expected number of connected peer ranks is : 0
2026-02-12T23:22:18.0365002Z [Gloo] Rank 0 is connected to 0 peer ranks. Expected number of connected peer ranks is : 0
2026-02-12T23:22:18.0365686Z [Gloo] Rank 0 is connected to 0 peer ranks. Expected number of connected peer ranks is : 0
2026-02-12T23:22:18.0367597Z [Gloo] Rank 0 is connected to 0 peer ranks. Expected number of connected peer ranks is : 0
2026-02-12T23:22:18.0371807Z [Gloo] Rank 0 is connected to 0 peer ranks. Expected number of connected peer ranks is : 0
2026-02-12T23:22:18.0372500Z [Gloo] Rank 0 is connected to 0 peer ranks. Expected number of connected peer ranks is : 0
2026-02-12T23:22:18.0373262Z [Gloo] Rank 0 is connected to 0 peer ranks. Expected number of connected peer ranks is : 0
2026-02-12T23:22:18.0387975Z [Gloo] Rank 0 is connected to 0 peer ranks. Expected number of connected peer ranks is : 0
2026-02-12T23:22:18.0388685Z [Gloo] Rank 0 is connected to 0 peer ranks. Expected number of connected peer ranks is : 0
2026-02-12T23:22:18.0389383Z [Gloo] Rank 0 is connected to 0 peer ranks. Expected number of connected peer ranks is : 0
2026-02-12T23:22:18.0390066Z [Gloo] Rank 0 is connected to 0 peer ranks. Expected number of connected peer ranks is : 0
2026-02-12T23:22:18.0390762Z [Gloo] Rank 0 is connected to 0 peer ranks. Expected number of connected peer ranks is : 0
2026-02-12T23:22:18.0392522Z [Gloo] Rank 0 is connected to 0 peer ranks. Expected number of connected peer ranks is : 0
2026-02-12T23:22:18.0393292Z [Gloo] Rank 0 is connected to 0 peer ranks. Expected number of connected peer ranks is : 0
2026-02-12T23:22:18.0398548Z [Gloo] Rank 0 is connected to 0 peer ranks. Expected number of connected peer ranks is : 0
2026-02-12T23:22:18.0410299Z [Gloo] Rank 0 is connected to 0 peer ranks. Expected number of connected peer ranks is : 0
2026-02-12T23:22:18.0412253Z [Gloo] Rank 0 is connected to 0 peer ranks. Expected number of connected peer ranks is : 0
2026-02-12T23:22:18.0412950Z [Gloo] Rank 0 is connected to 0 peer ranks. Expected number of connected peer ranks is : 0
2026-02-12T23:22:18.0413781Z [Gloo] Rank 0 is connected to 0 peer ranks. Expected number of connected peer ranks is : 0
2026-02-12T23:22:18.0414483Z [Gloo] Rank 0 is connected to 0 peer ranks. Expected number of connected peer ranks is : 0
2026-02-12T23:22:18.0415678Z [Gloo] Rank 0 is connected to 0 peer ranks. Expected number of connected peer ranks is : 0
2026-02-12T23:22:18.0418044Z [Gloo] Rank 0 is connected to 0 peer ranks. Expected number of connected peer ranks is : 0
2026-02-12T23:22:18.0419452Z [Gloo] Rank 0 is connected to 0 peer ranks. Expected number of connected peer ranks is : 0
2026-02-12T23:22:18.0436473Z [Gloo] Rank 0 is connected to 3 peer ranks. Expected number of connected peer ranks is : 3
2026-02-12T23:22:18.0437321Z [Gloo] Rank 1 is connected to 3 peer ranks. Expected number of connected peer ranks is : 3
2026-02-12T23:22:18.0439177Z [Gloo] Rank 0 is connected to 3 peer ranks. Expected number of connected peer ranks is : 3
2026-02-12T23:22:18.0439888Z [Gloo] Rank 2 is connected to 3 peer ranks. Expected number of connected peer ranks is : 3
2026-02-12T23:22:18.0440591Z [Gloo] Rank 3 is connected to 3 peer ranks. Expected number of connected peer ranks is : 3
2026-02-12T23:22:18.0441279Z [Gloo] Rank 1 is connected to 3 peer ranks. Expected number of connected peer ranks is : 3
2026-02-12T23:22:18.0442005Z [Gloo] Rank 2 is connected to 3 peer ranks. Expected number of connected peer ranks is : 3
2026-02-12T23:22:18.0442695Z [Gloo] Rank 3 is connected to 3 peer ranks. Expected number of connected peer ranks is : 3
2026-02-12T23:22:18.0443557Z [Gloo] Rank 3 is connected to 3 peer ranks. Expected number of connected peer ranks is : 3
2026-02-12T23:22:18.0444427Z [Gloo] Rank 0 is connected to 3 peer ranks. Expected number of connected peer ranks is : 3
2026-02-12T23:22:18.0445333Z [Gloo] Rank 0 is connected to 3 peer ranks. Expected number of connected peer ranks is : 3
2026-02-12T23:22:18.0446043Z [Gloo] Rank 1 is connected to 3 peer ranks. Expected number of connected peer ranks is : 3
2026-02-12T23:22:18.0446732Z [Gloo] Rank 2 is connected to 3 peer ranks. Expected number of connected peer ranks is : 3
2026-02-12T23:22:18.0447437Z [Gloo] Rank 1 is connected to 3 peer ranks. Expected number of connected peer ranks is : 3
2026-02-12T23:22:18.0448334Z [Gloo] Rank 3 is connected to 3 peer ranks. Expected number of connected peer ranks is : 3
2026-02-12T23:22:18.0449082Z [Gloo] Rank 2 is connected to 3 peer ranks. Expected number of connected peer ranks is : 3
2026-02-12T23:22:18.0540171Z [Gloo] Rank 7 is connected to 15 peer ranks. Expected number of connected peer ranks is : 15
2026-02-12T23:22:18.0540907Z [Gloo] Rank 1 is connected to 15 peer ranks. Expected number of connected peer ranks is : 15
2026-02-12T23:22:18.0541629Z [Gloo] Rank 8 is connected to 15 peer ranks. Expected number of connected peer ranks is : 15
2026-02-12T23:22:18.0542995Z INFO 02-12 23:22:18 [parallel_state.py:1423] rank 7 in world size 16 is assigned as DP rank 1, PP rank 0, PCP rank 0, TP rank 3, EP rank 7
2026-02-12T23:22:18.0545364Z [Gloo] Rank 2 is connected to 15 peer ranks. Expected number of connected peer ranks is : 15
2026-02-12T23:22:18.0548106Z INFO 02-12 23:22:18 [parallel_state.py:1423] rank 8 in world size 16 is assigned as DP rank 2, PP rank 0, PCP rank 0, TP rank 0, EP rank 8
2026-02-12T23:22:18.0549163Z INFO 02-12 23:22:18 [parallel_state.py:1423] rank 1 in world size 16 is assigned as DP rank 0, PP rank 0, PCP rank 0, TP rank 1, EP rank 1
2026-02-12T23:22:18.0550027Z [Gloo] Rank 5 is connected to 15 peer ranks. Expected number of connected peer ranks is : 15
2026-02-12T23:22:18.0551276Z INFO 02-12 23:22:18 [parallel_state.py:1423] rank 2 in world size 16 is assigned as DP rank 0, PP rank 0, PCP rank 0, TP rank 2, EP rank 2
2026-02-12T23:22:18.0553865Z [Gloo] Rank 12 is connected to 15 peer ranks. Expected number of connected peer ranks is : 15
2026-02-12T23:22:18.0554596Z [Gloo] Rank 13 is connected to 15 peer ranks. Expected number of connected peer ranks is : 15
2026-02-12T23:22:18.0555376Z [Gloo] Rank 14 is connected to 15 peer ranks. Expected number of connected peer ranks is : 15
2026-02-12T23:22:18.0556609Z INFO 02-12 23:22:18 [parallel_state.py:1423] rank 5 in world size 16 is assigned as DP rank 1, PP rank 0, PCP rank 0, TP rank 1, EP rank 5
2026-02-12T23:22:18.0558613Z INFO 02-12 23:22:18 [parallel_state.py:1423] rank 12 in world size 16 is assigned as DP rank 3, PP rank 0, PCP rank 0, TP rank 0, EP rank 12
2026-02-12T23:22:18.0559670Z INFO 02-12 23:22:18 [parallel_state.py:1423] rank 13 in world size 16 is assigned as DP rank 3, PP rank 0, PCP rank 0, TP rank 1, EP rank 13
2026-02-12T23:22:18.0560707Z INFO 02-12 23:22:18 [parallel_state.py:1423] rank 14 in world size 16 is assigned as DP rank 3, PP rank 0, PCP rank 0, TP rank 2, EP rank 14
2026-02-12T23:22:18.1244499Z [Gloo] Rank 0 is connected to 15 peer ranks. Expected number of connected peer ranks is : 15
2026-02-12T23:22:18.1245437Z [Gloo] Rank 3 is connected to 15 peer ranks. Expected number of connected peer ranks is : 15
2026-02-12T23:22:18.1267642Z [Gloo] Rank 4 is connected to 15 peer ranks. Expected number of connected peer ranks is : 15
2026-02-12T23:22:18.1268536Z [Gloo] Rank 6 is connected to 15 peer ranks. Expected number of connected peer ranks is : 15
2026-02-12T23:22:18.1269459Z INFO 02-12 23:22:18 [parallel_state.py:1423] rank 3 in world size 16 is assigned as DP rank 0, PP rank 0, PCP rank 0, TP rank 3, EP rank 3
2026-02-12T23:22:18.1270348Z [Gloo] Rank 9 is connected to 15 peer ranks. Expected number of connected peer ranks is : 15
2026-02-12T23:22:18.1271068Z [Gloo] Rank 11 is connected to 15 peer ranks. Expected number of connected peer ranks is : 15
2026-02-12T23:22:18.1271779Z [Gloo] Rank 10 is connected to 15 peer ranks. Expected number of connected peer ranks is : 15
2026-02-12T23:22:18.1272663Z INFO 02-12 23:22:18 [parallel_state.py:1423] rank 4 in world size 16 is assigned as DP rank 1, PP rank 0, PCP rank 0, TP rank 0, EP rank 4
2026-02-12T23:22:18.1273655Z [Gloo] Rank 15 is connected to 15 peer ranks. Expected number of connected peer ranks is : 15
2026-02-12T23:22:18.1274525Z INFO 02-12 23:22:18 [parallel_state.py:1423] rank 0 in world size 16 is assigned as DP rank 0, PP rank 0, PCP rank 0, TP rank 0, EP rank 0
2026-02-12T23:22:18.1275656Z INFO 02-12 23:22:18 [parallel_state.py:1423] rank 9 in world size 16 is assigned as DP rank 2, PP rank 0, PCP rank 0, TP rank 1, EP rank 9
2026-02-12T23:22:18.1276959Z INFO 02-12 23:22:18 [parallel_state.py:1423] rank 6 in world size 16 is assigned as DP rank 1, PP rank 0, PCP rank 0, TP rank 2, EP rank 6
2026-02-12T23:22:18.1278003Z INFO 02-12 23:22:18 [parallel_state.py:1423] rank 11 in world size 16 is assigned as DP rank 2, PP rank 0, PCP rank 0, TP rank 3, EP rank 11
2026-02-12T23:22:18.1279050Z INFO 02-12 23:22:18 [parallel_state.py:1423] rank 10 in world size 16 is assigned as DP rank 2, PP rank 0, PCP rank 0, TP rank 2, EP rank 10
2026-02-12T23:22:18.1280091Z INFO 02-12 23:22:18 [parallel_state.py:1423] rank 15 in world size 16 is assigned as DP rank 3, PP rank 0, PCP rank 0, TP rank 3, EP rank 15
2026-02-12T23:22:18.1326256Z [Gloo] Rank 0 is connected to 15 peer ranks. Expected number of connected peer ranks is : 15
2026-02-12T23:22:18.2082552Z [Gloo] Rank 1 is connected to 15 peer ranks. Expected number of connected peer ranks is : 15
2026-02-12T23:22:18.2083440Z [Gloo] Rank 3 is connected to 15 peer ranks. Expected number of connected peer ranks is : 15
2026-02-12T23:22:18.2084270Z [Gloo] Rank 2 is connected to 15 peer ranks. Expected number of connected peer ranks is : 15
2026-02-12T23:22:18.2565143Z [Gloo] Rank 13 is connected to 15 peer ranks. Expected number of connected peer ranks is : 15
2026-02-12T23:22:18.2600069Z [Gloo] Rank 4 is connected to 15 peer ranks. Expected number of connected peer ranks is : 15
2026-02-12T23:22:18.2602946Z [Gloo] Rank 9 is connected to 15 peer ranks. Expected number of connected peer ranks is : 15
2026-02-12T23:22:18.2603782Z [Gloo] Rank 5 is connected to 15 peer ranks. Expected number of connected peer ranks is : 15
2026-02-12T23:22:18.2962287Z [Gloo] Rank 8 is connected to 15 peer ranks. Expected number of connected peer ranks is : 15
2026-02-12T23:22:18.2963281Z [Gloo] Rank 14 is connected to 15 peer ranks. Expected number of connected peer ranks is : 15
2026-02-12T23:22:18.2997788Z [Gloo] Rank 6 is connected to 15 peer ranks. Expected number of connected peer ranks is : 15
2026-02-12T23:22:18.2999043Z [Gloo] Rank 10 is connected to 15 peer ranks. Expected number of connected peer ranks is : 15
2026-02-12T23:22:18.2999774Z [Gloo] Rank 7 is connected to 15 peer ranks. Expected number of connected peer ranks is : 15
2026-02-12T23:22:18.3000502Z [Gloo] Rank 12 is connected to 15 peer ranks. Expected number of connected peer ranks is : 15
2026-02-12T23:22:18.3002282Z [Gloo] Rank 11 is connected to 15 peer ranks. Expected number of connected peer ranks is : 15
2026-02-12T23:22:18.3003018Z [Gloo] Rank 15 is connected to 15 peer ranks. Expected number of connected peer ranks is : 15
2026-02-12T23:22:23.2207200Z INFO 02-12 23:22:23 [__init__.py:43] Available plugins for group vllm.platform_plugins:
2026-02-12T23:22:23.2207850Z INFO 02-12 23:22:23 [__init__.py:45] - ascend -> vllm_ascend:register
2026-02-12T23:22:23.2208617Z INFO 02-12 23:22:23 [__init__.py:48] All plugins in this group will be loaded. Set `VLLM_PLUGINS` to control which plugins to load.
2026-02-12T23:22:23.2283890Z INFO 02-12 23:22:23 [__init__.py:217] Platform plugin ascend is activated
2026-02-12T23:22:24.0312918Z INFO 02-12 23:22:24 [__init__.py:43] Available plugins for group vllm.platform_plugins:
2026-02-12T23:22:24.0313653Z INFO 02-12 23:22:24 [__init__.py:45] - ascend -> vllm_ascend:register
2026-02-12T23:22:24.0314403Z INFO 02-12 23:22:24 [__init__.py:48] All plugins in this group will be loaded. Set `VLLM_PLUGINS` to control which plugins to load.
2026-02-12T23:22:24.0410883Z INFO 02-12 23:22:24 [__init__.py:217] Platform plugin ascend is activated
2026-02-12T23:22:24.2530286Z INFO 02-12 23:22:24 [__init__.py:43] Available plugins for group vllm.platform_plugins:
2026-02-12T23:22:24.2530915Z INFO 02-12 23:22:24 [__init__.py:45] - ascend -> vllm_ascend:register
2026-02-12T23:22:24.2531949Z INFO 02-12 23:22:24 [__init__.py:48] All plugins in this group will be loaded. Set `VLLM_PLUGINS` to control which plugins to load.
2026-02-12T23:22:24.2632736Z INFO 02-12 23:22:24 [__init__.py:217] Platform plugin ascend is activated
2026-02-12T23:22:24.2642587Z INFO 02-12 23:22:24 [__init__.py:43] Available plugins for group vllm.platform_plugins:
2026-02-12T23:22:24.2643370Z INFO 02-12 23:22:24 [__init__.py:45] - ascend -> vllm_ascend:register
2026-02-12T23:22:24.2644136Z INFO 02-12 23:22:24 [__init__.py:48] All plugins in this group will be loaded. Set `VLLM_PLUGINS` to control which plugins to load.
2026-02-12T23:22:24.2741197Z INFO 02-12 23:22:24 [__init__.py:217] Platform plugin ascend is activated
2026-02-12T23:22:24.2741826Z INFO 02-12 23:22:24 [__init__.py:43] Available plugins for group vllm.platform_plugins:
2026-02-12T23:22:24.2742418Z INFO 02-12 23:22:24 [__init__.py:45] - ascend -> vllm_ascend:register
2026-02-12T23:22:24.2743275Z INFO 02-12 23:22:24 [__init__.py:48] All plugins in this group will be loaded. Set `VLLM_PLUGINS` to control which plugins to load.
2026-02-12T23:22:24.2845118Z INFO 02-12 23:22:24 [__init__.py:217] Platform plugin ascend is activated
2026-02-12T23:22:24.3745483Z INFO 02-12 23:22:24 [__init__.py:43] Available plugins for group vllm.platform_plugins:
2026-02-12T23:22:24.3746231Z INFO 02-12 23:22:24 [__init__.py:45] - ascend -> vllm_ascend:register
2026-02-12T23:22:24.3747000Z INFO 02-12 23:22:24 [__init__.py:48] All plugins in this group will be loaded. Set `VLLM_PLUGINS` to control which plugins to load.
2026-02-12T23:22:24.3839695Z INFO 02-12 23:22:24 [__init__.py:217] Platform plugin ascend is activated
2026-02-12T23:22:24.7018628Z INFO 02-12 23:22:24 [__init__.py:43] Available plugins for group vllm.platform_plugins:
2026-02-12T23:22:24.7019258Z INFO 02-12 23:22:24 [__init__.py:45] - ascend -> vllm_ascend:register
2026-02-12T23:22:24.7020022Z INFO 02-12 23:22:24 [__init__.py:48] All plugins in this group will be loaded. Set `VLLM_PLUGINS` to control which plugins to load.
2026-02-12T23:22:24.7033365Z INFO 02-12 23:22:24 [__init__.py:43] Available plugins for group vllm.platform_plugins:
2026-02-12T23:22:24.7033983Z INFO 02-12 23:22:24 [__init__.py:45] - ascend -> vllm_ascend:register
2026-02-12T23:22:24.7035183Z INFO 02-12 23:22:24 [__init__.py:48] All plugins in this group will be loaded. Set `VLLM_PLUGINS` to control which plugins to load.
2026-02-12T23:22:24.7110954Z INFO 02-12 23:22:24 [__init__.py:217] Platform plugin ascend is activated
2026-02-12T23:22:24.7139325Z INFO 02-12 23:22:24 [__init__.py:217] Platform plugin ascend is activated
2026-02-12T23:22:24.8411211Z INFO 02-12 23:22:24 [__init__.py:43] Available plugins for group vllm.platform_plugins:
2026-02-12T23:22:24.8411838Z INFO 02-12 23:22:24 [__init__.py:45] - ascend -> vllm_ascend:register
2026-02-12T23:22:24.8412604Z INFO 02-12 23:22:24 [__init__.py:48] All plugins in this group will be loaded. Set `VLLM_PLUGINS` to control which plugins to load.
2026-02-12T23:22:24.8519020Z INFO 02-12 23:22:24 [__init__.py:217] Platform plugin ascend is activated
2026-02-12T23:22:24.8742544Z INFO 02-12 23:22:24 [__init__.py:43] Available plugins for group vllm.platform_plugins:
2026-02-12T23:22:24.8743293Z INFO 02-12 23:22:24 [__init__.py:45] - ascend -> vllm_ascend:register
2026-02-12T23:22:24.8744068Z INFO 02-12 23:22:24 [__init__.py:48] All plugins in this group will be loaded. Set `VLLM_PLUGINS` to control which plugins to load.
2026-02-12T23:22:24.8744964Z INFO 02-12 23:22:24 [__init__.py:43] Available plugins for group vllm.platform_plugins:
2026-02-12T23:22:24.8745616Z INFO 02-12 23:22:24 [__init__.py:45] - ascend -> vllm_ascend:register
2026-02-12T23:22:24.8746427Z INFO 02-12 23:22:24 [__init__.py:48] All plugins in this group will be loaded. Set `VLLM_PLUGINS` to control which plugins to load.
2026-02-12T23:22:24.8828297Z INFO 02-12 23:22:24 [__init__.py:217] Platform plugin ascend is activated
2026-02-12T23:22:24.8828839Z INFO 02-12 23:22:24 [__init__.py:217] Platform plugin ascend is activated
2026-02-12T23:22:24.9438794Z INFO 02-12 23:22:24 [__init__.py:43] Available plugins for group vllm.platform_plugins:
2026-02-12T23:22:24.9439414Z INFO 02-12 23:22:24 [__init__.py:45] - ascend -> vllm_ascend:register
2026-02-12T23:22:24.9440487Z INFO 02-12 23:22:24 [__init__.py:48] All plugins in this group will be loaded. Set `VLLM_PLUGINS` to control which plugins to load.
2026-02-12T23:22:24.9521603Z INFO 02-12 23:22:24 [__init__.py:217] Platform plugin ascend is activated
2026-02-12T23:22:24.9583929Z INFO 02-12 23:22:24 [__init__.py:43] Available plugins for group vllm.platform_plugins:
2026-02-12T23:22:24.9584529Z INFO 02-12 23:22:24 [__init__.py:45] - ascend -> vllm_ascend:register
2026-02-12T23:22:24.9585346Z INFO 02-12 23:22:24 [__init__.py:48] All plugins in this group will be loaded. Set `VLLM_PLUGINS` to control which plugins to load.
2026-02-12T23:22:24.9680875Z INFO 02-12 23:22:24 [__init__.py:217] Platform plugin ascend is activated
2026-02-12T23:22:25.0002927Z INFO 02-12 23:22:24 [__init__.py:43] Available plugins for group vllm.platform_plugins:
2026-02-12T23:22:25.0003853Z INFO 02-12 23:22:24 [__init__.py:45] - ascend -> vllm_ascend:register
2026-02-12T23:22:25.0004641Z INFO 02-12 23:22:24 [__init__.py:48] All plugins in this group will be loaded. Set `VLLM_PLUGINS` to control which plugins to load.
2026-02-12T23:22:25.0090567Z INFO 02-12 23:22:25 [__init__.py:217] Platform plugin ascend is activated
2026-02-12T23:22:25.0393561Z INFO 02-12 23:22:25 [__init__.py:43] Available plugins for group vllm.platform_plugins:
2026-02-12T23:22:25.0394265Z INFO 02-12 23:22:25 [__init__.py:45] - ascend -> vllm_ascend:register
2026-02-12T23:22:25.0395206Z INFO 02-12 23:22:25 [__init__.py:48] All plugins in this group will be loaded. Set `VLLM_PLUGINS` to control which plugins to load.
2026-02-12T23:22:25.0507014Z INFO 02-12 23:22:25 [__init__.py:43] Available plugins for group vllm.platform_plugins:
2026-02-12T23:22:25.0507891Z INFO 02-12 23:22:25 [__init__.py:45] - ascend -> vllm_ascend:register
2026-02-12T23:22:25.0508650Z INFO 02-12 23:22:25 [__init__.py:48] All plugins in this group will be loaded. Set `VLLM_PLUGINS` to control which plugins to load.
2026-02-12T23:22:25.0509438Z INFO 02-12 23:22:25 [__init__.py:217] Platform plugin ascend is activated
2026-02-12T23:22:25.0541272Z INFO 02-12 23:22:25 [__init__.py:217] Platform plugin ascend is activated
2026-02-12T23:22:28.6684832Z INFO 02-12 23:22:28 [eplb_updator.py:71] [ModelRunner] Launched EPLB process (pid=3731)
2026-02-12T23:22:28.6881934Z [0;36m(Worker_DP0_TP1_EP1 pid=1559)[0;0m INFO 02-12 23:22:28 [model_runner_v1.py:2308] Starting to load model /root/.cache/modelscope/hub/models/vllm-ascend/Qwen3-235B-A22B-W8A8...
2026-02-12T23:22:29.0361847Z [0;36m(Worker_DP0_TP1_EP1 pid=1559)[0;0m [2026-02-12 23:22:29] INFO modelslim_config.py:286: Using the vLLM Ascend modelslim Quantization now!
2026-02-12T23:22:29.1530324Z [0;36m(Worker_DP0_TP1_EP1 pid=1559)[0;0m INFO 02-12 23:22:29 [layer.py:475] [EP Rank 1/16] Expert parallelism is enabled. Expert placement strategy: linear. Local/global number of experts: 8/128. Experts local to global index map: 0->8, 1->9, 2->10, 3->11, 4->12, 5->13, 6->14, 7->15.
2026-02-12T23:22:29.2249960Z INFO 02-12 23:22:29 [eplb_updator.py:71] [ModelRunner] Launched EPLB process (pid=3790)
2026-02-12T23:22:29.2506745Z [0;36m(Worker_DP0_TP2_EP2 pid=1857)[0;0m INFO 02-12 23:22:29 [model_runner_v1.py:2308] Starting to load model /root/.cache/modelscope/hub/models/vllm-ascend/Qwen3-235B-A22B-W8A8...
2026-02-12T23:22:29.6290275Z INFO 02-12 23:22:29 [eplb_updator.py:71] [ModelRunner] Launched EPLB process (pid=3814)
2026-02-12T23:22:29.6493273Z [0;36m(Worker_DP2_TP2_EP10 pid=1845)[0;0m INFO 02-12 23:22:29 [model_runner_v1.py:2308] Starting to load model /root/.cache/modelscope/hub/models/vllm-ascend/Qwen3-235B-A22B-W8A8...
2026-02-12T23:22:29.8734719Z INFO 02-12 23:22:29 [eplb_updator.py:71] [ModelRunner] Launched EPLB process (pid=3844)
2026-02-12T23:22:29.8954388Z [0;36m(Worker_DP0_TP3_EP3 pid=2149)[0;0m INFO 02-12 23:22:29 [model_runner_v1.py:2308] Starting to load model /root/.cache/modelscope/hub/models/vllm-ascend/Qwen3-235B-A22B-W8A8...
2026-02-12T23:22:29.9060050Z INFO 02-12 23:22:29 [eplb_updator.py:71] [ModelRunner] Launched EPLB process (pid=3858)
2026-02-12T23:22:29.9081161Z INFO 02-12 23:22:29 [eplb_updator.py:71] [ModelRunner] Launched EPLB process (pid=3860)
2026-02-12T23:22:29.9252336Z [0;36m(Worker_DP3_TP3_EP15 pid=2167)[0;0m INFO 02-12 23:22:29 [model_runner_v1.py:2308] Starting to load model /root/.cache/modelscope/hub/models/vllm-ascend/Qwen3-235B-A22B-W8A8...
2026-02-12T23:22:29.9325444Z [0;36m(Worker_DP0_TP0_EP0 pid=1246)[0;0m INFO 02-12 23:22:29 [model_runner_v1.py:2308] Starting to load model /root/.cache/modelscope/hub/models/vllm-ascend/Qwen3-235B-A22B-W8A8...
2026-02-12T23:22:29.9559233Z [0;36m(Worker_DP0_TP2_EP2 pid=1857)[0;0m [2026-02-12 23:22:29] INFO modelslim_config.py:286: Using the vLLM Ascend modelslim Quantization now!
2026-02-12T23:22:30.0119632Z [0;36m(Worker_DP2_TP2_EP10 pid=1845)[0;0m [2026-02-12 23:22:30] INFO modelslim_config.py:286: Using the vLLM Ascend modelslim Quantization now!
2026-02-12T23:22:30.0609259Z [0;36m(Worker_DP0_TP2_EP2 pid=1857)[0;0m INFO 02-12 23:22:30 [layer.py:475] [EP Rank 2/16] Expert parallelism is enabled. Expert placement strategy: linear. Local/global number of experts: 8/128. Experts local to global index map: 0->16, 1->17, 2->18, 3->19, 4->20, 5->21, 6->22, 7->23.
2026-02-12T23:22:30.0918777Z [0;36m(Worker_DP2_TP2_EP10 pid=1845)[0;0m INFO 02-12 23:22:30 [layer.py:475] [EP Rank 10/16] Expert parallelism is enabled. Expert placement strategy: linear. Local/global number of experts: 8/128. Experts local to global index map: 0->80, 1->81, 2->82, 3->83, 4->84, 5->85, 6->86, 7->87.
2026-02-12T23:22:30.2529880Z INFO 02-12 23:22:30 [eplb_updator.py:71] [ModelRunner] Launched EPLB process (pid=3899)
2026-02-12T23:22:30.2755114Z [0;36m(Worker_DP1_TP2_EP6 pid=1871)[0;0m INFO 02-12 23:22:30 [model_runner_v1.py:2308] Starting to load model /root/.cache/modelscope/hub/models/vllm-ascend/Qwen3-235B-A22B-W8A8...
2026-02-12T23:22:30.2969572Z [0;36m(Worker_DP3_TP3_EP15 pid=2167)[0;0m [2026-02-12 23:22:30] INFO modelslim_config.py:286: Using the vLLM Ascend modelslim Quantization now!
2026-02-12T23:22:30.3650565Z [0;36m(Worker_DP3_TP3_EP15 pid=2167)[0;0m INFO 02-12 23:22:30 [layer.py:475] [EP Rank 15/16] Expert parallelism is enabled. Expert placement strategy: linear. Local/global number of experts: 8/128. Experts local to global index map: 0->120, 1->121, 2->122, 3->123, 4->124, 5->125, 6->126, 7->127.
2026-02-12T23:22:30.4616081Z [0;36m(Worker_DP0_TP0_EP0 pid=1246)[0;0m [2026-02-12 23:22:30] INFO modelslim_config.py:286: Using the vLLM Ascend modelslim Quantization now!
2026-02-12T23:22:30.5368308Z [0;36m(Worker_DP0_TP0_EP0 pid=1246)[0;0m INFO 02-12 23:22:30 [layer.py:475] [EP Rank 0/16] Expert parallelism is enabled. Expert placement strategy: linear. Local/global number of experts: 8/128. Experts local to global index map: 0->0, 1->1, 2->2, 3->3, 4->4, 5->5, 6->6, 7->7.
2026-02-12T23:22:30.7951608Z [0;36m(Worker_DP1_TP2_EP6 pid=1871)[0;0m [2026-02-12 23:22:30] INFO modelslim_config.py:286: Using the vLLM Ascend modelslim Quantization now!
2026-02-12T23:22:30.8715839Z [0;36m(Worker_DP1_TP2_EP6 pid=1871)[0;0m INFO 02-12 23:22:30 [layer.py:475] [EP Rank 6/16] Expert parallelism is enabled. Expert placement strategy: linear. Local/global number of experts: 8/128. Experts local to global index map: 0->48, 1->49, 2->50, 3->51, 4->52, 5->53, 6->54, 7->55.
2026-02-12T23:22:30.9084048Z INFO 02-12 23:22:30 [eplb_updator.py:71] [ModelRunner] Launched EPLB process (pid=4023)
2026-02-12T23:22:30.9295509Z [0;36m(Worker_DP1_TP0_EP4 pid=1245)[0;0m INFO 02-12 23:22:30 [model_runner_v1.py:2308] Starting to load model /root/.cache/modelscope/hub/models/vllm-ascend/Qwen3-235B-A22B-W8A8...
2026-02-12T23:22:31.1861853Z [0;36m(Worker_DP0_TP3_EP3 pid=2149)[0;0m [2026-02-12 23:22:31] INFO modelslim_config.py:286: Using the vLLM Ascend modelslim Quantization now!
2026-02-12T23:22:31.2299840Z INFO 02-12 23:22:31 [eplb_updator.py:71] [ModelRunner] Launched EPLB process (pid=4045)
2026-02-12T23:22:31.2506041Z [0;36m(Worker_DP3_TP0_EP12 pid=1244)[0;0m INFO 02-12 23:22:31 [model_runner_v1.py:2308] Starting to load model /root/.cache/modelscope/hub/models/vllm-ascend/Qwen3-235B-A22B-W8A8...
2026-02-12T23:22:31.2598891Z [0;36m(Worker_DP0_TP3_EP3 pid=2149)[0;0m INFO 02-12 23:22:31 [layer.py:475] [EP Rank 3/16] Expert parallelism is enabled. Expert placement strategy: linear. Local/global number of experts: 8/128. Experts local to global index map: 0->24, 1->25, 2->26, 3->27, 4->28, 5->29, 6->30, 7->31.
2026-02-12T23:22:31.3210772Z INFO 02-12 23:22:31 [eplb_updator.py:71] [ModelRunner] Launched EPLB process (pid=4065)
2026-02-12T23:22:31.3402493Z [0;36m(Worker_DP3_TP2_EP14 pid=1860)[0;0m INFO 02-12 23:22:31 [model_runner_v1.py:2308] Starting to load model /root/.cache/modelscope/hub/models/vllm-ascend/Qwen3-235B-A22B-W8A8...
2026-02-12T23:22:31.4760105Z INFO 02-12 23:22:31 [eplb_updator.py:71] [ModelRunner] Launched EPLB process (pid=4074)
2026-02-12T23:22:31.4946497Z [0;36m(Worker_DP1_TP1_EP5 pid=1527)[0;0m INFO 02-12 23:22:31 [model_runner_v1.py:2308] Starting to load model /root/.cache/modelscope/hub/models/vllm-ascend/Qwen3-235B-A22B-W8A8...
2026-02-12T23:22:31.5532586Z INFO 02-12 23:22:31 [eplb_updator.py:71] [ModelRunner] Launched EPLB process (pid=4092)
2026-02-12T23:22:31.5728634Z [0;36m(Worker_DP2_TP1_EP9 pid=1515)[0;0m INFO 02-12 23:22:31 [model_runner_v1.py:2308] Starting to load model /root/.cache/modelscope/hub/models/vllm-ascend/Qwen3-235B-A22B-W8A8...
2026-02-12T23:22:31.6013451Z INFO 02-12 23:22:31 [eplb_updator.py:71] [ModelRunner] Launched EPLB process (pid=4101)
2026-02-12T23:22:31.6195393Z [0;36m(Worker_DP1_TP3_EP7 pid=2152)[0;0m INFO 02-12 23:22:31 [model_runner_v1.py:2308] Starting to load model /root/.cache/modelscope/hub/models/vllm-ascend/Qwen3-235B-A22B-W8A8...
2026-02-12T23:22:31.6433259Z INFO 02-12 23:22:31 [eplb_updator.py:71] [ModelRunner] Launched EPLB process (pid=4110)
2026-02-12T23:22:31.6519283Z INFO 02-12 23:22:31 [eplb_updator.py:71] [ModelRunner] Launched EPLB process (pid=4115)
2026-02-12T23:22:31.6737410Z [0;36m(Worker_DP2_TP3_EP11 pid=2164)[0;0m INFO 02-12 23:22:31 [model_runner_v1.py:2308] Starting to load model /root/.cache/modelscope/hub/models/vllm-ascend/Qwen3-235B-A22B-W8A8...
2026-02-12T23:22:31.6786389Z [0;36m(Worker_DP2_TP0_EP8 pid=1243)[0;0m INFO 02-12 23:22:31 [model_runner_v1.py:2308] Starting to load model /root/.cache/modelscope/hub/models/vllm-ascend/Qwen3-235B-A22B-W8A8...
2026-02-12T23:22:31.6993677Z [0;36m(Worker_DP3_TP2_EP14 pid=1860)[0;0m [2026-02-12 23:22:31] INFO modelslim_config.py:286: Using the vLLM Ascend modelslim Quantization now!
2026-02-12T23:22:31.7729074Z [0;36m(Worker_DP3_TP2_EP14 pid=1860)[0;0m INFO 02-12 23:22:31 [layer.py:475] [EP Rank 14/16] Expert parallelism is enabled. Expert placement strategy: linear. Local/global number of experts: 8/128. Experts local to global index map: 0->112, 1->113, 2->114, 3->115, 4->116, 5->117, 6->118, 7->119.
2026-02-12T23:22:31.8550671Z [0;36m(Worker_DP1_TP1_EP5 pid=1527)[0;0m [2026-02-12 23:22:31] INFO modelslim_config.py:286: Using the vLLM Ascend modelslim Quantization now!
2026-02-12T23:22:31.9271683Z [0;36m(Worker_DP1_TP1_EP5 pid=1527)[0;0m INFO 02-12 23:22:31 [layer.py:475] [EP Rank 5/16] Expert parallelism is enabled. Expert placement strategy: linear. Local/global number of experts: 8/128. Experts local to global index map: 0->40, 1->41, 2->42, 3->43, 4->44, 5->45, 6->46, 7->47.
2026-02-12T23:22:31.9566699Z [0;36m(Worker_DP2_TP1_EP9 pid=1515)[0;0m [2026-02-12 23:22:31] INFO modelslim_config.py:286: Using the vLLM Ascend modelslim Quantization now!
2026-02-12T23:22:31.9584003Z [0;36m(Worker_DP1_TP0_EP4 pid=1245)[0;0m [2026-02-12 23:22:31] INFO modelslim_config.py:286: Using the vLLM Ascend modelslim Quantization now!
2026-02-12T23:22:31.9983372Z [0;36m(Worker_DP1_TP3_EP7 pid=2152)[0;0m [2026-02-12 23:22:31] INFO modelslim_config.py:286: Using the vLLM Ascend modelslim Quantization now!
2026-02-12T23:22:32.0267306Z [0;36m(Worker_DP2_TP1_EP9 pid=1515)[0;0m INFO 02-12 23:22:32 [layer.py:475] [EP Rank 9/16] Expert parallelism is enabled. Expert placement strategy: linear. Local/global number of experts: 8/128. Experts local to global index map: 0->72, 1->73, 2->74, 3->75, 4->76, 5->77, 6->78, 7->79.
2026-02-12T23:22:32.0295778Z [0;36m(Worker_DP1_TP0_EP4 pid=1245)[0;0m INFO 02-12 23:22:32 [layer.py:475] [EP Rank 4/16] Expert parallelism is enabled. Expert placement strategy: linear. Local/global number of experts: 8/128. Experts local to global index map: 0->32, 1->33, 2->34, 3->35, 4->36, 5->37, 6->38, 7->39.
2026-02-12T23:22:32.0550155Z [0;36m(Worker_DP2_TP3_EP11 pid=2164)[0;0m [2026-02-12 23:22:32] INFO modelslim_config.py:286: Using the vLLM Ascend modelslim Quantization now!
2026-02-12T23:22:32.0650157Z [0;36m(Worker_DP1_TP3_EP7 pid=2152)[0;0m INFO 02-12 23:22:32 [layer.py:475] [EP Rank 7/16] Expert parallelism is enabled. Expert placement strategy: linear. Local/global number of experts: 8/128. Experts local to global index map: 0->56, 1->57, 2->58, 3->59, 4->60, 5->61, 6->62, 7->63.
2026-02-12T23:22:32.0652424Z [0;36m(Worker_DP3_TP0_EP12 pid=1244)[0;0m [2026-02-12 23:22:32] INFO modelslim_config.py:286: Using the vLLM Ascend modelslim Quantization now!
2026-02-12T23:22:32.1256689Z [0;36m(Worker_DP2_TP3_EP11 pid=2164)[0;0m INFO 02-12 23:22:32 [layer.py:475] [EP Rank 11/16] Expert parallelism is enabled. Expert placement strategy: linear. Local/global number of experts: 8/128. Experts local to global index map: 0->88, 1->89, 2->90, 3->91, 4->92, 5->93, 6->94, 7->95.
2026-02-12T23:22:32.1462505Z [0;36m(Worker_DP3_TP0_EP12 pid=1244)[0;0m INFO 02-12 23:22:32 [layer.py:475] [EP Rank 12/16] Expert parallelism is enabled. Expert placement strategy: linear. Local/global number of experts: 8/128. Experts local to global index map: 0->96, 1->97, 2->98, 3->99, 4->100, 5->101, 6->102, 7->103.
2026-02-12T23:22:32.4729525Z INFO 02-12 23:22:32 [eplb_updator.py:71] [ModelRunner] Launched EPLB process (pid=4211)
2026-02-12T23:22:32.4925057Z [0;36m(Worker_DP3_TP1_EP13 pid=1562)[0;0m INFO 02-12 23:22:32 [model_runner_v1.py:2308] Starting to load model /root/.cache/modelscope/hub/models/vllm-ascend/Qwen3-235B-A22B-W8A8...
2026-02-12T23:22:32.8334459Z [0;36m(Worker_DP3_TP1_EP13 pid=1562)[0;0m [2026-02-12 23:22:32] INFO modelslim_config.py:286: Using the vLLM Ascend modelslim Quantization now!
2026-02-12T23:22:32.9249718Z [0;36m(Worker_DP3_TP1_EP13 pid=1562)[0;0m INFO 02-12 23:22:32 [layer.py:475] [EP Rank 13/16] Expert parallelism is enabled. Expert placement strategy: linear. Local/global number of experts: 8/128. Experts local to global index map: 0->104, 1->105, 2->106, 3->107, 4->108, 5->109, 6->110, 7->111.
2026-02-12T23:22:33.0943130Z [0;36m(Worker_DP2_TP0_EP8 pid=1243)[0;0m [2026-02-12 23:22:33] INFO modelslim_config.py:286: Using the vLLM Ascend modelslim Quantization now!
2026-02-12T23:22:33.1698318Z [0;36m(Worker_DP2_TP0_EP8 pid=1243)[0;0m INFO 02-12 23:22:33 [layer.py:475] [EP Rank 8/16] Expert parallelism is enabled. Expert placement strategy: linear. Local/global number of experts: 8/128. Experts local to global index map: 0->64, 1->65, 2->66, 3->67, 4->68, 5->69, 6->70, 7->71.
2026-02-12T23:22:33.6212949Z [0;36m(Worker_DP3_TP2_EP14 pid=1860)[0;0m /usr/local/python3.11.14/lib/python3.11/site-packages/torch/utils/_device.py:103: UserWarning: Creating a tensor from a list of numpy.ndarrays is extremely slow. Please consider converting the list to a single numpy.ndarray with numpy.array() before converting to a tensor. (Triggered internally at /pytorch/torch/csrc/utils/tensor_new.cpp:253.)
2026-02-12T23:22:33.6231131Z [0;36m(Worker_DP3_TP2_EP14 pid=1860)[0;0m   return func(*args, **kwargs)
2026-02-12T23:22:33.6233434Z [0;36m(Worker_DP2_TP1_EP9 pid=1515)[0;0m /usr/local/python3.11.14/lib/python3.11/site-packages/torch/utils/_device.py:103: UserWarning: Creating a tensor from a list of numpy.ndarrays is extremely slow. Please consider converting the list to a single numpy.ndarray with numpy.array() before converting to a tensor. (Triggered internally at /pytorch/torch/csrc/utils/tensor_new.cpp:253.)
2026-02-12T23:22:33.6235499Z [0;36m(Worker_DP2_TP1_EP9 pid=1515)[0;0m   return func(*args, **kwargs)
2026-02-12T23:22:33.6304966Z [0;36m(Worker_DP0_TP2_EP2 pid=1857)[0;0m /usr/local/python3.11.14/lib/python3.11/site-packages/torch/utils/_device.py:103: UserWarning: Creating a tensor from a list of numpy.ndarrays is extremely slow. Please consider converting the list to a single numpy.ndarray with numpy.array() before converting to a tensor. (Triggered internally at /pytorch/torch/csrc/utils/tensor_new.cpp:253.)
2026-02-12T23:22:33.6307065Z [0;36m(Worker_DP0_TP2_EP2 pid=1857)[0;0m   return func(*args, **kwargs)
2026-02-12T23:22:33.6436751Z [0;36m(Worker_DP3_TP3_EP15 pid=2167)[0;0m /usr/local/python3.11.14/lib/python3.11/site-packages/torch/utils/_device.py:103: UserWarning: Creating a tensor from a list of numpy.ndarrays is extremely slow. Please consider converting the list to a single numpy.ndarray with numpy.array() before converting to a tensor. (Triggered internally at /pytorch/torch/csrc/utils/tensor_new.cpp:253.)
2026-02-12T23:22:33.6438814Z [0;36m(Worker_DP3_TP3_EP15 pid=2167)[0;0m   return func(*args, **kwargs)
2026-02-12T23:22:33.6495124Z [0;36m(Worker_DP0_TP1_EP1 pid=1559)[0;0m /usr/local/python3.11.14/lib/python3.11/site-packages/torch/utils/_device.py:103: UserWarning: Creating a tensor from a list of numpy.ndarrays is extremely slow. Please consider converting the list to a single numpy.ndarray with numpy.array() before converting to a tensor. (Triggered internally at /pytorch/torch/csrc/utils/tensor_new.cpp:253.)
2026-02-12T23:22:33.6497145Z [0;36m(Worker_DP0_TP1_EP1 pid=1559)[0;0m   return func(*args, **kwargs)
2026-02-12T23:22:33.6574575Z [0;36m(Worker_DP1_TP0_EP4 pid=1245)[0;0m /usr/local/python3.11.14/lib/python3.11/site-packages/torch/utils/_device.py:103: UserWarning: Creating a tensor from a list of numpy.ndarrays is extremely slow. Please consider converting the list to a single numpy.ndarray with numpy.array() before converting to a tensor. (Triggered internally at /pytorch/torch/csrc/utils/tensor_new.cpp:253.)
2026-02-12T23:22:33.6576648Z [0;36m(Worker_DP1_TP0_EP4 pid=1245)[0;0m   return func(*args, **kwargs)
2026-02-12T23:22:33.6640477Z [0;36m(Worker_DP2_TP2_EP10 pid=1845)[0;0m /usr/local/python3.11.14/lib/python3.11/site-packages/torch/utils/_device.py:103: UserWarning: Creating a tensor from a list of numpy.ndarrays is extremely slow. Please consider converting the list to a single numpy.ndarray with numpy.array() before converting to a tensor. (Triggered internally at /pytorch/torch/csrc/utils/tensor_new.cpp:253.)
2026-02-12T23:22:33.6642510Z [0;36m(Worker_DP2_TP2_EP10 pid=1845)[0;0m   return func(*args, **kwargs)
2026-02-12T23:22:33.6966358Z [0;36m(Worker_DP1_TP3_EP7 pid=2152)[0;0m /usr/local/python3.11.14/lib/python3.11/site-packages/torch/utils/_device.py:103: UserWarning: Creating a tensor from a list of numpy.ndarrays is extremely slow. Please consider converting the list to a single numpy.ndarray with numpy.array() before converting to a tensor. (Triggered internally at /pytorch/torch/csrc/utils/tensor_new.cpp:253.)
2026-02-12T23:22:33.6968428Z [0;36m(Worker_DP1_TP3_EP7 pid=2152)[0;0m   return func(*args, **kwargs)
2026-02-12T23:22:33.7143551Z [0;36m(Worker_DP3_TP1_EP13 pid=1562)[0;0m /usr/local/python3.11.14/lib/python3.11/site-packages/torch/utils/_device.py:103: UserWarning: Creating a tensor from a list of numpy.ndarrays is extremely slow. Please consider converting the list to a single numpy.ndarray with numpy.array() before converting to a tensor. (Triggered internally at /pytorch/torch/csrc/utils/tensor_new.cpp:253.)
2026-02-12T23:22:33.7145657Z [0;36m(Worker_DP3_TP1_EP13 pid=1562)[0;0m   return func(*args, **kwargs)
2026-02-12T23:22:33.7287240Z [0;36m(Worker_DP0_TP3_EP3 pid=2149)[0;0m /usr/local/python3.11.14/lib/python3.11/site-packages/torch/utils/_device.py:103: UserWarning: Creating a tensor from a list of numpy.ndarrays is extremely slow. Please consider converting the list to a single numpy.ndarray with numpy.array() before converting to a tensor. (Triggered internally at /pytorch/torch/csrc/utils/tensor_new.cpp:253.)
2026-02-12T23:22:33.7289586Z [0;36m(Worker_DP0_TP3_EP3 pid=2149)[0;0m   return func(*args, **kwargs)
2026-02-12T23:22:33.7516609Z [0;36m(Worker_DP1_TP2_EP6 pid=1871)[0;0m /usr/local/python3.11.14/lib/python3.11/site-packages/torch/utils/_device.py:103: UserWarning: Creating a tensor from a list of numpy.ndarrays is extremely slow. Please consider converting the list to a single numpy.ndarray with numpy.array() before converting to a tensor. (Triggered internally at /pytorch/torch/csrc/utils/tensor_new.cpp:253.)
2026-02-12T23:22:33.7518619Z [0;36m(Worker_DP1_TP2_EP6 pid=1871)[0;0m   return func(*args, **kwargs)
2026-02-12T23:22:33.7662908Z [0;36m(Worker_DP3_TP0_EP12 pid=1244)[0;0m /usr/local/python3.11.14/lib/python3.11/site-packages/torch/utils/_device.py:103: UserWarning: Creating a tensor from a list of numpy.ndarrays is extremely slow. Please consider converting the list to a single numpy.ndarray with numpy.array() before converting to a tensor. (Triggered internally at /pytorch/torch/csrc/utils/tensor_new.cpp:253.)
2026-02-12T23:22:33.7665161Z [0;36m(Worker_DP3_TP0_EP12 pid=1244)[0;0m   return func(*args, **kwargs)
2026-02-12T23:22:33.7667372Z [0;36m(Worker_DP2_TP0_EP8 pid=1243)[0;0m /usr/local/python3.11.14/lib/python3.11/site-packages/torch/utils/_device.py:103: UserWarning: Creating a tensor from a list of numpy.ndarrays is extremely slow. Please consider converting the list to a single numpy.ndarray with numpy.array() before converting to a tensor. (Triggered internally at /pytorch/torch/csrc/utils/tensor_new.cpp:253.)
2026-02-12T23:22:33.7669352Z [0;36m(Worker_DP2_TP0_EP8 pid=1243)[0;0m   return func(*args, **kwargs)
2026-02-12T23:22:33.7732100Z [0;36m(Worker_DP1_TP1_EP5 pid=1527)[0;0m /usr/local/python3.11.14/lib/python3.11/site-packages/torch/utils/_device.py:103: UserWarning: Creating a tensor from a list of numpy.ndarrays is extremely slow. Please consider converting the list to a single numpy.ndarray with numpy.array() before converting to a tensor. (Triggered internally at /pytorch/torch/csrc/utils/tensor_new.cpp:253.)
2026-02-12T23:22:33.7734452Z [0;36m(Worker_DP1_TP1_EP5 pid=1527)[0;0m   return func(*args, **kwargs)
2026-02-12T23:22:33.7772867Z [0;36m(Worker_DP2_TP3_EP11 pid=2164)[0;0m /usr/local/python3.11.14/lib/python3.11/site-packages/torch/utils/_device.py:103: UserWarning: Creating a tensor from a list of numpy.ndarrays is extremely slow. Please consider converting the list to a single numpy.ndarray with numpy.array() before converting to a tensor. (Triggered internally at /pytorch/torch/csrc/utils/tensor_new.cpp:253.)
2026-02-12T23:22:33.7775109Z [0;36m(Worker_DP2_TP3_EP11 pid=2164)[0;0m   return func(*args, **kwargs)
2026-02-12T23:22:33.7902444Z [0;36m(Worker_DP2_TP1_EP9 pid=1515)[0;0m INFO 02-12 23:22:33 [fused_moe.py:207] [EP Rank 9/16] Expert parallelism is enabled. Local/global number of experts: 8/128. Experts local to global index map: 0->72, 1->73, 2->74, 3->75, 4->76, 5->77, 6->78, 7->79.
2026-02-12T23:22:33.7904770Z [0;36m(Worker_DP3_TP2_EP14 pid=1860)[0;0m INFO 02-12 23:22:33 [fused_moe.py:207] [EP Rank 14/16] Expert parallelism is enabled. Local/global number of experts: 8/128. Experts local to global index map: 0->112, 1->113, 2->114, 3->115, 4->116, 5->117, 6->118, 7->119.
2026-02-12T23:22:33.7917673Z [0;36m(Worker_DP3_TP3_EP15 pid=2167)[0;0m INFO 02-12 23:22:33 [fused_moe.py:207] [EP Rank 15/16] Expert parallelism is enabled. Local/global number of experts: 8/128. Experts local to global index map: 0->120, 1->121, 2->122, 3->123, 4->124, 5->125, 6->126, 7->127.
2026-02-12T23:22:33.7921190Z [0;36m(Worker_DP0_TP2_EP2 pid=1857)[0;0m INFO 02-12 23:22:33 [fused_moe.py:207] [EP Rank 2/16] Expert parallelism is enabled. Local/global number of experts: 8/128. Experts local to global index map: 0->16, 1->17, 2->18, 3->19, 4->20, 5->21, 6->22, 7->23.
2026-02-12T23:22:33.7961858Z [0;36m(Worker_DP1_TP0_EP4 pid=1245)[0;0m INFO 02-12 23:22:33 [fused_moe.py:207] [EP Rank 4/16] Expert parallelism is enabled. Local/global number of experts: 8/128. Experts local to global index map: 0->32, 1->33, 2->34, 3->35, 4->36, 5->37, 6->38, 7->39.
2026-02-12T23:22:33.8015137Z [0;36m(Worker_DP0_TP0_EP0 pid=1246)[0;0m /usr/local/python3.11.14/lib/python3.11/site-packages/torch/utils/_device.py:103: UserWarning: Creating a tensor from a list of numpy.ndarrays is extremely slow. Please consider converting the list to a single numpy.ndarray with numpy.array() before converting to a tensor. (Triggered internally at /pytorch/torch/csrc/utils/tensor_new.cpp:253.)
2026-02-12T23:22:33.8017138Z [0;36m(Worker_DP0_TP0_EP0 pid=1246)[0;0m   return func(*args, **kwargs)
2026-02-12T23:22:33.8081610Z [0;36m(Worker_DP0_TP1_EP1 pid=1559)[0;0m INFO 02-12 23:22:33 [fused_moe.py:207] [EP Rank 1/16] Expert parallelism is enabled. Local/global number of experts: 8/128. Experts local to global index map: 0->8, 1->9, 2->10, 3->11, 4->12, 5->13, 6->14, 7->15.
2026-02-12T23:22:33.8101735Z [0;36m(Worker_DP2_TP2_EP10 pid=1845)[0;0m INFO 02-12 23:22:33 [fused_moe.py:207] [EP Rank 10/16] Expert parallelism is enabled. Local/global number of experts: 8/128. Experts local to global index map: 0->80, 1->81, 2->82, 3->83, 4->84, 5->85, 6->86, 7->87.
2026-02-12T23:22:33.8362422Z [0;36m(Worker_DP1_TP3_EP7 pid=2152)[0;0m INFO 02-12 23:22:33 [fused_moe.py:207] [EP Rank 7/16] Expert parallelism is enabled. Local/global number of experts: 8/128. Experts local to global index map: 0->56, 1->57, 2->58, 3->59, 4->60, 5->61, 6->62, 7->63.
2026-02-12T23:22:33.8621799Z [0;36m(Worker_DP3_TP1_EP13 pid=1562)[0;0m INFO 02-12 23:22:33 [fused_moe.py:207] [EP Rank 13/16] Expert parallelism is enabled. Local/global number of experts: 8/128. Experts local to global index map: 0->104, 1->105, 2->106, 3->107, 4->108, 5->109, 6->110, 7->111.
2026-02-12T23:22:33.8665086Z [0;36m(Worker_DP0_TP3_EP3 pid=2149)[0;0m INFO 02-12 23:22:33 [fused_moe.py:207] [EP Rank 3/16] Expert parallelism is enabled. Local/global number of experts: 8/128. Experts local to global index map: 0->24, 1->25, 2->26, 3->27, 4->28, 5->29, 6->30, 7->31.
2026-02-12T23:22:33.8908371Z [0;36m(Worker_DP1_TP2_EP6 pid=1871)[0;0m INFO 02-12 23:22:33 [fused_moe.py:207] [EP Rank 6/16] Expert parallelism is enabled. Local/global number of experts: 8/128. Experts local to global index map: 0->48, 1->49, 2->50, 3->51, 4->52, 5->53, 6->54, 7->55.
2026-02-12T23:22:33.8949879Z [0;36m(Worker_DP3_TP0_EP12 pid=1244)[0;0m INFO 02-12 23:22:33 [fused_moe.py:207] [EP Rank 12/16] Expert parallelism is enabled. Local/global number of experts: 8/128. Experts local to global index map: 0->96, 1->97, 2->98, 3->99, 4->100, 5->101, 6->102, 7->103.
2026-02-12T23:22:33.9104036Z [0;36m(Worker_DP2_TP0_EP8 pid=1243)[0;0m INFO 02-12 23:22:33 [fused_moe.py:207] [EP Rank 8/16] Expert parallelism is enabled. Local/global number of experts: 8/128. Experts local to global index map: 0->64, 1->65, 2->66, 3->67, 4->68, 5->69, 6->70, 7->71.
2026-02-12T23:22:33.9151153Z [0;36m(Worker_DP1_TP1_EP5 pid=1527)[0;0m INFO 02-12 23:22:33 [fused_moe.py:207] [EP Rank 5/16] Expert parallelism is enabled. Local/global number of experts: 8/128. Experts local to global index map: 0->40, 1->41, 2->42, 3->43, 4->44, 5->45, 6->46, 7->47.
2026-02-12T23:22:33.9195500Z [0;36m(Worker_DP2_TP3_EP11 pid=2164)[0;0m INFO 02-12 23:22:33 [fused_moe.py:207] [EP Rank 11/16] Expert parallelism is enabled. Local/global number of experts: 8/128. Experts local to global index map: 0->88, 1->89, 2->90, 3->91, 4->92, 5->93, 6->94, 7->95.
2026-02-12T23:22:33.9478302Z [0;36m(Worker_DP0_TP0_EP0 pid=1246)[0;0m INFO 02-12 23:22:33 [fused_moe.py:207] [EP Rank 0/16] Expert parallelism is enabled. Local/global number of experts: 8/128. Experts local to global index map: 0->0, 1->1, 2->2, 3->3, 4->4, 5->5, 6->6, 7->7.
2026-02-12T23:22:34.0344547Z INFO 02-12 23:22:34 [__init__.py:43] Available plugins for group vllm.platform_plugins:
2026-02-12T23:22:34.0345389Z INFO 02-12 23:22:34 [__init__.py:45] - ascend -> vllm_ascend:register
2026-02-12T23:22:34.0346154Z INFO 02-12 23:22:34 [__init__.py:48] All plugins in this group will be loaded. Set `VLLM_PLUGINS` to control which plugins to load.
2026-02-12T23:22:34.0428999Z INFO 02-12 23:22:34 [__init__.py:217] Platform plugin ascend is activated
2026-02-12T23:22:34.1039618Z INFO 02-12 23:22:34 [__init__.py:43] Available plugins for group vllm.platform_plugins:
2026-02-12T23:22:34.1040273Z INFO 02-12 23:22:34 [__init__.py:45] - ascend -> vllm_ascend:register
2026-02-12T23:22:34.1041051Z INFO 02-12 23:22:34 [__init__.py:48] All plugins in this group will be loaded. Set `VLLM_PLUGINS` to control which plugins to load.
2026-02-12T23:22:34.1122974Z INFO 02-12 23:22:34 [__init__.py:217] Platform plugin ascend is activated
2026-02-12T23:22:34.1747461Z [0;36m(Worker_DP0_TP0_EP0 pid=1246)[0;0m INFO 02-12 23:22:34 [fused_moe.py:414] Sequence parallelism is enabled, shared experts are replicated for best performance.
2026-02-12T23:22:34.1757839Z [0;36m(Worker_DP0_TP1_EP1 pid=1559)[0;0m INFO 02-12 23:22:34 [fused_moe.py:414] Sequence parallelism is enabled, shared experts are replicated for best performance.
2026-02-12T23:22:34.1906680Z [0;36m(Worker_DP1_TP0_EP4 pid=1245)[0;0m INFO 02-12 23:22:34 [fused_moe.py:414] Sequence parallelism is enabled, shared experts are replicated for best performance.
2026-02-12T23:22:34.2007471Z [0;36m(Worker_DP3_TP3_EP15 pid=2167)[0;0m INFO 02-12 23:22:34 [fused_moe.py:414] Sequence parallelism is enabled, shared experts are replicated for best performance.
2026-02-12T23:22:34.2008951Z [0;36m(Worker_DP3_TP0_EP12 pid=1244)[0;0m INFO 02-12 23:22:34 [fused_moe.py:414] Sequence parallelism is enabled, shared experts are replicated for best performance.
2026-02-12T23:22:34.2015224Z [0;36m(Worker_DP2_TP1_EP9 pid=1515)[0;0m INFO 02-12 23:22:34 [fused_moe.py:414] Sequence parallelism is enabled, shared experts are replicated for best performance.
2026-02-12T23:22:34.2016693Z [0;36m(Worker_DP3_TP1_EP13 pid=1562)[0;0m INFO 02-12 23:22:34 [fused_moe.py:414] Sequence parallelism is enabled, shared experts are replicated for best performance.
2026-02-12T23:22:34.2018494Z [0;36m(Worker_DP0_TP2_EP2 pid=1857)[0;0m INFO 02-12 23:22:34 [fused_moe.py:414] Sequence parallelism is enabled, shared experts are replicated for best performance.
2026-02-12T23:22:34.2019940Z [0;36m(Worker_DP2_TP3_EP11 pid=2164)[0;0m INFO 02-12 23:22:34 [fused_moe.py:414] Sequence parallelism is enabled, shared experts are replicated for best performance.
2026-02-12T23:22:34.2021371Z [0;36m(Worker_DP2_TP0_EP8 pid=1243)[0;0m INFO 02-12 23:22:34 [fused_moe.py:414] Sequence parallelism is enabled, shared experts are replicated for best performance.
2026-02-12T23:22:34.2022769Z [0;36m(Worker_DP1_TP3_EP7 pid=2152)[0;0m INFO 02-12 23:22:34 [fused_moe.py:414] Sequence parallelism is enabled, shared experts are replicated for best performance.
2026-02-12T23:22:34.2024280Z [0;36m(Worker_DP0_TP3_EP3 pid=2149)[0;0m INFO 02-12 23:22:34 [fused_moe.py:414] Sequence parallelism is enabled, shared experts are replicated for best performance.
2026-02-12T23:22:34.2025860Z [0;36m(Worker_DP2_TP2_EP10 pid=1845)[0;0m INFO 02-12 23:22:34 [fused_moe.py:414] Sequence parallelism is enabled, shared experts are replicated for best performance.
2026-02-12T23:22:34.2030837Z [0;36m(Worker_DP1_TP2_EP6 pid=1871)[0;0m INFO 02-12 23:22:34 [fused_moe.py:414] Sequence parallelism is enabled, shared experts are replicated for best performance.
2026-02-12T23:22:34.2038502Z [0;36m(Worker_DP3_TP2_EP14 pid=1860)[0;0m INFO 02-12 23:22:34 [fused_moe.py:414] Sequence parallelism is enabled, shared experts are replicated for best performance.
2026-02-12T23:22:34.2062635Z [0;36m(Worker_DP1_TP1_EP5 pid=1527)[0;0m INFO 02-12 23:22:34 [fused_moe.py:414] Sequence parallelism is enabled, shared experts are replicated for best performance.
2026-02-12T23:22:35.2887713Z INFO 02-12 23:22:35 [__init__.py:43] Available plugins for group vllm.platform_plugins:
2026-02-12T23:22:35.2888355Z INFO 02-12 23:22:35 [__init__.py:45] - ascend -> vllm_ascend:register
2026-02-12T23:22:35.2889104Z INFO 02-12 23:22:35 [__init__.py:48] All plugins in this group will be loaded. Set `VLLM_PLUGINS` to control which plugins to load.
2026-02-12T23:22:35.2979723Z INFO 02-12 23:22:35 [__init__.py:217] Platform plugin ascend is activated
2026-02-12T23:22:35.4798469Z INFO 02-12 23:22:35 [__init__.py:43] Available plugins for group vllm.platform_plugins:
2026-02-12T23:22:35.4799104Z INFO 02-12 23:22:35 [__init__.py:45] - ascend -> vllm_ascend:register
2026-02-12T23:22:35.4799867Z INFO 02-12 23:22:35 [__init__.py:48] All plugins in this group will be loaded. Set `VLLM_PLUGINS` to control which plugins to load.
2026-02-12T23:22:35.4892994Z INFO 02-12 23:22:35 [__init__.py:217] Platform plugin ascend is activated
2026-02-12T23:22:35.5543288Z INFO 02-12 23:22:35 [__init__.py:43] Available plugins for group vllm.platform_plugins:
2026-02-12T23:22:35.5543942Z INFO 02-12 23:22:35 [__init__.py:45] - ascend -> vllm_ascend:register
2026-02-12T23:22:35.5544707Z INFO 02-12 23:22:35 [__init__.py:48] All plugins in this group will be loaded. Set `VLLM_PLUGINS` to control which plugins to load.
2026-02-12T23:22:35.5637463Z INFO 02-12 23:22:35 [__init__.py:217] Platform plugin ascend is activated
2026-02-12T23:22:35.7298777Z INFO 02-12 23:22:35 [__init__.py:43] Available plugins for group vllm.platform_plugins:
2026-02-12T23:22:35.7299423Z INFO 02-12 23:22:35 [__init__.py:45] - ascend -> vllm_ascend:register
2026-02-12T23:22:35.7300170Z INFO 02-12 23:22:35 [__init__.py:48] All plugins in this group will be loaded. Set `VLLM_PLUGINS` to control which plugins to load.
2026-02-12T23:22:35.7389344Z INFO 02-12 23:22:35 [__init__.py:217] Platform plugin ascend is activated
2026-02-12T23:22:36.0292326Z INFO 02-12 23:22:36 [__init__.py:43] Available plugins for group vllm.platform_plugins:
2026-02-12T23:22:36.0292976Z INFO 02-12 23:22:36 [__init__.py:45] - ascend -> vllm_ascend:register
2026-02-12T23:22:36.0293828Z INFO 02-12 23:22:36 [__init__.py:48] All plugins in this group will be loaded. Set `VLLM_PLUGINS` to control which plugins to load.
2026-02-12T23:22:36.0375564Z INFO 02-12 23:22:36 [__init__.py:217] Platform plugin ascend is activated
2026-02-12T23:22:36.1262805Z INFO 02-12 23:22:36 [__init__.py:43] Available plugins for group vllm.platform_plugins:
2026-02-12T23:22:36.1263553Z INFO 02-12 23:22:36 [__init__.py:45] - ascend -> vllm_ascend:register
2026-02-12T23:22:36.1264320Z INFO 02-12 23:22:36 [__init__.py:48] All plugins in this group will be loaded. Set `VLLM_PLUGINS` to control which plugins to load.
2026-02-12T23:22:36.1360791Z INFO 02-12 23:22:36 [__init__.py:217] Platform plugin ascend is activated
2026-02-12T23:22:36.4692722Z INFO 02-12 23:22:36 [__init__.py:43] Available plugins for group vllm.platform_plugins:
2026-02-12T23:22:36.4693430Z INFO 02-12 23:22:36 [__init__.py:45] - ascend -> vllm_ascend:register
2026-02-12T23:22:36.4694198Z INFO 02-12 23:22:36 [__init__.py:48] All plugins in this group will be loaded. Set `VLLM_PLUGINS` to control which plugins to load.
2026-02-12T23:22:36.4782821Z INFO 02-12 23:22:36 [__init__.py:217] Platform plugin ascend is activated
2026-02-12T23:22:36.8989805Z INFO 02-12 23:22:36 [__init__.py:43] Available plugins for group vllm.platform_plugins:
2026-02-12T23:22:36.8990478Z INFO 02-12 23:22:36 [__init__.py:45] - ascend -> vllm_ascend:register
2026-02-12T23:22:36.8991228Z INFO 02-12 23:22:36 [__init__.py:48] All plugins in this group will be loaded. Set `VLLM_PLUGINS` to control which plugins to load.
2026-02-12T23:22:36.9080346Z INFO 02-12 23:22:36 [__init__.py:217] Platform plugin ascend is activated
2026-02-12T23:22:37.1257303Z INFO 02-12 23:22:37 [__init__.py:43] Available plugins for group vllm.platform_plugins:
2026-02-12T23:22:37.1258244Z INFO 02-12 23:22:37 [__init__.py:45] - ascend -> vllm_ascend:register
2026-02-12T23:22:37.1259011Z INFO 02-12 23:22:37 [__init__.py:48] All plugins in this group will be loaded. Set `VLLM_PLUGINS` to control which plugins to load.
2026-02-12T23:22:37.1316742Z INFO 02-12 23:22:37 [__init__.py:217] Platform plugin ascend is activated
2026-02-12T23:22:37.8644336Z INFO 02-12 23:22:37 [__init__.py:43] Available plugins for group vllm.platform_plugins:
2026-02-12T23:22:37.8645566Z INFO 02-12 23:22:37 [__init__.py:45] - ascend -> vllm_ascend:register
2026-02-12T23:22:37.8646332Z INFO 02-12 23:22:37 [__init__.py:48] All plugins in this group will be loaded. Set `VLLM_PLUGINS` to control which plugins to load.
2026-02-12T23:22:37.8737013Z INFO 02-12 23:22:37 [__init__.py:217] Platform plugin ascend is activated
2026-02-12T23:22:37.9887433Z INFO 02-12 23:22:37 [__init__.py:43] Available plugins for group vllm.platform_plugins:
2026-02-12T23:22:37.9888500Z INFO 02-12 23:22:37 [__init__.py:45] - ascend -> vllm_ascend:register
2026-02-12T23:22:37.9889251Z INFO 02-12 23:22:37 [__init__.py:48] All plugins in this group will be loaded. Set `VLLM_PLUGINS` to control which plugins to load.
2026-02-12T23:22:37.9958074Z INFO 02-12 23:22:37 [__init__.py:43] Available plugins for group vllm.platform_plugins:
2026-02-12T23:22:37.9959033Z INFO 02-12 23:22:37 [__init__.py:45] - ascend -> vllm_ascend:register
2026-02-12T23:22:37.9959835Z INFO 02-12 23:22:37 [__init__.py:48] All plugins in this group will be loaded. Set `VLLM_PLUGINS` to control which plugins to load.
2026-02-12T23:22:37.9962916Z INFO 02-12 23:22:37 [__init__.py:43] Available plugins for group vllm.platform_plugins:
2026-02-12T23:22:37.9964052Z INFO 02-12 23:22:37 [__init__.py:45] - ascend -> vllm_ascend:register
2026-02-12T23:22:37.9965047Z INFO 02-12 23:22:37 [__init__.py:48] All plugins in this group will be loaded. Set `VLLM_PLUGINS` to control which plugins to load.
2026-02-12T23:22:37.9979763Z INFO 02-12 23:22:37 [__init__.py:217] Platform plugin ascend is activated
2026-02-12T23:22:38.0053621Z INFO 02-12 23:22:38 [__init__.py:217] Platform plugin ascend is activated
2026-02-12T23:22:38.0055129Z INFO 02-12 23:22:38 [__init__.py:217] Platform plugin ascend is activated
2026-02-12T23:22:38.1675040Z INFO 02-12 23:22:38 [__init__.py:43] Available plugins for group vllm.platform_plugins:
2026-02-12T23:22:38.1675940Z INFO 02-12 23:22:38 [__init__.py:45] - ascend -> vllm_ascend:register
2026-02-12T23:22:38.1677089Z INFO 02-12 23:22:38 [__init__.py:48] All plugins in this group will be loaded. Set `VLLM_PLUGINS` to control which plugins to load.
2026-02-12T23:22:38.1761976Z INFO 02-12 23:22:38 [__init__.py:217] Platform plugin ascend is activated
2026-02-12T23:22:41.5215371Z [0;36m(Worker_DP3_TP0_EP12 pid=1244)[0;0m INFO 02-12 23:22:41 [compilation.py:863] Using OOT custom backend for compilation.
2026-02-12T23:22:41.6648566Z [0;36m(Worker_DP2_TP1_EP9 pid=1515)[0;0m INFO 02-12 23:22:41 [compilation.py:863] Using OOT custom backend for compilation.
2026-02-12T23:22:41.8420642Z [0;36m(Worker_DP1_TP2_EP6 pid=1871)[0;0m INFO 02-12 23:22:41 [compilation.py:863] Using OOT custom backend for compilation.
2026-02-12T23:22:42.0230888Z [0;36m(Worker_DP1_TP1_EP5 pid=1527)[0;0m INFO 02-12 23:22:42 [compilation.py:863] Using OOT custom backend for compilation.
2026-02-12T23:22:42.0286732Z [0;36m(Worker_DP3_TP2_EP14 pid=1860)[0;0m INFO 02-12 23:22:42 [compilation.py:863] Using OOT custom backend for compilation.
2026-02-12T23:22:42.0596614Z [0;36m(Worker_DP0_TP0_EP0 pid=1246)[0;0m INFO 02-12 23:22:42 [compilation.py:863] Using OOT custom backend for compilation.
2026-02-12T23:22:42.1078007Z [0;36m(Worker_DP2_TP2_EP10 pid=1845)[0;0m INFO 02-12 23:22:42 [compilation.py:863] Using OOT custom backend for compilation.
2026-02-12T23:22:42.1079387Z [0;36m(Worker_DP0_TP0_EP0 pid=1246)[0;0m 
2026-02-12T23:22:42.1080298Z Loading safetensors checkpoint shards:   0% Completed | 0/56 [00:00<?, ?it/s]
2026-02-12T23:22:42.1226564Z [0;36m(Worker_DP0_TP1_EP1 pid=1559)[0;0m INFO 02-12 23:22:42 [compilation.py:863] Using OOT custom backend for compilation.
2026-02-12T23:22:42.2395053Z [0;36m(Worker_DP0_TP2_EP2 pid=1857)[0;0m INFO 02-12 23:22:42 [compilation.py:863] Using OOT custom backend for compilation.
2026-02-12T23:22:42.3600741Z [0;36m(Worker_DP0_TP3_EP3 pid=2149)[0;0m INFO 02-12 23:22:42 [compilation.py:863] Using OOT custom backend for compilation.
2026-02-12T23:22:42.3887912Z [0;36m(Worker_DP1_TP3_EP7 pid=2152)[0;0m INFO 02-12 23:22:42 [compilation.py:863] Using OOT custom backend for compilation.
2026-02-12T23:22:42.5217188Z [0;36m(Worker_DP3_TP1_EP13 pid=1562)[0;0m INFO 02-12 23:22:42 [compilation.py:863] Using OOT custom backend for compilation.
2026-02-12T23:22:42.5344957Z [0;36m(Worker_DP3_TP3_EP15 pid=2167)[0;0m INFO 02-12 23:22:42 [compilation.py:863] Using OOT custom backend for compilation.
2026-02-12T23:22:42.6230970Z [0;36m(Worker_DP1_TP0_EP4 pid=1245)[0;0m INFO 02-12 23:22:42 [compilation.py:863] Using OOT custom backend for compilation.
2026-02-12T23:22:42.6640792Z [0;36m(Worker_DP2_TP3_EP11 pid=2164)[0;0m INFO 02-12 23:22:42 [compilation.py:863] Using OOT custom backend for compilation.
2026-02-12T23:22:42.7058997Z [0;36m(Worker_DP2_TP0_EP8 pid=1243)[0;0m INFO 02-12 23:22:42 [compilation.py:863] Using OOT custom backend for compilation.
2026-02-12T23:22:50.2835500Z [0;36m(Worker_DP0_TP0_EP0 pid=1246)[0;0m 
2026-02-12T23:22:50.2836094Z Loading safetensors checkpoint shards:   2% Completed | 1/56 [00:08<07:29,  8.18s/it]
2026-02-12T23:22:56.9832197Z [0;36m(Worker_DP0_TP0_EP0 pid=1246)[0;0m 
2026-02-12T23:22:56.9832791Z Loading safetensors checkpoint shards:   4% Completed | 2/56 [00:14<06:34,  7.31s/it]
2026-02-12T23:23:04.3847795Z [0;36m(Worker_DP0_TP0_EP0 pid=1246)[0;0m 
2026-02-12T23:23:04.3848388Z Loading safetensors checkpoint shards:   5% Completed | 3/56 [00:22<06:29,  7.35s/it]
2026-02-12T23:23:12.2259238Z [0;36m(Worker_DP0_TP0_EP0 pid=1246)[0;0m 
2026-02-12T23:23:12.2259824Z Loading safetensors checkpoint shards:   7% Completed | 4/56 [00:30<06:32,  7.54s/it]
2026-02-12T23:23:19.9002738Z [0;36m(Worker_DP0_TP0_EP0 pid=1246)[0;0m 
2026-02-12T23:23:19.9003577Z Loading safetensors checkpoint shards:   9% Completed | 5/56 [00:37<06:27,  7.59s/it]
2026-02-12T23:23:28.0831932Z [0;36m(Worker_DP0_TP0_EP0 pid=1246)[0;0m 
2026-02-12T23:23:28.0832515Z Loading safetensors checkpoint shards:  11% Completed | 6/56 [00:45<06:29,  7.79s/it]
2026-02-12T23:23:35.6832111Z [0;36m(Worker_DP0_TP0_EP0 pid=1246)[0;0m 
2026-02-12T23:23:35.6833043Z Loading safetensors checkpoint shards:  12% Completed | 7/56 [00:53<06:18,  7.73s/it]
2026-02-12T23:23:43.9680813Z [0;36m(Worker_DP0_TP0_EP0 pid=1246)[0;0m 
2026-02-12T23:23:43.9681405Z Loading safetensors checkpoint shards:  14% Completed | 8/56 [01:01<06:19,  7.91s/it]
2026-02-12T23:23:50.2662270Z [0;36m(Worker_DP0_TP0_EP0 pid=1246)[0;0m 
2026-02-12T23:23:50.2662854Z Loading safetensors checkpoint shards:  16% Completed | 9/56 [01:08<05:47,  7.40s/it]
2026-02-12T23:23:58.1908795Z [0;36m(Worker_DP0_TP0_EP0 pid=1246)[0;0m 
2026-02-12T23:23:58.1909388Z Loading safetensors checkpoint shards:  18% Completed | 10/56 [01:16<05:47,  7.56s/it]
2026-02-12T23:24:06.5958193Z [0;36m(Worker_DP0_TP0_EP0 pid=1246)[0;0m 
2026-02-12T23:24:06.5958784Z Loading safetensors checkpoint shards:  20% Completed | 11/56 [01:24<05:51,  7.82s/it]
2026-02-12T23:24:13.0600425Z [0;36m(Worker_DP0_TP0_EP0 pid=1246)[0;0m 
2026-02-12T23:24:13.0601042Z Loading safetensors checkpoint shards:  21% Completed | 12/56 [01:30<05:25,  7.41s/it]
2026-02-12T23:24:19.7339885Z [0;36m(Worker_DP0_TP0_EP0 pid=1246)[0;0m 
2026-02-12T23:24:19.7340559Z Loading safetensors checkpoint shards:  23% Completed | 13/56 [01:37<05:09,  7.19s/it]
2026-02-12T23:24:25.8410789Z [0;36m(Worker_DP0_TP0_EP0 pid=1246)[0;0m 
2026-02-12T23:24:25.8411394Z Loading safetensors checkpoint shards:  25% Completed | 14/56 [01:43<04:48,  6.86s/it]
2026-02-12T23:24:33.8650458Z [0;36m(Worker_DP0_TP0_EP0 pid=1246)[0;0m 
2026-02-12T23:24:33.8651054Z Loading safetensors checkpoint shards:  27% Completed | 15/56 [01:51<04:55,  7.21s/it]
2026-02-12T23:24:42.0588851Z [0;36m(Worker_DP0_TP0_EP0 pid=1246)[0;0m 
2026-02-12T23:24:42.0589881Z Loading safetensors checkpoint shards:  29% Completed | 16/56 [01:59<05:00,  7.51s/it]
2026-02-12T23:24:48.5480248Z [0;36m(Worker_DP0_TP0_EP0 pid=1246)[0;0m 
2026-02-12T23:24:48.5480841Z Loading safetensors checkpoint shards:  30% Completed | 17/56 [02:06<04:40,  7.20s/it]
2026-02-12T23:24:55.7630213Z [0;36m(Worker_DP0_TP0_EP0 pid=1246)[0;0m 
2026-02-12T23:24:55.7630823Z Loading safetensors checkpoint shards:  32% Completed | 18/56 [02:13<04:33,  7.20s/it]
2026-02-12T23:25:03.6249721Z [0;36m(Worker_DP0_TP0_EP0 pid=1246)[0;0m 
2026-02-12T23:25:03.6250293Z Loading safetensors checkpoint shards:  34% Completed | 19/56 [02:21<04:33,  7.40s/it]
2026-02-12T23:25:10.0404163Z [0;36m(Worker_DP0_TP0_EP0 pid=1246)[0;0m 
2026-02-12T23:25:10.0406930Z Loading safetensors checkpoint shards:  36% Completed | 20/56 [02:27<04:15,  7.11s/it]
2026-02-12T23:25:18.9328021Z [0;36m(Worker_DP0_TP0_EP0 pid=1246)[0;0m 
2026-02-12T23:25:18.9328584Z Loading safetensors checkpoint shards:  38% Completed | 21/56 [02:36<04:27,  7.64s/it]
2026-02-12T23:25:24.8223762Z [0;36m(Worker_DP0_TP0_EP0 pid=1246)[0;0m 
2026-02-12T23:25:24.8224357Z Loading safetensors checkpoint shards:  39% Completed | 22/56 [02:42<04:01,  7.12s/it]
2026-02-12T23:25:31.5818034Z [0;36m(Worker_DP0_TP0_EP0 pid=1246)[0;0m 
2026-02-12T23:25:31.5818669Z Loading safetensors checkpoint shards:  41% Completed | 23/56 [02:49<03:51,  7.01s/it]
2026-02-12T23:25:39.1775531Z [0;36m(Worker_DP0_TP0_EP0 pid=1246)[0;0m 
2026-02-12T23:25:39.1776106Z Loading safetensors checkpoint shards:  43% Completed | 24/56 [02:57<03:49,  7.19s/it]
2026-02-12T23:25:48.2711423Z [0;36m(Worker_DP0_TP0_EP0 pid=1246)[0;0m 
2026-02-12T23:25:48.2712019Z Loading safetensors checkpoint shards:  45% Completed | 25/56 [03:06<04:00,  7.76s/it]
2026-02-12T23:25:56.2565626Z [0;36m(Worker_DP0_TP0_EP0 pid=1246)[0;0m 
2026-02-12T23:25:56.2566211Z Loading safetensors checkpoint shards:  46% Completed | 26/56 [03:14<03:54,  7.83s/it]
2026-02-12T23:26:08.5378636Z [0;36m(Worker_DP0_TP0_EP0 pid=1246)[0;0m 
2026-02-12T23:26:08.5379221Z Loading safetensors checkpoint shards:  48% Completed | 27/56 [03:26<04:25,  9.16s/it]
2026-02-12T23:26:16.3656292Z [0;36m(Worker_DP0_TP0_EP0 pid=1246)[0;0m 
2026-02-12T23:26:16.3656871Z Loading safetensors checkpoint shards:  50% Completed | 28/56 [03:34<04:05,  8.76s/it]
2026-02-12T23:26:24.7728747Z [0;36m(Worker_DP0_TP0_EP0 pid=1246)[0;0m 
2026-02-12T23:26:24.7729891Z Loading safetensors checkpoint shards:  52% Completed | 29/56 [03:42<03:53,  8.66s/it]
2026-02-12T23:26:30.5352515Z [0;36m(Worker_DP0_TP0_EP0 pid=1246)[0;0m 
2026-02-12T23:26:30.5353114Z Loading safetensors checkpoint shards:  54% Completed | 30/56 [03:48<03:22,  7.79s/it]
2026-02-12T23:26:39.2242483Z [0;36m(Worker_DP0_TP0_EP0 pid=1246)[0;0m 
2026-02-12T23:26:39.2243089Z Loading safetensors checkpoint shards:  55% Completed | 31/56 [03:57<03:21,  8.06s/it]
2026-02-12T23:26:46.8975393Z [0;36m(Worker_DP0_TP0_EP0 pid=1246)[0;0m 
2026-02-12T23:26:46.8975977Z Loading safetensors checkpoint shards:  57% Completed | 32/56 [04:04<03:10,  7.94s/it]
2026-02-12T23:26:53.8829531Z [0;36m(Worker_DP0_TP0_EP0 pid=1246)[0;0m 
2026-02-12T23:26:53.8830196Z Loading safetensors checkpoint shards:  59% Completed | 33/56 [04:11<02:56,  7.66s/it]
2026-02-12T23:27:01.2144676Z [0;36m(Worker_DP0_TP0_EP0 pid=1246)[0;0m 
2026-02-12T23:27:01.2145377Z Loading safetensors checkpoint shards:  61% Completed | 34/56 [04:19<02:46,  7.56s/it]
2026-02-12T23:27:09.2926839Z [0;36m(Worker_DP0_TP0_EP0 pid=1246)[0;0m 
2026-02-12T23:27:09.2927430Z Loading safetensors checkpoint shards:  62% Completed | 35/56 [04:27<02:41,  7.71s/it]
2026-02-12T23:27:18.7943255Z [0;36m(Worker_DP0_TP0_EP0 pid=1246)[0;0m 
2026-02-12T23:27:18.7943932Z Loading safetensors checkpoint shards:  64% Completed | 36/56 [04:36<02:45,  8.25s/it]
2026-02-12T23:27:26.1117163Z [0;36m(Worker_DP0_TP0_EP0 pid=1246)[0;0m 
2026-02-12T23:27:26.1117735Z Loading safetensors checkpoint shards:  66% Completed | 37/56 [04:44<02:31,  7.97s/it]
2026-02-12T23:27:31.8091350Z [0;36m(Worker_DP0_TP0_EP0 pid=1246)[0;0m 
2026-02-12T23:27:31.8091924Z Loading safetensors checkpoint shards:  68% Completed | 38/56 [04:49<02:11,  7.29s/it]
2026-02-12T23:27:39.5377759Z [0;36m(Worker_DP0_TP0_EP0 pid=1246)[0;0m 
2026-02-12T23:27:39.5378332Z Loading safetensors checkpoint shards:  70% Completed | 39/56 [04:57<02:06,  7.42s/it]
2026-02-12T23:27:47.8863127Z [0;36m(Worker_DP0_TP0_EP0 pid=1246)[0;0m 
2026-02-12T23:27:47.8863700Z Loading safetensors checkpoint shards:  71% Completed | 40/56 [05:05<02:03,  7.70s/it]
2026-02-12T23:27:54.6573465Z [0;36m(Worker_DP0_TP0_EP0 pid=1246)[0;0m 
2026-02-12T23:27:54.6574152Z Loading safetensors checkpoint shards:  73% Completed | 41/56 [05:12<01:51,  7.42s/it]
2026-02-12T23:28:02.0454299Z [0;36m(Worker_DP0_TP0_EP0 pid=1246)[0;0m 
2026-02-12T23:28:02.0454988Z Loading safetensors checkpoint shards:  75% Completed | 42/56 [05:19<01:43,  7.41s/it]
2026-02-12T23:28:09.6041763Z [0;36m(Worker_DP0_TP0_EP0 pid=1246)[0;0m 
2026-02-12T23:28:09.6042339Z Loading safetensors checkpoint shards:  77% Completed | 43/56 [05:27<01:36,  7.46s/it]
2026-02-12T23:28:18.1986432Z [0;36m(Worker_DP0_TP0_EP0 pid=1246)[0;0m 
2026-02-12T23:28:18.1987032Z Loading safetensors checkpoint shards:  79% Completed | 44/56 [05:36<01:33,  7.80s/it]
2026-02-12T23:28:24.1051503Z [0;36m(Worker_DP0_TP0_EP0 pid=1246)[0;0m 
2026-02-12T23:28:24.1052123Z Loading safetensors checkpoint shards:  80% Completed | 45/56 [05:42<01:19,  7.23s/it]
2026-02-12T23:28:30.8984092Z [0;36m(Worker_DP0_TP0_EP0 pid=1246)[0;0m 
2026-02-12T23:28:30.8984696Z Loading safetensors checkpoint shards:  82% Completed | 46/56 [05:48<01:10,  7.10s/it]
2026-02-12T23:28:39.9773198Z [0;36m(Worker_DP0_TP0_EP0 pid=1246)[0;0m 
2026-02-12T23:28:39.9773790Z Loading safetensors checkpoint shards:  84% Completed | 47/56 [05:57<01:09,  7.69s/it]
2026-02-12T23:28:47.4096497Z [0;36m(Worker_DP0_TP0_EP0 pid=1246)[0;0m 
2026-02-12T23:28:47.4097102Z Loading safetensors checkpoint shards:  86% Completed | 48/56 [06:05<01:00,  7.61s/it]
2026-02-12T23:28:53.2054664Z [0;36m(Worker_DP0_TP0_EP0 pid=1246)[0;0m 
2026-02-12T23:28:53.2055339Z Loading safetensors checkpoint shards:  88% Completed | 49/56 [06:11<00:49,  7.07s/it]
2026-02-12T23:29:00.4918095Z [0;36m(Worker_DP0_TP0_EP0 pid=1246)[0;0m 
2026-02-12T23:29:00.4918701Z Loading safetensors checkpoint shards:  89% Completed | 50/56 [06:18<00:42,  7.13s/it]
2026-02-12T23:29:09.4639265Z [0;36m(Worker_DP0_TP0_EP0 pid=1246)[0;0m 
2026-02-12T23:29:09.4639867Z Loading safetensors checkpoint shards:  91% Completed | 51/56 [06:27<00:38,  7.69s/it]
2026-02-12T23:29:16.0042738Z [0;36m(Worker_DP0_TP0_EP0 pid=1246)[0;0m 
2026-02-12T23:29:16.0043387Z Loading safetensors checkpoint shards:  93% Completed | 52/56 [06:33<00:29,  7.34s/it]
2026-02-12T23:29:22.1321986Z [0;36m(Worker_DP0_TP0_EP0 pid=1246)[0;0m 
2026-02-12T23:29:22.1322562Z Loading safetensors checkpoint shards:  95% Completed | 53/56 [06:40<00:20,  6.98s/it]
2026-02-12T23:29:28.9409415Z [0;36m(Worker_DP0_TP0_EP0 pid=1246)[0;0m 
2026-02-12T23:29:28.9409992Z Loading safetensors checkpoint shards:  96% Completed | 54/56 [06:46<00:13,  6.93s/it]
2026-02-12T23:29:35.0981842Z [0;36m(Worker_DP0_TP0_EP0 pid=1246)[0;0m 
2026-02-12T23:29:35.0982434Z Loading safetensors checkpoint shards:  98% Completed | 55/56 [06:52<00:06,  6.70s/it]
2026-02-12T23:29:42.0664509Z [0;36m(Worker_DP2_TP0_EP8 pid=1243)[0;0m INFO 02-12 23:29:42 [default_loader.py:291] Loading weights took 419.31 seconds
2026-02-12T23:29:42.0737810Z [0;36m(Worker_DP3_TP0_EP12 pid=1244)[0;0m INFO 02-12 23:29:42 [default_loader.py:291] Loading weights took 420.39 seconds
2026-02-12T23:29:42.5919814Z [0;36m(Worker_DP0_TP0_EP0 pid=1246)[0;0m 
2026-02-12T23:29:42.5920421Z Loading safetensors checkpoint shards: 100% Completed | 56/56 [07:00<00:00,  6.94s/it]
2026-02-12T23:29:42.5921029Z [0;36m(Worker_DP0_TP0_EP0 pid=1246)[0;0m 
2026-02-12T23:29:42.5921527Z Loading safetensors checkpoint shards: 100% Completed | 56/56 [07:00<00:00,  7.51s/it]
2026-02-12T23:29:42.5922107Z [0;36m(Worker_DP0_TP0_EP0 pid=1246)[0;0m 
2026-02-12T23:29:42.6176720Z [0;36m(Worker_DP0_TP0_EP0 pid=1246)[0;0m INFO 02-12 23:29:42 [default_loader.py:291] Loading weights took 420.51 seconds
2026-02-12T23:29:43.0184625Z [0;36m(Worker_DP1_TP0_EP4 pid=1245)[0;0m INFO 02-12 23:29:43 [default_loader.py:291] Loading weights took 420.35 seconds
2026-02-12T23:29:55.9218100Z INFO 02-12 23:29:55 [__init__.py:43] Available plugins for group vllm.platform_plugins:
2026-02-12T23:29:55.9218748Z INFO 02-12 23:29:55 [__init__.py:45] - ascend -> vllm_ascend:register
2026-02-12T23:29:55.9219498Z INFO 02-12 23:29:55 [__init__.py:48] All plugins in this group will be loaded. Set `VLLM_PLUGINS` to control which plugins to load.
2026-02-12T23:29:55.9220331Z INFO 02-12 23:29:55 [__init__.py:43] Available plugins for group vllm.platform_plugins:
2026-02-12T23:29:55.9220911Z INFO 02-12 23:29:55 [__init__.py:45] - ascend -> vllm_ascend:register
2026-02-12T23:29:55.9221643Z INFO 02-12 23:29:55 [__init__.py:48] All plugins in this group will be loaded. Set `VLLM_PLUGINS` to control which plugins to load.
2026-02-12T23:29:55.9222451Z INFO 02-12 23:29:55 [__init__.py:43] Available plugins for group vllm.platform_plugins:
2026-02-12T23:29:55.9223069Z INFO 02-12 23:29:55 [__init__.py:43] Available plugins for group vllm.platform_plugins:
2026-02-12T23:29:55.9223714Z INFO 02-12 23:29:55 [__init__.py:43] Available plugins for group vllm.platform_plugins:
2026-02-12T23:29:55.9224379Z INFO 02-12 23:29:55 [__init__.py:45] - ascend -> vllm_ascend:register
2026-02-12T23:29:55.9224954Z INFO 02-12 23:29:55 [__init__.py:45] - ascend -> vllm_ascend:register
2026-02-12T23:29:55.9225462Z INFO 02-12 23:29:55 [__init__.py:45] - ascend -> vllm_ascend:register
2026-02-12T23:29:55.9226194Z INFO 02-12 23:29:55 [__init__.py:48] All plugins in this group will be loaded. Set `VLLM_PLUGINS` to control which plugins to load.
2026-02-12T23:29:55.9227179Z INFO 02-12 23:29:55 [__init__.py:48] All plugins in this group will be loaded. Set `VLLM_PLUGINS` to control which plugins to load.
2026-02-12T23:29:55.9228163Z INFO 02-12 23:29:55 [__init__.py:48] All plugins in this group will be loaded. Set `VLLM_PLUGINS` to control which plugins to load.
2026-02-12T23:29:55.9228954Z INFO 02-12 23:29:55 [__init__.py:43] Available plugins for group vllm.platform_plugins:
2026-02-12T23:29:55.9230001Z INFO 02-12 23:29:55 [__init__.py:43] Available plugins for group vllm.platform_plugins:
2026-02-12T23:29:55.9230582Z INFO 02-12 23:29:55 [__init__.py:45] - ascend -> vllm_ascend:register
2026-02-12T23:29:55.9231091Z INFO 02-12 23:29:55 [__init__.py:45] - ascend -> vllm_ascend:register
2026-02-12T23:29:55.9231838Z INFO 02-12 23:29:55 [__init__.py:48] All plugins in this group will be loaded. Set `VLLM_PLUGINS` to control which plugins to load.
2026-02-12T23:29:55.9232811Z INFO 02-12 23:29:55 [__init__.py:48] All plugins in this group will be loaded. Set `VLLM_PLUGINS` to control which plugins to load.
2026-02-12T23:29:55.9233618Z INFO 02-12 23:29:55 [__init__.py:43] Available plugins for group vllm.platform_plugins:
2026-02-12T23:29:55.9234251Z INFO 02-12 23:29:55 [__init__.py:45] - ascend -> vllm_ascend:register
2026-02-12T23:29:55.9235135Z INFO 02-12 23:29:55 [__init__.py:48] All plugins in this group will be loaded. Set `VLLM_PLUGINS` to control which plugins to load.
2026-02-12T23:29:55.9276159Z INFO 02-12 23:29:55 [__init__.py:43] Available plugins for group vllm.platform_plugins:
2026-02-12T23:29:55.9276788Z INFO 02-12 23:29:55 [__init__.py:43] Available plugins for group vllm.platform_plugins:
2026-02-12T23:29:55.9277369Z INFO 02-12 23:29:55 [__init__.py:45] - ascend -> vllm_ascend:register
2026-02-12T23:29:55.9277863Z INFO 02-12 23:29:55 [__init__.py:45] - ascend -> vllm_ascend:register
2026-02-12T23:29:55.9278604Z INFO 02-12 23:29:55 [__init__.py:48] All plugins in this group will be loaded. Set `VLLM_PLUGINS` to control which plugins to load.
2026-02-12T23:29:55.9279593Z INFO 02-12 23:29:55 [__init__.py:48] All plugins in this group will be loaded. Set `VLLM_PLUGINS` to control which plugins to load.
2026-02-12T23:29:55.9280391Z INFO 02-12 23:29:55 [__init__.py:43] Available plugins for group vllm.platform_plugins:
2026-02-12T23:29:55.9280968Z INFO 02-12 23:29:55 [__init__.py:45] - ascend -> vllm_ascend:register
2026-02-12T23:29:55.9281699Z INFO 02-12 23:29:55 [__init__.py:48] All plugins in this group will be loaded. Set `VLLM_PLUGINS` to control which plugins to load.
2026-02-12T23:29:55.9298645Z INFO 02-12 23:29:55 [__init__.py:43] Available plugins for group vllm.platform_plugins:
2026-02-12T23:29:55.9299260Z INFO 02-12 23:29:55 [__init__.py:45] - ascend -> vllm_ascend:register
2026-02-12T23:29:55.9300009Z INFO 02-12 23:29:55 [__init__.py:48] All plugins in this group will be loaded. Set `VLLM_PLUGINS` to control which plugins to load.
2026-02-12T23:29:55.9337694Z INFO 02-12 23:29:55 [__init__.py:43] Available plugins for group vllm.platform_plugins:
2026-02-12T23:29:55.9338306Z INFO 02-12 23:29:55 [__init__.py:45] - ascend -> vllm_ascend:register
2026-02-12T23:29:55.9339046Z INFO 02-12 23:29:55 [__init__.py:48] All plugins in this group will be loaded. Set `VLLM_PLUGINS` to control which plugins to load.
2026-02-12T23:29:55.9360859Z INFO 02-12 23:29:55 [__init__.py:217] Platform plugin ascend is activated
2026-02-12T23:29:55.9361422Z INFO 02-12 23:29:55 [__init__.py:217] Platform plugin ascend is activated
2026-02-12T23:29:55.9361964Z INFO 02-12 23:29:55 [__init__.py:217] Platform plugin ascend is activated
2026-02-12T23:29:55.9362496Z INFO 02-12 23:29:55 [__init__.py:217] Platform plugin ascend is activated
2026-02-12T23:29:55.9363013Z INFO 02-12 23:29:55 [__init__.py:217] Platform plugin ascend is activated
2026-02-12T23:29:55.9363542Z INFO 02-12 23:29:55 [__init__.py:217] Platform plugin ascend is activated
2026-02-12T23:29:55.9364148Z INFO 02-12 23:29:55 [__init__.py:217] Platform plugin ascend is activated
2026-02-12T23:29:55.9364675Z INFO 02-12 23:29:55 [__init__.py:217] Platform plugin ascend is activated
2026-02-12T23:29:55.9365311Z INFO 02-12 23:29:55 [__init__.py:217] Platform plugin ascend is activated
2026-02-12T23:29:55.9365828Z INFO 02-12 23:29:55 [__init__.py:217] Platform plugin ascend is activated
2026-02-12T23:29:55.9366356Z INFO 02-12 23:29:55 [__init__.py:217] Platform plugin ascend is activated
2026-02-12T23:29:55.9381022Z INFO 02-12 23:29:55 [__init__.py:217] Platform plugin ascend is activated
2026-02-12T23:29:55.9426186Z INFO 02-12 23:29:55 [__init__.py:217] Platform plugin ascend is activated
2026-02-12T23:29:56.0524766Z INFO 02-12 23:29:56 [__init__.py:43] Available plugins for group vllm.platform_plugins:
2026-02-12T23:29:56.0525760Z INFO 02-12 23:29:56 [__init__.py:45] - ascend -> vllm_ascend:register
2026-02-12T23:29:56.0526555Z INFO 02-12 23:29:56 [__init__.py:48] All plugins in this group will be loaded. Set `VLLM_PLUGINS` to control which plugins to load.
2026-02-12T23:29:56.0604303Z INFO 02-12 23:29:56 [__init__.py:217] Platform plugin ascend is activated
2026-02-12T23:29:56.0656785Z INFO 02-12 23:29:56 [__init__.py:43] Available plugins for group vllm.platform_plugins:
2026-02-12T23:29:56.0657380Z INFO 02-12 23:29:56 [__init__.py:45] - ascend -> vllm_ascend:register
2026-02-12T23:29:56.0658134Z INFO 02-12 23:29:56 [__init__.py:48] All plugins in this group will be loaded. Set `VLLM_PLUGINS` to control which plugins to load.
2026-02-12T23:29:56.0737924Z INFO 02-12 23:29:56 [__init__.py:217] Platform plugin ascend is activated
2026-02-12T23:29:56.1232368Z INFO 02-12 23:29:56 [__init__.py:43] Available plugins for group vllm.platform_plugins:
2026-02-12T23:29:56.1233267Z INFO 02-12 23:29:56 [__init__.py:45] - ascend -> vllm_ascend:register
2026-02-12T23:29:56.1234121Z INFO 02-12 23:29:56 [__init__.py:48] All plugins in this group will be loaded. Set `VLLM_PLUGINS` to control which plugins to load.
2026-02-12T23:29:56.1331278Z INFO 02-12 23:29:56 [__init__.py:217] Platform plugin ascend is activated
2026-02-12T23:30:25.1158774Z [0;36m(Worker_DP1_TP1_EP5 pid=1527)[0;0m INFO 02-12 23:30:25 [model_runner_v1.py:2323] Loading model weights took 15.5614 GB
2026-02-12T23:30:25.1963842Z [0;36m(Worker_DP3_TP3_EP15 pid=2167)[0;0m INFO 02-12 23:30:25 [model_runner_v1.py:2323] Loading model weights took 15.5614 GB
2026-02-12T23:30:25.2397475Z [0;36m(Worker_DP3_TP0_EP12 pid=1244)[0;0m INFO 02-12 23:30:25 [model_runner_v1.py:2323] Loading model weights took 15.5614 GB
2026-02-12T23:30:25.2413898Z [0;36m(Worker_DP3_TP1_EP13 pid=1562)[0;0m INFO 02-12 23:30:25 [model_runner_v1.py:2323] Loading model weights took 15.5614 GB
2026-02-12T23:30:25.2676428Z [0;36m(Worker_DP3_TP2_EP14 pid=1860)[0;0m INFO 02-12 23:30:25 [model_runner_v1.py:2323] Loading model weights took 15.5614 GB
2026-02-12T23:30:25.2858248Z [0;36m(Worker_DP0_TP3_EP3 pid=2149)[0;0m INFO 02-12 23:30:25 [model_runner_v1.py:2323] Loading model weights took 15.5614 GB
2026-02-12T23:30:25.3647953Z [0;36m(Worker_DP2_TP3_EP11 pid=2164)[0;0m INFO 02-12 23:30:25 [model_runner_v1.py:2323] Loading model weights took 15.5614 GB
2026-02-12T23:30:25.4228748Z [0;36m(Worker_DP2_TP2_EP10 pid=1845)[0;0m INFO 02-12 23:30:25 [model_runner_v1.py:2323] Loading model weights took 15.5614 GB
2026-02-12T23:30:25.6203193Z [0;36m(Worker_DP1_TP3_EP7 pid=2152)[0;0m INFO 02-12 23:30:25 [model_runner_v1.py:2323] Loading model weights took 15.5614 GB
2026-02-12T23:30:25.8308687Z [0;36m(Worker_DP0_TP2_EP2 pid=1857)[0;0m INFO 02-12 23:30:25 [model_runner_v1.py:2323] Loading model weights took 15.5614 GB
2026-02-12T23:30:25.9286495Z [0;36m(Worker_DP0_TP0_EP0 pid=1246)[0;0m INFO 02-12 23:30:25 [model_runner_v1.py:2323] Loading model weights took 15.5614 GB
2026-02-12T23:30:25.9806513Z [0;36m(Worker_DP2_TP1_EP9 pid=1515)[0;0m INFO 02-12 23:30:25 [model_runner_v1.py:2323] Loading model weights took 15.5614 GB
2026-02-12T23:30:26.1878460Z [0;36m(Worker_DP2_TP0_EP8 pid=1243)[0;0m INFO 02-12 23:30:26 [model_runner_v1.py:2323] Loading model weights took 15.5614 GB
2026-02-12T23:30:26.3490979Z [0;36m(Worker_DP1_TP0_EP4 pid=1245)[0;0m INFO 02-12 23:30:26 [model_runner_v1.py:2323] Loading model weights took 15.5614 GB
2026-02-12T23:30:27.0672035Z [0;36m(Worker_DP0_TP1_EP1 pid=1559)[0;0m INFO 02-12 23:30:27 [model_runner_v1.py:2323] Loading model weights took 15.5614 GB
2026-02-12T23:30:27.1580331Z [0;36m(Worker_DP1_TP2_EP6 pid=1871)[0;0m INFO 02-12 23:30:27 [model_runner_v1.py:2323] Loading model weights took 15.5614 GB
2026-02-12T23:30:30.2406835Z [0;36m(Worker_DP0_TP0_EP0 pid=1246)[0;0m INFO 02-12 23:30:30 [eplb_updator.py:175] [ModelRunner][MOE_load_stats] Peak-to-Average-Ratio: Mean=0.0000, Max=0.0000, Min=0.0000
2026-02-12T23:30:46.1449379Z [0;36m(Worker_DP3_TP0_EP12 pid=1244)[0;0m INFO 02-12 23:30:46 [backends.py:805] Using cache directory: /root/.cache/vllm/torch_compile_cache/1161f79414/rank_0_3/backbone for vLLM's torch.compile
2026-02-12T23:30:46.1603775Z [0;36m(Worker_DP3_TP0_EP12 pid=1244)[0;0m INFO 02-12 23:30:46 [backends.py:865] Dynamo bytecode transform time: 15.87 s
2026-02-12T23:30:47.1352951Z [0;36m(Worker_DP1_TP0_EP4 pid=1245)[0;0m INFO 02-12 23:30:47 [backends.py:805] Using cache directory: /root/.cache/vllm/torch_compile_cache/1161f79414/rank_0_1/backbone for vLLM's torch.compile
2026-02-12T23:30:47.1545411Z [0;36m(Worker_DP1_TP0_EP4 pid=1245)[0;0m INFO 02-12 23:30:47 [backends.py:865] Dynamo bytecode transform time: 16.87 s
2026-02-12T23:30:47.7801070Z [0;36m(Worker_DP2_TP0_EP8 pid=1243)[0;0m INFO 02-12 23:30:47 [backends.py:805] Using cache directory: /root/.cache/vllm/torch_compile_cache/1161f79414/rank_0_2/backbone for vLLM's torch.compile
2026-02-12T23:30:47.7962674Z [0;36m(Worker_DP2_TP0_EP8 pid=1243)[0;0m INFO 02-12 23:30:47 [backends.py:865] Dynamo bytecode transform time: 17.52 s
2026-02-12T23:30:48.6654328Z [0;36m(Worker_DP0_TP0_EP0 pid=1246)[0;0m INFO 02-12 23:30:48 [backends.py:805] Using cache directory: /root/.cache/vllm/torch_compile_cache/1161f79414/rank_0_0/backbone for vLLM's torch.compile
2026-02-12T23:30:48.6809421Z [0;36m(Worker_DP0_TP0_EP0 pid=1246)[0;0m INFO 02-12 23:30:48 [backends.py:865] Dynamo bytecode transform time: 18.40 s
2026-02-12T23:31:10.0068679Z [0;36m(Worker_DP3_TP3_EP15 pid=2167)[0;0m /usr/local/python3.11.14/lib/python3.11/site-packages/torch_npu/dynamo/torchair/configs/compiler_config.py:106: UserWarning: The following torchair config or properties may not take effect or report error in reduce-overhead mode: config.experimental_config.enable_view_optimize:True, set_dim_gears, dynamo_export, scope, npu_print
2026-02-12T23:31:10.0071988Z [0;36m(Worker_DP3_TP3_EP15 pid=2167)[0;0m   warnings.warn(
2026-02-12T23:31:10.0415765Z [0;36m(Worker_DP3_TP1_EP13 pid=1562)[0;0m /usr/local/python3.11.14/lib/python3.11/site-packages/torch_npu/dynamo/torchair/configs/compiler_config.py:106: UserWarning: The following torchair config or properties may not take effect or report error in reduce-overhead mode: config.experimental_config.enable_view_optimize:True, set_dim_gears, dynamo_export, scope, npu_print
2026-02-12T23:31:10.0419260Z [0;36m(Worker_DP3_TP1_EP13 pid=1562)[0;0m   warnings.warn(
2026-02-12T23:31:10.0933544Z [0;36m(Worker_DP0_TP3_EP3 pid=2149)[0;0m /usr/local/python3.11.14/lib/python3.11/site-packages/torch_npu/dynamo/torchair/configs/compiler_config.py:106: UserWarning: The following torchair config or properties may not take effect or report error in reduce-overhead mode: config.experimental_config.enable_view_optimize:True, set_dim_gears, dynamo_export, scope, npu_print
2026-02-12T23:31:10.0935790Z [0;36m(Worker_DP0_TP3_EP3 pid=2149)[0;0m   warnings.warn(
2026-02-12T23:31:10.1095885Z [0;36m(Worker_DP2_TP3_EP11 pid=2164)[0;0m /usr/local/python3.11.14/lib/python3.11/site-packages/torch_npu/dynamo/torchair/configs/compiler_config.py:106: UserWarning: The following torchair config or properties may not take effect or report error in reduce-overhead mode: config.experimental_config.enable_view_optimize:True, set_dim_gears, dynamo_export, scope, npu_print
2026-02-12T23:31:10.1097793Z [0;36m(Worker_DP2_TP3_EP11 pid=2164)[0;0m   warnings.warn(
2026-02-12T23:31:10.1101070Z [0;36m(Worker_DP3_TP0_EP12 pid=1244)[0;0m /usr/local/python3.11.14/lib/python3.11/site-packages/torch_npu/dynamo/torchair/configs/compiler_config.py:106: UserWarning: The following torchair config or properties may not take effect or report error in reduce-overhead mode: config.experimental_config.enable_view_optimize:True, set_dim_gears, dynamo_export, scope, npu_print
2026-02-12T23:31:10.1102985Z [0;36m(Worker_DP3_TP0_EP12 pid=1244)[0;0m   warnings.warn(
2026-02-12T23:31:10.1261891Z [0;36m(Worker_DP1_TP1_EP5 pid=1527)[0;0m /usr/local/python3.11.14/lib/python3.11/site-packages/torch_npu/dynamo/torchair/configs/compiler_config.py:106: UserWarning: The following torchair config or properties may not take effect or report error in reduce-overhead mode: config.experimental_config.enable_view_optimize:True, set_dim_gears, dynamo_export, scope, npu_print
2026-02-12T23:31:10.1263991Z [0;36m(Worker_DP1_TP1_EP5 pid=1527)[0;0m   warnings.warn(
2026-02-12T23:31:10.1341344Z [0;36m(Worker_DP2_TP2_EP10 pid=1845)[0;0m /usr/local/python3.11.14/lib/python3.11/site-packages/torch_npu/dynamo/torchair/configs/compiler_config.py:106: UserWarning: The following torchair config or properties may not take effect or report error in reduce-overhead mode: config.experimental_config.enable_view_optimize:True, set_dim_gears, dynamo_export, scope, npu_print
2026-02-12T23:31:10.1343333Z [0;36m(Worker_DP2_TP2_EP10 pid=1845)[0;0m   warnings.warn(
2026-02-12T23:31:10.1687610Z [0;36m(Worker_DP3_TP2_EP14 pid=1860)[0;0m /usr/local/python3.11.14/lib/python3.11/site-packages/torch_npu/dynamo/torchair/configs/compiler_config.py:106: UserWarning: The following torchair config or properties may not take effect or report error in reduce-overhead mode: config.experimental_config.enable_view_optimize:True, set_dim_gears, dynamo_export, scope, npu_print
2026-02-12T23:31:10.1689572Z [0;36m(Worker_DP3_TP2_EP14 pid=1860)[0;0m   warnings.warn(
2026-02-12T23:31:10.2161842Z [0;36m(Worker_DP0_TP2_EP2 pid=1857)[0;0m /usr/local/python3.11.14/lib/python3.11/site-packages/torch_npu/dynamo/torchair/configs/compiler_config.py:106: UserWarning: The following torchair config or properties may not take effect or report error in reduce-overhead mode: config.experimental_config.enable_view_optimize:True, set_dim_gears, dynamo_export, scope, npu_print
2026-02-12T23:31:10.2164136Z [0;36m(Worker_DP0_TP2_EP2 pid=1857)[0;0m   warnings.warn(
2026-02-12T23:31:10.3290550Z [0;36m(Worker_DP1_TP3_EP7 pid=2152)[0;0m /usr/local/python3.11.14/lib/python3.11/site-packages/torch_npu/dynamo/torchair/configs/compiler_config.py:106: UserWarning: The following torchair config or properties may not take effect or report error in reduce-overhead mode: config.experimental_config.enable_view_optimize:True, set_dim_gears, dynamo_export, scope, npu_print
2026-02-12T23:31:10.3292915Z [0;36m(Worker_DP1_TP3_EP7 pid=2152)[0;0m   warnings.warn(
2026-02-12T23:31:10.3356838Z [0;36m(Worker_DP0_TP0_EP0 pid=1246)[0;0m /usr/local/python3.11.14/lib/python3.11/site-packages/torch_npu/dynamo/torchair/configs/compiler_config.py:106: UserWarning: The following torchair config or properties may not take effect or report error in reduce-overhead mode: config.experimental_config.enable_view_optimize:True, set_dim_gears, dynamo_export, scope, npu_print
2026-02-12T23:31:10.3358766Z [0;36m(Worker_DP0_TP0_EP0 pid=1246)[0;0m   warnings.warn(
2026-02-12T23:31:10.6208418Z [0;36m(Worker_DP2_TP1_EP9 pid=1515)[0;0m /usr/local/python3.11.14/lib/python3.11/site-packages/torch_npu/dynamo/torchair/configs/compiler_config.py:106: UserWarning: The following torchair config or properties may not take effect or report error in reduce-overhead mode: config.experimental_config.enable_view_optimize:True, set_dim_gears, dynamo_export, scope, npu_print
2026-02-12T23:31:10.6210399Z [0;36m(Worker_DP2_TP1_EP9 pid=1515)[0;0m   warnings.warn(
2026-02-12T23:31:10.6404958Z [0;36m(Worker_DP2_TP0_EP8 pid=1243)[0;0m /usr/local/python3.11.14/lib/python3.11/site-packages/torch_npu/dynamo/torchair/configs/compiler_config.py:106: UserWarning: The following torchair config or properties may not take effect or report error in reduce-overhead mode: config.experimental_config.enable_view_optimize:True, set_dim_gears, dynamo_export, scope, npu_print
2026-02-12T23:31:10.6406936Z [0;36m(Worker_DP2_TP0_EP8 pid=1243)[0;0m   warnings.warn(
2026-02-12T23:31:10.7244687Z [0;36m(Worker_DP1_TP0_EP4 pid=1245)[0;0m /usr/local/python3.11.14/lib/python3.11/site-packages/torch_npu/dynamo/torchair/configs/compiler_config.py:106: UserWarning: The following torchair config or properties may not take effect or report error in reduce-overhead mode: config.experimental_config.enable_view_optimize:True, set_dim_gears, dynamo_export, scope, npu_print
2026-02-12T23:31:10.7246786Z [0;36m(Worker_DP1_TP0_EP4 pid=1245)[0;0m   warnings.warn(
2026-02-12T23:31:10.7426959Z [0;36m(Worker_DP1_TP2_EP6 pid=1871)[0;0m /usr/local/python3.11.14/lib/python3.11/site-packages/torch_npu/dynamo/torchair/configs/compiler_config.py:106: UserWarning: The following torchair config or properties may not take effect or report error in reduce-overhead mode: config.experimental_config.enable_view_optimize:True, set_dim_gears, dynamo_export, scope, npu_print
2026-02-12T23:31:10.7428905Z [0;36m(Worker_DP1_TP2_EP6 pid=1871)[0;0m   warnings.warn(
2026-02-12T23:31:11.0277249Z [0;36m(Worker_DP0_TP1_EP1 pid=1559)[0;0m /usr/local/python3.11.14/lib/python3.11/site-packages/torch_npu/dynamo/torchair/configs/compiler_config.py:106: UserWarning: The following torchair config or properties may not take effect or report error in reduce-overhead mode: config.experimental_config.enable_view_optimize:True, set_dim_gears, dynamo_export, scope, npu_print
2026-02-12T23:31:11.0279588Z [0;36m(Worker_DP0_TP1_EP1 pid=1559)[0;0m   warnings.warn(
2026-02-12T23:31:25.5178349Z [0;36m(EngineCore_DP3 pid=1177)[0;0m INFO 02-12 23:31:25 [shm_broadcast.py:542] No available shared memory broadcast block found in 60 seconds. This typically happens when some processes are hanging or doing some time-consuming work (e.g. compilation, weight/kv cache quantization).
2026-02-12T23:31:26.1951165Z [0;36m(EngineCore_DP2 pid=1138)[0;0m INFO 02-12 23:31:26 [shm_broadcast.py:542] No available shared memory broadcast block found in 60 seconds. This typically happens when some processes are hanging or doing some time-consuming work (e.g. compilation, weight/kv cache quantization).
2026-02-12T23:31:27.0735402Z [0;36m(EngineCore_DP0 pid=1024)[0;0m INFO 02-12 23:31:27 [shm_broadcast.py:542] No available shared memory broadcast block found in 60 seconds. This typically happens when some processes are hanging or doing some time-consuming work (e.g. compilation, weight/kv cache quantization).
2026-02-12T23:31:27.1608779Z [0;36m(EngineCore_DP1 pid=1099)[0;0m INFO 02-12 23:31:27 [shm_broadcast.py:542] No available shared memory broadcast block found in 60 seconds. This typically happens when some processes are hanging or doing some time-consuming work (e.g. compilation, weight/kv cache quantization).
2026-02-12T23:31:44.7183900Z [0;36m(ApiServer_3 pid=1219)[0;0m Process ApiServer_3:
2026-02-12T23:31:44.7244463Z [0;36m(ApiServer_0 pid=1216)[0;0m Process ApiServer_0:
2026-02-12T23:31:44.7288269Z [0;36m(ApiServer_3 pid=1219)[0;0m Traceback (most recent call last):
2026-02-12T23:31:44.7292948Z [0;36m(ApiServer_3 pid=1219)[0;0m   File "/usr/local/python3.11.14/lib/python3.11/multiprocessing/process.py", line 314, in _bootstrap
2026-02-12T23:31:44.7293796Z [0;36m(ApiServer_3 pid=1219)[0;0m     self.run()
2026-02-12T23:31:44.7294764Z [0;36m(ApiServer_3 pid=1219)[0;0m   File "/usr/local/python3.11.14/lib/python3.11/multiprocessing/process.py", line 108, in run
2026-02-12T23:31:44.7295774Z [0;36m(ApiServer_3 pid=1219)[0;0m     self._target(*self._args, **self._kwargs)
2026-02-12T23:31:44.7296765Z [0;36m(ApiServer_3 pid=1219)[0;0m   File "/vllm-workspace/vllm/vllm/entrypoints/cli/serve.py", line 300, in run_api_server_worker_proc
2026-02-12T23:31:44.7297586Z [0;36m(ApiServer_3 pid=1219)[0;0m     uvloop.run(
2026-02-12T23:31:44.7298454Z [0;36m(ApiServer_3 pid=1219)[0;0m   File "/usr/local/python3.11.14/lib/python3.11/site-packages/uvloop/__init__.py", line 92, in run
2026-02-12T23:31:44.7299322Z [0;36m(ApiServer_3 pid=1219)[0;0m     return runner.run(wrapper())
2026-02-12T23:31:44.7299902Z [0;36m(ApiServer_3 pid=1219)[0;0m            ^^^^^^^^^^^^^^^^^^^^^
2026-02-12T23:31:44.7300713Z [0;36m(ApiServer_3 pid=1219)[0;0m   File "/usr/local/python3.11.14/lib/python3.11/asyncio/runners.py", line 118, in run
2026-02-12T23:31:44.7301963Z [0;36m(ApiServer_3 pid=1219)[0;0m     return self._loop.run_until_complete(task)
2026-02-12T23:31:44.7302629Z [0;36m(ApiServer_3 pid=1219)[0;0m            ^^^^^^^^^^^^^^^^^^^^^^^^^^^^^^^^^^^
2026-02-12T23:31:44.7303444Z [0;36m(ApiServer_3 pid=1219)[0;0m   File "uvloop/loop.pyx", line 1518, in uvloop.loop.Loop.run_until_complete
2026-02-12T23:31:44.7304638Z [0;36m(ApiServer_3 pid=1219)[0;0m   File "/usr/local/python3.11.14/lib/python3.11/site-packages/uvloop/__init__.py", line 48, in wrapper
2026-02-12T23:31:44.7305587Z [0;36m(ApiServer_3 pid=1219)[0;0m     return await main
2026-02-12T23:31:44.7306081Z [0;36m(ApiServer_3 pid=1219)[0;0m            ^^^^^^^^^^
2026-02-12T23:31:44.7306942Z [0;36m(ApiServer_3 pid=1219)[0;0m   File "/vllm-workspace/vllm/vllm/entrypoints/openai/api_server.py", line 938, in run_server_worker
2026-02-12T23:31:44.7307862Z [0;36m(ApiServer_3 pid=1219)[0;0m     async with build_async_engine_client(
2026-02-12T23:31:44.7308751Z [0;36m(ApiServer_3 pid=1219)[0;0m   File "/usr/local/python3.11.14/lib/python3.11/contextlib.py", line 210, in __aenter__
2026-02-12T23:31:44.7309621Z [0;36m(ApiServer_3 pid=1219)[0;0m     return await anext(self.gen)
2026-02-12T23:31:44.7310583Z [0;36m(ApiServer_3 pid=1219)[0;0m            ^^^^^^^^^^^^^^^^^^^^^
2026-02-12T23:31:44.7311529Z [0;36m(ApiServer_3 pid=1219)[0;0m   File "/vllm-workspace/vllm/vllm/entrypoints/openai/api_server.py", line 147, in build_async_engine_client
2026-02-12T23:31:44.7312552Z [0;36m(ApiServer_3 pid=1219)[0;0m     async with build_async_engine_client_from_engine_args(
2026-02-12T23:31:44.7313472Z [0;36m(ApiServer_3 pid=1219)[0;0m   File "/usr/local/python3.11.14/lib/python3.11/contextlib.py", line 210, in __aenter__
2026-02-12T23:31:44.7314328Z [0;36m(ApiServer_3 pid=1219)[0;0m     return await anext(self.gen)
2026-02-12T23:31:44.7315013Z [0;36m(ApiServer_3 pid=1219)[0;0m            ^^^^^^^^^^^^^^^^^^^^^
2026-02-12T23:31:44.7316234Z [0;36m(ApiServer_3 pid=1219)[0;0m   File "/vllm-workspace/vllm/vllm/entrypoints/openai/api_server.py", line 188, in build_async_engine_client_from_engine_args
2026-02-12T23:31:44.7317250Z [0;36m(ApiServer_3 pid=1219)[0;0m     async_llm = AsyncLLM.from_vllm_config(
2026-02-12T23:31:44.7317871Z [0;36m(ApiServer_3 pid=1219)[0;0m                 ^^^^^^^^^^^^^^^^^^^^^^^^^^
2026-02-12T23:31:44.7318742Z [0;36m(ApiServer_3 pid=1219)[0;0m   File "/vllm-workspace/vllm/vllm/v1/engine/async_llm.py", line 228, in from_vllm_config
2026-02-12T23:31:44.7319494Z [0;36m(ApiServer_3 pid=1219)[0;0m     return cls(
2026-02-12T23:31:44.7319924Z [0;36m(ApiServer_3 pid=1219)[0;0m            ^^^^
2026-02-12T23:31:44.7320663Z [0;36m(ApiServer_3 pid=1219)[0;0m   File "/vllm-workspace/vllm/vllm/v1/engine/async_llm.py", line 155, in __init__
2026-02-12T23:31:44.7321560Z [0;36m(ApiServer_3 pid=1219)[0;0m     self.engine_core = EngineCoreClient.make_async_mp_client(
2026-02-12T23:31:44.7322327Z [0;36m(ApiServer_3 pid=1219)[0;0m                        ^^^^^^^^^^^^^^^^^^^^^^^^^^^^^^^^^^^^^^
2026-02-12T23:31:44.7323262Z [0;36m(ApiServer_3 pid=1219)[0;0m   File "/vllm-workspace/vllm/vllm/v1/engine/core_client.py", line 121, in make_async_mp_client
2026-02-12T23:31:44.7324228Z [0;36m(ApiServer_3 pid=1219)[0;0m     return DPLBAsyncMPClient(*client_args)
2026-02-12T23:31:44.7325024Z [0;36m(ApiServer_3 pid=1219)[0;0m            ^^^^^^^^^^^^^^^^^^^^^^^^^^^^^^^
2026-02-12T23:31:44.7325892Z [0;36m(ApiServer_3 pid=1219)[0;0m   File "/vllm-workspace/vllm/vllm/v1/engine/core_client.py", line 1191, in __init__
2026-02-12T23:31:44.7326640Z [0;36m(ApiServer_3 pid=1219)[0;0m     super().__init__(
2026-02-12T23:31:44.7327416Z [0;36m(ApiServer_3 pid=1219)[0;0m   File "/vllm-workspace/vllm/vllm/v1/engine/core_client.py", line 1032, in __init__
2026-02-12T23:31:44.7328145Z [0;36m(ApiServer_3 pid=1219)[0;0m     super().__init__(
2026-02-12T23:31:44.7328917Z [0;36m(ApiServer_3 pid=1219)[0;0m   File "/vllm-workspace/vllm/vllm/v1/engine/core_client.py", line 819, in __init__
2026-02-12T23:31:44.7329794Z [0;36m(ApiServer_3 pid=1219)[0;0m     super().__init__(
2026-02-12T23:31:44.7330576Z [0;36m(ApiServer_3 pid=1219)[0;0m   File "/vllm-workspace/vllm/vllm/v1/engine/core_client.py", line 530, in __init__
2026-02-12T23:31:44.7331316Z [0;36m(ApiServer_3 pid=1219)[0;0m     raise TimeoutError(
2026-02-12T23:31:44.7332122Z [0;36m(ApiServer_3 pid=1219)[0;0m TimeoutError: Timed out waiting for engines to send initial message on input socket.
2026-02-12T23:31:44.7359380Z [0;36m(ApiServer_0 pid=1216)[0;0m Traceback (most recent call last):
2026-02-12T23:31:44.7366666Z [0;36m(ApiServer_0 pid=1216)[0;0m   File "/usr/local/python3.11.14/lib/python3.11/multiprocessing/process.py", line 314, in _bootstrap
2026-02-12T23:31:44.7367611Z [0;36m(ApiServer_0 pid=1216)[0;0m     self.run()
2026-02-12T23:31:44.7369004Z [0;36m(ApiServer_0 pid=1216)[0;0m   File "/usr/local/python3.11.14/lib/python3.11/multiprocessing/process.py", line 108, in run
2026-02-12T23:31:44.7370520Z [0;36m(ApiServer_0 pid=1216)[0;0m     self._target(*self._args, **self._kwargs)
2026-02-12T23:31:44.7371585Z [0;36m(ApiServer_0 pid=1216)[0;0m   File "/vllm-workspace/vllm/vllm/entrypoints/cli/serve.py", line 300, in run_api_server_worker_proc
2026-02-12T23:31:44.7372380Z [0;36m(ApiServer_0 pid=1216)[0;0m     uvloop.run(
2026-02-12T23:31:44.7373234Z [0;36m(ApiServer_0 pid=1216)[0;0m   File "/usr/local/python3.11.14/lib/python3.11/site-packages/uvloop/__init__.py", line 92, in run
2026-02-12T23:31:44.7374200Z [0;36m(ApiServer_0 pid=1216)[0;0m     return runner.run(wrapper())
2026-02-12T23:31:44.7374772Z [0;36m(ApiServer_0 pid=1216)[0;0m            ^^^^^^^^^^^^^^^^^^^^^
2026-02-12T23:31:44.7375750Z [0;36m(ApiServer_0 pid=1216)[0;0m   File "/usr/local/python3.11.14/lib/python3.11/asyncio/runners.py", line 118, in run
2026-02-12T23:31:44.7376585Z [0;36m(ApiServer_0 pid=1216)[0;0m     return self._loop.run_until_complete(task)
2026-02-12T23:31:44.7377455Z [0;36m(ApiServer_0 pid=1216)[0;0m            ^^^^^^^^^^^^^^^^^^^^^^^^^^^^^^^^^^^
2026-02-12T23:31:44.7378261Z [0;36m(ApiServer_0 pid=1216)[0;0m   File "uvloop/loop.pyx", line 1518, in uvloop.loop.Loop.run_until_complete
2026-02-12T23:31:44.7379346Z [0;36m(ApiServer_0 pid=1216)[0;0m   File "/usr/local/python3.11.14/lib/python3.11/site-packages/uvloop/__init__.py", line 48, in wrapper
2026-02-12T23:31:44.7380174Z [0;36m(ApiServer_0 pid=1216)[0;0m     return await main
2026-02-12T23:31:44.7380642Z [0;36m(ApiServer_0 pid=1216)[0;0m            ^^^^^^^^^^
2026-02-12T23:31:44.7381517Z [0;36m(ApiServer_0 pid=1216)[0;0m   File "/vllm-workspace/vllm/vllm/entrypoints/openai/api_server.py", line 938, in run_server_worker
2026-02-12T23:31:44.7382429Z [0;36m(ApiServer_0 pid=1216)[0;0m     async with build_async_engine_client(
2026-02-12T23:31:44.7383285Z [0;36m(ApiServer_0 pid=1216)[0;0m   File "/usr/local/python3.11.14/lib/python3.11/contextlib.py", line 210, in __aenter__
2026-02-12T23:31:44.7384169Z [0;36m(ApiServer_0 pid=1216)[0;0m     return await anext(self.gen)
2026-02-12T23:31:44.7384737Z [0;36m(ApiServer_0 pid=1216)[0;0m            ^^^^^^^^^^^^^^^^^^^^^
2026-02-12T23:31:44.7385813Z [0;36m(ApiServer_0 pid=1216)[0;0m   File "/vllm-workspace/vllm/vllm/entrypoints/openai/api_server.py", line 147, in build_async_engine_client
2026-02-12T23:31:44.7386833Z [0;36m(ApiServer_0 pid=1216)[0;0m     async with build_async_engine_client_from_engine_args(
2026-02-12T23:31:44.7387748Z [0;36m(ApiServer_0 pid=1216)[0;0m   File "/usr/local/python3.11.14/lib/python3.11/contextlib.py", line 210, in __aenter__
2026-02-12T23:31:44.7388548Z [0;36m(ApiServer_0 pid=1216)[0;0m     return await anext(self.gen)
2026-02-12T23:31:44.7389101Z [0;36m(ApiServer_0 pid=1216)[0;0m            ^^^^^^^^^^^^^^^^^^^^^
2026-02-12T23:31:44.7390126Z [0;36m(ApiServer_0 pid=1216)[0;0m   File "/vllm-workspace/vllm/vllm/entrypoints/openai/api_server.py", line 188, in build_async_engine_client_from_engine_args
2026-02-12T23:31:44.7391270Z [0;36m(ApiServer_0 pid=1216)[0;0m     async_llm = AsyncLLM.from_vllm_config(
2026-02-12T23:31:44.7391901Z [0;36m(ApiServer_0 pid=1216)[0;0m                 ^^^^^^^^^^^^^^^^^^^^^^^^^^
2026-02-12T23:31:44.7392774Z [0;36m(ApiServer_0 pid=1216)[0;0m   File "/vllm-workspace/vllm/vllm/v1/engine/async_llm.py", line 228, in from_vllm_config
2026-02-12T23:31:44.7393504Z [0;36m(ApiServer_0 pid=1216)[0;0m     return cls(
2026-02-12T23:31:44.7393947Z [0;36m(ApiServer_0 pid=1216)[0;0m            ^^^^
2026-02-12T23:31:44.7394742Z [0;36m(ApiServer_0 pid=1216)[0;0m   File "/vllm-workspace/vllm/vllm/v1/engine/async_llm.py", line 155, in __init__
2026-02-12T23:31:44.7395781Z [0;36m(ApiServer_0 pid=1216)[0;0m     self.engine_core = EngineCoreClient.make_async_mp_client(
2026-02-12T23:31:44.7396537Z [0;36m(ApiServer_0 pid=1216)[0;0m                        ^^^^^^^^^^^^^^^^^^^^^^^^^^^^^^^^^^^^^^
2026-02-12T23:31:44.7397463Z [0;36m(ApiServer_0 pid=1216)[0;0m   File "/vllm-workspace/vllm/vllm/v1/engine/core_client.py", line 121, in make_async_mp_client
2026-02-12T23:31:44.7398362Z [0;36m(ApiServer_0 pid=1216)[0;0m     return DPLBAsyncMPClient(*client_args)
2026-02-12T23:31:44.7398991Z [0;36m(ApiServer_0 pid=1216)[0;0m            ^^^^^^^^^^^^^^^^^^^^^^^^^^^^^^^
2026-02-12T23:31:44.7399830Z [0;36m(ApiServer_0 pid=1216)[0;0m   File "/vllm-workspace/vllm/vllm/v1/engine/core_client.py", line 1191, in __init__
2026-02-12T23:31:44.7400574Z [0;36m(ApiServer_0 pid=1216)[0;0m     super().__init__(
2026-02-12T23:31:44.7401336Z [0;36m(ApiServer_0 pid=1216)[0;0m   File "/vllm-workspace/vllm/vllm/v1/engine/core_client.py", line 1032, in __init__
2026-02-12T23:31:44.7402072Z [0;36m(ApiServer_0 pid=1216)[0;0m     super().__init__(
2026-02-12T23:31:44.7402829Z [0;36m(ApiServer_0 pid=1216)[0;0m   File "/vllm-workspace/vllm/vllm/v1/engine/core_client.py", line 819, in __init__
2026-02-12T23:31:44.7403563Z [0;36m(ApiServer_0 pid=1216)[0;0m     super().__init__(
2026-02-12T23:31:44.7404547Z [0;36m(ApiServer_0 pid=1216)[0;0m   File "/vllm-workspace/vllm/vllm/v1/engine/core_client.py", line 530, in __init__
2026-02-12T23:31:44.7405499Z [0;36m(ApiServer_0 pid=1216)[0;0m     raise TimeoutError(
2026-02-12T23:31:44.7406308Z [0;36m(ApiServer_0 pid=1216)[0;0m TimeoutError: Timed out waiting for engines to send initial message on input socket.
2026-02-12T23:31:44.9108804Z [0;36m(ApiServer_2 pid=1218)[0;0m Process ApiServer_2:
2026-02-12T23:31:44.9125367Z [0;36m(ApiServer_2 pid=1218)[0;0m Traceback (most recent call last):
2026-02-12T23:31:44.9129609Z [0;36m(ApiServer_2 pid=1218)[0;0m   File "/usr/local/python3.11.14/lib/python3.11/multiprocessing/process.py", line 314, in _bootstrap
2026-02-12T23:31:44.9130956Z [0;36m(ApiServer_2 pid=1218)[0;0m     self.run()
2026-02-12T23:31:44.9131767Z [0;36m(ApiServer_2 pid=1218)[0;0m   File "/usr/local/python3.11.14/lib/python3.11/multiprocessing/process.py", line 108, in run
2026-02-12T23:31:44.9132664Z [0;36m(ApiServer_2 pid=1218)[0;0m     self._target(*self._args, **self._kwargs)
2026-02-12T23:31:44.9133698Z [0;36m(ApiServer_2 pid=1218)[0;0m   File "/vllm-workspace/vllm/vllm/entrypoints/cli/serve.py", line 300, in run_api_server_worker_proc
2026-02-12T23:31:44.9134603Z [0;36m(ApiServer_2 pid=1218)[0;0m     uvloop.run(
2026-02-12T23:31:44.9135625Z [0;36m(ApiServer_2 pid=1218)[0;0m   File "/usr/local/python3.11.14/lib/python3.11/site-packages/uvloop/__init__.py", line 92, in run
2026-02-12T23:31:44.9136505Z [0;36m(ApiServer_2 pid=1218)[0;0m     return runner.run(wrapper())
2026-02-12T23:31:44.9137073Z [0;36m(ApiServer_2 pid=1218)[0;0m            ^^^^^^^^^^^^^^^^^^^^^
2026-02-12T23:31:44.9137899Z [0;36m(ApiServer_2 pid=1218)[0;0m   File "/usr/local/python3.11.14/lib/python3.11/asyncio/runners.py", line 118, in run
2026-02-12T23:31:44.9138737Z [0;36m(ApiServer_2 pid=1218)[0;0m     return self._loop.run_until_complete(task)
2026-02-12T23:31:44.9139406Z [0;36m(ApiServer_2 pid=1218)[0;0m            ^^^^^^^^^^^^^^^^^^^^^^^^^^^^^^^^^^^
2026-02-12T23:31:44.9140526Z [0;36m(ApiServer_2 pid=1218)[0;0m   File "uvloop/loop.pyx", line 1518, in uvloop.loop.Loop.run_until_complete
2026-02-12T23:31:44.9141630Z [0;36m(ApiServer_2 pid=1218)[0;0m   File "/usr/local/python3.11.14/lib/python3.11/site-packages/uvloop/__init__.py", line 48, in wrapper
2026-02-12T23:31:44.9142464Z [0;36m(ApiServer_2 pid=1218)[0;0m     return await main
2026-02-12T23:31:44.9142936Z [0;36m(ApiServer_2 pid=1218)[0;0m            ^^^^^^^^^^
2026-02-12T23:31:44.9143813Z [0;36m(ApiServer_2 pid=1218)[0;0m   File "/vllm-workspace/vllm/vllm/entrypoints/openai/api_server.py", line 938, in run_server_worker
2026-02-12T23:31:44.9144822Z [0;36m(ApiServer_2 pid=1218)[0;0m     async with build_async_engine_client(
2026-02-12T23:31:44.9145859Z [0;36m(ApiServer_2 pid=1218)[0;0m   File "/usr/local/python3.11.14/lib/python3.11/contextlib.py", line 210, in __aenter__
2026-02-12T23:31:44.9146672Z [0;36m(ApiServer_2 pid=1218)[0;0m     return await anext(self.gen)
2026-02-12T23:31:44.9147238Z [0;36m(ApiServer_2 pid=1218)[0;0m            ^^^^^^^^^^^^^^^^^^^^^
2026-02-12T23:31:44.9148205Z [0;36m(ApiServer_2 pid=1218)[0;0m   File "/vllm-workspace/vllm/vllm/entrypoints/openai/api_server.py", line 147, in build_async_engine_client
2026-02-12T23:31:44.9149218Z [0;36m(ApiServer_2 pid=1218)[0;0m     async with build_async_engine_client_from_engine_args(
2026-02-12T23:31:44.9150162Z [0;36m(ApiServer_2 pid=1218)[0;0m   File "/usr/local/python3.11.14/lib/python3.11/contextlib.py", line 210, in __aenter__
2026-02-12T23:31:44.9150969Z [0;36m(ApiServer_2 pid=1218)[0;0m     return await anext(self.gen)
2026-02-12T23:31:44.9151526Z [0;36m(ApiServer_2 pid=1218)[0;0m            ^^^^^^^^^^^^^^^^^^^^^
2026-02-12T23:31:44.9152554Z [0;36m(ApiServer_2 pid=1218)[0;0m   File "/vllm-workspace/vllm/vllm/entrypoints/openai/api_server.py", line 188, in build_async_engine_client_from_engine_args
2026-02-12T23:31:44.9153555Z [0;36m(ApiServer_2 pid=1218)[0;0m     async_llm = AsyncLLM.from_vllm_config(
2026-02-12T23:31:44.9154446Z [0;36m(ApiServer_2 pid=1218)[0;0m                 ^^^^^^^^^^^^^^^^^^^^^^^^^^
2026-02-12T23:31:44.9155483Z [0;36m(ApiServer_2 pid=1218)[0;0m   File "/vllm-workspace/vllm/vllm/v1/engine/async_llm.py", line 228, in from_vllm_config
2026-02-12T23:31:44.9156224Z [0;36m(ApiServer_2 pid=1218)[0;0m     return cls(
2026-02-12T23:31:44.9156662Z [0;36m(ApiServer_2 pid=1218)[0;0m            ^^^^
2026-02-12T23:31:44.9157385Z [0;36m(ApiServer_2 pid=1218)[0;0m   File "/vllm-workspace/vllm/vllm/v1/engine/async_llm.py", line 155, in __init__
2026-02-12T23:31:44.9158294Z [0;36m(ApiServer_2 pid=1218)[0;0m     self.engine_core = EngineCoreClient.make_async_mp_client(
2026-02-12T23:31:44.9159047Z [0;36m(ApiServer_2 pid=1218)[0;0m                        ^^^^^^^^^^^^^^^^^^^^^^^^^^^^^^^^^^^^^^
2026-02-12T23:31:44.9159968Z [0;36m(ApiServer_2 pid=1218)[0;0m   File "/vllm-workspace/vllm/vllm/v1/engine/core_client.py", line 121, in make_async_mp_client
2026-02-12T23:31:44.9160861Z [0;36m(ApiServer_2 pid=1218)[0;0m     return DPLBAsyncMPClient(*client_args)
2026-02-12T23:31:44.9161495Z [0;36m(ApiServer_2 pid=1218)[0;0m            ^^^^^^^^^^^^^^^^^^^^^^^^^^^^^^^
2026-02-12T23:31:44.9162338Z [0;36m(ApiServer_2 pid=1218)[0;0m   File "/vllm-workspace/vllm/vllm/v1/engine/core_client.py", line 1191, in __init__
2026-02-12T23:31:44.9163069Z [0;36m(ApiServer_2 pid=1218)[0;0m     super().__init__(
2026-02-12T23:31:44.9163846Z [0;36m(ApiServer_2 pid=1218)[0;0m   File "/vllm-workspace/vllm/vllm/v1/engine/core_client.py", line 1032, in __init__
2026-02-12T23:31:44.9164684Z [0;36m(ApiServer_2 pid=1218)[0;0m     super().__init__(
2026-02-12T23:31:44.9165566Z [0;36m(ApiServer_2 pid=1218)[0;0m   File "/vllm-workspace/vllm/vllm/v1/engine/core_client.py", line 819, in __init__
2026-02-12T23:31:44.9166303Z [0;36m(ApiServer_2 pid=1218)[0;0m     super().__init__(
2026-02-12T23:31:44.9167058Z [0;36m(ApiServer_2 pid=1218)[0;0m   File "/vllm-workspace/vllm/vllm/v1/engine/core_client.py", line 530, in __init__
2026-02-12T23:31:44.9167811Z [0;36m(ApiServer_2 pid=1218)[0;0m     raise TimeoutError(
2026-02-12T23:31:44.9168756Z [0;36m(ApiServer_2 pid=1218)[0;0m TimeoutError: Timed out waiting for engines to send initial message on input socket.
2026-02-12T23:31:45.1560740Z [0;36m(ApiServer_3 pid=1219)[0;0m sys:1: DeprecationWarning: builtin type swigvarlink has no __module__ attribute
2026-02-12T23:31:45.1562901Z [0;36m(ApiServer_0 pid=1216)[0;0m sys:1: DeprecationWarning: builtin type swigvarlink has no __module__ attribute
2026-02-12T23:31:45.2843630Z [0;36m(ApiServer_2 pid=1218)[0;0m sys:1: DeprecationWarning: builtin type swigvarlink has no __module__ attribute
2026-02-12T23:31:45.5244404Z [0;36m(ApiServer_1 pid=1217)[0;0m Process ApiServer_1:
2026-02-12T23:31:45.5258052Z [0;36m(ApiServer_1 pid=1217)[0;0m Traceback (most recent call last):
2026-02-12T23:31:45.5261160Z [0;36m(ApiServer_1 pid=1217)[0;0m   File "/usr/local/python3.11.14/lib/python3.11/multiprocessing/process.py", line 314, in _bootstrap
2026-02-12T23:31:45.5262021Z [0;36m(ApiServer_1 pid=1217)[0;0m     self.run()
2026-02-12T23:31:45.5262848Z [0;36m(ApiServer_1 pid=1217)[0;0m   File "/usr/local/python3.11.14/lib/python3.11/multiprocessing/process.py", line 108, in run
2026-02-12T23:31:45.5263742Z [0;36m(ApiServer_1 pid=1217)[0;0m     self._target(*self._args, **self._kwargs)
2026-02-12T23:31:45.5264821Z [0;36m(ApiServer_1 pid=1217)[0;0m   File "/vllm-workspace/vllm/vllm/entrypoints/cli/serve.py", line 300, in run_api_server_worker_proc
2026-02-12T23:31:45.5265691Z [0;36m(ApiServer_1 pid=1217)[0;0m     uvloop.run(
2026-02-12T23:31:45.5266534Z [0;36m(ApiServer_1 pid=1217)[0;0m   File "/usr/local/python3.11.14/lib/python3.11/site-packages/uvloop/__init__.py", line 92, in run
2026-02-12T23:31:45.5267385Z [0;36m(ApiServer_1 pid=1217)[0;0m     return runner.run(wrapper())
2026-02-12T23:31:45.5267962Z [0;36m(ApiServer_1 pid=1217)[0;0m            ^^^^^^^^^^^^^^^^^^^^^
2026-02-12T23:31:45.5268783Z [0;36m(ApiServer_1 pid=1217)[0;0m   File "/usr/local/python3.11.14/lib/python3.11/asyncio/runners.py", line 118, in run
2026-02-12T23:31:45.5269953Z [0;36m(ApiServer_1 pid=1217)[0;0m     return self._loop.run_until_complete(task)
2026-02-12T23:31:45.5270617Z [0;36m(ApiServer_1 pid=1217)[0;0m            ^^^^^^^^^^^^^^^^^^^^^^^^^^^^^^^^^^^
2026-02-12T23:31:45.5271413Z [0;36m(ApiServer_1 pid=1217)[0;0m   File "uvloop/loop.pyx", line 1518, in uvloop.loop.Loop.run_until_complete
2026-02-12T23:31:45.5272505Z [0;36m(ApiServer_1 pid=1217)[0;0m   File "/usr/local/python3.11.14/lib/python3.11/site-packages/uvloop/__init__.py", line 48, in wrapper
2026-02-12T23:31:45.5273332Z [0;36m(ApiServer_1 pid=1217)[0;0m     return await main
2026-02-12T23:31:45.5273803Z [0;36m(ApiServer_1 pid=1217)[0;0m            ^^^^^^^^^^
2026-02-12T23:31:45.5274770Z [0;36m(ApiServer_1 pid=1217)[0;0m   File "/vllm-workspace/vllm/vllm/entrypoints/openai/api_server.py", line 938, in run_server_worker
2026-02-12T23:31:45.5275744Z [0;36m(ApiServer_1 pid=1217)[0;0m     async with build_async_engine_client(
2026-02-12T23:31:45.5276654Z [0;36m(ApiServer_1 pid=1217)[0;0m   File "/usr/local/python3.11.14/lib/python3.11/contextlib.py", line 210, in __aenter__
2026-02-12T23:31:45.5277466Z [0;36m(ApiServer_1 pid=1217)[0;0m     return await anext(self.gen)
2026-02-12T23:31:45.5278025Z [0;36m(ApiServer_1 pid=1217)[0;0m            ^^^^^^^^^^^^^^^^^^^^^
2026-02-12T23:31:45.5278978Z [0;36m(ApiServer_1 pid=1217)[0;0m   File "/vllm-workspace/vllm/vllm/entrypoints/openai/api_server.py", line 147, in build_async_engine_client
2026-02-12T23:31:45.5279990Z [0;36m(ApiServer_1 pid=1217)[0;0m     async with build_async_engine_client_from_engine_args(
2026-02-12T23:31:45.5280928Z [0;36m(ApiServer_1 pid=1217)[0;0m   File "/usr/local/python3.11.14/lib/python3.11/contextlib.py", line 210, in __aenter__
2026-02-12T23:31:45.5281731Z [0;36m(ApiServer_1 pid=1217)[0;0m     return await anext(self.gen)
2026-02-12T23:31:45.5282287Z [0;36m(ApiServer_1 pid=1217)[0;0m            ^^^^^^^^^^^^^^^^^^^^^
2026-02-12T23:31:45.5283480Z [0;36m(ApiServer_1 pid=1217)[0;0m   File "/vllm-workspace/vllm/vllm/entrypoints/openai/api_server.py", line 188, in build_async_engine_client_from_engine_args
2026-02-12T23:31:45.5284591Z [0;36m(ApiServer_1 pid=1217)[0;0m     async_llm = AsyncLLM.from_vllm_config(
2026-02-12T23:31:45.5285300Z [0;36m(ApiServer_1 pid=1217)[0;0m                 ^^^^^^^^^^^^^^^^^^^^^^^^^^
2026-02-12T23:31:45.5286170Z [0;36m(ApiServer_1 pid=1217)[0;0m   File "/vllm-workspace/vllm/vllm/v1/engine/async_llm.py", line 228, in from_vllm_config
2026-02-12T23:31:45.5286903Z [0;36m(ApiServer_1 pid=1217)[0;0m     return cls(
2026-02-12T23:31:45.5287345Z [0;36m(ApiServer_1 pid=1217)[0;0m            ^^^^
2026-02-12T23:31:45.5288073Z [0;36m(ApiServer_1 pid=1217)[0;0m   File "/vllm-workspace/vllm/vllm/v1/engine/async_llm.py", line 155, in __init__
2026-02-12T23:31:45.5288978Z [0;36m(ApiServer_1 pid=1217)[0;0m     self.engine_core = EngineCoreClient.make_async_mp_client(
2026-02-12T23:31:45.5289733Z [0;36m(ApiServer_1 pid=1217)[0;0m                        ^^^^^^^^^^^^^^^^^^^^^^^^^^^^^^^^^^^^^^
2026-02-12T23:31:45.5290791Z [0;36m(ApiServer_1 pid=1217)[0;0m   File "/vllm-workspace/vllm/vllm/v1/engine/core_client.py", line 121, in make_async_mp_client
2026-02-12T23:31:45.5291682Z [0;36m(ApiServer_1 pid=1217)[0;0m     return DPLBAsyncMPClient(*client_args)
2026-02-12T23:31:45.5292313Z [0;36m(ApiServer_1 pid=1217)[0;0m            ^^^^^^^^^^^^^^^^^^^^^^^^^^^^^^^
2026-02-12T23:31:45.5293159Z [0;36m(ApiServer_1 pid=1217)[0;0m   File "/vllm-workspace/vllm/vllm/v1/engine/core_client.py", line 1191, in __init__
2026-02-12T23:31:45.5293892Z [0;36m(ApiServer_1 pid=1217)[0;0m     super().__init__(
2026-02-12T23:31:45.5294749Z [0;36m(ApiServer_1 pid=1217)[0;0m   File "/vllm-workspace/vllm/vllm/v1/engine/core_client.py", line 1032, in __init__
2026-02-12T23:31:45.5295552Z [0;36m(ApiServer_1 pid=1217)[0;0m     super().__init__(
2026-02-12T23:31:45.5296311Z [0;36m(ApiServer_1 pid=1217)[0;0m   File "/vllm-workspace/vllm/vllm/v1/engine/core_client.py", line 819, in __init__
2026-02-12T23:31:45.5297195Z [0;36m(ApiServer_1 pid=1217)[0;0m     super().__init__(
2026-02-12T23:31:45.5297951Z [0;36m(ApiServer_1 pid=1217)[0;0m   File "/vllm-workspace/vllm/vllm/v1/engine/core_client.py", line 530, in __init__
2026-02-12T23:31:45.5298701Z [0;36m(ApiServer_1 pid=1217)[0;0m     raise TimeoutError(
2026-02-12T23:31:45.5299501Z [0;36m(ApiServer_1 pid=1217)[0;0m TimeoutError: Timed out waiting for engines to send initial message on input socket.
2026-02-12T23:31:45.8708774Z [0;36m(ApiServer_1 pid=1217)[0;0m sys:1: DeprecationWarning: builtin type swigvarlink has no __module__ attribute
2026-02-12T23:31:54.5851530Z [0;36m(Worker_DP3_TP0_EP12 pid=1244)[0;0m INFO 02-12 23:31:54 [backends.py:319] Compiling a graph for compile range (1, 8192) takes 44.48 s
2026-02-12T23:31:54.5852808Z [0;36m(Worker_DP3_TP0_EP12 pid=1244)[0;0m INFO 02-12 23:31:54 [monitor.py:34] torch.compile takes 60.35 s in total
2026-02-12T23:31:56.7557109Z [0;36m(Worker_DP1_TP0_EP4 pid=1245)[0;0m INFO 02-12 23:31:56 [backends.py:319] Compiling a graph for compile range (1, 8192) takes 46.03 s
2026-02-12T23:31:56.7558320Z [0;36m(Worker_DP1_TP0_EP4 pid=1245)[0;0m INFO 02-12 23:31:56 [monitor.py:34] torch.compile takes 62.90 s in total
2026-02-12T23:31:57.3133113Z [0;36m(Worker_DP2_TP0_EP8 pid=1243)[0;0m INFO 02-12 23:31:57 [backends.py:319] Compiling a graph for compile range (1, 8192) takes 46.68 s
2026-02-12T23:31:57.3134309Z [0;36m(Worker_DP2_TP0_EP8 pid=1243)[0;0m INFO 02-12 23:31:57 [monitor.py:34] torch.compile takes 64.20 s in total
2026-02-12T23:31:58.2532411Z [0;36m(Worker_DP0_TP0_EP0 pid=1246)[0;0m INFO 02-12 23:31:58 [backends.py:319] Compiling a graph for compile range (1, 8192) takes 47.92 s
2026-02-12T23:31:58.2533524Z [0;36m(Worker_DP0_TP0_EP0 pid=1246)[0;0m INFO 02-12 23:31:58 [monitor.py:34] torch.compile takes 66.32 s in total
2026-02-12T23:32:11.6775723Z [0;36m(Worker_DP1_TP0_EP4 pid=1245)[0;0m INFO 02-12 23:32:11 [worker.py:338] Available memory: 34813291008, total memory: 65787658240
2026-02-12T23:32:11.6777869Z [0;36m(Worker_DP0_TP3_EP3 pid=2149)[0;0m INFO 02-12 23:32:11 [worker.py:338] Available memory: 35284529459, total memory: 65796046848
2026-02-12T23:32:11.7423488Z [0;36m(Worker_DP3_TP0_EP12 pid=1244)[0;0m INFO 02-12 23:32:11 [worker.py:338] Available memory: 34826497536, total memory: 65787658240
2026-02-12T23:32:11.7558781Z [0;36m(Worker_DP2_TP2_EP10 pid=1845)[0;0m INFO 02-12 23:32:11 [worker.py:338] Available memory: 34998047232, total memory: 65787658240
2026-02-12T23:32:11.7712715Z [0;36m(Worker_DP2_TP3_EP11 pid=2164)[0;0m INFO 02-12 23:32:11 [worker.py:338] Available memory: 35277292851, total memory: 65796046848
2026-02-12T23:32:11.7817298Z [0;36m(Worker_DP0_TP1_EP1 pid=1559)[0;0m INFO 02-12 23:32:11 [worker.py:338] Available memory: 35274884403, total memory: 65796046848
2026-02-12T23:32:11.7843568Z [0;36m(Worker_DP2_TP0_EP8 pid=1243)[0;0m INFO 02-12 23:32:11 [worker.py:338] Available memory: 34821671424, total memory: 65787658240
2026-02-12T23:32:11.7868596Z [0;36m(Worker_DP3_TP2_EP14 pid=1860)[0;0m INFO 02-12 23:32:11 [worker.py:338] Available memory: 34994690560, total memory: 65787658240
2026-02-12T23:32:11.8014034Z [0;36m(Worker_DP3_TP3_EP15 pid=2167)[0;0m INFO 02-12 23:32:11 [worker.py:338] Available memory: 35286438195, total memory: 65796046848
2026-02-12T23:32:11.8141889Z [0;36m(Worker_DP3_TP1_EP13 pid=1562)[0;0m INFO 02-12 23:32:11 [worker.py:338] Available memory: 35272818995, total memory: 65796046848
2026-02-12T23:32:11.8170743Z [0;36m(EngineCore_DP3 pid=1177)[0;0m INFO 02-12 23:32:11 [kv_cache_utils.py:1307] GPU KV cache size: 723,584 tokens
2026-02-12T23:32:11.8171846Z [0;36m(EngineCore_DP3 pid=1177)[0;0m INFO 02-12 23:32:11 [kv_cache_utils.py:1312] Maximum concurrency for 40,960 tokens per request: 17.67x
2026-02-12T23:32:12.3322727Z [0;36m(Worker_DP0_TP0_EP0 pid=1246)[0;0m INFO 02-12 23:32:12 [worker.py:338] Available memory: 34829383168, total memory: 65787658240
2026-02-12T23:32:12.6521067Z [0;36m(Worker_DP0_TP2_EP2 pid=1857)[0;0m INFO 02-12 23:32:12 [worker.py:338] Available memory: 34993338880, total memory: 65787658240
2026-02-12T23:32:12.6540887Z [0;36m(EngineCore_DP0 pid=1024)[0;0m INFO 02-12 23:32:12 [kv_cache_utils.py:1307] GPU KV cache size: 723,584 tokens
2026-02-12T23:32:12.6542000Z [0;36m(EngineCore_DP0 pid=1024)[0;0m INFO 02-12 23:32:12 [kv_cache_utils.py:1312] Maximum concurrency for 40,960 tokens per request: 17.67x
2026-02-12T23:32:12.6558035Z [0;36m(Worker_DP1_TP1_EP5 pid=1527)[0;0m INFO 02-12 23:32:12 [worker.py:338] Available memory: 35275826483, total memory: 65796046848
2026-02-12T23:32:12.8498343Z [0;36m(Worker_DP1_TP2_EP6 pid=1871)[0;0m INFO 02-12 23:32:12 [worker.py:338] Available memory: 35010123264, total memory: 65787658240
2026-02-12T23:32:13.0338134Z [0;36m(Worker_DP1_TP3_EP7 pid=2152)[0;0m INFO 02-12 23:32:13 [worker.py:338] Available memory: 35278694707, total memory: 65796046848
2026-02-12T23:32:13.0356964Z [0;36m(EngineCore_DP1 pid=1099)[0;0m INFO 02-12 23:32:13 [kv_cache_utils.py:1307] GPU KV cache size: 723,328 tokens
2026-02-12T23:32:13.0358075Z [0;36m(EngineCore_DP1 pid=1099)[0;0m INFO 02-12 23:32:13 [kv_cache_utils.py:1312] Maximum concurrency for 40,960 tokens per request: 17.66x
2026-02-12T23:32:13.0969472Z [0;36m(Worker_DP2_TP1_EP9 pid=1515)[0;0m INFO 02-12 23:32:13 [worker.py:338] Available memory: 35272393011, total memory: 65796046848
2026-02-12T23:32:13.0995450Z [0;36m(EngineCore_DP2 pid=1138)[0;0m INFO 02-12 23:32:13 [kv_cache_utils.py:1307] GPU KV cache size: 723,456 tokens
2026-02-12T23:32:13.0996564Z [0;36m(EngineCore_DP2 pid=1138)[0;0m INFO 02-12 23:32:13 [kv_cache_utils.py:1312] Maximum concurrency for 40,960 tokens per request: 17.66x
2026-02-12T23:32:16.4165416Z [0;36m(Worker_DP0_TP0_EP0 pid=1246)[0;0m 
2026-02-12T23:32:17.7717875Z Capturing CUDA graphs (decode, FULL):   0%|          | 0/2 [00:00<?, ?it/s][rank12]:[W212 23:32:17.623740464 compiler_depend.ts:207] Warning: Waiting for pending NCCL work to finish before starting graph capture. (function operator())
2026-02-12T23:32:17.7721038Z [rank0]:[W212 23:32:17.623748685 compiler_depend.ts:207] Warning: Waiting for pending NCCL work to finish before starting graph capture. (function operator())
2026-02-12T23:32:17.7723638Z [rank3]:[W212 23:32:17.623748555 compiler_depend.ts:207] Warning: Waiting for pending NCCL work to finish before starting graph capture. (function operator())
2026-02-12T23:32:17.7726106Z [rank1]:[W212 23:32:17.623757155 compiler_depend.ts:207] Warning: Waiting for pending NCCL work to finish before starting graph capture. (function operator())
2026-02-12T23:32:17.7728046Z [rank13]:[W212 23:32:17.623761855 compiler_depend.ts:207] Warning: Waiting for pending NCCL work to finish before starting graph capture. (function operator())
2026-02-12T23:32:17.7730100Z [rank15]:[W212 23:32:17.623761565 compiler_depend.ts:207] Warning: Waiting for pending NCCL work to finish before starting graph capture. (function operator())
2026-02-12T23:32:17.7731366Z [rank5]:[W212 23:32:17.623981937 compiler_depend.ts:207] Warning: Waiting for pending NCCL work to finish before starting graph capture. (function operator())
2026-02-12T23:32:17.7732619Z [rank7]:[W212 23:32:17.624149558 compiler_depend.ts:207] Warning: Waiting for pending NCCL work to finish before starting graph capture. (function operator())
2026-02-12T23:32:17.7733883Z [rank4]:[W212 23:32:17.624735253 compiler_depend.ts:207] Warning: Waiting for pending NCCL work to finish before starting graph capture. (function operator())
2026-02-12T23:32:17.7735393Z [rank14]:[W212 23:32:17.624820314 compiler_depend.ts:207] Warning: Waiting for pending NCCL work to finish before starting graph capture. (function operator())
2026-02-12T23:32:17.7736738Z [rank9]:[W212 23:32:17.625071496 compiler_depend.ts:207] Warning: Waiting for pending NCCL work to finish before starting graph capture. (function operator())
2026-02-12T23:32:17.7737992Z [rank11]:[W212 23:32:17.625161387 compiler_depend.ts:207] Warning: Waiting for pending NCCL work to finish before starting graph capture. (function operator())
2026-02-12T23:32:17.7739445Z [rank8]:[W212 23:32:17.625876104 compiler_depend.ts:207] Warning: Waiting for pending NCCL work to finish before starting graph capture. (function operator())
2026-02-12T23:32:17.7740706Z [rank6]:[W212 23:32:17.626089495 compiler_depend.ts:207] Warning: Waiting for pending NCCL work to finish before starting graph capture. (function operator())
2026-02-12T23:32:17.7741957Z [rank2]:[W212 23:32:17.626463989 compiler_depend.ts:207] Warning: Waiting for pending NCCL work to finish before starting graph capture. (function operator())
2026-02-12T23:32:17.7759507Z [rank10]:[W212 23:32:17.628528597 compiler_depend.ts:207] Warning: Waiting for pending NCCL work to finish before starting graph capture. (function operator())
2026-02-12T23:32:20.5030341Z [rank3]:[W212 23:32:20.355042749 compiler_depend.ts:3667] Warning: Tensor not is not allocated by NPUCachingAllocator, skip eraseStream. (function operator())
2026-02-12T23:32:20.5032537Z [rank0]:[W212 23:32:20.355073820 compiler_depend.ts:3667] Warning: Tensor not is not allocated by NPUCachingAllocator, skip eraseStream. (function operator())
2026-02-12T23:32:20.5039416Z 
2026-02-12T23:32:20.5055769Z Capturing CUDA graphs (decode, FULL):  50%|█████     | 1/2 [00:04<00:04,  4.09s/it][rank1]:[W212 23:32:20.357978786 compiler_depend.ts:3667] Warning: Tensor not is not allocated by NPUCachingAllocator, skip eraseStream. (function operator())
2026-02-12T23:32:20.5057429Z [rank2]:[W212 23:32:20.357989756 compiler_depend.ts:3667] Warning: Tensor not is not allocated by NPUCachingAllocator, skip eraseStream. (function operator())
2026-02-12T23:32:20.5165378Z [rank12]:[W212 23:32:20.368965714 compiler_depend.ts:3667] Warning: Tensor not is not allocated by NPUCachingAllocator, skip eraseStream. (function operator())
2026-02-12T23:32:20.5166683Z [rank14]:[W212 23:32:20.369055805 compiler_depend.ts:3667] Warning: Tensor not is not allocated by NPUCachingAllocator, skip eraseStream. (function operator())
2026-02-12T23:32:20.5173312Z [rank15]:[W212 23:32:20.369891982 compiler_depend.ts:3667] Warning: Tensor not is not allocated by NPUCachingAllocator, skip eraseStream. (function operator())
2026-02-12T23:32:20.5221589Z [rank13]:[W212 23:32:20.374704385 compiler_depend.ts:3667] Warning: Tensor not is not allocated by NPUCachingAllocator, skip eraseStream. (function operator())
2026-02-12T23:32:20.5451752Z [rank7]:[W212 23:32:20.397644700 compiler_depend.ts:3667] Warning: Tensor not is not allocated by NPUCachingAllocator, skip eraseStream. (function operator())
2026-02-12T23:32:20.5453036Z [rank4]:[W212 23:32:20.397782511 compiler_depend.ts:3667] Warning: Tensor not is not allocated by NPUCachingAllocator, skip eraseStream. (function operator())
2026-02-12T23:32:20.5517119Z [rank6]:[W212 23:32:20.404141878 compiler_depend.ts:3667] Warning: Tensor not is not allocated by NPUCachingAllocator, skip eraseStream. (function operator())
2026-02-12T23:32:20.5562259Z [rank5]:[W212 23:32:20.408741919 compiler_depend.ts:3667] Warning: Tensor not is not allocated by NPUCachingAllocator, skip eraseStream. (function operator())
2026-02-12T23:32:20.5684423Z [rank8]:[W212 23:32:20.420988768 compiler_depend.ts:3667] Warning: Tensor not is not allocated by NPUCachingAllocator, skip eraseStream. (function operator())
2026-02-12T23:32:20.5692809Z [rank10]:[W212 23:32:20.421869116 compiler_depend.ts:3667] Warning: Tensor not is not allocated by NPUCachingAllocator, skip eraseStream. (function operator())
2026-02-12T23:32:20.5702016Z [rank11]:[W212 23:32:20.422838215 compiler_depend.ts:3667] Warning: Tensor not is not allocated by NPUCachingAllocator, skip eraseStream. (function operator())
2026-02-12T23:32:20.5709781Z [rank9]:[W212 23:32:20.423609391 compiler_depend.ts:3667] Warning: Tensor not is not allocated by NPUCachingAllocator, skip eraseStream. (function operator())
2026-02-12T23:32:25.0137829Z 
2026-02-12T23:32:25.0138902Z Capturing CUDA graphs (decode, FULL): 100%|██████████| 2/2 [00:08<00:00,  4.34s/it]
2026-02-12T23:32:25.0140175Z Capturing CUDA graphs (decode, FULL): 100%|██████████| 2/2 [00:08<00:00,  4.30s/it]
2026-02-12T23:32:25.6257853Z [0;36m(Worker_DP2_TP0_EP8 pid=1243)[0;0m INFO 02-12 23:32:25 [gpu_model_runner.py:5051] Graph capturing finished in 9 secs, took 0.38 GiB
2026-02-12T23:32:25.6592044Z [0;36m(Worker_DP1_TP0_EP4 pid=1245)[0;0m INFO 02-12 23:32:25 [gpu_model_runner.py:5051] Graph capturing finished in 9 secs, took 0.38 GiB
2026-02-12T23:32:25.6835527Z [0;36m(Worker_DP3_TP0_EP12 pid=1244)[0;0m INFO 02-12 23:32:25 [gpu_model_runner.py:5051] Graph capturing finished in 11 secs, took 0.38 GiB
2026-02-12T23:32:25.7501031Z [0;36m(EngineCore_DP2 pid=1138)[0;0m INFO 02-12 23:32:25 [core.py:272] init engine (profile, create kv cache, warmup model) took 119.56 seconds
2026-02-12T23:32:25.7688618Z [0;36m(Worker_DP0_TP0_EP0 pid=1246)[0;0m INFO 02-12 23:32:25 [gpu_model_runner.py:5051] Graph capturing finished in 10 secs, took 0.38 GiB
2026-02-12T23:32:25.9164455Z [0;36m(EngineCore_DP3 pid=1177)[0;0m INFO 02-12 23:32:25 [core.py:272] init engine (profile, create kv cache, warmup model) took 120.40 seconds
2026-02-12T23:32:26.1820760Z [0;36m(EngineCore_DP0 pid=1024)[0;0m INFO 02-12 23:32:26 [core.py:272] init engine (profile, create kv cache, warmup model) took 119.11 seconds
2026-02-12T23:32:26.6734371Z [0;36m(EngineCore_DP1 pid=1099)[0;0m INFO 02-12 23:32:26 [core.py:272] init engine (profile, create kv cache, warmup model) took 119.51 seconds
2026-02-12T23:32:27.4484817Z INFO 02-12 23:32:27 [coordinator.py:200] All engine subscriptions received by DP coordinator
2026-02-12T23:32:27.4486900Z [0;36m(EngineCore_DP1 pid=1099)[0;0m INFO 02-12 23:32:27 [vllm.py:624] Asynchronous scheduling is enabled.
2026-02-12T23:32:27.4488085Z [0;36m(EngineCore_DP2 pid=1138)[0;0m INFO 02-12 23:32:27 [vllm.py:624] Asynchronous scheduling is enabled.
2026-02-12T23:32:27.4489199Z [0;36m(EngineCore_DP0 pid=1024)[0;0m INFO 02-12 23:32:27 [vllm.py:624] Asynchronous scheduling is enabled.
2026-02-12T23:32:27.4490790Z [0;36m(EngineCore_DP3 pid=1177)[0;0m INFO 02-12 23:32:27 [vllm.py:624] Asynchronous scheduling is enabled.
2026-02-12T23:32:27.4491675Z [0;36m(EngineCore_DP1 pid=1099)[0;0m INFO 02-12 23:32:27 [ascend_config.py:412] Dynamic EPLB is True
2026-02-12T23:32:27.4492635Z [0;36m(EngineCore_DP1 pid=1099)[0;0m INFO 02-12 23:32:27 [ascend_config.py:413] The number of redundant experts is 0
2026-02-12T23:32:27.4495809Z [0;36m(EngineCore_DP1 pid=1099)[0;0m INFO 02-12 23:32:27 [ascend_config.py:54] Linear layer sharding enabled with config: None. Note: This feature works optimally with FLASHCOMM2 and DSA-CP enabled; using it without these features may result in significant performance degradation.
2026-02-12T23:32:27.4497832Z [0;36m(EngineCore_DP2 pid=1138)[0;0m INFO 02-12 23:32:27 [ascend_config.py:412] Dynamic EPLB is True
2026-02-12T23:32:27.4499349Z [0;36m(EngineCore_DP0 pid=1024)[0;0m INFO 02-12 23:32:27 [ascend_config.py:412] Dynamic EPLB is True
2026-02-12T23:32:27.4501091Z [0;36m(EngineCore_DP2 pid=1138)[0;0m INFO 02-12 23:32:27 [ascend_config.py:413] The number of redundant experts is 0
2026-02-12T23:32:27.4502507Z [0;36m(EngineCore_DP0 pid=1024)[0;0m INFO 02-12 23:32:27 [ascend_config.py:413] The number of redundant experts is 0
2026-02-12T23:32:27.4505840Z [0;36m(EngineCore_DP2 pid=1138)[0;0m INFO 02-12 23:32:27 [ascend_config.py:54] Linear layer sharding enabled with config: None. Note: This feature works optimally with FLASHCOMM2 and DSA-CP enabled; using it without these features may result in significant performance degradation.
2026-02-12T23:32:27.4510445Z [0;36m(EngineCore_DP0 pid=1024)[0;0m INFO 02-12 23:32:27 [ascend_config.py:54] Linear layer sharding enabled with config: None. Note: This feature works optimally with FLASHCOMM2 and DSA-CP enabled; using it without these features may result in significant performance degradation.
2026-02-12T23:32:27.4513132Z [0;36m(EngineCore_DP3 pid=1177)[0;0m INFO 02-12 23:32:27 [ascend_config.py:412] Dynamic EPLB is True
2026-02-12T23:32:27.4514989Z [0;36m(EngineCore_DP3 pid=1177)[0;0m INFO 02-12 23:32:27 [ascend_config.py:413] The number of redundant experts is 0
2026-02-12T23:32:27.4517415Z [0;36m(EngineCore_DP3 pid=1177)[0;0m INFO 02-12 23:32:27 [ascend_config.py:54] Linear layer sharding enabled with config: None. Note: This feature works optimally with FLASHCOMM2 and DSA-CP enabled; using it without these features may result in significant performance degradation.
2026-02-12T23:32:27.4519437Z [0;36m(EngineCore_DP1 pid=1099)[0;0m INFO 02-12 23:32:27 [platform.py:322] FULL_DECODE_ONLY compilation enabled on NPU. use_inductor not supported - using only ACL Graph mode
2026-02-12T23:32:27.4520528Z [0;36m(EngineCore_DP1 pid=1099)[0;0m WARNING 02-12 23:32:27 [platform.py:339] [91m
2026-02-12T23:32:27.4521855Z [0;36m(EngineCore_DP1 pid=1099)[0;0m WARNING 02-12 23:32:27 [platform.py:339]             **********************************************************************************
2026-02-12T23:32:27.4523272Z [0;36m(EngineCore_DP1 pid=1099)[0;0m WARNING 02-12 23:32:27 [platform.py:339]             * WARNING: You have enabled the *full graph* feature.
2026-02-12T23:32:27.4525080Z [0;36m(EngineCore_DP1 pid=1099)[0;0m WARNING 02-12 23:32:27 [platform.py:339]             * This is an early experimental stage and may involve various unknown issues.
2026-02-12T23:32:27.4527203Z [0;36m(EngineCore_DP1 pid=1099)[0;0m WARNING 02-12 23:32:27 [platform.py:339]             * A known problem is that capturing too many batch sizes can lead to OOM
2026-02-12T23:32:27.4529617Z [0;36m(EngineCore_DP1 pid=1099)[0;0m WARNING 02-12 23:32:27 [platform.py:339]             * (Out of Memory) errors or inference hangs. If you encounter such issues,
2026-02-12T23:32:27.4531023Z [0;36m(EngineCore_DP1 pid=1099)[0;0m WARNING 02-12 23:32:27 [platform.py:339]             * consider reducing `gpu_memory_utilization` or manually specifying a smaller
2026-02-12T23:32:27.4532984Z [0;36m(EngineCore_DP1 pid=1099)[0;0m WARNING 02-12 23:32:27 [platform.py:339]             * batch size for graph capture.
2026-02-12T23:32:27.4534757Z [0;36m(EngineCore_DP1 pid=1099)[0;0m WARNING 02-12 23:32:27 [platform.py:339]             * For more details, please refer to:
2026-02-12T23:32:27.4537291Z [0;36m(EngineCore_DP1 pid=1099)[0;0m WARNING 02-12 23:32:27 [platform.py:339]             * https://docs.vllm.ai/en/stable/configuration/conserving_memory.html#reduce-cuda-graphs
2026-02-12T23:32:27.4539894Z [0;36m(EngineCore_DP1 pid=1099)[0;0m WARNING 02-12 23:32:27 [platform.py:339]             **********************************************************************************[0m
2026-02-12T23:32:27.4540865Z [0;36m(EngineCore_DP1 pid=1099)[0;0m WARNING 02-12 23:32:27 [platform.py:339]             
2026-02-12T23:32:27.4541618Z INFO 02-12 23:32:27 [utils.py:249] Waiting for API servers to complete ...
2026-02-12T23:32:27.4542735Z [0;36m(EngineCore_DP2 pid=1138)[0;0m INFO 02-12 23:32:27 [platform.py:322] FULL_DECODE_ONLY compilation enabled on NPU. use_inductor not supported - using only ACL Graph mode
2026-02-12T23:32:27.4544826Z [0;36m(EngineCore_DP0 pid=1024)[0;0m INFO 02-12 23:32:27 [platform.py:322] FULL_DECODE_ONLY compilation enabled on NPU. use_inductor not supported - using only ACL Graph mode
2026-02-12T23:32:27.4546500Z [0;36m(EngineCore_DP2 pid=1138)[0;0m WARNING 02-12 23:32:27 [platform.py:339] [91m
2026-02-12T23:32:27.4548175Z [0;36m(EngineCore_DP2 pid=1138)[0;0m WARNING 02-12 23:32:27 [platform.py:339]             **********************************************************************************
2026-02-12T23:32:27.4549954Z [0;36m(EngineCore_DP2 pid=1138)[0;0m WARNING 02-12 23:32:27 [platform.py:339]             * WARNING: You have enabled the *full graph* feature.
2026-02-12T23:32:27.4551219Z [0;36m(EngineCore_DP2 pid=1138)[0;0m WARNING 02-12 23:32:27 [platform.py:339]             * This is an early experimental stage and may involve various unknown issues.
2026-02-12T23:32:27.4552579Z [0;36m(EngineCore_DP2 pid=1138)[0;0m WARNING 02-12 23:32:27 [platform.py:339]             * A known problem is that capturing too many batch sizes can lead to OOM
2026-02-12T23:32:27.4554259Z [0;36m(EngineCore_DP2 pid=1138)[0;0m WARNING 02-12 23:32:27 [platform.py:339]             * (Out of Memory) errors or inference hangs. If you encounter such issues,
2026-02-12T23:32:27.4556542Z [0;36m(EngineCore_DP2 pid=1138)[0;0m WARNING 02-12 23:32:27 [platform.py:339]             * consider reducing `gpu_memory_utilization` or manually specifying a smaller
2026-02-12T23:32:27.4558093Z [0;36m(EngineCore_DP2 pid=1138)[0;0m WARNING 02-12 23:32:27 [platform.py:339]             * batch size for graph capture.
2026-02-12T23:32:27.4559137Z [0;36m(EngineCore_DP2 pid=1138)[0;0m WARNING 02-12 23:32:27 [platform.py:339]             * For more details, please refer to:
2026-02-12T23:32:27.4560442Z [0;36m(EngineCore_DP2 pid=1138)[0;0m WARNING 02-12 23:32:27 [platform.py:339]             * https://docs.vllm.ai/en/stable/configuration/conserving_memory.html#reduce-cuda-graphs
2026-02-12T23:32:27.4562518Z [0;36m(EngineCore_DP2 pid=1138)[0;0m WARNING 02-12 23:32:27 [platform.py:339]             **********************************************************************************[0m
2026-02-12T23:32:27.4563600Z [0;36m(EngineCore_DP2 pid=1138)[0;0m WARNING 02-12 23:32:27 [platform.py:339]             
2026-02-12T23:32:27.4564417Z [0;36m(EngineCore_DP0 pid=1024)[0;0m WARNING 02-12 23:32:27 [platform.py:339] [91m
2026-02-12T23:32:27.4565522Z [0;36m(EngineCore_DP0 pid=1024)[0;0m WARNING 02-12 23:32:27 [platform.py:339]             **********************************************************************************
2026-02-12T23:32:27.4567436Z [0;36m(EngineCore_DP0 pid=1024)[0;0m WARNING 02-12 23:32:27 [platform.py:339]             * WARNING: You have enabled the *full graph* feature.
2026-02-12T23:32:27.4569725Z [0;36m(EngineCore_DP0 pid=1024)[0;0m WARNING 02-12 23:32:27 [platform.py:339]             * This is an early experimental stage and may involve various unknown issues.
2026-02-12T23:32:27.4571810Z [0;36m(EngineCore_DP0 pid=1024)[0;0m WARNING 02-12 23:32:27 [platform.py:339]             * A known problem is that capturing too many batch sizes can lead to OOM
2026-02-12T23:32:27.4574398Z [0;36m(EngineCore_DP0 pid=1024)[0;0m WARNING 02-12 23:32:27 [platform.py:339]             * (Out of Memory) errors or inference hangs. If you encounter such issues,
2026-02-12T23:32:27.4576916Z [0;36m(EngineCore_DP0 pid=1024)[0;0m WARNING 02-12 23:32:27 [platform.py:339]             * consider reducing `gpu_memory_utilization` or manually specifying a smaller
2026-02-12T23:32:27.4579045Z [0;36m(EngineCore_DP0 pid=1024)[0;0m WARNING 02-12 23:32:27 [platform.py:339]             * batch size for graph capture.
2026-02-12T23:32:27.4580913Z [0;36m(EngineCore_DP0 pid=1024)[0;0m WARNING 02-12 23:32:27 [platform.py:339]             * For more details, please refer to:
2026-02-12T23:32:27.4583351Z [0;36m(EngineCore_DP0 pid=1024)[0;0m WARNING 02-12 23:32:27 [platform.py:339]             * https://docs.vllm.ai/en/stable/configuration/conserving_memory.html#reduce-cuda-graphs
2026-02-12T23:32:27.4585638Z [0;36m(EngineCore_DP0 pid=1024)[0;0m WARNING 02-12 23:32:27 [platform.py:339]             **********************************************************************************[0m
2026-02-12T23:32:27.4587196Z [0;36m(EngineCore_DP0 pid=1024)[0;0m WARNING 02-12 23:32:27 [platform.py:339]             
2026-02-12T23:32:27.4589254Z [0;36m(EngineCore_DP3 pid=1177)[0;0m INFO 02-12 23:32:27 [platform.py:322] FULL_DECODE_ONLY compilation enabled on NPU. use_inductor not supported - using only ACL Graph mode
2026-02-12T23:32:27.4591739Z [0;36m(EngineCore_DP1 pid=1099)[0;0m INFO 02-12 23:32:27 [platform.py:447] Set PYTORCH_NPU_ALLOC_CONF=expandable_segments:True
2026-02-12T23:32:27.4593361Z [0;36m(EngineCore_DP3 pid=1177)[0;0m WARNING 02-12 23:32:27 [platform.py:339] [91m
2026-02-12T23:32:27.4595442Z [0;36m(EngineCore_DP3 pid=1177)[0;0m WARNING 02-12 23:32:27 [platform.py:339]             **********************************************************************************
2026-02-12T23:32:27.4597686Z [0;36m(EngineCore_DP3 pid=1177)[0;0m WARNING 02-12 23:32:27 [platform.py:339]             * WARNING: You have enabled the *full graph* feature.
2026-02-12T23:32:27.4600032Z [0;36m(EngineCore_DP3 pid=1177)[0;0m WARNING 02-12 23:32:27 [platform.py:339]             * This is an early experimental stage and may involve various unknown issues.
2026-02-12T23:32:27.4602572Z [0;36m(EngineCore_DP3 pid=1177)[0;0m WARNING 02-12 23:32:27 [platform.py:339]             * A known problem is that capturing too many batch sizes can lead to OOM
2026-02-12T23:32:27.4605351Z [0;36m(EngineCore_DP3 pid=1177)[0;0m WARNING 02-12 23:32:27 [platform.py:339]             * (Out of Memory) errors or inference hangs. If you encounter such issues,
2026-02-12T23:32:27.4607560Z [0;36m(EngineCore_DP3 pid=1177)[0;0m WARNING 02-12 23:32:27 [platform.py:339]             * consider reducing `gpu_memory_utilization` or manually specifying a smaller
2026-02-12T23:32:27.4609715Z [0;36m(EngineCore_DP3 pid=1177)[0;0m WARNING 02-12 23:32:27 [platform.py:339]             * batch size for graph capture.
2026-02-12T23:32:27.4611011Z [0;36m(EngineCore_DP3 pid=1177)[0;0m WARNING 02-12 23:32:27 [platform.py:339]             * For more details, please refer to:
2026-02-12T23:32:27.4612554Z [0;36m(EngineCore_DP3 pid=1177)[0;0m WARNING 02-12 23:32:27 [platform.py:339]             * https://docs.vllm.ai/en/stable/configuration/conserving_memory.html#reduce-cuda-graphs
2026-02-12T23:32:27.4615065Z [0;36m(EngineCore_DP3 pid=1177)[0;0m WARNING 02-12 23:32:27 [platform.py:339]             **********************************************************************************[0m
2026-02-12T23:32:27.4616647Z [0;36m(EngineCore_DP3 pid=1177)[0;0m WARNING 02-12 23:32:27 [platform.py:339]             
2026-02-12T23:32:27.4618223Z [0;36m(EngineCore_DP2 pid=1138)[0;0m INFO 02-12 23:32:27 [platform.py:447] Set PYTORCH_NPU_ALLOC_CONF=expandable_segments:True
2026-02-12T23:32:27.4620181Z [0;36m(EngineCore_DP0 pid=1024)[0;0m INFO 02-12 23:32:27 [platform.py:447] Set PYTORCH_NPU_ALLOC_CONF=expandable_segments:True
2026-02-12T23:32:27.4622126Z [0;36m(EngineCore_DP3 pid=1177)[0;0m INFO 02-12 23:32:27 [platform.py:447] Set PYTORCH_NPU_ALLOC_CONF=expandable_segments:True
2026-02-12T23:32:27.4624013Z ERROR 02-12 23:32:27 [utils.py:290] Exception occurred while running API servers: Process ApiServer_0 (PID: 1216) died with exit code 1
2026-02-12T23:32:27.4625723Z ERROR 02-12 23:32:27 [utils.py:290] Traceback (most recent call last):
2026-02-12T23:32:27.4627016Z ERROR 02-12 23:32:27 [utils.py:290]   File "/vllm-workspace/vllm/vllm/v1/utils.py", line 277, in wait_for_completion_or_failure
2026-02-12T23:32:27.4628140Z ERROR 02-12 23:32:27 [utils.py:290]     raise RuntimeError(
2026-02-12T23:32:27.4629136Z ERROR 02-12 23:32:27 [utils.py:290] RuntimeError: Process ApiServer_0 (PID: 1216) died with exit code 1
2026-02-12T23:32:27.4630261Z INFO 02-12 23:32:27 [utils.py:293] Terminating remaining processes ...
2026-02-12T23:32:27.7525909Z [0;36m(Worker_DP3_TP0_EP12 pid=1244)[0;0m INFO 02-12 23:32:27 [multiproc_executor.py:730] Parent process exited, terminating worker
2026-02-12T23:32:27.7527194Z [0;36m(Worker_DP1_TP0_EP4 pid=1245)[0;0m INFO 02-12 23:32:27 [multiproc_executor.py:730] Parent process exited, terminating worker
2026-02-12T23:32:27.7528752Z [0;36m(Worker_DP0_TP1_EP1 pid=1559)[0;0m INFO 02-12 23:32:27 [multiproc_executor.py:730] Parent process exited, terminating worker
2026-02-12T23:32:27.7529859Z [0;36m(Worker_DP0_TP2_EP2 pid=1857)[0;0m INFO 02-12 23:32:27 [multiproc_executor.py:730] Parent process exited, terminating worker
2026-02-12T23:32:27.7531689Z [0;36m(Worker_DP1_TP3_EP7 pid=2152)[0;0m INFO 02-12 23:32:27 [multiproc_executor.py:730] Parent process exited, terminating worker
2026-02-12T23:32:27.7533637Z [0;36m(Worker_DP3_TP2_EP14 pid=1860)[0;0m INFO 02-12 23:32:27 [multiproc_executor.py:730] Parent process exited, terminating worker
2026-02-12T23:32:27.7536286Z [0;36m(Worker_DP1_TP1_EP5 pid=1527)[0;0m INFO 02-12 23:32:27 [multiproc_executor.py:730] Parent process exited, terminating worker
2026-02-12T23:32:27.7538417Z [0;36m(Worker_DP2_TP2_EP10 pid=1845)[0;0m INFO 02-12 23:32:27 [multiproc_executor.py:730] Parent process exited, terminating worker
2026-02-12T23:32:27.7540472Z [0;36m(Worker_DP3_TP1_EP13 pid=1562)[0;0m INFO 02-12 23:32:27 [multiproc_executor.py:730] Parent process exited, terminating worker
2026-02-12T23:32:27.7542611Z [0;36m(Worker_DP3_TP3_EP15 pid=2167)[0;0m INFO 02-12 23:32:27 [multiproc_executor.py:730] Parent process exited, terminating worker
2026-02-12T23:32:27.7544491Z [0;36m(Worker_DP0_TP0_EP0 pid=1246)[0;0m INFO 02-12 23:32:27 [multiproc_executor.py:730] Parent process exited, terminating worker
2026-02-12T23:32:27.7546731Z [0;36m(Worker_DP2_TP0_EP8 pid=1243)[0;0m INFO 02-12 23:32:27 [multiproc_executor.py:730] Parent process exited, terminating worker
2026-02-12T23:32:27.7548620Z [0;36m(Worker_DP2_TP3_EP11 pid=2164)[0;0m INFO 02-12 23:32:27 [multiproc_executor.py:730] Parent process exited, terminating worker
2026-02-12T23:32:27.7549872Z [0;36m(Worker_DP2_TP1_EP9 pid=1515)[0;0m INFO 02-12 23:32:27 [multiproc_executor.py:730] Parent process exited, terminating worker
2026-02-12T23:32:27.7550981Z [0;36m(Worker_DP0_TP3_EP3 pid=2149)[0;0m INFO 02-12 23:32:27 [multiproc_executor.py:730] Parent process exited, terminating worker
2026-02-12T23:32:27.7552016Z [0;36m(Worker_DP3_TP0_EP12 pid=1244)[0;0m INFO 02-12 23:32:27 [multiproc_executor.py:774] WorkerProc shutting down.
2026-02-12T23:32:27.7552962Z [0;36m(Worker_DP1_TP0_EP4 pid=1245)[0;0m INFO 02-12 23:32:27 [multiproc_executor.py:774] WorkerProc shutting down.
2026-02-12T23:32:27.7553909Z [0;36m(Worker_DP0_TP1_EP1 pid=1559)[0;0m INFO 02-12 23:32:27 [multiproc_executor.py:774] WorkerProc shutting down.
2026-02-12T23:32:27.7555123Z [0;36m(Worker_DP0_TP2_EP2 pid=1857)[0;0m INFO 02-12 23:32:27 [multiproc_executor.py:774] WorkerProc shutting down.
2026-02-12T23:32:27.7556369Z [0;36m(Worker_DP1_TP2_EP6 pid=1871)[0;0m INFO 02-12 23:32:27 [multiproc_executor.py:730] Parent process exited, terminating worker
2026-02-12T23:32:27.7557405Z [0;36m(Worker_DP1_TP3_EP7 pid=2152)[0;0m INFO 02-12 23:32:27 [multiproc_executor.py:774] WorkerProc shutting down.
2026-02-12T23:32:27.7558345Z [0;36m(Worker_DP2_TP2_EP10 pid=1845)[0;0m INFO 02-12 23:32:27 [multiproc_executor.py:774] WorkerProc shutting down.
2026-02-12T23:32:27.7559511Z [0;36m(Worker_DP3_TP1_EP13 pid=1562)[0;0m INFO 02-12 23:32:27 [multiproc_executor.py:774] WorkerProc shutting down.
2026-02-12T23:32:27.7560643Z [0;36m(Worker_DP3_TP2_EP14 pid=1860)[0;0m INFO 02-12 23:32:27 [multiproc_executor.py:774] WorkerProc shutting down.
2026-02-12T23:32:27.7561775Z [0;36m(Worker_DP3_TP3_EP15 pid=2167)[0;0m INFO 02-12 23:32:27 [multiproc_executor.py:774] WorkerProc shutting down.
2026-02-12T23:32:27.7562737Z [0;36m(Worker_DP2_TP3_EP11 pid=2164)[0;0m INFO 02-12 23:32:27 [multiproc_executor.py:774] WorkerProc shutting down.
2026-02-12T23:32:27.7563693Z [0;36m(Worker_DP2_TP0_EP8 pid=1243)[0;0m INFO 02-12 23:32:27 [multiproc_executor.py:774] WorkerProc shutting down.
2026-02-12T23:32:27.7565134Z [0;36m(Worker_DP0_TP3_EP3 pid=2149)[0;0m INFO 02-12 23:32:27 [multiproc_executor.py:774] WorkerProc shutting down.
2026-02-12T23:32:27.7566090Z [0;36m(Worker_DP0_TP0_EP0 pid=1246)[0;0m INFO 02-12 23:32:27 [multiproc_executor.py:774] WorkerProc shutting down.
2026-02-12T23:32:27.7567026Z [0;36m(Worker_DP1_TP1_EP5 pid=1527)[0;0m INFO 02-12 23:32:27 [multiproc_executor.py:774] WorkerProc shutting down.
2026-02-12T23:32:27.7567971Z [0;36m(Worker_DP2_TP1_EP9 pid=1515)[0;0m INFO 02-12 23:32:27 [multiproc_executor.py:774] WorkerProc shutting down.
2026-02-12T23:32:27.7568903Z [0;36m(Worker_DP1_TP2_EP6 pid=1871)[0;0m INFO 02-12 23:32:27 [multiproc_executor.py:774] WorkerProc shutting down.
2026-02-12T23:32:32.7794555Z Traceback (most recent call last):
2026-02-12T23:32:32.7795154Z   File "/usr/local/python3.11.14/bin/vllm", line 7, in <module>
2026-02-12T23:32:32.7798936Z     sys.exit(main())
2026-02-12T23:32:32.7799517Z              ^^^^^^
2026-02-12T23:32:32.7799922Z   File "/vllm-workspace/vllm/vllm/entrypoints/cli/main.py", line 73, in main
2026-02-12T23:32:32.7808681Z     args.dispatch_function(args)
2026-02-12T23:32:32.7809162Z   File "/vllm-workspace/vllm/vllm/entrypoints/cli/serve.py", line 108, in cmd
2026-02-12T23:32:32.7809730Z     run_multi_api_server(args)
2026-02-12T23:32:32.7810375Z   File "/vllm-workspace/vllm/vllm/entrypoints/cli/serve.py", line 282, in run_multi_api_server
2026-02-12T23:32:32.7810952Z     wait_for_completion_or_failure(
2026-02-12T23:32:32.7811457Z   File "/vllm-workspace/vllm/vllm/v1/utils.py", line 277, in wait_for_completion_or_failure
2026-02-12T23:32:32.7811988Z     raise RuntimeError(
2026-02-12T23:32:32.7812360Z RuntimeError: Process ApiServer_0 (PID: 1216) died with exit code 1
2026-02-12T23:32:32.8877670Z [ERROR] 2026-02-12-23:32:32 (PID:980, Device:-1, RankID:-1) ERR99999 UNKNOWN applicaiton exception
2026-02-12T23:32:33.2092100Z sys:1: DeprecationWarning: builtin type swigvarlink has no __module__ attribute
2026-02-12T23:32:35.0210417Z /usr/local/python3.11.14/lib/python3.11/multiprocessing/resource_tracker.py:254: UserWarning: resource_tracker: There appear to be 4 leaked shared_memory objects to clean up at shutdown
2026-02-12T23:32:35.0211505Z   warnings.warn('resource_tracker: There appear to be %d '
2026-02-12T23:32:37.7341221Z FAILED
2026-02-12T23:32:37.7341440Z 
2026-02-12T23:32:37.7341625Z =================================== FAILURES ===================================
2026-02-12T23:32:37.7342153Z ________________ test_models[vllm-ascend/Qwen3-235B-A22B-W8A8] _________________
2026-02-12T23:32:37.7342527Z 
2026-02-12T23:32:37.7342652Z model = 'vllm-ascend/Qwen3-235B-A22B-W8A8'
2026-02-12T23:32:37.7342889Z 
2026-02-12T23:32:37.7343007Z     @pytest.mark.asyncio
2026-02-12T23:32:37.7343366Z     @pytest.mark.parametrize("model", MODELS)
2026-02-12T23:32:37.7343760Z     async def test_models(model: str) -> None:
2026-02-12T23:32:37.7344228Z         port = get_open_port()
2026-02-12T23:32:37.7345025Z         env_dict = {
2026-02-12T23:32:37.7345302Z             "OMP_NUM_THREADS": "10",
2026-02-12T23:32:37.7345601Z             "OMP_PROC_BIND": "false",
2026-02-12T23:32:37.7345908Z             "HCCL_BUFFSIZE": "1024",
2026-02-12T23:32:37.7346270Z             "PYTORCH_NPU_ALLOC_CONF": "expandable_segments:True",
2026-02-12T23:32:37.7346693Z             "VLLM_ASCEND_ENABLE_FLASHCOMM1": "1"
2026-02-12T23:32:37.7347004Z         }
2026-02-12T23:32:37.7347252Z         additional_config: dict[str, Any] = {}
2026-02-12T23:32:37.7347682Z         compilation_config = {"cudagraph_mode": "FULL_DECODE_ONLY"}
2026-02-12T23:32:37.7348080Z         server_args = [
2026-02-12T23:32:37.7348402Z             "--quantization", "ascend", "--async-scheduling",
2026-02-12T23:32:37.7348872Z             "--data-parallel-size", "4", "--tensor-parallel-size", "4",
2026-02-12T23:32:37.7349331Z             "--enable-expert-parallel", "--port",
2026-02-12T23:32:37.7349791Z             str(port), "--max-model-len", "40960", "--max-num-batched-tokens",
2026-02-12T23:32:37.7350301Z             "8192", "--max-num-seqs", "12", "--trust-remote-code",
2026-02-12T23:32:37.7350716Z             "--gpu-memory-utilization", "0.9"
2026-02-12T23:32:37.7351021Z         ]
2026-02-12T23:32:37.7351248Z         env_dict["DYNAMIC_EPLB"] = "true"
2026-02-12T23:32:37.7351579Z         additional_config["eplb_config"] = {
2026-02-12T23:32:37.7351911Z             "dynamic_eplb": True,
2026-02-12T23:32:37.7352222Z             "expert_heat_collection_interval": 512,
2026-02-12T23:32:37.7352596Z             "algorithm_execution_interval": 100,
2026-02-12T23:32:37.7352930Z             "num_redundant_experts": 0
2026-02-12T23:32:37.7353227Z         }
2026-02-12T23:32:37.7353430Z         server_args.extend(
2026-02-12T23:32:37.7353712Z             ["--compilation-config",
2026-02-12T23:32:37.7354052Z              json.dumps(compilation_config)])
2026-02-12T23:32:37.7354811Z         server_args.extend(["--additional-config", json.dumps(additional_config)])
2026-02-12T23:32:37.7355394Z         request_keyword_args: dict[str, Any] = {
2026-02-12T23:32:37.7355740Z             **api_keyword_args,
2026-02-12T23:32:37.7355996Z         }
2026-02-12T23:32:37.7356232Z >       with RemoteOpenAIServer(model,
2026-02-12T23:32:37.7356559Z                                 server_args,
2026-02-12T23:32:37.7356877Z                                 server_port=port,
2026-02-12T23:32:37.7357226Z                                 env_dict=env_dict,
2026-02-12T23:32:37.7357579Z                                 auto_port=False) as server:
2026-02-12T23:32:37.7357849Z 
2026-02-12T23:32:37.7358097Z tests/e2e/nightly/single_node/models/test_qwen3_235b_a22b_w8a8_eplb.py:87: 
2026-02-12T23:32:37.7358629Z _ _ _ _ _ _ _ _ _ _ _ _ _ _ _ _ _ _ _ _ _ _ _ _ _ _ _ _ _ _ _ _ _ _ _ _ _ _ _ _ 
2026-02-12T23:32:37.7359044Z tests/e2e/conftest.py:306: in __init__
2026-02-12T23:32:37.7359382Z     self._wait_for_multiple_servers(
2026-02-12T23:32:37.7359752Z _ _ _ _ _ _ _ _ _ _ _ _ _ _ _ _ _ _ _ _ _ _ _ _ _ _ _ _ _ _ _ _ _ _ _ _ _ _ _ _ 
2026-02-12T23:32:37.7360043Z 
2026-02-12T23:32:37.7360299Z self = <tests.e2e.conftest.RemoteOpenAIServer object at 0xffff13091e50>
2026-02-12T23:32:37.7360883Z targets = [('0.0.0.0', 'http://0.0.0.0:55941/health')], timeout = 2800
2026-02-12T23:32:37.7361305Z log_interval = 30.0
2026-02-12T23:32:37.7361452Z 
2026-02-12T23:32:37.7361564Z     def _wait_for_multiple_servers(self,
2026-02-12T23:32:37.7361891Z                                    targets,
2026-02-12T23:32:37.7362220Z                                    timeout: float,
2026-02-12T23:32:37.7362575Z                                    log_interval: float = 30.0):
2026-02-12T23:32:37.7362916Z         """
2026-02-12T23:32:37.7363132Z         targets: List[(node_ip, url)]
2026-02-12T23:32:37.7363436Z         log_interval
2026-02-12T23:32:37.7363654Z         """
2026-02-12T23:32:37.7363869Z         start = time.time()
2026-02-12T23:32:37.7364190Z         client = requests
2026-02-12T23:32:37.7364439Z     
2026-02-12T23:32:37.7364802Z         ready = {node_ip: False for node_ip, _ in targets}
2026-02-12T23:32:37.7365303Z     
2026-02-12T23:32:37.7365498Z         last_log_time = 0.0
2026-02-12T23:32:37.7365752Z     
2026-02-12T23:32:37.7365946Z         while True:
2026-02-12T23:32:37.7366172Z             now = time.time()
2026-02-12T23:32:37.7366450Z             all_ready = True
2026-02-12T23:32:37.7366778Z             should_log = (now - last_log_time) >= log_interval
2026-02-12T23:32:37.7367138Z     
2026-02-12T23:32:37.7367342Z             for node_ip, url in targets:
2026-02-12T23:32:37.7367658Z                 if ready[node_ip]:
2026-02-12T23:32:37.7367932Z                     continue
2026-02-12T23:32:37.7368184Z     
2026-02-12T23:32:37.7368364Z                 try:
2026-02-12T23:32:37.7368617Z                     resp = client.get(url)
2026-02-12T23:32:37.7368953Z                     if resp.status_code == 200:
2026-02-12T23:32:37.7369288Z                         ready[node_ip] = True
2026-02-12T23:32:37.7369684Z                         logger.info(f"[READY] Node {node_ip} is ready.")
2026-02-12T23:32:37.7370084Z                 except RequestException:
2026-02-12T23:32:37.7370402Z                     all_ready = False
2026-02-12T23:32:37.7370690Z                     if should_log:
2026-02-12T23:32:37.7371053Z                         logger.debug(f"[WAIT] {url}: connection failed")
2026-02-12T23:32:37.7371419Z     
2026-02-12T23:32:37.7371637Z                     # check unexpected exit
2026-02-12T23:32:37.7371963Z                     result = self._poll()
2026-02-12T23:32:37.7372303Z                     if result is not None and result != 0:
2026-02-12T23:32:37.7372666Z >                       raise RuntimeError(
2026-02-12T23:32:37.7373031Z                             f"Server at {node_ip} exited unexpectedly."
2026-02-12T23:32:37.7373410Z                         ) from None
2026-02-12T23:32:37.7373773Z E                       RuntimeError: Server at 0.0.0.0 exited unexpectedly.
2026-02-12T23:32:37.7374293Z 
2026-02-12T23:32:37.7374416Z tests/e2e/conftest.py:399: RuntimeError
2026-02-12T23:32:37.7374932Z ------------------------------ Captured log call -------------------------------
2026-02-12T23:32:37.7377830Z INFO     tests.e2e.conftest:conftest.py:241 Starting server with command: vllm serve vllm-ascend/Qwen3-235B-A22B-W8A8 --quantization ascend --async-scheduling --data-parallel-size 4 --tensor-parallel-size 4 --enable-expert-parallel --port 55941 --max-model-len 40960 --max-num-batched-tokens 8192 --max-num-seqs 12 --trust-remote-code --gpu-memory-utilization 0.9 --compilation-config {"cudagraph_mode": "FULL_DECODE_ONLY"} --additional-config {"eplb_config": {"dynamic_eplb": true, "expert_heat_collection_interval": 512, "algorithm_execution_interval": 100, "num_redundant_experts": 0}}
2026-02-12T23:32:37.7380667Z =============================== warnings summary ===============================
2026-02-12T23:32:37.7381083Z <frozen importlib._bootstrap>:241
2026-02-12T23:32:37.7381690Z   <frozen importlib._bootstrap>:241: DeprecationWarning: builtin type SwigPyPacked has no __module__ attribute
2026-02-12T23:32:37.7382232Z 
2026-02-12T23:32:37.7382340Z <frozen importlib._bootstrap>:241
2026-02-12T23:32:37.7382928Z   <frozen importlib._bootstrap>:241: DeprecationWarning: builtin type SwigPyObject has no __module__ attribute
2026-02-12T23:32:37.7383468Z 
2026-02-12T23:32:37.7383883Z ../../usr/local/python3.11.14/lib/python3.11/site-packages/transformers/models/auto/image_processing_auto.py:647
2026-02-12T23:32:37.7385733Z   /usr/local/python3.11.14/lib/python3.11/site-packages/transformers/models/auto/image_processing_auto.py:647: FutureWarning: The image_processor_class argument is deprecated and will be removed in v4.42. Please use `slow_image_processor_class`, or `fast_image_processor_class` instead
2026-02-12T23:32:37.7387103Z     warnings.warn(
2026-02-12T23:32:37.7387257Z 
2026-02-12T23:32:37.7387591Z ../../usr/local/python3.11.14/lib/python3.11/site-packages/torch_npu/dynamo/torchair/__init__.py:8
2026-02-12T23:32:37.7389067Z   /usr/local/python3.11.14/lib/python3.11/site-packages/torch_npu/dynamo/torchair/__init__.py:8: DeprecationWarning: pkg_resources is deprecated as an API. See https://setuptools.pypa.io/en/latest/pkg_resources.html
2026-02-12T23:32:37.7390149Z     import pkg_resources
2026-02-12T23:32:37.7390329Z 
2026-02-12T23:32:37.7390566Z -- Docs: https://docs.pytest.org/en/stable/how-to/capture-warnings.html
2026-02-12T23:32:37.7391093Z =========================== short test summary info ============================
2026-02-12T23:32:37.7392154Z FAILED tests/e2e/nightly/single_node/models/test_qwen3_235b_a22b_w8a8_eplb.py::test_models[vllm-ascend/Qwen3-235B-A22B-W8A8] - RuntimeError: Server at 0.0.0.0 exited unexpectedly.
2026-02-12T23:32:37.7393173Z ================== 1 failed, 4 warnings in 716.33s (0:11:56) ===================
2026-02-12T23:32:39.6008801Z ##[error]Error: failed to run script step: Error: command terminated with non-zero exit code: command terminated with exit code 1
2026-02-12T23:32:39.6062044Z ##[error]Process completed with exit code 1.
2026-02-12T23:32:39.6163775Z ##[error]Executing the custom container implementation failed. Please contact your self hosted runner administrator.
2026-02-12T23:32:39.6228170Z ##[group]Run '/home/runner/k8s/index.js'
2026-02-12T23:32:39.6229263Z shell: /home/runner/externals/node20/bin/node {0}
2026-02-12T23:32:39.6229619Z ##[endgroup]
2026-02-12T23:32:40.2687180Z Cleaning up orphan processes
